DATETIME,TEAM,BOAT,ANGLE_CA1_deg,ANGLE_CA2_deg,ANGLE_CA3_deg,ANGLE_CA4_deg,ANGLE_CA5_deg,ANGLE_CA6_deg,ANGLE_DB_CANT_P_deg,ANGLE_DB_CANT_S_deg,ANGLE_DB_RAKE_P_deg,ANGLE_DB_RAKE_S_deg,ANGLE_RUDDER_deg,ANGLE_RUD_RAKE_P_deg,ANGLE_RUD_RAKE_S_deg,ANGLE_WING_ROT_deg,ANGLE_WING_TWIST_deg,AWA_SGP_deg,AWS_SGP_km_h_1,BOAT_SPEED_km_h_1,BROADCAST_MODE_unk,CURRENT_DIRECTION_deg,CURRENT_MAGNITUDE_km_h_1,DISTANCE_RACE_LEG_m,DISTANCE_RACE_m,GPS_COG_deg,GPS_SOG_km_h_1,HEADING_deg,HEEL_deg,LATITUDE_GPS_unk,LEEWAY_deg,LENGTH_DB_H_P_mm,LENGTH_DB_H_S_mm,LENGTH_RH_BOW_mm,LENGTH_RH_P_mm,LENGTH_RH_S_mm,LONGITUDE_GPS_unk,PC_BEACON_NUMBER_unk,PC_DTB_m,PC_DTL_m,PC_DTO_m,PC_TTS_s,PER_JIB_LEAD_pct,PER_JIB_SHEET_pct,PITCH_deg,RATE_PITCH_deg_s_1,RATE_ROLL_deg_s_1,RATE_YAW_deg_s_1,TIME_RACE_LEG_s,TIME_RACE_s,TRK_BOAT_RACE_STATUS_unk,TRK_LEG_NUM_TOT_unk,TRK_LEG_NUM_unk,TRK_PENALTY_COUNT_unk,TRK_PENALTY_DISTANCE_m,TRK_RACE_NUM_unk,TWA_SGP_deg,TWD_SGP_deg,TWS_SGP_km_h_1,VMG_km_h_1
2024-06-01 19:05:31+00:00,ESP,ESP,-0.1998038919802682,0.027162904605029643,0.0,0.08193107395153175,-0.06210560411605146,0.18003019684632632,6.44351828727658,-10.8060704604075,2.980005942659178,2.416168405211974,8.592646487687784,2.402086604200158,2.395472974715518,-3.8746513982154496,0.37983407682040243,-7.046911072377256,24.9858352661133,3.1643320083618183,1.0,328.004699190662,0.128745093941689,0.0,0.0,37.0220363582461,3.21265339851379,9.900834326967601,0.04599921163727194,44.6503433,0.99998313022412,4.490084759891035,1819.6850538253798,201.331496238708,-37.9141271114349,0.390426575904712,-63.5631842,-2.0,332.712707519531,-200.800506591797,435.734588623047,149.940002441406,67.1945452690124,60.0220382213592,0.408993128222752,0.747987462943025,1.68197175587778,0.33179444355214543,0.0,0.0,1.0,7.0,0.0,0.0,0.0,24060101.0,-8.207097250079375,1.4351635105496,21.7673767089844,3.11217190772295
2024-06-01 19:05:32+00:00,ESP,ESP,-0.19404673086494978,0.023337587624502575,0.0,0.0318351001758515,-0.1102607149390388,0.220475974435542,6.443371438209425,-10.80636415854185,2.980726869126074,2.41725069137464,5.909151180484635,2.402355756342142,2.39574400515952,-6.576556156977216,0.41452269729636343,-6.501305060060787,24.3591270446777,3.1197930049896243,1.0,327.977678962305,0.128469899296761,0.0,0.0,31.2507792265846,3.1781179189682,10.369326393648901,-0.1133981116414738,44.6503504,0.99998313022412,4.431135021150114,1819.596886634826,124.996453523636,-5.88889326900244,-38.2925942540169,-63.563177,-2.0,332.532287597656,-200.796997070312,458.255706787109,148.940002441406,67.1945452690124,60.0123703479767,0.08099864307306595,-0.43599269258904,-1.82596932577628,0.44439253927160144,0.0,0.0,1.0,7.0,0.0,0.0,0.0,24060101.0,-7.597487840239562,1.5779427454549,21.171780395507803,3.0823173093795786
2024-06-01 19:05:33+00:00,ESP,ESP,-0.1959662541455614,0.03289912758868444,0.0,0.016422800825327537,-0.09099912791235308,-0.10309272889186487,6.4435185007199856,-10.8062173094747,2.980005942659178,2.41797204472836,3.29027575941045,2.4023553294553137,2.395201944271514,-3.2856718917447423,0.0928735225856536,-6.848330237825671,24.3884365081787,3.12790108680725,1.0,327.952516545403,0.128219099342823,0.0,0.0,36.9366453332426,3.17967445850372,11.1483124566966,-0.002399964389719822,44.6503577,0.99998313022412,4.42131003364921,1819.6556806564338,144.414976239204,-29.8597067594528,-93.9537733793259,-63.5631701,-2.0,332.342803955078,-201.494506835938,445.780395507812,147.940002441406,67.200356721878,60.0143074989319,0.5359910109475375,0.689988431358186,1.38797672178175,1.0327826804582128,0.0,0.0,1.0,7.0,0.0,0.0,0.0,24060101.0,-8.003461477900427,1.69965170054436,21.2538697242737,3.0965880346298196
2024-06-01 19:05:34+00:00,ESP,ESP,-0.19596554978230318,0.023338288819460103,0.0,-0.014407423026754695,-0.11796686919999902,0.02595064607895156,6.4439599016951,-10.80577676227315,2.980366790090766,2.41797204472836,4.185999253605495,2.402624566974662,2.394388682184778,-5.658755378294912,0.2219161918591904,-5.9529672282084105,24.1677640914917,3.1726500749588,1.0,327.926397902017,0.127964906394482,0.0,0.0,34.6321873186045,3.25231382846832,12.08579775518955,0.28479522285127457,44.6503646,0.99998313022412,4.460609890520575,1819.6557044982922,164.093986153603,27.9043335467577,60.4368411004543,-63.5631627,-2.0,331.357696533203,-202.288192749023,444.980895996094,146.940002441406,67.1906769275665,60.0123703479767,0.1564973763685782,-0.0439992615451623,0.391993414368612,0.8377859236405681,0.0,0.0,1.0,7.0,0.0,0.0,0.0,24060101.0,-6.995726061624007,2.01827885138669,21.0375051498413,3.1496356487274157
2024-06-01 19:05:35+00:00,ESP,ESP,-0.19596484541904496,0.027162904605029636,0.0,-0.04716155208598688,-0.1449352214694102,0.035579941819854737,6.443813052627945,-10.80621730947465,2.980005942659178,2.41869339808208,9.124827933945324,2.402086604200158,2.395201858894152,-7.7037803540090435,0.23154478423735142,-5.759236340231718,24.1310010910034,3.3735425090789803,1.0,327.895607409238,0.127692809700966,0.0,0.0,37.1117167420484,3.37710735797882,13.155279447600751,0.315394723796983,44.6503719,0.99998313022412,4.440960101783277,1819.734072685244,95.1162576675415,-40.015134960413,-92.790313065052,-63.5631548,-2.0,330.350891113281,-202.886795043945,444.268493652344,146.039993286133,67.1945452690124,60.010439157486,-0.038999341291667905,-0.939984293955495,-1.29197830627551,0.9939833052941947,0.0,0.0,1.0,7.0,0.0,0.0,0.0,24060101.0,-6.853520242443868,2.55314306788416,20.58673095703125,3.3725660562515287
2024-06-01 19:05:36+00:00,ESP,ESP,-0.19596554978230318,0.021425980593170003,0.0,-0.06257596536004865,-0.1218196615169268,0.18002885882294012,6.44337165165283,-10.80636415854185,2.980005942659178,2.4255474502255083,10.82538965047485,2.4023555428987278,2.396286151424892,-5.558811952245784,0.3759944059372002,-6.822091212355419,23.6814319610596,3.695885667800904,1.0,327.864297822083,0.127406711876392,0.0,0.0,35.8803395026272,3.76851825714111,13.1832785274427,-0.27579538140272486,44.6503798,0.99998313022412,4.39183507114649,1819.6164846420277,154.812693595886,-36.6202145814896,-88.471069931984,-63.5631466,-2.0,330.736999511719,-202.781692504883,431.895812988281,145.039993286133,67.1984195709228,60.0085079669952,0.4209929301610315,0.817986229765077,1.15598059544239,-0.1503974853320021,0.0,0.0,1.0,7.0,0.0,0.0,0.0,24060101.0,-8.259315583076685,2.97792235076419,20.00916509628295,3.646859607696533
2024-06-01 19:05:37+00:00,ESP,ESP,-0.199803195621138,0.02142528006522314,0.0,-0.08954927085062965,-0.15649417471740482,0.24358661051532504,6.443813052627945,-10.80621730947465,2.97964547942573,2.420497293730564,9.68485051192032,2.4018179643223663,2.394659712628782,-5.792267561944723,0.4433898088045051,-5.488452380680824,23.5947738647461,3.5840456199645976,1.0,327.843588688519,0.127158500254154,0.0,0.0,33.8869146424132,3.62290821075439,14.123763559641748,-0.013999766704623818,44.6503878,0.99998313022412,4.401660151779653,1819.685053825378,113.844677805901,4.97629353776574,43.8119806349278,-63.5631383,-2.0,329.604187011719,-203.67399597168,430.548889160156,143.940002441406,67.1926140785217,60.0123703479767,0.3519941190417245,-0.121997957468712,-1.15998052497508,1.2149795987382335,0.0,0.0,1.0,7.0,0.0,0.0,0.0,24060101.0,-6.646234587927194,3.39833180667928,20.0443857192993,3.5481542037083553
2024-06-01 19:05:38+00:00,ESP,ESP,-0.1978843686996566,0.030986119501458142,0.0,-0.0953294184873521,-0.11989326802650549,-0.12427971689710784,6.44366620356079,-10.8068047057433,2.978924126072014,2.427712107928214,9.880806504773846,2.402086604200158,2.395472889338154,-2.5082496858848655,0.07360464485104673,-4.115872762245965,24.0135932922363,3.512160487174986,1.0,327.815311705356,0.126883600652218,0.0,0.0,36.2635028697812,3.55296928882599,14.2027619544689,0.12539790253238883,44.6503957,0.99998313022412,4.460609890520575,1819.645881652832,93.759261071682,-35.5412811040878,-22.0068357884884,-63.5631304,-2.0,329.412811279297,-204.313095092773,452.932586669922,143.039993286133,67.1868026256561,60.0123703479767,0.2374960061014308,-0.109998162200539,0.994983325029965,-0.2705954574605437,0.0,0.0,1.0,7.0,0.0,0.0,0.0,24060101.0,-4.99539536789486,4.08898196597417,20.66298122406005,3.5023334741592396
2024-06-01 19:05:39+00:00,ESP,ESP,-0.268889110328661,-0.09521952914794087,0.0,-0.2513971346024758,-0.21428158249576504,-0.24947255271300986,6.443813052627945,-10.80665785667615,2.97964547942573,2.416889972009102,8.73186367221922,2.402624268153884,2.3957440051595222,-3.696889364452202,0.019416546943480297,-2.774971902691086,24.4185544967651,3.617235231399538,1.0,327.798400156971,0.126653105020523,0.0,0.0,31.9965061103558,3.70922770500183,14.50525737243045,-0.4553923761689858,44.6504034,0.99998313022412,4.460609983652832,1819.65572834015,123.483046889305,-52.7067594230175,-38.3577309548855,-63.5631225,-2.0,328.908508300781,-203.79280090332,440.2080078125,141.940002441406,67.1906769275665,60.0143074989319,0.002499955957930483,0.203996579589896,-0.693988360890874,0.506991495155118,0.0,0.0,1.0,7.0,0.0,0.0,0.0,24060101.0,-3.430440739410924,5.00840610986745,20.85550031661985,3.6062508916854883
2024-06-01 19:05:40+00:00,ESP,ESP,-8.633933359050587,-9.121725320514843,0.0,-9.08713109538765,-9.129699566370832,-9.53871690708058,6.443223735368621,-10.80621730947465,2.9792848027488725,2.419415092945258,6.43607786339291,2.402624268153884,2.394659712628782,5.165266740242086,-0.9047833772752701,-1.3581326264180307,24.4227705001831,3.4646697664260864,1.0,327.778674570648,0.126410096883774,0.0,0.0,28.7314058946175,3.49522347450256,14.887250215915401,-0.36739384774257616,44.6504115,0.99998313022412,4.44096000865102,1819.7634696960456,158.829525113106,43.6486154794693,-35.930223762989,-63.5631156,-2.0,329.187713623047,-204.967102050781,439.306396484375,140.940002441406,67.2022938728332,60.0085079669952,0.45749232716745547,-0.0799986573548405,-0.176997028563821,0.41419303127916207,0.0,0.0,1.0,7.0,0.0,0.0,0.0,24060101.0,-1.7508189421335978,5.97906478338548,21.0209904670715,3.429487502574922
2024-06-01 19:05:41+00:00,ESP,ESP,-9.288442041927851,-9.186861248779943,0.0,-9.026398760835189,-9.347589089573953,-8.884606253477205,6.443076886301466,-10.80695155481045,2.9792848027488725,2.4226616953011777,-1.0722418825785445,2.402893206852454,2.3946597126287825,6.2921093431427195,0.4038352014812684,0.9731106100444368,24.4688993453979,3.224556484222412,1.0,327.762910494043,0.126184496283531,0.0,0.0,27.4552072463154,3.28943109512329,15.436741495963851,-0.4503924442428052,44.6504191,0.99998313022412,4.391835164278747,1819.6949481964118,172.156393527985,39.2010994255543,38.7246161699295,-63.5631094,-2.0,328.554595947266,-203.134094238281,427.307708740234,139.940002441406,67.1964824199676,59.979510307312,0.4509924550170495,0.41899293871426,0.170997120924575,0.5851901708800354,0.0,0.0,1.0,7.0,0.0,0.0,0.0,24060101.0,0.9671536685639381,7.26500413521764,21.2408706665039,3.1802585363388065
2024-06-01 19:05:42+00:00,ESP,ESP,-9.2281680130687,-9.07064506778799,0.0,-9.096638035693388,-9.251944755343157,-8.878759782302405,6.443076886301466,-10.8068047057433,2.97964547942573,2.4158077285351163,-5.889712888993605,2.402624481597298,2.394659712628782,6.773134721573614,0.3494082040858724,1.99337886315888,24.0776453018188,3.017955236434938,1.0,327.753512153745,0.125988104939461,0.0,0.0,24.3142645017623,3.09575157165527,16.5122239364477,-0.45999230180168454,44.6504264,0.99998313022412,4.401660151779653,1819.6753025054938,141.562223434448,-36.9034595787525,-125.09123980999,-63.5631044,-2.0,330.029113769531,-204.271194458008,437.850189208984,138.940002441406,67.1945452690124,59.9737107753754,0.156997367560164,-0.51099147804866,0.58899010393609,1.2721786337443621,0.0,0.0,1.0,7.0,0.0,0.0,0.0,24060101.0,2.135578727267832,8.72191848990086,21.0637281417847,3.0031416995184754
2024-06-01 19:05:43+00:00,ESP,ESP,-9.191231203810919,-9.074518297311574,0.0,-9.110298926297599,-9.169985046623946,-8.867065132405509,6.44366620356079,-10.80695155481045,2.980005942659178,2.4085927008940557,-7.387490344490305,2.4034310842495934,2.394930828450148,5.957947887528549,0.324166204807544,2.2177415060488057,24.0021417617798,2.925477519035342,1.0,327.744277737987,0.125810810923576,0.0,0.0,27.0999298339953,2.97511439323425,18.29769258832335,-0.2773953425436296,44.6504332,0.99998313022412,4.411485046148304,1819.6262836456299,133.436411619186,-30.5262859910727,15.2178257703781,-63.5630994,-2.0,328.330902099609,-203.706497192383,425.688110351562,137.940002441406,67.1945452690124,59.9640429019928,0.23949599421314852,0.0709988025660776,-0.0719987849492498,1.8735686579700057,0.0,0.0,1.0,7.0,0.0,0.0,0.0,24060101.0,2.3868066599418762,10.2700602662333,21.183594131469697,2.9136893177032466
2024-06-01 19:05:44+00:00,ESP,ESP,-9.18151269839564,-9.119061546738543,0.0,-9.014696085466014,-9.117308578688053,-8.82808063243455,6.442782334393505,-10.8070984038776,2.980005942659178,2.410396767297266,-5.1615767305429845,2.402355628276092,2.3941175663634118,5.860293172492924,0.3534320712971678,0.534149527247268,24.4264165878296,2.7780346441268917,1.0,327.714498113206,0.125620105862617,0.0,0.0,29.0126901601115,2.82968094348907,19.947665654991553,-0.3085948275831564,44.6504397,0.99998313022412,4.539209604263307,1819.6753025054938,153.946757316589,-20.385853946209,-24.3721716105938,-63.5630945,-2.0,328.650512695312,-203.891296386719,425.339813232422,136.940002441406,67.1926140785217,59.9563121795654,0.37299372240791395,0.113998085063121,0.250995791619629,1.479975122377931,0.0,0.0,1.0,7.0,0.0,0.0,0.0,24060101.0,0.4762539109963633,11.7301233381239,21.8262720108032,2.7546146106719975
2024-06-01 19:05:45+00:00,ESP,ESP,-18.498718715975162,-19.255877287360182,0.0,-19.289543972798082,-19.377827924424544,-19.9963517556596,6.443223735368621,-10.80665785667615,2.97964547942573,2.410036090620408,-3.8739393296501303,2.402893206852454,2.39411748098605,11.2362560941477,-1.4976328902740457,-0.409443261034429,24.8693046569824,2.6415156126022343,1.0,327.672396827162,0.125488597154617,0.0,0.0,32.9244521958992,2.69583721160889,21.3116433331857,-0.28019529621806,44.6504456,0.99998313022412,4.470434878021481,1819.596934318542,138.851329684258,128.271207213402,-69.0720230340958,-63.5630891,-2.0,327.058288574219,-203.396392822266,424.752990722656,135.940002441406,67.1926140785217,59.9311828613281,0.291995096010114,-0.162997275199411,-1.58097332173398,1.4989747876582018,0.0,0.0,1.0,7.0,0.0,0.0,0.0,24060101.0,-0.5777604498494323,12.969964889474,22.03526372909545,2.6368264044032377
2024-06-01 19:05:46+00:00,ESP,ESP,-19.84958396775546,-19.6152927697889,0.0,-19.526475721897757,-19.80323806065178,-19.525024306699116,6.44425445360306,-10.806511007609,2.980366405892626,2.4197759403768457,-0.904129162546659,2.40262405471047,2.394659712628782,12.902487743116179,0.3245596877367604,-0.7513631905588111,24.6135789871216,2.542584285736084,1.0,327.63488542824,0.125366006791592,0.0,0.0,29.4934705908833,2.62046542167664,22.6981205082795,-0.22159628554198257,44.6504512,0.99998313022412,4.440960008651022,1819.6360588073737,144.428387284279,64.0410929918289,-10.5800908058882,-63.5630838,-2.0,326.972991943359,-202.702301025391,435.910308837891,135.039993286133,67.1964824199676,59.9157154560089,0.2814952943270195,0.0969983712089807,1.24697899231106,1.1759802431058337,0.0,0.0,1.0,7.0,0.0,0.0,0.0,24060101.0,-0.9552224059731522,14.0444654902647,22.15187673568725,2.5371662735939045
2024-06-01 19:05:47+00:00,ESP,ESP,-19.790427699353963,-19.617315871821056,0.0,-19.57145627418634,-19.600668993266478,-19.60062801213144,6.442635271882946,-10.80621730947465,2.97964547942573,2.4100358771769956,-0.156554459140958,2.402893206852454,2.3949308284501476,11.43957631158698,0.1897997512555472,0.060328843295027204,24.4518259048462,2.43116618156433,1.0,327.592811462953,0.125235718488693,0.0,0.0,41.2654040782378,2.45352344512939,23.7466032109743,-0.41159310109529795,44.6504563,0.99998313022412,4.42131003364921,1819.616460800172,157.893747091293,-37.1952205896378,-8.03742837160826,-63.5630785,-2.0,325.730407714844,-201.947692871094,435.109100341797,134.039993286133,67.1868026256561,52.9179811477661,-0.018999680704892965,-0.84098587793889,-0.501991583239257,1.1917799861042968,0.0,0.0,1.0,7.0,0.0,0.0,0.0,24060101.0,-0.04294559347490744,15.306701524356,22.070414829254148,2.4305131387710555
2024-06-01 19:05:48+00:00,ESP,ESP,-19.71906144328272,-19.64370738126456,0.0,-19.59599748538364,-19.596576685425255,-19.58631603374462,6.44337165165283,-10.8070984038776,2.979284589305462,2.4013776305643098,-0.5085392533736399,2.402624481597298,2.3943886821847777,11.552870366897263,0.13274542554637062,-0.07812517740328546,24.4471378326416,2.3928832483291624,1.0,327.557786252889,0.125111103057861,0.0,0.0,39.4461319663862,2.42676615715027,25.236576535014052,0.16399725624856137,44.6504611,0.99998313022412,4.47043497115374,1819.7046756744417,139.370709657669,-47.267772257328,-70.364885032177,-63.5630726,-2.0,325.5166015625,-200.997497558594,422.878814697266,133.039993286133,67.1926140785217,52.8986513614655,0.5099914423046346,0.83498603700071,0.473992023149583,1.553373957368814,0.0,0.0,1.0,7.0,0.0,0.0,0.0,24060101.0,-0.19434505138314162,16.6147732504199,21.86857109069825,2.39280213832855
2024-06-01 19:05:49+00:00,ESP,ESP,-19.95376655071292,-20.54404106105026,0.0,-20.521372004704457,-20.466442940380322,-20.48672416259226,6.443370584435775,-10.806511007609,2.979284802748872,2.4197755561787058,-0.6151868676108505,2.4023553294553137,2.394117651740774,10.041894381914483,-0.5329572997183545,-3.285009961036806,23.7863119125366,2.317166247367858,1.0,327.515903532899,0.124965405464172,0.0,0.0,49.2012437805248,2.36374025344849,26.894549460747598,-0.23499606581825092,44.6504654,0.99998313022412,4.490084759891034,1819.6262836456317,144.507840275764,5.2053090184927,13.6383380740881,-63.563066,-2.0,323.420288085938,-199.302307128906,422.215911865234,131.940002441406,67.1868026256561,52.8967142105103,0.2494958134591717,-0.498991582728888,0.0919984526230132,1.620372819730034,0.0,0.0,1.0,7.0,0.0,0.0,0.0,24060101.0,-3.743984884817274,17.6525641457427,21.7631898880005,2.301421308517456
2024-06-01 19:05:50+00:00,ESP,ESP,-20.16612908483966,-20.764387061788362,0.0,-20.62809268595756,-20.78904472771106,-20.6035552313643,6.44425445360306,-10.806511007609,2.979284589305462,2.415447094546938,-0.428161120313467,2.40396874820332,2.394388596807416,11.81798791613536,-0.43742629059888777,-4.043180083437896,25.6829916000366,2.4804364728927637,1.0,327.473774926098,0.12479660063982,0.0,0.0,56.3915341839589,2.53041594028473,28.6585209459843,0.4583923193164382,44.6504692,0.99998313022412,4.499909933656458,1819.63610649109,34.2010259628296,-54.0001280605793,37.8053896129131,-63.5630582,-2.0,322.2880859375,-198.829406738281,410.010009765625,130.940002441406,67.1674430370331,52.8947830200195,0.012999770981238501,0.625989505474313,-0.0999983250286039,1.8733685547716639,0.0,0.0,1.0,7.0,0.0,0.0,0.0,24060101.0,-4.586499519174971,18.4298003997024,23.36997900009155,2.4568559074401857
2024-06-01 19:05:51+00:00,ESP,ESP,-20.17021763607682,-20.782793055563765,0.0,-20.68574733726998,-20.778742070367038,-20.59943457823804,6.44307581908441,-10.80665785667615,2.980005942659178,2.412921589412644,1.2634704840620554,2.40316193210761,2.394659798006144,10.554580846110884,-0.42921682476727085,-6.026635087275226,26.3577392578125,2.4977179241180445,1.0,327.430116356923,0.124604004621506,0.0,0.0,63.8190951138756,2.42735903263092,31.31747431628255,0.5701904458046234,44.6504727,0.99998313022412,4.460609983652834,1819.6752548217798,185.422137379646,33.1627689301968,-43.3403328061104,-63.5630491,-2.0,321.385406494141,-196.652099609375,409.378814697266,129.940002441406,67.1597003936768,52.8677225112915,0.22599620827806927,-0.913984751993018,0.725987797152384,2.799353031329726,0.0,0.0,1.0,7.0,0.0,0.0,0.0,24060101.0,-6.7572211492037635,19.162558461787,24.17821054458615,2.4611255228519435
2024-06-01 19:05:52+00:00,ESP,ESP,-9.850568062035116,-8.226564697940438,0.0,-7.947757400548886,-8.321835847710442,-7.123470657447852,6.443666203560795,-10.80665785667615,2.9789241260720143,2.39235926222764,5.719499025348185,2.40316193210761,2.393846535919408,-0.5986440960802264,2.7270972338325294,-8.111663371052384,27.5895864486694,2.818560848236084,1.0,327.366404352346,0.124399110674858,0.0,0.0,65.6694684921129,2.81793673038483,33.5499370144268,0.17259710474384224,44.6504757,0.99998313022412,4.539209604263307,1819.694852828982,90.2476236224174,-64.1732290387154,-38.4866297245026,-63.5630388,-2.0,320.733093261719,-195.798004150391,420.247711181641,128.940002441406,67.2080993652344,52.8909146785736,0.1459975480050572,0.632989382156518,-0.913984751993018,2.077165049839522,0.0,0.0,1.0,7.0,0.0,0.0,0.0,24060101.0,-9.14498723728062,19.9224050541199,24.875242424011198,2.7481536363300534
2024-06-01 19:05:53+00:00,ESP,ESP,4.1791968120789855,3.818041595091278,0.0,3.70290227879934,3.6561094211918634,3.5065576481820138,6.44366534978714,-10.8060704604075,2.9789241260720143,2.307945466539638,7.271387373883835,2.403162145551024,2.3941176517407756,-11.15754892151122,-0.6726391719010992,-10.060753217231811,28.4155420303345,3.076866116523744,1.0,327.290507290288,0.124337808787823,0.0,0.0,69.0552820561474,3.04145421981812,35.285409535351604,0.5065915128740197,44.6504789,0.99998313022412,4.558859579265119,1819.6851253509521,92.7231386303902,-22.5798264145851,-87.7154618501663,-63.5630272,-2.0,319.941314697266,-193.491897583008,396.275390625,127.940002441406,67.2119736671448,52.885115146637,0.10899817231349655,-0.311994770353984,1.22897941613567,1.649172355054074,0.0,0.0,1.0,7.0,0.0,0.0,0.0,24060101.0,-11.3914183552965,20.4185568256188,25.6248902320862,2.964969730377197
2024-06-01 19:05:54+00:00,ESP,ESP,3.6867679205645714,3.5267861498713358,0.0,3.5523154759981415,3.5267963524664103,3.298113550893426,6.443665136343736,-10.80621730947465,2.978924126072014,2.2985657385071923,7.28189476614826,2.402624695040712,2.3946598406948283,-13.069061884330258,-0.38865439635157156,-12.02717372927912,29.4735683441162,3.547430634498596,1.0,327.213790605531,0.124271906912327,0.0,0.0,65.1141263012667,3.54472653865814,37.1173789688703,0.5225912363408598,44.6504824,0.99998313022412,4.519559815526011,1819.694876670838,148.376166820526,0.0623873784206808,-30.023604631424,-63.5630145,-2.0,319.21240234375,-191.807205200195,407.107299804688,126.940002441406,67.2100365161896,52.8928518295288,0.210996472947368,0.599989963511836,-0.449992499314304,1.781570107963434,0.0,0.0,1.0,7.0,0.0,0.0,0.0,24060101.0,-13.7913233116984,20.8642591123607,26.063331413268997,3.3945078260758343
2024-06-01 19:05:55+00:00,ESP,ESP,3.61561766922582,3.498047872806412,0.0,3.60250677960452,3.499778642742096,3.3868602905248357,6.443371438209425,-10.80577676227315,2.978924126072014,2.305059113973758,7.29713035686562,2.402893206852454,2.394930743072786,-12.6662364516126,-0.228757357356643,-14.01509653060728,30.0881401062012,3.9717802619934077,1.0,327.129287505119,0.124209398031235,0.0,0.0,67.3275925357819,3.89702868461609,38.152859552706346,0.8545856596943731,44.6504864,0.99998313022412,4.42131003364921,1819.655680656436,173.636302351952,-14.5817073062062,-40.4855161905289,-63.5630003,-2.0,318.595611572266,-189.898406982422,406.422698974609,126.040000915527,67.2080993652344,52.8928518295288,-0.12299794652199,-1.55297392172686,0.0279995300741942,0.9257844480649148,0.0,0.0,1.0,7.0,0.0,0.0,0.0,24060101.0,-16.25403988299084,21.013951245758,26.4246949195862,3.7277140903472894
2024-06-01 19:05:56+00:00,ESP,ESP,3.606001104383904,3.505712113451448,0.0,3.6198826954756695,3.4573215038423806,3.411942239261002,6.44351828727658,-10.805629913206,2.97964547942573,2.3050590712850743,9.623909856598154,2.40316193210761,2.3943886821847777,-14.768480397947522,-0.194058742392935,-15.42152776185184,31.2396995544434,4.645558633804322,1.0,327.040413083639,0.124157202243805,0.0,0.0,64.8176482799639,4.65780916213989,39.258339330251246,0.6223895688948933,44.6504912,0.99998313022412,4.470434878021481,1819.6949005126958,51.6360327601433,-21.97509072721,-77.9249146580696,-63.5629847,-2.0,317.431793212891,-187.844192504883,405.152008056641,125.040000915527,67.1984195709228,52.9083132743835,0.1259978853338736,0.963983871151627,-0.291995069329688,1.1851801237197002,0.0,0.0,1.0,7.0,0.0,0.0,0.0,24060101.0,-18.23930847280752,21.0853540433413,26.741683101654047,4.29666263580322
2024-06-01 19:05:57+00:00,ESP,ESP,3.6021543418433524,3.519122805688628,0.0,3.55617658193595,3.4457444612652544,3.489118723815774,6.44454921895443,-10.805629913206,2.979284589305462,2.304337888686086,11.0134644587999,2.4028932495411377,2.3946597126287825,-14.031875061058162,-0.1130355486584648,-17.21360837835352,31.3969928741455,5.08499442100525,1.0,326.947385907144,0.124103209376335,0.0,0.0,63.4099121410784,5.08309078216553,40.08533009721995,0.4947916887360762,44.650497,0.99998313022412,4.460609890520575,1819.7242975235,121.421366930008,-56.212741881609,-17.2814298421144,-63.5629677,-2.0,316.198791503906,-185.448104858398,404.1162109375,123.940002441406,67.2119736671448,52.9063820838928,0.330494477793203,0.311994770353984,0.303994937969033,0.5297911004950551,0.0,0.0,1.0,7.0,0.0,0.0,0.0,24060101.0,-20.63280995610782,20.8889929348926,26.6370228767395,4.625972156524657
2024-06-01 19:05:58+00:00,ESP,ESP,3.5983075793028,3.524868531573172,0.0,3.5658284076294597,3.4303056297314063,3.5450805127424383,6.444107604535905,-10.80518936600455,2.978923912628604,2.2967622697455297,11.2015409746722,2.4023555428987278,2.394659712628782,-13.94337595847286,-0.05322715327174291,-17.776755426364304,31.8461654663086,5.454008016586305,1.0,326.842720088302,0.12406450510025,0.0,0.0,62.2537660202704,5.39675045013428,40.302823810960646,0.5485907943115922,44.6505035,0.99998313022412,4.490084946155552,1819.6850776672377,153.994619846344,94.5339724421501,-9.8387049511075,-63.5629498,-2.0,315.177886962891,-183.576705932617,402.6796875,123.040000915527,67.2080993652344,52.9141128063202,0.16749718925357907,-0.782986792993198,0.389993476282694,0.18359693280333556,0.0,0.0,1.0,7.0,0.0,0.0,0.0,24060101.0,-21.52819482233044,20.6068036693335,26.92979221343995,4.951040758405412
2024-06-01 19:05:59+00:00,ESP,ESP,3.6021543418433524,3.5382793518763975,0.0,3.5889912012749,3.405220863542206,3.572096813740236,6.443371438209425,-10.8053362150717,2.979284589305462,2.3000089574788136,10.8490310696264,2.4026243535312477,2.394659712628782,-14.415246236717598,-0.030057546779408983,-17.66237502946654,32.9255138397217,5.954811029434204,1.0,326.743272533987,0.124040807783604,0.0,0.0,57.2149988657686,5.96985869407654,39.91932917963195,0.8307860469583634,44.6505109,0.99998313022412,4.549034778028729,1819.6850538253798,99.378302693367,-147.433176636696,-64.1924664378166,-63.5629312,-2.0,313.756713867188,-180.68229675293,400.987487792969,121.940002441406,67.2100365161896,52.9121816158295,0.366993854789307,0.720987885236523,-0.282995254561565,-0.5111914104922703,0.0,0.0,1.0,7.0,0.0,0.0,0.0,24060101.0,-21.66714409269168,20.3412288389305,27.27221975326535,5.453825454711917
2024-06-01 19:06:00+00:00,ESP,ESP,3.6021543418433524,3.5536064671286374,0.0,3.59092243726272,3.3955717699243637,3.593324273284358,6.444107604535905,-10.80489566787025,2.980005942659178,2.307584747174098,10.691949952207601,2.403162145551024,2.3941175663634118,-13.42382259283966,-0.008830113332083124,-17.59225050178638,33.3391353607178,6.5221590900421145,1.0,326.642295017298,0.124026001989841,0.0,0.0,56.2271759268663,6.50858488082886,39.3403408738791,0.4999916184729126,44.6505197,0.99998313022412,4.480259865522387,1819.6753025054938,162.427723407745,88.2121473550796,-60.738455504179,-63.5629121,-2.0,312.747711181641,-178.164398193359,399.519805908203,120.940002441406,67.2080993652344,52.9121816158295,-0.18099695809651004,-0.622989558324797,-0.0439992615451623,-0.7421875571164989,0.0,0.0,1.0,7.0,0.0,0.0,0.0,24060101.0,-21.956404653098442,19.9642519156173,27.357591247558602,6.028909096998327
2024-06-01 19:06:01+00:00,ESP,ESP,3.5983075793028,3.555522377879508,0.0,3.58705996528708,3.3859240850330403,3.631921245397276,6.44366620356079,-10.8047488188031,2.9782027727182983,2.31010965466684,10.68984796149055,2.402893420295868,2.394388596807416,-13.41466740727618,0.03361359522459488,-17.455810984435658,33.9273021697998,7.032622089385986,1.0,326.537492594673,0.124020101130009,0.0,0.0,47.7869438298469,7.02941966056824,37.85186336126765,0.5741903753373115,44.6505305,0.99998313022412,4.5293846167624014,1819.6753025054961,89.8481383919716,16.7363490909338,51.3735860586166,-63.5628927,-2.0,312.015808105469,-175.826599121094,397.575500488281,119.940002441406,67.2197163105011,52.9160439968109,0.2594956552168055,-0.251995774002801,0.212996434378659,-1.5367742071194759,0.0,0.0,1.0,7.0,0.0,0.0,0.0,24060101.0,-22.11517171733648,19.5250844123638,27.381290817260748,6.480143993241448
2024-06-01 19:06:02+00:00,ESP,ESP,3.60215579325855,3.563186405081134,0.0,3.5889912012749,3.3839930624886323,3.6763087665111653,6.4438130526279505,-10.8053362150717,2.9792848027488725,2.3101096546668396,10.68617246594345,2.4023553294553137,2.393575420098042,-12.76961307224806,0.07415299059489618,-17.42012427055072,34.2331581115723,7.140819568634034,1.0,326.441897267049,0.124055613577366,0.0,0.0,44.418011078346,7.16343870162964,35.76239921113405,0.7129880261711455,44.6505426,0.99998313022412,4.391835164278746,1819.636082649232,191.41411781311,84.0487852692604,-20.4347558319569,-63.5628737,-2.0,310.480804443359,-172.882400512695,395.267303466797,118.940002441406,68.7007546424866,52.9218435287476,0.5554906940998215,0.32099463848296,-0.61998961117528,-2.361160366825536,0.0,0.0,1.0,7.0,0.0,0.0,0.0,24060101.0,-22.12459806141002,18.930065652629,27.503226184844948,6.56238518714905
2024-06-01 19:06:03+00:00,ESP,ESP,3.6021543418433524,3.5765985914221936,0.0,3.5986458444214398,3.380133621409434,3.298114618110482,6.442782334393505,-10.8050425169374,2.9796452659823203,2.3101096546668423,10.683019906754652,2.402624268153884,2.394117651740774,-11.112536096578822,-0.3040396783761398,-16.791059749879036,34.8218433380127,7.302782249450684,1.0,326.349307222661,0.124107514321804,0.0,0.0,42.4741563160333,7.42385416030884,33.2384411146865,0.5335910372196686,44.6505557,0.99998313022412,4.332885425537824,1819.6752548217798,13.4262936189771,-19.7565481066704,-62.2924938797951,-63.5628556,-2.0,309.232086181641,-170.828704833984,393.732391357422,117.940002441406,73.7595081329346,52.9315114021301,0.28149528765691284,1.06898212810641,0.261995571154096,-2.438559088660426,0.0,0.0,1.0,7.0,0.0,0.0,0.0,24060101.0,-21.39124235777304,18.0755987421766,27.904235744476303,6.849189639091495
2024-06-01 19:06:04+00:00,ESP,ESP,3.6040776377362618,3.584261978293582,0.0,3.59285290485426,3.356979963142006,3.3019711563592837,6.443813052627945,-10.8047488188031,2.979284802748872,2.3101096546668396,10.58688157909215,2.40396874820332,2.394659712628782,-11.3845198642348,-0.3021065133934866,-17.14094848445346,34.5667613983154,7.157732162475585,1.0,326.273710688927,0.124174502491951,0.0,0.0,38.9730696493765,7.13964557647705,30.8899813138679,0.3561940237067066,44.6505695,0.99998313022412,4.342710319906474,1819.694876670836,158.746883273125,36.022637039423,-3.72545165009797,-63.5628386,-2.0,308.582489013672,-168.192504882812,391.820587158203,116.940002441406,73.7575769424438,52.9315114021301,0.2264962165618038,-1.23597918609617,-0.0499991625143019,-2.588156453182986,0.0,0.0,1.0,7.0,0.0,0.0,0.0,24060101.0,-21.71486423385634,17.0787889818739,28.0021059036255,6.67385556221008
2024-06-01 19:06:05+00:00,ESP,ESP,3.600230960573076,3.6015074375515836,0.0,3.5986466128177197,3.341544333259326,3.3559915920804215,6.44366534978714,-10.80518936600455,2.9792848027488725,2.3108310933979244,9.62706241578695,2.40289299340904,2.39411748098605,-11.21286098869308,-0.24423938183286537,-17.28597252506252,34.8168617248535,7.298162841796876,1.0,326.199015740164,0.124252299964428,0.0,0.0,35.6929259419912,7.33142995834351,28.0070301821918,0.5983899703544198,44.6505839,0.999983236945826,4.342710319906474,1819.6752786636382,205.181673169136,-55.3176403045654,-40.9564450383186,-63.5628227,-2.0,307.688293457031,-166.357498168945,377.373687744141,115.940002441406,73.7517654895782,52.9315114021301,0.1114981157649771,-0.127997865107958,0.199996650057208,-2.692754781217524,0.0,0.0,1.0,7.0,0.0,0.0,0.0,24060101.0,-21.99070449707244,15.8260981371477,27.7218807220459,6.730615825653079
2024-06-01 19:06:06+00:00,ESP,ESP,3.609847696169724,3.5804327608014646,0.0,3.58706145939096,3.28173100065969,3.3270520378783943,6.4435185007199856,-10.8053362150717,2.979284589305462,2.3086669479594035,7.352291818376285,2.4031622309283884,2.394659712628782,-12.9031251705205,-0.28279564228307097,-18.53139331643614,34.1300308227539,7.597294464111327,1.0,326.140276113302,0.124335998296738,0.0,0.0,32.9462644050136,7.67984247207642,25.49857234629195,1.358777193504438,44.6505993,0.999983236945826,4.509734828025104,1819.6458816528339,106.440685689449,23.9761061966419,-9.15366224944592,-63.5628073,-2.0,306.375701904297,-163.46809387207,375.413513183594,115.040000915527,73.7614452838898,52.935379743576,0.0184996874288985,0.655988976969478,0.150997459920918,-2.42775930026651,0.0,0.0,1.0,7.0,0.0,0.0,0.0,24060101.0,-23.9338185253696,14.1887993402581,26.68392419815065,6.889384531974791
2024-06-01 19:06:07+00:00,ESP,ESP,3.606001104383904,3.3984352840452097,0.0,3.56582845031814,3.3608400018627558,3.435095982905794,6.442634418109295,-10.80518936600455,2.978563449395156,2.3122741416148203,3.58499628766238,2.40208694570962,2.395201986960198,-14.1600466344186,-0.1709050120883574,-21.84849312836356,32.5856552124023,7.769793033599852,1.0,326.078613165475,0.124429312348366,0.0,0.0,30.799935514945,7.84454040527344,24.317593365209,0.5193912873786238,44.6506158,0.999983236945826,4.676759056746961,1819.6262836456299,124.549552798271,-1.23172462917864,-5.25135500356555,-63.5627927,-2.0,306.176513671875,-161.450500488281,373.178802490234,114.040000915527,73.7595081329346,52.9295802116394,0.295995038883016,-0.0289995124573663,0.0179996962373124,-0.9605838990323303,0.0,0.0,1.0,7.0,0.0,0.0,0.0,24060101.0,-28.603125721249263,11.9406681881578,25.42261390686035,6.546590173244478
2024-06-01 19:06:08+00:00,ESP,ESP,3.606001104383904,3.413758770759452,0.0,3.563898025415284,3.343473989765902,3.438952307711184,6.443371438209425,-10.80489566787025,2.9796452659823203,2.3043373337332143,0.5616007919002874,2.402893420295868,2.395201858894152,-14.868424336260821,-0.1670486125777742,-23.58998338745662,31.8700263977051,7.904256076812743,1.0,326.017906444132,0.124525201320648,0.0,0.0,28.1020142078846,7.97968854904175,23.45810626571675,0.9143846809132636,44.6506328,0.999983236945826,4.598159715533259,1819.547867774964,147.018820047379,-63.4303167462349,11.8549773469567,-63.5627786,-2.0,305.342010498047,-160.102493286133,370.661804199219,113.040000915527,73.7711250782013,52.9392421245575,0.162997268529304,0.224996249657152,0.214996399145004,-0.758387279728016,0.0,0.0,1.0,7.0,0.0,0.0,0.0,24060101.0,-31.172663036066137,9.36289417746612,24.82597646713255,6.263917480815542
2024-06-01 19:06:09+00:00,ESP,ESP,3.600230960573076,3.409928742182364,0.0,3.5600370902322043,3.3183884551804175,3.4293032994707096,6.443223735368621,-10.80518936600455,2.980366405892626,2.313356342400124,0.4638851707871755,2.402624353531248,2.3943886821847777,-15.8052981620683,-0.17092756505283221,-26.072338118650656,31.5530639648438,8.136792697906495,1.0,325.955697081171,0.12462550252676,0.0,0.0,29.5577153502165,8.20457525253296,23.727601624703297,0.8879850926366661,44.6506505,0.999983236945826,4.676759243011476,1819.587087631228,70.3903958201408,-123.135916888714,-14.0692302957177,-63.5627645,-2.0,304.009094238281,-157.103805541992,368.032501220703,111.940002441406,73.7846791744232,52.9489099979401,0.07599872532086199,-0.0359993924746249,-0.509991442304634,0.7265878346070551,0.0,0.0,1.0,7.0,0.0,0.0,0.0,24060101.0,-34.73000040865152,6.58618621144275,24.52455196380615,6.135740595597486
2024-06-01 19:06:10+00:00,ESP,ESP,3.6021558786359167,3.4099280591634504,0.0,3.552315305243412,3.316458627919112,3.464036775079606,6.44351828727658,-10.8047488188031,2.978924126072014,2.3083059724617696,1.76097783466779,2.4031621455510237,2.3952018588941497,-15.013380074978159,-0.13811905019545181,-27.605288017476475,31.2676151275635,8.374013614654539,1.0,325.892203642647,0.124714310467243,0.0,0.0,32.2534202608912,8.40457963943481,24.85658237563495,0.7289877763184124,44.6506683,0.999983236945826,4.725884087383749,1819.6753025054938,110.504776239395,-127.244845032692,-62.9828348755836,-63.5627495,-2.0,303.076995849609,-156.800201416016,365.727508544922,110.940002441406,73.7866163253784,52.9682397842407,0.0894985008338995,-0.104998236944465,0.717987938087006,1.087581757744731,0.0,0.0,1.0,7.0,0.0,0.0,0.0,24060101.0,-37.122983822103244,3.83119995452731,24.0513776779175,6.1096972274780255
2024-06-01 19:06:11+00:00,ESP,ESP,3.600230960573076,3.4118437564709074,0.0,3.5330114404129818,3.2855896306539236,3.4659671999824617,6.44337165165283,-10.8029866299972,2.97964526598232,2.305419705273248,3.09274263318886,2.40396874820332,2.3941175663634118,-16.546863070068717,-0.1342637926071204,-27.211469896726737,30.7890060424805,8.959114379882811,1.0,325.819093297771,0.124803614616394,0.0,0.0,33.4205322504118,8.99524669647217,25.474073311512797,1.204579781953242,44.6506866,0.999983236945826,4.735709074884655,1819.6557044982922,150.452986359596,-56.6114522516728,-46.901248395443,-63.5627326,-2.0,301.796508789062,-153.643295288086,363.252990722656,109.940002441406,73.8079130649567,52.96630859375,-0.2229962448701675,-0.290995140307369,0.155997385176992,0.44739249442524587,0.0,0.0,1.0,7.0,0.0,0.0,0.0,24060101.0,-37.17580167495496,1.49563288281902,23.056951904296902,6.9015651404857605
2024-06-01 19:06:12+00:00,ESP,ESP,3.592541320162064,3.4156744680669098,0.0,3.511776638415504,3.25857764121304,3.475614884873786,6.443076886301466,-10.8031334790644,2.9789241260720143,2.3122742269921845,4.44867509559267,2.4039689616467337,2.394930828450148,-16.52855269894172,-0.11692652199965718,-28.59411738475294,31.4970199584961,9.901783390045164,1.0,325.742622499823,0.124883209168911,0.0,0.0,31.2916988899022,9.98081388473511,25.014581726610253,1.0153830083353599,44.6507065,-6.74755626077347,4.6865840442478675,1819.6263074874878,154.267087578774,-46.6910228133202,-70.0985789299011,-63.5627141,-2.0,300.532287597656,-153.285400390625,360.407897949219,108.940002441406,73.8040387630463,52.9875695705414,-0.018999685290591102,0.551990755758719,-0.26099561545135,-0.7989865965013181,0.0,0.0,1.0,7.0,0.0,0.0,0.0,24060101.0,-37.78701754528754,359.525557757407,22.473508358001702,7.651924163103103
2024-06-01 19:06:13+00:00,ESP,ESP,3.60023249736564,3.40418165025999,0.0,3.5001941316870435,3.2566475578196417,3.5296440290861177,6.44366534978714,-10.8023992337286,2.980005729215768,2.3133565131548557,4.764936759826355,2.4034308708061802,2.3946597980061464,-16.264198764852843,-0.0705884069145377,-28.958501829802877,31.9014610290527,10.716018104553239,1.0,325.670686947485,0.124992401897907,0.0,0.0,32.2885820747385,10.796514415741,24.3010933357216,1.275378641403534,44.6507286,-8.57970626741838,4.460609983652834,1819.41077709198,159.717455506325,7.84287136048078,-59.005867689848,-63.5626945,-2.0,299.235687255859,-150.740097045898,369.938385009766,107.940002441406,73.8195240497589,52.9953002929688,0.018999678620484503,-0.0629989435007002,0.695988325657219,-0.54039092809741,0.0,0.0,1.0,7.0,0.0,0.0,0.0,24060101.0,-38.944776273758656,357.57807957974,22.0856420516968,8.111980075836183
2024-06-01 19:06:14+00:00,ESP,ESP,3.6213861908667178,3.40035025564507,0.0,3.467378615885764,3.465043331519854,3.5412208582198303,6.4435185007199856,-10.8016641346192,2.9792848027488725,2.314078208018032,4.8264018456107145,2.402893206852454,2.3938464505420463,-16.84211575543436,-0.08016523259528807,-28.195939554256018,32.6273963928223,11.62184772491456,1.0,325.602303093515,0.125125010311604,0.0,0.0,29.8184509915925,11.7209701538086,23.5281054594256,1.3123779682365657,44.6507527,-6.56127693842653,4.490085039287807,1819.371604919434,93.9352437853813,22.8997617959976,-43.4060543775558,-63.562674,-2.0,298.595611572266,-149.411895751953,354.455596923828,106.940002441406,73.835015296936,53.0088365077972,-0.009999850512148023,0.77198709350001,0.0279995300741942,-0.9333843141770215,0.0,0.0,1.0,7.0,0.0,0.0,0.0,24060101.0,-39.3268543238535,355.762178166243,22.3917357444763,8.752496395111084
2024-06-01 19:06:15+00:00,ESP,ESP,3.400293735829686,3.35246328710992,0.0,3.305255239378274,3.333830573742808,3.1901052936044403,6.4435185007199856,-10.8016641346192,2.9796452659823203,2.310109910798932,4.949860503066455,2.403162145551024,2.3938466212967695,-16.54037780545176,-0.2101884902500141,-27.71846800862762,33.4921062469482,12.169425201416,1.0,325.53749825867,0.125273497402668,0.0,0.0,26.6916177103174,12.2158115386963,22.148129770647998,1.381376859397154,44.650779,-4.67763797761031,4.450784903019669,1819.24421787262,152.924656867981,39.521113038063,-50.792969763279,-63.5626534,-2.0,297.568206787109,-148.367294311523,351.180206298828,105.940002441406,73.8272726535797,53.010767698288,0.393993392475169,-0.0989983426454317,0.0419992967788179,-1.5649737743579542,0.0,0.0,1.0,7.0,0.0,0.0,0.0,24060101.0,-39.54611705658926,353.966466791934,22.891109848022452,9.2691296339035
2024-06-01 19:06:16+00:00,ESP,ESP,3.3233950265307244,3.3237308157057917,0.0,3.2087593513127097,3.183333972127338,3.3463428399720376,6.44366620356079,-10.8016641346192,2.979284589305462,2.3126349890464084,4.639902463106456,2.402355414832678,2.3943886821847777,-15.666827004948939,0.022947738069110234,-25.91349558082228,34.563077545166,12.44843261718748,1.0,325.477802405324,0.125435502827168,0.0,0.0,24.6065402491782,12.4987996101379,20.275659876672,1.187780077915948,44.6508067,-4.42540079910903,4.431135021150116,1818.8425779342658,202.33790576458,19.0678499639034,-35.5759412050247,-63.5626341,-2.0,297.006500244141,-146.590606689453,360.302612304688,105.040000915527,73.835015296936,53.0146360397339,-0.0859985516538734,-1.01298300792706,0.146997530388229,-1.815769569500948,0.0,0.0,1.0,7.0,0.0,0.0,0.0,24060101.0,-37.08208601539102,352.379540640173,23.6999885559082,10.119759582070728
2024-06-01 19:06:17+00:00,ESP,ESP,3.327239142372968,3.3218153318417443,0.0,3.168234131419728,3.123531439764328,3.3482736917617175,6.442782120950101,-10.80137043648485,2.978924126072014,2.312634903669042,4.484399119385955,2.40369980950475,2.3954728893381536,-14.6147507689771,0.0210345083675918,-24.6341782681452,35.5122138977051,12.47601190567018,1.0,325.436493421224,0.125629104673862,0.0,0.0,22.6347619659912,12.5376216888428,18.4651910248869,1.3311776797288861,44.6508355,-4.155288588663,4.391835164278747,1817.559361457826,119.867205619812,62.0156824588776,-23.4068110585213,-63.5626159,-2.0,296.30419921875,-145.68879699707,356.933288574219,103.940002441406,73.835015296936,53.0088365077972,0.18149695345691252,0.437992630674958,-0.310994787970812,-1.9497673369120663,0.0,0.0,1.0,7.0,0.0,0.0,0.0,24060101.0,-35.093731887616784,351.180514591755,24.0438159942627,10.514442402975863
2024-06-01 19:06:18+00:00,ESP,ESP,3.3214729686096,3.3122391078046123,0.0,3.139290180283428,3.073371597716814,3.3733551709223804,6.443813052627945,-10.801958259640301,2.978563449395156,2.31083100802056,2.63673946068324,2.4034310842495943,2.394659798006144,-14.058958980928761,0.05188215995760442,-24.18154197335788,34.999938583374,12.361250782012942,1.0,325.401604814943,0.125828915834427,0.0,0.0,19.3779382319796,12.4949724197388,16.719219649434102,0.74958744542827,44.6508644,-2.8923027278669,4.175685998052357,1817.2850847244258,80.4651826620102,-0.262041023233905,22.308612242341,-63.5625997,-2.0,296.004486083984,-145.054504394531,353.046112060547,103.040000915527,73.8369524478912,53.010767698288,0.288995142190491,1.05798221516981,-0.641989276965921,-1.585373457663348,0.0,0.0,1.0,7.0,0.0,0.0,0.0,24060101.0,-35.05824359072724,349.97883842994,23.88471164703365,10.341321301460265
2024-06-01 19:06:19+00:00,ESP,ESP,3.3214729686096,3.3141545489799773,0.0,3.3110440381432698,3.077231166862058,3.4582490435316644,6.443813052627945,-10.8023992337286,2.9789241260720143,2.314799305239654,-0.584190108455583,2.40369980950475,2.394388682184778,-13.15946865875076,0.1367760629158768,-23.130335220467362,34.3919551849365,11.80249402999876,1.0,325.380704436083,0.126044015586376,0.0,0.0,16.9148183380167,11.8751297950745,15.483740881416349,0.3551940466596196,44.6508933,-1.76573175305182,4.244460631161926,1817.245912551878,156.120732426643,-51.6400672495365,-13.0789075046778,-63.5625861,-2.0,296.194885253906,-144.79670715332,349.72509765625,101.940002441406,73.835015296936,53.010767698288,0.3179946779932305,-0.419992947777859,-0.0369993781928504,-1.003983145134175,0.0,0.0,1.0,7.0,0.0,0.0,0.0,24060101.0,-33.535629817172385,348.741754567467,23.890266609191897,9.989711608886722
2024-06-01 19:06:20+00:00,ESP,ESP,3.317628852767354,3.3103242215821185,0.0,3.3284102209948516,3.077231166862058,3.4852629539632547,6.443813052627945,-10.80328032813155,2.9796452659823203,2.3108311787752878,-3.333353442340605,2.403968662825956,2.395472974715518,-13.51880713079666,0.16763410786601124,-21.584012835775038,34.2271465301514,11.14625215530396,1.0,325.368109567253,0.126249003410339,0.0,0.0,17.3390755383121,11.1820298194885,16.48672427895515,0.7253878290668218,44.6509208,-1.74357248495019,4.205160774290558,1817.2752857208259,184.546872973442,9.96619183570146,-53.403913974762,-63.562574,-2.0,296.060485839844,-143.716400146484,358.438598632812,100.940002441406,73.8369524478912,53.0126988887787,0.1724971095070731,-0.191996764311404,0.786986829247593,1.7193710703279936,0.0,0.0,1.0,7.0,0.0,0.0,0.0,24060101.0,-30.52187168364464,348.000296551927,23.93181552886965,9.854058265686028
2024-06-01 19:06:21+00:00,ESP,ESP,3.317628852767354,3.2911695963850476,0.0,3.2801621488960224,3.158256505702814,3.107141973964062,6.444107604535905,-10.802105108707451,2.97964547942573,2.300730182766486,-1.60179600719241,2.4034310842495943,2.393846535919408,-14.210018518197879,-0.21048688680742159,-21.10823346951356,33.6823722839355,11.02977407455444,1.0,325.352290849136,0.126435001194477,0.0,0.0,21.1584524353861,11.1262261390686,18.556688239008352,1.0677820852135795,44.6509468,-3.57592995859113,4.1953358799219105,1817.2458887100179,129.165202379227,15.4565367847681,-9.50280670076609,-63.5625605,-2.0,294.574096679688,-144.46159362793,355.447692871094,99.9400024414062,73.838883638382,53.0088365077972,0.017499708380779702,0.672988677483406,0.236996011574792,2.004966300430148,0.0,0.0,1.0,7.0,0.0,0.0,0.0,24060101.0,-29.127600238179458,347.961391794415,23.15914707183835,9.97450466889602
2024-06-01 19:06:22+00:00,ESP,ESP,3.3214729686096,3.2835076609288563,0.0,3.2377049673076224,3.140893311058994,3.1322159399166365,6.44425466704647,-10.80181098368635,2.978563449395156,2.300008615969354,1.9390734964915644,2.4039687908920038,2.394659712628782,-14.145932731517679,-0.18925702068883843,-22.05773255849232,32.9931552886963,11.30457012176512,1.0,325.295900807348,0.126564404368401,0.0,0.0,24.5819088794838,11.3964014053345,19.9876649503184,0.8699854310839077,44.6509724,-5.15194253527527,4.224810749292372,1817.275261878966,102.928429841995,11.8357185274363,-11.0309282317758,-63.5625447,-2.0,293.428009033203,-144.110702514648,364.510803222656,98.9400024414062,73.8408207893372,53.0088365077972,0.227496192274869,0.525991213796242,-0.576990315338024,0.9497841373188389,0.0,0.0,1.0,7.0,0.0,0.0,0.0,24060101.0,-30.550313274367483,348.164931431681,22.14609346389775,9.872505058561066
2024-06-01 19:06:23+00:00,ESP,ESP,3.315706794846232,3.281592177064808,0.0,3.2145485769645297,3.1216010148614677,3.205517231268432,6.4429291834606595,-10.8018109836864,2.978563449395156,2.305419961405346,3.084337018198105,2.40316193210761,2.3943886821847777,-14.03759739354482,-0.11018954756953821,-21.97779680557892,32.7588821411133,11.62739221572874,1.0,325.217790764,0.12668940871954,0.0,0.0,25.1802351583242,11.7053978919983,19.5821711334468,0.983783511666265,44.6509985,-6.04268287286227,4.234635829925536,1817.275285720824,164.588570594788,44.2744381725788,-72.6252347230911,-63.5625272,-2.0,292.737091064453,-143.598205566406,361.494812011719,97.9400024414062,73.8582491874695,53.0126988887787,0.1579973499433365,-0.100998300741669,0.445992516420762,-0.5503907652693449,0.0,0.0,1.0,7.0,0.0,0.0,0.0,24060101.0,-30.46485326445338,348.310906234623,21.8181335449219,10.08002841656026
2024-06-01 19:06:24+00:00,ESP,ESP,3.3118620813624298,3.27010034109758,0.0,3.1759527574460322,3.0791609514346803,3.2228775230818543,6.44337165165283,-10.800783040216249,2.9789241260720143,2.306502375634064,3.123213921345285,2.4034308708061802,2.395201944271514,-14.190563919630218,-0.08898457162078557,-20.91077679872198,33.2010166168213,11.91925174713132,1.0,325.157903665357,0.126878209412098,0.0,0.0,24.7045227279166,11.9879061698914,19.480173357250052,1.19277996848747,44.6510253,-5.74771731157386,4.185510799288746,1817.265462875362,133.034288883209,15.324360691011,-8.99284798651934,-63.5625093,-2.0,292.153289794922,-143.538192749023,358.169006347656,96.9400024414062,73.8582491874695,53.0165672302246,0.2744953976344945,0.386993502452751,0.0369993781928504,0.050199163660011,0.0,0.0,1.0,7.0,0.0,0.0,0.0,24060101.0,-29.160739633013442,348.51665885318,21.944223976135248,10.487350793318315
2024-06-01 19:06:25+00:00,ESP,ESP,3.315706794846232,3.2624386617734844,0.0,3.1605162737897077,3.1679012023863784,3.3231949446767244,6.44366534978714,-10.8016641346192,2.979284802748872,2.30722407049724,3.114808413076235,2.40369980950475,2.3938464505420463,-13.806430153349922,0.007488077126334422,-19.27788483988488,33.8650268554688,11.80397203445434,1.0,325.113097624402,0.127136801183224,0.0,0.0,23.7023102879804,11.8334547042847,19.39967445523955,0.6661888559747732,44.6510526,-4.65240725881628,4.2248108424246285,1817.2850847244258,206.794023513794,51.8116317689419,27.3544657975435,-63.5624918,-2.0,291.80419921875,-142.857604980469,354.845306396484,96.0400009155274,73.8524377346039,53.0165672302246,0.354994066191241,-0.457992305018828,-0.634989346922863,-0.21199643532022056,0.0,0.0,1.0,7.0,0.0,0.0,0.0,24060101.0,-26.799985833198242,348.95043050699,23.108002281188952,10.71147527694702
2024-06-01 19:06:26+00:00,ESP,ESP,3.3157067948462298,3.2643548286564483,0.0,3.1566569607765578,3.1833344843915277,3.4833314618433397,6.443813052627945,-10.80254608279575,2.979284589305462,2.300369804910404,2.28475366593457,2.4034308708061802,2.3938465359194074,-12.687598209751279,0.1676246669971134,-16.606597513983424,35.5244979858398,11.39954246520994,1.0,325.067280715449,0.127406001091003,0.0,0.0,21.2850721897671,11.4639407157898,18.943682488513048,0.184796899156692,44.6510795,-2.88840695871906,4.273935593664644,1817.16752052307,157.734379172325,6.96171773597598,-2.52246623858809,-63.5624754,-2.0,291.462097167969,-143.66650390625,352.298614501953,95.0400009155274,73.8621175289154,53.0146360397339,0.384993544356513,0.024999581257151,0.132997763683606,-0.4091931233653649,0.0,0.0,1.0,7.0,0.0,0.0,0.0,24060101.0,-22.67287476306934,349.78084490628,24.91758184432985,10.749659252166746
2024-06-01 19:06:27+00:00,ESP,ESP,3.3080179655201816,3.27010183520146,0.0,3.1412190683937222,3.1814050840170465,3.3579394339656625,6.4435185007199856,-10.80298662999725,2.978924126072014,2.3039768704997696,1.057532690004845,2.40369980950475,2.394388682184778,-11.33607384471608,0.04992143909701321,-14.694779583217919,36.7185264587402,10.87090799331666,1.0,325.027583655993,0.127642907202244,0.0,0.0,21.1411276605563,10.9450959205627,18.569687796546148,-0.009999832252731555,44.6511053,-3.09882459647964,4.156036023050544,1817.177343368528,79.3631821870804,-28.2599870115519,-12.255429290235,-63.5624605,-2.0,291.200592041016,-142.653701782227,360.958190917969,93.9400024414062,73.8485634326935,53.0184984207153,0.12199795163236846,0.0749987454389796,0.140997636089196,-0.4647922119048256,0.0,0.0,1.0,7.0,0.0,0.0,0.0,24060101.0,-19.516982100460883,351.005251937653,26.4971969604492,10.495600461959851
2024-06-01 19:06:28+00:00,ESP,ESP,3.313784139283552,3.268185668318496,0.0,3.25700819180782,3.1640452617791275,3.093638903418356,6.44366534978714,-10.8038677244002,2.97964526598232,2.3061414428251097,-0.43919399691694,2.40369980950475,2.394388682184778,-11.51993912207826,-0.22014525720953843,-13.56646323893786,37.4219982147217,10.17898372650146,1.0,324.989498521181,0.127870801091194,0.0,0.0,20.9927810744255,10.2247404098511,18.6721867378733,0.4021932506852238,44.65113,-3.06808426290294,4.332885332405568,1817.216515541076,94.1659435629845,79.7136723995209,19.7333861142397,-63.562447,-2.0,291.519012451172,-142.625106811523,345.409698486328,93.0400009155274,73.8582491874695,53.0146360397339,0.518991283753184,0.110998131243498,-0.31899464703619,0.5101914521214825,0.0,0.0,1.0,7.0,0.0,0.0,0.0,24060101.0,-17.5173830907466,352.305036936706,27.7577862739563,9.893669843673713
2024-06-01 19:06:29+00:00,ESP,ESP,3.315706794846232,3.258607096403838,0.0,3.3303400909448397,3.108098371202588,3.197800696987566,6.4435185007199856,-10.8031334790644,2.9782027727182983,2.3061412720703798,-0.4743916158964555,2.403162145551024,2.3949308284501476,-10.385466899053942,-0.1179061205370252,-12.4548905911438,37.7393245697022,9.501046085357666,1.0,324.956385764085,0.128074099123478,0.0,0.0,21.0594437207249,9.53988790512085,19.726668054206648,0.218396341915832,44.6511529,-2.11119162221367,4.332885332405568,1817.196941375732,222.19555079937,30.1203429698944,-13.7485656887293,-63.562434,-2.0,290.9541015625,-142.544403076172,342.827301025391,91.9400024414062,73.8466322422028,53.0126988887787,0.11849801579255556,-0.777986881077337,0.27899529834845,0.9663837648382166,0.0,0.0,1.0,7.0,0.0,0.0,0.0,24060101.0,-15.69182344825444,353.805684138871,28.657842922210698,9.266012620925904
2024-06-01 19:06:30+00:00,ESP,ESP,3.317628852767354,3.258607096403838,0.0,3.311039897341086,3.127390283201974,3.236380166740736,6.44293003723431,-10.80342717719875,2.9782027727182983,2.3140781226406664,-0.973475339478071,2.4034308708061802,2.394117651740774,-9.307833119736248,-0.08124873405138344,-12.751877461539701,38.4090614318848,9.30818658828735,1.0,324.922398742775,0.128259801864624,0.0,0.0,25.47131903773,9.41674318313599,20.406157470954298,0.6535890405942064,44.6511744,-5.91914737577836,4.342710319906474,1817.206740379334,41.4964072406292,-28.0436836183071,-27.4617280811071,-63.5624204,-2.0,289.940307617188,-142.152496337891,352.351013183594,90.9400024414062,73.8446950912476,53.0049681663513,0.32299460324930446,1.15698057782556,0.424992886374146,0.6431892024648744,0.0,0.0,1.0,7.0,0.0,0.0,0.0,24060101.0,-15.469659934178178,355.391053007501,29.1206033706665,9.06029571533203
2024-06-01 19:06:31+00:00,ESP,ESP,3.0141342635076187,2.7056248959984113,0.0,2.6516691843237865,2.687898132519506,2.5850307765248774,6.4435185007199856,-10.80342717719875,2.9782027727182983,2.3046983946082182,-4.46968881290445,2.40316193210761,2.394659798006144,-8.575041931234171,-0.42910351833224275,-11.724318018838881,37.7042987823486,8.985792789459229,1.0,324.89149896697,0.128429800271988,0.0,0.0,25.3824958426685,9.03047933578491,21.45814064559875,1.1365809585531923,44.6511953,0.99998313022412,4.499909840524199,1817.226290702818,122.849829494953,75.8604183793068,-25.2921525388956,-63.5624064,-1.0,289.788787841797,-141.809997558594,349.61279296875,89.9400024414062,73.8543748855591,53.0049681663513,0.2099964805590365,-0.437992630674958,-0.403993202966678,1.3015781798426478,0.0,0.0,1.0,7.0,0.0,0.0,0.0,24060101.0,-15.63463905546636,356.780559371492,29.046205329895002,8.710386657714844
2024-06-01 19:06:32+00:00,ESP,ESP,-8.22269765827578,-8.700777944513925,0.0,-8.772018525104453,-8.857738765225946,-9.129229990865388,6.44425445360306,-10.80283978093005,2.977481205921168,2.30145170687493,-6.76599883874956,2.40369980950475,2.394388596807416,-0.27707062574553537,-0.90653233525766,-11.938311260629998,38.0490634918213,8.90941961288452,1.0,324.860489908138,0.128590705990791,0.0,0.0,29.4325726242435,8.94082317352295,24.5660884538188,1.0699820678009022,44.6512151,0.999983236945826,4.568684659898283,1817.2458887100197,48.3197085559368,-16.0234719514847,-38.9837250113487,-63.5623914,-1.0,288.488586425781,-141.813507080078,359.510101318359,88.9400024414062,73.8524377346039,53.0088365077972,0.2214962913057295,0.31899464703619,1.07598189806691,3.6305391139300385,0.0,0.0,1.0,7.0,0.0,0.0,0.0,24060101.0,-15.823395772802622,358.163891244473,29.6135856628418,8.586181306838988
2024-06-01 19:06:33+00:00,ESP,ESP,-9.1659608699197,-8.797717367988717,0.0,-8.712440577899086,-9.01004028701828,-8.604003470107592,6.443370584435775,-10.8028397809301,2.978563449395156,2.302173444426792,-6.7029572599274,2.4034310842495943,2.3938465359194083,-0.16263155191988962,0.5619576666163778,-12.826222533862758,38.5037979125977,8.99899200439453,1.0,324.826912698178,0.128744396567345,0.0,0.0,35.2659674018792,8.9984619140625,28.2210276928511,1.0863817575405839,44.6512343,0.999983236945826,4.539209790527823,1817.216491699218,133.889347314835,40.3643809258938,-38.6975668370724,-63.5623746,-1.0,287.721313476562,-140.539001464844,356.940887451172,87.9400024414062,73.8563120365143,53.0030369758606,-0.153997417909358,-1.35197724926584,-0.608989751599533,3.4819415610359243,0.0,0.0,1.0,7.0,0.0,0.0,0.0,24060101.0,-16.9550430295862,359.807890456939,29.8898042678833,8.582176840932744
2024-06-01 19:06:34+00:00,ESP,ESP,-9.094047344941202,-8.78610536338078,0.0,-8.76702301012287,-8.832587703513116,-8.639065733947662,6.44366620356079,-10.80254608279575,2.9771203158008963,2.305780680770888,-6.751815310607794,2.4034310842495943,2.395201773516788,-0.2621935746028752,0.4549814295666398,-16.91106788114346,39.0542987823486,9.373185997009278,1.0,324.792106054168,0.128889611363411,0.0,0.0,37.9719927283898,9.38660287857056,32.3094585479366,1.4589755777086781,44.6512531,-7.50321808157924,4.578509740531447,1817.255687713622,39.3316224217415,12.2047988697886,-92.0034870505333,-63.5623554,-1.0,286.692413330078,-140.507797241211,342.489898681641,86.9400024414062,73.8640546798706,53.0049681663513,0.19299676295296078,0.502991565622429,0.969983658728954,4.539123918365246,0.0,0.0,1.0,7.0,0.0,0.0,0.0,24060101.0,-19.903769565988462,1.47012682202408,29.7300338745117,8.739700144529342
2024-06-01 19:06:35+00:00,ESP,ESP,-8.983291729435944,-8.828675541911261,0.0,-8.839161589834523,-8.93981757536881,-8.931403806839736,6.443813052627945,-10.80225195777465,2.97784209604144,2.302172974851284,-6.439756347147785,2.403700022948164,2.393846621296772,-0.08481312982754319,0.05188816955690858,-19.6288022009483,39.6351081848144,10.023558082580553,1.0,324.75587873081,0.129031406342983,0.0,0.0,41.7259159226476,10.04320936203,35.8403999714556,2.194163223458418,44.6512714,-7.38546220519363,4.686583951115608,1817.196941375732,127.016946673393,27.6166573166847,-69.6599632501602,-63.5623328,-1.0,284.793609619141,-138.254699707031,339.832214355469,85.9400024414062,73.8659918308258,53.006899356842,-0.3669938281088805,-0.266995509750383,0.297994990309147,3.1993464114854198,0.0,0.0,1.0,7.0,0.0,0.0,0.0,24060101.0,-23.461522897094277,2.9361085729956,30.05014629364015,9.035733583995276
2024-06-01 19:06:36+00:00,ESP,ESP,-1.089639971218093,-0.5308085782343621,0.0,-0.10418389029840362,-1.095811687463432,0.34923427972196064,6.443813052627945,-10.800929889283399,2.97784209604144,2.295680239714954,-5.1295296964007004,2.4031621455510237,2.3968283403789443,-5.493200034500725,1.438874217589517,-21.47052036346936,41.3816528320312,11.550314025878919,1.0,324.718695180968,0.129169607162476,0.0,0.0,45.2719657246106,11.6134440422058,38.5588545347084,3.11214781960676,44.6512906,-8.0813637127432,4.725883901119233,1817.2067165374742,42.7903458476067,63.1405711174011,-103.038370609283,-63.5623059,-1.0,283.205505371094,-137.764495849609,350.244995117188,85.0400009155274,73.8795399665832,53.0146360397339,-0.6379893207528056,-0.28399521026431,0.865985437518195,2.386959997688742,0.0,0.0,1.0,7.0,0.0,0.0,0.0,24060101.0,-26.548297801906262,4.22526131538885,30.154047775268552,10.05813624308659
2024-06-01 19:06:37+00:00,ESP,ESP,19.656994148256977,17.99949984802948,0.0,16.28693185422214,13.8361715290718,12.877227014178501,6.4435185007199856,-10.79784605887315,2.978563449395156,2.297844769351614,-2.65459955158918,2.40396874820332,2.393575420098042,-19.83469483838374,-6.779766856602052,-23.18331802238756,43.0912937164307,13.951032371521,1.0,324.678588310162,0.129313212633133,0.0,0.0,48.7630803150793,13.9739725112915,40.34232279493085,4.437525494791542,44.6513125,-9.19485786350546,4.607984516769649,1817.17731952667,69.0505281090736,95.9868133068085,199.92695748806,-63.5622732,-1.0,281.8291015625,-134.545806884766,347.170989990234,84.0400009155274,73.9124536514282,53.037828207016,-0.9944833338383785,-0.749987427709369,2.55795728403196,1.4959749152138784,0.0,0.0,1.0,7.0,0.0,0.0,0.0,24060101.0,-30.09562894735758,5.17770131306951,29.8340898513794,11.429032874107369
2024-06-01 19:06:38+00:00,ESP,ESP,20.0349074905054,15.791846104497917,0.0,10.63591081138864,5.288837455488897,-1.5131193837217,6.443665136343736,-10.794321254374651,2.97784209604144,2.977485602855444,-1.37431890476266,2.40396874820332,2.395201944271514,-25.555882585315498,-21.54802730111392,-22.837617218302718,45.4854583740234,16.699881362915022,1.0,324.634192080557,0.129477605223656,0.0,0.0,45.7762317608435,16.6985733032227,41.72880167757195,5.38810955931998,44.6513387,-5.11262497820492,4.627634212374688,1817.18714237213,125.375971198082,133.062660694122,41.8053269386292,-63.5622332,-1.0,280.519989013672,-131.451599121094,344.023712158203,83.0400009155274,74.0015089511871,69.8845982551575,-0.72598782383281,0.490991777024363,-1.20697969698417,1.7711702911784435,0.0,0.0,1.0,7.0,0.0,0.0,0.0,24060101.0,-32.35166365285596,5.83784123078535,29.8900909423828,13.154798902784064
2024-06-01 19:06:39+00:00,ESP,ESP,19.73081107620242,15.535392308712579,0.0,10.535904206089679,5.209508991770067,-0.8985655999417144,6.444402369887275,-10.791236997077501,2.978563449395156,4.429841275843183,-1.09062843832921,2.40289299340904,2.393575505475404,-26.691498865025817,-20.629377444540417,-22.63789019263104,47.0872512817383,19.19108722686768,1.0,324.583102265565,0.129675203561783,0.0,0.0,46.1590638638227,19.2652267456055,44.17026133412945,3.250945545145786,44.6513696,-2.91855776159302,3.6549475975334658,1817.07935333252,138.48851621151,222.37429022789,2.41848244331777,-63.5621871,-1.0,278.393585205078,-127.763900756836,340.417785644531,81.9400024414062,74.0402281284332,69.9116587638855,-0.6759886513133485,0.178996993330166,-3.37294335320411,2.338360811177894,0.0,0.0,1.0,7.0,0.0,0.0,0.0,24060101.0,-35.04593968795638,6.23384748801305,29.69291553497315,14.780613136291501
2024-06-01 19:06:40+00:00,ESP,ESP,19.6900392864804,15.64464767316666,0.0,10.83659799090288,5.688145255406651,0.032272654500480426,6.443813052627945,-10.79167754427895,2.9782027727182983,4.52147022723829,-2.2637388814057253,2.402893206852454,2.393575505475404,-26.672044095703406,-19.6577666426521,-24.29795913266618,47.6454837799072,20.30878921508786,1.0,324.526384374698,0.129887808859348,0.0,0.0,47.7447639966275,20.3907485961914,46.483219519189646,1.5645737600603458,44.6514036,-2.1771861906348,3.016302036121486,1817.0499563217159,117.403261363506,108.234018087387,18.2703044265509,-63.5621358,-1.0,276.707397460938,-123.120399475098,336.175109863281,81.0400009155274,74.0537822246552,69.9213266372681,0.463992225998288,1.37397707513904,0.171997103307747,2.323360947364264,0.0,0.0,1.0,7.0,0.0,0.0,0.0,24060101.0,-39.168347489822835,6.44997559080659,29.820779228210448,14.25036317385161
2024-06-01 19:06:41+00:00,ESP,ESP,19.73080834412674,19.14855247587502,0.0,18.14285083380134,16.8268002515037,17.37151910762436,6.4439599016951,-10.7915306952118,2.9782027727182983,4.520027179021397,-2.5689677624174347,2.314443153563116,2.510412081087412,-26.9981948493269,-2.3592895213159624,-25.85026749514712,47.3579475402832,20.24954441070556,1.0,324.467590106322,0.130100400745869,0.0,0.0,49.8604116769443,20.2285285949707,48.06569409515885,2.215762885623618,44.6514371,-2.4437020930394,3.03595196455717,1817.08915233612,255.940496921539,75.9449079632759,30.3636305034161,-63.562082,-1.0,274.352813720703,-118.940696716309,331.711090087891,79.9400024414062,74.0537822246552,69.9135899543762,-0.08049864521137351,-1.03798256750637,2.56595671621052,1.38357679929579,0.0,0.0,1.0,7.0,0.0,0.0,0.0,24060101.0,-41.42769142197412,6.42392652997263,30.1902940750122,13.67603130340577
2024-06-01 19:06:42+00:00,ESP,ESP,19.722655147314498,19.394263408624337,0.0,18.848752592069438,18.4470220386757,17.01077908076082,6.444106750762256,-10.791090148010351,2.97784209604144,4.5196666304105815,-2.909395062821445,1.4194565727464918,3.398480064472956,-26.425618725166895,-2.711876247980604,-26.05313367576132,49.036600112915,20.82073116302488,1.0,324.411883083452,0.130285701155663,0.0,0.0,51.9381313168001,20.8013746261597,50.090160457603346,4.791519685321318,44.6514692,-2.77757027740609,3.664764994755388,1816.912841796878,173.749268054962,131.009370088577,-46.1533069610596,-63.562026,-1.0,271.221893310547,-113.247100830078,327.665496826172,78.9400024414062,74.0460395812988,60.4163825511932,-0.31349474392874255,0.0439992615451623,3.94093377373273,2.2793617651933697,0.0,0.0,1.0,7.0,0.0,0.0,0.0,24060101.0,-41.34697156334398,6.53095943624814,31.18510780334475,14.793528679439012
2024-06-01 19:06:43+00:00,ESP,ESP,19.700231636269358,16.1798531003018,0.0,12.290510306691141,7.675072727418019,2.6684758492843423,6.444107817979315,-10.7887405629359,2.978563449395156,4.570170585926222,-2.19544264595601,0.4131678861689275,4.405010976889249,-28.184927923276103,-17.03175664075868,-26.2597947094784,50.6824722290039,22.419082946777337,1.0,324.424286706984,0.130426302552223,0.0,0.0,54.1458601924125,22.4468467712402,52.447120428844045,6.0354988798932485,44.6515015,-2.613476263257,5.0009828060865384,1817.040157318116,253.349810838699,345.29921412468,10.4164220392704,-63.5619651,-1.0,268.657989501953,-108.522201538086,311.010498046875,77.9400024414062,74.0673363208771,60.3622615337372,-0.688988422294587,-0.560990597207269,-0.7289877443019,2.2487623042682996,0.0,0.0,1.0,7.0,0.0,0.0,0.0,24060101.0,-42.93361631131092,6.89574148368512,31.45623664855955,15.777009691510857
2024-06-01 19:06:44+00:00,ESP,ESP,19.718577182870558,15.791580068629802,0.0,11.625571754196539,6.768695952386753,2.251059851839046,6.44425466704647,-10.78624412879425,2.97784209604144,4.767497397746195,-3.008161732653945,-0.5955403780800935,5.424825582712843,-28.13838940483784,-17.46751758716358,-27.034485351934485,51.8362083435059,24.27758308410646,1.0,324.4621805965,0.13050491809845,0.0,0.0,55.4178736423007,24.2889003753662,54.90808198302925,5.439708821046394,44.6515351,-1.75432437664255,5.02063278108835,1817.010760307312,208.855524659157,268.190383911133,-22.0912024378777,-63.5618981,-1.0,265.505493164062,-103.05249786377,306.692901611328,76.9400024414062,74.0789473056793,60.3525936603546,-0.9449841525105049,-0.182996936203067,-0.302994902225008,2.866151811836942,0.0,0.0,1.0,7.0,0.0,0.0,0.0,24060101.0,-46.07869029578354,7.10459714255989,31.47419242858885,15.396453323364257
2024-06-01 19:06:45+00:00,ESP,ESP,19.72877089869732,15.77568212031764,0.0,11.688526632304919,6.838533953631215,2.326228644975974,6.4435185007199856,-10.782866173362851,2.9771203158008963,4.992240759649328,-1.83925505756816,-1.3421243171899602,6.178706943956715,-27.681778281463078,-17.402541656079798,-27.31671969674208,52.9834213256836,26.28811820983886,1.0,324.513488977545,0.130576707422733,0.0,0.0,59.9264268719127,26.2773588180542,58.55651632065075,5.87390147064053,44.6515687,-2.53157354392867,5.02063278108835,1816.9128417968761,246.601194143295,236.277252435684,115.441761910915,-63.5618228,-1.0,262.056610107422,-96.5657424926758,302.040008544922,75.9400024414062,74.1254150867462,75.2005577087402,-0.610989769726731,0.51699131898684,0.651989100797643,3.64473894914845,0.0,0.0,1.0,7.0,0.0,0.0,0.0,24060101.0,-47.98163768911918,7.35217357072628,31.021418380737302,16.275951576232913
2024-06-01 19:06:46+00:00,ESP,ESP,19.704308576184964,15.161048423324383,0.0,9.74747702868434,3.753387195162668,-2.601355217456824,6.44366534978714,-10.7772850550373,2.97784209604144,4.974203766843887,0.11295033137639698,-1.3902476956477539,6.185484455292756,-29.079077549787296,-22.30566398574084,-27.6779506434522,53.7683361053467,28.13523376464844,1.0,324.576299397152,0.130648308992386,0.0,0.0,62.3520456122377,28.1058013916016,60.91947832062465,6.293894498459668,44.6516009,-1.92754256302742,5.0009828060865384,1816.87364578247,402.080714702606,382.245689630508,100.936681032181,-63.5617386,-1.0,258.166809082031,-88.362922668457,297.814910888672,75.0400009155274,74.1738140583038,75.2392172813416,-0.6474891533929414,-0.442992569271246,-0.262995606898121,1.6047730732082066,0.0,0.0,1.0,7.0,0.0,0.0,0.0,24060101.0,-50.495451930120886,7.7585117697341,31.01379318237305,16.675910063350905
2024-06-01 19:06:47+00:00,ESP,ESP,19.70430652712822,14.3696542117436,0.0,8.26843525165649,1.529181341951264,-5.508663081189619,6.4439599016951,-10.77170436359855,2.978563449395156,4.969874878325298,0.28946868640936346,-1.348038940846076,6.150243155119063,-29.14736031695778,-25.21296918143098,-28.08961434095586,55.6209537506104,30.07686126708984,1.0,324.652797515856,0.130711099505424,0.0,0.0,63.1552075567395,30.0371635437012,61.25297596722885,6.008099319905648,44.651634,-2.08037508933904,5.158182326704264,1816.883468627934,356.775254011154,493.623495101929,136.43890619278,-63.5616473,-1.0,253.784805297852,-81.8050689697266,306.252288818359,74.0400009155274,74.1912364959717,75.2585470676422,-0.327994515165166,0.383993528622808,0.347994162828609,0.24699585808487604,0.0,0.0,1.0,7.0,0.0,0.0,0.0,24060101.0,-52.87257632733876,7.9833761113629,31.60397872924805,16.643756031990037
2024-06-01 19:06:48+00:00,ESP,ESP,19.70023095325046,14.18019961982888,0.0,8.1243204799807,1.390423679740588,-5.572081814520014,6.44351828727658,-10.768766955368651,2.978563449395156,4.96771056213205,0.09719018679985625,-1.3472324449154862,6.14970109423106,-28.698758614913196,-25.272312938525182,-28.36443895504238,57.0157642364502,31.659720611572265,1.0,324.751179560661,0.130752405524254,0.0,0.0,64.1997757072662,31.5884468078613,62.38695470908565,5.625505761283199,44.6516687,-2.53845965527251,5.1385323517024535,1816.86387062073,361.073523759842,437.741726636887,136.72935962677,-63.5615505,-1.0,249.589004516602,-74.5915222167969,290.077209472656,73.0400009155274,74.2125332355499,70.3755974769592,-0.685988501825497,-0.807986405933356,-1.18398010217121,1.6325725727882212,0.0,0.0,1.0,7.0,0.0,0.0,0.0,24060101.0,-54.50008199899641,7.9247363760174,31.69445114135745,16.94149332046508
2024-06-01 19:06:49+00:00,ESP,ESP,19.704307551656576,14.103300056756279,0.0,8.0058074771256,1.1072377194938867,-5.995426586919604,6.443076886301466,-10.7514362041234,2.97784209604144,4.965906709172248,0.825850952470509,-1.34696357024994,6.147532679924308,-28.173483941321756,-25.699734565463018,-28.414540783170622,58.1530792236328,33.617773361206034,1.0,324.855189681342,0.130692900717258,0.0,0.0,65.8798861298735,33.6115756988525,63.7059325397068,5.4761081797938616,44.6517032,-2.6689041021453,5.168007221072916,1816.903018951416,373.53652715683,354.999661445618,144.45760846138,-63.5614466,-1.0,245.209701538086,-64.5979690551758,272.10791015625,71.9400024414062,74.2589950561524,66.04163646698,-0.2574956837803545,0.628989399262977,0.170997120924575,1.0421825148600328,0.0,0.0,1.0,7.0,0.0,0.0,0.0,24060101.0,-56.195821943481384,7.88136211346688,31.48746356964115,17.224549176142766
2024-06-01 19:06:50+00:00,ESP,ESP,19.69615503786324,13.55786522605592,0.0,6.325908619627894,-1.4761944152371718,-9.923854369659395,6.4435185007199856,-10.72323819502185,2.978563449395156,4.9684320008631335,0.770164927095498,-1.3458881996538041,6.14699019214948,-28.28792307784638,-29.620009407522662,-28.25164145448476,58.8235404968262,35.17776741027832,1.0,324.944309989632,0.130530412495136,0.0,0.0,66.1334364122427,35.1719947814941,64.75441780372256,5.470108370872191,44.6517382,-1.95658879624655,5.089407600462436,1816.824626922606,503.412783145905,550.452947616577,195.352509617805,-63.5613362,-1.0,240.153198242188,-54.1285018920898,267.627288818359,70.9400024414062,74.2899715900421,66.0339057445526,-0.300994950798877,-0.41599301824517,-1.42797601710864,1.1539806626925588,0.0,0.0,1.0,7.0,0.0,0.0,0.0,24060101.0,-57.883921638360775,7.72690421557622,31.3119140625,17.284262351989714
2024-06-01 19:06:51+00:00,ESP,ESP,19.69819316631158,13.312049620657541,0.0,6.0796750920296905,-1.8634751751692922,-9.90366501349177,6.44351828727658,-10.6894590675947,2.97784209604144,5.859830427176658,0.717103375228637,-1.3466948023061,6.146719033639432,-27.829022475061823,-29.601858179803337,-28.60109749657524,59.6445831298828,36.5984658050537,1.0,325.031572486468,0.130414500832558,0.0,0.0,67.4751792633675,36.6467960357666,66.26289240267656,4.905117769427037,44.6517732,-1.87329698719577,5.177832208573822,1816.9520139694243,398.419320583344,442.521870136261,247.668296098709,-63.5612201,-1.0,235.742294311523,-45.4033012390137,263.621795654297,70.0400009155274,74.2957830429077,66.028106212616,-0.3334944182726125,0.704988220466621,-0.291995069329688,1.6063730663656242,0.0,0.0,1.0,7.0,0.0,0.0,0.0,24060101.0,-59.98651751019266,7.51427615784549,31.5187265396118,16.721910790034695
2024-06-01 19:06:52+00:00,ESP,ESP,19.68596268807426,13.01004358575002,0.0,5.412652478064587,-2.968064253357742,-11.789014253676157,6.44366620356079,-10.6230756052777,2.97784209604144,7.2137017305880295,1.21618903314117,-1.3466948236504421,6.156207276302318,-27.941553939751323,-31.474977454014642,-29.464267434068024,59.7686256408691,37.47802162170409,1.0,325.114490982992,0.130351307988167,0.0,0.0,69.0364580547949,37.4925682067871,67.62886876497654,4.50172457723461,44.6518073,-1.81256956184177,5.1188823767006415,1816.8736696243323,587.977707386017,543.271780014038,276.68622136116,-63.5610991,-1.0,230.458801269531,-33.976978302002,259.920684814453,68.9400024414062,74.2977201938629,66.0319745540619,0.6754887001424019,1.02498279652513,-0.589990139680115,1.1287810852922797,0.0,0.0,1.0,7.0,0.0,0.0,0.0,24060101.0,-62.70676465659312,7.20332240437055,31.80494441986085,14.922188758850096
2024-06-01 19:06:53+00:00,ESP,ESP,19.63705887512646,11.627787809072741,0.0,2.6608572855293757,-7.34035529440541,-17.95914606588466,6.444106750762256,-10.626747685730251,2.9771203158008963,5.382566177789596,0.5426888118415285,-1.34777006618053,6.147261265282163,-28.670531150620842,-37.596203916482736,-30.712319897328843,59.1208786010742,38.032860031127925,1.0,325.190688573373,0.130342403054237,0.0,0.0,68.6246864403023,37.9554084777832,68.39685523525276,3.22394589273409,44.6518411,-0.824331155338902,5.099232494831086,1816.8932199478156,985.392868518829,742.528975009918,607.867777347565,-63.5609754,-1.0,226.263198852539,-23.2744903564453,256.571197509766,67.9400024414062,74.3151426315308,66.0358369350433,1.71897121077686,0.911984680504968,-1.80996960764553,0.9255844889408766,0.0,0.0,1.0,7.0,0.0,0.0,0.0,24060101.0,-66.32957895463794,6.63801454063845,32.40832557678225,11.820463907718647
2024-06-01 19:06:54+00:00,ESP,ESP,19.65131962709452,11.551642128129801,0.0,2.5161949461255637,-7.47624668907523,-17.75660329472762,6.442635271882946,-10.6329166272112,2.97784209604144,4.372843603351518,0.3645931099971135,-1.347232402226802,6.148345557812905,-26.463383865616258,-37.40792360484108,-31.432427424542198,60.0151519775391,39.39668907165528,1.0,325.242898539389,0.130163110792637,0.0,0.0,70.9327917759572,39.3401458740234,70.3268208078883,1.0361826045527431,44.6518743,-1.32460782748796,5.1188823767006415,1816.9519901275642,1173.41756820679,957.903623580933,830.231964588165,-63.5608484,-1.0,221.381301879883,-14.0837001800537,253.666793823242,66.9400024414062,74.3093311786652,66.02423787117,0.7269878328964084,-1.43897582332353,-2.17296342618044,2.1095645857760017,0.0,0.0,1.0,7.0,0.0,0.0,0.0,24060101.0,-68.65915020881636,5.8122280213978,32.531039428710955,11.077036142349238
2024-06-01 19:06:55+00:00,ESP,ESP,19.68188950476274,11.844682002959058,0.0,3.2320269883619104,-6.560738804897298,-16.41853850047088,6.443811985410891,-10.626747685730201,2.9782027727182983,4.18706015273833,0.6666720331616135,-1.347501276892348,6.150243752760616,-23.20377922008414,-36.10042800523364,-30.550525693250684,62.0196350097656,41.86433784484864,1.0,325.297703977289,0.129837718605995,0.0,0.0,74.0389295840472,41.8363117218018,72.48528694411195,-0.5601906126347518,44.6519047,-2.07447188490544,5.1090573891997355,1816.9030427932782,1009.26780700684,889.840066432953,862.963676452637,-63.5607127,-1.0,216.973297119141,-0.722970902919769,251.463500976562,65.9400024414062,74.3151426315308,66.028106212616,-0.408993161573285,-1.81696948432773,-2.08896490599398,1.9551671777481718,0.0,0.0,1.0,7.0,0.0,0.0,0.0,24060101.0,-68.99893709360832,5.26169342995362,31.88700714111325,12.800809860229517
2024-06-01 19:06:56+00:00,ESP,ESP,19.70226874018934,12.163211802261399,0.0,3.6565643117905857,-5.61870511268134,-15.697092597689641,6.44322458914227,-10.6216071146061,2.977481205921168,3.906401489883568,0.3325473298348685,-1.346694759617418,6.149972765005296,-22.679267478622982,-35.399361679388434,-28.79620594833016,63.613916015625,44.7065435028076,1.0,325.3543945474,0.129367098212242,0.0,0.0,75.7258565354461,44.6891899108887,74.6232488524472,-0.9823835683463376,44.6519328,-1.86736859643961,5.079582519829274,1816.7854785919183,798.675894737244,732.65278339386,803.485989570618,-63.5605661,-1.0,211.470703125,6.80991506576538,250.543701171875,65.0400009155274,74.3461191654205,63.5093092918396,-0.87298539424168,-0.448992463570279,-1.24697899231106,2.386359880192792,0.0,0.0,1.0,7.0,0.0,0.0,0.0,24060101.0,-69.11265701121337,5.08496954225554,30.9003765106201,14.84123961925504
2024-06-01 19:06:57+00:00,ESP,ESP,19.71857752438,12.161255294573639,0.0,3.5774107862918725,-5.516131466160206,-15.49113678100438,6.444549432397835,-10.587975263133,2.979284589305462,3.562251779070582,0.049907798728992994,-1.34615707431935,6.147261436036892,-22.69452612122882,-35.20971464689386,-27.18092187566384,65.8237129211426,47.62123695373534,1.0,325.419090099218,0.128794299066067,0.0,0.0,78.4740651102708,47.6664951324463,77.08120512339765,-0.548590816989955,44.6519584,-2.2889464415896,5.11888237670064,1816.981387138368,739.111065864563,616.439938545227,713.648021221161,-63.5604085,-1.0,206.666198730469,22.8442096710205,250.094100952148,64.0400009155274,74.3732213973999,52.4250447750092,-1.032982655590505,0.142997614195754,0.785986793503568,2.584956552245516,0.0,0.0,1.0,7.0,0.0,0.0,0.0,24060101.0,-69.19436929632991,5.21866409195619,30.214683723449753,16.98258447647096
2024-06-01 19:06:58+00:00,ESP,ESP,19.698195556877778,12.272873050706881,0.0,3.828699763781624,-5.180140971263668,-14.776191510765699,6.444107604535905,-10.58254142076145,2.978563449395156,2.6621961306727484,0.44129489373652747,-1.345350514355736,6.147533106811136,-25.179759777158,-34.47438809217186,-26.136189459087596,67.4979606628418,50.536197509765614,1.0,325.493703085712,0.128362302482128,0.0,0.0,80.3461243391229,50.4634632110596,79.69066865051724,0.44399255165441787,44.6519812,-1.27206713090616,5.02063278108835,1816.8540716171278,762.501895427704,718.148350715637,630.123734474182,-63.5602394,-1.0,201.037506103516,36.1769485473633,250.519805908203,63.0400009155274,74.4061350822449,41.7215973138809,-0.917484636973267,0.0739987563857008,-0.505991512771946,2.309361258032876,0.0,0.0,1.0,7.0,0.0,0.0,0.0,24060101.0,-70.25786390104672,5.68755017517522,30.3360294342041,16.20363912582396
2024-06-01 19:06:59+00:00,ESP,ESP,19.69616152654296,13.053355181314922,0.0,5.484445962468424,-2.896832413274919,-11.421949983905385,6.443813052627945,-10.549202413648949,2.97784209604144,2.923374026797572,0.3120589501197985,-1.346157138352374,6.150514142874386,-27.489520067648776,-31.118111681203082,-25.54384745048852,70.9273155212402,53.69586822509766,1.0,325.571594563006,0.127944910526276,0.0,0.0,82.4989931353218,53.6971996307373,81.75012777962701,1.3567772500824358,44.6520001,-1.76533837684431,5.02063278108835,1816.7756795883179,652.907490730286,635.135352611542,592.269659042358,-63.5600588,-1.0,193.37190246582,49.6312484741211,251.26350402832,61.939998626709,74.4506597518921,41.7177319526672,-1.802469739771735,-0.395993370581727,-0.338994348060486,2.4471588944670257,0.0,0.0,1.0,7.0,0.0,0.0,0.0,24060101.0,-70.73230933136333,6.23321398796754,30.90912952423095,17.29651863098142
2024-06-01 19:07:00+00:00,ESP,ESP,18.712625555873263,11.140125791957479,0.0,3.0659681849207017,-6.07955103871889,-15.557186076316238,6.4439599016951,-10.52217962397145,3.1654025911219383,3.3620393830810094,0.4313148801214415,-1.3442750797265721,6.136689242352728,-25.35828452960812,-34.26981299822734,-25.58634796108944,72.9668380737305,56.74529663085938,1.0,325.643885285182,0.12747470587492,0.0,0.0,84.6745381595651,56.7471759796142,84.0975920803741,1.0165829551786538,44.6520155,-1.14886375177065,5.118882469832895,1816.8344736099239,587.864637374878,610.167384147644,575.341403484344,-63.5598664,-1.0,186.366500854492,66.0282669067383,253.719299316406,60.939998626709,74.4661509990692,41.7061328887939,-1.85896874442096,-0.0229996131557533,-0.54899075524835,1.9559672276877358,0.0,0.0,1.0,7.0,0.0,0.0,0.0,24060101.0,-73.42864944963094,6.87142387580576,31.87051219940185,14.407675777162842
2024-06-01 19:07:01+00:00,ESP,ESP,18.670079624514322,11.130382185597,0.0,3.123853696627104,-6.019504199027006,-15.323354208571383,6.444696068021585,-10.528788258880251,4.97211833933555,2.996244503967474,0.0346731118110795,-1.3442750797265721,6.136418254597407,-24.318415549230377,-33.993434857614076,-25.90185762149552,74.7724479675293,59.41048370361328,1.0,325.696996836168,0.126771792769432,0.0,0.0,86.7592894791714,59.3776702880859,86.5975471845309,0.6515890651556918,44.6520266,-0.878663122391385,5.187657196074726,1816.79527759552,587.464332580566,655.682802200317,547.445833683014,-63.5596633,-1.0,177.692092895508,80.7382888793945,257.585388183594,59.939998626709,74.4680821895599,41.7042016983032,-1.600473191649245,2.51495804155556,4.17993020364112,2.73975395322662,0.0,0.0,1.0,7.0,0.0,0.0,0.0,24060101.0,-76.09787235085571,7.30843986947069,32.7771074295044,9.230508291721343
2024-06-01 19:07:02+00:00,ESP,ESP,18.70046577009386,11.8587615841594,0.0,4.466511835789382,-3.770380961949752,-12.1222219587501,6.444401302670215,-10.523795390597,5.003859252936974,3.240829010456624,-0.429737506629565,-1.3421243812229862,6.136689498484822,-23.59859420694324,-30.82268824110818,-26.165035055499864,75.3224166870117,61.7366862487793,1.0,325.750381594721,0.126063904166222,0.0,0.0,89.0046390367322,61.7062294006348,89.07300240013484,0.411793086899762,44.6520319,-0.854596043716346,5.1483573392033595,1816.8050765991218,619.447708129883,676.181554794312,626.973748207092,-63.5594512,-1.0,167.453094482422,98.1642532348633,275.449096679688,58.939998626709,74.4700193405151,41.6984021663666,-1.957467115885125,-0.679988554165611,-0.375993696237857,2.561357032035678,0.0,0.0,1.0,7.0,0.0,0.0,0.0,24060101.0,-79.4187649668293,7.6126240517045,32.9482915878296,4.816195256710052
2024-06-01 19:07:03+00:00,ESP,ESP,18.70249194571116,12.07338081278794,0.0,4.779383634449308,-3.3876588890491997,-11.552367664974367,6.44396075546875,-10.5406843139803,5.003498362816702,2.377929719209704,-0.574208167179687,-1.3292198273476439,6.127472499709348,-25.17823357138796,-30.25485909842134,-27.20451778868008,75.2635162353516,63.36793350219726,1.0,325.613094792403,0.127625097334385,0.0,0.0,91.7738982545789,63.2892562866211,92.1879545673488,0.07419875152831391,44.6520307,-0.51841952221446,5.148357246071104,1816.756105422974,763.988256454468,747.400462627411,724.638879299164,-63.5592317,-1.0,157.945495605469,114.71199798584,282.613708496094,57.939998626709,74.4816362857819,41.6790693998337,-2.111964500806935,0.455992340252484,0.531991054734423,3.169146815447574,0.0,0.0,1.0,7.0,0.0,0.0,0.0,24060101.0,-84.20514843527214,7.72158008311819,34.205304336547854,-0.0751723239296336
2024-06-01 19:07:04+00:00,ESP,ESP,18.75112630769622,12.902105764786858,0.0,6.580828525680422,-0.5091994071651765,-8.010214485932826,6.44499083337295,-10.520857982367051,5.004219972302514,3.533392479591302,-0.61886321693161,-1.149899848779058,5.968888655295802,-22.96307652354372,-26.76134028136488,-27.76057510033238,75.1130035400391,65.13060745239258,1.0,325.38228903997,0.130246701836586,0.0,0.0,95.1800521219617,65.21220703125,95.16990587594961,-0.4435925867155966,44.6520219,-0.661801574674865,5.276089441031218,1816.7952537536598,488.741010427475,603.068768978119,564.910471439362,-63.5590074,-1.0,147.338897705078,132.281997680664,268.9501953125,56.939998626709,74.4816362857819,41.6365414857864,-2.789953303649615,0.32099463848296,0.997983165457776,2.774753422015008,0.0,0.0,1.0,7.0,0.0,0.0,0.0,24060101.0,-88.4167523605287,7.47457056065291,34.54410209655765,-3.7314472532272345
2024-06-01 19:07:05+00:00,ESP,ESP,18.70654327241736,11.62229394641386,0.0,3.595276085217052,-5.36485302132818,-14.779654416674898,6.44454815173737,-10.5146890408861,5.00566267900995,2.820562049363084,0.837935691546376,-0.9942381940801994,5.7739802427062035,-23.661535424673282,-33.486198372111176,-29.179816351365282,74.2789009094238,66.08030822753906,1.0,325.315407827618,0.132178401947021,0.0,0.0,97.599858371303,66.0431030273438,96.9718737035391,0.018799685812408796,44.6520043,-0.69808348618512,4.951857961714266,1816.824674606324,568.260550498962,626.577854156494,620.972692966461,-63.5587786,-1.0,133.306198120117,146.791397094727,278.111297607422,56.0400009155273,74.4816362857819,41.6249454021454,-1.6734719056208198,0.630989417390174,-1.16398056122947,1.118581224963283,0.0,0.0,1.0,7.0,0.0,0.0,0.0,24060101.0,-92.19605039057201,7.21688203742032,35.59099445343015,-9.47028697454012
2024-06-01 19:07:06+00:00,ESP,ESP,18.696413760368763,11.05633644631432,0.0,2.655060247848696,-6.719204828547663,-16.342401015754923,6.443665136343736,-10.4867847299188,5.004220143057245,2.956562727059628,1.9290905613697849,-0.9049815808272482,5.698890082122096,-22.0273470959317,-35.038814434614224,-29.918201123288156,73.601634979248,67.12636459350587,1.0,325.486381122921,0.133104112744331,0.0,0.0,97.2694616305819,67.0597778320312,95.61940062522814,-0.5853901993731816,44.6519825,-1.14121052480565,4.863433353602884,1816.87366962433,739.576995372772,788.421988487244,747.460007667542,-63.5585476,-1.0,121.385803222656,164.197601318359,301.607299804688,55.0400009155273,74.4835734367371,34.3159794807434,-2.089964995098855,-0.86698547326222,-2.00996629772337,-1.9053679910331742,0.0,0.0,1.0,7.0,0.0,0.0,0.0,24060101.0,-95.453532896329,6.5897831598144,35.327130317687946,-13.422793513077947
2024-06-01 19:07:07+00:00,ESP,ESP,18.682233263123443,11.2805059869498,0.0,3.17210339089586,-5.951788166802935,-15.351741499290359,6.444401302670215,-10.45344614969315,5.003859252936974,2.0611964090694896,3.5303611776046298,-0.798518803248366,5.601300253883588,-21.13205204669668,-34.0339754454327,-30.172211760407418,73.212622833252,68.07502029418946,1.0,325.624514868696,0.133107800781727,0.0,0.0,94.5353505662042,68.0289710998535,91.2604661044798,-0.6019898962616692,44.6519643,-1.82901494981587,4.9322080798447105,1816.707110404966,887.436270713806,900.719523429871,869.871556758881,-63.558312,-1.0,107.236602783203,186.850296020508,317.9580078125,54.0400009155273,74.4893789291382,28.3176422119141,-1.617972936715615,1.4219761228096,1.29797820057455,-5.297310945484534,0.0,0.0,1.0,7.0,0.0,0.0,0.0,24060101.0,-97.96492105413748,5.36852698008273,34.388283348083505,-14.526887848797935
2024-06-01 19:07:08+00:00,ESP,ESP,18.68223326312346,11.45995725456084,0.0,3.5871842320412903,-5.164424193719279,-14.51735295443162,6.44454921895443,-10.41305796047035,5.004220143057245,1.986161594361996,3.890750452909945,-0.7434054305383215,5.53352940939143,-20.64377889840538,-33.19958519302667,-28.461892094120124,75.1442596435547,68.36575149536132,1.0,325.669594117218,0.130241096019745,0.0,0.0,88.8106001926013,68.3372200012207,84.41758302789461,-0.8019865436508342,44.6519586,-2.51496785995249,4.971508029848336,1816.63854122162,932.732880115509,1047.20234870911,1019.30594444275,-63.5580734,-1.0,95.9388580322266,205.659805297852,331.817901611328,53.0400009155273,74.4951903820038,23.7285181879997,-2.8459523171072547,-3.33794396979308,-4.2659282617071,-7.344276591385278,0.0,0.0,1.0,7.0,0.0,0.0,0.0,24060101.0,-94.56542798723326,4.07632306412119,32.1829153060913,-6.012420491611264
2024-06-01 19:07:09+00:00,ESP,ESP,18.702491945711138,12.24165293902966,0.0,5.15691158327382,-2.793779703688704,-10.91970756196885,6.444107604535905,-10.402924947949849,5.003498362816702,2.158236663211904,3.638057679446685,-0.7218978158443567,5.513198497553235,-21.5245782371649,-29.622200532208375,-25.81876393061936,76.5640914916992,68.77480407714845,1.0,325.81671639194,0.127351498603821,0.0,0.0,80.0715370741101,68.8104286193848,76.7807109508629,0.329194488688887,44.6519749,-2.01417689590327,5.344856530427933,1816.6189432144158,790.056467056274,896.079838275909,780.14999628067,-63.557834,-1.0,84.6832962036133,224.692993164062,344.932403564453,51.939998626709,74.4893789291382,23.7033888697624,-1.86496879880255,4.23492859438535,6.03489901852939,-6.9250839763595,0.0,0.0,1.0,7.0,0.0,0.0,0.0,24060101.0,-88.76736919326862,2.96981086079456,30.93058376312255,-0.14328209091635316
2024-06-01 19:07:10+00:00,ESP,ESP,18.71059698968974,12.47279080941112,0.0,5.772486907221544,-1.735270582113106,-9.2401913658194,6.443813052627945,-10.368704846434401,5.003859252936974,1.85232572377855,5.540354475919565,-0.713294755025732,5.524583739880734,-21.065677634380343,-27.950788355509143,-24.14448580654438,81.6095695495606,68.4857730102539,1.0,326.378294545498,0.125377808511257,0.0,0.0,73.8479574948537,68.4710266113281,68.31685322950446,0.5045915374355048,44.6520131,-2.68172116556624,5.600313376635312,1816.5895700454719,888.895869255066,892.485320568085,836.730122566223,-63.5575996,-1.0,77.2731094360352,243.182205200195,356.548614501953,50.939998626709,74.5300352573395,23.6975893378258,-2.2064631561818198,1.6849717030273,7.22487848139111,-10.030831524515815,0.0,0.0,1.0,7.0,0.0,0.0,0.0,24060101.0,-79.39460112358361,2.02320042957051,30.689380645752003,13.717343587033866
2024-06-01 19:07:11+00:00,ESP,ESP,18.73490938954986,13.805943843881,0.0,8.516095008130755,2.618479163380622,-3.33193570851232,6.4435185007199856,-10.35210876741175,5.003498362816702,1.6200063800810605,6.159743990943236,-0.7643754132950713,5.564432685668516,-20.94589831445312,-22.066845396882982,-21.06558098720358,85.3568481445312,67.3124482727051,1.0,326.780620008369,0.123234401643276,0.0,0.0,59.8365210918679,67.385041809082,53.5056033822574,1.0491823915422376,44.6520784,-2.58912365065814,5.7378857396543,1816.677713394164,771.093010902405,797.514915466309,745.634615421295,-63.5573801,-1.0,71.7470932006836,261.169311523438,358.151306152344,49.939998626709,74.539715051651,23.6898571252823,-1.862468736122915,0.264995571664466,0.864985508495876,-15.86973348367928,0.0,0.0,1.0,7.0,0.0,0.0,0.0,24060101.0,-66.0796022272425,1.21388491151335,30.376378440856897,27.678120197969307
2024-06-01 19:07:12+00:00,ESP,ESP,18.88091151324808,14.52835570616558,0.0,10.25473315098112,5.4378236034581064,0.5733312015727462,5.66723100272466,-10.3510808239417,4.940737803590205,1.675561153766218,7.341259995649655,-0.9348234883959978,5.752022294430353,-19.42424110889154,-18.30758031167532,-17.85422616400626,86.8375099182129,64.75842636108396,1.0,327.031397233935,0.122851797938347,0.0,0.0,44.2105509124961,64.7565147399902,37.6628686118388,0.6567889948925272,44.6521798,-2.17668054319281,5.600336380302904,1816.6973114013658,701.468110084534,713.103413581848,649.43790435791,-63.5571987,-1.0,71.3010177612305,278.011993408203,366.099609375,48.939998626709,74.5552062988281,23.6879244446754,-2.05396552258295,-0.85898556083599,-0.918984557187173,-16.4435240154737,0.0,0.0,1.0,7.0,0.0,0.0,0.0,24060101.0,-53.18262183640881,0.522222923725952,30.2290414810181,37.38531074523928
2024-06-01 19:07:13+00:00,ESP,ESP,18.899157339087377,15.9189572909897,0.0,13.145001805824482,9.92587439810643,6.405824394237982,-1.190506561366575,-10.370173337106,0.8097099107889164,1.575634760501334,7.426366073698725,-1.220337412566602,6.047502595850084,-17.98879420952438,-12.49333260333994,-13.0336545251824,87.4541450500488,60.69279006958006,1.0,327.302091291121,0.122335915267468,0.0,0.0,24.8539775122402,60.7375511169434,18.674186702639602,0.08139863535932401,44.6523076,-1.8561764777109,2.5741939636645848,1816.7365074157701,481.512635946274,475.406914949417,457.164466381073,-63.5570721,-1.0,72.240592956543,291.021209716797,368.995300292969,47.939998626709,74.5629489421844,23.6917898058891,-2.32396097948285,-0.23799602063839,-1.14598077161067,-18.91508294966564,0.0,0.0,1.0,7.0,0.0,0.0,0.0,24060101.0,-36.043405487928865,359.925233106879,30.18079261779785,47.698469924926755
2024-06-01 19:07:14+00:00,ESP,ESP,18.643750611301737,16.119736507303,0.0,13.443489781045221,10.33393500006822,6.743984327969646,-9.43604891857154,-10.399253294384149,-0.49239515411517604,2.8223662438323442,5.69848616181005,-1.37331038464303,6.191990039722464,-18.396197235023802,-11.899765771067939,-10.31704872338318,80.8692352294922,53.25599418640138,1.0,327.539617949697,0.12161320745945,0.0,0.0,5.24845012003979,53.3767284393311,182.71493476771047,-2.9113511009336936,44.6524442,0.548661785590278,0.7663854979909956,1816.805100440982,217.515379190445,254.648298025131,312.971919775009,-63.5570183,-1.0,79.0654296875,300.795196533203,364.769500732422,46.939998626709,74.5610117912292,23.5197469592094,-1.328977707813737,1.02398292086366,-6.49689087955494,-14.68835374124678,0.0,0.0,1.0,7.0,0.0,0.0,0.0,24060101.0,-29.4055155128654,359.420372844189,30.17914981842045,46.618547744750984
2024-06-01 19:07:15+00:00,ESP,ESP,13.04125106157728,10.409184368093005,0.0,8.734628276663141,6.852239005677292,4.419847951363343,-10.906900274256198,-10.43185677550035,-1.76744828631195,1.5972796406532752,4.46180869559296,-1.3770743311398919,6.200664892232566,-14.82989677594534,-8.621403163574794,-9.779866297992712,72.8884918212891,45.3583396911621,1.0,327.534208439874,0.120487001538277,0.0,0.0,352.08174439236,45.3448127746582,352.330090070582,-8.705654101939766,44.6525674,1.95386355076771,235.66516637802133,1816.4426326751698,421.078264713287,184.764832258224,508.149266242981,-63.5570214,-1.0,89.1292037963867,303.66259765625,357.851715087891,46.0400009155273,74.0111887454986,23.1138005852699,-0.552490746950305,-0.265995527367211,-4.66492187292304,-8.826051895496324,0.0,0.0,1.0,7.0,0.0,0.0,0.0,24060101.0,-27.40660771829514,358.989060058481,30.15731620788575,40.31893913269048
2024-06-01 19:07:16+00:00,ESP,ESP,-2.128517378883096,-2.518029022672444,0.0,-1.8957610951778001,-1.3222269942980198,-0.9892016019140595,-10.90704755021015,-10.4330315680376,-1.9748473860018698,0.1809988230583186,4.22434969857806,-1.359330481515892,6.2117791468047425,4.219619280313639,1.139315579533879,-1.8954645795904561,68.7859497070312,38.8390264892578,1.0,326.84520627716,0.11866410523653,0.0,0.0,348.05294365005,38.7844264984131,346.0531872044755,-9.847635093428128,44.6526711,-0.58040983887382,624.9656200408938,1816.7757034301758,586.813628673554,263.118743896484,722.836315631866,-63.557047,-1.0,100.779197692871,302.623687744141,350.377014160156,45.0400009155273,73.9666640758514,23.0867370963097,-0.8054864766558516,-0.560990597207269,3.13594731494889,-5.940700123081702,0.0,0.0,1.0,7.0,0.0,0.0,0.0,24060101.0,-4.646553317122087,358.545234366213,30.12803421020505,37.011905364990234
2024-06-01 19:07:17+00:00,ESP,ESP,-8.001374598976891,-7.541433843759097,0.0,-6.224121810899147,-4.69539296898039,-3.4198933905398605,-10.90734252900495,-10.4299473107405,-2.399744788465854,1.3905735597041882,1.75887595067242,-1.347501276892348,6.212049963805333,9.938517761279055,4.58148125112572,6.234419260223947,64.1036727905274,34.24473220825194,1.0,326.401080056569,0.1174889087677,0.0,0.0,340.269505958713,34.3292747497559,341.0012924263885,-8.602055670911032,44.6527592,1.33161261336863,879.9076557159424,1816.393661499026,512.172996997833,262.131720781326,660.490274429321,-63.5570815,-1.0,109.811096191406,299.315185546875,343.389007568359,43.939998626709,73.9453673362732,23.0906039476395,-0.083498609036156,1.00098311260729,-0.568990402911793,-4.181129883680148,0.0,0.0,1.0,7.0,0.0,0.0,0.0,24060101.0,11.96856524204908,356.804164505264,30.2220085144043,33.97413282394408
2024-06-01 19:07:18+00:00,ESP,ESP,-18.34273290476716,-16.26041415703374,0.0,-13.2910659134894,-10.260561180645158,-7.174837698078564,-10.9074898049589,-10.4300941598077,-3.9128560613379144,1.6795292909027562,1.9311905777352951,-1.3480389195017342,6.211778976050015,17.38315621317748,11.16789563357542,8.448521385350881,60.2686340332031,30.408236389160162,1.0,326.228085025271,0.116966213285923,0.0,0.0,337.403066809356,30.4746082305908,338.7728066058885,-8.48725777870023,44.6528349,1.77570564350904,1145.264315605164,1816.3838624954237,649.571061134338,238.891705870628,642.130494117737,-63.5571219,-1.0,119.689796447754,297.030212402344,336.939514160156,43.0400009155273,73.9531099796295,23.1099337339401,0.7154880354899285,0.0219996307725811,-2.01996612155509,-1.9693670129665821,0.0,0.0,1.0,7.0,0.0,0.0,0.0,24060101.0,15.282845039622961,356.47074199074,30.2609035491943,29.268238493112413
2024-06-01 19:07:19+00:00,ESP,ESP,-18.3730568956253,-16.3658907193295,0.0,-13.40972730220424,-10.31334778538142,-6.957471025856407,-10.9074893780721,-10.4315630773661,-3.9651565273599956,0.9071764514448611,1.8660481287739752,-1.347501276892348,6.2090685008552615,17.41100391895198,11.415586125900962,9.99362645957838,57.2020614624023,27.64153667449952,1.0,326.262591140958,0.116919703781605,0.0,0.0,335.984354556474,27.727995300293,337.2473384962795,-8.953649732966463,44.6529018,1.40033883057094,1495.460844039918,1816.43285751343,669.989287853241,257.592916488647,699.236869812012,-63.5571617,-1.0,126.700798034668,293.295806884766,343.286499023438,41.939998626709,74.018931388855,23.1080010533333,0.37049379313040953,-0.76098718056341,-0.624989523091141,-1.2863783889214921,0.0,0.0,1.0,7.0,0.0,0.0,0.0,24060101.0,17.9170587817285,356.17851917729,30.2606168746948,26.294744314466207
2024-06-01 19:07:20+00:00,ESP,ESP,-18.362949240182,-16.365892085367317,0.0,-13.37407644681242,-10.221339331600522,-6.941974948799576,-10.90660614923505,-10.432591447723,-3.176679745705818,1.44829228672879,-0.4964573691034015,-1.205013125439568,6.056720192267113,17.3511137467242,11.420974803646619,11.284361799491,54.8378311157226,25.42286041259766,1.0,326.453699833935,0.117233709990978,0.0,0.0,336.072764525091,25.5582555770874,337.560830518805,-8.98884962511831,44.6529629,1.30237460124421,1800.068783760072,1816.4916276931758,646.764576435089,267.068326473236,653.87487411499,-63.5571995,-1.0,128.800003051758,291.016204833984,325.189788818359,41.0400009155273,74.0382969379425,23.1099337339401,0.8119863621464705,-0.248995826853284,-1.17998027936023,0.6673887908118761,0.0,0.0,1.0,7.0,0.0,0.0,0.0,24060101.0,19.700098106071078,356.21193246271,30.17090148925785,23.95472055162704
2024-06-01 19:07:21+00:00,ESP,ESP,-18.377104807236883,-17.01062745056124,0.0,-14.964550881847021,-12.39128155166768,-11.001942783443715,-10.906900274256198,-10.443752830600399,-3.06883221130574,2.0785120912098938,-0.249541873463495,-0.1368900790502482,4.953682975746772,17.39193061569474,7.375162009118934,12.45399190900376,52.977481842041,23.04516220092776,1.0,326.730021966997,0.11756549924612,0.0,0.0,338.657308107024,23.1130577087402,338.8222981566145,-7.3380769140530235,44.6530188,-0.349963791950085,1829.180574417116,1515.764236450196,588.63639831543,193.943038582802,554.445207118988,-63.557233,-1.0,130.903793334961,287.865203857422,332.097595214844,39.939998626709,74.0344226360321,26.6977250576019,0.12749783389573202,-2.67795517001262,1.51597457354949,1.528374291067807,0.0,0.0,1.0,7.0,0.0,0.0,0.0,24060101.0,21.39641554305038,356.499756634335,31.6271444320679,21.366952800750724
2024-06-01 19:07:22+00:00,ESP,ESP,-18.407438018850378,-18.66395704294234,0.0,-18.664008269361116,-18.63859142791218,-18.8947966048118,-10.906900274256198,-10.44301858526465,-0.6828416922686114,3.540606952279492,0.9787299827654204,1.0885077179527736,3.762544429782902,17.265665689641143,-0.4873579242868457,13.985439678476379,54.474959564209,21.51264907836914,1.0,326.98691904206,0.117725104093552,0.0,0.0,339.365762648494,21.6650802612305,339.84528290936396,-4.547123734741943,44.6530709,0.299956508580984,1829.327988624572,895.4130530357368,195.738136768341,-58.1600330770016,157.094925642014,-63.5572609,-1.0,132.839492797852,286.227600097656,327.486511230469,38.939998626709,74.0828216075897,26.7035245895386,-0.3594939935856225,0.854985631303301,2.15796390387627,0.6179896464089358,0.0,0.0,1.0,7.0,0.0,0.0,0.0,24060101.0,22.53934114970096,357.226242875214,34.00281085968015,19.82784585219164
2024-06-01 19:07:23+00:00,ESP,ESP,-18.3932793782104,-18.71038354627818,0.0,-18.67417090782716,-18.76040033855126,-18.620188849231443,-10.9067525714154,-9.37765549692299,2.1752976433292917,4.658191916779092,1.42527862599501,2.24776953627244,2.51502062316383,17.17068200545778,-0.2269100313099924,13.657715761532302,53.4900592803955,20.22901473999024,1.0,327.199884340381,0.117824010550976,0.0,0.0,338.59643746114,20.3512596130371,339.58931474002895,-3.0345491866726,44.6531202,1.01773724647622,1829.200220108034,240.13910425201175,118.961401283741,-68.1062266230583,67.7541717886925,-63.5572871,-1.0,134.602996826172,283.995788574219,317.132202148438,37.939998626709,74.1215407848358,26.7035245895386,0.5449908657363005,0.673988659866578,-0.271995421666244,-0.4713921009698474,0.0,0.0,1.0,7.0,0.0,0.0,0.0,24060101.0,21.11225986602928,357.89308790426,33.6666738510132,18.858688831329328
2024-06-01 19:07:24+00:00,ESP,ESP,-18.3932793782104,-18.71240220868738,0.0,-18.619271896335338,-18.6200959586587,-18.563398558358436,-10.9066052954614,-2.0963516888802753,3.684441515444586,3.0218576279776563,5.05072905689432,3.2328195037490404,1.136021651437532,17.04632475123936,-0.17011929487388278,13.105063469935939,50.8922595977783,18.61532398223876,1.0,327.425198620721,0.117981804907322,0.0,0.0,337.749931136166,18.7041257858276,338.47283835792,-2.49175823682255,44.6531657,1.3853638542591,1829.24933433533,0.0,235.983178019524,-36.8819162249565,146.497204899788,-63.5573126,-1.0,136.063201904297,281.875885009766,312.738098144531,36.939998626709,74.1273522377014,26.7093241214752,0.4519924240600085,-0.738987568133622,0.890984997097499,-1.6177729082224683,0.0,0.0,1.0,7.0,0.0,0.0,0.0,24060101.0,19.67918133475682,358.133510563045,32.8045938491821,17.49149866104125
2024-06-01 19:07:25+00:00,ESP,ESP,-18.38114691318772,-18.70634451391252,0.0,-18.56031882606168,-18.502239336982843,-18.51454733786722,-10.90704755021015,6.12636016071433,4.453080140720507,2.999130771155992,10.5832022415636,4.486983919099979,-0.07083955243671036,18.18499207645192,-0.13340077919568555,13.604940597362921,48.450757598877,17.1619062423706,1.0,327.652698561596,0.118189702928066,0.0,0.0,334.816310246132,17.3473726272583,334.208887862864,-2.8265525521520103,44.6532072,0.895995100936262,1829.2690038681042,0.0,226.518586277962,30.2886925637722,93.5012102127075,-63.5573377,-1.0,137.323806762695,280.357391357422,310.242797851562,36.0400009155273,74.1215407848358,26.7093241214752,0.4614922700403575,0.315994699886673,-1.28297835810526,-5.228112292635066,0.0,0.0,1.0,7.0,0.0,0.0,0.0,24060101.0,20.39775275242588,358.011632667495,31.4000707626343,16.241637325286874
2024-06-01 19:07:26+00:00,ESP,ESP,-18.358905085174438,-18.696249494319257,0.0,-18.5135798415713,-18.41491502693476,-18.565414147182537,-10.90734252900495,6.287472156960471,4.487345321484434,2.992276505569156,10.5690176462048,5.6984014674643415,-1.2481528990581443,21.02498678239998,-0.20650822557667387,17.06550221488148,45.4242610931396,15.7252759552002,1.0,327.931889374109,0.118582713603973,0.0,0.0,327.399790317009,15.795107460022,327.9345121667505,-2.8101529691340317,44.6532436,1.85630966639971,1829.2690038681042,0.0,218.961715698242,-35.9553806483746,24.2978110909462,-63.5573651,-1.0,138.522201538086,277.244384765625,305.363403320312,35.0400009155273,74.1254150867462,26.7112553119659,0.175997052850756,-0.549990790992375,0.806986476911036,-6.058298307474844,0.0,0.0,1.0,7.0,0.0,0.0,0.0,24060101.0,24.84574508523364,357.711787362932,31.3337888717651,14.131799197196964
2024-06-01 19:07:27+00:00,ESP,ESP,-18.338688066740662,-18.16961663761134,0.0,-17.104158695017578,-16.25256763571526,-14.952475278149175,-10.9067529983022,6.28805955322909,4.4866243096401766,2.989751640765096,12.0058546598228,5.961870209036792,-1.583753592924318,22.8377005466106,3.386212722557468,21.23480302200416,46.6101665496826,15.3805479812622,1.0,328.266213473603,0.11919000595808,0.0,0.0,322.100792955129,15.4522687911987,321.4326092090055,-2.5089578911244317,44.6532755,1.24982397954378,1829.3377876281716,0.0,112.504571676254,-40.7448783516884,4.99045383185148,-63.5573963,-1.0,139.866806030273,274.235900878906,301.846893310547,34.0400009155273,74.1196036338806,26.7131894826889,-0.48799180319442,0.0379993672461292,-0.378993643387373,-7.041681623416599,0.0,0.0,1.0,7.0,0.0,0.0,0.0,24060101.0,30.37824441672086,357.455545986029,32.35821762084964,13.072941970825191
2024-06-01 19:07:28+00:00,ESP,ESP,-18.30634302290716,-15.01154753522384,0.0,-10.66528472293316,-5.8686077325243104,-1.202955040032255,-10.906900274256198,6.2879127041619345,4.486623882753352,2.990473335628272,10.36675781563415,5.9239633421621365,-1.555018816331342,23.52738675277018,17.1033879081697,25.232598462086703,45.7261379241943,15.927213935852041,1.0,328.622093650117,0.119902105629444,0.0,0.0,313.688923218638,16.073810005188,313.952254331899,-1.806369735099128,44.6533046,1.99602951016537,1829.1805505752577,0.0,53.89504134655,-50.6752580404282,11.8624102324247,-63.5574332,-1.0,141.68310546875,271.090606689453,292.722198486328,32.939998626709,74.1273522377014,26.7189890146256,-0.5039915480056015,-0.535991037627964,0.0969983712089807,-7.297277632819598,0.0,0.0,1.0,7.0,0.0,0.0,0.0,24060101.0,36.4971376865685,357.236624762752,31.54627990722655,12.472133102416992
2024-06-01 19:07:29+00:00,ESP,ESP,-18.300279180962022,-14.809446677306099,0.0,-10.537861738305782,-5.932423726732303,-1.0334534850759896,-10.905869769465149,6.288206402296245,5.290250621628172,2.989390793333508,11.145853161708601,5.925038584692226,-1.556103151550762,26.123625667618843,17.266826480290582,29.65303268914074,45.3804256439209,17.05171852111816,1.0,328.985295789422,0.120640008151531,0.0,0.0,305.986874061452,17.178483581543,306.76485992867254,-2.072565280287316,44.6533311,2.67022809162722,1829.3771028518677,0.548582854389678,8.40886309742928,-54.6885877847672,29.3353479355574,-63.5574777,-1.0,144.596801757812,267.353485107422,293.707397460938,31.9400005340576,74.1254150867462,55.059826374054,-1.005983131244859,-1.20697969698417,-1.75097054031666,-7.222278911393,0.0,0.0,1.0,7.0,0.0,0.0,0.0,24060101.0,44.094091406014954,357.049559541764,31.1535478591919,11.83582951681953
2024-06-01 19:07:30+00:00,ESP,ESP,-18.284110074139882,-13.936948579709139,0.0,-8.566281018340526,-2.613364845796166,3.5799676249189845,-10.906606149235,6.287619006027625,7.74260852802537,2.989751640765096,11.742652466382701,5.468538964155651,-1.5561031302064219,30.666471569506218,21.86407859552118,33.16752496808154,45.1276851654053,18.53026027679442,1.0,328.995896243014,0.120026707649231,0.0,0.0,299.762850519899,18.6512454986572,298.894993023579,-2.447759011962976,44.6533558,1.31338433257774,1829.3279647827142,0.19592463577282607,-6.09520636498928,-103.361874818802,43.9075864851475,-63.5575298,-1.0,148.179794311523,263.3046875,289.191589355469,30.9400005340576,74.1505801677704,64.3985211849213,-0.97598360638884,-0.0649989149371512,-0.534991055244792,-8.147263085402772,0.0,0.0,1.0,7.0,0.0,0.0,0.0,24060101.0,51.67904380007078,356.889705794429,30.9083707809448,11.126111640930182
2024-06-01 19:07:31+00:00,ESP,ESP,-18.34475908038442,-12.767908086276458,0.0,-5.948441971751183,1.5313277075536,9.356902564771449,-10.9058697694651,6.28776585509478,7.749100964340926,2.989751598076414,12.8826673879185,4.79292986325283,-1.55556096259671,33.72809703477527,27.701661986665357,38.52221979056664,43.978003692627,20.284424285888658,1.0,329.008081300493,0.119398105144501,0.0,0.0,291.831990025517,20.4090734481812,292.055091324567,-2.367960247031106,44.6533773,0.325295549906379,1829.229664802556,0.0,57.497750967741,-27.0217172801495,36.1978188157082,-63.557591,0.0,151.659393310547,258.591705322266,284.477386474609,29.9400005340576,74.1680085659027,64.4313871860504,-0.804986512144692,0.290995140307369,-0.00799986656924737,-9.812635496573716,0.0,0.0,1.0,7.0,0.0,0.0,0.0,24060101.0,62.620603186251266,356.753102011029,30.7790840148926,9.445659184455886
2024-06-01 19:07:32+00:00,ESP,ESP,-18.385192092723642,-12.491242906963379,0.0,-5.527641103307962,2.047573276604782,9.620184500670101,-10.9060170454191,6.286444213490385,7.747658428388216,2.989751598076414,12.71822972987675,3.8038474374676157,-1.55637424602779,35.04147274423919,28.005376593393738,42.50768503165002,43.1183406829834,22.64607078552248,1.0,329.019993150406,0.118742707371712,0.0,0.0,282.778902129746,22.7552690505981,279.354313581793,-2.497958170286902,44.6533935,-0.736760446216522,1829.1707515716582,0.00979584947344848,13.0090843886137,36.9229279458523,39.5874492824078,-63.5576625,0.0,157.152404785156,253.252502441406,278.731903076172,28.9400005340576,74.2164075374603,64.485514163971,-1.3019781301072348,0.199996650057208,-0.812986264488364,-10.200628319735042,0.0,0.0,1.0,7.0,0.0,0.0,0.0,24060101.0,72.67858676177465,356.636360417735,30.68440933227535,6.466237220764161
2024-06-01 19:07:33+00:00,ESP,ESP,-18.41755113844496,-12.791382251170699,0.0,-6.200357704474648,1.034184978325777,8.183961521058523,-10.9042501608582,6.287031609759005,7.745853721654768,2.98794727554111,11.5414423505101,3.8299253558508157,-1.557458538558532,34.262525186382916,26.601512830258184,47.08524776056022,41.0782928466797,25.446670188903802,1.0,329.030702887024,0.118059709668159,0.0,0.0,272.382042816666,25.5043521881104,269.3884801864755,-3.721937589129344,44.6534012,-0.532539817745551,1829.1903972625762,0.0,42.6868535578251,-67.5695091485977,41.6231863200664,-63.5577458,0.0,163.047607421875,247.615905761719,271.756896972656,27.9400005340576,74.2357671260834,64.4893765449524,-1.91296789983397,-1.03898254988954,-1.4689754015404,-9.768436147171439,0.0,0.0,1.0,7.0,0.0,0.0,0.0,24060101.0,85.06645987829174,356.536585014339,30.349132347106952,2.0539086449146273
2024-06-01 19:07:34+00:00,ESP,ESP,-18.40137076181066,-12.99354492230042,0.0,-6.355674071766622,0.8936653554268803,8.643945477222825,-10.83195132783315,6.287031609759005,7.718441611194569,2.98794727554111,6.659878616501895,3.8323446942322,-1.557729633035558,35.3081158162284,27.04531666592028,50.01441400121738,38.4211772918701,28.778040390014638,1.0,329.036795415764,0.117315503954887,0.0,0.0,263.035502673393,28.9129119873047,260.91460599269953,-4.235529053390762,44.6533986,-0.25036423924524,1828.581261634828,0.01959169894689694,9.62958298623562,-67.7622258663178,103.245168924332,-63.5578402,0.0,170.207901000977,240.621002197266,264.872497558594,26.9400005340576,74.2473840713501,64.495176076889,-1.473475322264675,0.964983853534799,1.43997591242841,-7.900467518613243,0.0,0.0,1.0,7.0,0.0,0.0,0.0,24060101.0,97.62341842582597,356.451344253498,30.0066833496094,-4.522433872818946
2024-06-01 19:07:35+00:00,ESP,ESP,-18.395807828863777,-12.3982268295252,0.0,-5.263954862899133,2.4919228016928647,10.464703368662375,-10.7795313335006,6.286737911624694,4.40664024381056,2.988127720601245,-0.7507265022023325,4.268075822592545,-1.5240475636637574,32.96726638293772,28.860510984082726,49.1678014668011,38.7718368530273,32.408082675933855,1.0,329.034801000526,0.116503210365772,0.0,0.0,257.577143337799,32.4957355499268,258.23416655481947,-2.9272007790182872,44.6533848,0.533824853804865,1828.227543830872,0.01959169894689696,119.345530867577,62.8163069486618,237.192079424858,-63.5579512,0.0,178.916900634766,232.014297485352,257.445587158203,26.0400009155273,74.251252412796,64.495176076889,-1.24897906379911,-0.0359993924746249,2.52695783015362,-0.2719953549651769,0.0,0.0,1.0,7.0,0.0,0.0,0.0,24060101.0,103.44733699900725,356.794656881939,29.92535362243655,-10.083820854533789
2024-06-01 19:07:36+00:00,ESP,ESP,-18.40541559983714,-12.40507921681,0.0,-5.30894373948076,2.42926337195477,10.435820590407861,-10.77275834716485,6.287325307893315,2.7621463442223644,2.98722549530057,-1.499352134265505,5.15855962254318,-1.51977802842184,28.83659285689244,28.84123567798074,48.20983840740281,39.9269634246826,34.2181926727295,1.0,329.048297454326,0.116103708744049,0.0,0.0,258.626834130204,34.2830017089844,260.35463976378503,-2.607956317813208,44.6533684,1.37253558505905,1828.198099136354,0.0,60.9062872827053,68.2478249073029,110.316269099712,-63.5580598,0.0,187.166198730469,223.116104125977,256.227813720703,24.9400005340576,74.2570638656616,64.4932448863983,-0.5824902451258965,1.75897050610374,-0.36199391619302,2.4099595071243396,0.0,0.0,1.0,7.0,0.0,0.0,0.0,24060101.0,104.7821287666138,357.619415884596,29.87268962860105,-10.913598096370713
2024-06-01 19:07:37+00:00,ESP,ESP,-18.43980184570412,-13.587827558397441,0.0,-7.897920028807559,-1.6065300219783136,4.2586199272786684,-10.76937185399705,6.286591062557539,2.59875204026506,2.9883081656613797,0.289469660244931,5.382508291936382,-1.5365851602898544,28.28614142300138,22.69842240264084,48.115844759139705,39.5469703674316,35.27041374206544,1.0,329.094387570846,0.116444805264473,0.0,0.0,260.241490849995,35.327725982666,261.5031224123445,-3.8317355267356,44.6533525,1.71988314775276,1828.178453445432,0.61715382616967,233.397573232651,69.3466737866402,194.265931844711,-63.5581795,0.0,196.576400756836,215.593597412109,249.982803344727,24.0400009155273,74.2899715900421,52.5468289852142,-0.749987427709369,0.0159997331384947,-1.54597393832295,0.2775953230120084,0.0,0.0,1.0,7.0,0.0,0.0,0.0,24060101.0,107.53721670797059,359.035833193917,29.625741004943848,-12.474283409118657
2024-06-01 19:07:38+00:00,ESP,ESP,-18.482283914794237,-16.8978917632156,0.0,-14.866047088920201,-12.637283279720911,-11.36435381608769,-10.752880362246,6.286150515356075,2.534909109498528,2.9890294336377345,-2.3667072648361254,6.000315038685949,-1.5246574942205542,27.86157310758934,7.117930354838677,46.407695043951705,39.833655166626,36.64683311462404,1.0,329.146515574591,0.116827100515366,0.0,0.0,259.181882622916,36.7203907012939,261.4091116886085,-4.872518301046943,44.6533371,1.51329319069173,1828.2570600509657,2.8996326029300716,202.054426074028,-1.28721981309354,272.59036898613,-63.5583032,0.0,207.336898803711,203.684005737305,240.623504638672,22.9400005340576,74.2996513843536,52.3051917552948,-1.35797719692573,-0.774987040649526,-2.27596161164717,0.8565855897761636,0.0,0.0,1.0,7.0,0.0,0.0,0.0,24060101.0,108.21715930776959,0.525496398607387,29.09288520812985,-13.146021709442122
2024-06-01 19:07:39+00:00,ESP,ESP,-18.47419150666564,-17.171002341329878,0.0,-15.276439517464599,-13.314154343450259,-11.033386839948331,-10.7057605947094,6.2862973644232305,1.936157181806782,2.9886685862061464,-7.134796610531691,5.928264397659862,-1.5531212190251842,27.328286963610942,7.440804752094669,46.26405958080094,40.3355415344238,37.29365455627442,1.0,329.197905917906,0.117244304716587,0.0,0.0,262.382809796307,37.4652877807617,267.969494726027,-6.034499025576122,44.6533217,3.31712427254242,1828.2177448272719,1.9396164221689118,233.902707695961,47.8436201810837,302.674293518066,-63.5584314,0.0,216.6708984375,193.497299194336,232.435195922852,21.9400005340576,74.2996513843536,52.2897303104401,-0.3429942559153282,2.11996457331572,-0.210996456272102,8.322660208854586,0.0,0.0,1.0,7.0,0.0,0.0,0.0,24060101.0,109.23682458858241,1.95733648851725,28.67069864273075,-13.149560973223519
2024-06-01 19:07:40+00:00,ESP,ESP,-18.48835458692856,-16.21647828217872,0.0,-13.486991938887979,-10.45826407975632,-7.413709818544052,-10.72519717865315,6.286150515356075,1.4845683178730578,2.9893907506448256,3.249823443782731,5.9328355017618915,-1.555560962596714,29.211570925345065,11.074645109894,46.538965815648,39.1201755523682,36.39798179626466,1.0,329.255716639041,0.117794801294804,0.0,0.0,272.501707730924,36.3313888549805,272.8049271489375,-7.19427974617364,44.6533176,1.43911466826275,1828.198075294494,1.8612496322020882,484.703689813614,204.200923442841,511.279881000519,-63.5585602,0.0,227.76969909668,182.880493164062,224.108901977539,20.9400005340576,74.317079782486,52.2897303104401,-0.6009899158795297,-1.87396869361196,-1.31297793632213,1.5107748719303025,0.0,0.0,1.0,7.0,0.0,0.0,0.0,24060101.0,108.707923426051,3.59158411183857,29.09965381622315,-11.916716802120211
2024-06-01 19:07:41+00:00,ESP,ESP,-18.500495931197197,-16.19258184083904,0.0,-13.50286120040558,-10.54250780373398,-7.475848147537162,-10.72063247785345,6.28688476069185,1.247953382829184,2.988308336416108,-5.417947667596005,5.9298779444739145,-1.5528501245481579,30.740857793718998,11.024648466678958,44.252562040043,42.9987682342529,36.6648850250244,1.0,329.313691284716,0.118622906506062,0.0,0.0,267.865266039293,36.9380298614502,271.96392595643397,-7.230278941213106,44.6533192,2.38597632238221,1828.178453445436,1.7241077497601498,192.339912056923,85.0448682904244,330.521434545517,-63.5586876,0.0,236.532699584961,172.865798950195,215.640594482422,19.9400005340576,74.3441820144653,52.2897303104401,-1.689471677112425,0.0949984064426364,2.05496571840953,1.6441724858268962,0.0,0.0,1.0,7.0,0.0,0.0,0.0,24060101.0,102.17703451150608,5.75662900089343,29.4601581573486,-8.001610565185535
2024-06-01 19:07:42+00:00,ESP,ESP,-18.49240079099288,-17.58064737642434,0.0,-16.38060892321724,-15.03104840832314,-14.400985997013757,-10.69339197589615,6.286444213490385,1.835523543797682,2.988308122972698,-8.59264563391414,5.929877859096548,-1.5555610052853939,29.227211375525464,4.091415562375444,43.52919514655772,46.4257301330566,35.7108604431152,1.0,329.363087212794,0.119463403522968,0.0,0.0,274.913365564586,35.7879020690918,281.5557655135585,-5.688104786535818,44.6533221,3.95117137352494,1828.257060050964,1.82206619065255,229.944512248039,42.1333573758602,255.680471658707,-63.5588151,0.0,244.749206542969,164.482604980469,208.531600952148,19.0400009155273,74.3577361106872,52.2897303104401,-0.2229962848908075,1.81396975062163,2.16896349664775,10.9046167712619,0.0,0.0,1.0,7.0,0.0,0.0,0.0,24060101.0,94.01537919299378,6.73177212048839,29.867865943908647,-1.1391578665003184
2024-06-01 19:07:43+00:00,ESP,ESP,-18.51263898301312,-17.44881550468774,0.0,-15.788463965575678,-14.434513175837845,-11.39002892406462,-10.69412835566605,6.286737911624694,0.8659782338030553,2.989029860524556,-8.747623906842195,5.93202842953409,-1.5552898894640257,24.800711257469537,7.12261001625983,39.86278511707856,50.246809387207,33.84006523132324,1.0,329.455294766589,0.120153602957726,0.0,0.0,286.104958368732,33.937073135376,293.301587187716,-6.103897674902224,44.6533378,4.53559053344155,1828.237390518186,1.63594507612288,452.582716941834,90.4324650764465,434.824705123901,-63.5589352,0.0,250.823104858398,152.280807495117,198.153396606445,17.9400005340576,74.3519246578216,52.2858619689941,0.7994865823568185,1.11498131773233,-0.800986582612003,11.744003307045798,0.0,0.0,1.0,7.0,0.0,0.0,0.0,24060101.0,80.88428723816875,7.56270476038182,30.125586318969752,5.182877179927059
2024-06-01 19:07:44+00:00,ESP,ESP,-18.52073344019848,-15.75301955265156,0.0,-12.48448614232696,-8.992473723491923,-5.46568992149811,-10.70738063020315,6.28717845882616,0.5197122208922498,2.988308122972698,-7.86345762633134,5.932028856420914,-1.5563742673721301,20.91359971590594,13.055043604077738,33.14624824579804,52.875789642334,31.759386520385743,1.0,329.59320994631,0.120599506795406,0.0,0.0,298.932244875312,31.8348323822022,303.810912395669,-5.745703601051808,44.6533695,2.68346499823871,1828.0998229980462,1.753495284356178,513.996362686157,193.985819816589,494.446814060211,-63.5590409,0.0,258.159301757812,143.210998535156,174.845993041992,17.0400009155273,74.3441820144653,52.2704005241394,0.15499739779124005,-1.27597858814476,0.959983941618938,10.002031861125744,0.0,0.0,1.0,7.0,0.0,0.0,0.0,24060101.0,65.47272216099502,8.27171937736416,29.9883018493652,11.293720436096182
2024-06-01 19:07:45+00:00,ESP,ESP,-18.547046060957058,-17.17661470777088,0.0,-15.65255310486672,-13.687676898590743,-13.186635053155593,-10.71739283375275,6.2879127041619345,1.346061643770038,2.987586556175568,-3.057018496003767,5.933910829669347,-1.556103151550762,17.590672386578664,5.360410783685881,28.832171333933218,53.8734855651856,29.924344253540017,1.0,329.726207389828,0.120999209582806,0.0,0.0,307.598361573468,29.9973449707031,311.770773873267,-4.4681251691600234,44.6534119,3.11987716049232,1828.2177686691298,1.1069692438468328,306.904941797256,-25.9659700095654,230.571925640106,-63.5591317,0.0,267.205108642578,136.514205932617,181.51579284668,15.9399995803833,74.3480563163757,52.2356033325195,0.242495928022452,0.653988958842281,1.24297916950008,6.819685747795785,0.0,0.0,1.0,7.0,0.0,0.0,0.0,24060101.0,54.75327916058552,8.87669740668252,29.84524784088135,18.30158951282501
2024-06-01 19:07:46+00:00,ESP,ESP,-18.5855082222112,-18.69019453162004,0.0,-18.586747560036123,-18.760408193268802,-18.581878318176816,-10.7281426977327,6.287325307893315,1.716494754938538,2.9883081656613806,5.03864421109675,5.933372952272205,-1.556103172895104,15.881717050578041,0.003629618553840197,27.235139234276506,52.7491104125976,27.8383423233032,1.0,329.849779172292,0.121416011452675,0.0,0.0,309.383827664023,27.8548530578613,310.774795688496,-6.130697117393874,44.6534578,2.65995121824729,1828.257083892824,1.39104120898992,423.453629016876,95.7571417093277,321.887880563736,-63.5592105,0.0,274.696105957031,129.837799072266,172.858093261719,14.9399995803833,74.3577361106872,52.1988749504089,0.265495556185945,-0.507991424177437,-3.66793836968332,-3.424542497536649,0.0,0.0,1.0,7.0,0.0,0.0,0.0,24060101.0,50.04978003772078,8.37503538007071,29.71703910827635,19.288792419433612
2024-06-01 19:07:47+00:00,ESP,ESP,-18.55311673309138,-17.973063259337458,0.0,-16.839501842038977,-16.11093734535006,-14.20420227061015,-10.7300568582476,6.287031609759005,2.4685416127487136,2.98794727554111,7.1542342616924905,5.93552318120029,-1.556103151550762,20.04653349700112,4.348914034260353,28.362117715252957,51.0784297943115,26.83531974792482,1.0,329.932096612169,0.122010201215744,0.0,0.0,305.933926435006,26.9353488922119,305.99937330763305,-8.7364534739641,44.6534994,1.71047168068501,1828.2374143600482,1.920024724677204,428.114145994186,52.6705719530582,396.389812231064,-63.5592867,0.0,282.075897216797,124.180198669434,157.357498168945,13.9399995803833,74.3538618087769,43.3647125959396,-0.7764869875438585,-0.225996205359898,-1.42297599847107,-5.113514183457484,0.0,0.0,1.0,7.0,0.0,0.0,0.0,24060101.0,52.26322714770631,7.17961823285602,29.527313804626502,17.524531974792502
2024-06-01 19:07:48+00:00,ESP,ESP,-18.53085338998222,-16.31632984218352,0.0,-13.623136562821282,-10.832497999098866,-7.528028274163802,-10.7302041342016,6.286444213490385,2.520120640039714,2.9883081656613797,6.9004905995924,5.93283507487507,-1.555560962596712,22.84151520726206,11.002824475488202,30.814020048032518,49.3924060821533,26.876942138671858,1.0,329.996081824314,0.122593005001545,0.0,0.0,300.557993822316,26.9602003097534,299.7539712739785,-9.04544849993981,44.6535365,0.759202366755921,1828.227591514588,1.792678656056524,405.746102333069,158.408761024475,518.095552921295,-63.5593651,0.0,289.654205322266,117.870796203613,158.008193969727,12.9399995803833,74.3441820144653,42.2145336866379,-1.58547334917996,-0.969983658728954,-0.271995421666244,-6.1288969356607526,0.0,0.0,1.0,7.0,0.0,0.0,0.0,24060101.0,57.9670989990543,6.05859635985475,29.37054405212405,14.754842376708966
2024-06-01 19:07:49+00:00,ESP,ESP,-18.5146620850453,-15.28482476995388,0.0,-11.350941629746659,-7.195811330717648,-2.4930798250660975,-10.728584098707849,6.28659106255754,3.6415182161340143,2.98794727554111,5.061236342437034,5.934179341481093,-1.5558320570737378,22.981512228641982,16.02158293232592,33.24889437770176,49.1475826263428,27.91162731170656,1.0,330.064520319797,0.123218402266502,0.0,0.0,294.675452418507,28.0431673049927,294.77006419889,-8.506257315914457,44.6535683,1.2502654872406,1828.3061742782581,1.8906371435150517,259.167045354843,130.216926336288,479.619413614273,-63.5594502,0.0,295.263397216797,111.415298461914,150.19189453125,11.9399995803833,74.3461191654205,42.2067999839783,-1.98096659516797,-0.351994092361298,0.487991829874847,-4.545723545962089,0.0,0.0,1.0,7.0,0.0,0.0,0.0,24060101.0,63.5036687817774,5.09886598900875,29.58636531829835,11.091471454075405
2024-06-01 19:07:50+00:00,ESP,ESP,-18.49645006864234,-14.53475576417264,0.0,-9.68477128172592,-4.399005874570973,1.0837343682141598,-10.714154043425701,6.287325307893315,6.869369013393967,2.9875863854208404,4.088808223037155,5.870194214713779,-1.5569163922931601,22.22316349679408,19.58018457292668,34.90181654929886,48.4325031280518,28.917569503784158,1.0,330.139297230831,0.12341431081295,0.0,0.0,290.252741006384,28.9453525543213,289.99264740278954,-8.287661209641698,44.6535961,1.06517963372942,1828.2669067382799,1.871045469306408,274.908602237701,153.18675339222,515.243947505951,-63.5595421,0.0,302.430114746094,106.166603088379,135.908294677734,11.039999961853,74.3557989597321,42.2087341547012,-1.38147683629113,0.72398783238604,0.155997385176992,-4.9975160562547885,0.0,0.0,1.0,7.0,0.0,0.0,0.0,24060101.0,68.2614064368412,4.2536471546926,29.14675426483155,9.589831237792986
2024-06-01 19:07:51+00:00,ESP,ESP,-18.4681222005692,-14.13403573726662,0.0,-8.784568912326986,-3.0993829217556064,2.887278824911582,-10.70252137749555,6.28659106255754,6.6428522782502055,2.9875863854208404,0.6761285101087755,5.053441389046756,-1.556645319160474,23.41180287654064,21.355401623122322,36.7296448391238,47.5595638275146,30.0961923980713,1.0,330.21978418001,0.123119106888771,0.0,0.0,285.300034235424,30.1440227508545,286.9261929937775,-8.390859391585067,44.6536186,2.08461556959656,1828.2767057418823,1.85145374853164,445.320636034012,201.103240251541,591.079711914062,-63.5596408,0.0,309.265197753906,98.4728698730469,127.811401367188,10.039999961853,74.3538618087769,42.210665345192,-0.3984933265396575,1.24897906379911,-0.161997279476025,-2.1823633779761336,0.0,0.0,1.0,7.0,0.0,0.0,0.0,24060101.0,73.47685965686853,3.63606401126098,28.326016330719,6.098149681091311
2024-06-01 19:07:52+00:00,ESP,ESP,-18.46609909853704,-14.04531806862786,0.0,-8.689051619614753,-3.002934033929268,3.05699220644557,-10.699134457440849,6.28659106255754,4.519808186081136,2.988669013092968,-0.2033104257227875,5.108285588270478,-1.5569163922931601,25.64832236554246,21.52309164649206,37.00046730386614,46.985181427002,31.46005027770996,1.0,330.304587808745,0.122833706438541,0.0,0.0,283.91022734311,31.51911277771,285.767710948273,-8.391659035982148,44.6536379,2.30622340509515,1828.158807754518,1.85145374853164,543.254733085632,202.811554074287,587.971687316894,-63.5597454,0.0,316.77978515625,89.3877563476562,126.773399353027,8.9399995803833,74.3538618087769,42.2067999839783,-0.4274928423320765,-0.119997992702367,0.649989136031298,-1.0965815778489418,0.0,0.0,1.0,7.0,0.0,0.0,0.0,24060101.0,77.11455693711477,3.42402249602523,27.550383281707752,3.59317055115333
2024-06-01 19:07:53+00:00,ESP,ESP,-18.46812220056918,-13.99604542546482,0.0,-8.739730257218417,-2.9199946626396605,3.09750047893167,-10.68087608112895,6.285856817221765,4.229810392130801,2.988669013092968,-2.61782453243736,5.10855418545959,-1.557187486770186,24.91248013153814,21.565622551434803,35.49282325591521,47.7295188903809,33.174746932983396,1.0,330.399909928802,0.122539803385735,0.0,0.0,284.650838415193,33.3250728607178,287.2636863010465,-7.440075202513948,44.6536575,1.86073797685941,1828.2177448272719,1.861249608919024,486.93460226059,204.322010278702,536.734640598297,-63.5598556,0.0,323.205200195312,80.5912170410156,109.924003601074,7.94000005722046,74.3848383426666,53.6370813846588,-0.3394942992314325,0.167997187115272,0.367993810492053,2.6875548941693705,0.0,0.0,1.0,7.0,0.0,0.0,0.0,24060101.0,77.7237688299449,3.43604362896445,26.93705348968505,4.196552860736847
2024-06-01 19:07:54+00:00,ESP,ESP,-18.47621460869778,-13.686958704199501,0.0,-7.879396214269026,-1.7037096226519712,5.024210911474769,-10.67763686391505,6.28717845882616,3.963257307883908,2.9875863854208404,-0.11925403569136506,5.109092233611454,-1.555832078418078,24.193422062890757,23.500425605549957,33.977821728190364,48.3294822692871,34.47650390624998,1.0,330.534300730911,0.122172501683235,0.0,0.0,287.45539605067,34.5843086242676,289.15612681438154,-7.290478008746119,44.6536809,2.17966640307716,1828.2767057418823,1.8318620510399342,561.590194702148,263.738453388214,566.410064697266,-63.55997,0.0,331.089813232422,71.8359069824219,101.324798583984,6.94000005722046,74.392580986023,54.7196090221405,-0.227996170126242,0.063998932553979,-0.776986952055018,0.7313877020215123,0.0,0.0,1.0,7.0,0.0,0.0,0.0,24060101.0,77.65084426621453,3.74385891051577,26.17370882034305,5.758010272979735
2024-06-01 19:07:55+00:00,ESP,ESP,-18.4843070168264,-13.405584450963161,0.0,-7.361996578035866,-0.8942800511078428,6.288439140992214,-10.6835266214137,6.286737911624694,3.9758817172815717,2.98794727554111,3.2020165885640752,5.108285588270478,-1.556103130206424,23.99811280357424,24.772746755460197,32.4317851869148,48.6429496765137,35.617758865356436,1.0,330.767483389175,0.121348299086094,0.0,0.0,286.80874106081,35.757421875,286.970698506409,-7.51347395212747,44.6537069,1.30548564568945,1828.16860675812,1.841657911427318,503.805458545685,248.753651976585,571.485340595245,-63.5600876,0.0,338.829986572266,64.7009201049805,94.4472503662109,6.03999996185303,74.4003236293793,54.723471403122,-0.5909901220632865,-0.0719987849492498,0.439992648802156,-2.86555177971836,0.0,0.0,1.0,7.0,0.0,0.0,0.0,24060101.0,77.84350341213307,4.17968773192558,25.856807327270502,6.91686429977417
2024-06-01 19:07:56+00:00,ESP,ESP,-18.4640763380143,-13.003086013552002,0.0,-6.2373909901544575,1.0729079527546477,8.718740232125324,-10.6605554145745,6.286444213490385,4.248205372226116,2.9875865561755677,0.806938985751965,5.108554356214318,-1.55285012454816,25.79060886633216,27.182815887120718,32.64371502855762,49.5712394714356,36.87555953979492,1.0,331.011594350111,0.120364907383919,0.0,0.0,282.880234816272,36.9313041687012,283.30777733755804,-7.334077240652428,44.6537305,0.723945890755668,1828.266882896424,1.8612495856359619,501.091539859772,211.127296090126,581.006050109863,-63.5602103,0.0,346.355987548828,53.4560317993164,93.4795379638672,5.03999996185303,74.392580986023,54.7273397445679,-1.139480992841755,-0.643989188371412,1.15098068352653,-2.881951576179746,0.0,0.0,1.0,7.0,0.0,0.0,0.0,24060101.0,79.30143734330464,4.17996563524744,27.0360480308533,6.117529964447021
2024-06-01 19:07:57+00:00,ESP,ESP,-18.474192531194042,-12.5248267763576,0.0,-5.520681994317364,2.104232443853961,9.659442122830507,-10.56513980630355,6.28717845882616,6.867925709044978,2.9875865988642496,0.057789803680655005,5.1090920628567265,-1.554747721854316,22.4169472333595,28.133634910156623,33.47206397864278,50.4972770690918,37.8404042816162,1.0,331.224696252216,0.119482205808163,0.0,0.0,282.435808067358,37.8160194396973,283.7547312564655,-5.493707869737688,44.6537507,0.735022750042136,1828.2177448272698,1.890637190081176,416.514188051224,251.552939414978,512.858092784882,-63.5603387,0.0,354.557800292969,44.9969711303711,86.0964202880859,4.03999996185303,74.4061350822449,54.7273397445679,-0.452492418586648,1.11998122964819,1.58197341083886,1.3507773344390597,0.0,0.0,1.0,7.0,0.0,0.0,0.0,24060101.0,80.67623421189883,4.06841028996773,27.26787242889405,5.3459259208879955
2024-06-01 19:07:58+00:00,ESP,ESP,-18.47419287270348,-13.020601692169041,0.0,-6.502161907292167,0.3578186695781588,7.907217282305778,-10.556010831591,6.286591062557539,6.656919821242129,2.987947232852428,3.576590672671625,5.109629940253863,-1.553392313502212,20.289906455997578,26.3814110087829,33.04139254769787,48.4492469787598,37.96584342956542,1.0,331.429110153696,0.118684503436089,0.0,0.0,281.88171580113,38.0113803863525,281.22627718799697,-5.267711424253956,44.6537709,0.902395841962211,1828.227543830872,1.8906371435150517,647.26996421814,395.070225000382,591.450154781342,-63.5604689,0.0,363.038391113281,33.53125,66.5043792724609,2.94000005722046,74.3964552879334,54.7312080860138,0.497491635834556,0.0409993110605924,-2.58595657731737,-4.672121567323019,0.0,0.0,1.0,7.0,0.0,0.0,0.0,24060101.0,84.10386082799434,4.24188514205501,25.28877382278445,3.2519348001480095
2024-06-01 19:07:59+00:00,ESP,ESP,-18.4175525044828,-11.62627236085064,0.0,-3.2817147789604144,5.5409243805006065,15.287967852255202,-10.55071017790825,6.286737911624694,7.748018379357475,2.9868648186237094,-0.765435714786351,5.108823294912886,-1.555560983941054,25.047518094071176,33.705519502964364,33.44945741852788,45.7181797027588,37.97921928405762,1.0,331.456512872646,0.117631106078625,0.0,0.0,276.989770393026,38.0632015228272,277.337864153887,-4.795119451146007,44.6537866,0.446620253494169,1828.21774482727,1.8906371435150522,841.318488121033,502.061605453491,773.757040500641,-63.5606004,0.0,370.498413085938,23.7250900268555,71.3689117431641,1.94000005722046,74.4003236293793,54.7254085540772,1.131481027054674,0.88998506807518,3.53594048166118,-2.478758348447438,0.0,0.0,1.0,7.0,0.0,0.0,0.0,24060101.0,89.386635124557,4.53761781896458,25.4364764213562,-0.9342383674212871
2024-06-01 19:08:00+00:00,ESP,ESP,-18.42159665949036,-10.644722096927401,0.0,-1.5771829295984199,8.445873491764393,18.74208279572568,-10.555863555637,6.28600366628892,7.0103997839047665,2.9875863854208404,-2.6419911291030402,5.109630111008593,-1.556645297816134,22.359726640568738,37.16367877219708,34.46431083107044,47.4589462280273,38.0877635192871,1.0,331.312723730239,0.116246308386326,0.0,0.0,277.97774359609,38.1200626373291,279.24132859254246,-0.046399177243103384,44.6537991,0.606686323662799,1828.29637527466,1.9298205617815243,1155.52020072937,859.63237285614,914.332330226898,-63.5607327,0.0,378.744598388672,13.5780801773071,41.1176109313965,0.939999997615814,74.4003236293793,48.0930209159851,1.004983175542115,0.100998300741669,6.41989244949409,2.72135434140927,0.0,0.0,1.0,7.0,0.0,0.0,0.0,24060101.0,87.5905549200321,4.86049366763577,26.85750217437745,1.0497624360598046
2024-06-01 19:08:01+00:00,ESP,ESP,-18.46610046457486,-12.33954782059196,0.0,-5.169330916241654,2.521184372633834,9.741441190514802,-10.5616060371817,6.287031609759005,5.077080076122618,2.98758659886425,-3.37012846149242,5.11070569504814,-1.556374224683448,16.81248707783374,28.207541655089642,34.15704179389798,52.6229152679443,39.238660354614254,1.0,331.189288551558,0.114841997623444,0.0,0.0,279.303510634746,39.3239238739014,282.8307569259245,4.146930528864342,44.6538137,2.70840244578525,1827.2057533264183,1.92982053849846,1129.00876998901,1053.53713035584,922.924220561981,-63.5608664,1.0,385.451293945312,3.84791588783264,36.0400581359863,-0.0599999986588955,74.4061350822449,44.6598738431931,-0.9064847773975214,-2.46795865610305,2.91095127873515,3.719137553079096,0.0,0.0,1.0,7.0,0.0,0.0,0.0,24060101.0,81.62972315588127,4.84315480554087,27.9543814659119,7.646559369564061
2024-06-01 19:08:02+00:00,ESP,ESP,-18.506567969369335,-14.268213266718963,0.0,-9.128067321913932,-3.765346216069124,1.8530135825249079,-10.546439175242849,6.286591062557539,5.154990165682934,2.9875863854208395,-1.790397166970325,5.109898878952432,-1.5555609839410518,12.0255034065176,20.35958121572088,31.44337280268714,53.3702430725098,40.91449836730958,1.0,331.086207336605,0.113406398892403,10.0703125,10.0703125,282.831849756192,41.067289352417,286.375707067431,4.060931873156806,44.6538325,3.236434552122,1827.0780563354522,1.900433003902436,824.535965919495,936.2912774086,644.620478153229,-63.5610051,1.0,393.910491943359,3.84791588783264,36.0400581359863,-1.05999994277954,74.4061350822449,33.4055006504059,-0.665988824146575,1.97596689669552,-2.21896261580636,3.076548361388466,0.700000047683716,1.00000011920929,2.0,7.0,1.0,0.0,0.0,24060101.0,79.93579389454526,4.62656182299695,24.7410710334778,10.121615205492303
2024-06-01 19:08:03+00:00,ESP,ESP,-18.468122200569184,-12.804820648362698,0.0,-6.102844032845384,1.301794952971432,8.863509335923593,-10.5666125658433,6.287031609759005,2.8321212053823177,2.98722570874398,0.4502258996848485,5.110705695048139,-1.554747721854318,14.62670206323204,27.331631365738026,29.26416133289738,48.4058338165283,41.46633338928224,1.0,330.897694115512,0.113339303433895,21.537109375,21.537109375,285.025597234573,41.4990795135498,287.059695871295,2.9099512536632974,44.6538577,2.43204338701301,1826.960158348084,1.822066213935614,1130.24985790253,1059.05199050903,880.553662776947,-63.5611457,1.0,401.999114990234,3.84791588783264,36.0400581359863,-2.05999994277954,74.3964552879334,31.5671443939209,0.8279860802772265,0.486991847491674,-0.518991283753184,-0.05919897309204876,1.7000002861023,2.00000023841858,2.0,7.0,1.0,0.0,0.0,24060101.0,86.97448141916179,5.44695590788787,21.70866422653195,0.010761682803814569
2024-06-01 19:08:04+00:00,ESP,ESP,-18.516687577643637,-13.3468531910828,0.0,-7.298370463086798,-0.7595027883576982,5.792882193592662,-10.5551267489803,6.28717845882616,4.594472142861029,2.98722570874398,4.119279404471875,5.858902375223179,-1.511645535620516,17.79933329968472,24.30957011274576,27.651812875536383,50.2789890289307,42.25241271972654,1.0,330.684592213408,0.113776704668999,33.12890625,33.12890625,283.432605874829,42.3603733062744,282.796756244236,2.8985514118064537,44.653884,1.15741546877662,1827.0190954208379,1.89063714351505,1119.30823326111,1001.72400474548,863.240957260132,-63.5612877,1.0,411.90771484375,3.84791588783264,36.0400581359863,-2.96000003814697,74.4061350822449,31.5613448619842,-0.6609889422461925,-2.27696180747376,-0.213996403421618,-5.672104556140878,2.69999957084656,2.99999928474426,2.0,7.0,1.0,0.0,0.0,24060101.0,84.51829894833888,6.65739093354013,23.395823478698752,0.7059634403748954
2024-06-01 19:08:05+00:00,ESP,ESP,-18.55921984862422,-13.988628010780939,0.0,-8.134262674091298,-1.8519635743421499,4.71565895133278,-10.553801265394451,6.286737911624694,6.277830491173352,2.98722549530057,2.737079565309661,5.420146561621924,-1.548512783670472,19.7539510740915,23.27487909877776,28.831412158406998,51.5297584533691,43.52902542114258,1.0,330.444388120677,0.114262908697128,45.03125,45.03125,277.301254339936,43.5198566436768,275.073396896839,2.768753527715974,44.6539042,-0.60473998655361,1827.146816253662,1.8318620510399342,977.474331855774,931.514382362366,802.036285400391,-63.5614353,1.0,414.231109619141,3.84791588783264,36.0400581359863,-3.96000003814697,74.4584023952484,31.5652132034302,0.10849819529588721,1.73397094652444,-0.0799986573548405,-7.6492717732056645,3.69999861717224,3.99999833106995,2.0,7.0,1.0,0.0,0.0,24060101.0,85.49418954676113,7.25337659192934,25.48489780426025,2.512581610679626
2024-06-01 19:08:06+00:00,ESP,ESP,-19.13915516010546,-14.86883995327178,0.0,-9.102872290858322,-3.0071376311652678,3.0229793478106126,-10.5670539668184,6.287031609759005,2.686400741610026,2.9868648186237094,-1.45889985865843,5.088391296274982,-1.555832014385058,18.902905746903883,22.16213575656002,32.30597241938422,53.5434837341309,45.43468299865721,1.0,330.201206065468,0.114509309828281,57.37890625,57.37890625,269.662507375977,45.4575839996338,273.05442029894,3.739937400092488,44.6539097,3.75084064450799,1827.068233489992,1.8710454460233457,1243.85321140289,1157.21690654755,958.625495433807,-63.561591,1.0,416.586608886719,3.84791588783264,36.0400581359863,-4.96000003814697,74.464213848114,31.5632790327072,0.052499115137179,-0.448992463570279,1.31697786585482,-0.6595889322251965,4.6999979019165,4.99999761581421,2.0,7.0,1.0,0.0,0.0,24060101.0,90.38366242638477,7.04363215468883,26.003428459167452,-1.7595704940649204
2024-06-01 19:08:07+00:00,ESP,ESP,-19.26104569150512,-15.538733637254541,0.0,-10.653845180601781,-5.476140452437688,-0.41346282802799256,-10.504179514187499,6.285856817221765,2.236976033786992,2.98650414194685,-1.656432984880015,5.109898878952433,-1.54905492993584,16.26279891758246,18.847582922174063,31.586982311119083,56.4686794281006,48.081756362915044,1.0,330.095802586196,0.113814108073711,70.296875,70.296875,268.749338404703,48.2040802001953,272.616919361844,3.664338646547308,44.6539079,3.76216509815187,1827.186131477356,1.8612495856359619,1093.30928325653,1068.72224807739,914.870381355286,-63.5617548,1.0,421.718811035156,3.84791588783264,36.0400581359863,-5.96000003814697,74.4603395462036,26.512148976326,-1.77247021491572,-2.38295994009001,-2.35296046859484,0.016599707560658407,5.69999694824219,5.99999666213989,2.0,7.0,1.0,0.0,0.0,24060101.0,90.161231851912,6.46558641504148,26.256727695465102,-1.162521813511849
2024-06-01 19:08:08+00:00,ESP,ESP,-19.21836144881552,-14.13110200026334,0.0,-7.44473305001844,-0.341956035478481,7.545886187946944,-10.4707547028236,6.286737911624694,2.3560050254173754,2.98686481862371,-1.621233444909795,5.108823294912885,-1.5501392651552641,17.251932911295903,26.76424789289454,30.73664151794434,55.9123558044434,50.755208587646464,1.0,329.960592161386,0.113109907507896,84.10546875,84.10546875,271.271727265188,50.9204086303711,274.4759056086245,1.9443674747316197,44.6539077,2.77876342607672,1827.087855339052,1.9102288642898202,924.237608909607,918.018817901611,840.920150279999,-63.5619291,1.0,426.293212890625,3.84791588783264,36.0400581359863,-7.05999994277954,74.4893789291382,26.5063494443893,-0.5294911121167055,2.58195664778468,-0.747987462943025,2.2485622010699604,6.69999599456787,6.99999570846558,2.0,7.0,1.0,0.0,0.0,24060101.0,95.59919897472,6.21855469446139,26.1518717765808,-10.019001161679624
2024-06-01 19:08:09+00:00,ESP,ESP,-19.21836179032498,-13.65142942617492,0.0,-6.9755572814012385,0.36937538700641753,7.909128369235546,-10.471932483568601,6.285416270020295,2.015509956730188,2.986865245510532,0.21696967014468949,5.10801664957191,-1.552307935594108,18.42302519355524,27.127490671824717,29.87486972017468,55.0665321350098,52.04079849243162,1.0,329.725087238804,0.112574404478073,98.35546875,98.35546875,273.569949317114,52.0519283294678,274.82140389760104,1.4085763802194382,44.6539133,1.7019747119141,1826.96011066437,1.900433003902436,1006.11913204193,967.184364795685,845.664024353027,-63.5621091,1.0,431.826995849609,3.84791588783264,36.0400581359863,-8.0600004196167,74.497127532959,26.496684551239,-1.267978782440235,-1.15398063067605,-0.629989435007002,-0.6039898717001828,7.69999504089356,7.99999475479126,2.0,7.0,1.0,0.0,0.0,24060101.0,99.22169771802513,7.32233588933708,26.1468807220459,-13.763061618804937
2024-06-01 19:08:10+00:00,ESP,ESP,-19.22852340426268,-13.4626827833677,0.0,-6.51808171220963,1.13636713094349,9.18542656754477,-10.4675150587229,6.28600366628892,3.0759498233737625,2.9868648186237094,0.11032396355796961,5.489508754813332,-1.537669452820592,18.54433140227142,28.413951337845283,28.242994434995516,57.6857139587402,53.9259088897705,1.0,328.955106353291,0.113160708546638,113.0859375,113.0859375,272.846905491577,54.1366767883301,273.7894169555255,1.32917771496254,44.6539207,1.29181224730132,1827.0387172699,1.9102288410067563,778.797149658203,862.415134906769,731.26870393753,-63.5622949,1.0,267.614288330078,3.84791588783264,36.0400581359863,-9.0600004196167,74.5009958744049,26.4908850193024,-1.367477029565865,-0.0779986925884961,-0.657988941735823,-0.8897850822707156,8.69999694824219,8.99999809265137,2.0,7.0,1.0,0.0,0.0,24060101.0,97.31074056184984,8.05903667812007,26.1901282310486,-8.756137292525352
2024-06-01 19:08:11+00:00,ESP,ESP,-19.244783694110282,-13.0933525983398,0.0,-5.630627207877603,2.5337636921108038,10.633949351813719,-10.476791736276251,6.28570996815461,2.63013231987831,2.98686481862371,0.07302352676816326,5.416382785879786,-1.535229837315112,17.254222049196258,29.878733558188124,27.480783572681457,58.8337028503418,54.971452331543006,1.0,328.168705693012,0.113788305222988,128.228515625,128.228515625,272.048210490792,55.0724510192871,272.8934190798245,2.2959615367870496,44.6539269,1.10035713566739,1826.999402046208,1.841657911427318,936.346650123596,867.451846599579,792.447328567505,-63.5624858,1.0,281.449310302734,3.84791588783264,36.0400581359863,-10.0600004196167,74.4932532310486,26.4870196580887,-0.975483668558109,0.245995879703768,0.547990772865177,-0.9123846908005137,9.70000076293945,10.0000019073486,2.0,7.0,1.0,0.0,0.0,24060101.0,96.27013392104172,8.41475976028351,26.21415395736695,-5.290725061297415
2024-06-01 19:08:12+00:00,ESP,ESP,-19.26714436741506,-13.944812518010059,0.0,-7.307601805259528,-0.20079608901500362,7.26026876506607,-10.4704597240288,6.28717845882616,2.65465965725387,3.081379823763924,-0.199108605403187,5.416382615125056,-1.535500889103458,15.013506091968358,26.5274138155,27.38228473164176,60.7319412231445,56.01002357482908,1.0,327.401402241653,0.114523310959339,143.63671875,143.63671875,270.884291614709,56.1103157043457,272.72191302976546,2.547557296492242,44.6539304,1.8056422559195,1827.0780324935943,1.871045446023346,904.081225395203,901.196002960205,768.827140331268,-63.5626804,1.0,296.1376953125,3.84791588783264,36.0400581359863,-11.0600004196167,74.5048701763153,26.4734864234924,-1.1199812296481915,1.05998228665786,-0.635989329306035,0.16319724632963997,10.7000045776367,11.0000057220459,2.0,7.0,1.0,0.0,0.0,24060101.0,94.86590166920044,8.36351455848819,26.204164981842048,-3.0902804017066967
2024-06-01 19:08:13+00:00,ESP,ESP,-19.271209012990138,-13.942842349943959,0.0,-7.181359418830182,-0.06595840477061257,7.650574802544567,-10.4760557833932,6.2862973644232305,2.2373370199567937,4.984665396840865,0.5936465854027455,5.418532929430508,-1.5355009104477981,16.23914904607182,26.921784157044137,26.620036303287257,61.5477653503418,56.53853462219238,1.0,326.676090793311,0.11536640971899,159.30078125,159.30078125,271.662987821603,56.6033821105957,272.6669300069465,2.2685619127664305,44.6539336,1.54922628230664,1827.019071578982,1.8220662139356119,1045.6565618515,996.287226676941,891.552567481995,-63.5628781,1.0,312.988586425781,3.84791588783264,36.0400581359863,-12.0600004196167,74.5106756687164,26.4696210622787,-0.5799902891679665,1.17798020787218,1.31197795393896,-0.6425892023628007,11.700008392334,12.0000095367432,2.0,7.0,1.0,0.0,0.0,24060101.0,93.16187192411982,8.22692785056086,26.19730882644655,-0.5965029723369165
2024-06-01 19:08:14+00:00,ESP,ESP,-19.307805508072477,-15.0195716414608,0.0,-9.712799816758737,-4.016994077311078,1.4810925119776734,-10.478411344883199,6.286444213490385,1.8012576800148317,5.0091959358676,0.2863168342518805,5.41880186812908,-1.5360430567131682,14.829640814606199,20.78889787864388,25.3453969871727,64.9196479797363,56.73039710998533,1.0,325.953101609287,0.116235713660717,175.02734375,175.02734375,270.309244328107,56.8944957733154,271.746944506881,2.952950496139702,44.6539364,1.42504725333688,1826.950311660766,1.782882795669138,1163.19918632507,1171.20683193207,1006.3374042511,-63.5630768,1.0,328.371490478516,3.84791588783264,36.0400581359863,-13.0600004196167,49.9080389738083,26.4560908079147,-0.8159863450400124,-1.66797200251337,-2.31796108518382,-0.40619317488182816,12.7000122070312,13.0000133514404,2.0,7.0,1.0,0.0,0.0,24060101.0,86.38309768610326,7.33443130058353,26.27723693847655,10.289787002137077
2024-06-01 19:08:15+00:00,ESP,ESP,-19.277310079466222,-15.30051952013822,0.0,-10.14019907482702,-4.655554097721636,1.293363852837334,-10.480472781352049,6.2862973644232305,1.709641300436666,5.00234201179022,0.6362007183247615,5.4177263694668945,-1.5355009104477981,16.6831717892968,20.570674017680922,24.38925212413148,65.9441024780274,56.7164451599121,1.0,325.778603936371,0.116844400763512,190.798828125,190.798828125,269.594697257897,56.7223846435547,270.817943157111,2.2351625011684737,44.6539368,1.78406942359113,1827.0583868026763,1.8024744931608438,1203.57501506805,1194.65315341949,1054.66902256012,-63.5632759,1.0,343.122406005859,3.84791588783264,36.0400581359863,-13.960000038147,49.900296330452,26.4367580413818,-1.010483051969133,-0.601989874917328,-0.799986600228831,-1.58257340026876,13.7000160217285,14.0000171661377,2.0,7.0,1.0,0.0,0.0,24060101.0,82.60963263761111,5.60403702530665,25.4657103538513,14.914220809936527
2024-06-01 19:08:16+00:00,ESP,ESP,-19.299675533903418,-15.28862542871758,0.0,-10.020821370022961,-4.535737809395533,1.432075966223982,-10.47914772465305,6.286444213490385,2.145359600847974,5.001981292424678,0.206988682694038,5.419070806827648,-1.5363141298458542,16.9032760013383,20.73175036887732,22.779896314155323,66.7006759643555,56.88456001281738,1.0,325.661288607187,0.117432904243469,206.5546875,206.5546875,268.512795293367,57.0110641479492,269.92199992292353,2.653355518009222,44.6539349,1.475059605987,1826.9797801971458,1.773086958564818,1184.68177318573,1174.75581169128,1037.60373592377,-63.563475,1.0,360.085906982422,3.84791588783264,36.0400581359863,-14.960000038147,49.8828709125519,26.4367580413818,-1.0219828493756145,-0.313994735120329,-1.35897723266976,-0.385393567992272,14.7000198364258,15.000020980835,2.0,7.0,1.0,0.0,0.0,24060101.0,79.87490002601892,3.57086089100992,24.619031810760497,15.683821582794208
2024-06-01 19:08:17+00:00,ESP,ESP,-19.29560542417698,-15.280696262110101,0.0,-10.044309024540814,-4.4101518041454195,1.2432869975882337,-10.483417873544798,6.286444213490385,1.828670366772244,5.001620658436502,0.33517371099351,5.4188021242611715,-1.5363140871571699,21.21381077709956,20.5388928059634,23.0745209636268,66.4789855957031,57.19943435668946,1.0,325.500314708828,0.118174508213997,222.3984375,222.3984375,268.120196019874,57.30094871521,269.50248970410155,3.0765484467658317,44.6539311,1.70697078184856,1826.96011066437,1.8318620510399337,1202.80730724335,1228.74939441681,1048.43175411224,-63.5636749,1.0,374.457611083984,3.84791588783264,36.0400581359863,-15.960000038147,49.8964250087738,26.4328926801682,-1.35797725028658,-0.65998895986302,1.11698128249868,-0.5971899834904859,15.700023651123,16.0000247955322,2.0,7.0,1.0,0.0,0.0,24060101.0,80.37536301292192,1.60612624040449,25.203767108917248,12.561943531036382
2024-06-01 19:08:18+00:00,ESP,ESP,-19.344409174853517,-15.24105691775246,0.0,-10.120623411156298,-4.526084873796282,1.1797070504490894,-10.47472987292055,6.286150515356075,2.618590282020682,5.001981377802044,0.13921790490294514,5.419339745526216,-1.536043056713168,19.72991871198736,20.524116374712982,23.31615188287542,69.5816413879394,58.103022079467756,1.0,325.278114994749,0.11912700086832,238.375,238.375,267.297649998508,58.2056144714356,268.86598437534803,3.794536310147644,44.6539256,1.73266990220926,1827.048587799074,1.7045160057023157,987.611353397369,1131.1000585556,848.627746105194,-63.5638767,1.0,391.565704345703,3.84791588783264,36.0400581359863,-16.9599990844727,49.8906165361404,26.4290273189545,-2.5334573954791253,0.962983782046749,6.6348884484327,-0.38259360131113374,16.7000274658203,17.0000286102295,2.0,7.0,1.0,0.0,0.0,24060101.0,77.71890027110454,359.654866898774,26.6611361503601,14.34533387913425
2024-06-01 19:08:19+00:00,ESP,ESP,-19.32407843377004,-15.1888913479665,0.0,-10.037186844783799,-4.190990905261332,2.1334683482246897,-10.47163793166065,6.28688476069185,2.497036308192362,5.002342011790221,0.06566986763129251,5.417995052033371,-1.533874386274322,17.482337048605782,21.457547102159857,22.873021162356036,69.2972053527832,58.90495880126954,1.0,325.051216110521,0.120104411244392,254.677734375,254.677734375,267.747049125138,59.1067817687988,269.3619927128745,2.6509554749122457,44.6539197,1.84917724135893,1827.009272575382,1.969003980047998,742.975294589996,906.436860561371,677.372634410858,-63.5640821,1.0,406.408111572266,3.84791588783264,36.0400581359863,-18.0599994659424,49.8906165361404,26.4328926801682,-1.2309793275411596,2.39495994213148,-2.16896349664775,0.28059526501303683,17.7000312805176,18.0000324249268,2.0,7.0,1.0,0.0,0.0,24060101.0,79.46705850237478,357.756757328427,25.15705032348635,12.521489274501803
2024-06-01 19:08:20+00:00,ESP,ESP,-19.29357446742732,-13.26016323485386,0.0,-6.1260938260253806,1.831715179726872,9.674980547060175,-10.47031287496165,6.286737911624694,2.3437414421069596,5.001981292424678,-0.152351678326005,5.41826399073194,-1.5338744076186661,16.18421724967198,28.968554160713843,22.477018405600283,67.0512084960938,58.92535766601564,1.0,325.061625318816,0.120343101024628,271.013671875,271.013671875,267.810351318366,59.0083168029785,268.95948966508547,1.9787669327457642,44.6539148,1.13538405327851,1826.989603042602,1.959208119660616,961.127042770386,1025.84207057953,867.208778858185,-63.5642883,1.0,424.117614746094,3.84791588783264,36.0400581359863,-18.9599990844727,49.8983591794968,26.4270931482315,-0.724987841449638,0.744987515793508,0.679988554165611,-0.2019966121555094,18.7000350952148,19.000036239624,2.0,7.0,1.0,0.0,0.0,24060101.0,82.95609808137357,356.794410995129,24.49934434890745,6.100716746937144
2024-06-01 19:08:21+00:00,ESP,ESP,-19.30375315683792,-13.74696703869996,0.0,-7.125693120962485,-0.041700524694408256,6.628086391104328,-10.461183046475451,6.285856817221765,1.5271302788321925,5.002342011790221,-0.5894438312682195,5.418532929430509,-1.536042992680144,16.4504785140866,25.931840444404582,23.3111296447787,67.0621810913086,59.2255302429199,1.0,325.094683434399,0.120494203269482,287.43359375,287.43359375,266.6555029335,59.1685523986816,268.9829855158305,2.47815847641141,44.6539083,2.30689874004933,1827.0092725753798,1.9396163756027818,1261.33930683136,1109.01272296906,1054.48758602142,-63.5644954,1.0,438.988708496094,3.84791588783264,36.0400581359863,-20.0599994659424,49.900296330452,26.4270931482315,-1.691971633070355,-4.40692599117779,-1.24397915188325,-0.05419908518857166,19.7000389099121,20.0000400543213,2.0,7.0,1.0,0.0,0.0,24060101.0,83.84806751150172,356.210020009743,24.6249755859375,2.92785512484037
2024-06-01 19:08:22+00:00,ESP,ESP,-19.3301774511894,-14.54555856211866,0.0,-8.476994394943917,-2.019242356290824,5.2209759829241875,-10.44410245090855,6.286150515356075,2.0735813776480603,5.002702645778396,0.241136333511436,5.390841976497444,-1.495651687183578,15.8626437473208,24.551153562179643,22.05797912832136,67.6215019226074,59.93799224853516,1.0,325.148095513709,0.121054798364639,304.025390625,304.025390625,268.698494476521,60.1624374389648,269.9284749422565,1.888768390194222,44.6539014,1.62246928226275,1826.9896268844618,1.969003956764936,962.424337863922,1043.80345344543,912.277042865753,-63.5647046,1.0,456.809509277344,3.84791588783264,36.0400581359863,-21.0599994659424,49.9099761247635,26.4270931482315,-0.7774869699270325,3.42494265057248,0.0719987849492498,0.7347876848129793,20.7000427246094,21.0000438690186,2.0,7.0,1.0,0.0,0.0,24060101.0,83.63673326235451,355.554567736232,23.0955722808838,4.601921528577805
2024-06-01 19:08:23+00:00,ESP,ESP,-19.336274761061482,-13.562896343398517,0.0,-6.668961017862038,0.8625270992980056,8.642882955920053,-10.44218829039365,6.286444213490385,1.6234355192425487,5.0001778663517,0.7796214040426594,5.419877964432812,-1.531976767623822,15.55213310236826,27.979158570755164,21.48570148342812,65.8688873291016,59.8317915344238,1.0,325.223118311552,0.122098405659199,320.599609375,320.599609375,266.778063847967,59.8802261352539,267.7665151642725,1.6785719224967,44.6538963,1.63980451581965,1826.979756355288,1.929820561781526,1138.40639591217,1144.26708221436,1025.44546127319,-63.5649141,1.0,473.322814941406,3.84791588783264,36.0400581359863,-22.0599994659424,49.9080389738083,26.4290273189545,-1.6304726631444102,-1.58597334037155,1.08798168666498,-2.5633570608350422,21.7000465393066,22.0000476837158,2.0,7.0,1.0,0.0,0.0,24060101.0,86.1519791110062,355.569293624082,22.687806129455552,2.5266225898967063
2024-06-01 19:08:24+00:00,ESP,ESP,-19.33627510257092,-14.33390073275952,0.0,-8.207328622737512,-1.4651635530058955,5.221487734847756,-10.4414523375106,6.28600366628892,2.4184050787217415,5.0005385857172415,0.890997243413238,5.3556233867027405,-1.4723385226546921,15.372082485657561,24.55776313623944,21.14583024579986,66.5437431335449,60.48437255859373,1.0,325.269508956395,0.123245505988598,337.345703125,337.345703125,265.082073235539,60.6073081970215,265.834036082023,1.7057714006303037,44.653886,1.26667426966961,1826.999425888064,1.969003956764936,921.149671077728,978.480815887451,836.093306541443,-63.5651248,1.0,489.847412109375,3.84791588783264,36.0400581359863,-23.0599994659424,49.9041676521301,26.4270931482315,-1.64847229268066,0.790986705419428,0.772986969161476,-1.6571721500864283,22.7000503540039,23.0000514984131,2.0,7.0,1.0,0.0,0.0,24060101.0,86.26853355711681,355.120358950315,22.785694313049298,1.6680557347834115
2024-06-01 19:08:25+00:00,ESP,ESP,-19.34034179720276,-14.318380835417958,0.0,-8.25500522144622,-1.669974464567631,4.628883276229795,-10.4417460356449,6.286150515356075,2.3888280117380605,5.001620658436503,1.114796102211947,5.354817082871222,-1.4690854529634039,15.305325582747699,23.9692245184797,21.2004676610465,64.6543830871582,60.16498077392578,1.0,325.141811739672,0.125203505158424,354.109375,354.109375,263.664535775195,60.1168167114258,264.20808222934454,1.876368608642888,44.6538722,0.9545931080948,1826.960134506226,1.9004330504685598,932.216048240662,981.742143630981,856.214463710785,-63.5653355,1.0,481.797088623047,3.84791588783264,36.0400581359863,-24.0599994659424,49.9080389738083,26.4309614896774,-1.271978711972925,-0.639989258838724,-0.850985701770612,-1.7209711541988617,23.7000541687012,24.0000553131104,2.0,7.0,1.0,0.0,0.0,24060101.0,89.54353139998136,354.923622181462,22.31026525497435,-1.655867228507996
2024-06-01 19:08:26+00:00,ESP,ESP,-19.32610631693462,-14.2014536317334,0.0,-7.949907757543016,-1.1142823545924878,5.946262586453078,-10.4466061421262,6.28570996815461,2.0238058618074044,5.0001778663517,1.48727022331484,5.395681336279128,-1.4989045861201422,16.8555930847046,25.272368946076362,21.222387445640358,62.8695922851562,60.09507064819336,1.0,324.998514370886,0.127195300161839,370.818359375,370.818359375,261.526877810278,60.1272605895996,261.5406064905095,1.9525673516179736,44.6538535,0.952936146890837,1827.0092487335241,1.929820561781526,1009.2089176178,1038.37883472443,899.082958698273,-63.5655448,1.0,462.644012451172,3.84791588783264,36.0400581359863,-24.9599990844727,49.9177187681198,26.4251619577408,-0.7879867849503386,-0.0889985121436033,0.567990420528621,-3.130547410079762,24.7000579833984,25.0000591278076,2.0,7.0,1.0,0.0,0.0,24060101.0,93.49255143467249,354.901246481741,21.740902233123798,-9.630693340301509
2024-06-01 19:08:27+00:00,ESP,ESP,-15.857741720553477,-11.34690976907958,0.0,-6.935561913433124,-2.212401066514138,2.644356829155096,-10.4476366469172,6.28570996815461,1.9228115044327663,5.00125993907096,2.629384841051015,5.386809774320926,-1.5097479169700179,15.793217264973842,18.502098635085964,21.3487647283058,61.1112648010254,60.37535797119138,1.0,325.119818530545,0.128743699193001,387.51953125,387.51953125,257.56463043124,60.4024337768555,256.9701990677735,1.967567044676872,44.6538268,1.00535315301563,1826.979756355288,1.969003933481872,1132.04824924469,1182.07657337189,984.651803970337,-63.5657522,1.0,446.785186767578,3.84791588783264,36.0400581359863,-25.9599990844727,49.9157845973968,26.4270931482315,-1.10798138768927,-0.485991811747649,-0.43399270114227,-5.18791270201077,25.7000617980957,26.0000629425049,2.0,7.0,1.0,0.0,0.0,24060101.0,99.29708524797032,355.151477292174,21.77504053115845,-15.41823434829712
2024-06-01 19:08:28+00:00,ESP,ESP,-14.613873772687679,-10.154923767394441,0.0,-5.1409578835426,0.11122241624634746,6.100463839985684,-10.4554405649308,6.286591062557539,2.301179523836504,5.000177780974336,3.5849981019313804,5.338148859975451,-1.460681972406762,15.507501572746259,20.7143374846073,21.90052892455532,58.3630760192871,61.039248046875,1.0,325.368000284227,0.130103096365929,404.392578125,404.392578125,252.766695746873,61.0742889404297,250.722310845261,1.6553722458297422,44.6537885,-0.160338077116241,1826.93066596985,1.92002470139414,1186.48195266724,1145.86067199707,1083.56738090515,-63.565958,1.0,431.037811279297,3.84791588783264,36.0400581359863,-26.9599990844727,49.9177187681198,26.4270931482315,-1.37997686271637,0.174997063797477,1.41397626374422,-6.559289951019612,26.700065612793,27.0000667572022,2.0,7.0,1.0,0.0,0.0,24060101.0,106.6527878066858,355.522411205619,23.39961462020875,-20.806707676974217
2024-06-01 19:08:29+00:00,ESP,ESP,-14.665450238657721,-11.5741887533347,0.0,-8.48589344841351,-4.9953364361689285,-2.4403810496256546,-10.45264317557885,6.28600366628892,2.545008611403452,5.001259853693595,2.986623371436545,5.315296754559884,-1.433302561477212,13.954563637578579,12.225069410479584,22.48724183274996,59.1762977600098,61.4969480895996,1.0,325.650087096948,0.131927897036076,421.40234375,421.40234375,246.612504059395,61.6142601013184,244.985402734936,2.2131628033613238,44.6537355,-0.445785796476664,1826.93066596985,1.978799817152322,987.077414989471,1071.73073291779,956.372082233429,-63.5661589,1.0,413.551300048828,3.84791588783264,36.0400581359863,-28.0599994659424,49.9177187681198,26.4251619577408,-1.9784668526534501,-1.50597474971777,-0.461992234551517,-5.049315143703103,27.7000694274902,28.0000705718994,2.0,7.0,1.0,0.0,0.0,24060101.0,107.36477492199519,355.702892124248,24.01705141067505,-20.20190206674429
2024-06-01 19:08:30+00:00,ESP,ESP,-17.59061125638558,-15.495315661493319,0.0,-13.343220384218,-10.942471728698877,-8.883180451487965,-10.4583856571235,5.65550869056163,1.911269210443044,4.963742563733728,3.289751222226535,5.270130848012702,-1.40158589504734,14.75868863875338,8.707430378010793,22.42540813019384,55.0861324310303,61.28567825317382,1.0,325.781499936579,0.135082805156708,438.505859375,438.505859375,242.253395368822,61.3111953735352,240.659966876972,1.7659704468189719,44.6536694,-0.466125726298991,1826.8913507461561,1.9396163756027818,953.253388404846,1013.09061050415,867.516934871674,-63.5663534,1.0,398.822387695312,3.84791588783264,36.0400581359863,-28.9599990844727,49.9215930700302,26.3768345117569,-0.7649871367765255,1.66497205536385,0.109998162200539,-4.153930362857866,28.7000732421875,29.0000743865967,2.0,7.0,1.0,0.0,0.0,24060101.0,115.313600179932,355.457797616071,23.83221931457515,-28.086619581495032
2024-06-01 19:08:31+00:00,ESP,ESP,-19.92106360496692,-18.121882836068316,0.0,-16.43494495636672,-14.7802510336989,-12.83526365526708,-10.45809110521555,-1.0800419119199551,1.842737632287734,0.18352421613482267,3.3659256539970404,5.371485391144356,-1.456615726006098,13.647104379637762,7.085799864322462,21.69397888141224,48.3752986907959,59.98743209838871,1.0,325.62588090653,0.138561107218266,455.36328125,455.36328125,238.067937407709,59.9362083435058,236.2330480683195,0.4707920915296235,44.6535943,-0.930589475473848,1826.979780197146,1.890637166798114,1063.01534175873,1073.18377494812,1005.16974925995,-63.5665378,1.0,384.612487792969,3.84791588783264,36.0400581359863,-30.0599994659424,49.8596400022507,26.3227075338364,-1.01748292865134,-1.75997059520862,-2.52495743850046,-4.243128791436824,29.7000770568848,30.0000782012939,2.0,7.0,1.0,0.0,0.0,24060101.0,127.8929371592628,356.280179712897,23.634979534149153,-39.940713746207074
2024-06-01 19:08:32+00:00,ESP,ESP,-19.56828399282628,-18.039408984859282,0.0,-16.3686589950001,-14.6786533358328,-12.5823977578527,-10.4594165888014,-9.639810110099106,2.014067463466164,-1.846021288419898,1.1274053251108795,5.43896578184206,-1.551765767984398,11.550963378080999,6.9858867472377755,20.600201949991238,42.8131816864014,58.22678443908692,1.0,325.51140693604,0.141521313786507,471.8125,471.8125,234.253959775174,58.2080177307129,233.56659685786,0.6179896517450206,44.6535124,-0.908471935559172,1826.960158348084,1.8808413064107299,1043.72215270996,1017.10641384125,1027.85623073578,-63.5667101,2.0,369.779113769531,3.84791588783264,36.0400581359863,-31.0599994659424,49.8518973588944,26.2917786836624,-0.10799819159785105,1.39497659846395,1.69497163358072,-1.581973389494516,30.700080871582,31.0000820159912,2.0,7.0,1.0,0.0,0.0,24060101.0,137.4107019488004,357.934670095928,23.7102702140808,-44.67446448586205
2024-06-01 19:08:33+00:00,ESP,ESP,-19.52348307451288,-18.0273424311621,0.0,-16.286347019274437,-14.52737796458592,-12.61396672144178,-10.459121610006601,-11.07747741858805,1.374557064921283,-1.7453737125560242,1.385352808562555,5.476873246358266,-1.5588139255662958,9.186272144964033,6.909516353071112,23.7925237680474,41.971556854248,55.74373558044432,1.0,325.483785651037,0.144012013077736,487.6640625,487.6640625,233.977419076058,55.6227802276611,234.9095623128465,1.6939716298532101,44.6534292,0.624033029803075,1826.9502878189119,693.3118045330048,1230.86512088776,1216.5504693985,1160.68339347839,-63.566872,2.0,356.418212890625,3.84791588783264,36.0400581359863,-32.060001373291,49.8364090919495,26.2782484292984,-1.0079830960112035,-3.70693746918362,-2.98394999270672,1.406776454618408,31.7000846862793,32.0000839233398,2.0,7.0,1.0,0.0,0.0,24060101.0,136.21296270802262,0.055998379797514,23.793533706665052,-41.595379638671865
2024-06-01 19:08:34+00:00,ESP,ESP,-19.50108722573388,-18.007233671226658,0.0,-16.208080223084742,-14.42989238210962,-12.540958146384622,-10.459857989776498,-11.0776242676552,1.6494057340802761,-1.4798662662380335,2.7029328516422453,5.4784861101533995,-1.556916392293158,9.349156788743205,6.96012942085874,24.586535649627603,38.8838596343994,53.73528717041016,1.0,325.361907755487,0.146502806246281,502.861328125,502.861328125,233.94160156405,53.6889461517334,233.555067498541,1.419576207778672,44.6533493,0.868195697405782,1827.0092725753798,1192.7901506423962,1054.92877960205,1075.44445991516,1073.72915744782,-63.5670273,2.0,345.860504150391,3.84791588783264,36.0400581359863,-33.060001373291,49.8228549957275,26.2763142585754,-0.5649905267399575,2.34896032561874,1.42997598187498,-2.764553665739675,32.7000732421875,33.0000686645508,2.0,7.0,1.0,0.0,0.0,24060101.0,139.26316673096136,1.61011688514878,23.868026161193853,-40.936471763023974
2024-06-01 19:08:35+00:00,ESP,ESP,-19.533669277131576,-18.7014612701654,0.0,-18.06020622786308,-17.10338449307514,-16.947280519594482,-10.4573551523325,-11.0770368713866,1.8513943207635102,-1.5624764650983278,2.520635316138015,5.479561523438219,-1.555832078418078,8.940991172622958,2.586388853586639,25.9956887112564,37.9513401031494,51.96974166870116,1.0,325.281174919497,0.148743014037609,502.861328125,502.861328125,229.308738891544,51.9956165313721,229.8646479880915,1.0165829871951664,44.6532679,1.08377973294324,1827.0092487335241,1637.2149944305402,1228.91640663147,1204.98359203339,1122.57814407349,-63.5671725,2.0,345.860504150391,3.84791588783264,36.0400581359863,-34.060001373291,49.8093038797379,26.2705147266388,-0.8904850325863395,-0.3329944004006,0.0769987102053239,-3.0769483329973935,1.00000011920929,34.0000534057617,2.0,7.0,2.0,0.0,0.0,24060101.0,139.3306872490206,3.401246803351,23.91822423934935,-39.553629580411034
2024-06-01 19:08:36+00:00,ESP,ESP,-20.6859558857127,-20.8614701184496,0.0,-20.83894870802637,-20.974344686308367,-21.0950745408951,-10.4691346673298,-10.8535078317405,1.2627415748115693,-0.5282235784171374,7.4894087197379395,4.86524947143661,-0.9722808078719973,13.28344325162096,-0.40911878636120286,25.84770401131513,34.3488990783691,49.810981750488274,1.0,325.085913471505,0.150432805716991,27.359375,531.7109375,228.380857692798,49.7714447021484,224.49173431901448,0.7153213539724493,44.6531785,-0.850767669325701,1827.06169287364,1830.2516539891567,1189.24462795258,1090.95907211304,943.927645683289,-63.5673151,2.0,323.565612792969,3.84791588783264,36.0400581359863,-34.9599990844727,49.8151123523712,26.2685805559158,-0.5994899456398239,0.957983976852594,1.48097529686017,-9.090514557659047,2.00000023841858,35.0000381469727,2.0,7.0,2.0,0.0,0.0,24060101.0,138.87906512348835,3.9908509306213,23.95561637878415,-38.355984878540035
2024-06-01 19:08:37+00:00,ESP,ESP,-19.503641374974016,-18.723283383054138,0.0,-18.6286779205961,-18.780431063575442,-18.420327951852,-10.4803255053981,-10.7561366549328,0.825580484983505,0.46887259359541844,12.9178629258247,3.7737363350682016,0.15063510371121422,17.57808400642886,1.0833135031632821,25.38909380540678,32.8276187896728,47.53924186706544,1.0,324.718421973402,0.15173731148243,40.921875,545.2734375,213.579113761328,47.5119106292725,205.41105445745,0.0751987339114861,44.6530939,-1.73301472004064,1827.520203590392,1828.3349514007562,980.59618473053,950.652360916138,881.364464759827,-63.5674198,2.0,313.128204345703,3.84791588783264,36.0400581359863,-35.9599990844727,49.6040880680084,26.2569844722748,-0.022499616961587504,1.99696631329872,-0.811986388826897,-22.632019645039442,2.99999928474426,36.0000228881836,2.0,7.0,2.0,0.0,0.0,24060101.0,140.1615661011744,4.61908148519532,24.02843255996705,-36.225255643404445
2024-06-01 19:08:38+00:00,ESP,ESP,4.367627921490898,5.864007456044,0.0,6.52482983238789,5.812410355432137,7.402927575198561,-10.4900435839265,-10.6824094585976,0.29680337109395794,0.24340783564988483,13.73110665642825,2.609097813178242,1.3965325155568824,0.45762794644312627,3.035299781773702,20.475818399544522,24.8795579910278,44.36887733459472,1.0,324.021797319574,0.152639311552048,53.689453125,558.041015625,188.280694132248,44.2080883026123,177.9210115388205,0.19299676203582142,44.6529893,-3.40266321383013,1828.541994094848,1828.3643484115619,1036.93199157715,929.583668708801,859.528124332428,-63.5674792,2.0,309.621490478516,3.84791588783264,36.0400581359863,-36.9599990844727,49.4066178798676,45.3847795724869,0.19349674789132185,-0.730987762429098,0.586990192530598,-28.125927724697156,3.99999833106995,37.0000076293945,2.0,7.0,2.0,0.0,0.0,24060101.0,152.23408118748497,5.15497129728535,24.0730456352234,-35.77261347770692
2024-06-01 19:08:39+00:00,ESP,ESP,26.217581066822625,25.78687958304534,0.0,26.06665710880852,25.53195062699218,26.604124353087343,-10.49622832022,-10.688871671326051,0.717372217877671,1.1748485127768753,10.45291552937198,1.3643432213807871,2.5543277215070157,-24.212750132204057,0.3865429020665997,-11.79758033542374,18.0150169372559,41.58585845947265,1.0,323.392709576259,0.154851315915585,65.6171875,569.96875,161.727350186583,41.4044803619385,153.455929629995,1.3659770880076203,44.6528846,-3.56716511833871,1819.6011066436738,1828.5014629364039,1066.55859947205,936.780869960785,845.691502094269,-63.5674668,2.0,308.808013916016,3.84791588783264,36.0400581359863,-38.060001373291,55.5727660655975,58.7829351425171,1.99796645576445,2.22796267069832,2.22496293699221,-22.25182638564606,4.99999761581421,37.9999923706055,2.0,7.0,2.0,0.0,0.0,24060101.0,-32.6695215322986,5.61216110843755,23.92674379348755,-40.17641705599698
2024-06-01 19:08:40+00:00,ESP,ESP,27.105538443832263,25.23525130756034,0.0,23.097283593564242,20.84721113094708,18.089704790359992,-10.5012348488816,-10.6954803062349,1.6281247215841979,1.6777256193698544,3.683764665042175,0.3792933339454636,3.9823922535984257,-28.12084196584118,-9.0158332479298,-34.19189283413798,23.0925046920776,39.48328674316408,1.0,322.87779527511,0.156969214975834,76.83203125,581.18359375,143.745920970041,39.3476612091064,139.8336500851595,3.5679401740547796,44.6527959,-2.32176229890034,1432.9239606857318,1828.3839225769038,1539.29924964905,1272.06432819366,1058.14504623413,-63.5674029,2.0,310.910797119141,3.84791588783264,36.0400581359863,-38.9599990844727,65.7328724861145,58.8950514793396,2.8124528005492797,-0.929984470123773,0.306994831757697,-10.547023071039527,5.99999666213989,38.9999771118164,2.0,7.0,2.0,0.0,0.0,24060101.0,-151.2407285274304,6.00227888882706,22.90821418762205,-35.7359937814566
2024-06-01 19:08:41+00:00,ESP,ESP,26.78256099609718,19.928124313021403,0.0,12.1830471838753,3.7768003365855294,-4.673772688181631,-10.50138169794875,-10.700620877359,3.0290599770800717,4.906384086499162,-0.7213061293631635,-0.5608593428493704,5.467927491470208,-30.72394761137188,-31.45633308663726,-34.64220105894667,28.2338539123535,38.47578826904297,1.0,322.467410189019,0.158337517082691,87.6328125,591.984375,137.269549259413,38.3337020874023,137.8002003164095,3.7553369580386105,44.6527215,0.122995298489666,743.2698130607604,1828.6484003067021,1729.60221767426,1446.87676429749,1266.5753364563,-63.5673165,2.0,316.735900878906,3.84791588783264,36.0400581359863,-40.060001373291,65.7715916633606,58.9723765850067,1.7029714926461001,-0.996983183074603,-0.252995756385973,0.03599934978594357,6.99999570846558,39.9999618530273,2.0,7.0,2.0,0.0,0.0,24060101.0,-134.564777955634,5.78327356884565,22.3238943099976,-26.844808244705224
2024-06-01 19:08:42+00:00,ESP,ESP,26.80621155062672,21.1173504060177,0.0,14.50111366741574,7.014911657460084,1.8816611087873216,-9.34681719282038,-10.69929880886775,4.189412469888482,7.031887132146802,-0.480170783027506,-1.2501792347579899,6.317501766665348,-30.8574600511538,-24.9245497588205,-35.46763556731296,27.9070775985718,38.65342414855955,1.0,322.126693032462,0.159395004808903,98.306640625,602.658203125,138.294828955723,38.4893955230713,139.3101638966025,1.160780564242471,44.6526509,0.745757726344133,169.1294890828429,1828.599452972412,1585.33370494843,1434.56029891968,1321.60127162933,-63.5672263,2.0,324.859497070312,3.84791588783264,36.0400581359863,-41.060001373291,65.7851457595825,58.98397564888,-1.0629821137454576,-3.04294895331388,-3.34594382885846,1.3959765488306126,7.99999475479126,40.9999465942383,2.0,7.0,2.0,0.0,0.0,24060101.0,-133.4315293609994,5.70786699974824,23.20182037353515,-26.01222412402813
2024-06-01 19:08:43+00:00,ESP,ESP,26.86212416219134,23.71903332314428,0.0,20.09789549503126,15.822689360487681,13.43415086339308,-2.247593408105305,-10.69386496649615,3.009582412001312,7.757703758355284,-0.736017289618313,-1.5356930948955678,5.801630470636344,-26.93945009982292,-13.427973298798255,-34.512342770370694,29.9681591033936,40.04660041809082,1.0,321.830672633834,0.160338900983334,109.193359375,613.544921875,138.49170232836,39.9199253082275,139.656167619577,-1.2635787959212523,44.652578,1.1034805598305,5.1287073642015475,1828.5896301269538,962.119281291962,1013.92805576324,1068.62676143646,-63.5671356,2.0,329.169586181641,3.84791588783264,36.0400581359863,-42.060001373291,65.8006310462952,59.0052366256714,-3.0579486890614653,-1.52197436112682,-2.47095838980916,0.1471975308669276,8.99999809265137,41.9999313354492,2.0,7.0,2.0,0.0,0.0,24060101.0,-131.3244241982774,5.86987994063459,23.6071635246277,-26.21277833666119
2024-06-01 19:08:44+00:00,ESP,ESP,26.905154353962462,25.304721844627437,0.0,23.46588158231314,21.19351930960386,19.804576777729082,6.2616681291629845,-10.68799015003635,2.989383536257514,7.755538929897848,-0.8578976931281065,-1.56902998891827,5.7731669379307835,-22.04298618007428,-7.100577746988064,-34.98100712857382,32.5492698669434,41.707819747924795,1.0,321.577791710003,0.161120308935642,120.5859375,624.9375,139.368357108331,41.6757122039795,140.074646479835,-1.614172950298706,44.6525014,0.464810701440352,4.52938470989466,1828.4622907638561,516.066610813141,573.408722877502,679.092466831207,-63.5670418,2.0,332.814910888672,3.84791588783264,36.0400581359863,-43.060001373291,65.8335447311401,59.014904499054,-1.958967036099035,2.411959429202,0.749987427709369,0.7261878212265852,10.0000019073486,42.9999160766602,2.0,7.0,2.0,0.0,0.0,24060101.0,-128.67113066423502,6.46837953552519,24.518800449371348,-25.78497063029896
2024-06-01 19:08:45+00:00,ESP,ESP,26.8642814774407,23.74319170223862,0.0,20.29170006367364,16.85211617690762,12.2516087935186,6.44602091127715,-10.687550029721649,2.9825303378877344,7.102593335812138,-0.0036763493207590536,-1.335940946934348,6.128285719107402,-21.66343017733046,-14.61267234241264,-36.6866501643364,32.2595741271973,42.08666198730468,1.0,321.472278947705,0.162059913575649,132.25,636.6015625,140.494682623223,41.9228908538818,141.12213112113648,-1.228379405361422,44.6524218,0.517961152488129,4.25428571179509,1828.5014867782618,688.949584960938,612.218737602234,684.155762195587,-63.5669477,2.0,336.423889160156,3.84791588783264,36.0400581359863,-44.060001373291,65.8548414707184,59.0458333492279,0.186996892416183,1.49997485541874,-2.27096191317472,0.8527856860685791,11.0000057220459,43.9999008178711,2.0,7.0,2.0,0.0,0.0,24060101.0,-129.7251845814812,7.21828734884204,25.621794319152798,-26.4115314102173
2024-06-01 19:08:46+00:00,ESP,ESP,24.12188539359972,19.72623280040178,0.0,14.80850001308718,9.635798142358016,3.9041371967963485,6.445873848766585,-10.691809079556,2.982891185319322,5.23790746692378,0.24428815898849252,-1.038597818140198,6.506174984939006,-21.301803079648483,-20.21774789798258,-37.35153151399672,32.2590831756592,42.828888015747054,1.0,321.419304000502,0.163378299772739,144.0,648.3515625,141.448491220058,42.577033996582,140.9026361619695,-1.3143779330029122,44.6523399,-0.598648311587605,4.205160960555077,1828.44274044037,1136.9503736496,980.076014995575,1013.96703720093,-63.5668553,2.0,340.522796630859,3.84791588783264,36.0400581359863,-45.060001373291,65.850967168808,59.0497016906738,-0.153497442559275,-1.00498314886169,1.31197795393896,-0.2507957844708234,12.0000095367432,44.999885559082,2.0,7.0,2.0,0.0,0.0,24060101.0,-131.8244678115654,7.65360604049822,25.554334831237803,-28.741829505333534
2024-06-01 19:08:47+00:00,ESP,ESP,23.930300636437618,19.52478695762546,0.0,14.926080012101659,9.465745727309107,4.261293892977884,6.44631546318511,-10.69122125640055,2.98144817979111,5.2447618178879845,-0.2500663756293509,-1.000152817736311,6.508885630888491,-22.045656101020818,-19.66900674345972,-33.850459873756016,33.1990184783936,44.74259925842284,1.0,321.404195622058,0.164863801002502,156.123046875,660.474609375,142.290284714506,44.4998096466064,142.233614634962,-1.316577958278914,44.6522547,-0.34963725021082,4.2935854755342,1828.4525394439702,1154.616355896,1065.65201282501,1119.01581287384,-63.5667613,2.0,343.671508789062,3.84791588783264,36.0400581359863,-46.060001373291,65.8625841140747,51.7136752605438,-1.557473789090285,-1.26597876431304,0.0709988025660776,1.6051730661614751,13.0000133514404,45.999870300293,2.0,7.0,2.0,0.0,0.0,24060101.0,-133.069772489723,7.78147657327097,24.78335123062135,-31.16372254111549
2024-06-01 19:08:48+00:00,ESP,ESP,23.940797271154082,19.63034001803992,0.0,15.047763930278922,9.680656605015184,4.369463001221822,6.445874915983644,-10.68696220656625,2.982891185319322,5.765315123215666,0.097715641123431,-1.000152817736311,6.508072752999894,-19.5798782389424,-19.57133333078126,-31.41326396278792,35.4231868743896,47.14764793395996,1.0,321.429986416364,0.166634702682495,168.880859375,673.232421875,143.425366531914,46.9577156066895,143.499091593815,-1.8071696996613258,44.6521636,-0.239205497730011,4.214985948055981,1828.403544425964,974.228143692016,995.675504207611,1045.83525657654,-63.5666649,2.0,347.707489013672,3.84791588783264,36.0400581359863,-46.9599990844727,65.8606469631195,51.7040073871613,-2.2129628282290303,-0.0989983426454317,-1.15598059544239,1.2233795681507538,14.0000171661377,46.9998550415039,2.0,7.0,2.0,0.0,0.0,24060101.0,-132.95426852670658,8.01714542039309,25.0403901100159,-32.5264280759371
2024-06-01 19:08:49+00:00,ESP,ESP,23.95129697945568,20.95421441127706,0.0,17.644691328195922,13.768827400648041,10.355661063421731,6.44602091127715,-10.68725590470055,2.98144817979111,5.3331442096158534,0.2416617844999575,-1.000421649713174,6.508343570000484,-18.90087342411634,-13.5956353183924,-31.41935102737626,36.9949253082275,49.048249053955075,1.0,321.498807402441,0.168681402504444,182.26953125,686.62109375,144.545135065202,48.9321784973144,144.2820839896975,-2.467558620461102,44.6520667,-0.403442599006125,4.2248108424246285,1828.462290763858,960.074245929718,954.091787338257,1039.33703899384,-63.5665665,2.0,351.009704589844,3.84791588783264,36.0400581359863,-47.9599990844727,65.8780694007874,51.7040073871613,-1.773470304020595,0.0739987563857008,-2.89595132954416,0.5677904827489246,15.000020980835,47.9998397827148,2.0,7.0,2.0,0.0,0.0,24060101.0,-132.9556864739786,8.43592054010585,26.06384897232055,-33.37980856214249
2024-06-01 19:08:50+00:00,ESP,ESP,23.97859963613444,22.3577223215568,0.0,20.72350359847344,18.52319572339428,17.37910932609424,6.446168614117955,-10.6913681054677,2.98144817979111,4.399899775578601,0.198583134404346,-0.9996151537825841,6.510240996551916,-19.16522769971466,-6.599490566172291,-32.35701169097606,37.8306621551514,50.3433029937744,1.0,321.614100995631,0.171033994853497,196.07421875,700.42578125,145.730446093766,50.1804691314697,145.06006985691852,-3.0625486934014203,44.6519654,-0.857851696072914,4.146211128681896,1828.3643484115619,1125.98347663879,1015.91694355011,1183.27116966248,-63.5664676,2.0,354.810089111328,3.84791588783264,36.0400581359863,-49.060001373291,65.870326757431,51.6943395137787,-1.80596973147369,0.363993934320217,2.13496430906331,0.902784842579784,16.0000247955322,48.9998245239258,2.0,7.0,2.0,0.0,0.0,24060101.0,-133.1954698270568,8.86801965134201,26.687371158599852,-34.829758153642906
2024-06-01 19:08:51+00:00,ESP,ESP,23.99330093530398,22.891146093847063,0.0,21.8042229157487,20.493697785734877,19.004640731572323,6.44572721314284,-10.6925433248918,2.981087716557662,4.259569953231372,0.141319768887991,-1.000690481690037,6.508072582245167,-18.126120968448298,-4.988660459863768,-30.658377112320842,39.0952537536621,51.77698448181152,1.0,321.539214801571,0.167879515886307,210.259765625,714.611328125,146.756613714669,51.658854675293,145.9870563008835,-3.0973480376471296,44.6518598,-1.16310352225136,4.22481084242463,1828.462314605714,1128.69572639465,1076.92551612854,1228.05309295654,-63.5663689,2.0,357.646697998047,3.84791588783264,36.0400581359863,-49.9599990844727,65.9129202365875,43.3183193206787,-2.05646547854088,-1.1049813871789,-2.23896247691321,1.0435825115408144,17.0000286102295,49.9998092651367,2.0,7.0,2.0,0.0,0.0,24060101.0,-134.0634448026304,9.31333688616944,26.1196166038513,-36.59161033630371
2024-06-01 19:08:52+00:00,ESP,ESP,24.15317278264028,24.211788441568917,0.0,24.18868122858786,23.73049711264724,24.36188526367454,6.44558015063228,-10.69166223048885,2.980005942659178,4.023282632479908,0.304704330487576,-0.9998839857594476,6.509156874775904,-16.861951990821883,0.2087127145297097,-29.649351217178083,39.4303333282471,52.96017768859862,1.0,321.598118352973,0.164535310864449,224.802734375,729.154296875,148.441197911182,52.8035614013672,147.109030985274,-3.4309424594941453,44.6517499,-1.51496381227404,4.1953358799219105,1828.4329175949078,1098.49870204926,1091.7227268219,1188.53294849396,-63.5662711,2.0,361.004791259766,3.84791588783264,36.0400581359863,-51.060001373291,65.9090459346771,43.3086544275284,-2.10346475727168,0.371993740024742,1.9699672158399,1.1029814971177532,18.0000324249268,50.9997940063477,2.0,7.0,2.0,0.0,0.0,24060101.0,-135.685125688964,9.58095650445524,25.984728527069052,-38.87402275085448
2024-06-01 19:08:53+00:00,ESP,ESP,25.10745232101914,25.9109445051673,0.0,25.87046333999448,25.763549705897344,25.631175517140623,6.44631631695876,-10.691809079556,2.980366405892626,3.5820932651660575,0.03047033849999635,-1.0001528177363106,6.508886057775314,-17.74122444079248,0.5237228386037722,-28.620299548898362,40.4845401763916,54.1468398284912,1.0,321.83020818097,0.161536802351475,239.689453125,744.041015625,149.440550209404,54.0222953796387,147.98002353842298,-3.0359490339429938,44.6516358,-1.67146607116065,4.136385954916474,1828.383946418764,1131.16788864136,1109.38251018524,1231.83500766754,-63.5661747,2.0,363.572113037109,3.84791588783264,36.0400581359863,-52.060001373291,65.9013032913208,41.843381524086,-1.9259676708152,0.461992234551517,1.65797207195994,0.8929849725360143,19.000036239624,51.9997787475586,2.0,7.0,2.0,0.0,0.0,24060101.0,-136.2633585757946,9.85617300064538,25.94666175842285,-40.3552977970668
2024-06-01 19:08:54+00:00,ESP,ESP,25.34696349105884,25.90456988961494,0.0,25.742062613787404,25.7506645540281,25.56702433139912,6.445874915983644,-10.69034016199765,2.980366790090766,3.3436407744476995,-0.006303681803356599,-0.9993463218057215,6.508072582245165,-20.860832406454122,0.22006047715296045,-27.435276071298404,39.9816410064697,55.0736347961426,1.0,322.248980739362,0.158916002511978,254.84765625,759.19921875,149.635743355504,54.9130462646484,148.416015003713,-2.6893549264921055,44.6515188,-1.17841413832789,4.1855108924210045,1828.383946418764,1134.35745239258,1108.67154598236,1215.67475795746,-63.5660779,2.0,366.062805175781,3.84791588783264,36.0400581359863,-52.9599990844727,65.9148573875427,41.827917098999,-2.6874548959310554,-0.314994717503501,2.64695571613429,0.19139678622068185,20.0000400543213,52.9997634887695,2.0,7.0,2.0,0.0,0.0,24060101.0,-138.1577853081406,10.0131307477723,26.166180610656752,-42.574935804094586
2024-06-01 19:08:55+00:00,ESP,ESP,25.353332642459883,25.8578121221043,0.0,25.66507818561434,25.61386850080276,25.658830611580562,6.446168614117955,-10.6756535477348,3.2324915266028342,4.165776600265653,-0.1292359669621017,-0.9998839857594481,6.507801765244577,-19.47383101434148,0.30549795578044925,-24.788792235858402,40.3999420166016,56.200151596069304,1.0,322.860911047482,0.156810709834099,270.3125,774.6640625,147.975775160759,56.0931804656982,147.85652005785101,-2.52815759557002,44.6514003,0.0616174443595726,4.22481084242463,1828.4035444259657,874.103605747223,930.344045162201,1013.37325572968,-63.5659774,2.0,368.952789306641,3.84791588783264,36.0400581359863,-54.060001373291,65.9167885780334,41.8240517377853,-2.54445730841573,1.02798263695294,-0.136997693216294,-0.7615872126819957,21.0000438690186,53.9997482299805,2.0,7.0,2.0,0.0,0.0,24060101.0,-139.23472309118182,9.95888538538403,25.91425294876095,-44.18385829925538
2024-06-01 19:08:56+00:00,ESP,ESP,25.366072652809258,25.76647610044724,0.0,25.568921757950562,25.513513897365563,25.55205733787086,6.446463166025914,-10.685346866827551,4.987988540004168,3.838581681472796,0.378254282079826,-0.9996151537825846,6.507530521357159,-18.542679179511204,0.18598397002618441,-24.67803149771126,39.4301273345947,56.49522377014156,1.0,323.325199986502,0.156061904132366,285.986328125,790.337890625,147.41486636574,56.299524307251,147.0830352852925,-2.925750932628738,44.6512818,0.0430996609314374,4.087261389940976,1828.442716598512,911.99517250061,929.229378700256,1008.98838043213,-63.5658719,2.0,371.599487304688,3.84791588783264,36.0400581359863,-55.060001373291,65.9206628799438,41.8240517377853,-1.65747218749006,0.520991301880382,-1.1449807892275,-0.9427841805953532,22.0000476837158,54.9997329711914,2.0,7.0,2.0,0.0,0.0,24060101.0,-141.2262805776772,9.60606342607056,26.639700794219998,-45.70068642752513
2024-06-01 19:08:57+00:00,ESP,ESP,25.361825641183337,25.736753166236078,0.0,25.654484562211657,25.496436716893243,25.57129490717766,6.44631631695876,-10.689752765729,5.004220143057246,3.2649990862499125,-0.3924370965201845,-0.8832051661729313,6.610813568400966,-17.27126166362812,0.20946876040024534,-25.25250880502676,38.6913482666016,56.56937461853026,1.0,323.853310213128,0.156000307202339,301.69140625,806.04296875,147.33726175639,56.3986553192139,146.9220340661775,-3.193746467450974,44.6511633,-0.688339847808127,4.077436309307812,1828.413343429566,1121.96350097656,1047.32143878937,1176.31876468658,-63.5657656,2.0,374.526306152344,3.84791588783264,36.0400581359863,-56.060001373291,65.9148573875427,41.8182522058487,-1.62947268076124,-0.193996742417961,0.192996773375002,0.4729920719491593,23.0000514984131,55.9997177124023,2.0,7.0,2.0,0.0,0.0,24060101.0,-143.6600955450058,8.84507192327806,26.65413494110105,-47.74133348464967
2024-06-01 19:08:58+00:00,ESP,ESP,25.36182495816442,25.726139393775362,0.0,25.85547824646496,25.498572517046703,25.566999059699157,6.445579296858625,-10.69034016199765,5.003498362816702,3.23830388952047,-0.10034202895217949,-0.874064388039727,6.6441563321174915,-17.605805012194278,0.20517424494205608,-23.05235324316608,38.391370010376,57.00470718383788,1.0,324.497178485807,0.156381610035896,317.455078125,821.806640625,148.270798351769,56.8340812683105,148.0680236956895,-3.172546840927726,44.6510439,-0.502435118648485,4.077436309307812,1828.472113609314,1139.54317569733,1060.65452098846,1277.96459197998,-63.56566,2.0,378.094390869141,3.84791588783264,36.0400581359863,-57.060001373291,65.9071087837219,43.2545274496078,-2.43895895354765,-1.69297156209267,-1.83096923769214,1.15898056393625,24.0000553131104,56.9997024536133,2.0,7.0,2.0,0.0,0.0,24060101.0,-146.08532086643459,7.89578747299395,25.97446489334105,-49.303901138305655
2024-06-01 19:08:59+00:00,ESP,ESP,25.361824616654946,25.71764878561812,0.0,25.8319263881689,25.5092409310208,25.63109150581384,6.44543351500853,-10.6852000177604,5.00313747269643,3.743706213099138,1.092730349005003,-0.9052503914597706,6.645241222289781,-15.677889862347621,0.26926695852798,-21.8326211347703,38.2421688079834,57.70427879333496,1.0,325.258198163129,0.157361514866352,333.37890625,837.73046875,148.669285248326,57.6264015197754,147.8820103238335,-3.9455338207613715,44.6509222,-0.364526582353772,4.087261296808718,1828.4525394439702,932.640850543976,952.016353607178,1129.00221347809,-63.5655555,2.0,380.964508056641,3.84791588783264,36.0400581359863,-57.9599990844726,65.9167885780334,43.2661265134811,-2.695954746188015,-0.339994277082805,-3.32194403821892,-0.9349843340148667,25.0000591278076,57.9996871948242,2.0,7.0,2.0,0.0,0.0,24060101.0,-148.1920626630926,6.87459094914653,26.337545871734648,-50.73601871837268
2024-06-01 19:09:00+00:00,ESP,ESP,25.368195817112756,25.7091602265176,0.0,25.778424150362344,25.48149567808384,25.586228432778977,6.44543351500853,-10.667282297133301,5.003859252936974,3.778698467500218,2.19123983846063,-0.905519372847022,6.643885344362171,-14.02844203722658,0.21803223246860526,-21.89567095250816,38.7707588195801,58.36235916137698,1.0,326.063805315354,0.159014707803726,349.50390625,853.85546875,146.769659375984,58.2384155273438,144.77557198742,-4.423725951347181,44.6507997,-0.96662213844025,4.028311464935539,1828.4329175949101,842.543005943298,831.531405448914,1059.75520610809,-63.5654481,2.0,383.923309326172,3.84791588783264,36.0400581359863,-58.9599990844726,65.9206628799438,43.2680606842041,-2.673955133758225,-0.270995465963499,-1.67697184396192,-3.7075378001229824,26.0000629425049,58.9996719360352,2.0,7.0,2.0,0.0,0.0,24060101.0,-149.0545816835574,5.68597069392965,26.16915464401245,-51.5466153717041
2024-06-01 19:09:01+00:00,ESP,ESP,25.36395017152466,25.6752063316251,0.0,25.68859555145508,25.57969706438514,25.59259451059488,6.445579296858625,-10.6731571135932,5.00313747269643,3.1300804812726297,1.052278073397928,-0.905519372847022,6.64551161240355,-15.49135346875578,0.2286445431754826,-22.20942115618402,39.0374382019043,58.582030792236296,1.0,326.787696084349,0.159876716136932,365.767578125,870.119140625,143.12832160491,58.4014595031738,141.14063410359802,-4.178529844106537,44.6506804,-1.43153390533598,4.02831146493554,1828.50148677826,901.647925376892,931.519448757172,1071.17795944214,-63.565331,2.0,386.982391357422,3.84791588783264,36.0400581359863,-59.9599990844726,65.9206628799438,43.2699918746948,-2.1459640085564997,0.0319994662769895,0.697988290423563,-3.199346326108058,27.0000667572022,59.9996566772461,2.0,7.0,2.0,0.0,0.0,24060101.0,-149.3366821566576,4.07052380662903,25.85396375656125,-51.0534611421473
2024-06-01 19:09:02+00:00,ESP,ESP,25.363948805486842,25.64762739379442,0.0,25.556105249482478,25.53485277437052,25.62681375833666,6.445874062209995,-10.6747728802187,5.003137728828525,3.2765425755227398,-0.0572633705189346,-0.9041750635523167,6.642259161698152,-16.05515672719112,0.2628644779382276,-20.105672006910783,40.0406307220459,58.70638366699215,1.0,327.595215689541,0.160725219547749,382.048828125,886.400390625,140.779487851234,58.5548904418945,139.90715658100748,-3.0643486190024483,44.6505656,-0.82680485775721,4.07743640244007,1828.442716598512,991.716742515564,1001.83093547821,1170.92370986938,-63.5652048,2.0,390.795196533203,3.84791588783264,36.0400581359863,-61.060001373291,65.9245371818542,43.2680606842041,-2.11396467901669,0.684988519442325,1.93396742315888,-0.6709887353954233,28.0000705718994,60.999641418457,2.0,7.0,2.0,0.0,0.0,24060101.0,-148.8267566256784,2.21149423083577,24.52059001922605,-50.013868533863786
2024-06-01 19:09:03+00:00,ESP,ESP,25.53822961989616,24.986102399092257,0.0,23.916913124154938,22.59364320265934,20.97004986335826,6.445432447791475,-10.6794720503677,5.00313747269643,3.1253911295205925,-0.17441647770770552,-0.9047127915390669,6.644969807647638,-17.188103427464277,-4.568179041502465,-19.20765410276314,40.2872772216797,58.7213800048828,1.0,328.475189941449,0.161652700603008,398.365234375,902.716796875,140.229452717373,58.5164932250976,139.96165466039503,-2.3635603672338297,44.6504531,-0.261024830518308,4.018486570566892,1828.44271659851,1107.71477222443,1059.18717384338,1195.81627845764,-63.5650743,2.0,396.282012939453,3.84791588783264,36.0400581359863,-61.9599990844726,65.9109830856323,43.2719260454178,-2.199463066056205,-0.716987955703834,0.558990579080071,0.1259978870014004,29.0000743865967,61.999626159668,2.0,7.0,2.0,0.0,0.0,24060101.0,-147.7808306335446,0.681017191326785,24.2854585647583,-49.03938617706299
2024-06-01 19:09:04+00:00,ESP,ESP,25.625465137485037,25.56050525734576,0.0,25.26685390983108,24.374915215554182,24.83749250916896,6.446610228536475,-10.67888465409905,5.003498362816702,3.5893076097882015,-0.3257172473865613,-0.9057882048238854,6.643614356606851,-15.80758695845918,-0.7879724148726546,-18.3708866030165,40.0900966644287,58.53681381225584,1.0,329.120396931205,0.162528401613235,414.6640625,919.015625,139.804901818943,58.4121368408203,140.346153329532,-3.03974900968773,44.6503412,0.245189143649339,4.057786427438257,1828.4623146057122,1001.57296657562,1017.32993125916,1159.90400314331,-63.5649428,2.0,401.581787109375,3.84791588783264,36.0400581359863,-63.060001373291,65.922600030899,43.2661265134811,-2.13246424638367,0.343994206615494,-1.93996731745791,0.6419892342772388,30.0000782012939,62.9996109008789,2.0,7.0,2.0,0.0,0.0,24060101.0,-148.1603869777978,359.441355185319,24.24107551574705,-49.31112361234776
2024-06-01 19:09:05+00:00,ESP,ESP,26.1566137737627,26.78370915089668,0.0,26.790572124974677,26.75801193018234,26.55762715729356,6.44528559872432,-10.67991259756915,5.003498362816702,2.9251780505121037,0.5269267362691226,-0.9065947007544757,6.643071783454656,-13.395212979463219,0.40101370636403166,-18.27320089599752,39.2636569976807,58.1860711669922,1.0,329.703394558,0.16188260614872,430.8671875,935.21875,140.630671689598,58.0066452026367,139.87815559779148,-4.084531500088352,44.6502294,-0.397966895045464,4.067611414939164,1828.501462936402,982.168972492218,960.81954240799,1124.36378002167,-63.5648128,2.0,406.457397460938,3.84791588783264,36.0400581359863,-64.0599975585938,65.9148573875427,43.2680606842041,-2.0919649598651953,-0.933984399656462,-1.79396988951477,-1.0473824099123152,31.0000820159912,63.9995956420898,2.0,7.0,2.0,0.0,0.0,24060101.0,-150.1413385465496,358.281261215171,24.0481255531311,-50.8772053854806
2024-06-01 19:09:06+00:00,ESP,ESP,26.216471502591958,26.82227239895058,0.0,26.792733196828102,26.717036942332506,26.49941413801646,6.445138749657165,-10.67359808768145,5.00313747269643,3.2419112966192953,0.2857923204133376,-0.9049816235159305,6.644427319872809,-12.29202114453556,0.28294241931307473,-17.721060014815283,39.1144695281982,57.94264434814452,1.0,330.19970342385,0.161483506858349,447.0078125,951.359375,139.386101939795,57.8340156555176,138.351178016376,-3.6301391209767724,44.6501185,-0.694615991242575,3.979186667129396,1828.4818887710578,896.088540554046,887.054324150086,1059.2634677887,-63.5646828,2.0,411.857513427734,3.84791588783264,36.0400581359863,-65.0599975585938,65.9109830856323,43.2680606842041,-2.01746627231887,0.543990843332489,0.997983165457776,-1.547174002560126,32.0000839233398,64.9995803833008,2.0,7.0,2.0,0.0,0.0,24060101.0,-151.6253501399724,356.793973863022,23.31176948547365,-51.86490116119383
2024-06-01 19:09:07+00:00,ESP,ESP,26.201497337365083,26.250817791852278,0.0,25.4527709760199,24.55175974146846,23.401119094640922,6.445874915983644,-10.67917835223335,5.002416204720079,3.0781339471156,-0.4081981849168125,-0.9063258687776123,6.642801137208792,-13.9059921133339,-2.8003784988562392,-17.75129213962906,39.0236915588379,56.860449142456034,1.0,330.611399906262,0.161412200331688,462.97265625,967.32421875,138.390451604104,56.6661277770996,138.09367988466698,-2.099564783288626,44.6500108,-0.522916081205003,4.087261296808718,1828.44271659851,1117.48921871185,1056.70666694641,1165.44854640961,-63.5645509,2.0,416.847412109375,3.84791588783264,36.0400581359863,-66.0599975585938,65.926468372345,34.0492159128189,-1.29847813840528,0.31899464703619,0.925984433869378,0.29639505468139926,33.0000686645508,65.9995651245117,2.0,7.0,2.0,0.0,0.0,24060101.0,-150.09579484516422,355.410587348528,22.595459175109852,-49.40615493229457
2024-06-01 19:09:08+00:00,ESP,ESP,26.195082082187138,25.46751359783392,0.0,24.3936599867124,22.729936553961817,21.788007363640162,6.446168614117955,-10.6803531447706,5.00313747269643,2.674461229431386,-0.1371160442529527,-0.9068635327313392,6.644427319872811,-14.454155263098281,-4.407075273499838,-18.23015533630078,38.6926700592041,56.11614601135254,1.0,330.754779237319,0.161435616016388,478.6328125,982.984375,139.626688523119,55.9084831237793,139.04067878289948,-1.6881717106864702,44.649905,-0.758329116398364,4.02831146493554,1828.53090763092,1245.77116966248,1195.19889354706,1255.67007064819,-63.5644215,2.0,422.621490478516,3.84791588783264,36.0400581359863,-67.0599975585938,65.9187257289886,32.8700393438339,-1.587973358498745,-0.350994136658552,0.446992498803934,0.9621838601732344,34.0000534057617,66.9995498657226,2.0,7.0,2.0,0.0,0.0,24060101.0,-149.4354986014934,354.412341540952,22.498262786865247,-47.62122631072998
2024-06-01 19:09:09+00:00,ESP,ESP,26.422363115499003,26.80394768442636,0.0,26.811403518924322,26.46645608470496,26.876410185859363,6.44572721314284,-10.67359808768145,5.003498362816702,3.068032609597342,0.044129585423187956,-0.9060570368007488,6.6465963318211125,-16.3755858313469,0.45404742254198177,-18.27848814543402,38.8634113311768,56.25093589782714,1.0,330.292512034292,0.160694414377213,494.216796875,998.568359375,140.22725339646,56.0939186096191,139.414160356905,-1.873368554771666,44.6497981,-0.851897211859691,4.038136638700962,1828.58965396881,1128.31115722656,1111.94252967834,1178.2683134079,-63.5642956,2.0,427.432586669922,3.84791588783264,36.0400581359863,-68.0599975585938,65.9187257289886,32.8719735145569,-2.26396203649252,-0.434992710205868,1.09698163483523,0.19299678271315188,35.0000381469727,67.9995346069336,2.0,7.0,2.0,0.0,0.0,24060101.0,-149.50640962545657,353.743584058938,22.1685742378235,-48.129198932647704
2024-06-01 19:09:10+00:00,ESP,ESP,27.440159656554936,27.730180758525826,0.0,27.72257500137556,27.659040240206643,27.467771720803103,6.44572721314284,-10.67256971732455,5.003498362816702,3.5398861965673283,0.1071721247406995,-0.9057882048238854,6.644156502872218,-18.863107942157537,0.027611840799580567,-17.9265281559938,40.0828594207764,56.35657356262205,1.0,329.711399539708,0.160544613003731,509.875,1014.2265625,140.236364868813,56.2378223419189,139.25466860959602,-0.9491841105363384,44.6496903,-0.869453145904151,4.047961439937352,1828.4720897674579,1074.85413551331,1065.04368782043,1148.02157878876,-63.5641699,2.0,419.900512695312,3.84791588783264,36.0400581359863,-69.0599975585938,65.922600030899,32.8719735145569,-1.73697094703481,1.29497836014674,1.99896649150848,-0.2881951587852436,36.0000228881836,68.9995193481445,2.0,7.0,2.0,0.0,0.0,24060101.0,-147.71060536057422,353.289048630052,21.5059184074402,-47.10078691335825
2024-06-01 19:09:11+00:00,ESP,ESP,27.48120055573026,27.751786695927297,0.0,27.568136569524018,27.522122609614037,27.415614005734675,6.44631546318511,-10.67859095596475,5.002776838708255,2.989390281069318,0.1045457502521648,-0.9060570368007488,6.646325087933699,-21.47842050177288,-0.06558651297649735,-18.623213256995918,40.3749206542969,55.98566207885742,1.0,329.008900923194,0.160908897221088,525.486328125,1029.837890625,139.773851778976,55.7675457000732,138.832672201916,-0.8105864028182855,44.6495833,-0.918643581337201,4.047961439937352,1828.462314605714,1232.83815383911,1194.45371627808,1242.32971668243,-63.5640436,2.0,409.024688720703,3.84791588783264,36.0400581359863,-69.9599990844726,65.9322798252106,38.4817600250244,-1.35697726790341,0.386993502452751,0.30999480558764,-0.3007949549892535,37.0000076293945,69.9995040893555,2.0,7.0,2.0,0.0,0.0,24060101.0,-145.7230312404032,353.168154281742,21.295368862152102,-44.91204218183246
2024-06-01 19:09:12+00:00,ESP,ESP,27.479032995197162,26.94264594533554,0.0,25.893134445397017,24.775599725476518,23.07233598611132,6.4461686141179495,-10.67256971732455,5.00313747269643,2.9244566971583836,-0.47018883508150255,-0.90605705814509,6.646325685575247,-21.772147664387383,-4.406697118475613,-18.87547707323494,41.2863739013672,56.179940185546876,1.0,328.147094974478,0.161376513540745,541.01953125,1045.37109375,140.255421096597,55.9753829956055,139.095668635907,-0.5925900725320211,44.6494766,-1.39859585167212,4.02831146493554,1828.53090763092,1234.40301418304,1225.77571868896,1290.21298885345,-63.5639181,2.0,400.221710205078,3.84791588783264,36.0400581359863,-70.9599990844726,65.9342169761658,38.4972274303436,-2.3919599949819697,-0.604989875427697,2.1999631639695,0.515591351654527,37.9999923706055,70.9994888305664,2.0,7.0,2.0,0.0,0.0,24060101.0,-144.71503738684402,353.249761381946,20.8045125961304,-44.4456580843244
2024-06-01 19:09:13+00:00,ESP,ESP,27.2816190130879,24.68314696789012,0.0,22.50754047194432,20.12557210456708,17.302208909248016,6.44631546318511,-10.66449216485735,5.003498618948798,3.6953661895786056,-1.629639967035055,-0.9060570368007488,6.645240880780325,-22.839481518436678,-9.97941035997201,-17.295883129548198,41.7697345733643,57.29008049011232,1.0,326.606504826047,0.158435310423374,556.775390625,1061.126953125,140.192651658125,57.1580268859863,140.7826433986305,-0.13759769198434682,44.649368,-0.282887438958299,4.038136452436446,1828.550481796264,1054.6065568924,1109.5324754715,1147.45259284973,-63.5637916,2.0,389.783203125,3.84791588783264,36.0400581359863,-71.9599990844726,65.9438967704773,38.5126918554306,-2.41845942141433,0.378993643387373,-0.808986441677381,2.2685619981437943,38.9999771118164,71.9994735717774,2.0,7.0,2.0,0.0,0.0,24060101.0,-145.22163524965939,353.435679131154,21.632280063629153,-46.59004832676478
2024-06-01 19:09:14+00:00,ESP,ESP,25.968658920634983,22.278122955460038,0.0,19.03272954302452,14.93471815234496,11.02830210562072,6.445580364075685,-10.66449216485735,5.002776838708255,3.92840686528547,-0.22064697329069416,-0.9060570368007488,6.644698393005496,-21.680596150261998,-14.94035715652374,-17.76706919359284,41.0868724822998,58.34808517456054,1.0,324.559906943144,0.154911008477211,572.826171875,1077.177734375,142.525707674818,58.1786979675293,143.10659477316,-1.1105813739020323,44.649256,0.473875269603458,3.9890116080641738,1828.462314605714,994.444966316223,1053.70390415192,1099.56121444702,-63.5636654,2.0,379.906188964844,3.84791588783264,36.0400581359863,-72.9599990844726,65.9438967704773,38.5165572166443,-2.6764550897161596,-0.794986634952117,-1.96796703763014,1.682371759503221,39.9999618530273,72.9994583129883,2.0,7.0,2.0,0.0,0.0,24060101.0,-145.716089036131,353.815874781113,23.7084677696228,-48.339310073852545
2024-06-01 19:09:15+00:00,ESP,ESP,25.861929701645458,23.86475575059598,0.0,22.07038241034468,19.616651977433765,18.363348635493743,6.44572721314284,-10.6615547566274,5.00277709484035,3.899187059884062,0.002626374488535199,-0.9063258687776123,6.642800795699337,-19.51503003239608,-7.498581322283816,-19.96526346663336,41.4298038482666,59.34418395996096,1.0,322.063991895881,0.15184181034565,589.201171875,1093.552734375,143.139796322715,59.2406227111816,143.1696100984425,-2.7795533801429158,44.649139,-0.00589992899436725,3.949711751192808,1828.452515602114,898.879766464234,954.00059223175,1028.923869133,-63.5635413,2.0,371.269897460938,3.84791588783264,36.0400581359863,-74.0599975585938,65.9535765647888,38.518488407135,-2.36746021315084,0.782986792993198,-0.738987568133622,-0.031999472613590894,40.9999465942383,73.9994430541992,2.0,7.0,2.0,0.0,0.0,24060101.0,-145.368828558349,354.365021990382,24.98288011550905,-48.774159710223856
2024-06-01 19:09:16+00:00,ESP,ESP,25.881129021892924,25.025803556661863,0.0,24.4093537123683,23.47315744132648,22.83094924612552,6.445874915983644,-10.6683106674902,5.002776838708255,3.3274078480454676,0.0682962421198277,-0.9065947007544757,6.645240880780324,-18.33478154004488,-3.050180074588174,-20.54926205765182,41.668684387207,59.627340087890616,1.0,319.110590778011,0.14925469905138,605.734375,1110.0859375,143.841338712746,59.5022003173828,143.23009825373202,-3.064148665214496,44.64902,-0.614504328941525,4.008661583065986,1828.4916877746577,981.839537620544,935.586512088776,1094.38276290894,-63.5634177,2.0,361.067413330078,3.84791588783264,36.0400581359863,-75.0599975585938,65.9535765647888,38.5242879390717,-1.8094696698147898,0.825986142191308,-0.650989065053618,0.07919867278232404,41.9999313354492,74.9994277954102,2.0,7.0,2.0,0.0,0.0,24060101.0,-145.7640588207098,354.849255081779,24.88915128707885,-49.35483063289098
2024-06-01 19:09:17+00:00,ESP,ESP,25.876862544227862,25.245282806394297,0.0,24.86408482617404,24.28195907302598,23.585536592797478,6.445580364075685,-10.66684217681865,5.002776838708255,2.7033205715993462,0.13974336923168001,-0.9060570368007488,6.645240624648229,-17.72444027543552,-2.291326271595504,-19.91588256497202,42.0950706481934,59.69780639648438,1.0,316.761278911094,0.147436697781086,622.306640625,1126.658203125,144.863490182416,59.5006072998047,143.7670945564675,-2.786353217659806,44.6488993,-1.05268999250182,3.9398868568241605,1828.44274044037,1092.85819530487,1087.43572235107,1155.07686138153,-63.5632962,2.0,351.9921875,3.84791588783264,36.0400581359863,-76.0599975585938,65.9535765647888,38.5223567485809,-2.210962970184395,-1.17298029595632,0.96798369396261,0.444792526888785,42.9999160766602,75.9994125366211,2.0,7.0,2.0,0.0,0.0,24060101.0,-146.72011318374422,355.206255409318,23.649060058593747,-50.18731567382812
2024-06-01 19:09:18+00:00,ESP,ESP,25.891788898130564,25.53525712156938,0.0,25.474982409691343,25.22363247276322,24.93479367653768,6.44572721314284,-10.6617016056946,5.003498618948798,3.1766166945220418,0.09088650249520994,-0.9065947007544759,6.643885258984804,-19.073675844079823,-0.9569953816754275,-17.79419187478696,42.907413482666,59.82919601440428,1.0,315.269510954849,0.145398017764091,638.923828125,1143.275390625,144.300122519295,59.7293083190918,143.1735989289175,-1.788770023810958,44.6487779,-0.836021664433614,3.9890117011964312,1828.4622907638557,1042.33455657959,1029.08551692963,1160.51435470581,-63.5631754,2.0,343.373291015625,3.84791588783264,36.0400581359863,-77.0599975585938,65.9574449062347,38.5242879390717,-1.69247162426194,2.66695536379773,4.31092768239326,-0.7825868320564406,43.9999008178711,76.999397277832,2.0,7.0,2.0,0.0,0.0,24060101.0,-147.3498320365386,355.355699948357,22.50149602890015,-50.60921454796424
2024-06-01 19:09:19+00:00,ESP,ESP,25.864063111232678,24.003472453015963,0.0,21.915661208661483,19.54775824984202,16.63979633146318,6.445579296858625,-10.6772693143603,5.00313747269643,2.57164908124217,-0.36406861283383746,-0.9068635327313392,6.643614100474757,-20.96268213830058,-9.224266267505348,-17.66627882408664,42.5928817749023,59.294231872558576,1.0,313.448090748504,0.143511298298836,655.462890625,1159.814453125,143.559975900076,59.0449836730957,143.2741051625545,-1.3735769541197278,44.6486581,-0.553898779775533,3.989011701196432,1828.4329175949101,1281.70084953308,1207.9746723175,1314.33212757111,-63.5630529,2.0,333.142395019531,3.84791588783264,36.0400581359863,-78.0599975585938,65.9632563591004,35.0447505712509,-1.957467275967685,-1.03598260274002,0.184996900969412,0.6233895085893832,44.999885559082,77.999382019043,2.0,7.0,2.0,0.0,0.0,24060101.0,-146.4277947476462,355.476430372127,22.032439899444547,-49.20022544860837
2024-06-01 19:09:20+00:00,ESP,ESP,25.878991514192144,24.3060877407974,0.0,23.013287976208183,21.1956667210789,19.9055655642307,6.44572721314284,-10.648337486809801,5.002416204720079,3.500925346126376,-0.08142907339032886,-0.9063258687776121,6.6441567590043125,-20.519040861140745,-5.973425864584078,-16.517048611322682,44.1793659210205,59.729749145507796,1.0,311.360293164528,0.14191550463438,671.962890625,1176.314453125,143.739514252599,59.5986053466797,143.1345917185675,-1.52397445395921,44.6485385,-0.544602305345764,3.9791866205632678,1828.4818887710578,1007.98678398132,1082.94606208801,1139.41383361816,-63.5629308,2.0,324.343505859375,3.84791588783264,36.0400581359863,-79.0599975585938,65.955513715744,32.6226055622101,-3.03594896990997,-0.257995668301834,1.37797679122832,-0.5771903144827013,45.999870300293,78.9993667602539,2.0,7.0,2.0,0.0,0.0,24060101.0,-145.3299839065012,355.769308883737,21.12264833450315,-48.54517753601075
2024-06-01 19:09:21+00:00,ESP,ESP,25.87045719282424,24.450818766291043,0.0,23.130313705371517,21.566869743977257,19.77036231111976,6.445432447791475,-10.647015418318599,5.002416204720079,3.696809323172866,-0.5589734769267195,-0.9057882048238854,6.644698819892319,-23.139312138093523,-6.100095393968642,-17.31712057824398,44.2181579589844,59.954644775390626,1.0,310.286204936408,0.141675996780396,688.615234375,1192.966796875,142.987824613683,59.7671836853027,143.06709578918998,-1.0437825293617915,44.6484189,0.0189616756880665,4.038136452436446,1828.3937454223658,936.906218528748,987.516343593597,1054.95691299438,-63.5628058,2.0,315.007293701172,3.84791588783264,36.0400581359863,-80.0599975585938,65.9593820571899,32.6148718595505,-1.8834684195303901,0.648989100287273,-0.597990052106345,0.11059813962425036,46.9998550415039,79.9993515014648,2.0,7.0,2.0,0.0,0.0,24060101.0,-143.2635948674596,356.221276161495,22.29407844543455,-46.84562690734861
2024-06-01 19:09:22+00:00,ESP,ESP,25.853397087824817,24.4445162092344,0.0,22.97326545823812,21.3578003855588,19.83991446894748,6.44572721314284,-10.6567087374113,5.002776838708255,3.213412673816874,-0.3656440553298499,-0.9055193515026808,6.6436142712294854,-24.85017548743876,-6.013483301896276,-18.32093264848378,44.3541446685791,60.17197219848632,1.0,309.611518850194,0.1407222032547,705.2734375,1209.625,143.903151924734,60.026131439209,144.1150926946795,-0.9519840398648777,44.648299,0.00967710573107196,3.959536785259842,1828.4133195877062,1166.1171913147,1155.82418441772,1198.54664802551,-63.5626809,2.0,304.625885009766,3.84791588783264,36.0400581359863,-80.9599990844726,65.9671247005463,32.6052069664001,-1.947967336605845,0.277995342645704,-0.335994374230543,1.241979144428221,47.9998397827148,80.9993362426758,2.0,7.0,2.0,0.0,0.0,24060101.0,-142.4555179188312,356.850719074646,22.76566400527955,-46.09216055436569
2024-06-01 19:09:23+00:00,ESP,ESP,25.859795609039274,24.874546626925742,0.0,24.124859940983264,22.7675073755293,22.67631444633534,6.44528559872432,-10.6505402228171,5.00313747269643,3.4161507456954716,-0.009455523121916498,-0.9057881834795442,6.643614527361578,-23.82174980599644,-3.183481649621732,-18.76324067271762,45.5559047698975,61.03970123291015,1.0,308.835609360481,0.13996769785881,722.09375,1226.4453125,145.037632685495,60.9540229797363,144.2865850843605,-1.6179728620104181,44.6481759,-0.701624245578684,3.949711751192808,1828.4622907638561,1123.99351596832,1158.0319404602,1231.17160797119,-63.5625587,2.0,295.693603515625,3.84791588783264,36.0400581359863,-81.9599990844726,65.978741645813,32.6071411371231,-2.59795636591544,-0.10899817314726,-1.64797235484993,-0.09079847242918522,48.9998245239258,81.9993209838867,2.0,7.0,2.0,0.0,0.0,24060101.0,-142.47798377704922,357.57223293781,22.8530945777893,-47.36416221031778
2024-06-01 19:09:24+00:00,ESP,ESP,25.885396524086342,25.620059384266398,0.0,25.69928684656288,25.616015570768337,25.353810072682883,6.44572721314284,-10.648777607124451,5.002416460852174,3.5691060873461,-0.688209433883662,-0.9049816662046128,6.643072381096206,-23.15800329226672,-0.5315867048675151,-18.66089438611846,45.5491344451904,61.64920349121094,1.0,307.95599027841,0.139418797194958,739.158203125,1243.509765625,144.537922385439,61.5757255554199,144.005577441528,-1.60157319361508,44.6480508,-0.56166273051028,4.008661583065987,1828.521060943604,1046.44107818604,1066.07103347778,1161.68081760406,-63.5624355,2.0,285.978393554688,3.84791588783264,36.0400581359863,-82.9599990844726,65.9709990024567,32.6090753078461,-2.4229593421385998,0.59399001585195,1.68297173826095,-0.30479490386525143,49.9998092651367,82.9993057250976,2.0,7.0,2.0,0.0,0.0,24060101.0,-143.0570144299746,358.153181507855,23.472147560119602,-48.57931051254274
2024-06-01 19:09:25+00:00,ESP,ESP,25.876856397057622,25.62430263928828,0.0,25.59242443888456,25.586104123336078,25.36649714906616,1.6529812580694987,-10.6577366808814,1.990621923334458,3.031597178913318,0.584716513269351,-0.9052504981814762,6.643885258984804,-24.05901964946,-0.5103594134100837,-19.22502566438868,44.3668922424316,61.50659957885743,1.0,307.387308728115,0.139565607905388,756.2890625,1260.640625,144.917339393833,61.2380401611328,144.1835858316765,-1.6289726895696561,44.6479256,-0.31182975191642,4.126561153680086,1828.4329414367683,1150.77245235443,1148.93019199371,1249.57990646362,-63.5623107,2.0,277.167694091797,3.84791588783264,36.0400581359863,-84.0599975585938,65.9748733043671,32.6071411371231,-2.231962493509305,-0.791986741163454,-0.578990280104368,-0.07339878830013831,50.9997940063477,83.9992904663086,2.0,7.0,2.0,0.0,0.0,24060101.0,-143.84703235843762,358.533459120084,24.0895071029663,-50.19874806404111
2024-06-01 19:09:26+00:00,ESP,ESP,25.88965173193926,25.61582056886748,0.0,25.4429723866366,25.40044626282624,25.36648758680132,-7.846369560245035,-10.6530366569588,0.3029350046676384,3.118536863933754,0.08983557050268695,-0.905250476837135,6.643614271229484,-21.696236258932938,-0.5231643692535031,-19.183624131225223,43.9908096313476,61.36174346923826,1.0,306.546676365826,0.139664098620415,773.34765625,1277.69921875,143.698970249686,61.1366500854492,142.6411105510345,-1.827769358099014,44.6478012,-0.665087642717582,3.979186713695526,1828.4916877746582,1075.99604129791,1075.86479187012,1192.2914981842,-63.5621861,2.0,266.856292724609,3.84791588783264,36.0400581359863,-84.9599990844726,65.9729361534119,32.5994074344635,-2.52395756283899,0.417992983011515,0.956983994469422,-1.576573505969728,51.9997787475586,84.9992752075195,2.0,7.0,2.0,0.0,0.0,24060101.0,-144.7936228113586,358.633589693317,23.99823389053345,-51.272115039825444
2024-06-01 19:09:27+00:00,ESP,ESP,25.883259357895042,25.62006109181368,0.0,25.65226679978814,25.323694061084957,25.42212357570458,-10.905722493511199,-10.6552398198529,-0.31204816855947237,2.93672230818121,-1.0753937814267744,-0.9049816235159304,6.644427405250177,-21.12709332935926,-0.4611357621801305,-19.62668040268262,43.8769706726074,60.624643249511735,1.0,305.806693671147,0.139842599630356,790.345703125,1294.697265625,142.724698406097,60.4923706054688,142.2226180303985,-0.5947900376103111,44.6476794,-0.693888255930851,488.8877817429603,1828.5896539688122,1091.35520458221,1128.78584861755,1153.6511182785,-63.5620579,2.0,257.855499267578,3.84791588783264,36.0400581359863,-86.0599975585938,65.9690618515015,32.5936079025269,-1.7569706480591099,3.79493634578959,6.97988301095734,0.3823935461375606,52.9997634887695,85.9992599487305,2.0,7.0,2.0,0.0,0.0,24060101.0,-143.888663727467,358.537639195856,23.9188439369202,-49.85592184066774
2024-06-01 19:09:28+00:00,ESP,ESP,25.861924579003603,25.6052078209351,0.0,25.532619644021402,25.394062426518502,25.3195850192803,-10.90528109253605,-10.66008626595585,-0.3398216427175118,2.5864395570690557,-1.062260901798,-0.9055193515026808,6.6457834539325145,-23.894609482929702,-0.542340157364826,-19.378508211265878,42.1241226196289,59.218126831054704,1.0,305.174108870977,0.140091495215893,806.95703125,1311.30859375,143.474557554316,59.1099678039551,143.58159344879903,0.4659921907646324,44.6475606,-0.269041044685096,1241.275334358214,1828.4035205841078,1218.77288818359,1232.44750499725,1215.66891670227,-63.5619318,2.0,247.160797119141,3.84791588783264,36.0400581359863,-87.0599975585938,65.9748733043671,32.5955420732498,-2.1659635494982297,-0.836985948406202,-0.796986653079314,1.515174544954276,53.9997482299805,86.9992446899414,2.0,7.0,2.0,0.0,0.0,24060101.0,-144.8904666975624,358.509717382529,23.8444441795349,-48.60346148564267
2024-06-01 19:09:29+00:00,ESP,ESP,25.82994290123392,25.607330985238605,0.0,25.44724227939622,25.47723329853228,25.34726948353366,-10.8896724027353,-10.6567087374113,-0.00545845473145882,3.223152950460136,-1.200952428567605,-0.9052505195258174,6.645512039290372,-25.360954450554704,-0.48267394597269514,-19.38164668318948,40.8091209411621,58.140937957763676,1.0,304.786891786551,0.140207809209824,823.287109375,1327.638671875,145.156368694027,58.0924278259277,145.218065792799,1.2491790389314041,44.6474417,-0.228726013191655,1658.754229545594,1828.530859947204,1121.85144424438,1229.2503118515,1143.19574832916,-63.5618122,2.0,238.749206542969,3.84791588783264,36.0400581359863,-88.0599975585938,65.9748733043671,32.5781434774399,-2.02746609615059,0.812986264488364,0.604989875427697,1.5953732601507302,54.9997329711914,87.9992294311524,2.0,7.0,2.0,0.0,0.0,24060101.0,-146.0521288791442,358.487696852645,23.77050018310545,-48.820196712718314
2024-06-01 19:09:30+00:00,ESP,ESP,25.834208012861136,25.600971054592982,0.0,25.66724813671366,25.3492738025456,25.402767502615678,-10.860959141238201,-10.6639047685887,0.20266202666013172,3.9688103370564947,-4.25061732546546,-0.3554614685759453,6.059972642972507,-27.496004990756262,-0.431440745033197,-18.40024719569218,38.0624187469482,56.07693786621094,1.0,304.414209344678,0.140109305083752,839.173828125,1343.525390625,145.667963523239,55.8737079620361,148.20901929072602,0.2957950584146383,44.6473244,1.02776471122974,1827.31385231018,1828.452491760254,1231.38523101807,1255.68103790283,1197.1652507782,-63.5616992,2.0,229.085998535156,3.84791588783264,36.0400581359863,-89.0599975585938,65.9632563591004,32.5684785842896,-1.870968693101585,-0.201996601483339,-2.69195470993362,4.10393135042096,55.9997177124023,88.9992141723633,2.0,7.0,2.0,0.0,0.0,24060101.0,-146.8633395185636,358.606760710257,23.7211046218872,-47.656170003554394
2024-06-01 19:09:31+00:00,ESP,ESP,25.471870575505463,25.093050867154158,0.0,25.05859153826308,24.85944576168976,24.816771081265,-10.7011963207965,-10.67785713751575,0.919360863257844,3.7393774099579127,-7.44895564371807,0.8707429791041417,4.8203102133333875,-27.489138601583676,-0.6550995689456671,-16.76623371979332,35.6158458709717,54.246356048584005,1.0,304.110593775693,0.140053313970566,854.484375,1358.8359375,153.570792921267,54.0841621398926,159.98531726896,-1.7881699490036898,44.6472068,2.6093211603641,1826.459074020382,1828.413343429564,1203.85825634003,1201.12764835358,1245.40221691132,-63.5616003,2.0,221.871704101562,3.84791588783264,36.0400581359863,-90.0599975585938,65.9613192081451,32.5607478618622,-1.515974626910345,0.949984117787216,-0.51399131847647,14.2159614657947,56.9997024536133,89.9991989135742,2.0,7.0,2.0,0.0,0.0,24060101.0,-148.1944559613778,358.842484198892,23.77300128936765,-46.21682785034181
2024-06-01 19:09:32+00:00,ESP,ESP,5.3199642923952695,3.418612644693124,0.0,3.1155449422565167,3.89982478610913,2.7235261921549396,-10.50682962758545,-10.69371811742905,0.6001466363120094,1.7109140634998148,-9.201002472437535,2.124369511721854,3.6454364822174363,-11.883473720840707,-2.596438014862944,-9.692075827533806,29.5814094543457,51.94860603332518,1.0,303.856674663108,0.139977702498436,869.26171875,1373.61328125,170.614232259092,51.8522449493408,179.72448883821647,-3.04114898502417,44.6470819,3.70837735843802,1824.945998191834,1828.5210847854619,1267.30358600616,1145.52092552185,1293.64264011383,-63.5615416,2.0,217.003005981445,3.84791588783264,36.0400581359863,-91.0599975585938,65.9322798252106,32.4911564588547,-0.7784869789906306,0.2069965133992,-1.62597252897673,21.45124010548028,57.9996871948242,90.9991836547852,2.0,7.0,2.0,0.0,0.0,24060101.0,-159.5391843387914,359.050367836471,23.938630485534652,-46.92454462051393
2024-06-01 19:09:33+00:00,ESP,ESP,-22.266553298024963,-22.16970599672662,0.0,-22.44185710401726,-21.476552445034862,-22.670012743052343,-10.468987391375851,-10.703264160567748,0.7617378503697066,-0.03183988797837721,-8.665670174538505,3.26346767246063,2.4391175420024416,18.81021051760198,-0.40345983989769374,4.510455531344401,24.690435218811,48.72819602966306,1.0,303.617618042158,0.139795097708702,883.279296875,1387.630859375,193.200274485733,48.6323341369629,202.0756067083555,-3.4215426250923278,44.6469575,3.84975288274718,1824.2582559585578,1829.245948791504,1270.84755897522,1099.50971603394,1266.54732227325,-63.5615464,2.0,216.801300048828,3.84791588783264,36.0400581359863,-91.9599990844726,65.7018959522247,32.2359889745712,-0.18499689096425198,0.370993784321996,0.473992023149583,22.0504293787223,58.9996719360352,91.9991683959961,2.0,7.0,2.0,0.0,0.0,24060101.0,-32.87019249011361,359.228116679431,23.992573356628448,-47.835882392296405
2024-06-01 19:09:34+00:00,ESP,ESP,-28.34613643863296,-27.177409109373762,0.0,-26.10461895870598,-25.292279630525883,-23.616449345962018,-10.4548518880017,-10.58254142076145,1.9707837862995121,-0.5783669719817512,-4.661441891540915,4.478918063331749,1.24770798693891,27.60179676628224,4.729687476869083,15.452443930110979,22.6716630935669,45.7586025238037,1.0,303.671603857358,0.139579112827778,896.365234375,1400.716796875,213.888644274135,45.730542755127,219.700827899303,-3.8235360553917284,44.6468502,3.05890128700727,1823.9831924438463,1801.160836219788,1340.04890918732,1058.54964256287,1263.43989372253,-63.5616111,2.0,217.892593383789,3.84791588783264,36.0400581359863,-92.9599990844726,73.4342634677887,44.7024017572403,0.515991336603668,0.664988871778881,-0.639989258838724,15.341742443854901,59.9996566772461,92.999153137207,2.0,7.0,2.0,0.0,0.0,24060101.0,171.0541101020186,359.379992765816,23.9027858734131,-45.39561973571779
2024-06-01 19:09:35+00:00,ESP,ESP,-27.941323079357325,-22.301258513726182,0.0,-16.0248566419951,-9.517080319205178,-1.595929984601109,-10.451464967947,-10.5809260810227,3.048176908170656,0.6564595810053572,-4.70136861610787,5.727168175191686,0.034069592560757235,28.565372192121497,26.345393713742123,31.8602219798087,32.3025409698486,44.08878227233886,1.0,303.646796610292,0.139353901147842,908.79296875,1413.14453125,225.134605384074,43.9970066070557,229.04915072194848,-2.040565726631933,44.6467642,2.12622081315204,1824.002838134766,1419.8613882064842,1391.65437221527,1163.31899166107,1254.87017631531,-63.5617111,2.0,224.056106567383,3.84791588783264,36.0400581359863,-93.9599990844726,80.4677367210388,44.7565287351608,-1.4284759549393715,-2.87895162903023,3.88593495610167,8.29586068098557,60.999641418457,93.999137878418,2.0,7.0,2.0,0.0,0.0,24060101.0,137.3112735190144,359.509821001559,23.5992181777954,-32.40832821772647
2024-06-01 19:09:36+00:00,ESP,ESP,-27.817498921403644,-24.36304161470102,0.0,-20.0588011997694,-15.292277530866766,-13.513350193847927,-10.4140641327125,-10.582981967962901,5.732822035031896,2.4262691024,-4.89785010664069,6.630488696701472,-0.870805341932914,28.34145366093798,14.304148257980206,33.36088898952246,46.4475414276123,44.25354286193848,1.0,303.536721281628,0.139188797771931,921.0,1425.3515625,234.717538374521,44.3514770507812,239.4959796989965,1.7939699428756242,44.646693,2.22121401691152,1824.1796493530303,856.9931268692023,810.314297676086,914.580643177032,849.691808223724,-63.5618287,2.0,232.775405883789,3.84791588783264,36.0400581359863,-94.9599990844726,80.5200099945068,44.8493152856827,-3.644938988313765,-2.77195351403081,0.792986670185773,11.24101093033838,61.999626159668,94.9991226196289,2.0,7.0,2.0,0.0,0.0,24060101.0,105.6406480283008,359.620770594437,24.1762810707092,-13.622023773193355
2024-06-01 19:09:37+00:00,ESP,ESP,-27.93040433895016,-26.520191914981105,0.0,-24.17583944841988,-22.422605703577357,-21.072944443393062,-10.385793125964149,-10.58474415676875,6.681086396563468,3.5103046899606847,-0.07354899776700502,6.600109125178996,-0.9158051681615559,25.847064477935817,6.857459554047679,32.78289789138847,39.5836818695068,44.91674629211426,1.0,303.34990194745,0.139078009128571,933.4140625,1437.765625,244.339772273451,45.0726470947266,246.5893633784865,1.1657804107912875,44.6466364,1.98401307298121,1824.454760551454,524.291652441025,482.838213443756,731.842935085296,551.035940647125,-63.5619637,2.0,243.890594482422,3.84791588783264,36.0400581359863,-96.0599975585938,80.5606663227081,44.860914349556,-2.202963111119015,2.51495804155556,-3.90593460376512,4.807919385733168,62.9996109008789,95.9991073608398,2.0,7.0,2.0,0.0,0.0,24060101.0,119.83255851972581,359.732867659095,22.66827278137205,-19.95546790291282
2024-06-01 19:09:38+00:00,ESP,ESP,-27.70472976613106,-22.624286163351677,0.0,-17.03098346334462,-10.80678985008184,-2.857626775257418,-10.40699659446885,-8.38058490877135,4.395368713460574,3.8310058064001504,0.11400126003386798,6.590968368390132,-0.9228533257434564,26.936524046782484,24.847103268350082,29.62732590616158,33.1039455413818,45.04614189147948,1.0,302.824086664386,0.138391108810902,945.896484375,1450.248046875,245.084781987359,45.2029312133789,246.9483717816405,-1.0843818247907508,44.6465886,1.89881350671788,1824.7003793716442,92.4154549837112,975.759565830231,890.576839447022,903.044581413269,-63.5621069,2.0,254.359802246094,3.84791588783264,36.0400581359863,-97.0599975585938,80.6013226509094,44.8860436677933,-0.2904951291054625,-0.157997349943337,-1.82296937862676,-0.12279793270307901,63.9995956420898,96.9990921020508,2.0,7.0,2.0,0.0,0.0,24060101.0,136.75181272409878,2.53099553917016,21.9630389213562,-32.11158494949341
2024-06-01 19:09:39+00:00,ESP,ESP,-27.71123142320198,-20.4008878092549,0.0,-12.281436058869321,-3.3579817811385175,7.168972870770368,-10.40743799544395,0.6613435251136501,3.851081269163378,2.9998521245097103,-0.14026787973516902,6.590700027333112,-0.9263773618457243,26.628302198220844,34.8802044647271,30.523058770522358,36.8730354309082,45.90145637512209,1.0,301.701504093159,0.136738412082195,958.494140625,1462.845703125,245.001098509648,45.9731071472168,246.316879811738,-0.9149846703431661,44.646541,1.55236838276826,1824.631619453432,1.7241077264770859,1221.98522090912,1138.1026506424,1105.71050643921,-63.5622518,2.0,266.8125,3.84791588783264,36.0400581359863,-98.0599975585938,80.630362033844,44.9169754981995,-1.311977953938958,-1.60497311237352,1.62097272378257,-0.757187311540379,64.9995803833008,97.9990768432617,2.0,7.0,2.0,0.0,0.0,24060101.0,128.9938270496858,5.21862524525528,22.838300800323502,-30.416466736793534
2024-06-01 19:09:40+00:00,ESP,ESP,-27.72857395652354,-20.22137848503592,0.0,-12.013272245261401,-3.105172360850838,7.040810603542693,-10.39006242108225,6.28717845882616,4.233417329654125,2.9958837419132522,-1.1006103862752101,6.59069994195575,-0.9128233637020223,23.17720329553308,34.76938532846256,32.04821200841062,43.4985843658447,47.82565818786621,1.0,300.306315011779,0.135029415786266,971.458984375,1475.810546875,244.018125005057,47.8079303741455,246.08737179524752,0.6143897258377717,44.6464904,1.98927317241576,1824.7593402862537,1.8416579114273197,997.439682483673,1004.23526763916,1027.41372585297,-63.5624,2.0,277.5498046875,3.84791588783264,36.0400581359863,-99.0599975585938,80.6710183620453,44.9421048164368,-3.2434457413050204,-1.81396975062163,2.42795936077617,0.11539807740833356,65.9995651245117,98.9990615844726,2.0,7.0,2.0,0.0,0.0,24060101.0,117.45345609972419,5.70746401858721,24.27005796432495,-21.00688576698302
2024-06-01 19:09:41+00:00,ESP,ESP,-27.73941619881206,-20.904695198285,0.0,-12.738831458715541,-4.66442173232106,4.4369380851827,-10.344416693745849,6.28615051535607,5.0785228682074175,2.9922765055691563,-0.38928521768227303,6.590161808426518,-0.904690764178994,22.368501043086038,32.17635557799548,30.407314384847336,46.6791847229004,50.88772430419921,1.0,299.056991450314,0.131985510885715,985.173828125,1489.525390625,245.584943079901,51.1276622772217,247.8013394655705,0.0995983414134844,44.6464372,2.02137997071329,1824.6807336807258,1.812270353548228,550.074756145477,709.709346294403,679.97795343399,-63.5625568,2.0,290.694213867188,3.84791588783264,36.0400581359863,-100.059997558594,80.7000577449799,44.969168305397,-2.716954376234635,2.01796615678875,-1.67697184396192,1.9055680635490262,66.9995498657226,99.9990463256836,2.0,7.0,2.0,0.0,0.0,24060101.0,116.39966992589362,5.08169062456711,24.466066932678252,-19.685860897944515
2024-06-01 19:09:42+00:00,ESP,ESP,-27.722069908886397,-19.692445562125016,0.0,-10.559335340792142,-0.9328097992182901,9.741398672587204,-10.3620859662419,6.287472156960471,3.956765127700444,2.9901124455080024,0.7129015549090365,6.592850683148022,-0.9063174164185147,26.1610090004936,37.46346806920948,29.901304601319403,44.7952972412109,52.34384193420408,1.0,295.748502457873,0.116442900896072,999.552734375,1503.904296875,246.897787400648,52.4202312469482,247.3103444868945,-0.6813885935350756,44.6463858,0.855582258999472,1824.7396707534797,1.861249608919024,747.110664844513,776.625990867615,800.563633441925,-63.5627235,2.0,303.835388183594,3.84791588783264,36.0400581359863,-101.059997558594,80.6942462921142,36.9778275489807,-1.967967037630145,-0.261995571154096,0.846985772237924,-1.2255794653607097,67.9995346069336,100.999031066895,2.0,7.0,2.0,0.0,0.0,24060101.0,121.6182035612366,5.45988887108129,25.9143533706665,-29.125126119760367
2024-06-01 19:09:43+00:00,ESP,ESP,-27.68529582888562,-20.63432796565086,0.0,-12.68342342737582,-4.444212271333326,3.945607586804406,-10.3581103692581,6.286591062557539,4.07074416560713,2.99119485973672,0.5621272233944805,6.591506331164635,-0.9087570319239962,24.769430015599237,31.630903159557942,30.796986922280343,47.2926509857178,53.96090377807618,1.0,289.723592591004,0.0982820525765419,1014.296875,1518.6484375,245.703679088433,54.0734058380127,246.68187146060552,0.34979414279100585,44.6463325,1.02965774084689,1824.7003793716437,1.8122703302651657,739.908814430237,801.505088806152,759.701669216156,-63.5628944,2.0,315.051513671875,3.84791588783264,36.0400581359863,-102.059997558594,80.7019948959351,33.1464678049088,-2.68645491354788,-1.27997851767745,-0.884985156159319,-0.30739481537281577,68.9995193481445,101.999015808105,2.0,7.0,2.0,0.0,0.0,24060101.0,120.26930403789962,5.89203195166024,27.034858417511,-28.99469796589441
2024-06-01 19:09:44+00:00,ESP,ESP,-23.52080825607108,-16.37972151088932,0.0,-8.422331024978462,0.2191171643290634,9.58545204958956,-10.35501800111135,6.28747215696047,4.372284040103769,2.990112488196684,0.30943255395341734,6.592043525542856,-0.9084860441686761,19.59945800072662,33.10626158632114,29.826869882763496,48.6688465118408,55.49008255004884,1.0,278.950881628277,0.0798595681786537,1029.515625,1533.8671875,245.319631211781,55.5971202850342,246.05487375517652,0.969583729808709,44.6462759,0.87416597643146,1824.778962135318,1.8808413064107299,714.008212089539,767.039239406586,705.953896045685,-63.5630696,2.0,307.471984863281,3.84791588783264,36.0400581359863,-102.959999084473,80.7271599769592,33.1484019756317,-1.8904682428517399,0.91498473437619,-0.451992410719795,-0.7199879001853077,69.9995040893555,102.999000549316,2.0,7.0,2.0,0.0,0.0,24060101.0,119.7967232492264,5.92254112602221,26.725319480896,-27.30608081817628
2024-06-01 19:09:45+00:00,ESP,ESP,-22.997770810942264,-15.65171691895758,0.0,-7.212450525309445,2.0784245794111538,11.62503404755412,-10.3579630933041,6.28717845882616,3.2130142176561685,4.116715863721638,-0.6204396299281341,6.59123799010762,-0.9065884255181762,18.56454807919574,34.62280468774168,28.81666885357406,49.7613441467285,56.74253013610841,1.0,260.69389525986,0.0630522295832634,1045.095703125,1549.447265625,244.488123982224,56.8434196472168,246.2668691666355,1.633172658267662,44.6462163,1.52870177729417,1824.7102022171039,1.871045446023346,880.185186862946,926.207661628723,845.068454742432,-63.563248,2.0,301.275085449219,3.84791588783264,36.0400581359863,-103.959999084473,72.9173541069031,27.9638886451721,-1.66447211753312,-0.257995668301834,-0.417992983011515,0.5643904786131169,70.9994888305664,103.998985290527,2.0,7.0,2.0,0.0,0.0,24060101.0,120.37532769834779,5.98648322259776,25.829302024841297,-28.543461227416987
2024-06-01 19:09:46+00:00,ESP,ESP,-23.02487334307836,-16.98914479807426,0.0,-9.972984261868772,-2.378671915312562,4.9879466624068245,-10.3542820482283,6.287619006027625,3.176583781547978,5.012802958768286,0.14184622039250205,6.591506416541998,-0.9065883187964705,17.83480896072428,28.01281979204174,27.63049517211786,51.7651062011719,57.83371284484864,1.0,231.814789939535,0.0563132330775261,1061.0234375,1565.375,245.810093435701,57.8886245727539,248.083836089642,1.8169696337381178,44.6461555,1.80466617919842,1824.788808822634,1.841657911427318,908.331215381622,1044.2316532135,902.054905891418,-63.5634304,2.0,294.209991455078,3.84791588783264,36.0400581359863,-105.059997558594,61.5646719932556,25.4373580217361,-2.55345725658598,-1.41597622851057,-0.0159997331384947,2.0671653540738437,71.9994735717774,104.998970031738,2.0,7.0,2.0,0.0,0.0,24060101.0,118.30806712716819,6.00776908025928,25.08654985427855,-26.5173599443938
2024-06-01 19:09:47+00:00,ESP,ESP,-23.01653402361122,-17.35295209213932,0.0,-10.62990331850414,-3.400365111306514,4.294174765151782,-10.36400012675675,6.2862973644232305,2.963413662929244,5.004145693995292,0.8090417502014016,6.59096888065432,-0.9082148429699443,17.99273522867548,27.310708788762998,26.14415755777332,51.8611335754394,58.27363082885741,1.0,203.296906003656,0.0655491851270199,1077.173828125,1581.525390625,246.771401580246,58.3267868041992,247.4093685694815,1.4761752533549,44.6460981,1.0223998110801,1824.7200250625617,1.724107726477086,900.6028175354,1013.01312446594,881.44326210022,-63.5636178,2.0,287.355712890625,3.84791588783264,36.0400581359863,-105.959999084473,61.5569293498993,25.4160940647125,-2.062965470753205,-0.282995254561565,-1.48997503158702,-1.6415724996141372,72.9994583129883,105.998954772949,2.0,7.0,2.0,0.0,0.0,24060101.0,117.9951242518518,5.96721269762821,24.707049465179452,-26.51936050415037
2024-06-01 19:09:48+00:00,ESP,ESP,-23.02696133190762,-18.283304794836717,0.0,-12.7560488288206,-6.804017592660554,-0.9275402228962601,-10.347950035980901,6.287619006027625,3.5866927999305083,5.001620573059138,0.4097736507581975,6.589624699425661,-0.9090280623679992,19.273307247103162,22.09942061809148,25.18243550376538,53.2601222991943,59.08670974731446,1.0,188.994599164676,0.0790099516510964,1093.44921875,1597.80078125,246.047920622601,59.158918762207,246.94286664917,1.3311776370402,44.6460387,0.934902846656417,1824.6807336807258,1.8514537718147017,802.67471075058,909.188330173492,904.459059238434,-63.5638059,2.0,281.056304931641,3.84791588783264,36.0400581359863,-107.059997558594,61.5530550479889,25.4025638103485,-2.359960451998755,0.756987357752427,-0.0409993110605924,-0.12959784759320378,73.9994430541992,106.99893951416,2.0,7.0,2.0,0.0,0.0,24060101.0,117.0654917926026,5.82255185232828,23.84725856781005,-25.301592445373522
2024-06-01 19:09:49+00:00,ESP,ESP,-23.03529962684638,-18.51667903990716,0.0,-13.14841468059804,-7.472362018984787,-1.202928583721394,-10.3579630933041,6.286591062557539,2.83717076423571,5.001981292424678,-0.27370851181734174,6.589086907405884,-0.9087570319239966,20.429904160396397,21.832370808337238,24.09999771089496,53.1746212005615,59.846709594726555,1.0,180.113399809557,0.0938041046261787,1109.970703125,1614.322265625,244.719503470547,59.9197563171387,246.5748697170675,1.1335809900593337,44.6459767,1.7722955648442,1824.6610879898078,1.8024744931608443,908.951461315155,969.891130924225,932.468891143799,-63.5639957,2.0,273.436004638672,3.84791588783264,36.0400581359863,-108.059997558594,61.5511178970337,25.3986984491348,-2.28946158726341,-0.966983711579438,-0.661988871268512,-0.2793953393264862,74.9994277954102,107.998924255371,2.0,7.0,2.0,0.0,0.0,24060101.0,119.285754065342,5.64275437950369,22.813684558868403,-30.727987060546887
2024-06-01 19:09:50+00:00,ESP,ESP,-23.0478101428396,-18.58729704875484,0.0,-13.392076727351059,-7.845739944869595,-2.085611774031346,-10.347803186913701,6.287619006027625,3.1199548538941317,5.001620573059138,-0.704495059464205,6.58962469942566,-0.9082148856586267,20.311650363220302,20.962198560907318,23.3776898382405,54.0908500671387,60.5778071594238,1.0,177.513105811398,0.0747910715639591,1126.7109375,1631.0625,245.816022039901,60.6590469360352,248.26733595188352,0.7135880369453904,44.6459132,1.81575072244771,1824.670910835266,1.831862051039936,844.426870346069,955.772280693054,940.827965736389,-63.5641875,2.0,266.573699951172,3.84791588783264,36.0400581359863,-109.059997558594,61.5569293498993,25.3948301076889,-2.59995643740349,0.610989716365878,0.0219996307725811,2.237162529967844,75.9994125366211,108.998908996582,2.0,7.0,2.0,0.0,0.0,24060101.0,119.24169934519561,5.79775058167832,22.3183874130249,-30.47200968125287
2024-06-01 19:09:51+00:00,ESP,ESP,-23.04572522759546,-18.29156693316624,0.0,-12.656489259402822,-6.590575034871303,-0.1662349796331119,-10.35251473678055,6.28688476069185,3.1848799000686023,5.001260024448326,0.5637036363910045,6.590162235313338,-0.9079439405919885,20.788097721982638,22.87949003451894,22.136048190534616,54.436116027832,60.7092297363281,1.0,184.774703389767,0.0217242417857051,1143.560546875,1647.912109375,248.492882458656,60.6625350952148,249.514815362273,0.18199694798355193,44.6458541,1.21950647736539,1824.6414422988921,1.82206619065255,837.719082832336,910.776376724243,891.171991825104,-63.5643835,2.0,260.023193359375,3.84791588783264,36.0400581359863,-110.059997558594,61.5549921989441,25.3890305757523,-2.8834516564762103,0.186996865735756,1.13998087731164,0.4917917215762381,76.999397277832,109.998893737793,2.0,7.0,2.0,0.0,0.0,24060101.0,117.848174097897,6.00774901657859,21.629825305938752,-28.049816117967875
2024-06-01 19:09:52+00:00,ESP,ESP,-23.056152194382378,-17.595521137870442,0.0,-11.375773977757317,-4.504824629344148,2.3166412151597338,-10.3497173474286,6.28688476069185,3.45684287833629,4.999816805476701,0.40294448878460354,6.588818139462046,-0.9090281477453634,19.9874065984131,25.372794241971462,21.0123068777153,55.3580989837646,61.01536651611326,1.0,345.258685939841,0.0341186139732599,1160.4765625,1664.828125,248.928238716352,61.0828720092773,249.5253201932165,0.8363859909928099,44.6457983,0.495811596061718,1824.6709108352702,1.7730869818478818,654.841780662537,769.571900367737,735.813200473786,-63.5645823,2.0,253.184906005859,3.84791588783264,36.0400581359863,-111.059997558594,61.5627348423004,25.3870993852615,-2.31396126237283,1.85096888535558,2.1959630209934,0.257595675348565,77.999382019043,110.998878479004,2.0,7.0,2.0,0.0,0.0,24060101.0,116.130214865023,6.07261446935256,21.3118363380432,-24.691849506602566
2024-06-01 19:09:53+00:00,ESP,ESP,-23.05823881717384,-17.7802364322748,0.0,-11.698382766032001,-5.1273540250179535,1.622884002811412,-10.35266243962135,6.28688476069185,3.3544054514004125,5.000177780974336,0.497508284420658,6.49364653969918,-0.9963168340880442,18.472615782024143,24.6811228413296,21.39230479369844,55.2870826721191,60.94474090576172,1.0,348.728476679721,0.0799433402717114,1177.400390625,1681.751953125,249.178032394678,60.866626739502,249.9583268658385,1.34297749319466,44.6457438,0.792986296659803,1824.66108798981,1.7828828189522017,740.474760532379,853.611648082733,769.029438495636,-63.5647818,2.0,237.611801147461,3.84791588783264,36.0400581359863,-112.059997558594,61.5453124046326,25.3870993852615,-2.274961949429115,-0.537990949033456,-0.208996491505757,0.33979431595773624,78.9993667602539,111.998863220215,2.0,7.0,2.0,0.0,0.0,24060101.0,115.8179140274888,5.98353556908407,21.820017528533953,-24.68835618495939
2024-06-01 19:09:54+00:00,ESP,ESP,-23.02487505062562,-17.914768960809262,0.0,-11.885266303988379,-5.380678911144558,1.6806219824317399,-10.3606136335889,6.28747215696047,2.7408656518914016,4.999816976231431,0.406098235252364,6.436920111094932,-1.052701988021548,22.20065699895052,24.70549671289226,22.53600357776308,55.2762748718262,61.29439178466798,1.0,349.650306330862,0.128583812713623,1194.404296875,1698.755859375,249.365944559123,61.2468910217285,250.5273089444575,0.04179930497125802,44.6456895,1.05909777716035,1824.690556526186,1.8318620510399342,901.946663856506,1001.6462802887,918.559789657593,-63.5649823,2.0,221.709594726562,3.84791588783264,36.0400581359863,-112.959999084473,61.5511178970337,25.3793656826019,-1.80346972215491,-0.439992648802156,-2.07596513501274,0.7567872865705986,79.9993515014648,112.998847961426,2.0,7.0,2.0,0.0,0.0,24060101.0,116.5022880540218,6.00060463870676,22.85461721420285,-27.65180305480956
2024-06-01 19:09:55+00:00,ESP,ESP,-23.02279047689096,-17.91476759477144,0.0,-11.75534005503014,-5.291686327391712,1.7596229599242101,-10.35958312879785,6.286737911624694,2.928786951714808,5.000899305082784,-0.7917042621484625,6.439339961740504,-1.052973125187254,24.223557882037237,24.78241318068308,24.1084900265995,56.2016635894775,61.15886993408202,1.0,349.61839568706,0.172528307139874,1211.3984375,1715.75,250.085901139156,61.1407836914062,251.900778024277,-0.012999788323515471,44.6456368,1.074957156248,1824.690556526186,1.8024745164439082,1025.963306427,1027.50420570374,1068.3718919754,-63.5651837,2.0,203.25129699707,3.84791588783264,36.0400581359863,-113.959999084473,61.5646719932556,29.684329032898,-2.138964238596,-0.384993537686406,0.448992463570279,2.0171660961770184,80.9993362426758,113.998832702637,2.0,7.0,2.0,0.0,0.0,24060101.0,114.37399837656999,6.09883257736847,24.08632364273075,-24.64607654571534
2024-06-01 19:09:56+00:00,ESP,ESP,-23.0186203048932,-17.870563293482,0.0,-11.845885994555001,-5.256865254606702,1.5592366502428958,-10.342207981323,5.868464383929105,2.8822576113432463,4.999816976231431,-3.209895638658505,6.467299853372137,-1.049178058640984,24.25903251854846,24.577856528249306,25.28972889638034,59.3739143371582,61.11359664916993,1.0,348.962096470092,0.202843102812767,1228.380859375,1732.732421875,253.090419392775,61.1562950134277,256.49268688252,1.3001781724896948,44.6455881,1.79379678690799,1824.7986078262359,1.8514537718147017,974.919199943542,1061.89382076263,1015.12360572815,-63.5653868,2.0,187.608703613281,3.84791588783264,36.0400581359863,-114.959999084473,61.5569293498993,31.843575835228,-2.747953936834675,-1.43497600051255,1.63597245953015,5.463508444454574,81.9993209838867,114.998817443848,2.0,7.0,2.0,0.0,0.0,24060101.0,106.840883020201,5.83690805619,24.6599842071533,-14.928293343952737
2024-06-01 19:09:57+00:00,ESP,ESP,-23.03321471160222,-17.82636684691016,0.0,-11.78093192007654,-5.252998257630734,1.5746488013503002,-10.294646812811301,-0.5181339882906449,2.472148251451256,1.338265377702781,-4.80328720479892,6.488538582728386,-1.048635997752978,21.20313041029442,24.6078635983299,25.747929746284438,64.8952239990234,60.87326110839844,1.0,348.46160752847,0.230305194854736,1245.35546875,1749.70703125,260.646794275343,60.8866973876953,266.73803893943045,2.5293576598071903,44.6455519,3.35080521600022,1824.7200250625642,1.8220662139356119,781.55928850174,966.540634632111,860.376298427582,-63.5655946,2.0,171.339096069336,3.84791588783264,36.0400581359863,-115.959999084473,61.5588665008545,31.872570514679,-2.80595302178037,-0.171997103307747,0.664988871778881,11.48360695531674,82.9993057250976,115.998802185059,2.0,7.0,2.0,0.0,0.0,24060101.0,95.71970263620871,5.33450239273231,24.74470167160035,-3.194547783977854
2024-06-01 19:09:58+00:00,ESP,ESP,-22.675558002884742,-16.81698065928872,0.0,-11.005862543631013,-4.387513526339555,2.646821652327482,-10.220434673044949,-9.345344860167419,2.579635493372618,0.2621663045390054,-6.042591092195295,6.4917647372054805,-1.046738293725116,19.866482538780964,25.322379591179217,26.32226669321246,64.1765190124512,59.848876647949226,1.0,348.864670651771,0.245132714509964,1262.134765625,1766.486328125,272.480643427524,60.0304641723633,279.66530575508204,1.6217728590994995,44.6455427,3.66538857468878,1824.395847320558,1.7926786793395877,737.116813659668,860.523760318756,791.938185691834,-63.5658056,2.0,151.946792602539,3.84791588783264,36.0400581359863,-117.059997558594,61.6033911705017,31.9363623857498,-2.09396492463154,0.874985332327597,-3.01394946420189,13.703169987439841,83.9992904663086,116.99878692627,2.0,7.0,2.0,0.0,0.0,24060101.0,96.06191970230739,4.90501241375909,24.36900186538695,-2.7528691948950295
2024-06-01 19:09:59+00:00,ESP,ESP,-21.715468022578982,-15.514737816662441,0.0,-9.668828083410554,-3.1823391123860425,3.637711709020882,-10.229710923711501,-11.0770368713866,0.7952820939945727,-0.5520327534179865,-6.167098610575454,6.493109174566231,-1.046196147459744,21.048637336929538,25.3531810122603,26.52434569452484,65.174242401123,57.44292434692382,1.0,349.402698313071,0.257936909794807,6.4609375,1782.85546875,286.307241251191,57.4953620910644,295.135533960999,0.23979596708350095,44.6455659,5.13982023015897,1824.179673194886,591.3746327161788,1088.95146846771,1021.41237258911,1071.92611694336,-63.5660092,3.0,136.255294799805,3.84791588783264,36.0400581359863,-117.959999084473,61.6014540195465,31.9518268108368,-2.103964748463265,-4.16092989803061,-4.19892965547798,15.62113747902452,0.5,117.99877166748,2.0,7.0,3.0,0.0,0.0,24060101.0,88.28469748311568,4.53789572228643,24.56061973571775,1.7781352145331228
2024-06-01 19:10:00+00:00,ESP,ESP,-21.2288156781777,-16.09551973009128,0.0,-10.54478601333163,-4.2974121467523245,2.205536554309526,-10.23250831306345,-11.07659632418515,1.567167439020292,0.026600486551646464,-7.138473813626095,6.493915649152481,-1.0459250102940358,19.29352460704638,23.43435172155708,21.48089439629024,70.5434326171875,54.72260513305666,1.0,349.557716286474,0.262440901994705,22.044921875,1798.439453125,302.979295883085,55.0077072143555,310.5467903136225,-1.401576455512465,44.6456249,3.6168242221427,1824.2189884185802,1036.4166736602779,810.392737388611,899.967610836029,885.953485965729,-63.5661873,3.0,126.351898193359,3.84791588783264,36.0400581359863,-119.059997558594,61.5956485271454,31.9614917039871,-1.9254677329844698,-1.14598077161067,-7.95986660023972,15.549538655012038,1.50000023841858,118.998756408691,2.0,7.0,3.0,0.0,0.0,24060101.0,65.29233959709063,4.22411427049511,24.62470264434815,24.235627942926744
2024-06-01 19:10:01+00:00,ESP,ESP,-21.123808008368478,-16.284130622888803,0.0,-11.048537907074726,-5.302387568962507,-0.0222971312011639,-10.24605556639535,-11.0767431732523,1.3868205308378254,-1.1620507019516586,-6.368833583797075,6.496603584722972,-1.04972016221767,18.61947919257666,21.101511026577704,17.22744463406466,69.6487197875976,50.82316040039062,1.0,349.555503305183,0.261888527870178,36.734375,1813.12890625,322.951124186039,50.9675365447998,328.97498220377497,-1.1333809669022747,44.6457132,2.04330701238314,1824.336886405946,1416.501379013062,893.754839897156,807.291090488434,888.224184513092,-63.5663244,3.0,119.042999267578,3.84791588783264,36.0400581359863,-120.059997558594,61.6033911705017,31.9576263427734,-1.118481309434289,1.04698251567662,3.74493722663098,18.453490569329162,2.49999976158142,119.998741149902,2.0,7.0,3.0,0.0,0.0,24060101.0,50.051706834085635,3.95592731962138,24.56233377456665,33.03617485591344
2024-06-01 19:10:02+00:00,ESP,ESP,-21.23288066526226,-20.38519544963678,0.0,-19.46310147017432,-17.99206382108006,-18.26818958620348,-10.25209259984795,-11.070428236477799,2.3570872048583396,-0.9614771917262326,-4.494905444433314,6.499291605670829,-1.047009430890822,17.639881850491822,2.964690909638056,12.293383596520242,69.1274185180664,47.18351692199706,1.0,349.719400524506,0.263217508792877,50.3359375,1826.73046875,339.10509530901,47.4121753692627,342.9207531680805,0.009199853933439795,44.6458203,0.972428866451819,1824.268126487732,1667.406249046322,753.646492958069,772.435784339905,712.631285190582,-63.5664076,3.0,117.719100952148,3.84791588783264,36.0400581359863,-121.059997558594,61.070990562439,31.8087786436081,-1.3154779990017644,-0.5399909137998,-2.17696335571313,12.74558583278578,3.4999988079071,120.998725891113,2.0,7.0,3.0,0.0,0.0,24060101.0,34.385851082036666,3.72671556258586,24.661984920501702,38.70074400060315
2024-06-01 19:10:03+00:00,ESP,ESP,-15.905047269235528,-14.541790175998816,0.0,-14.455928721716216,-14.751938021287197,-13.701730567760938,-10.2594546899996,-11.030187323209049,1.4726653338662645,0.10524277772707058,-11.280342574673924,5.762117911665184,-0.2990915304896463,13.427381462906695,2.203316894907702,8.29561522106227,66.9094848632812,43.121217041015626,1.0,349.981597826365,0.265612909197807,62.927734375,1839.322265625,351.669091683465,43.3867916107178,177.9845183175579,0.230596137662702,44.6459299,0.89740478794793,1824.2582321167022,1834.242010116576,810.018301010132,708.086431026459,700.138509273529,-63.566449,3.0,117.100898742676,3.84791588783264,36.0400581359863,-122.059997558594,60.9916150569916,31.6792637109756,-0.58849013942493,0.0919984526230132,1.50597474971777,17.55210521116598,4.49999809265137,121.998710632324,2.0,7.0,3.0,0.0,0.0,24060101.0,21.378957921041284,3.53081015582085,24.787475395202648,40.059886079676005
2024-06-01 19:10:04+00:00,ESP,ESP,12.895878521237993,9.012503039789568,0.0,8.21091763101427,5.9591102790035775,4.336311306711247,-10.2706459549547,-10.841464927573298,0.5135801032355808,5.838546447817157,-11.68906579036255,4.042582100376058,1.4363817708376114,-12.940127592282982,-8.55956717717416,1.6915321184013945,64.2173812866211,39.307909927368165,1.0,350.243002826279,0.267886617779732,74.33203125,1850.7265625,14.1793104999537,39.4949329376221,20.582153516618952,2.486358374642104,44.6460323,1.24046640693745,1824.7004270553582,1832.2630643844618,682.605385780334,671.869099140167,591.537892818451,-63.5664444,3.0,118.278198242188,3.84791588783264,36.0400581359863,-123.059997558594,61.2161934375763,31.7565858364105,-1.17298034931717,0.635989329306035,2.57495698454589,22.29722528702128,5.49999713897705,122.998695373535,2.0,7.0,3.0,0.0,0.0,24060101.0,2.4299170424026872,3.36337489850716,25.0550148010254,38.700484085082984
2024-06-01 19:10:05+00:00,ESP,ESP,22.1066763280468,16.711864047962198,0.0,11.35817206800202,6.024378222018727,-0.6500902975362088,-10.29287992825035,-10.7474712793102,-0.150096576645692,7.751570931499529,-7.205718306665345,2.2999254584162103,3.2014027680011026,-20.24438700178348,-22.75676690305946,-12.063494455473784,60.3877532958984,36.95336059570312,1.0,350.087493079257,0.268324810266495,84.880859375,1861.275390625,34.9918411746353,37.1124687194824,36.62638399019475,3.030749210927862,44.6461189,-1.33884460976091,1806.67130947113,1832.292485237124,744.133412837982,734.451830387116,614.41034078598,-63.5663906,3.0,123.096702575684,3.84791588783264,36.0400581359863,-123.959999084473,61.3536477088928,42.3382490873337,0.23699602157995153,2.30696149241233,2.98794992223941,13.67297064753408,6.49999618530274,123.998680114746,2.0,7.0,3.0,0.0,0.0,24060101.0,-28.36291377380072,3.22026984223411,25.2931529045105,32.77737852243277
2024-06-01 19:10:06+00:00,ESP,ESP,21.248922047546962,14.12598909140544,0.0,6.14097322237753,-2.315251293007978,-10.136229411570042,-10.304070766318599,-10.7310220493547,0.6463157949286208,7.762754683246508,-4.582639010878715,0.627975422996135,4.885641314254021,-24.057875592774018,-31.38515124567358,-17.72102176575592,56.5933296203613,35.0353839111328,1.0,349.987908921158,0.266747617721558,94.873046875,1871.267578125,43.5849670562254,35.1030384063721,45.184238774911,3.7333373456088217,44.6461888,-0.459764899191005,1471.703743934632,1832.2434663772601,1019.45793628693,873.870670795441,718.716144561768,-63.5663106,3.0,132.179595947266,3.84791588783264,36.0400581359863,-124.959999084473,73.2735753059387,42.3595130443573,1.25497890473729,1.47997520775529,-0.804986512144692,7.386275936855872,7.49999523162842,124.998664855957,2.0,7.0,3.0,0.0,0.0,24060101.0,-41.4396784039675,3.09795566835117,25.609643268585202,26.730560302734386
2024-06-01 19:10:07+00:00,ESP,ESP,21.13360249963832,13.713386925909798,0.0,5.129483678001167,-4.009140085473164,-13.17378883336464,-10.30230388175765,-10.7031177383874,2.0468901936547583,7.758785831074543,-1.4431396507158731,-1.078118109098941,6.120423744485892,-24.113568955266324,-34.30739133300288,-23.1296931826854,55.3328819274902,34.29503791809084,1.0,349.941408993288,0.263949403166771,104.423828125,1880.818359375,52.2479179617006,34.3348434448242,51.6676353351001,1.744570759786067,44.6462476,-1.98472810840994,639.2120301723478,1832.2826385498079,1025.15780925751,792.891442775726,741.616725921631,-63.566222,3.0,141.145294189453,3.84791588783264,36.0400581359863,-125.959999084473,73.3200371265411,42.4059063196182,0.5639905576969986,-1.42397619429765,-2.12996439714745,5.871901335119456,8.49999618530274,125.998649597168,2.0,7.0,3.0,0.0,0.0,24060101.0,-51.4845855823249,2.99341257947154,26.8598779678345,22.604139989965088
2024-06-01 19:10:08+00:00,ESP,ESP,21.1294886767012,13.19221548846222,0.0,4.085277185990986,-5.868441075908565,-16.38057186944096,-5.5195710640488596,-10.68079411885885,2.968823855770812,6.08709882463858,1.58918763806712,-1.505044734084908,6.011177515409843,-21.59781835563494,-37.510061570670544,-25.80207709545808,56.9041706085205,35.40280174255374,1.0,349.940179559238,0.26038490831852,114.07421875,1890.46875,57.3689035183365,35.5313129425049,54.5595818259131,0.32199461019396225,44.6462984,-3.30858803018378,3.035959554836154,1832.243466377262,807.742297649384,637.664675712586,614.343822002411,-63.5661229,3.0,149.692398071289,3.84791588783264,36.0400581359863,-126.959999084473,73.3393967151642,42.4329698085785,0.9944833338383765,0.139997653706024,-2.42395921780007,1.9293676002458184,9.5,126.998634338379,2.0,7.0,3.0,0.0,0.0,24060101.0,-55.21095715950863,2.57142278853723,27.75850296020505,20.188217139244077
2024-06-01 19:10:09+00:00,ESP,ESP,21.127431423723202,13.141158799888,0.0,4.015743811183505,-5.905238122420454,-16.1818505891246,3.91101578425993,-10.618816555443349,2.996597411304152,6.171152413225225,2.40505762976741,-1.5475222995191138,5.680185096815828,-20.236376214415436,-37.30928201284774,-25.44984833807404,58.904997253418,36.92665145874022,1.0,349.978073448753,0.256071808934212,124.1171875,1900.51171875,57.7309718462388,37.1312622070312,54.17409277934675,0.3737937463340594,44.646347,-3.87511977843778,7.889591064304111,1832.3610544204719,859.815776348114,626.54459476471,626.414954662323,-63.5660155,3.0,160.312103271484,3.84791588783264,36.0400581359863,-128.059997558594,73.3335912227631,42.4445688724518,1.487975120181525,0.875985261349916,-0.931984434890117,-0.6891884241073065,10.5000038146973,127.99861907959,2.0,7.0,3.0,0.0,0.0,24060101.0,-54.83439653622535,2.11790761915849,27.82461919784545,21.788271331787108
2024-06-01 19:10:10+00:00,ESP,ESP,21.13154456364138,13.07243907136542,0.0,4.125842618622704,-5.903301422281296,-16.26416017428404,6.444107604535905,-10.64584062578135,2.9958760579504338,5.229610494629509,3.4683696336456498,-1.371159664795098,6.067020971309139,-21.467739793458257,-37.395703713397,-27.639447159553537,58.6689079284668,37.86625579833984,1.0,350.14317278137,0.248926404118538,134.521484375,1910.916015625,58.3111554350964,37.9458778381348,54.316090704644054,-1.1203812386097183,44.6463978,-4.42421618817486,11.426623724401,1832.17489719391,1248.72803688049,890.753090381622,928.108274936676,-63.5659047,3.0,170.331497192383,3.84791588783264,36.0400581359863,-129.059997558594,73.3355283737183,42.4445688724518,2.332460829739815,1.10798133432842,-1.8109695900287,0.45379239501776103,11.5000076293945,128.998672485352,2.0,7.0,3.0,0.0,0.0,24060101.0,-59.7315192277194,1.35044888771735,28.11277685165405,20.570223426818824
2024-06-01 19:10:11+00:00,ESP,ESP,21.1809363936054,14.92496959409734,0.0,7.8660282534028525,0.30461010455952203,-5.954072769030756,6.44454921895443,-10.6486311849441,2.994794198674586,2.2311064573628885,5.8004036832840455,-0.9729995501013148,6.5354525908162655,-19.596281279743643,-27.13500797802522,-28.931037297640803,60.3492462158203,39.71929504394528,1.0,350.398594535572,0.240387001633644,145.1953125,1921.58984375,63.8540998333719,39.628303527832,55.54656806664205,-4.611122521887596,44.6464456,-8.66507338675978,11.063100025057802,1832.2336673736602,1533.25140476227,1121.83570861816,1274.66320991516,-63.5657864,3.0,180.172103881836,3.84791588783264,36.0400581359863,-130.059997558594,73.3413338661194,40.1558071374893,-0.7289877976627556,-5.44290816703099,-3.50994115314211,1.158180599374052,12.5000114440918,129.998733520508,2.0,7.0,3.0,0.0,0.0,24060101.0,-59.6699962987705,0.31085001997692,26.925933265685998,19.255961966514597
2024-06-01 19:10:12+00:00,ESP,ESP,21.29828587373536,19.621698804211462,0.0,17.59219790932976,15.326374005958181,14.845947549740123,6.444843984305795,-10.5546362560205,2.9944333512429977,3.302877223641368,5.224094519233175,-1.0426304472035401,6.512138849990167,-18.249333482961838,-6.452338665504675,-22.94219800128884,66.6282829284668,44.10305625915528,1.0,350.704887538712,0.231483113765717,156.853515625,1933.248046875,61.6460226181118,44.4190601348877,52.54862045500505,-4.582723235648918,44.6464934,-7.91487614417684,16.70270562171934,1832.2434663772578,810.535669326782,711.245238780975,1015.22576808929,-63.5656537,3.0,192.360198974609,3.84791588783264,36.0400581359863,-131.059997558594,73.3568251132965,29.2532533407211,-2.1989631282254702,0.440992604504901,3.836935178996,-4.67272152206837,13.5000152587891,130.998794555664,2.0,7.0,3.0,0.0,0.0,24060101.0,-48.47483950191554,0.345265662337748,26.57889575958255,28.003169860839854
2024-06-01 19:10:13+00:00,ESP,ESP,21.2653329430657,17.49459553061868,0.0,13.749602637945937,9.318659140325448,3.2080870685993075,6.445874062209995,-10.5621264122191,2.993351150457694,2.555776276563932,1.943275263450315,-1.041017369964996,6.504548973029721,-20.49233857809004,-18.0572460238768,-18.8970423710109,68.6684509277344,45.27192123413088,1.0,350.985908841923,0.217527204751968,169.365234375,1945.759765625,52.930154822042,45.3475730895996,48.3861870615834,-1.3331776391591448,44.6465552,-4.37941740429556,19.64040771126748,1832.361030578614,912.031948566437,808.271706104279,950.346171855926,-63.5655213,3.0,203.136901855469,3.84791588783264,36.0400581359863,-132.059997558594,73.3548879623413,20.9390893578529,-0.8819852090098045,0.0629989435007002,3.33394382681698,-3.086548185220186,14.5000190734863,131.99885559082,2.0,7.0,3.0,0.0,0.0,24060101.0,-43.3461645183121,1.15169753322426,27.5258571624756,33.64274291992187
2024-06-01 19:10:14+00:00,ESP,ESP,21.22827199511976,15.970828138113017,0.0,10.335016731277985,4.132278705877606,-3.6658818851015864,6.4451376824401,-10.56036422341325,2.9926296263492462,3.1686803562159462,2.2968365907414396,-1.042092825938496,6.487741243520153,-21.3067624800048,-24.89415439248554,-17.8059848794079,70.4688423156738,46.29427116394042,1.0,351.405200494692,0.189247910678387,182.0390625,1958.43359375,50.880770221958,46.433846282959,47.752700676443055,-0.2535957471498976,44.646627,-3.06518655514756,19.71900761127472,1832.302236557008,947.046756744385,853.546738624573,866.61684513092,-63.565396,3.0,216.098007202148,3.84791588783264,36.0400581359863,-133.059997558594,73.3568251132965,19.8778301477432,-1.1354809032265099,-0.0629989435007002,-0.505991512771946,-0.47919199557510117,15.5000228881836,132.998916625977,2.0,7.0,3.0,0.0,0.0,24060101.0,-42.686879142638816,1.80879246723076,28.116830635070798,34.45525784212002
2024-06-01 19:10:15+00:00,ESP,ESP,21.25297952142336,16.52280236267952,0.0,11.363673102359535,5.7842186108946905,-0.22850043552214575,6.4451376824401,-10.54464966568035,2.993350979702964,3.4377954871091942,2.719217516727435,-1.043436985822812,6.476626903570616,-18.277180505717418,-21.481479743502142,-17.85019362032028,70.7195297241211,47.82592597961426,1.0,352.231407497454,0.15130420178175,195.099609375,1971.494140625,49.5959433371869,47.9426570892334,45.429737971796044,-1.0603822155781082,44.646703,-3.4986529848782,19.36530098319054,1832.390451431274,778.535187244415,742.847442626953,770.43604850769,-63.5652695,3.0,227.33610534668,3.84791588783264,36.0400581359863,-134.059997558594,73.3761847019196,15.853163599968,-1.691471748600475,-0.543990843332489,2.20296311111902,-2.845952210385548,16.5000267028809,133.998977661133,2.0,7.0,3.0,0.0,0.0,24060101.0,-43.925561269377326,2.0682004905869,26.9772608757019,34.20509920120239
2024-06-01 19:10:16+00:00,ESP,ESP,20.93449292306754,15.104154313576,0.0,8.982230318038924,2.013030918226592,-5.408068481980498,6.4448439843058,-10.55463668290735,2.9926296263492445,3.2065587497394956,2.15761951293171,-1.0036479536006562,6.498042961713191,-16.0624042409194,-26.34256123429334,-16.986626165817817,70.2969886779785,48.40478668212889,1.0,353.377185391102,0.116588906943798,208.53515625,1984.9296875,46.3386841786157,48.4945449829102,43.18577494263675,-0.4441925534671376,44.6467847,-2.84343635289346,17.960300669074037,1832.302236557008,827.715635299683,751.417934894562,775.663018226624,-63.5651443,3.0,240.80110168457,3.84791588783264,36.0400581359863,-135.059997558594,73.3800530433655,15.8318996429443,-0.607489831385628,0.228996152509414,-0.325994550398821,-1.886568279540858,17.5000305175781,134.999038696289,2.0,7.0,3.0,0.0,0.0,24060101.0,-43.75032593603148,1.94148276568001,26.06215381622315,33.85351996421812
2024-06-01 19:10:17+00:00,ESP,ESP,20.18814551661028,13.732933561276539,0.0,6.7136698993763755,-1.320061867019808,-9.659545856328497,6.44528559872432,-10.55860160772055,2.99226894967239,2.9446579207797057,2.016825301753945,-0.7995942592218668,6.70433695813974,-13.8678461898383,-29.84769239746718,-16.706152302268784,69.7737167358398,48.09591430664062,1.0,355.04050037854,0.0860078819096088,221.9296875,1998.32421875,45.3450692392973,48.1661945343018,42.55578561435145,-0.7863868291455198,44.6468695,-3.02011819223947,17.871876433491682,1832.272839546206,1025.20179748535,897.194266319275,942.93338060379,-63.5650235,3.0,252.141006469727,3.84791588783264,36.0400581359863,-136.059997558594,73.3800530433655,13.8041019439697,-0.3514940878294985,-0.377993661004201,-2.24396238882907,-0.028599510832959318,18.5000343322754,135.999099731445,2.0,7.0,3.0,0.0,0.0,24060101.0,-42.98630917170084,1.54085086955862,25.355791282653797,34.97379684448239
2024-06-01 19:10:18+00:00,ESP,ESP,20.173824317468082,14.41127089586596,0.0,8.305056933061445,1.4506067390177344,-4.667801117823312,6.444843984305795,-10.564182726046099,2.991908272995528,2.313356257022756,1.92908874710078,-0.8603532101677495,6.6300603584631475,-12.067720464268001,-24.841625456635718,-16.572139209620698,68.3373161315918,47.969093627929695,1.0,354.82299983461,0.0620040155947208,235.265625,2011.66015625,46.426052543384,47.9354816436768,43.0152780530276,-2.5971563800089017,44.6469533,-3.74378847418995,17.9111763834953,1832.30223655701,1187.96563148499,1008.98587703705,1103.62482070923,-63.5649024,3.0,265.494689941406,3.84791588783264,36.0400581359863,-136.960006713867,73.3761847019196,13.7654408812523,-1.0199829112896934,-0.808986441677381,-2.79895282493305,0.6015899273207823,19.5000381469727,136.999160766602,2.0,7.0,3.0,0.0,0.0,24060101.0,-42.45662936760418,1.34349586186398,23.801788902282702,35.370817431281615
2024-06-01 19:10:19+00:00,ESP,ESP,20.22085187745092,16.643936450628622,0.0,12.77089663554782,8.486769420174571,3.8771895818883904,6.44454815173737,-10.563595329777499,2.991908272995528,2.9994914905215344,0.26215113805059254,-0.8619662767341245,6.627620529514255,-11.642007409151041,-16.343662210185137,-14.92674885837614,68.7518508911133,48.136497116088876,1.0,345.324884133277,0.0452165454626083,248.6171875,2025.01171875,47.4927812426728,48.2030055999756,44.7592490368272,-2.823352693903222,44.6470354,-3.5753534479365,17.8817007690668,1832.3708534240718,1013.72694969177,905.372798442841,1083.49132537842,-63.5647787,3.0,278.424591064453,3.84791588783264,36.0400581359863,-137.960006713867,73.3839273452759,13.7151807546616,-1.0884817845782686,0.469992146977747,1.05098233848761,2.2485622330864734,20.5000419616699,137.999221801758,2.0,7.0,3.0,0.0,0.0,24060101.0,-38.58692285559306,1.47509268971579,23.2736357688904,38.92745868137901
2024-06-01 19:10:20+00:00,ESP,ESP,20.15951131455286,15.4931322207704,0.0,10.345284725412007,4.264835815638042,-2.3228402735060962,6.444401302670215,-10.565210669516201,2.99190827299553,2.76284345040453,1.908602235015565,-0.8651923565060212,6.629789541462555,-13.8960739956401,-22.48235244183262,-14.135800658148138,68.2210945129394,48.19478645324704,1.0,330.065695112335,0.0372541129589081,261.99609375,2038.390625,49.9435692300892,48.1101642608642,47.023709463685705,-2.18036342388196,44.6471153,-3.22173513125449,17.84240156412122,1832.2630405426057,1133.25619697571,972.281634807587,1066.32339954376,-63.564652,3.0,289.640411376953,3.84791588783264,36.0400581359863,-138.960006713867,60.4088842868805,13.6958494782448,-0.513991385177536,3.8339354452899,1.01698293745975,1.797769822570824,21.5000457763672,138.999282836914,2.0,7.0,3.0,0.0,0.0,24060101.0,-37.26639457203032,2.51014446573799,22.64465818405155,40.208700942993154
2024-06-01 19:10:21+00:00,ESP,ESP,20.16768841702718,15.60164616819004,0.0,10.808562967190356,5.322497438803684,0.03917209538537407,6.44454921895443,-10.56227326128625,2.9908262429649524,2.2632131489387097,2.30103822429805,-0.865998969830488,6.629518041443046,-12.79898561775476,-20.12851728213718,-14.81541011547046,68.3359771728516,48.590698699951176,1.0,312.472603131242,0.0356233198195696,275.412109375,2051.806640625,52.1563422004037,48.5475025177002,47.2022096274548,-3.031949104410306,44.6471918,-4.57528332402944,17.85222664475438,1832.3120355606102,1174.5080947876,1021.06153964996,1148.16200733185,-63.5645202,3.0,302.051605224609,3.84791588783264,36.0400581359863,-139.960006713867,54.5389413833618,13.6958494782448,-1.401976421785305,-0.634989346922863,2.62895560635036,-0.4685921396247948,22.5000495910645,139.99934387207,2.0,7.0,3.0,0.0,0.0,24060101.0,-37.77494245385388,3.48538107354722,22.3442825317383,39.41855330033736
2024-06-01 19:10:22+00:00,ESP,ESP,20.15951063153394,14.735469239915199,0.0,8.690331938574664,1.659037661511745,-5.329819901518429,6.444402369887275,-10.56565121671765,2.99154759631867,2.367829107399042,1.007623950790824,-0.8646546712079533,6.629517956065683,-13.080124229464761,-25.48933024657132,-13.61311121115752,68.1207275390625,48.776210403442384,1.0,306.68390852663,0.0431448742747307,288.978515625,2065.373046875,49.4872238010732,48.7573928833008,46.7372171789495,-3.159946934833708,44.6472692,-3.07336762766936,17.91117601096628,1832.380652427674,1067.68834590912,960.384011268616,1057.91473388672,-63.5643875,3.0,315.976013183594,3.84791588783264,36.0400581359863,-141.059997558594,54.5544326305389,13.6881172657013,-1.5039747849514251,0.994983325029965,1.03398263797368,0.1091981509475954,23.5000534057617,140.999404907227,2.0,7.0,3.0,0.0,0.0,24060101.0,-37.12035078417821,4.47837147744342,21.818974685668948,39.14002990722654
2024-06-01 19:10:23+00:00,ESP,ESP,20.21062571822558,16.107808947955423,0.0,11.76725190494266,6.8831637757059125,1.8542666714415978,6.444401302670215,-10.5647701223147,2.9926296263492462,3.3674502162528115,0.49015368479875454,-0.8643858392310897,6.631415211862384,-10.85275958451694,-18.35635947367078,-13.232983180070718,67.469499206543,48.60241081237795,1.0,311.562494084717,0.058227726817131,302.490234375,2078.884765625,49.8300173351378,48.6095546722412,47.664201915367144,-3.1973464894077575,44.6473484,-2.49548218402409,17.94065088033674,1832.370853424074,838.403880596161,742.114007472992,907.320559024811,-63.5642578,3.0,328.15478515625,3.84791588783264,36.0400581359863,-142.059997558594,54.5466840267181,13.6823177337646,-1.5904733678175251,1.61997284812111,3.09594801962201,1.0201828917580733,24.500057220459,141.999465942383,2.0,7.0,3.0,0.0,0.0,24060101.0,-37.84354214180182,5.11692500917426,21.4836238861084,39.10053963661197
2024-06-01 19:10:24+00:00,ESP,ESP,20.15133626113526,15.03071321678964,0.0,9.213711576180902,2.5406452304295533,-4.869146172620688,6.445285598724315,-10.566972858322,2.99226894967239,3.0323188737764957,0.255322002757424,-0.8649235565456695,6.63195769963721,-11.647729400128242,-25.020482839298456,-13.46150645403792,65.8912582397461,47.77222755432126,1.0,315.037803617446,0.0748863033950329,315.916015625,2092.310546875,50.0626877292143,47.8326599121094,48.1931932363955,-1.8355692633764398,44.6474261,-2.2439517166585,17.3118531703949,1832.341432571414,928.517758846283,829.022228717804,887.589931488037,-63.564128,3.0,341.069000244141,3.84791588783264,36.0400581359863,-143.059997558594,54.5544326305389,13.678452372551,-0.232496107525783,0.527991125201734,-1.01298300792706,0.5001915887693771,25.5000610351562,142.999526977539,2.0,7.0,3.0,0.0,0.0,24060101.0,-39.41389757161723,5.79353165920536,21.0792592048645,37.12684471607213
2024-06-01 19:10:25+00:00,ESP,ESP,20.15950960700556,14.82248909428102,0.0,9.068482800651491,2.468559776783038,-4.088921198634894,6.44454921895443,-10.5685881980607,2.9919082729955297,3.250930177220156,0.39191159884091653,-0.86546128453242,6.631144821748615,-10.591457378949219,-24.248431040428223,-14.303115362622979,64.5749038696289,46.76440841674804,1.0,317.63969587987,0.0930242858827114,329.01171875,2105.40625,52.3398249871723,46.7506267547607,50.30815448270075,-2.224762684383484,44.647501,-2.5409291955443,17.4395777285099,1832.400250434878,1131.6819190979,916.878998279572,1034.60204601288,-63.5640001,3.0,353.927307128906,3.84791588783264,36.0400581359863,-144.059997558594,54.5505583286285,13.6668533086777,-0.3894934717508945,-0.0669988797034955,0.578990280104368,2.3443605774108778,26.5000648498535,143.999588012695,2.0,7.0,3.0,0.0,0.0,24060101.0,-41.40931821310678,6.10096103506858,21.170126438140898,34.04376454353334
2024-06-01 19:10:26+00:00,ESP,ESP,20.15133284604068,15.24186390460292,0.0,9.766651589496044,3.6406690955541334,-2.7697583339202483,6.44469606802158,-10.570644938774599,2.9911869196418097,2.490842479209584,0.9724244375010269,-0.8641170606150789,6.630873236351742,-10.82834643936658,-22.92109135071568,-15.514823535536522,63.4347358703613,46.248040695190426,1.0,317.316300083049,0.105852406471968,341.92578125,2118.3203125,54.5803319406116,46.1433952331543,51.50513659700905,-2.2279626280096383,44.6475706,-3.41017257993574,17.243078723549843,1832.3414325714118,1204.55503463745,1019.76037025452,1091.87662601471,-63.5638693,3.0,365.919799804688,3.84791588783264,36.0400581359863,-145.059997558594,54.5621752738953,13.6591210961342,-0.4589923007422135,-0.322994576568878,0.313994735120329,0.9683837509489026,27.5000686645508,144.999649047852,2.0,7.0,3.0,0.0,0.0,24060101.0,-43.4597649076067,6.4545223623597,20.7589253425598,31.99525131225585
2024-06-01 19:10:27+00:00,ESP,ESP,20.13089350494944,14.50485866013766,0.0,8.074153338168507,0.7458084271585067,-7.129173956118251,6.444106750762256,-10.56726655645635,2.99118691964181,3.277625160506184,0.860525955256813,-0.8501370934549206,6.633855040811277,-11.74195100595492,-27.26006703418086,-16.03928712416408,63.0218627929688,45.970974426269535,1.0,315.88390013107,0.114282904565334,354.70703125,2131.1015625,56.0121274208485,45.8766231536865,53.20010609615565,-1.849369062952898,44.6476367,-3.31021617652718,17.00727976858616,1832.449293136598,1156.33296966553,1043.94841194153,1122.83754348755,-63.5637369,3.0,377.932586669922,3.84791588783264,36.0400581359863,-146.059997558594,54.5370042324066,15.6018629670143,-1.17998017263852,-0.0199996643387101,-0.069998826853012,1.7653703720117062,28.500072479248,145.999710083008,2.0,7.0,3.0,0.0,0.0,24060101.0,-45.187052129830136,6.60480573400702,20.7637155532837,30.76300253186907
2024-06-01 19:10:28+00:00,ESP,ESP,20.1022862821392,13.3396442679233,0.0,5.729294071570854,-2.9279353765356944,-11.783029300415942,6.444696068021585,-10.564623273247548,2.990465566288092,3.853733090108638,1.64960386292706,-0.21915669138084198,6.7368668439676656,-11.3017424111172,-31.88531541180044,-16.41831344573772,62.3626625061035,46.48056701660154,1.0,314.765798163939,0.121498502790928,367.529296875,2143.923828125,57.3106488349054,46.4313571929932,54.861080036255856,-2.239562380965754,44.6477008,-2.96683759407149,17.046579718589776,1832.4100732803358,1055.20153045654,921.707808971405,1006.39259815216,-63.5636019,3.0,379.776214599609,3.84791588783264,36.0400581359863,-147.059997558594,54.5505583286285,15.607662498951,-1.184980137915235,0.169997138541403,-0.603989839683672,1.724971041042868,29.5000762939453,146.999771118164,2.0,7.0,3.0,0.0,0.0,24060101.0,-48.32289306458268,6.68380028685281,20.128301525116,28.44331684112549
2024-06-01 19:10:29+00:00,ESP,ESP,20.102287989686477,12.92393539088368,0.0,4.8232211972689685,-4.085341581868256,-13.005343732582133,6.444107604535905,-10.5647701223147,2.9915475963186684,3.6344006894433543,2.24272591114589,-0.2213074752617968,6.742017489620774,-11.90216538727806,-33.10763138075922,-17.54600124185946,61.5962699890137,47.06315139770508,1.0,313.852110098288,0.127675697207451,380.525390625,2156.919921875,58.6173937967231,46.9764232635498,55.2190758638656,-3.5979396028612642,44.6477627,-3.68205466315044,16.98762960731984,1832.321834564212,1060.44292449951,933.199524879456,1105.27098178864,-63.5634625,3.0,368.120788574219,3.84791588783264,36.0400581359863,-148.059997558594,54.5505583286285,20.8733648061752,-1.6809717201337548,-2.1999631639695,-5.72090369643968,0.019399674241796006,30.5000801086426,147.99983215332,2.0,7.0,3.0,0.0,0.0,24060101.0,-52.715722399087234,6.35200250357828,19.2882576942444,24.298451957702618
2024-06-01 19:10:30+00:00,ESP,ESP,20.13089350494944,13.318270044689402,0.0,5.559408057005596,-3.1793555363461925,-12.509185984667713,6.444401302670215,-10.5644764241804,2.991547596318668,3.5485438882271416,2.017874269400075,-0.3145969176812858,6.741475001845946,-9.430282872874212,-32.640080001881316,-17.07991630459642,61.8023529052734,47.940490722656236,1.0,313.109805139291,0.131108495593071,393.720703125,2170.115234375,59.260421956134,47.9323608398437,55.5405694530035,-4.057731801464608,44.6478241,-4.12156282208877,16.9778048992157,1832.351231575014,964.048206806183,852.211773395538,1093.79410743713,-63.5633197,3.0,356.882110595703,3.84791588783264,36.0400581359863,-148.960006713867,54.5544326305389,20.8830296993256,-1.72897092788687,-0.0369993781928504,-1.19497990838611,0.42319288673493594,31.5000839233398,148.999893188477,2.0,7.0,3.0,0.0,0.0,24060101.0,-52.88915319645436,5.73419908654593,18.416403293609648,26.095476078987126
2024-06-01 19:10:31+00:00,ESP,ESP,20.13906924138594,13.835401425242882,0.0,6.94271781724918,-0.8114679241080403,-8.594684018494567,6.444106750762256,-10.5634484807103,2.99190827299553,3.243354302147506,2.35357529234185,-0.592045354273542,6.716535761374748,-9.142659679566204,-28.733753430635222,-16.210692428932802,61.963419342041,48.47866493225096,1.0,312.276221532226,0.133712504804134,407.119140625,2183.513671875,59.6984214970394,48.5250663757324,55.674567519235396,-3.6981381364758916,44.6478858,-4.09729387930725,17.00727939605714,1832.4590921402,973.179757595062,904.332637786865,1054.36301231384,-63.563174,3.0,344.156799316406,3.84791588783264,36.0400581359863,-149.960006713867,54.5524954795837,20.8868950605392,-1.452475638857205,0.474992058893608,0.666988836545225,-0.198596660046532,32.5000762939453,149.999954223633,2.0,7.0,3.0,0.0,0.0,24060101.0,-51.62781191714434,5.39839240911543,17.4734115600586,29.024955103947573
2024-06-01 19:10:32+00:00,ESP,ESP,20.15542242180622,15.048243751068119,0.0,9.535426804957385,3.335163325076779,-2.647098936663446,6.444401302670215,-10.56388860102495,2.99118691964181,2.818758964799566,1.522994247108125,-0.5638166840258968,6.694035752210894,-8.12453443565645,-22.802521998799882,-15.23254547751824,60.1856460571289,48.31834281921387,1.0,311.373297844707,0.135828204452991,420.5859375,2196.98046875,58.501724543129,48.2224754333496,55.04807695535246,-3.665538668095796,44.6479483,-3.5782330130019,17.00727976858616,1832.292437553408,1011.87419891357,884.018957614899,1109.16721820831,-63.5630283,3.0,333.448791503906,3.84791588783264,36.0400581359863,-151.059997558594,54.5544326305389,20.890761911869,-1.55147400151296,-0.940984169616961,-0.0199996643387101,-0.6309894120540884,33.5000610351562,151.000015258789,2.0,7.0,3.0,0.0,0.0,24060101.0,-51.78960817027928,5.17087581965455,16.06875972747805,29.03901992797848
2024-06-01 19:10:33+00:00,ESP,ESP,20.116588698261204,15.00118852881916,0.0,9.130701725876804,2.5339294576003093,-4.530394616440852,6.44499083337295,-10.5621268391059,2.99082624296495,3.370336056554504,2.201222693541135,-0.5630101347344536,6.693493179058701,-11.555796590692434,-24.646983506801142,-14.090115401091941,60.0737640380859,48.34193115234372,1.0,310.57667922143,0.13715351074934,434.0078125,2210.40234375,57.9885519402184,48.3015254974365,54.949580504879,-2.1881632864707017,44.648012,-3.1667764409848,16.928679868578918,1832.429671287536,940.696716308594,886.470258235931,1043.68364810944,-63.5628841,3.0,320.861511230469,3.84791588783264,36.0400581359863,-151.960006713867,54.5602381229401,20.8888292312622,-1.2184796544732102,0.814986335976414,0.610989716365878,0.025999563306817786,34.5000457763672,152.000076293945,2.0,7.0,3.0,0.0,0.0,24060101.0,-49.57455733187665,5.15590105678612,15.29057149887085,31.018009449885394
2024-06-01 19:10:34+00:00,ESP,ESP,20.15133660264474,15.209800947582082,0.0,9.953310926492914,3.8721661911972562,-1.4139426410708187,6.444106750762256,-10.56594491485195,2.99046556628809,3.2722135589381027,0.41870560386165695,-0.5635478093603512,6.693764508323483,-10.633418133851022,-21.56527916367426,-13.53097238072732,58.1619987487793,47.97965560913086,1.0,309.606491830965,0.137005010247231,447.408203125,2223.802734375,56.2966423658199,47.8703910827637,54.2560909078801,-3.270945235497912,44.6480772,-2.19656172976283,17.125179246068,1832.419848442078,1006.49619102478,860.370993614197,1001.01959705353,-63.5627418,3.0,310.407012939453,3.84791588783264,36.0400581359863,-153.059997558594,54.5602381229401,20.8868950605392,-1.693471660005965,-0.538990931416628,0.503991548005602,-0.6447891716099062,35.5000305175781,153.000137329102,2.0,7.0,3.0,0.0,0.0,24060101.0,-52.91675945504171,4.85381801149573,14.483557033538851,26.530721619549904
2024-06-01 19:10:35+00:00,ESP,ESP,20.16768773400828,16.0595806407165,0.0,11.359720130377392,6.050755516130982,0.12377779804471185,6.444842917088735,-10.56521066951615,2.9915475963186706,3.490463844195444,0.21802060046968574,-0.716520941519335,6.662860975914301,-10.135227380130159,-20.04391053360512,-13.35345764250072,57.9340599060059,47.24629829406738,1.0,308.636495685797,0.136675004661083,460.642578125,2237.037109375,57.0994696310524,47.1944984436035,55.188077050317446,-2.607156417284032,44.648143,-2.45515311862634,16.91885516047478,1832.4394702911382,872.726321220398,801.789939403534,940.00631570816,-63.5626027,3.0,298.210906982422,3.84791588783264,36.0400581359863,-154.059997558594,54.5544326305389,20.8926945924759,-0.6614889467779931,2.18596319716168,1.60197316522401,1.287978366070656,36.5000152587891,154.000198364258,2.0,7.0,3.0,0.0,0.0,24060101.0,-51.36953787594516,4.50678079552244,14.73164291381835,26.963185104957024
2024-06-01 19:10:36+00:00,ESP,ESP,20.11045826197166,14.06844064953456,0.0,7.083249300931653,-0.9008387189140052,-9.202890635544907,6.4451376824401,-10.5677071036578,2.9908262429649506,3.32091421644681,0.23115534606078453,-0.876752846546579,6.631957528882483,-12.67958776389268,-29.31334894020526,-14.260331057662,57.7311973571777,46.41011581420898,1.0,307.734200375681,0.136274001002312,473.634765625,2250.029296875,58.6789611219016,46.3096767425537,57.531540567758256,-1.97856693626913,44.6482055,-2.23890484719209,16.938504576683062,1832.3512315750122,1072.39806652069,947.356760501862,1046.42927646637,-63.562464,3.0,288.006805419922,3.84791588783264,36.0400581359863,-155.059997558594,54.5563638210297,20.890761911869,-0.251995787343014,0.251995774002801,0.177997024287207,2.9037512988546093,37.5,155.000259399414,2.0,7.0,3.0,0.0,0.0,24060101.0,-51.8918130719626,4.40176663703349,16.0722435951233,29.161112451553368
2024-06-01 19:10:37+00:00,ESP,ESP,20.124765800735542,14.15903422962884,0.0,7.672871442825885,0.3898812850894921,-6.1819535463126325,6.44425466704647,-10.567120134276,2.99046556628809,3.7758124564437923,1.85448974115102,-0.8552451251309081,6.63277134592209,-11.34599196240984,-26.306718792095317,-15.909762490329062,58.6379058837891,46.41522651672362,1.0,307.365807292607,0.1360052973032,486.490234375,2262.884765625,62.2501665105778,46.3937702178955,59.2730065796797,-3.869335035097605,44.6482625,-3.1579435122841,17.0171044766903,1832.3904275894179,1156.43715858459,886.09516620636,1122.7114200592,-63.5623225,3.0,276.971099853516,3.84791588783264,36.0400581359863,-156.059997558594,54.5583009719849,20.890761911869,-0.9654838447263855,-1.23697916847934,-2.47895824887454,0.8663854304714628,38.4999847412109,156.00032043457,2.0,7.0,3.0,0.0,0.0,24060101.0,-53.39941135764608,4.60227409719521,16.9030915260315,27.27109537124636
2024-06-01 19:10:38+00:00,ESP,ESP,20.145200360694382,15.30137773340742,0.0,9.804008113878323,3.608151888264854,-3.100532485281602,6.44396075546875,-10.5674134055235,2.99118691964181,2.743002433884558,2.123997373133795,-0.8544385224786119,6.635752723494801,-10.022695403176492,-23.24573263253256,-16.301148380715322,59.5165168762207,46.604618453979484,1.0,307.13281587964,0.135546411573887,499.423828125,2275.818359375,63.4136892356895,46.6191444396973,59.34850407567045,-4.1929296758015795,44.6483158,-4.15556435755074,17.00727976858616,1832.33163356781,1113.88874053955,960.006177425384,1162.91177272797,-63.5621771,3.0,264.227508544922,3.84791588783264,36.0400581359863,-157.059997558594,54.5563638210297,20.8926945924759,-1.0944816255164485,0.0929984350061854,1.19598010421269,-0.0907984497508236,39.4999694824219,157.000381469727,2.0,7.0,3.0,0.0,0.0,24060101.0,-51.37362437812558,4.8970548164892,16.9316722869873,29.307540130615237
2024-06-01 19:10:39+00:00,ESP,ESP,20.1635991827711,15.9391223999858,0.0,11.485145113917806,6.434470719881203,1.7891125791421765,6.44366534978714,-10.56565121671765,2.9915475963186706,2.4028206787812043,1.2382547863481146,-0.8541696905017485,6.635211260248349,-9.671367718498697,-18.37448782025638,-14.469592685905578,60.149089050293,46.79497650146484,1.0,306.967716547022,0.13485449552536,512.396484375,2288.791015625,61.6366379381922,46.786332321167,58.4515192376348,-3.6347391680054124,44.6483695,-3.28116780887394,17.036754637956616,1832.429671287536,974.634945392609,881.252586841583,1034.73663330078,-63.5620316,3.0,253.569305419922,3.84791588783264,36.0400581359863,-158.059997558594,44.2878425121307,20.890761911869,-2.0204662194683847,-2.32396097948285,-1.73397094652444,-0.9395842423052869,40.4999542236328,158.000442504883,2.0,7.0,3.0,0.0,0.0,24060101.0,-47.05165484116536,5.63106579139968,16.82649793624875,33.731157466343475
2024-06-01 19:10:40+00:00,ESP,ESP,20.18813800340222,16.98717121491358,0.0,13.315507403924846,9.161355657560506,5.007316630661807,6.44499083337295,-10.56124531781615,2.9908262429649524,4.03410515259716,1.31915744325199,-0.851750266743001,6.633312809168539,-10.045964491640891,-15.180821137952648,-13.03313987042846,60.783130645752,46.65782318115236,1.0,306.918102052891,0.134052501618862,525.404296875,2301.798828125,60.4477547206923,46.7067054748535,57.5075358679202,-1.3323777172856335,44.6484264,-2.84705443216286,24.34663362801076,1832.429647445678,636.449754238129,642.875134944916,734.959185123444,-63.5618882,3.0,241.136306762695,3.84791588783264,36.0400581359863,-159.059997558594,44.2878425121307,20.8965614438057,-0.8504857731112756,1.88696825114978,2.26896194840838,-1.1435808138910581,41.4999389648438,159.000503540039,2.0,7.0,3.0,0.0,0.0,24060101.0,-42.71636848438034,6.83105745781099,17.083222675323498,37.369782257080075
2024-06-01 19:10:41+00:00,ESP,ESP,20.11658835675176,14.71533964790278,0.0,8.657954451342604,1.55806676690412,-5.2708171966469255,6.444107604535905,-10.56814765085925,2.989744212934374,2.539903514574372,1.0070975192966285,-0.8539009545744204,6.633313065300636,-10.855048380907819,-25.38740504113448,-13.197365792605842,58.9536598205566,45.19632843017578,1.0,306.967989754589,0.133222411572933,538.1875,2314.58203125,58.9743599733155,45.0434852600098,57.34554085628045,-0.8915850719047664,44.648485,-1.72161684186318,24.48419108986856,1832.478642463684,1090.61968326569,882.162809371948,937.627136707306,-63.5617494,3.0,230.747497558594,3.84791588783264,36.0400581359863,-159.960006713867,44.2878425121307,20.890761911869,0.14349760538734,-0.645989153137757,-0.27599537787936,0.09139847519930161,42.4999237060547,160.000564575195,2.0,7.0,3.0,0.0,0.0,24060101.0,-43.80512386072356,7.90117563847544,17.12456645965575,34.09526173518254
2024-06-01 19:10:42+00:00,ESP,ESP,20.157468063462638,16.062934263598997,0.0,11.720362144026344,6.758410242449583,2.0458432323766997,6.4435185007199856,-10.56462327324755,2.9901048896112323,3.7235043491475794,0.2484909314658121,-0.5979599886018263,6.663403292934399,-9.559980310495206,-18.11162559948224,-13.05441147007006,58.2063011169434,44.22373970031738,1.0,307.053585685268,0.131875701248646,550.58203125,2326.9765625,60.0125487271574,44.1957012176514,57.64103191524815,-1.8611688337299879,44.648542,-2.69072591621325,24.55296590924264,1832.429695129396,967.966496944428,883.530139923096,912.84441947937,-63.5616147,3.0,218.905807495117,3.84791588783264,36.0400581359863,-160.960006713867,44.2820370197296,25.9786188602448,-0.766487190392563,0.00199996664231184,1.82696930815945,0.521191287684845,43.4999084472656,161.000625610352,2.0,7.0,3.0,0.0,0.0,24060101.0,-41.9521208596558,8.83585458299313,16.86008691787715,33.80692106393665
2024-06-01 19:10:43+00:00,ESP,ESP,20.132938122077483,15.055806819536079,0.0,9.333075449851865,2.7687859284258485,-4.201757866058552,6.444106750762256,-10.567120134276,2.99082624296495,3.5730742991878324,0.3230918133830585,-0.12748042091541273,6.721686748537313,-11.601953813820279,-24.33469598813602,-13.075117017784219,57.1933547973633,43.2609775543213,1.0,307.224777546625,0.129871112108231,562.73828125,2339.1328125,60.5919536744496,43.1541355133057,59.0380139212854,-1.4601754925354622,44.6485972,-1.90101944437638,24.52349103987218,1832.429695129396,990.359365940094,805.806279182434,926.093459129334,-63.561482,3.0,209.170806884766,3.84791588783264,36.0400581359863,-161.960006713867,44.2897796630859,25.9844183921814,-0.525991187115816,-1.22897941613567,-0.46799212885055,1.4117762811569032,44.4998931884766,162.000686645508,2.0,7.0,3.0,0.0,0.0,24060101.0,-42.626061089212286,9.93022420407936,17.18193140029905,32.12146172156701
2024-06-01 19:10:44+00:00,ESP,ESP,20.10432748417266,14.09048286526928,0.0,7.0137537482967005,-0.8237265768756501,-9.229911418854353,6.444842917088735,-10.5657980657848,2.990465566288092,4.764250838078956,-0.09403739415734101,-0.1895838425725808,6.720873016875072,-12.234419939453339,-29.33423873227228,-14.026687361628799,57.2091407775879,42.72471908569336,1.0,307.431295146369,0.128684596717358,574.681640625,2351.076171875,60.8867446390274,42.6830726623535,60.00199266979515,-1.5311743271180522,44.6486499,-1.31515121713866,24.444891512393962,1832.390475273136,961.586892604828,801.228761672974,900.899469852448,-63.5613505,3.0,197.727294921875,3.84791588783264,36.0400581359863,-163.059997558594,44.2723572254181,33.0768793821335,-0.47649201912815353,0.663988836034856,-1.61597281186671,0.9565839534913856,45.4998779296875,163.000747680664,2.0,7.0,3.0,0.0,0.0,24060101.0,-45.320617162068615,10.7465948806623,18.353593254089347,29.157439921452447
2024-06-01 19:10:45+00:00,ESP,ESP,20.10841774295712,14.148442313773478,0.0,7.700947020786583,0.29266465198393143,-6.3376518652535205,6.44454921895443,-10.56932287028335,2.9908262429649506,5.251616168852186,-0.4402439784192705,-0.186895336040961,6.723312845823966,-11.13580569730742,-26.44606933607028,-15.599543494454078,55.9764472961426,41.72217613220214,1.0,307.625600367878,0.128108605742455,586.40625,2362.80078125,62.0962208768749,41.5787578582764,61.86195904872175,-3.1089478759806077,44.6487012,-0.766135915897983,24.494016543030746,1832.43947029114,1010.74743270874,840.513646602631,977.265894412994,-63.5612212,3.0,188.261001586914,3.84791588783264,36.0400581359863,-164.059997558594,44.2704200744629,33.0807447433472,-0.49799165370656795,-0.815986318359586,-1.05198242759248,2.14896393436167,46.4998626708984,164.00080871582,2.0,7.0,3.0,0.0,0.0,24060101.0,-49.60122717152878,11.0115652393238,19.315327835083,24.89348643909799
2024-06-01 19:10:46+00:00,ESP,ESP,20.09615311377396,14.19998172596728,0.0,7.490387741978099,-0.029352369768245002,-8.102115193479529,6.4446971352386395,-10.5700575425059,2.99118691964181,3.950051307878418,-0.20856412185499748,-0.1863576640831062,6.723854735957242,-10.055119677204377,-28.19826967329136,-17.2708579994482,56.5126041412354,41.35647422790528,1.0,307.81930453274,0.127843402326107,597.935546875,2374.330078125,65.1352520763695,41.2681606292725,63.36693659082075,-3.3361440015033756,44.6487476,-2.25552034956521,24.5627909898758,1832.4884891510003,1059.36574935913,908.44601392746,1046.14055156708,-63.5610909,3.0,178.235305786133,3.84791588783264,36.0400581359863,-165.059997558594,44.2917168140411,33.0904096364975,-0.366993854789307,0.291995069329688,0.778986916821362,1.37277696821319,47.4998474121094,165.000869750977,2.0,7.0,3.0,0.0,0.0,24060101.0,-50.42838015549027,11.1626413398017,19.8469596862793,23.879372978210444
2024-06-01 19:10:47+00:00,ESP,ESP,20.0879920622442,13.920191564354178,0.0,7.0981786430420994,-0.3780244368761068,-8.181810352979422,6.44396075546875,-10.5660917639191,2.990465566288092,4.70076000356414,0.195956766585917,-0.186357709439831,6.722228126406399,-11.17814791827433,-28.269801561449974,-17.406220054457318,56.7533180236816,41.318559722900375,1.0,307.975196770356,0.128006802499294,609.396484375,2385.791015625,67.3680204254792,41.2273258209228,65.82089720110665,-2.25796220622651,44.6487898,-2.38081333969992,24.52349103987218,1832.488489151002,991.831362247467,835.635304450989,976.157248020172,-63.5609587,3.0,166.443496704102,3.84791588783264,36.0400581359863,-166.059997558594,44.2878425121307,33.0923438072205,-0.6049898754276976,0.41599301824517,2.26596200125886,2.84275230944808,48.4998321533203,166.000930786133,2.0,7.0,3.0,0.0,0.0,24060101.0,-49.764483036089366,11.5378466827989,20.29028635025025,26.023249855041513
2024-06-01 19:10:48+00:00,ESP,ESP,19.90011199968788,11.926640516395159,0.0,4.075626384825852,-4.7096738700065135,-13.995993345272419,6.44425445360306,-10.5656512167176,2.9904655662880923,4.378615198577546,1.8324258822543498,-0.1866265467527798,6.72304177269128,-14.053618456016718,-33.89610671099814,-18.79483746932754,58.1529899597168,41.73439018249512,1.0,308.423885557312,0.12770439684391,620.927734375,2397.322265625,69.7599185218718,41.707438659668,67.179374015698,-2.135564149082822,44.648828,-2.66186239055443,24.582440778613098,1832.3414325714123,1057.08599090576,951.412618160248,958.520829677582,-63.5608233,3.0,156.758605957031,3.84791588783264,36.0400581359863,-167.059997558594,44.2917168140411,33.1058740615845,-0.40599322109387503,0.0149997490877959,-1.18398010217121,0.5941900256687977,49.4998168945312,167.000991821289,2.0,7.0,3.0,0.0,0.0,24060101.0,-51.72855174325072,12.2037901268752,21.867674160003652,25.951366874149876
2024-06-01 19:10:49+00:00,ESP,ESP,19.977679726016078,13.08429696278346,0.0,6.424723015407219,-1.073473703193294,-8.748698466353371,6.444401302670215,-10.56315435568915,2.99154759631867,4.705810288125128,1.392705507204073,-0.1863576640831062,6.722499797180639,-12.94928205213886,-28.72637853387888,-20.108299922193943,59.0694488525391,42.144101257324216,1.0,308.882491778944,0.12767109721899,632.5546875,2408.94921875,69.87522577544,42.0436820983887,67.55786894855424,-2.9661502209088915,44.6488646,-2.40820517303602,24.5627909898758,1832.4688911438,1066.14720821381,858.478426933289,1044.76928710938,-63.5606857,3.0,144.898193359375,3.84791588783264,36.0400581359863,-168.059997558594,44.2936509847641,33.1136077642441,-1.429976035235835,-1.26297871044181,2.22496293699221,0.3587939859070815,50.4998016357422,168.001052856445,2.0,7.0,3.0,0.0,0.0,24060101.0,-53.777975275412985,12.5132472151482,22.8703010559082,23.614018689669102
2024-06-01 19:10:50+00:00,ESP,ESP,19.8654197613461,11.4700813024581,0.0,2.91969870200519,-6.8370581205063035,-17.08959058453684,6.44425445360306,-10.5594827021235,2.989744212934374,4.952919958239116,3.880245088357935,-0.18555106143081018,6.723583662824555,-13.46387618817044,-36.95500897984512,-21.1117281358024,59.8525817871094,43.16955688476564,1.0,309.371314757463,0.127846205234528,644.419921875,2420.814453125,70.3482095452742,43.1170978546143,66.57888427443794,-1.8865683862625642,44.6489009,-3.32508741934101,24.5627909898758,1832.3218822479241,958.535969257355,888.104677200317,986.751616001129,-63.5605447,3.0,134.770599365234,3.84791588783264,36.0400581359863,-168.960006713867,44.2994594573975,33.1271380186081,-0.8464858077267635,2.06496511535443,0.975983659749693,-1.4379759049733791,51.4997863769531,169.001113891602,2.0,7.0,3.0,0.0,0.0,24060101.0,-55.974347595492375,12.5908287726094,22.76398429870605,22.139051836187196
2024-06-01 19:10:51+00:00,ESP,ESP,19.84909697526762,11.216143919117659,0.0,2.516195757210528,-7.206284486658855,-17.247684192122698,6.44425466704647,-10.561098468749,2.9901048896112323,3.273656863287092,2.61414914361195,-0.1860887814134326,6.723042028823376,-12.10128930724604,-37.0967804843714,-22.9013210266536,58.8023986816406,43.85280349731446,1.0,309.718807461677,0.128509193658829,656.478515625,2432.873046875,69.835535546173,43.7433906555176,65.3459053556565,-2.956750386507074,44.6489381,-4.79599320309558,24.51366670429706,1832.3904514312758,1170.99976539612,1013.6204957962,1138.97693157196,-63.5604012,3.0,122.299102783203,3.84791588783264,36.0400581359863,-169.960006713867,44.2955881357193,33.1503361463547,-1.33247764615484,-0.635989329306035,-0.351994092361298,-0.5257912066474376,52.4997711181641,170.001174926758,2.0,7.0,3.0,0.0,0.0,24060101.0,-60.75580444848688,11.8338278078395,21.87350463867185,16.535422325134263
2024-06-01 19:10:52+00:00,ESP,ESP,19.49661311031806,11.216143919117659,0.0,2.5682695036408463,-7.124746029856702,-17.14483725265738,6.443959901695106,-10.5516992746774,2.9901048896112323,2.9861436787133995,3.8172042565877202,-0.39551944883482043,6.719247090343151,-10.211901376205402,-36.64145002146603,-22.0828536527502,60.8128005981445,45.67829727172854,1.0,309.752985728284,0.129800502955914,668.888671875,2445.283203125,70.5843565056382,45.6683292388916,65.19241051443875,-2.7523539020093137,44.6489758,-5.11822957530574,24.484191462397582,1832.282662391664,1021.58224582672,929.604828357696,1161.68355941772,-63.5602529,3.0,111.6875,3.84791588783264,36.0400581359863,-171.059997558594,44.2975252866745,33.1716001033783,-1.929967600347895,-0.082998604504357,1.45497554145428,-0.7821868697856637,53.499755859375,171.001235961914,2.0,7.0,3.0,0.0,0.0,24060101.0,-60.12897886382509,10.7619389006328,21.4500417709351,19.392240285873402
2024-06-01 19:10:53+00:00,ESP,ESP,19.29918854141558,11.24928485074424,0.0,2.5104100320306557,-7.0781575656601365,-17.07232933046638,6.44454921895443,-10.548321319246,2.9897440421796424,2.88441411550763,2.05885102883021,-0.8888508511304757,6.630873407106473,-8.556350606306246,-36.37151821339144,-19.4230861239029,61.5860458374023,46.8745992279053,1.0,309.771072069206,0.131172412633896,681.791015625,2458.185546875,67.4598591490592,46.8309608459473,63.95842755784925,-2.557557120323966,44.6490177,-3.58298618433399,24.503841251134883,1832.429671287536,869.61179971695,810.10639667511,931.411802768707,-63.5601007,3.0,98.5923690795898,3.84791588783264,36.0400581359863,-171.960006713867,44.2975252866745,27.4651557207108,-1.9054680319601751,-0.65998895986302,-0.702988202339424,-0.9007848758124071,54.4997406005859,172.00129699707,2.0,7.0,3.0,0.0,0.0,24060101.0,-57.39110368219576,10.0910751590332,20.6848328590393,26.496153627123153
2024-06-01 19:10:54+00:00,ESP,ESP,19.246346441392365,11.17523296429132,0.0,2.213468326260634,-7.686284568317964,-18.203096175865983,6.44543244779147,-10.54435639443285,2.9926296263492462,3.7141248772472224,2.11033528724648,-0.8555140211407954,6.631144821748616,-9.891853396605347,-37.449442275748815,-18.694492428155222,62.2306411743164,47.43186973571777,1.0,309.850302263578,0.132348494231701,694.89453125,2471.2890625,66.7393971350279,47.4117324829102,63.783929884933755,-1.380976845099542,44.6490644,-2.97405966534513,24.42524209618568,1832.380652427674,678.620040416718,624.064207077026,711.243987083435,-63.5599485,3.0,87.457893371582,3.84791588783264,36.0400581359863,-173.059997558594,44.3052679300308,20.7902416586876,-1.0489823737212625,1.77797017138402,1.73397094652444,-0.20439657954677815,55.4997253417969,173.001358032227,2.0,7.0,3.0,0.0,0.0,24060101.0,-56.61884561161262,9.69886435254987,21.235366344451897,27.834415740966815
2024-06-01 19:10:55+00:00,ESP,ESP,19.25852910830546,11.06217967314924,0.0,2.043773087416632,-7.88831029415481,-18.2041490495265,4.248653325913965,-10.54464966568035,1.6414701641704639,2.57237069072798,2.9876723390826747,-0.8568582770746476,6.6311445656165215,-10.532712117181076,-37.46267781632248,-19.12182423810546,62.7062187194824,47.45151397705077,1.0,310.049088089182,0.13252310603857,708.08984375,2484.484375,65.5450770869486,47.3972339630127,62.499454754904946,0.011599803648924989,44.6491126,-2.81750191117151,23.4623722732067,1832.44926929474,904.363393783569,803.545773029327,817.188680171966,-63.559796,3.0,74.2554626464844,3.84791588783264,36.0400581359863,-174.059997558594,44.3013966083527,20.7593128085136,-0.5504907821839605,-1.04798228461638,-1.70897138694514,-1.7255711798831581,56.4997100830078,174.001419067383,2.0,7.0,3.0,0.0,0.0,24060101.0,-56.97060855009528,9.25729518402949,21.755260848999,26.292228025548606
2024-06-01 19:10:56+00:00,ESP,ESP,19.26665805794616,11.060232386216878,0.0,2.055340653106286,-7.826088466099098,-18.0582763579131,-4.904372830576345,-10.54964296085045,-2.067185054900734,2.490481525056288,3.95326845504354,-0.8563205597600678,6.633584479942778,-9.101843152105115,-37.324933391330816,-19.255125966551457,62.3116859436035,46.95931343078614,1.0,310.218203573031,0.132757705450058,721.236328125,2497.630859375,63.0446609450228,46.944229888916,59.61699881194365,-0.7225878770599199,44.6491639,-2.82627571604721,22.8532090783119,1832.44926929474,1061.55633926392,919.649004936218,924.815535545349,-63.5596464,3.0,63.152400970459,3.84791588783264,36.0400581359863,-175.059997558594,44.3149477243423,20.7477137446404,-0.5654905179315435,-0.786986829247593,-2.24996228312811,-3.123547661463602,57.4996948242188,175.001480102539,2.0,7.0,3.0,0.0,0.0,24060101.0,-56.47454557105556,8.67181051460235,21.6961844444275,25.89264441270096
2024-06-01 19:10:57+00:00,ESP,ESP,19.25039810960802,11.064126618572141,0.0,2.122823391681516,-7.703618734657806,-18.289320825457683,-10.905869769465149,-10.5192422157415,-1.91352949079413,2.904615744671438,6.79174075451428,-0.8547074611771814,6.633042248300048,-6.699768586113381,-37.539719618084575,-19.4802817865031,63.5938453674316,46.407850570678725,1.0,310.370598753793,0.133090205490589,734.181640625,2510.576171875,61.4609381519828,46.4057556152344,54.89408009523075,0.14159763819230195,44.6492182,-5.13189849138222,231.71546533703798,1832.4590682983398,1003.35490703583,912.94938325882,970.620691776276,-63.5595011,3.0,50.2952690124512,3.84791588783264,36.0400581359863,-176.059997558594,44.309139251709,20.7457810640335,-0.15249747351631598,2.29096156083817,2.62295592549474,-5.576706279474936,58.4996795654297,176.001541137695,2.0,7.0,3.0,0.0,0.0,24060101.0,-51.44172341320738,8.00684976399294,21.6820652961731,30.89642465114592
2024-06-01 19:10:58+00:00,ESP,ESP,19.234136795231997,11.04659642580316,0.0,2.0591964656474877,-7.759984187764422,-18.252719207733378,-10.9064580195074,-10.5371599363686,-3.218159527223988,1.0904343008742237,11.35389346675121,-0.8568582770746476,6.626807395493566,-10.351516760765453,-37.4868553199465,-19.95098529768292,63.6581497192383,45.177394180297846,1.0,310.500099140456,0.133358815312386,746.958984375,2523.353515625,55.9168053007918,45.204077911377,45.88723087259265,1.069182081894366,44.6492777,-7.3193809787474,1492.257833480834,1832.4198722839362,1523.02801609039,1326.80940628052,1237.04314231873,-63.5593619,3.0,39.6081199645996,3.84791588783264,36.0400581359863,-177.059997558594,44.3130105733871,20.7245171070099,0.655489012458319,0.292995078393287,-3.69093817793969,-10.334826681264337,59.4996643066406,177.001602172852,2.0,7.0,3.0,0.0,0.0,24060101.0,-46.54106951391238,7.73038419695834,21.74373807907105,32.56327125549316
2024-06-01 19:10:59+00:00,ESP,ESP,17.312106024110058,9.47987644955085,0.0,1.856797277873428,-6.962902392284404,-15.669633529678928,-10.906016618532298,-10.5640354500921,1.0412754017052333,0.48330231537220936,15.041334160949,-0.06537710147762807,5.849341134913539,-7.537080494625551,-32.981739724543715,-18.91527897609482,61.8091506958008,42.829707183837904,1.0,310.65741205742,0.133291102945805,759.189453125,2535.583984375,42.3402777781119,42.6799690246582,30.49748876208135,-4.642322228374662,44.6493487,-7.47099410284876,1812.9102230072021,1832.5865268707262,1494.84145641327,1313.9683008194,1434.88216400146,-63.5592426,3.0,29.5412006378174,3.84791588783264,36.0400581359863,-178.059997558594,44.3149477243423,20.6877887248993,-2.001466500827265,-3.0489486341695,-7.24687852070772,-17.134512397198556,60.4996490478516,178.001663208008,2.0,7.0,3.0,0.0,0.0,24060101.0,-42.02344306100686,7.49418686394919,21.82437515258785,32.04417448777419
2024-06-01 19:11:00+00:00,ESP,ESP,-7.16568842489759,-5.175408439909473,0.0,-0.6079267380429063,2.6025344069283434,8.235451734545965,-10.87848156466705,-10.57167288224465,7.5193392063224875,1.624696500229382,17.4322085827398,1.7114227204939134,4.098958353719298,11.17827389257586,15.401140159443537,-11.589917825219592,60.924291229248,39.30097068786624,1.0,310.90239728257,0.132844810187817,770.697265625,2547.091796875,21.0447946725025,39.2736614227295,6.994382688812258,-6.401492602888996,44.6494362,-7.84829119127933,1812.025904655456,1832.5277328491218,1082.60190486908,997.828483581543,1313.05468082428,-63.5591659,3.0,22.7363300323486,3.84791588783264,36.0400581359863,-179.059997558594,43.8774138689041,20.3900948166847,-1.93396768996314,1.89096839412588,3.32594418119502,-25.45517212902262,61.4996337890625,179.001724243164,2.0,7.0,3.0,0.0,0.0,24060101.0,-19.064656664658198,7.29238209473199,22.009892177581797,35.892524528503415
2024-06-01 19:11:01+00:00,ESP,ESP,-20.031319933643857,-11.43376706494316,0.0,-2.1555132746907484,7.899052303417216,18.19396148086998,-10.76480672631055,-10.5793098875104,7.275510161444226,0.31880321297541203,13.1915703770951,3.40918211712872,2.4206837578949063,21.603666363602297,38.22528209753273,1.882651059330146,56.5552207946777,35.424139938354486,1.0,311.321907501392,0.131995099782944,780.998046875,2557.392578125,353.760249720512,35.3551746368408,342.594775559753,-4.702321171364994,44.6495279,-6.22095934793606,1811.9866132736202,1832.6158761978138,1366.55616760254,1214.38109874725,1428.46214771271,-63.5591463,3.0,21.3832607269287,3.84791588783264,36.0400581359863,-180.059997558594,44.1542595624924,34.5034897327423,-0.8039865030810935,0.907984750972279,0.645989153137757,-23.171011387541,62.4996185302734,180.00178527832,2.0,7.0,3.0,0.0,0.0,24060101.0,14.61882924568524,7.11995012715361,22.40886068344115,33.87189695835113
2024-06-01 19:11:02+00:00,ESP,ESP,-19.488942807880143,-11.52558871305022,0.0,-2.51443160472528,7.259668476815389,16.898249665128102,-10.542758130167051,-10.59664063875565,5.707573130859204,0.9757179600548944,5.067013828701215,5.1429666421775,0.7115057919116726,22.14496295343932,36.38719418055552,14.966425939528921,53.9255126953125,34.78143630981444,1.0,311.921516148249,0.130721801519394,790.642578125,2567.037109375,331.041537899433,34.9517223358154,329.3664886470005,-4.855718597009654,44.6496106,-0.439977067433112,1811.7901086807258,1306.5020918846137,1267.63999462128,1110.99576950073,1331.28869533539,-63.5591835,3.0,20.5464992523193,3.84791588783264,36.0400581359863,-180.960006713867,63.7775182723999,34.5344185829163,-2.50695796904677,-4.17493007828184,0.672988677483406,-9.316243558548113,63.4996032714844,181.001846313477,2.0,7.0,3.0,0.0,0.0,24060101.0,39.7865438134872,6.97261142081221,22.797258281707748,28.17270812988281
2024-06-01 19:11:03+00:00,ESP,ESP,-19.21633424866986,-12.6228102796244,0.0,-4.971088133365304,3.246652472431658,11.668198623297112,-10.50521044586535,-10.59693433688995,7.6416142773724305,2.512487007179896,2.8967868537787202,6.379387378659166,-0.8922209998690939,22.24414447188652,30.884533213476402,18.191204816520962,54.7237003326416,35.5463264465332,1.0,312.522600115967,0.129649910330772,800.421875,2576.81640625,323.815115795289,35.7500026702881,323.603584836694,-4.482324876312385,44.6496856,1.17189045389688,1810.954999923706,638.5228037834169,394.073337316513,439.832001924515,577.673375606537,-63.5592492,3.0,24.2606601715088,3.84791588783264,36.0400581359863,-181.960006713867,63.8549566268921,34.5634132623672,-1.9039680850658425,2.71895423427927,-2.09796496088594,-5.82830210321315,64.4995880126953,182.001907348633,2.0,7.0,3.0,0.0,0.0,24060101.0,45.1717115249543,7.55259351908926,23.1697823524475,25.39458255767822
2024-06-01 19:11:04+00:00,ESP,ESP,-19.147248251253,-11.47091543931048,0.0,-2.458315795032828,7.137807315229149,17.24831052046958,-10.46471724248415,-9.23211227655967,6.24969642971788,3.1297199753504996,0.02416667670695999,6.179904019986123,-1.30236954263536,23.460629849860318,36.39555843021314,20.6310696239073,54.0107906341553,35.4815881347656,1.0,313.129995178478,0.128666505217552,810.3359375,2586.73046875,317.330698121819,35.6053642272949,319.0106514500755,-5.157913401270334,44.649755,2.37061885547685,1810.837078094482,148.9187751198188,569.340705871582,304.309666156769,533.398747444153,-63.5593284,3.0,30.3265495300293,3.84791588783264,36.0400581359863,-182.960006713867,63.9091610908508,34.6078753471374,1.205979794642279,3.14494736984085,-0.756987357752427,-3.8407355389388798,65.4995727539062,183.001968383789,2.0,7.0,3.0,0.0,0.0,24060101.0,49.190036123115675,7.82690586898802,23.365816211700448,23.286379051208485
2024-06-01 19:11:05+00:00,ESP,ESP,-19.1431846302063,-11.13738244647728,0.0,-2.055252799798084,7.854313027561071,18.14718629637698,-10.42746453697725,-1.34014074487762,6.735190117903796,3.004181311849076,-1.0013183788460038,6.333414741393642,-1.1608641913711213,23.990482457742978,37.29037058507382,22.203429031225177,53.1539943695068,34.54649780273438,1.0,313.742389939461,0.127779605984688,820.056640625,2596.451171875,315.065452223206,34.6024085998535,317.356680161422,-4.386926343514344,44.6498188,2.52783465568832,1810.837101936344,1.7828827956691378,956.851065158844,600.357532501221,772.40926027298,-63.5594136,3.0,36.1364212036133,3.84791588783264,36.0400581359863,-183.960006713867,63.9265894889832,44.8203206062317,2.135464193533185,0.894984979991041,2.25496198160056,-1.1295810071657921,66.4995574951172,184.002029418945,2.0,7.0,3.0,0.0,0.0,24060101.0,51.24587935007884,7.96274894006946,24.2405776977539,21.63188821352443
2024-06-01 19:11:06+00:00,ESP,ESP,-19.122875062709262,-11.11984405748126,0.0,-1.9993419811581017,7.80375955317395,18.252651930370078,-10.44410287779535,6.287031609759005,6.092433714644548,2.998409204358862,-0.3330728141739235,6.6850646402455425,-0.804661171024617,24.522624203525957,37.37552801760772,23.077754375179882,55.2003009796143,34.6624200439453,1.0,314.351506209643,0.126949006319046,829.626953125,2606.021484375,313.738209863689,34.7829448699951,315.5482099937425,-3.1067479147376322,44.6498797,2.23730551570925,1810.9746456146222,1.8024745164439078,1259.46390628815,853.816032409668,986.543715000153,-63.5595002,3.0,43.2643089294434,3.84791588783264,36.0400581359863,-184.960006713867,63.9188408851624,44.8241859674454,1.821469565134565,-2.23996245929639,-0.115998049829465,-2.170363578705896,67.4995422363281,185.002090454102,2.0,7.0,3.0,0.0,0.0,24060101.0,51.39047991895934,8.00549653276363,26.55111665725705,21.676273269653297
2024-06-01 19:11:07+00:00,ESP,ESP,-19.17568950046638,-11.071126879452539,0.0,-2.062965918984368,7.778484779659776,18.17964301380342,-10.42834733892745,6.287325307893315,7.170908887890607,2.994801754571356,-0.858949568940713,6.69259219172981,-0.8057454422110155,21.410264776120997,37.3553318312509,23.390549035390883,58.9442184448242,35.584451065063476,1.0,314.95810897021,0.125986696779728,839.392578125,2615.787109375,312.636336426026,35.7403999328613,314.3302233401895,-0.7111881032381594,44.6499404,1.964254189486,1810.76831817627,1.812270353548228,1187.60800361633,951.081156730652,925.357282161713,-63.5595902,3.0,49.3780517578125,3.84791588783264,36.0400581359863,-186.059997558594,63.9149725437164,44.8280513286591,0.500491609664499,-0.781986917331732,2.98694993985624,-0.8821852321668647,68.4995269775391,186.002151489258,2.0,7.0,3.0,0.0,0.0,24060101.0,50.12107765039089,7.74484883007313,29.333030033111548,22.95897260812613
2024-06-01 19:11:08+00:00,ESP,ESP,-19.159439114393102,-11.0672312810594,0.0,-2.084171607300508,7.731827928194147,18.20603486475634,-10.431439707074201,6.287619006027625,6.272419956822324,2.99444112058318,-1.344374074780855,6.690441621292268,-0.8065586829534116,19.121102970129122,37.36547397914944,23.479065896468,61.7829895019531,36.577795715332016,1.0,315.572306901134,0.125089015066624,849.380859375,2625.775390625,309.817954487669,36.6885131835938,313.1047507993055,0.9475841173789202,44.6500005,3.473164426443,1810.797739028932,1.782882818952204,1117.64705181122,1016.21377468109,942.324221134186,-63.559685,3.0,57.1940498352051,3.84791588783264,36.0400581359863,-187.059997558594,63.924652338028,41.7409300804138,0.325994537058608,-0.72398783238604,0.966983711579438,-1.3281777752680521,69.49951171875,187.002212524414,2.0,7.0,3.0,0.0,0.0,24060101.0,48.214760241718714,7.04681801104982,30.2417650222778,24.610372484647293
2024-06-01 19:11:09+00:00,ESP,ESP,-19.21429816927826,-12.00601141266422,0.0,-3.9634453515294936,4.62214666065141,12.892229439313056,-10.44425015374935,6.287325307893315,4.484820712812472,2.99371916958791,-1.74469124859189,6.692860788918919,-0.8071008825796342,17.236292802624963,32.106527822034735,22.71131131111408,63.7656852722168,37.990342254638655,1.0,316.029984217039,0.124484203755856,859.74609375,2636.140625,309.021636392715,38.0965038299561,312.21876598092797,3.029349235591418,44.6500604,3.25274632452046,1810.7879400253319,1.7534952610731118,1157.01830387115,1054.72540855408,883.668839931488,-63.5597861,3.0,64.1548767089844,3.84791588783264,36.0400581359863,-188.059997558594,63.9285206794739,30.5832087993622,-0.0534991108605645,-0.524991178052217,2.62695606847084,-0.6825885470484756,70.4994964599609,188.00227355957,2.0,7.0,3.0,0.0,0.0,24060101.0,46.71125323934808,6.07904722689024,30.80610523223875,26.498145137113646
2024-06-01 19:11:10+00:00,ESP,ESP,-19.246815333878857,-14.343787773092581,0.0,-8.563042142636103,-2.400665156456514,4.183464172866155,-10.432617060932351,6.288206402296245,4.436487562169794,2.99371916958791,-1.5771038594866051,6.692591508710892,-0.8022213420757239,15.351863759676501,23.43027956277392,22.04678718034738,64.8255912780762,39.10064666748046,1.0,316.506594817322,0.124009814858437,870.470703125,2646.865234375,309.023794732493,39.3262413024902,313.38025330966695,2.252762276489674,44.6501213,3.9878050931383,1810.7879638671882,1.792678656056524,949.584364891052,922.5794672966,780.186295509338,-63.5598918,3.0,72.9208068847656,3.84791588783264,36.0400581359863,-189.059997558594,63.9285206794739,23.4056949615478,-0.41599303825549006,1.03498262035685,-2.80595270161525,1.6803717627203638,71.4994812011719,189.002334594727,2.0,7.0,3.0,0.0,0.0,24060101.0,46.12436445378231,4.94714614320161,29.52929306030275,27.315988576412195
2024-06-01 19:11:11+00:00,ESP,ESP,-19.2041372383595,-12.2974868326641,0.0,-4.270749521487483,4.363049112081722,13.49208913831082,-10.4477834959844,6.28776585509478,5.9716013503020395,2.992997816234192,-0.024691167200129496,6.69259219172981,-0.8019502155821863,16.49243943974312,32.69622620591558,21.31899910541234,61.2195762634277,38.516308593750026,1.0,317.031590477686,0.12364130616188,881.3046875,2657.69921875,311.709589038682,38.5261688232422,313.0417627947795,1.520974528154036,44.6501855,1.94758489937318,1810.807609558104,1.763291121460498,1148.09942245483,1052.99079418182,920.399904251099,-63.5599952,3.0,80.429817199707,3.84791588783264,36.0400581359863,-190.059997558594,50.2003729343414,20.6259310245514,1.121481149862099,2.00596615474727,1.11098128147794,-1.375776958051389,72.4994659423828,190.002395629883,2.0,7.0,3.0,0.0,0.0,24060101.0,47.9898701161258,4.31259211411663,28.00240201950075,25.398854010445735
2024-06-01 19:11:12+00:00,ESP,ESP,-19.2061699026565,-11.919972031953739,0.0,-3.6140036528362645,5.377813219900912,14.7110390192919,-10.451170416039101,6.288206402296245,3.8420643949305897,2.99408005970818,-0.615185920455712,6.692053972823212,-0.8041189180375415,16.181165521150838,33.91720994647676,23.33981882985896,61.8378456115723,38.561063461303696,1.0,317.541095269012,0.123142200708389,891.935546875,2668.330078125,306.51331772192,38.6240158081055,310.049292994857,2.0925649706394416,44.6502465,4.29160166213671,1810.8763933181763,1.714311866089702,1515.22028446198,1294.78561878204,1209.21301841736,-63.5600995,3.0,89.0545272827148,3.84791588783264,36.0400581359863,-191.059997558594,50.1887619495392,20.6085324287415,-0.2559957035354895,-3.64993911367304,-0.538990931416628,-3.150147235544666,73.4994506835938,191.002456665039,2.0,7.0,3.0,0.0,0.0,24060101.0,49.719321142278304,3.87596458746075,28.9340864181519,23.75763123456168
2024-06-01 19:11:13+00:00,ESP,ESP,-19.214296461730978,-11.558710520147079,0.0,-2.75343661505881,6.739987045135258,16.83605430405542,-10.42775866199835,6.287619006027625,5.29169349909034,2.992998243121014,-3.234062235324185,6.692860788918919,-0.8014081973828633,14.701851048820378,36.050351790314764,23.99237134655794,65.0665008544922,40.47844551086423,1.0,318.044015757979,0.12261741310358,902.873046875,2679.267578125,302.824797004059,40.6010501861572,307.8248506463455,2.493758116211532,44.6503033,5.06333790626728,1810.8272552490241,1.75349523779005,1163.95580768585,1161.39686107636,1001.45423412323,-63.5602134,3.0,96.7910995483398,3.84791588783264,36.0400581359863,-191.960006713867,50.1926302909851,20.5950006842613,-1.2979782539354,-0.0939984240594642,0.894984979991041,-1.5199746178080153,74.4994354248047,192.002517700195,2.0,7.0,3.0,0.0,0.0,24060101.0,50.23614448130026,3.1782377118555,29.642888259887698,24.95167894363406
2024-06-01 19:11:14+00:00,ESP,ESP,-19.214296803240437,-11.32063625115404,0.0,-2.464037956764738,7.096630324534627,17.23948489153356,-10.42510812171355,6.2880597666725055,3.9329591009899176,2.99371916958791,-3.72106336760426,6.692054228955305,-0.8011369855119608,13.89162241984854,36.453783060811816,24.152253439177958,65.6602844238281,42.47013015747068,1.0,318.591605684117,0.122155603766441,914.41015625,2690.8046875,302.66357721889,42.5763095855713,309.03281058219704,2.868951890575874,44.6503601,5.84179334899385,1810.73880195618,1.7241077031940217,1124.18055534363,1155.8678150177,965.527474880218,-63.5603363,3.0,106.867301940918,3.84791588783264,36.0400581359863,-192.960006713867,50.1945674419403,20.5892011523247,-1.3169779192156699,-0.311994770353984,-1.10798133432842,1.7597703852885758,75.4994201660156,193.002578735352,2.0,7.0,3.0,0.0,0.0,24060101.0,51.79647251039514,2.5496808023052,28.34342708587645,25.163211495535702
2024-06-01 19:11:15+00:00,ESP,ESP,-19.2183624733439,-11.260191467565619,0.0,-2.4968229074694817,7.02869581163448,17.23546156860298,-10.39727808905355,6.28805955322909,3.126086912353606,2.993719383031322,-3.8445201040693,6.692323679918064,-0.7967996659786145,12.86853760482774,36.45382335892792,23.652928020281216,66.3611778259277,44.3447472381592,1.0,319.219218106571,0.121759602427483,926.458984375,2702.853515625,303.813644471337,44.5123031616211,310.196292326174,2.8147528880966237,44.6504204,6.02007580048317,1810.8174324035676,1.7045160289853818,1113.99233341217,1166.17655754089,1003.94356250763,-63.5604642,3.0,116.025901794434,3.84791588783264,36.0400581359863,-193.960006713867,50.1926302909851,20.5930680036545,-1.5264743885728,-0.761987216307435,-0.796986653079314,1.034782639888474,76.4994049072266,194.002639770508,2.0,7.0,3.0,0.0,0.0,24060101.0,52.80664382826168,2.43693636377968,27.22216930389405,25.520791983604454
2024-06-01 19:11:16+00:00,ESP,ESP,-19.23868570121926,-11.35184065339612,0.0,-2.498751923645822,6.951070626339917,17.15483630809286,-10.364442381505501,6.287619006027625,2.3909925413747177,2.99408005970818,-3.5413930003312553,6.69178605865302,-0.7949021220333086,11.613141151416581,36.393522350821534,22.238962065853798,66.7483909606934,46.08613037109377,1.0,319.812816186958,0.121285200119019,939.044921875,2715.439453125,306.721993661442,46.2699920654297,312.9477657314215,2.398359796856906,44.6504864,5.51132531817336,1810.679841041566,1.714311866089702,1047.78456687927,1061.88583374023,964.223623275757,-63.5605944,3.0,127.536903381348,3.84791588783264,36.0400581359863,-194.960006713867,50.1906931400299,20.5872684717178,-1.5624738077278502,-0.254995721152317,-1.70797129784026,3.1389473047870924,77.4993896484375,195.002700805664,2.0,7.0,3.0,0.0,0.0,24060101.0,52.52494770236068,2.59160130177956,25.97337827682495,27.26017159854663
2024-06-01 19:11:17+00:00,ESP,ESP,-19.22445841717814,-11.332338414259018,0.0,-2.479466969901656,7.022880759329857,17.20933507049928,-10.333814532606699,6.287619006027625,2.79280522779321,2.9926369261139216,-2.88522942665112,6.69205431433267,-0.7940889346517659,13.61582467456006,36.43379246314902,20.71481389030188,67.3352531433105,47.17836090087891,1.0,320.218584065171,0.120531405508518,952.00390625,2728.3984375,310.464991968122,47.3698402404785,315.44470530706053,1.656572203345208,44.65056,4.48256222538604,1810.8174562454237,1.7632911214604978,993.136167526245,1043.53427886963,904.108643531799,-63.5607225,3.0,136.668106079102,3.84791588783264,36.0400581359863,-196.059997558594,50.1887619495392,18.9596176147461,-1.40647650259214,0.635989329306035,0.0129997818201616,2.2785618219755106,78.4993743896484,196.00276184082,2.0,7.0,3.0,0.0,0.0,24060101.0,51.61545678795469,3.02742905597232,25.60289268493655,29.171873474121092
2024-06-01 19:11:18+00:00,ESP,ESP,-19.23055743459748,-11.28163723703108,0.0,-2.456325392531324,6.989884286204256,17.17495872840662,-10.3408820708504,6.287031609759005,2.8663869837878044,2.992636926113922,-2.3120712209634453,6.691248181255881,-0.795444310987361,14.80713397525314,36.40551684602302,19.749220826581798,68.3636009216309,48.05133247375488,1.0,320.668474965421,0.119863200187683,965.244140625,2741.638671875,313.063195928395,48.1955520629883,316.8861757502565,1.213779641222766,44.6506404,3.66406565242392,1810.827255249026,1.7241077264770897,1001.04713439941,1000.11992454529,910.859167575836,-63.5608469,3.0,147.642593383789,3.84791588783264,36.0400581359863,-197.059997558594,50.1906931400299,17.8500324487686,-0.904984803822763,0.985983376859709,1.00198320171217,1.0271827684402808,79.4993591308594,197.002822875977,2.0,7.0,3.0,0.0,0.0,24060101.0,50.581488408000936,3.60555910576724,25.93786668777465,31.10490564618792
2024-06-01 19:11:19+00:00,ESP,ESP,-19.254945649557364,-11.248489987479541,0.0,-2.4871795341350698,6.9762975885299,17.237461106482503,-10.339704290105349,6.28747215696047,2.6965003288923137,2.992276035993652,-2.492265911976955,6.6912478397464215,-0.7986972526126028,13.37168844192388,36.492407780568236,19.860155393043364,70.6322845458984,48.738775177001926,1.0,321.157106698644,0.119319409132004,978.669921875,2755.064453125,312.666198013077,48.8559127807617,317.0251974206225,2.080165167743768,44.6507235,4.41230135005459,1810.905861854554,1.6751284711062902,1058.05003643036,1019.74236965179,962.322354316711,-63.5609712,3.0,157.399993896484,3.84791588783264,36.0400581359863,-198.059997558594,35.2602958679199,17.8036376833916,-1.449975682899275,-0.983983518815071,0.487991829874847,-0.09619837329625115,80.4993438720703,198.002883911133,2.0,7.0,3.0,0.0,0.0,24060101.0,48.91926488479211,4.08637283371122,27.28124742507935,33.32465138154869
2024-06-01 19:11:20+00:00,ESP,ESP,-19.244783694110243,-11.326493821386219,0.0,-2.6125506872470963,6.908381773272609,17.00779770318812,-10.3193844773246,6.287472156960471,2.6117372544056323,2.992636926113922,-2.7875126849601,6.69151711995445,-0.8011371669388605,12.625164304321839,36.2525793482416,19.401072424207943,72.5357070922852,49.78203140258788,1.0,321.707401379693,0.118768107891083,992.35546875,2768.75,313.361784478151,49.9252086639404,317.307666723938,2.53295759638661,44.6508079,4.07078804957255,1810.778117179872,1.6555367736145858,991.280674934387,1026.83806419373,940.087914466858,-63.5610982,3.0,166.908004760742,3.84791588783264,36.0400581359863,-199.059997558594,35.2544873952866,15.2616426348686,-1.46497547200771,0.36199391619302,0.911984680504968,1.41297623867237,81.4993286132812,199.002944946289,2.0,7.0,3.0,0.0,0.0,24060101.0,47.357676002776444,4.19212465263053,27.7183685302734,35.12014887673514
2024-06-01 19:11:21+00:00,ESP,ESP,-19.239704167801875,-11.548063365136773,0.0,-2.8109083240232153,6.6629588183741575,16.719833085798975,-10.32512695886925,6.287031609759005,2.536893033992495,2.99128476210167,-1.9821501922459401,6.69138254388346,-0.7989006801920779,12.648623485488574,35.95953725360083,18.790790411489603,73.3686767578125,50.3178995132446,1.0,322.342499689478,0.118052306771278,1006.28125,2782.67578125,315.660197775374,50.5554290771484,319.9941303886655,1.9044681029378552,44.6509055,4.02377713817582,1810.8297288417825,1.7143118602689351,975.531995296478,1017.29464530945,882.489860057831,-63.5612362,3.0,178.024200439453,3.84791588783264,36.0400581359863,-200.059997558594,35.2428704500198,13.5025426745415,-1.28947835031758,0.568990402911793,-1.0979815104967,1.781470096384906,82.4993133544922,200.003005981445,2.0,7.0,3.0,0.0,0.0,24060101.0,46.46776194732425,4.33923198631379,27.58303842544555,35.938522567749
2024-06-01 19:11:22+00:00,ESP,ESP,-19.244783352600763,-11.069181300067461,0.0,-2.007054588080196,7.86598189349385,18.1715103075587,-10.3257160626852,6.287472156960471,2.7444721198392137,2.991555322970168,-2.1061324797511,6.690172426461605,-0.7962575517297563,12.749139750965659,37.416291952612184,18.47906416361954,73.4491928100586,50.50051460266114,1.0,322.960604488607,0.117485609650612,1020.2578125,2796.65234375,317.04751847883,50.6251991271973,320.476642272392,2.11256453292552,44.6509883,3.45213427398853,1810.78794002533,1.724107703194024,1034.98411178589,1109.86232757568,931.341171264648,-63.5613456,3.0,187.933807373047,3.84791588783264,36.0400581359863,-201.059997558594,35.2564215660095,13.4832113981247,-1.1519807192705551,-0.241995923490653,-0.205996544356241,0.11499806211020783,83.4992980957031,201.003067016602,2.0,7.0,3.0,0.0,0.0,24060101.0,46.11332345298901,4.67924093763114,27.864733886718753,36.36595532553536
2024-06-01 19:11:23+00:00,ESP,ESP,-19.26714539194338,-11.592841999958042,0.0,-3.213746584689924,5.809063146524174,14.801025224814229,-10.3277779260409,6.287619006027625,1.895759579729578,2.9922762494370643,-2.97506402331824,6.689635061328654,-0.7989684111226525,13.10542649449034,34.068171470531254,18.8230219034282,75.1748497009277,51.196073455810556,1.0,323.42248920104,0.117072214186192,1034.365234375,2810.759765625,315.394585378931,51.2051639556885,320.5266119363595,3.3143445989936318,44.6510809,4.91772937222001,1810.768294334414,1.763291098177436,1129.11176681519,1111.13357543945,942.697882652283,-63.5614689,3.0,197.63200378418,3.84791588783264,36.0400581359863,-201.960006713867,35.2564215660095,13.477411866188,-1.8554689128015651,-0.960983817280405,3.67793862040186,0.3957933420885808,84.4992828369141,202.003128051758,2.0,7.0,3.0,0.0,0.0,24060101.0,44.93745037982012,4.86707626244837,28.800660896301302,37.3427417530733
2024-06-01 19:11:24+00:00,ESP,ESP,-19.2915394125641,-12.61519598473768,0.0,-5.000281386406313,3.1892013180677923,12.384811313466923,-10.307457259486451,6.287619006027625,2.619672183985212,2.991555536413578,-2.636738500187885,6.69151711995445,-0.8003238941799532,11.525786447026679,31.6763512382952,17.582933099230125,76.24599609375,52.20725303649901,1.0,323.712881523792,0.117037814855576,1048.751953125,2825.146484375,318.507594357326,52.4149234771728,323.430084371397,3.0193494117596975,44.6511758,4.18753433862146,1810.6994867324836,1.68492430821061,890.674531459808,1007.62522220612,834.719657897949,-63.5615935,3.0,207.089797973633,3.84791588783264,36.0400581359863,-202.960006713867,35.2544873952866,13.477411866188,-1.861468807100595,1.46597534766918,-1.57797348130617,3.3933431218868697,85.499267578125,203.003189086914,2.0,7.0,3.0,0.0,0.0,24060101.0,43.03053737865231,4.88946092679262,27.5924506187439,39.31003646850586
2024-06-01 19:11:25+00:00,ESP,ESP,-19.28340773084776,-11.627082592040939,0.0,-3.183808243387828,6.0215201293605345,15.12352899893042,-10.32924983180705,6.28747215696047,2.560879110892848,2.9919157862036156,-1.5960168667417851,6.690710218481378,-0.8000528210472684,10.814738824237901,34.40693724204234,15.89906675559826,74.6005599975586,51.54296127319336,1.0,323.987482449184,0.117330913245678,1063.19921875,2839.59375,322.495550568399,51.6226444244385,325.655032153907,2.97515019042349,44.6512769,2.89917197718123,1810.78796386719,1.79267863277346,1000.08773803711,1021.25227451324,865.930259227753,-63.5617092,3.0,217.792602539062,3.84791588783264,36.0400581359863,-204.059997558594,35.2583587169647,13.4677469730377,-1.671471994215325,-0.726987832896409,1.05898230427469,1.6505723090461735,86.4992523193359,204.00325012207,2.0,7.0,3.0,0.0,0.0,24060101.0,41.004339221743784,5.04413056054756,27.16247749328615,40.056869888305656
2024-06-01 19:11:26+00:00,ESP,ESP,-19.275279464225996,-12.56659645671736,0.0,-4.946703248122614,3.2325278733477822,11.749106226752065,-10.327630650086899,6.28776585509478,2.8328420464718524,2.991555109526756,-1.3669633779959391,6.691248010501153,-0.7970708671773463,10.720899367495255,31.024386117864857,15.786616570159941,74.2243469238281,51.06454719543458,1.0,324.177307066597,0.117642103135586,1077.4375,2853.83203125,323.244631075053,51.2710441589355,326.677019699038,2.9045513914828502,44.6513797,3.06537203747221,1810.9255075454682,1.7339035635814082,861.25510931015,984.515726566315,758.80378484726,-63.5618178,3.0,226.21760559082,3.84791588783264,36.0400581359863,-204.960006713867,35.2583587169647,13.4445503354073,-1.569973675601645,0.0229996131557533,-2.27396207376765,1.085381796501753,87.4992370605469,205.003311157227,2.0,7.0,3.0,0.0,0.0,24060101.0,40.753514184853415,5.25264086798242,26.6059796333313,39.62864200367648
2024-06-01 19:11:27+00:00,ESP,ESP,-19.27934001168758,-11.63095377250776,0.0,-3.079481372684116,6.274923904172054,15.667359418194781,-10.330722591346799,6.286737911624694,2.6615131117557462,2.991915999647026,-1.0769701944232999,6.68990374389513,-0.7973419509822015,9.784406836998219,34.9466984053539,15.288820772127801,73.16982421875,50.41320899963376,1.0,324.284076583702,0.117937803268433,1091.53125,2867.92578125,324.648999930678,50.5129634857178,327.29601242275953,2.906151320607242,44.6514835,2.62323340192977,1810.76831817627,1.7534952610731143,925.437748432159,979.881823062897,816.402912139892,-63.5619214,3.0,234.663497924805,3.84791588783264,36.0400581359863,-206.059997558594,35.2564215660095,13.4310185909271,-1.3344777176428901,0.0289995124573663,-0.325994550398821,0.2589956560210914,88.4992218017578,206.003372192383,2.0,7.0,3.0,0.0,0.0,24060101.0,40.20986322880948,5.60724678732973,26.378817558288553,39.37467781869989
2024-06-01 19:11:28+00:00,ESP,ESP,-19.281373359003478,-11.32084183984804,0.0,-2.4450429018621564,7.174532132490571,16.82334707861408,-10.33307857972365,6.28717845882616,2.2838661895736276,2.991194646293308,-1.9590345375779399,6.690979498689407,-0.7973419189656898,8.507648796203117,36.10471941308916,15.51559124879922,73.1000473022461,50.1059969329834,1.0,324.336914927121,0.118025498092175,1105.478515625,2881.873046875,323.640836688427,50.1451961517334,326.6725390949425,3.6351390755813133,44.6515862,3.14590850552312,1810.8371019363399,1.694720168597998,999.740719795227,1016.20697975159,844.358563423157,-63.5620239,3.0,243.620803833008,3.84791588783264,36.0400581359863,-207.059997558594,35.2544873952866,13.4252190589905,-1.4074763782536048,1.60897304190621,4.23992914663145,-0.7135880582897294,89.4992065429688,207.003433227539,2.0,7.0,3.0,0.0,0.0,24060101.0,39.26910507442104,5.78605004074326,26.628725624084453,39.48695781414327
2024-06-01 19:11:29+00:00,ESP,ESP,-19.26714505043394,-12.34439486433646,0.0,-4.431033912249634,3.955344704485178,12.936406804043921,-10.3252746617101,6.28717845882616,2.6330179040479136,2.992276462880474,-0.8458158088578669,6.691248181255881,-0.7943600184566213,9.724135369460004,32.20355168372314,15.41241646025376,73.2815895080566,50.157829742431595,1.0,324.448301652106,0.117951308190823,1119.412109375,2895.806640625,324.853004020808,50.3416488647461,327.835501744542,3.310344456017532,44.6516878,3.02642096273951,1810.7584476470977,1.714311866089704,835.078716278076,981.180965900421,769.509792327881,-63.5621285,3.0,252.406295776367,3.84791588783264,36.0400581359863,-208.059997558594,35.2641671895981,13.4232863783836,-1.8609688692698652,0.884985156159319,1.03398263797368,1.329977634168015,90.4991912841797,208.003494262695,2.0,7.0,3.0,0.0,0.0,24060101.0,39.0408360542457,5.78393225521374,26.31909227371215,39.17568483352661
2024-06-01 19:11:30+00:00,ESP,ESP,-19.2488500472326,-12.12151827851088,0.0,-3.927022556695438,4.873999598323191,14.256000376218783,-10.3302807634849,6.287031609759005,3.2923667151031424,2.991555109526756,-0.894147214600655,6.69017234108424,-0.798155181052427,11.615049335515938,33.50485025269664,14.72865885829376,71.8774475097656,49.776994171142555,1.0,324.506904675185,0.117938312888145,1133.2890625,2909.68359375,325.364148057535,49.8796737670898,327.385009787645,2.708354591772376,44.6517911,1.99554648772501,1810.7290029525761,1.733903563581406,836.053848266602,922.344028949738,743.560612201691,-63.5622282,3.0,259.670684814453,3.84791588783264,36.0400581359863,-209.059997558594,35.2622300386429,13.4252190589905,-1.1529807550145805,1.33797749590143,0.221996262486996,-0.6349893362506907,91.4991760253906,209.003555297852,2.0,7.0,3.0,0.0,0.0,24060101.0,39.44612172110242,5.96668591928847,25.740335941314697,38.538714628953194
2024-06-01 19:11:31+00:00,ESP,ESP,-19.279339670178082,-12.135470305928441,0.0,-4.193961375875712,4.39949717861571,13.040759458711761,-10.33248947590775,6.286444213490385,2.9486252361591077,2.990473335628272,-0.4297375066295645,6.689904000027224,-0.7986973806786498,10.943673500483339,32.3200999826635,15.117805812670118,71.680606842041,49.278286285400384,1.0,324.485293956651,0.117972511053085,1147.052734375,2923.447265625,325.480425197965,49.355464553833,327.58102255644553,3.121547739385942,44.6518936,2.17023583282408,1810.7977867126458,1.7241077031940217,941.537439823151,993.721544742584,780.508279800415,-63.562327,3.0,268.240112304688,3.84791588783264,36.0400581359863,-210.059997558594,35.2506160736084,13.4155541658401,-1.30297821921211,-1.5049747673346,-2.13296413085355,0.09739833748182321,92.4991607666016,210.003616333008,2.0,7.0,3.0,0.0,0.0,24060101.0,40.14398673728366,6.15538611680936,26.2162276268005,37.52273718890023
2024-06-01 19:11:32+00:00,ESP,ESP,-19.261044325467303,-11.793087095478239,0.0,-3.312959906205458,5.889108801450198,15.662261023488819,-10.332636751861699,6.286444213490385,3.004171963027648,2.991555109526756,-1.3459504877773827,6.690441365160174,-0.797884118591913,11.195058100621461,34.92330500744662,15.52258399647152,71.2668823242187,49.01413719177244,1.0,324.386993874116,0.118049611151218,1160.697265625,2937.091796875,324.163154914636,49.1340282440186,326.9165134520955,2.677155098728722,44.651995,2.70013322113448,1810.650396347046,1.743699423968792,931.882500648499,965.921759605408,808.883786201477,-63.5624255,3.0,276.565795898438,3.84791588783264,36.0400581359863,-211.059997558594,35.2641671895981,13.417486846447,-1.0079830960112015,-0.609989733982705,-1.54097402640709,-0.5485907943115915,93.4991455078125,211.003677368164,2.0,7.0,3.0,0.0,0.0,24060101.0,40.55555822723352,6.36255215763819,25.763872432708702,37.07223837375641
2024-06-01 19:11:33+00:00,ESP,ESP,-19.2671423183583,-12.00430813423996,0.0,-3.9464759599800083,4.773522136858332,13.56340502173696,-10.3339618085607,6.287031609759005,2.48910078097123,2.99083418305986,-2.211202773857285,6.691247839746424,-0.796528710239806,10.76171469967326,32.83054734009524,16.26385588935652,71.1306037902832,48.995884094238285,1.0,324.376311458254,0.117695707082748,1174.30078125,2950.6953125,323.128353934623,49.0890838623047,327.120025768605,3.181146689423004,44.6520946,3.73343945693692,1810.76831817627,1.714311842806638,1093.06013584137,1089.40124511719,898.941814899444,-63.5625269,3.0,283.656402587891,3.84791588783264,36.0400581359863,-212.059997558594,35.2602958679199,13.4116873145103,-1.063982162829697,-0.443992524973991,-0.299994981755918,0.46479217455222777,94.4991302490234,212.00373840332,2.0,7.0,3.0,0.0,0.0,24060101.0,41.153158115455675,6.59220147366741,25.6430777549744,36.71836985074556
2024-06-01 19:11:34+00:00,ESP,ESP,-19.2976374054551,-12.8482492109171,0.0,-5.63481821195232,2.1060781370585113,9.884276411626951,-10.3361705209835,6.28717845882616,2.45555665474024,2.991555322970168,-1.478863701189585,6.690441365160176,-0.7967998474055146,10.538559783638984,29.1819139024594,16.72976733981466,71.2976509094238,48.90200386047364,1.0,324.47641471073,0.117251908779144,1187.91015625,2964.3046875,323.164608578737,49.0065422058106,327.3965254865855,3.7397373182384874,44.6521938,4.23655844827605,1810.640549659732,1.7534952610731138,1111.66596412659,1144.89388465881,953.20326089859,-63.5626292,3.0,292.710205078125,3.84791588783264,36.0400581359863,-212.960006713867,35.2525502443314,13.4078219532967,-1.4429758062170701,-1.09398168768572,-1.17598024310583,-0.040199283799392825,95.4991149902344,213.003799438477,2.0,7.0,3.0,0.0,0.0,24060101.0,41.1206764678388,6.84969320207455,26.087599182128898,36.696121479914744
2024-06-01 19:11:35+00:00,ESP,ESP,-19.28544176118258,-13.411480953273642,0.0,-6.769850595865941,0.35204259504203833,7.892007304797803,-10.333520407585599,6.286444213490385,2.526973966475538,2.991194262095168,-1.1048131670901655,6.690441365160176,-0.7981552771019624,11.132115687608302,27.17744838296148,16.3133494891392,71.3130043029785,48.9361095428467,1.0,324.534389356405,0.116983205080032,1201.4921875,2977.88671875,324.163646688257,49.081946182251,327.687505205606,3.89953446038072,44.652293,3.36773725495268,1810.6700420379639,1.7339035635814082,1025.35593509674,1139.55795764923,942.912578582764,-63.5627311,3.0,300.319091796875,3.84791588783264,36.0400581359863,-213.960006713867,36.1663401126862,13.40202242136,-1.83446917603324,0.123997922235056,1.73397094652444,0.7061881899882785,96.4990997314453,214.003860473633,2.0,7.0,3.0,0.0,0.0,24060101.0,41.04898611929142,7.03522803380195,25.6220938682556,36.73594190157376
2024-06-01 19:11:36+00:00,ESP,ESP,-19.27527570762192,-12.96016032367522,0.0,-5.8866419078767205,1.9595089649189266,10.099052051587442,-10.329397107761,6.28717845882616,3.119594347972004,2.991194646293308,-0.9225166187617144,6.690710303858745,-0.798697423367332,11.585295665453538,29.37432716156784,16.134321693256698,69.4884155273438,48.94022804260254,1.0,324.545508904374,0.116849201917648,1215.08203125,2991.4765625,324.8584954929,49.0739707946777,327.823002498361,3.25894544689985,44.6523935,3.00784626329166,1810.6994867324836,1.7436994006857258,899.116456508636,1016.17026329041,823.709189891815,-63.5628303,3.0,309.111907958984,3.84791588783264,36.0400581359863,-214.960006713867,42.2163277864456,13.4000882506371,-1.56397378130261,0.0199996643387101,-3.10194770047763,-0.20539654158612422,97.4990844726562,215.003921508789,2.0,7.0,3.0,0.0,0.0,24060101.0,43.04119247375756,7.44540309157602,24.300591373443602,34.87457639254056
2024-06-01 19:11:37+00:00,ESP,ESP,-19.252914009788782,-11.85748297274676,0.0,-3.538834688944604,5.490421182709083,15.188077189417418,-10.329397107761,6.28688476069185,3.0337491153886957,2.9919157862036156,-1.2986680230002925,6.6912478397464215,-0.79788406523106,12.1304062329231,34.44099119920618,16.1227899433715,69.0856086730957,49.202600097656266,1.0,324.515100902189,0.116828508675098,1228.708984375,3005.103515625,324.682932310474,49.3667255401611,327.3290022364505,2.8005531382555824,44.6524947,2.85022513404163,1810.74860095978,1.7534952377900477,936.023056507111,978.040397167206,841.467022895813,-63.562929,3.0,316.39599609375,3.84791588783264,36.0400581359863,-216.059997558594,42.2201991081238,13.3981555700302,-1.1344809742041901,0.00899984811865622,-0.789986776397109,-0.5793902650535083,98.4990692138672,216.003982543945,2.0,7.0,3.0,0.0,0.0,24060101.0,44.2383934956287,8.04241882786943,23.94177446365355,34.03133720397949
2024-06-01 19:11:38+00:00,ESP,ESP,-19.27121072053736,-11.870323557631659,0.0,-3.658352626070024,5.1267224246188,13.84471566883665,-10.331900372091852,6.287619006027625,2.5861279723768558,2.991194262095168,-2.198594351371145,6.574300487003818,-0.9152630539126971,12.3688204745821,33.11592664550618,16.695439150555604,70.5712692260742,49.66335639953614,1.0,324.445296368871,0.116852407157421,1242.431640625,3018.826171875,323.621411630428,49.7493896484375,327.28050789334304,3.808536234266782,44.6525955,3.49319203519336,1810.660219192508,1.733903563581406,1049.21734333038,1071.56658172607,897.829711437225,-63.5630305,3.0,325.093414306641,3.84791588783264,36.0400581359863,-217.059997558594,42.2376245260239,13.3923560380936,-1.4009764394021351,-0.55399066716421,3.44594206717568,0.38439354425444,99.4990539550781,217.004043579102,2.0,7.0,3.0,0.0,0.0,24060101.0,43.55343821999776,8.51649201287626,25.366920089721653,35.83887834548951
2024-06-01 19:11:39+00:00,ESP,ESP,-19.305773868303838,-14.024499652037662,0.0,-8.120701248116875,-2.0309903323560596,3.9869108986459842,-10.3321953508866,6.286737911624694,2.416240719839812,2.991194262095168,-2.0257542799898602,6.45762147531823,-1.051346579669438,10.76972582855078,23.292684377415622,16.8173030442175,71.9402412414551,49.97586181640624,1.0,324.378305873492,0.116729106009006,1256.287109375,3032.681640625,323.370087989728,50.0987205505371,328.094502517869,4.680321558935207,44.6526962,4.53496599801932,1810.709333419802,1.7534952843561757,1013.91816139221,1056.56671524048,763.477265834808,-63.5631352,3.0,332.912811279297,3.84791588783264,36.0400581359863,-218.059997558594,42.2356873750687,13.3923560380936,-1.447975664772075,0.166997218072313,1.29697821819137,0.8721853816547147,100.499038696289,218.004104614258,2.0,7.0,3.0,0.0,0.0,24060101.0,41.41426805119828,8.70687841334849,25.06861896514895,38.16963286399842
2024-06-01 19:11:40+00:00,ESP,ESP,-19.216330150556338,-14.6712364334131,0.0,-9.464528246089555,-3.86856629730652,1.7704009664179778,-10.3394097381974,6.287031609759005,2.150409607932526,2.990112488196684,-1.0517535095335835,6.48208661528366,-1.0217986050227523,10.759045120236161,20.9867312343682,15.492123743339459,69.9892890930176,49.49433036804198,1.0,324.335603530801,0.116581705212593,1270.140625,3046.53515625,324.771806731954,49.5199745178223,328.185494297992,4.388326276162106,44.6527977,3.91874206223254,1810.66019535065,1.74369940068573,1030.96926212311,1091.4101600647,872.571051120758,-63.5632381,3.0,342.129699707031,3.84791588783264,36.0400581359863,-219.059997558594,42.2318160533905,13.3942902088165,-0.6904884225497715,3.33394382681698,6.85288503485106,-0.43519270568198554,101.4990234375,219.004165649414,2.0,7.0,3.0,0.0,0.0,24060101.0,39.584563508408365,8.6826636851935,23.52587242126465,39.216381252513195
2024-06-01 19:11:41+00:00,ESP,ESP,-19.212266529509655,-16.01188611276126,0.0,-12.38732414006258,-8.628542632248159,-5.291819388014478,-10.34132389871235,6.287031609759005,1.3965591959833261,2.9908333719748983,-1.8403049857096399,6.482355127095408,-1.031286548864864,11.507475222126079,13.920447013429117,15.18434449103602,68.5559097290039,48.884852142333976,1.0,324.321669944894,0.116418801248074,1283.771484375,3060.166015625,322.12860548543,48.9234340667725,326.8750268830765,4.31932736365718,44.6528974,4.74426220409555,1810.6503963470482,1.7436994239687942,1181.7524433136,1202.32939720154,973.922431468964,-63.5633407,3.0,349.642395019531,3.84791588783264,36.0400581359863,-220.059997558594,42.2511756420136,13.3923560380936,-0.923984522463885,1.22597957570786,3.96293381304934,-0.959583964673925,102.499008178711,220.00422668457,2.0,7.0,3.0,0.0,0.0,24060101.0,38.70922149079566,8.4366599080835,22.120606899261503,39.6554951804025
2024-06-01 19:11:42+00:00,ESP,ESP,-19.204138262887877,-16.217418799227424,0.0,-12.730786178892178,-9.360229037651976,-4.498638270880773,-10.34029382080815,6.28688476069185,1.8293918268476663,2.99083418305986,-0.552669812632393,6.483161601681658,-1.0323708413956039,13.0806313710106,14.705499735875,14.031046046847678,67.0615837097168,48.61319595336912,1.0,324.328882624658,0.116268798708916,1297.330078125,3073.724609375,323.633596687907,48.6975929260254,327.8374824994015,3.085148295261112,44.6529953,4.21481880992154,1810.6700420379643,1.684924331493678,1097.51427173614,1151.67474746704,940.832912921906,-63.5634443,3.0,358.690307617188,3.84791588783264,36.0400581359863,-221.059997558594,42.241495847702,13.3942902088165,-0.913484654079725,1.56897374657932,1.41597622851057,0.920584577025017,103.498992919922,221.004287719727,2.0,7.0,3.0,0.0,0.0,24060101.0,37.566842982297615,7.96165696357591,20.6992146492004,40.71638583014993
2024-06-01 19:11:43+00:00,ESP,ESP,-19.230557776106938,-15.70908026270196,0.0,-11.81600835655918,-7.56873837873987,-4.431987633441386,-10.34250210634415,6.287325307893315,2.4220121443111085,2.99083418305986,1.300244435996818,6.482355297850137,-1.034539511834448,13.31599422565792,14.798570454826528,12.30045916023618,65.665461730957,47.63304244995116,1.0,324.336095304421,0.115992008149624,1310.708984375,3087.103515625,325.654540380287,47.6461738586426,326.84754220185596,3.129747466861912,44.6530946,1.62948644786129,1810.699510574342,1.782882818952204,1082.20946788788,1094.77198123932,941.265821456909,-63.5635412,3.0,366.188812255859,3.84791588783264,36.0400581359863,-222.059997558594,42.2511756420136,13.3846238255501,-1.705971386434765,-3.43694222572713,-0.407993159179793,-1.4923749679622893,104.498977661133,222.004348754883,2.0,7.0,3.0,0.0,0.0,24060101.0,37.08884790266936,7.4901980334739,21.3583737373352,39.21917289733888
2024-06-01 19:11:44+00:00,ESP,ESP,-19.20008147203034,-16.01662660555468,0.0,-12.340059743270285,-8.413526228119387,-3.3328021393528857,-10.3441221418379,6.287031609759005,3.3749657722173523,2.989751640765096,1.8266467418037298,6.4828927483604515,-1.0315575152758458,11.973624192412581,15.867278884446302,11.919939417800482,64.6454635620117,46.60169609069824,1.0,324.318910548469,0.115509197115898,1323.822265625,3100.216796875,324.53895192277,46.7217430114746,324.418549348081,1.7115712877805311,44.6531924,0.621802973039066,1810.8370780944838,3.9869794622063615,739.909112453461,836.009979248047,673.514783382416,-63.5636348,3.0,374.184204101562,3.84791588783264,36.0400581359863,-223.059997558594,42.2550469636917,13.3382305502892,-0.43949260925229655,3.4749419831745,-1.85796876203779,-2.62555592237967,105.498962402344,223.004409790039,2.0,7.0,3.0,0.0,0.0,24060101.0,37.68080332256144,6.92378410598308,20.46952657699585,37.496103572845435
2024-06-01 19:11:45+00:00,ESP,ESP,-19.11678150944126,-13.099149209133643,0.0,-6.279254073351107,1.5041215059525381,9.630437126878478,-10.33999926890015,6.287031609759005,3.5967922591467483,2.9890299032132375,0.9761036149469926,6.480742434055005,-1.033726164370346,13.10809658619164,28.747218124055543,13.34768971850138,62.0497650146484,45.26042541503906,1.0,324.312107680056,0.115023905038834,1336.556640625,3112.951171875,321.505036534964,45.3460556030273,321.893605996846,0.9335843746866808,44.6532847,0.938916436567446,1810.758471488952,4.17310819029808,1007.57074356079,890.221953392029,835.341572761536,-63.5637311,3.0,381.048309326172,3.84791588783264,36.0400581359863,-223.960006713867,42.2511756420136,14.1810521483421,0.0019999672676343505,-0.181996967160109,0.826986177935333,-2.3873599479533296,106.498947143555,224.004470825195,2.0,7.0,3.0,0.0,0.0,24060101.0,41.89694659154039,6.3630341128615,20.83152952194215,32.056758499145516
2024-06-01 19:11:46+00:00,ESP,ESP,-19.0924107114637,-11.63308598681192,0.0,-2.85580638043322,6.415079556695441,16.675780158577037,-10.345888599512001,6.28717845882616,3.9156457667270423,2.9897516407650953,0.6503854470857175,6.653609740815609,-0.7092400452414653,13.89124112453816,35.76819257758804,15.90145937086452,62.4059211730957,44.57856033325196,1.0,324.304813038022,0.114586906135082,1349.033203125,3125.427734375,318.955518163095,44.6878440856934,319.46014619935397,1.908368002215714,44.6533718,1.26828864891297,1810.7093095779442,4.26127100363374,1149.31905269623,1029.06894683838,967.86379814148,-63.5638314,3.0,389.558197021484,3.84791588783264,36.0400581359863,-224.960006713867,42.2608554363251,19.4448202848434,-0.04149930725475825,-0.270995465963499,2.00696635057386,-2.691954923377034,107.498931884766,225.004531860352,2.0,7.0,3.0,0.0,0.0,24060101.0,46.10756150540518,6.27181949781692,22.966347312927248,27.573379369882424
2024-06-01 19:11:47+00:00,ESP,ESP,-19.110686590135362,-11.63686564274388,0.0,-3.10460494288554,6.121849887984592,15.55147586741538,-10.342649809184952,6.28776585509478,4.154064362631644,2.9908340123051316,-0.802210707257741,6.7616851900905575,-0.4877652009965344,11.53303464377392,34.662162286796026,18.483900962080277,64.2490768432617,44.626219024658205,1.0,324.2994035282,0.114182603359222,1361.359375,3137.75390625,314.005215618723,44.6981575012207,316.26368596968,4.016332701556008,44.6534534,2.78245130134171,1810.787963867188,4.10453723743558,1142.07029342651,1183.40027332306,1018.23425292969,-63.5639377,3.0,397.092590332031,3.84791588783264,36.0400581359863,-225.960006713867,42.2627925872803,19.4583520293236,-1.4494756917076899,-1.65697219629848,2.09196463970008,-2.957550436446634,108.498916625977,226.004592895508,2.0,7.0,3.0,0.0,0.0,24060101.0,48.23695289236994,6.2070637549565,24.63908443450925,26.58900342668804
2024-06-01 19:11:48+00:00,ESP,ESP,-19.11678116793182,-11.939509788074579,0.0,-3.633311188893372,5.3487897824381445,14.79678350658492,-10.342355257277,6.287031609759005,3.799141864016298,2.990112488196684,-2.51748254350582,6.765180795530403,-0.525987884079022,10.030832036780009,33.91356604055454,20.06426261902972,64.9737144470215,45.896675949096675,1.0,324.294786320321,0.113831301033497,1373.93359375,3150.328125,310.703174324859,45.9896587371826,315.51020682120054,4.450525393838828,44.6535305,4.65512695476641,1810.738825798036,4.231883306056259,1022.37153053284,1197.96407222748,906.938433647156,-63.5640549,3.0,406.798187255859,3.84791588783264,36.0400581359863,-227.059997558594,42.2550469636917,19.4622173905373,-1.694971580219875,0.726987832896409,1.22997939851884,-0.1181980137404868,109.498901367188,227.004653930664,2.0,7.0,3.0,0.0,0.0,24060101.0,50.764909723067035,6.07833304523515,23.77277641296385,26.38636775383583
2024-06-01 19:11:49+00:00,ESP,ESP,-19.139123058216356,-12.59352789261472,0.0,-5.133639421224294,2.918374947311016,10.920772729969922,-10.331753096137799,6.287031609759005,2.87251904224728,2.990112488196684,-1.5797311878003906,6.764374235566788,-0.5249035595317709,8.526722099460374,30.05989544667682,19.81835292777556,64.443864440918,46.69501739501952,1.0,324.388387232707,0.113346800208092,1386.810546875,3163.205078125,311.26398749723,46.8016651153564,316.8211933304925,4.692321432910637,44.6536072,5.24725825202962,1810.719132423402,4.21229163184762,987.504303455353,1129.35590744019,895.305752754211,-63.5641779,3.0,416.733001708984,3.84791588783264,36.0400581359863,-228.059997558594,42.2550469636917,19.4641515612602,-2.08796503033251,-0.471992111744092,-0.0429992758269368,1.772570223826202,110.498886108398,228.00471496582,2.0,7.0,3.0,0.0,0.0,24060101.0,51.966271696180584,6.24681588281279,22.307843112945548,27.175040884578944
2024-06-01 19:11:50+00:00,ESP,ESP,-19.10459713498086,-13.044155258012362,0.0,-5.936222934080758,1.6409229379519001,9.803913003494138,-10.33528771903335,6.286737911624694,3.4164452122260656,2.990112488196684,-0.865253273255681,6.7033458976911735,-0.7406856278664816,10.891031695757475,28.90850996772024,18.169497109300842,62.3096946716309,46.966970214843734,1.0,324.515292147486,0.112881705164909,1399.833984375,3176.228515625,315.098264451979,47.1311210632324,317.90366903091297,3.3447439780647037,44.6536883,2.85902690000425,1810.807609558106,4.222087655216458,870.839774608612,977.578818798065,762.65549659729,-63.5642974,3.0,425.714385986328,3.84791588783264,36.0400581359863,-229.059997558594,42.2724723815918,23.4733521938324,-1.537974239340135,1.82396936100994,0.702988202339424,0.6525890315306075,111.498870849609,229.004776000977,2.0,7.0,3.0,0.0,0.0,24060101.0,53.8446536311474,6.77249797718824,20.7045970916748,27.319097557067884
2024-06-01 19:11:51+00:00,ESP,ESP,-19.27336632823946,-13.2701698034974,0.0,-5.8357224207274525,1.9572569168134233,10.420851889332276,-10.3355809902808,6.287325307893315,3.43844772748625,2.989751384633004,-1.0701410191094936,6.645275629367728,-0.8512874894102209,14.122026557158398,29.694219071345362,17.84902019382088,61.4760589599609,46.98952239990232,1.0,324.686101518249,0.112422108650208,1412.876953125,3189.271484375,315.895347528119,47.0632736206055,318.251667169125,2.611756208180578,44.6537728,2.30678945702261,1810.719180107118,4.19269986450672,951.284050941467,981.990873813629,776.265978813171,-63.5644126,3.0,435.836608886719,3.84791588783264,36.0400581359863,-230.059997558594,42.2550469636917,23.4888166189194,-1.18298011978804,0.896984944757385,0.794986634952117,0.31179476053713684,112.49885559082,230.004837036133,2.0,7.0,3.0,0.0,0.0,24060101.0,55.50493874666976,7.68398245305821,20.58992471694945,26.25814922332762
2024-06-01 19:11:52+00:00,ESP,ESP,-19.749645322838756,-13.961225804095019,0.0,-6.936363777641679,0.5954091370624093,8.146489054215085,-10.33425636046865,6.28717845882616,3.117790452323516,2.990473335628272,-0.6199141589292925,6.645006861423887,-0.8431548898871926,13.92213953430544,27.896134206299102,17.854427313077345,62.1234489440918,47.24965873718262,1.0,324.896799193766,0.111980610340834,1425.955078125,3202.349609375,316.29190831133,47.3563201904297,318.768152413783,3.4913415235037917,44.6538584,2.30017292470758,1810.6307268142723,4.202495701611039,920.905113220215,1011.68262958527,829.553067684174,-63.5645267,3.0,444.523284912109,3.84791588783264,36.0400581359863,-231.059997558594,42.2666639089584,23.510080575943,-1.702471448093665,-1.0369825851232,1.49597492588605,0.706788135395478,113.498840332031,231.004898071289,2.0,7.0,3.0,0.0,0.0,24060101.0,55.252621313445715,8.5830035412402,21.174331283569302,26.066386890411383
2024-06-01 19:11:53+00:00,ESP,ESP,-19.81082469327236,-14.89965110737246,0.0,-8.765962452499503,-1.9772051886477002,5.225996678892256,-10.33469776144375,6.28717845882616,3.8197013310595898,2.990112488196684,-0.3866579027087075,6.645275714745092,-0.8431549966088985,12.09225996791802,25.03682167632148,16.49211671330486,62.701522064209,47.27779541015624,1.0,325.176700345953,0.111953499913216,1439.12890625,3215.5234375,317.666497542174,47.4435207366943,319.4986548058945,3.207146188696798,44.6539459,1.8116950841846,1810.768270492556,7.425383850932116,747.598469257355,864.790916442871,648.91904592514,-63.5646395,3.0,453.482696533203,3.84791588783264,36.0400581359863,-232.059997558594,42.2627925872803,23.5139474272728,-1.182480235318158,2.40295958775345,0.425992868757319,0.5913900696598301,114.498825073242,232.004959106445,2.0,7.0,3.0,0.0,0.0,24060101.0,51.892342411623304,9.16408273865268,20.44177322387695,28.84648061899037
2024-06-01 19:11:54+00:00,ESP,ESP,-19.7985849942797,-13.938902013811779,0.0,-6.874630649621085,0.8413368642848645,8.56886265909206,-10.345889026398801,6.287325307893315,3.4063459237645537,2.990112061309862,1.7583514134885099,6.666246017666959,-0.8442393425004908,11.614286061876179,28.367447994881218,15.53055175364776,60.8534568786621,46.1325963592529,1.0,325.522307917956,0.111833001673222,1452.1171875,3228.51171875,318.896232121099,46.232844543457,318.9186488019555,3.4097428329708963,44.6540339,0.664210923904587,1810.768294334412,8.08169040828943,922.156929969788,914.673089981079,771.310746669769,-63.564748,3.0,463.121002197266,3.84791588783264,36.0400581359863,-233.059997558594,42.274409532547,23.512014746666,-0.4199929877984985,0.401993238200333,-0.757987286774746,-1.3737768905654053,115.498809814453,233.005020141602,2.0,7.0,3.0,0.0,0.0,24060101.0,51.264982023149514,9.37763714078959,20.1222032546997,30.54632492065432
2024-06-01 19:11:55+00:00,ESP,ESP,-19.757803300783415,-13.57116736097394,0.0,-6.018581013583313,2.1354384629299235,10.989409130184647,-10.34294350731925,6.287325307893315,4.077236943432141,2.99083418305986,1.973744630616035,6.6985068794189475,-0.5243614506189981,12.34898475145872,30.7472115771944,16.40406737867638,60.9787147521973,45.432189788818356,1.0,325.921600776834,0.111640405654907,1464.80859375,3241.203125,315.130311699564,45.5915794372559,315.2167135925655,3.096348097952638,44.6541183,1.2226799540085,1810.7584714889558,8.091501519083973,1016.94130897522,977.153956890106,765.25866985321,-63.5648568,3.0,471.310913085938,3.84791588783264,36.0400581359863,-234.059997558594,42.2686010599136,23.5197469592094,-0.5819902272538845,0.482991864598133,1.05098233848761,-4.1021311900321775,116.498794555664,234.005081176758,2.0,7.0,3.0,0.0,0.0,24060101.0,51.39801498365169,9.37760469739103,21.166923236846948,29.105833196640017
2024-06-01 19:11:56+00:00,ESP,ESP,-19.76595718061456,-13.11733100194948,0.0,-5.174598955771121,3.4415752977876237,11.85133972985253,-10.3441217149511,6.28805955322909,3.4308730903853863,2.989751598076414,-0.515369362502373,6.725122419067196,-0.5257167575854842,11.57118022576006,31.617295715183964,17.6532498967354,61.310920715332,45.09658905029296,1.0,326.246307969977,0.111693010479212,1477.3671875,3253.76171875,310.203341081397,45.1733196258545,311.911762638114,3.738337300213364,44.654196,1.84526589084204,1810.689663887024,8.111093193292618,1102.75483131409,1076.42781734467,889.872193336487,-63.5649724,3.0,469.05029296875,3.84791588783264,36.0400581359863,-234.960006713867,42.27634370327,23.5139474272728,-0.7759869696718454,-1.32897776117459,-0.350994136658552,-2.4737585245769855,117.498779296875,235.005142211914,2.0,7.0,3.0,0.0,0.0,24060101.0,52.029754889421284,8.86932421747349,21.90727729797365,27.841331796085115
2024-06-01 19:11:57+00:00,ESP,ESP,-19.82918219270464,-15.12020013548366,0.0,-9.329230907122803,-3.3435242343449856,2.115801573016605,-10.3432380592272,6.28629736442323,3.25232946953768,2.989751598076414,-0.6987168461583981,6.68775325883495,-0.8084563336204231,10.074700292762243,21.944984064542002,17.62980663844714,62.1700859069824,45.174732055664066,1.0,326.485992968331,0.111926704645157,1489.91796875,3266.3125,309.506934993623,45.3521221160889,312.4672755836895,4.652121842286336,44.6542687,2.77663326082932,1810.738801956178,8.081705681979654,967.92334318161,1043.17045211792,836.91394329071,-63.5650941,3.0,458.221008300781,3.84791588783264,36.0400581359863,-235.960006713867,42.274409532547,23.5158801078796,-1.39147666012285,0.816986300742758,3.38694310656852,1.1593805462173468,118.498764038086,236.00520324707,2.0,7.0,3.0,0.0,0.0,24060101.0,49.990866241034844,8.07407675467244,21.49940557479855,29.39544239044191
2024-06-01 19:11:58+00:00,ESP,ESP,-19.83938854438136,-19.3777131772465,0.0,-18.33845993842238,-17.21397823309708,-17.707810643108537,-10.348686842637601,6.286444213490385,3.2902023562212124,2.989029860524556,1.01235217592419,6.6460819331992464,-0.8458658133131116,9.83857450598466,2.1315779199491107,13.506522181800722,60.4099868774414,43.87958129882812,1.0,326.704586342528,0.111934302002192,1502.361328125,3278.755859375,311.929521129956,44.0306591033936,313.228746053498,4.029732422801834,44.6543422,1.32778781415513,1810.8076333999659,8.120896667242047,877.746522426605,961.011528968811,712.109684944153,-63.5652126,3.0,446.305114746094,3.84791588783264,36.0400581359863,-237.059997558594,42.2724723815918,23.5158801078796,-0.166997198061993,2.76995354926446,-1.38097684509954,0.5621905547227339,119.498748779297,237.005264282227,2.0,7.0,3.0,0.0,0.0,24060101.0,41.48089313145716,6.82533375928652,18.88047523498535,36.3064039377066
2024-06-01 19:11:59+00:00,ESP,ESP,-19.84550156368852,-18.99789387071018,0.0,-17.529244738768682,-16.11888444120408,-14.313515008653237,-10.3548711520442,6.28688476069185,3.3540450308556524,2.9890299032132375,1.904922950847895,6.649576855620177,-0.844510383616664,11.64632921134838,5.531986832511724,9.957502442831839,56.0799453735352,41.17889945983888,1.0,326.944080095585,0.111643101274967,1514.189453125,3290.583984375,313.919701650315,41.2613800048828,313.8422336447485,3.0195493655476495,44.6544153,-0.102906791665946,1810.7977867126497,8.12089666724205,1108.1634759903,1008.60047340393,794.925808906555,-63.5653214,3.0,436.332885742188,3.84791588783264,36.0400581359863,-237.960006713867,42.2724723815918,28.7777155637741,0.549490773120362,0.150997459920918,-0.521991230902701,0.5179912997024854,120.498733520508,238.005325317383,2.0,7.0,3.0,0.0,0.0,24060101.0,34.49742495420452,4.36168068368151,17.004176044464103,37.33661875043596
2024-06-01 19:12:00+00:00,ESP,ESP,-19.794512152477644,-19.938416042062777,0.0,-19.60833622211926,-19.3130104537295,-19.4889332456153,-10.3545766001363,6.28717845882616,3.856491760825724,2.9893907506448256,3.9301538142317503,6.716250259467442,-0.1348152454221159,12.96237825685348,0.30557959521732936,9.895174063825074,53.1543102264404,38.57407814025878,1.0,327.198791510114,0.11107320562005,1525.265625,3301.66015625,313.976774711019,38.6493186950684,313.149775406314,1.8101696788273536,44.6544852,-0.252412362181319,1810.787987709044,8.111093193292618,1105.2131652832,981.419920921326,820.913910865784,-63.5654215,3.0,425.146087646484,3.84791588783264,36.0400581359863,-239.059997558594,42.27634370327,28.7835150957108,0.5964899984903076,0.271995421666244,-3.58393984949685,-1.257978786019506,121.498718261719,239.005386352539,2.0,7.0,3.0,0.0,0.0,24060101.0,34.01015447768336,1.96902422284761,16.43519582748415,34.32563479287284
2024-06-01 19:12:01+00:00,ESP,ESP,-19.788387521848882,-17.89130111384,0.0,-15.044846244220219,-12.549589627193471,-8.255451062044298,-10.35207376269225,6.2862973644232305,5.490796586981338,2.988669013092968,1.649077428097812,6.740983911244625,-0.07951431590089124,16.66943832793266,11.53293645980457,10.681215968417499,50.3881004333496,36.4158441925049,1.0,327.431782923081,0.110604201257229,1535.662109375,3312.056640625,312.052300610477,36.4800819396973,311.3913022233595,0.10199828846092687,44.6545499,-0.541523277412263,1810.866570472716,8.062114007771017,1092.07022190094,883.340120315552,851.394414901734,-63.5655169,3.0,416.397613525391,3.84791588783264,36.0400581359863,-240.059997558594,42.2821521759033,28.795114159584,0.557490658866166,-1.26497878192986,-2.3369609639075,-1.4313759438712053,122.49870300293,240.005447387695,2.0,7.0,3.0,0.0,0.0,24060101.0,36.00967937984518,359.785405474191,16.6093523025513,30.122251281738283
2024-06-01 19:12:02+00:00,ESP,ESP,-19.78838752184886,-18.429204124187898,0.0,-16.52008360588038,-14.3726863034709,-13.30560021453374,-10.35001189933655,6.28747215696047,7.202650228378852,2.989029860524556,0.9650697911883795,6.7420596660389,-0.1071647315945318,16.7533608622646,6.482787221937779,12.7887507500382,49.4966972351074,34.5197811126709,1.0,327.800094043885,0.111012607812881,1545.53125,3321.92578125,312.213329150349,34.5975402832031,312.29326968439455,0.9673837899100718,44.6546098,-0.0701258323529986,1810.837101936344,8.071909844875336,1022.44973182678,821.923077106476,775.717258453369,-63.5656092,3.0,406.700805664062,3.84791588783264,36.0400581359863,-241.059997558594,42.2802150249481,28.8028448820114,0.7744869694166615,1.23997922235056,0.179996989053551,1.318177866058964,123.498687744141,241.005508422852,2.0,7.0,3.0,0.0,0.0,24060101.0,38.656144090755504,358.280742120794,17.5742205619812,26.352249649592807
2024-06-01 19:12:03+00:00,ESP,ESP,-19.78226835537146,-17.81238305911292,0.0,-14.82288558676232,-11.80356238585357,-7.779197168390215,-10.35045415408535,6.28659106255754,7.169826729793982,2.989029860524556,-1.1783621948726524,6.743403932644922,-0.1049961118484984,14.470302854824519,12.003070930849168,13.175269447621961,47.2222492218018,32.377586517334,1.0,328.148788861392,0.111436906456947,1554.82421875,3331.21875,312.578744270944,32.4264701843262,313.69323989819395,0.9343843392488782,44.6546668,0.417134913816605,1810.8174324035658,8.062106370925903,1037.35220432282,824.0567445755,738.622307777405,-63.5656954,3.0,398.967895507812,3.84791588783264,36.0400581359863,-242.059997558594,42.2705352306366,28.8009136915207,1.1299810534799102,-0.219996324401078,0.150997459920918,1.9283676071904767,124.498672485352,242.005569458008,2.0,7.0,3.0,0.0,0.0,24060101.0,37.61232247990506,357.146138416628,17.2701335906982,25.344099738381114
2024-06-01 19:12:04+00:00,ESP,ESP,-19.78838786335832,-19.562328409379525,0.0,-19.15507394049456,-18.55840347026368,-19.0927404388459,-10.3567853125591,6.287031609759005,4.73406029204176,2.988308122972698,-2.541649246893205,6.7452860766480836,-0.1483693965613886,11.82409120242294,0.6956478220507962,14.0116416501704,45.595764541626,30.414733428955078,1.0,328.47180216762,0.111849101632833,1563.53515625,3339.9296875,315.265768011184,30.5041648864746,318.43567246536554,0.8799852228991171,44.654722,1.95900134712744,1810.6307506561302,3.6539206048473725,893.36109161377,707.427620887756,572.046160697937,-63.565774,3.0,390.226501464844,3.84791588783264,36.0400581359863,-243.059997558594,42.27634370327,28.8047790527344,0.685988448464644,-0.168997156158231,-1.02998270844099,5.344310288248357,125.498657226562,243.005630493164,2.0,7.0,3.0,0.0,0.0,24060101.0,36.33272547098146,356.388998286754,16.69329814910885,24.610514488220225
2024-06-01 19:12:05+00:00,ESP,ESP,-19.78430853287654,-20.156185012427063,0.0,-20.021974527312,-20.13936362253918,-19.973196048335403,-10.3688593794644,6.287325307893315,1.2035879531083926,2.9886693546024263,-0.8158709121749965,6.626455811506036,-0.8811066012226154,14.474498469276938,-0.18888729868040374,12.25932041860102,42.6866638183594,28.30591358184814,1.0,328.775308453579,0.112189205735922,1571.736328125,3348.130859375,318.96568148458,28.3802141189575,321.183116059003,-1.5317743485644653,44.6547768,1.70288675561171,1810.93535423279,0.8424736442975697,435.566604137421,224.409699440002,246.027246117592,-63.5658439,3.0,383.005004882812,3.84791588783264,36.0400581359863,-244.059997558594,42.274409532547,28.8028448820114,0.5479908262260305,-2.43195950375227,-5.78390280002294,1.7681703440289265,126.498641967773,244.00569152832,2.0,7.0,3.0,0.0,0.0,24060101.0,30.62660170626408,355.780838243056,15.750235176086449,24.529084616441
2024-06-01 19:12:06+00:00,ESP,ESP,-19.77818936639914,-20.1785883744142,0.0,-19.956357582974583,-20.018351111957298,-19.83189855893754,-10.37489683980385,6.28717845882616,0.9229677954450775,2.989390793333508,-2.19649353459284,6.609787930119722,-0.8792089932442861,16.08885209942354,-0.053709273913695954,12.202625067357499,40.2221969604492,25.706944541931136,1.0,329.054280700039,0.112499503791332,1579.24609375,3355.640625,320.228938631952,25.7666679382324,322.95910184699,-2.331760927448956,44.654829,2.23809952520026,1811.004114151004,0.0,311.545222997665,71.1248368024826,148.975729942322,-63.5659051,3.0,375.918304443359,3.84791588783264,36.0400581359863,-245.059997558594,42.274409532547,28.810578584671,0.867985482325819,0.813986300232389,0.153997420410648,2.117764441318016,127.498626708984,245.005752563477,2.0,7.0,3.0,0.0,0.0,24060101.0,28.66822186366244,355.079350494539,15.7429472923279,23.34910193356598
2024-06-01 19:12:07+00:00,ESP,ESP,-19.765954790048358,-20.186739180660204,0.0,-19.8887270988699,-19.874899039385742,-20.02440573314704,-10.37813563013095,6.287472156960471,0.9168359717733576,2.987947446295838,-4.710825226457165,6.613283364804841,-0.8789379094394306,15.71158455156112,-0.25845094576674,13.07119887976686,39.4432525634766,23.17322811126708,1.0,329.307298227653,0.11278540045023,1586.02734375,3362.421875,323.657529670759,23.2702909469604,326.667525736092,-1.5813734854419779,44.6548776,2.03738523837274,1811.4953517913818,0.0,232.998818159103,3.75728635117412,84.2955186963081,-63.5659579,3.0,368.651885986328,3.84791588783264,36.0400581359863,-245.960006713867,42.2705352306366,28.8028448820114,0.4164930094367565,0.769987075372813,1.89396812783199,4.191929650729726,128.498641967773,246.005813598633,2.0,7.0,3.0,0.0,0.0,24060101.0,27.963853824372485,354.614761027194,17.776496028900148,20.57659595489504
2024-06-01 19:12:08+00:00,ESP,ESP,-19.721102303806703,-20.205076872543863,0.0,-19.890776155620898,-19.87080195041208,-19.963006089112678,-10.380933873256499,6.287031609759005,0.9081794220357953,2.98794727554111,-9.83772764790493,6.614089497881632,-0.8800223193640466,15.471262638066941,-0.24190383266372292,12.64134297340882,38.4104381561279,20.6480834197998,1.0,329.546600735414,0.113042503595352,1592.1171875,3368.51171875,328.406205030832,20.8504011154175,332.965916377327,-0.9229845400807131,44.6549237,2.52401978159346,1812.143802642824,0.0,309.926837682724,22.6668436080217,58.112908154726,-63.5660005,3.0,363.125091552734,3.84791588783264,36.0400581359863,-247.059997558594,42.2453671693802,28.8028448820114,0.8374859662782139,0.284995219327909,0.56599050912313,7.278877786214498,129.49870300293,247.005874633789,2.0,7.0,3.0,0.0,0.0,24060101.0,24.161689687025802,354.555857475792,18.81147851943965,18.958380859776533
2024-06-01 19:12:09+00:00,ESP,ESP,-19.81901169952102,-20.10323055579192,0.0,-19.9051195528779,-19.87284998263474,-20.19874016454138,-10.38461491833235,6.287325307893315,0.894833819366972,2.9893907506448256,-12.79860910357675,6.62296157210402,-0.8794799703274357,15.92711082931144,-0.3797284383399342,9.372540624385646,37.6754905700684,17.888023910522456,1.0,329.772789279968,0.113238801062107,1597.48046875,3373.875,339.138727160483,17.9767518997192,342.949740490918,-0.07779869877990442,44.6549673,1.23734276933094,1812.133979797364,0.0,247.351586818695,-35.9496511518955,24.0449607372284,-63.5660304,3.0,357.453094482422,3.84791588783264,36.0400581359863,-247.960006713867,42.007240653038,28.8067102432251,0.8964849535657995,0.370993784321996,1.18498019127609,10.51582344992982,130.498764038086,248.005935668945,2.0,7.0,3.0,0.0,0.0,24060101.0,16.6045110619467,354.499576717031,20.37881813049315,17.152674745258555
2024-06-01 19:12:10+00:00,ESP,ESP,-19.882227490855698,-20.111376239396076,0.0,-19.909216983360977,-19.889238338529278,-20.09615755339696,-10.3897682960611,5.68458843439637,0.043596108962391564,2.9442977990557195,-13.69170628331425,6.63290812046022,-0.8800222233145114,15.135955674351578,-0.2139299798319398,4.195667834606814,36.4250713348389,15.50107864379884,1.0,329.86518807906,0.113297407329082,1602.109375,3378.50390625,349.170581164317,15.591685295105,352.573586314493,1.1803801976083053,44.655008,1.11110913408146,1812.1732711792,0.0,206.89694583416,6.12841174006462,-53.0818700790405,-63.5660458,3.0,352.836608886719,3.84791588783264,36.0400581359863,-249.059997558594,41.9588416814804,28.7293881177902,0.6544890300751465,-0.166997218072313,0.875985261349916,9.22184530695402,131.498825073242,249.005996704102,2.0,7.0,3.0,0.0,0.0,24060101.0,6.667572376370748,354.451574147544,21.0907871246338,15.27708721160887
2024-06-01 19:12:11+00:00,ESP,ESP,-19.36177595534664,-19.18542730116606,0.0,-19.0893699112452,-19.15069203263252,-19.1255699138463,-10.39197700848395,-1.17388945816787,-0.1987905587117022,-2.286128721752708,-14.0888711113799,6.631563683099465,-0.8843595641921986,9.862224975136844,0.23620609219315075,-6.62937055204566,34.6141330718994,13.464443092346178,1.0,329.889886043098,0.113201102614403,1606.107421875,3382.501953125,359.53820726775,13.5202989578247,181.472465087634,1.404376454210112,44.6550446,-0.34830429610561,1812.2813224792499,0.1763252890668808,230.431169271469,65.259076654911,-80.2549496293068,-63.5660507,3.0,347.736511230469,3.84791588783264,36.0400581359863,-249.960006713867,41.9510960578918,28.7139236927032,0.648989100287273,-0.127997865107958,-0.0459992263115066,8.831851579875316,132.498886108398,250.006057739258,2.0,7.0,3.0,0.0,0.0,24060101.0,-10.75160559281481,354.410647654038,21.392594432830798,13.007080879211422
2024-06-01 19:12:12+00:00,ESP,ESP,1.1743862690526299,1.918735332913472,0.0,2.27551406350181,1.5570104994933116,4.164603963506864,-10.39344976802375,-9.67784871424741,-0.1904943014528584,-4.00218776398305,-14.0079675206611,6.630220184889728,-0.8849017104575685,-6.77186552301543,2.9902178438646336,-14.903551145388558,33.2703128814697,12.30903242111206,1.0,329.897481213456,0.113030299544334,1609.666015625,3386.060546875,9.45448957555693,12.3879715919495,9.62833880738808,1.3811768415761763,44.6550773,-1.79589322809636,1812.389421463014,0.81309376982972,106.613203883171,12.880171649158,-74.9421343207359,-63.5660467,3.0,344.450286865234,3.84791588783264,36.0400581359863,-251.059997558594,41.9317364692688,29.987820982933,-0.18549687631949466,-0.366993828108881,0.554990702908236,7.803868836200669,133.498947143555,251.006118774414,2.0,7.0,3.0,0.0,0.0,24060101.0,-22.56527913458356,354.375677085487,21.494623947143552,11.092184591293327
2024-06-01 19:12:13+00:00,ESP,ESP,20.5609266547164,19.77931737214056,0.0,19.866724327477602,19.43860192313094,20.466140021490624,-10.395658480446599,-11.076449475118,-0.1886906512642988,-4.0083203347067125,-12.4539778217386,6.486387585404022,-1.0247804735153097,-19.619931492763737,-0.09478718284255402,-21.93540865158984,32.4075702667236,11.89616054534912,1.0,329.889312307208,0.112788806855679,1612.98828125,3389.3828125,19.3627239856034,11.9028256416321,16.821218279404498,1.9283676712235,44.6551071,-4.44078921530907,1813.9419078826922,328.5773932933808,62.3002871870995,-25.0797607004642,-90.2083292603493,-63.5660363,3.0,341.606292724609,3.84791588783264,36.0400581359863,-252.059997558594,42.0014321804047,44.4685012102127,-0.597490007553906,-0.873985296583572,1.87796862314465,6.9808828652744594,134.499008178711,252.00617980957,2.0,7.0,3.0,0.0,0.0,24060101.0,-32.072256323345826,354.345815498436,21.51945304870605,9.733339661046085
2024-06-01 19:12:14+00:00,ESP,ESP,20.79661667542492,20.277249432446617,0.0,20.21905519618976,20.11578956612832,19.856319217296,-10.39654170928365,-11.0761557769837,-0.19265843888724882,-3.958176927801886,-8.10459489365768,5.945201644631562,-1.517609357982996,-16.4869728978409,-0.9402975648506444,-26.28273014320186,32.8251605987549,12.913972949981678,1.0,329.874504457088,0.112508904933929,1616.376953125,3392.771484375,25.3942130321897,12.9466976165771,22.6131222191533,2.7575538530904917,44.6551363,-4.28584125134545,1814.010691642762,835.1382613182064,34.0327955782414,21.8397863209248,-70.018120110035,-63.5660195,3.0,339.195587158203,3.84791588783264,36.0400581359863,-253.059997558594,42.0033693313599,44.4820314645767,-1.1469807539938395,-0.938984311572323,1.22797932703079,5.383909846754067,135.499069213867,253.006240844727,2.0,7.0,3.0,0.0,0.0,24060101.0,-39.32687071630752,354.320325232454,21.508507919311498,9.408230142032396
2024-06-01 19:12:15+00:00,ESP,ESP,20.43577812308262,20.18961161671566,0.0,20.09794672145002,19.95995914172394,19.966900662977423,-10.39816174477745,-11.075715229782201,-0.1143879768069376,-3.782494729329592,-4.254820026239135,5.259108203352774,-0.7358061620677653,-12.116929245162279,-0.46887717729268097,-26.147291248564564,34.7913425445557,14.976400108337401,1.0,329.867483022621,0.112213405966759,1620.23828125,3396.6328125,29.6448549036475,15.0497966766357,25.87306564206825,4.242329018973697,44.6551677,-4.78599167171657,1810.7978343963623,1275.0275850296,-4.21620672568679,75.1077309250832,-59.6114657819271,-63.5659959,3.0,337.160705566406,3.84791588783264,36.0400581359863,-254.059997558594,42.0266002416611,44.5361584424973,-1.064982198573722,1.38397679224906,2.79995302075963,2.923550971385758,136.499130249023,254.006301879883,2.0,7.0,3.0,0.0,0.0,24060101.0,-40.69718902986291,353.14974009174,21.48695583343505,10.828628654479967
2024-06-01 19:12:16+00:00,ESP,ESP,20.155421055768404,20.12035520607902,0.0,20.04461592139166,19.8349946836883,19.85833651366736,-10.3988976976605,-11.06998768927635,0.9705795713896951,-3.524562880607816,0.7601820453345685,4.288306864258464,0.27180931902168143,-14.27486706625362,-0.297085171759105,-26.439994907331936,36.5579063415527,17.14567428588868,1.0,329.869204230292,0.111900103837252,1624.693359375,3401.087890625,32.0166893193532,17.2119300842285,27.22754338090055,5.718504080229524,44.6552027,-5.14952336764862,1802.3974180221562,1678.358244895934,80.8211714029312,209.586635231972,-81.184096634388,-63.5659659,3.0,334.810211181641,3.84791588783264,36.0400581359863,-255.059997558594,42.0459598302841,44.5690214633942,-0.8204862390838605,0.782986792993198,0.989983306392398,0.38339354986507546,137.49919128418,255.006362915039,2.0,7.0,3.0,0.0,0.0,24060101.0,-43.375438026075884,351.902629511566,21.4560610771179,12.11753157102146
2024-06-01 19:12:17+00:00,ESP,ESP,20.14928822891264,20.10406281434236,0.0,20.01385616446452,19.9046390490698,20.009952369844378,-10.39933995240925,-11.0604416461376,2.372236158894946,0.23078150659553948,0.22957893306426,2.90509669671071,1.6749347613863033,-15.611896233077498,-0.13933634531903202,-26.364729637772996,37.7078659057617,18.77192001342774,1.0,329.874695702384,0.111535504460335,1629.6953125,3406.08984375,30.7588724176549,18.8620800018311,26.6280534085803,7.016082330539487,44.6552419,-4.40761754783125,1628.198099136352,1836.299109458924,191.612809896469,337.609171867371,17.1657856553793,-63.5659323,3.0,331.104614257812,3.84791588783264,36.0400581359863,-256.059997558594,42.0769363641739,54.9419105052948,-0.7504873922205285,-0.0459992263115066,0.730987762429098,-0.6819885482804232,138.499252319336,256.006408691406,2.0,7.0,3.0,0.0,0.0,24060101.0,-45.55450811094982,350.536892205887,21.412973213195798,12.54307314928841
2024-06-01 19:12:18+00:00,ESP,ESP,20.145198311637643,18.45362341650852,0.0,16.41459030962116,13.987226797472697,10.976156343383316,-10.3986031457525,-11.042230227376201,3.7702857661881963,2.2473403442604702,0.930396709392781,2.197226648678534,2.303304822574122,-16.29776777858562,-9.169042139009035,-26.2942516478033,38.5113990783691,20.189543609619122,1.0,329.891497967743,0.111157507449388,1635.107421875,3411.501953125,28.9987770647722,20.298645401001,25.78206703175615,7.510074054713368,44.6552847,-3.38373313110203,1284.3976974487318,1836.2991094589258,247.469529509544,444.398641586304,43.7840186059475,-63.5658973,3.0,327.940399169922,3.84791588783264,36.0400581359863,-256.959991455078,42.094361782074,60.6212913990021,-0.6489891269677,0.267995518813982,-0.692988378507702,-1.0035831308365628,139.499313354492,257.006469726562,2.0,7.0,3.0,0.0,0.0,24060101.0,-47.942037618349296,348.987450132291,21.274368667602552,12.591725111007692
2024-06-01 19:12:19+00:00,ESP,ESP,20.151331138493397,18.18307245178568,0.0,16.214184363145982,13.674380398578743,11.571860854110861,-10.399044973614451,-11.02842556129,4.885191119410352,2.332836511488502,-0.625693306050021,2.248038389593644,2.2425822637299078,-14.99430711323036,-8.57947045513728,-26.049759903820803,38.5962135314941,21.344974021911618,1.0,329.918791403666,0.110760305821896,1640.884765625,3417.279296875,27.7040651887248,21.4681142807007,25.09457946349045,7.539073501136675,44.6553311,-2.82400019583654,702.1713554859163,1836.191391944886,281.845480203629,442.67937541008,26.1443685740232,-63.5658618,3.0,323.867614746094,3.84791588783264,36.0400581359863,-257.959991455078,42.0962959527969,60.6212913990021,-0.9054847950143485,-0.270995465963499,0.164997239965755,-0.5409909388716543,140.499374389648,258.006530761719,2.0,7.0,3.0,0.0,0.0,24060101.0,-49.98575999161134,347.144091358331,20.5871515274048,12.844497470855702
2024-06-01 19:12:20+00:00,ESP,ESP,20.153375755621443,18.211252446263302,0.0,16.17205404879802,13.836983126299941,11.324291768397819,-7.415083028076685,-11.0313625426331,4.049102412401166,2.3220145463241257,-2.3866701201915,2.247231957696078,2.242040245530588,-14.363366339593679,-8.829084328733087,-26.32233601963252,38.5843894958496,22.02870643615722,1.0,329.956985821505,0.110351108014584,1646.921875,3423.31640625,27.0998905604076,22.2560279846191,25.5600722233524,7.681271209467171,44.6553799,-2.31005044546447,60.994313657283826,1836.348080635072,222.238883376122,447.614341974258,128.303706645966,-63.5658259,3.0,319.848114013672,3.84791588783264,36.0400581359863,-258.959991455078,42.0982331037521,60.6193602085114,-0.685988501825497,-0.038999346294248,-0.340994286146404,0.7505874269776796,141.499435424805,259.006591796875,2.0,7.0,3.0,0.0,0.0,24060101.0,-52.3786682729822,345.264751147824,20.561513042449953,12.341229743957523
2024-06-01 19:12:21+00:00,ESP,ESP,20.141114200023416,17.8961539632453,0.0,15.26463012038966,12.410216372839505,9.0626681752337,2.029050593316328,-11.03018775009585,2.992629797103976,2.326342922578528,-4.187049181746975,2.24803851765969,2.2398714043370163,-15.446341326842319,-11.07844593941237,-26.846861079962583,38.5765720367432,22.443333206176757,1.0,330.003103258781,0.109893402457237,1653.091796875,3429.486328125,29.1867199650689,22.4497117996216,27.8470338546579,8.100464336757138,44.6554295,-2.16650100000855,5.649438034743069,1836.259937286378,321.400970220566,473.32826256752,96.2709859013558,-63.5657887,3.0,315.345886230469,3.84791588783264,36.0400581359863,-260.059997558594,42.1001672744751,60.6232225894928,-1.050982391848459,-1.11498131773233,2.44995897320596,2.640955736457888,142.499496459961,260.006652832031,2.0,7.0,3.0,0.0,0.0,24060101.0,-54.131727164981896,343.378034333013,20.49797601699825,11.899080320504986
2024-06-01 19:12:22+00:00,ESP,ESP,20.13702599029572,16.743740199309183,0.0,13.11091284394116,8.710803552309766,4.537637370381074,6.44425445360306,-11.0300409010287,2.98433337976257,2.3256216972908583,-4.288442059315345,2.247231957696078,2.24204007477586,-16.541905035750197,-15.599388449159921,-27.07826549847642,38.7307445526123,23.29644046783448,1.0,330.054602885122,0.109385707229376,1659.439453125,3435.833984375,31.5718049477644,23.3737461090088,30.996979642310748,8.193862734034099,44.6554794,-1.66691631139978,5.295739416033031,1836.220765113832,266.576856374741,507.99822807312,80.0063386559486,-63.5657476,3.0,311.596984863281,3.84791588783264,36.0400581359863,-261.059997558594,42.1001672744751,60.6212913990021,-1.146980807354695,0.0529991063287652,-0.855985613686473,3.425542554625018,143.499557495117,261.006713867188,2.0,7.0,3.0,0.0,0.0,24060101.0,-56.51824921947882,342.00434668714,20.285201740264903,11.474633502960224
2024-06-01 19:12:23+00:00,ESP,ESP,20.143157109604182,17.52113798724278,0.0,14.73443344172754,11.345237738770745,8.45971000360764,6.444843984305795,-11.02020115975565,2.982891185319322,2.332114902002692,-3.1179591579960197,2.2469630616861904,2.2428535503060063,-16.50681015775684,-11.683447020619166,-28.0837171556265,38.6818141937256,24.14454723358154,1.0,330.008895259197,0.108398701250553,1666.02734375,3442.421875,35.127437505133,24.1413539886475,34.134425330008796,8.092464477691761,44.6555295,-1.8996427343718,5.1581823267042655,1836.4068508148218,372.895568609238,468.907415866852,100.111469626427,-63.5657013,3.0,307.794189453125,3.84791588783264,36.0400581359863,-262.059997558594,42.1001672744751,60.6174230575562,-0.885985111862065,0.0719987849492498,0.488991812258019,3.1021479103976737,144.499618530273,262.006774902344,2.0,7.0,3.0,0.0,0.0,24060101.0,-60.0409472876885,340.666722440085,20.003716564178447,10.597596859931924
2024-06-01 19:12:24+00:00,ESP,ESP,20.58547811119746,19.07175929299872,0.0,16.63857202005448,14.03210592145212,11.378318735487335,6.44499083337295,-11.006247937054951,2.980727253324214,2.334640236382256,-2.1786315226962003,2.2472319150073945,2.2425824344846417,-16.01395975819328,-9.207159546464842,-27.11734715788832,39.0146965026855,24.94073055267334,1.0,329.961903557707,0.107267204672098,1672.86328125,3449.2578125,37.6772734807984,25.0144769668579,36.3198929115688,8.468858102849863,44.6555791,-1.97792097112838,5.187657196074728,1836.3382816314702,370.498567819595,469.323515892029,93.3065637946129,-63.5656489,3.0,304.098907470703,3.84791588783264,36.0400581359863,-263.059997558594,42.1040415763855,60.6174230575562,-0.5134914073261639,1.32697768968654,1.33797749590143,1.8603687624460878,145.49967956543,263.0068359375,2.0,7.0,3.0,0.0,0.0,24060101.0,-59.643264987415854,339.824450832395,19.3885714530945,11.371232242584218
2024-06-01 19:12:25+00:00,ESP,ESP,21.46132487978978,20.08166423348768,0.0,17.6502452965195,14.936729984565,12.034607365662321,6.445285598724315,-10.998757780856401,2.980005942659178,2.335000913059114,-0.92882123021118,2.24803851765969,2.241498056576538,-16.78031859439028,-9.426717684882192,-26.614046568894622,38.9336448669434,25.267672004699698,1.0,329.932178574439,0.106048006564379,1679.833984375,3456.228515625,39.6764903414286,25.308589553833,37.98986391835315,8.785452738805585,44.6556285,-2.16048936632188,5.168007127940657,1836.2991094589258,456.604897975922,566.107928752899,128.471925854683,-63.5655931,3.0,300.667297363281,3.84791588783264,36.0400581359863,-264.059997558594,42.0982331037521,55.1062226295471,-0.453992402166566,-0.345994198062265,-0.178996993330166,1.406376440320799,146.499740600586,264.006896972656,2.0,7.0,3.0,0.0,0.0,24060101.0,-59.878336876004525,339.437862125373,19.026707553863503,12.345448815822586
2024-06-01 19:12:26+00:00,ESP,ESP,21.77071127560492,20.134656597672663,0.0,17.67481314545458,14.95135410259692,12.38730245421194,6.445138749657165,-10.994939705110351,2.981809027222698,2.428072784605072,-0.568429953873882,2.246963104374874,2.244750934168752,-16.9973710779106,-9.383409162902437,-26.214121576008,38.9523628234863,25.589364395141597,1.0,329.921987932198,0.104748603701591,1686.90625,3463.30078125,39.8743301858326,25.6359546661377,38.49135519023575,8.662855282826815,44.6556778,-1.7029824849818,5.217131972312929,1836.406874656678,450.951099395752,574.730932712555,232.420176267624,-63.5655353,3.0,297.044586181641,3.84791588783264,36.0400581359863,-265.059997558594,42.1079128980637,45.9163755178452,-0.30699485843812346,0.152997438027476,-0.494991653196199,0.3619939241971476,147.499801635742,265.006958007812,2.0,7.0,3.0,0.0,0.0,24060101.0,-60.35061577031638,339.241016073493,18.857397079467752,12.359716472625738
2024-06-01 19:12:27+00:00,ESP,ESP,21.793441120634363,21.177168178240258,0.0,19.91373754406316,18.078287446143378,16.49413862005388,6.445579296858625,-10.98436571850155,2.980366405892626,2.7170291881503834,-0.415552804549035,2.2469630616861904,2.244208958658114,-16.06049793512208,-5.299302159071004,-25.955269017786083,38.8453491210938,25.587194252014182,1.0,329.945893594293,0.103293907642364,1694.021484375,3470.416015625,40.2691356104269,25.6048135757446,38.654350824588946,8.87185104595693,44.6557272,-1.86266280954488,5.158182140439751,1836.455821990968,498.260498046875,620.919227600098,223.173409700394,-63.5654768,3.0,293.221496582031,3.84791588783264,36.0400581359863,-266.059997558594,46.94983959198,45.9009110927582,-0.0164997226625542,0.424992886374146,0.527991125201734,0.19959665176785363,148.499862670898,266.007019042969,2.0,7.0,3.0,0.0,0.0,24060101.0,-59.89084705048832,339.079277193947,18.6120972633362,12.682152999531134
2024-06-01 19:12:28+00:00,ESP,ESP,21.78517488419136,19.957918281199923,0.0,17.374731174836278,14.2175879045908,10.955475555104918,6.444107604535905,-10.9704133495745,2.981087716557662,2.712339409511524,-0.297348763700214,2.247231786941348,2.2447510195461158,-16.9081083601761,-10.829699499841151,-24.2702558853926,38.6460399627686,25.647361221313464,1.0,329.976410879504,0.101786305010319,1701.140625,3477.53515625,40.3479286726921,25.7180002212524,38.87684935944395,9.194845910674418,44.6557763,-1.76140717609015,5.177832208573822,1836.367678642274,490.475863218308,647.10545539856,182.57999420166,-63.5654177,3.0,290.028015136719,3.84791588783264,36.0400581359863,-266.959991455078,49.0194171667099,45.8989769220352,0.0134997759299193,0.0449992472633877,-0.427992806843237,0.22479621716194184,149.499923706055,267.007080078125,2.0,7.0,3.0,0.0,0.0,24060101.0,-57.592927575942625,339.22754694045,17.536972618103,14.18887710571288
2024-06-01 19:12:29+00:00,ESP,ESP,21.79137430539152,21.11916860237474,0.0,20.1074075579789,18.6179574264296,18.408941001977222,6.445138749657165,-10.9702665005073,2.981087716557662,2.785931069280416,-0.304177898993383,2.2475008110172823,2.2442088732807504,-16.5785244119663,-3.382432743125335,-22.813431859961163,37.5232921600342,25.40317428588866,1.0,329.988404691687,0.100436503440142,1708.244140625,3484.638671875,40.0359768578247,25.4309944152832,39.191342004682596,8.029465374108502,44.6558255,-1.21467486557954,5.168007221072916,1836.446046829224,564.64272737503,591.084182262421,159.652262926102,-63.5653592,3.0,285.980102539062,3.84791588783264,36.0400581359863,-267.959991455078,49.0271627902985,51.5938222408295,0.07249878781352236,0.215996368187963,-1.1089814234333,0.39819332248655637,150.499984741211,268.007141113281,2.0,7.0,3.0,0.0,0.0,24060101.0,-56.648180591078905,339.615829534387,16.496556186676,14.758383636474628
2024-06-01 19:12:30+00:00,ESP,ESP,21.80377451382968,22.100519595529,0.0,22.182408782545018,22.21038352983808,21.68141987107588,6.44499083337295,-10.9707070477088,2.97964547942573,2.824530431959544,-0.3005006025174845,2.246694165676302,2.243666727015378,-14.27982646660998,-0.12235436394331814,-21.405954243735778,36.8230030059814,24.97939693450928,1.0,329.979306879712,0.0992391385138035,1715.244140625,3491.638671875,40.7028594529118,25.011191368103,39.6578370948053,7.129680585399936,44.6558738,-1.31822618964734,5.1188823767006415,1836.40685081482,444.23845410347,462.005585432053,75.8456960320473,-63.5653011,3.0,282.8671875,3.84791588783264,36.0400581359863,-268.959991455078,49.0232914686203,51.5899538993835,-0.015499738611855298,0.241995923490653,-0.181996967160109,0.3757936997612222,151.500045776367,269.007202148438,2.0,7.0,3.0,0.0,0.0,24060101.0,-54.099247566421774,340.228415540667,15.73811416625975,15.580465630122603
2024-06-01 19:12:31+00:00,ESP,ESP,21.805841329072543,22.14593762143386,0.0,22.190731026539204,22.1001497407854,21.65444950310026,6.44425466704647,-10.9710007458431,2.97964505253891,2.787012971244946,-0.5663280965589425,2.247500725639918,2.243395611194012,-11.06981240954676,-0.1513917365928211,-20.86434278217802,36.1074325561523,24.33894241333008,1.0,329.952095406059,0.0982074066996574,1722.1015625,3498.49609375,41.1163420297915,24.3570379257202,40.15682680990435,6.41549244163077,44.6559208,-1.4191425547994,5.168007221072914,1836.3872766494758,419.359236955643,424.135208129883,121.115952730179,-63.5652436,3.0,279.143096923828,3.84791588783264,36.0400581359863,-270.059997558594,49.0232914686203,51.5938222408295,0.09399842405946394,-0.196996676227265,-1.57897346368934,0.6243895283251524,152.500106811523,270.007263183594,2.0,7.0,3.0,0.0,0.0,24060101.0,-52.559671018063206,341.204312969278,15.40240631103515,15.881075134277344
2024-06-01 19:12:32+00:00,ESP,ESP,24.596300429574498,24.574807873313215,0.0,24.52038390147818,24.18482251321628,24.377783211986678,6.444842917088735,-10.97246923651465,2.980005942659178,2.428794095270108,-0.35093481273035093,2.2475008110172823,2.2423114040406382,-10.350372533324776,-0.2185174570446699,-21.099334416043938,35.2551784515381,23.621532783508297,1.0,329.904502647922,0.0973184689879417,1728.759765625,3505.154296875,42.714042804968,23.587057685852,41.031313004813995,5.907901042423112,44.6559658,-1.88698127119789,4.922383092343806,1836.4166498184218,357.219040393829,341.339766979218,77.8102651238441,-63.5651869,3.0,276.181396484375,3.84791588783264,36.0400581359863,-270.959991455078,41.1766976118088,43.9001768827438,-0.1824969350063215,-0.208996491505757,0.92198450433669,0.792986659513601,153.50016784668,271.00732421875,2.0,7.0,3.0,0.0,0.0,24060101.0,-51.83178049029059,342.154720131907,15.20027074813845,15.294401550292994
2024-06-01 19:12:33+00:00,ESP,ESP,25.62544772050266,25.224131759591522,0.0,25.19997645408234,25.117162117943238,24.94512570369512,6.444842917088735,-10.9726160855818,2.980366790090766,2.429515875510646,-0.20436134771015102,2.247769493583756,2.243395611194012,-8.882120064619318,-0.6803215472319902,-20.61537453221352,35.589767074585,23.038231201171882,1.0,329.823797132689,0.0965783402323723,1735.240234375,3511.634765625,43.7617016160941,23.0769830703735,41.52980240855635,6.244695194452868,44.6560086,-2.6776335107914,4.922383092343805,1836.426448822022,317.379474639893,341.713219881058,63.1585493683815,-63.5651298,3.0,273.911102294922,3.84791588783264,36.0400581359863,-272.059997558594,41.1670178174973,42.7364647388458,0.2774953381139045,0.811986388826897,-0.744987515793508,0.49919162723028954,154.500228881836,272.007385253906,2.0,7.0,3.0,0.0,0.0,24060101.0,-48.325874442155424,343.511386946368,15.37318267822265,16.451322698593145
2024-06-01 19:12:34+00:00,ESP,ESP,25.597784429835734,25.19031754206756,0.0,25.114829608341662,25.06398875374518,24.9366590012,6.444549218954425,-10.975847618832901,2.9807270398808043,2.4287942660248385,-1.7551986942171651,2.2475008110172823,2.243666727015378,-8.813838151222512,-0.6611255353574218,-19.438525425012237,35.0562194824219,22.208438987731938,1.0,329.717109577854,0.0958655700087547,1741.52734375,3517.921875,44.1786573441667,22.2021366119385,42.46028932447095,6.816885669056857,44.6560496,-2.34658854242945,4.96168294921517,1836.4166259765639,411.345541477203,421.846866607666,88.3027017116546,-63.5650739,3.0,270.324310302734,3.84791588783264,36.0400581359863,-273.059997558594,41.1650836467743,42.7248656749725,0.0754987349630391,-1.00598313124486,-0.0359993924746249,1.1649804795796233,155.500289916992,273.007446289062,2.0,7.0,3.0,0.0,0.0,24060101.0,-44.89867881099652,345.155140272024,15.335600852966301,17.44116067886353
2024-06-01 19:12:35+00:00,ESP,ESP,28.3053462074002,27.97103269469958,0.0,27.83918989466032,27.30058883897924,27.39124559832336,6.44499083337295,-10.9793719964446,2.980727253324214,2.430598289739366,-1.442089695893965,2.24803851765969,2.24258243448464,-10.721917748700537,-0.9141005850644304,-19.950914605225,34.9479595184326,21.508722839355478,1.0,329.618891457589,0.095139442384243,1747.609375,3524.00390625,45.4773153620071,21.5020895004272,43.8142684594938,7.389276182826164,44.6560886,-2.33001444807818,4.922383185476063,1836.367654800418,454.240888357162,430.171191692352,141.983091831207,-63.565019,3.0,267.940612792969,3.84791588783264,36.0400581359863,-274.059997558594,41.1670178174973,42.7229315042496,0.3329944270810265,0.193996742417961,-0.344994215679093,1.3197779019050642,156.500350952148,274.007507324219,2.0,7.0,3.0,0.0,0.0,24060101.0,-44.1757121665966,347.181438832713,15.992660522460952,16.41794414520264
2024-06-01 19:12:36+00:00,ESP,ESP,31.0074161713625,30.2930501011654,0.0,30.2737322771359,30.174596179446684,30.14978756634334,6.444402369887275,-10.98157473245195,2.980005942659178,2.429516046265378,-0.6099322109832915,2.247231957696078,2.2428534222399605,-12.28858812070398,-0.8576298963517894,-20.874306662139258,34.797395324707,20.671759986877465,1.0,329.678805876988,0.0946291387081146,1753.458984375,3529.853515625,47.3779179514007,20.6827136993408,44.72675099675625,8.196862382362841,44.6561251,-3.00170869799217,4.922383185476063,1836.3089323043841,485.111057758331,471.936136484146,112.62933164835,-63.5649645,3.0,265.687194824219,3.84791588783264,36.0400581359863,-275.059997558594,41.1534667015076,51.9050478935242,0.14749752824992185,-0.574990350571679,0.397993308667645,0.653789022730113,157.500411987305,275.007568359375,2.0,7.0,3.0,0.0,0.0,24060101.0,-43.735232584003555,349.011000624549,16.51886444091795,15.423769855499275
2024-06-01 19:12:37+00:00,ESP,ESP,30.3602113512742,30.27976606624866,0.0,30.17562412291676,30.165638386350224,29.956008269400918,6.44469606802158,-10.984806265703,2.97964547942573,2.3624176765856877,-0.2689793303574385,2.2475008110172823,2.24393775745938,-11.96510762953652,-0.4042027430318516,-20.97342158624204,34.7595542907715,20.07024959564208,1.0,329.76989327976,0.0941609054803848,1759.115234375,3535.509765625,47.6900063700515,20.0908166885376,44.80974804045565,9.077847331513036,44.6561597,-3.1286505384812,4.883083328604696,1836.455845832826,543.416619300842,543.001115322113,167.247474193573,-63.564911,3.0,263.296997070312,3.84791588783264,36.0400581359863,-276.059997558594,41.1573380231857,51.9050478935242,0.36799382383226653,-0.0269995460234953,1.15898054259191,-0.03459942614282779,158.500473022461,276.007629394531,2.0,7.0,3.0,0.0,0.0,24060101.0,-42.47524778026272,350.895395175042,16.9352334022522,15.158879021235867
2024-06-01 19:12:38+00:00,ESP,ESP,30.23122869294982,30.2487672527006,0.0,30.122147156810183,30.14113644874062,29.967051319251,6.44425466704647,-10.98554051103875,2.9792848027488716,2.3263431360219404,-0.2815886024484055,2.2488449068685763,2.242311404040638,-15.68551850063164,-0.2641770882182732,-20.9534111810307,34.5505222320557,19.6405701828003,1.0,329.876089060975,0.0937173016369343,1764.623046875,3541.017578125,46.926128258561,19.6288673400879,44.355757319156,9.944833295695101,44.6561934,-2.64803936833479,4.902733210474251,1836.357903480532,603.073179721832,674.655556678772,203.027963638306,-63.564859,3.0,261.193511962891,3.84791588783264,36.0400581359863,-277.059997558594,41.1515295505524,51.9050478935242,0.223496249401967,-0.144997565621885,0.529991143328931,-0.6661888132860913,159.500534057617,277.007690429688,2.0,7.0,3.0,0.0,0.0,24060101.0,-42.118482411231966,352.619416883824,17.176596164703348,14.78604463577272
2024-06-01 19:12:39+00:00,ESP,ESP,28.2100520911191,28.046999083176864,0.0,28.025106960849136,27.959974959942798,27.287494341811957,6.44366620356079,-10.9853936619716,2.980366405892626,2.32453949650555,-0.379303296416698,2.2475008110172823,2.24312458075001,-16.696396743077262,-0.9225572100290051,-21.249598236274757,34.8724662780762,19.59043510437014,1.0,329.990890880545,0.0932861432433128,1770.0546875,3546.44921875,46.6155185758655,19.5856327056885,43.8652643593844,10.355826439377001,44.6562272,-2.98510109302528,4.853608459234236,1836.348080635074,634.58114862442,690.523087978363,183.959051966667,-63.5648084,3.0,258.888610839844,3.84791588783264,36.0400581359863,-278.059997558594,41.1554038524628,51.9069790840149,-0.13599771416817547,-0.301994919841836,-0.144997565621885,-0.30619486185941497,160.500595092773,278.007751464844,2.0,7.0,3.0,0.0,0.0,24060101.0,-42.00672890508898,353.995536077041,17.462050151824947,14.800081157684318
2024-06-01 19:12:40+00:00,ESP,ESP,25.05851845523896,23.767876005899037,0.0,22.224042200630823,19.894395814371517,17.6259178702432,6.44425445360306,-10.98554051103875,2.9792848027488716,2.355923788854936,-0.257421945751766,2.2483072429148483,2.2412271541985804,-15.26323864010096,-7.432600670373108,-22.05988167751468,34.9724349975586,19.996046562194824,1.0,330.119981455858,0.0928646206855774,1775.5390625,3551.93359375,46.0330263830685,20.0003168106079,43.98326270748555,10.143830174144522,44.6562614,-2.33894577419162,4.892908129841087,1836.3774776458758,552.320301532745,635.967075824738,196.00373506546,-63.5647574,3.0,256.874694824219,3.84791588783264,36.0400581359863,-279.059997558594,41.1573380231857,51.9205093383789,-0.434492705674069,-0.357993986660331,-0.252995756385973,0.18319692200753146,161.50065612793,279.0078125,2.0,7.0,3.0,0.0,0.0,24060101.0,-44.57289176494636,355.01285177278,17.45198049545285,13.774696430793172
2024-06-01 19:12:41+00:00,ESP,ESP,25.0754672281549,24.3257928365529,0.0,23.07807846765602,21.23539656544304,20.1371496167197,6.443813052627945,-10.9837783222329,2.980366405892626,2.5756172503952177,-0.03362217815102965,2.2480383895936438,2.2431244953726464,-15.33113891667792,-4.9383174340103455,-22.395197178966477,35.0883235931396,20.52912620544434,1.0,330.268579051441,0.0924436144530773,1781.173828125,3557.568359375,47.0254323789038,20.5631790161133,44.09675996092365,9.671037991116515,44.6562964,-3.13483570166147,4.902733303606508,1836.426448822024,485.710352659225,619.89688873291,133.394747972488,-63.564705,3.0,255.042999267578,3.84791588783264,36.0400581359863,-279.959991455078,41.1495953798294,51.9379079341888,-0.17799702095215325,0.648989100287273,-0.501991583239257,0.03839935801076942,162.500717163086,280.007873535156,2.0,7.0,3.0,0.0,0.0,24060101.0,-45.835366855658556,355.524979356747,16.99432010650635,13.515189075469998
2024-06-01 19:12:42+00:00,ESP,ESP,25.090299325447,24.622238072947642,0.0,23.54186675381062,22.0144322327396,19.515956376802276,6.4439599016951,-10.984806265703,2.980366405892626,2.5669595160467216,-0.0404522789421298,2.248307114848802,2.243937842836744,-17.80264047728082,-5.574342617807465,-22.338492606967577,35.6426387786865,20.835101623535138,1.0,330.436601705023,0.092014903575182,1786.919921875,3563.314453125,46.7836539275691,20.8640481948853,43.75326633246915,10.328226669469348,44.6563319,-3.34762106718652,4.824133682996035,1836.4656209945701,510.281205177307,590.233683586121,162.014231085777,-63.5646512,3.0,253.024307250977,3.84791588783264,36.0400581359863,-280.959991455078,41.1534667015076,51.9359767436981,-0.00399993286774205,-0.365993872406135,0.717987938087006,-0.39039344255553615,163.500778198242,281.007934570312,2.0,7.0,3.0,0.0,0.0,24060101.0,-45.522658938850036,355.941566254604,17.7752763748169,14.228521203994754
2024-06-01 19:12:43+00:00,ESP,ESP,25.05851982127676,22.203978519943902,0.0,18.518503041924998,14.096412323242522,9.330309479370102,6.444842917088735,-10.98377832223285,2.97964547942573,2.569484636982874,-0.011031919443174248,2.24776953627244,2.242582519862002,-20.212344193820762,-15.728209744265138,-23.086328311644998,37.3098484039307,21.092176208496078,1.0,330.625497416709,0.0915876947343349,1792.7421875,3569.13671875,45.8659941069158,21.0786575317383,43.5512703179552,11.076014392067838,44.6563681,-2.48968868950404,4.87325834110379,1836.514616012572,689.738750457764,771.504819393158,221.859410405159,-63.5645971,3.0,250.312805175781,3.84791588783264,36.0400581359863,-281.959991455078,41.1534667015076,51.9417762756348,-0.1719971183154872,-0.28099528979522,0.0739987563857008,-0.17219711179057345,164.500839233398,282.007995605469,2.0,7.0,3.0,0.0,0.0,24060101.0,-45.954522237805115,356.259115409497,19.37521877288815,14.554338836669919
2024-06-01 19:12:44+00:00,ESP,ESP,25.05216467176352,21.21455970734206,0.0,16.379551439178982,10.677971457807015,4.476565020473994,6.4439599016951,-10.9817215815191,2.980005942659178,2.5766992377371123,0.352511212386662,2.2475008110172823,2.2433956965713757,-20.98747948159176,-20.57559926709142,-23.86367828825442,38.805952835083,21.81208076477052,1.0,330.833790865638,0.0911616928875446,1798.68359375,3575.078125,45.242995477246,21.8608892440796,43.2532759946567,10.72722019530794,44.6564056,-2.21947231867317,4.853608366101978,1836.47541999817,586.863279342651,681.275546550751,238.376513123512,-63.5645426,3.0,247.177795410156,3.84791588783264,36.0400581359863,-283.059997558594,41.1554038524628,52.0249009132385,-0.291995102680221,0.468992111233722,-0.65998895986302,-0.2473958518719081,165.500900268555,283.008056640625,2.0,7.0,3.0,0.0,0.0,24060101.0,-47.30191160631678,356.369054134377,20.35389804840085,14.824074268341066
2024-06-01 19:12:45+00:00,ESP,ESP,25.2430790458586,20.58536473005724,0.0,15.053731808066221,8.691317193362448,2.5556330987234523,6.445285598724315,-10.97614131696715,2.97964547942573,2.570206203780002,0.522198511135755,2.24776953627244,2.2428534649286442,-21.16981616261768,-22.6874456056257,-24.94891850774126,39.6489166259766,22.6291456604004,1.0,330.949494270178,0.0907236211001873,1804.853515625,3581.248046875,44.6191328286462,22.6610166549683,42.87378214663435,9.814035685353554,44.6564448,-1.85295326875288,4.971507936716076,1836.524415016172,545.300304889679,715.63184261322,159.685716032982,-63.5644865,3.0,241.24609375,3.84791588783264,36.0400581359863,-283.959991455078,41.1650836467743,52.042293548584,-0.3694938107472375,-0.349994127594954,-1.31297793632213,-0.50119160800489,166.500961303711,284.008117675781,2.0,7.0,3.0,0.0,0.0,24060101.0,-50.03445719133676,356.097704379031,20.943918800353998,14.208629322052007
2024-06-01 19:12:46+00:00,ESP,ESP,25.4255465250071,20.562898871839216,0.0,15.0816744534702,8.732240271774579,2.6404613161393438,6.444107604535905,-10.968210186680299,2.97964547942573,2.565516467829826,0.480697187841273,2.247500682951236,2.24366672701538,-19.89496613516722,-22.785084184339404,-25.854951297370462,40.6909732818604,23.496160240173342,1.0,330.94659826997,0.0902442432940006,1811.265625,3587.66015625,44.3367932989254,23.5487239837646,42.427289265496,8.97624929213747,44.656486,-2.26302480647235,4.883083328604696,1836.5244150161761,510.510921478272,647.23527431488,151.387825608253,-63.5644289,3.0,235.043197631836,3.84791588783264,36.0400581359863,-285.059997558594,41.1631464958191,52.0519614219666,-0.3234945811006775,-0.999983236945826,-2.55295694522928,-0.3173946738890928,167.501022338867,285.008178710938,2.0,7.0,3.0,0.0,0.0,24060101.0,-52.26771731406668,355.437962746721,21.16761589050295,13.667274618148802
2024-06-01 19:12:47+00:00,ESP,ESP,25.429799000784378,20.63031181441888,0.0,15.105612217454361,8.800459518185749,2.434180083628804,6.4448439843058,-10.962188948040101,2.980005942659178,2.5622698227852263,0.286841351425476,2.247231957696078,2.241498013887856,-19.201085851347802,-22.995617593806436,-25.50039822661182,40.8631496429443,24.226216506958018,1.0,330.658200362455,0.0898067817091942,1817.89453125,3594.2890625,43.949494252229,24.2976602554321,42.1232946210117,8.333860438432936,44.6565287,-1.9024836661797,4.853608366101978,1836.4852190017718,443.971514701843,567.08174943924,156.704485416412,-63.5643696,3.0,229.498794555664,3.84791588783264,36.0400581359863,-286.059997558594,41.1650836467743,45.856449007988,-0.2389959830112425,0.47599204127678,-0.166997218072313,-0.25739567486986636,168.501083374023,286.008239746094,2.0,7.0,3.0,0.0,0.0,24060101.0,-53.020255262478145,354.555201777632,20.98669595718385,13.767013965953463
2024-06-01 19:12:48+00:00,ESP,ESP,25.43830087875374,21.53246095848602,0.0,17.04794145701594,11.934070054664833,6.6961980620360695,6.44425445360306,-10.9613078536372,2.9792848027488716,2.57778165196583,-0.22590067609301,2.2485758401039604,2.242853550306006,-18.396196552004902,-18.74210294478374,-24.74083884373358,41.5199878692627,24.825544395446776,1.0,330.412286231578,0.0893319636583328,1824.716796875,3601.111328125,43.9345429681359,24.8715105056763,42.1207947717754,7.905067651019249,44.6565729,-2.0206491404721,4.863433353602884,1836.4950180053718,433.424681425095,483.388602733612,139.71608877182,-63.5643093,3.0,221.723999023438,3.84791588783264,36.0400581359863,-287.059997558594,41.1670178174973,38.812318444252,-0.1514974677877708,0.0259995636403232,0.737987692472156,0.06659888149751772,169.50114440918,287.00830078125,2.0,7.0,3.0,0.0,0.0,24060101.0,-52.03990796562249,353.802514931097,20.9863534927368,15.437996435165406
2024-06-01 19:12:49+00:00,ESP,ESP,25.40872991625164,21.32174586598708,0.0,16.96111779983404,11.92312262746314,6.56450932545124,6.44425445360306,-10.9555798862445,2.978924126072014,2.831023935492158,-0.883115258471898,2.214163852961554,2.2900219402517843,-17.782041992781878,-18.84422042004568,-24.31158057892794,41.866125869751,25.005078849792458,1.0,330.226395803127,0.0887946970760822,1831.65234375,3608.046875,44.1411220395829,25.0224420547485,42.7237843622717,8.087264313167172,44.6566177,-1.96442451732843,4.833958484232424,1836.563611030578,518.125176429748,566.22838973999,145.469188690186,-63.5642476,3.0,215.024703979492,3.84791588783264,36.0400581359863,-288.059997558594,41.1670178174973,38.8084501028061,0.11899800198156185,-0.0669988797034955,-0.10299827217812,0.8453857737444214,170.501205444336,288.008361816406,2.0,7.0,3.0,0.0,0.0,24060101.0,-51.30910367914996,353.36773240929,20.866858291626002,15.838249397277846
2024-06-01 19:12:50+00:00,ESP,ESP,23.33966276003642,19.07100114200084,0.0,14.81445696257182,9.731462796401592,4.703812030906078,6.44440258333068,-10.9486762725409,2.980366405892626,2.833909647727806,-0.9204156952617045,1.3931097583534018,3.110590152277854,-16.43089841079294,-18.635851156017182,-23.586136624916062,41.9260631561279,25.3723490524292,1.0,330.113315191228,0.0882031358778477,1838.626953125,3615.021484375,45.1282756199465,25.4135416030884,44.0317604656872,7.929667089579236,44.6566624,-1.61433303285738,4.8339583911001665,1836.5244150161761,446.242213249207,513.991832733154,119.685396552086,-63.5641848,3.0,209.166595458984,3.84791588783264,36.0400581359863,-289.059997558594,41.1728262901306,38.8007193803787,-0.380993621493931,-0.54899075524835,-0.00599989888473137,1.355177278269358,171.501266479492,289.008422851562,2.0,7.0,3.0,0.0,0.0,24060101.0,-50.8072999261129,353.190120170113,20.7239158630371,16.318561019897462
2024-06-01 19:12:51+00:00,ESP,ESP,23.245576221200576,19.020380902514557,0.0,14.86427465483058,10.057979477409862,5.291435830203897,6.444107604535905,-10.9470609328022,2.97964547942573,2.8584402294432243,-0.24691454014713446,0.4209643862735512,4.14368700009355,-16.46675587940714,-17.95413953722302,-23.2478612609874,42.7887302398682,25.969107170104998,1.0,330.082497377693,0.0875505343079567,1845.76171875,3622.15625,46.8719955942941,26.0262216567993,45.398739158248,8.118263980488921,44.6567069,-1.96310372949768,4.824133589863776,1836.4950180053722,407.715231180191,534.847736358643,117.548242211342,-63.5641192,3.0,202.123596191406,3.84791588783264,36.0400581359863,-290.059997558594,41.178634762764,38.796854019165,-0.33049444444267,-0.259995659748605,0.148997495154574,1.313577925752032,172.501327514648,290.008483886719,2.0,7.0,3.0,0.0,0.0,24060101.0,-50.34610574580502,353.242821909749,20.7439556121826,17.12360106248122
2024-06-01 19:12:52+00:00,ESP,ESP,23.23722358286458,19.06084055259154,0.0,14.900158078163638,10.0599323992483,5.32045277898696,6.44499083337295,-10.9216539097502,2.979284589305462,3.1668768020769216,0.1833484458189054,-0.6052189028763464,5.1523869244581455,-16.889798330558598,-17.91677054774554,-23.01694998213164,43.1735847473144,26.499050903320324,1.0,330.141810740445,0.0868253454566002,1853.04296875,3629.4375,48.1134815136869,26.5368713378906,46.45472226242509,8.08006461076306,44.6567512,-2.02953884512028,4.804483521729707,1836.48521900177,449.232131242752,541.940629482269,115.368075668812,-63.5640506,3.0,197.087997436523,3.84791588783264,36.0400581359863,-290.959991455078,41.178634762764,38.8026535511017,-0.1654972244872345,-0.0369993781928504,0.351994092361298,0.9651837966505802,173.501388549805,291.008544921875,2.0,7.0,3.0,0.0,0.0,24060101.0,-50.37269430620608,353.579686839614,20.8257625579834,16.908796590917245
2024-06-01 19:12:53+00:00,ESP,ESP,23.2309592748673,19.170209298185842,0.0,14.9264368894858,10.197412154409609,5.149211996399831,6.443813052627945,-10.92047869032615,2.978924126072014,3.215937752064346,0.318889045908319,-1.4641802032005722,5.94666006077409,-18.066994069860236,-18.0817479614864,-22.9451667430116,43.6305233001709,26.9172904586792,1.0,330.238799426659,0.0861228480935097,1860.4765625,3636.87109375,48.2528002972822,26.938938331604,47.0507092014748,7.817868845697174,44.6567956,-1.4193769156653,4.883083235472439,1836.5635871887218,486.430555582046,505.477368831634,178.565219044685,-63.5639799,3.0,190.194000244141,3.84791588783264,36.0400581359863,-291.959991455078,41.1844432353973,38.796854019165,-0.10199829313000139,0.339994277082805,0.0409993110605924,0.48059194423111656,174.501449584961,292.008605957031,2.0,7.0,3.0,0.0,0.0,24060101.0,-50.80887906584902,353.967095169337,21.17289018630985,16.846515291387377
2024-06-01 19:12:54+00:00,ESP,ESP,23.233047605206018,19.8029867096903,0.0,16.14598219220772,11.99702868937728,7.936389874024549,6.44396075546875,-10.918569652453101,2.97964547942573,3.295662281377674,0.29314694338061353,-1.536499676203524,6.00006326083767,-17.44673502906656,-15.29665807269092,-23.54658436547036,44.0700073242188,27.14775993347166,1.0,330.24718689896,0.0856376633048058,1867.978515625,3644.373046875,49.1171983027878,27.1487823486328,47.48420423262255,7.791869559866792,44.6568402,-1.85791155920349,4.843783564865588,1836.53419017792,512.580931186676,532.776236534119,146.792635321617,-63.563908,3.0,184.023300170898,3.84791588783264,36.0400581359863,-293.059997558594,41.1960572004318,38.7949198484421,-0.038499351350726976,0.336994329933289,1.2309792741803,0.48919180339856777,175.501510620117,293.008666992188,2.0,7.0,3.0,0.0,0.0,24060101.0,-51.43652154113546,354.240439339921,21.51205701828005,16.68148452758789
2024-06-01 19:12:55+00:00,ESP,ESP,23.197552819636762,17.4993179234108,0.0,11.119761070682861,4.020586244550316,-4.0323897399149375,6.44425466704647,-10.8896373980158,2.97964547942573,3.308649032310808,0.43919494407207904,-1.544565019707568,5.588288572759984,-18.928338980806778,-27.229942484846504,-24.18855657763552,45.0369827270508,27.736127243041985,1.0,330.257295578932,0.085228157043457,1875.5859375,3651.98046875,50.1764616053138,27.7324911117554,48.2856927807777,8.512457761642988,44.6568844,-2.23582635286712,4.892908316105602,1836.4558458328258,517.31550693512,588.926315307617,161.337643861771,-63.5638339,3.0,177.174896240234,3.84791588783264,36.0400581359863,-293.959991455078,41.2212252616882,40.6932026147842,-0.1079981890965611,-0.6839884836983,-0.0569990425315605,0.8549856526476411,176.501571655273,294.008728027344,2.0,7.0,3.0,0.0,0.0,24060101.0,-52.46494858861562,354.523509699883,22.1135799407959,16.44410615648542
2024-06-01 19:12:56+00:00,ESP,ESP,23.19755213661784,16.316968123361463,0.0,8.810268011343348,0.3597887442627564,-8.559693898527602,6.444401302670215,-10.8799432251494,2.978563449395156,3.7054676124742323,0.139218852058084,-1.5623087626098617,5.624342153180718,-20.02046778758106,-31.757245949768077,-25.957021985836583,45.70576171875,28.615448913574237,1.0,330.277321693578,0.0848914727568626,1883.421875,3659.81640625,49.6647643232639,28.7024328231812,48.6616827417558,8.080264393796284,44.6569295,-1.30751399842953,4.833958484232425,1836.4362716674818,484.493345022202,534.184694290161,196.145057678223,-63.5637573,3.0,168.641204833984,3.84791588783264,36.0400581359863,-295.059997558594,41.2444591522217,48.7309336662292,-0.1894968216936865,0.258995650685006,-0.708988096638457,0.33959429380119116,177.50163269043,295.0087890625,2.0,7.0,3.0,0.0,0.0,24060101.0,-57.22216783232142,354.440290675036,23.42901077270505,13.191724205017094
2024-06-01 19:12:57+00:00,ESP,ESP,23.22469325932274,18.760239829105757,0.0,14.00236932686262,8.584453590400994,3.9205493729756062,6.44469606802158,-10.880825173326,2.978563235951742,3.9345396921412226,-3.3664511516763103,-1.558813882877616,5.622445153516113,-19.287295474523297,-19.304143843658423,-28.593821979071322,45.1602493286133,28.86835041046142,1.0,330.301391280213,0.0846313588321209,1891.4140625,3667.80859375,50.6016340509579,28.8462181091309,50.9466439814082,7.070881450514686,44.6569757,-0.81360199536987,4.902733210474251,1834.859132766726,493.322610855103,578.118860721588,145.891845226288,-63.5636796,3.0,162.964706420898,3.84791588783264,36.0400581359863,-296.059997558594,41.2560731172562,48.7290024757385,-0.179996989053551,-0.0789986749716683,-0.330994435634256,3.175346578157194,178.501693725586,296.008850097656,2.0,7.0,3.0,0.0,0.0,24060101.0,-62.951560002484236,353.530646081373,23.5886713027954,9.318628749847411
2024-06-01 19:12:58+00:00,ESP,ESP,23.21634540211914,18.96377366071136,0.0,14.3267679662093,9.060076033066307,3.5452564328022538,6.44366620356079,-10.862173207363199,2.9789239126286042,5.026150599821689,-3.587624523110665,-1.5609645386925222,5.438650227102407,-24.468330688304082,-19.67108858511876,-27.593293180765563,44.7114028930664,29.805414505004883,1.0,330.166290138431,0.0843268744647503,1899.51171875,3675.90625,56.1833192822057,29.7896141052246,56.32105516946085,7.7238705870563535,44.6570192,-1.17950579465632,4.843783471733331,1834.81991291046,389.064133167267,474.427372217178,102.614909410477,-63.5635967,3.0,156.652404785156,3.84791588783264,36.0400581359863,-297.059997558594,43.1630313396454,48.7541317939758,-0.458992314082427,-0.583990138659376,0.569990438655818,5.567106448596482,179.501754760742,297.008911132812,2.0,7.0,3.0,0.0,0.0,24060101.0,-63.75444327526791,352.678347755982,22.301729393005402,10.762228158804099
2024-06-01 19:12:59+00:00,ESP,ESP,23.17876535979628,16.87394068036256,0.0,9.704686747307854,1.3019759956731198,-7.401182910096791,6.44366620356079,-10.8204638034228,2.9792848027488716,5.9312575573088875,-2.222235663800965,-1.557200784294728,4.7408831387584165,-27.44565181166656,-30.579949465176156,-28.70732777024592,45.3048706054688,31.3683748626709,1.0,329.979498125009,0.0839080072939396,1908.00390625,3684.3984375,60.4030101514396,31.3293891906738,60.657984528250694,7.932467125629479,44.6570591,-0.81000077812998,4.843783564865588,1834.6044063568097,526.665568351746,566.259682178497,207.82271027565,-63.5635048,3.0,149.694793701172,3.84791588783264,36.0400581359863,-298.059997558594,75.2115070819855,57.6907455921173,-0.37949360789853304,0.030999480558764,0.132997763683606,4.12953075001978,180.501815795898,298.008972167969,2.0,7.0,3.0,0.0,0.0,24060101.0,-68.63548633541792,352.472376571372,23.0835954666138,9.856539344787599
2024-06-01 19:13:00+00:00,ESP,ESP,23.17250378387466,15.52745870248214,0.0,7.062999924476678,-2.48803569834753,-12.57670257536804,6.444842917088735,-10.769353924750451,2.978924126072014,6.17043054760732,-1.98530216446534,-1.5596203788082057,4.783171998872456,-27.478839359334177,-35.74920670075218,-30.4379737379937,46.3366516113281,33.63035957336424,1.0,329.930703253578,0.0832962825894356,1916.990234375,3693.384765625,64.6076950950669,33.6009841918945,64.47541823650585,7.556673532589963,44.6570962,-1.10114559562971,4.892908222973345,1834.6044301986701,488.673150539398,622.59429693222,188.917726278305,-63.5634034,3.0,141.387603759766,3.84791588783264,36.0400581359863,-299.059997558594,75.2366781234741,58.0522298812866,-0.7439875067299095,0.0379993672461292,0.28999513124377,3.7103376654184963,181.501876831055,299.009033203125,2.0,7.0,3.0,0.0,0.0,24060101.0,-74.31623253227409,352.086088392672,24.0565318107605,6.527167797088622
2024-06-01 19:13:01+00:00,ESP,ESP,23.15371734856256,15.049708826645102,0.0,6.000238625944608,-4.0238557707286375,-14.6876186421374,6.444842917088735,-10.67991302445595,2.978924126072014,6.643366420739978,1.5939159732572508,-1.559620400152546,4.565763235609542,-31.084431335386803,-37.84133599069994,-33.36294487646262,47.6301097869873,36.522055206298845,1.0,329.915485592108,0.0825682170689106,1926.72265625,3703.1171875,68.4350667285644,36.5539169311523,66.87537937121365,7.87126794764725,44.6571309,-1.41140117570542,4.883083235472439,1834.5260620117162,487.071454524994,608.251750469208,258.076369762421,-63.56329,3.0,135.856704711914,3.84791588783264,36.0400581359863,-300.059997558594,75.2637803554535,58.0715596675873,-0.4134930756274533,0.871985385178081,0.491991759407535,1.267978670382444,182.501937866211,300.009094238281,2.0,7.0,3.0,0.0,0.0,24060101.0,-82.35455649098135,351.399681701843,26.1290596961975,-1.1913929755871102
2024-06-01 19:13:02+00:00,ESP,ESP,23.124499165331077,15.0635693295278,0.0,6.085488949051206,-3.9253793839358635,-14.297422399949781,6.444842917088735,-10.6456937767142,2.9789241260720143,4.632218414912829,0.8200736796497344,-1.5620399092886579,4.364619628704,-32.65300886696124,-37.42192207754504,-35.1858199131015,48.9008777618408,39.00157402038574,1.0,329.918381592316,0.0817173734307289,5.35546875,3713.646484375,66.907249033881,39.1469341278076,65.63090182896445,7.841468686072131,44.657166,-1.42729459901722,4.883083328604696,1834.5358610153203,737.13606595993,791.460454463959,384.928196668625,-63.5631662,4.0,128.400299072266,3.84791588783264,36.0400581359863,-300.959991455078,75.273460149765,67.2227501869202,0.2054965598347615,-1.48897504920384,-0.428992762545982,-1.1685803254455929,0.600000023841858,301.009155273438,2.0,7.0,4.0,0.0,0.0,24060101.0,-88.07802825317162,349.839065438765,27.35533304214475,-5.874164085388181
2024-06-01 19:13:03+00:00,ESP,ESP,23.15789127716436,15.0576284309877,0.0,6.075802289392929,-4.002613540900439,-14.394755327698139,6.444402369887275,-10.6430500666186,2.980366405892626,7.319760651887893,-1.533499718381835,-1.5572008269834101,4.36489061645932,-32.08233836557968,-37.552646434107736,-36.73950694926638,47.469592666626,39.486763916015626,1.0,329.822513057126,0.0806733570992946,16.3203125,3724.611328125,65.8383107683956,39.4486461639404,67.12087003036231,6.024698984777622,44.6572054,0.498500556160587,4.892908316105602,1834.4869136810278,839.449107646942,829.127252101898,463.043689727783,-63.5630391,4.0,121.137001037598,3.84791588783264,36.0400581359863,-301.959991455078,75.2773284912109,67.2227501869202,0.398993317731243,0.641989276965921,-2.97294997304842,2.3283609980183413,1.60000026226044,302.009216308594,2.0,7.0,4.0,0.0,0.0,24060101.0,-92.80333207194266,347.780992838057,29.487404251098653,-8.54415209770203
2024-06-01 19:13:04+00:00,ESP,ESP,23.17667634643866,15.04772670574794,0.0,6.0525503617788186,-3.983303315456344,-14.263614158841317,6.445579296858625,-10.64980597748135,2.9796452659823194,7.621342446670562,-3.3559437594118853,-1.560426896083136,4.36624666514166,-26.842939868360084,-37.44029187131778,-41.658614653660905,45.8410549163818,39.41799568176272,1.0,329.73738157931,0.0794600531458854,27.27734375,3735.568359375,68.2454606772049,39.4208610534668,70.6858155506641,2.845752384663644,44.6572436,1.02133494189981,4.794658627361058,1834.506487846374,1037.30762004852,929.872870445251,738.728284835816,-63.5629112,4.0,112.727798461914,3.84791588783264,36.0400581359863,-303.059997558594,75.2695858478546,67.2169506549835,0.7214879031085355,0.311994770353984,-2.49295821568236,4.1729299427607724,2.59999966621399,303.00927734375,2.0,7.0,4.0,0.0,0.0,24060101.0,-99.41753153586994,345.430342254062,32.241836357116696,-12.551774997711176
2024-06-01 19:13:05+00:00,ESP,ESP,23.20799242227364,15.05762467438368,0.0,6.087428893530219,-4.010337118813891,-14.2794412439408,6.443813052627945,-10.65876419746465,2.979284589305462,7.582382876890082,-5.5135613513528945,-1.56526610645443,4.366245982122743,-23.07484505610292,-37.48743247093136,-44.57827532005014,43.0336223602295,39.52601325988768,1.0,329.92081313966,0.0782317824661732,38.216796875,3746.5078125,73.896301573799,39.3318992614746,77.34420497248351,0.8019865703312599,44.6572756,1.46615517374342,4.480259865522388,1834.4379186630238,1274.22249317169,1041.33462905884,1030.53045272827,-63.5627803,4.0,106.147102355957,3.84791588783264,36.0400581359863,-303.959991455078,75.2637803554535,67.220813035965,0.785986873544847,1.91996788323788,1.96696684180356,7.365276264120576,3.59999871253967,304.009338378906,2.0,7.0,4.0,0.0,0.0,24060101.0,-106.3469182752746,343.136464202448,31.3428834915161,-15.125995540618902
2024-06-01 19:13:06+00:00,ESP,ESP,23.207990714726378,15.568276595981038,0.0,7.2907746950881975,-2.078440182124536,-11.392514728724327,6.444842917088735,-10.66184845476175,2.9792848027488725,7.447103723301984,-4.609432135445385,-1.50746437128707,5.05018876758663,-23.306774033145,-34.60050548613942,-38.624404884701356,37.11379737854,40.5017317199707,1.0,330.366086832032,0.0770681262016296,49.298828125,3757.58984375,82.2618284767714,40.4443782806396,86.01006212345061,-0.11039815048473307,44.6572954,1.62920342189755,4.499909840524199,1834.41834449768,1320.43862342834,1131.69741630554,1179.27956581116,-63.562643,4.0,99.7867965698242,3.84791588783264,36.0400581359863,-305.059997558594,75.2812027931214,65.5603051185608,-0.1004983095500835,-1.50897469686729,-4.12893088865592,8.736653427752051,4.59999799728394,305.009399414062,2.0,7.0,4.0,0.0,0.0,24060101.0,-114.51912350397879,341.163277192745,25.75709867477415,-18.662271037854634
2024-06-01 19:13:07+00:00,ESP,ESP,23.26019931470412,20.264005695645942,0.0,17.06620931021532,13.380109979793138,11.884276993775766,6.443813052627945,-10.6570020086588,2.979284589305462,6.700724641842451,-3.55242492977959,-1.5518238886253621,5.16214589874426,-20.450758776989197,-11.375921851352867,-34.92535269815982,38.4033313751221,42.59699546813964,1.0,331.055198277773,0.0760739251971245,60.82421875,3769.115234375,91.8162454274329,42.7608112335205,92.0679549738208,-0.7939867166019694,44.6572998,-1.32881074170504,4.460609890520575,1834.5162868499738,1203.53293418884,1101.17161273956,1127.80392169952,-63.5624974,4.0,95.8648834228516,3.84791588783264,36.0400581359863,-306.059997558594,75.2792656421661,55.2705347537994,-0.524491240221484,-1.15498071978092,1.05798221516981,5.495907617537258,5.59999704360962,306.009460449219,2.0,7.0,4.0,0.0,0.0,24060101.0,-119.18927354520201,339.570668323594,23.7044629096985,-21.72518335230209
2024-06-01 19:13:08+00:00,ESP,ESP,23.2455786117668,21.470384784214325,0.0,19.731127313961004,17.80390986793808,15.4630790469129,6.44528559872432,-10.6647858629917,2.9796452659823194,5.269292100782626,-3.133194855435085,-1.557738448248454,5.1559110459377795,-23.10726898862132,-7.78249973560864,-31.75605339873902,34.8627193450928,44.27185501098634,1.0,332.094397899612,0.0756585717201233,72.857421875,3781.1484375,98.3104097808486,44.0702133178711,98.83084287484705,0.025799569498226003,44.657291,-0.957235324086537,4.382010176777841,1834.5652580261237,1444.52655315399,1318.08817386627,1289.7025346756,-63.5623455,4.0,92.6663818359375,3.84791588783264,36.0400581359863,-307.059997558594,75.273460149765,55.181610584259,0.01049982836352148,0.73198774481227,5.34791005407305,6.83128541537454,6.5999960899353,307.009521484375,2.0,7.0,4.0,0.0,0.0,24060101.0,-128.293191708777,338.489640623278,22.54248361587525,-27.253752100467686
2024-06-01 19:13:09+00:00,ESP,ESP,23.24975458942534,20.7411367563442,0.0,17.991720604074303,15.123457794208301,11.424254318976619,6.44425445360306,-10.6639047685887,2.9792848027488716,4.248386969880675,-3.23458783972516,-1.5182182053144762,5.826027820974264,-24.557974189084796,-11.825500782712913,-27.52578529855644,34.8835075378418,47.365980606079106,1.0,333.317602817691,0.0756076030433178,85.583984375,3793.875,105.000969393659,47.4568176269531,105.325239454694,0.4795919671840295,44.6572667,-1.3498702426286,4.3623602017760295,1834.49671268463,1508.49914550781,1459.61785316467,1386.76643371582,-63.5621879,4.0,91.0607070922852,3.84791588783264,36.0400581359863,-308.059997558594,75.2599060535431,49.6220827102661,-1.162480534293864,-2.03496607074609,-3.03394911186533,6.520690332208387,7.59999513626099,308.009582519531,2.0,7.0,4.0,0.0,0.0,24060101.0,-138.112891840764,337.56794757592,22.14825983047485,-35.91427574157715
2024-06-01 19:13:10+00:00,ESP,ESP,23.26855605115362,21.179133906683422,0.0,19.30269447751658,16.72281932988144,14.62183350439164,6.44425445360306,-10.6631700963661,2.978563449395156,3.95762722563975,-2.370910952785575,-1.3405113253287801,6.1274722435772535,-21.373899482941976,-8.646722546761982,-23.31501602241646,34.7969181060791,49.8551763153076,1.0,334.655472951556,0.0756700985133648,99.1015625,3807.392578125,110.780613997621,49.9264789581299,110.8366420393825,0.06839885437292581,44.6572285,-1.0990539569181,4.382010176777841,1834.46731567383,1398.66185188293,1357.33735561371,1379.47201728821,-63.5620254,4.0,90.3221969604492,3.84791588783264,36.0400581359863,-309.059997558594,75.2618432044983,49.5853543281555,-2.12596436089305,-1.37197700365099,-1.0259826721866,5.0243156695011635,8.59999656677246,309.009643554688,2.0,7.0,4.0,0.0,0.0,24060101.0,-144.80225617046943,336.68939400336,22.04608268737795,-41.427073745727554
2024-06-01 19:13:11+00:00,ESP,ESP,23.30407405936608,22.06620267608208,0.0,20.758069136806142,19.319767901384857,17.835751697584477,6.444696068021585,-10.65847092621715,2.978202772718298,3.9460835656121915,-1.75152127767935,-1.3703531688645059,6.094400040729231,-20.61707695686414,-5.468322062960832,-23.10438459973482,37.0985847473145,51.4303740692139,1.0,336.054404976602,0.0753553949296474,113.2109375,3821.501953125,115.010727735528,51.454426574707,113.8315877828795,0.45259241615795415,44.657179,-1.72678964294241,4.401660058647398,1834.4379425048817,1183.63726139069,1271.04866504669,1258.50319862366,-63.5618608,4.0,90.1336669921875,3.84791588783264,36.0400581359863,-309.959991455078,75.2753973007202,45.1547414064407,-1.684471765196565,1.91896768741129,0.813986300232389,2.444959018601412,9.60000038146973,310.009704589844,2.0,7.0,4.0,0.0,0.0,24060101.0,-142.7854078595156,335.3916307403,22.01854991912845,-41.491331699916294
2024-06-01 19:13:12+00:00,ESP,ESP,23.279002483979703,21.211706054306838,0.0,19.27735891531876,17.020644264488503,14.88438580533224,6.444696068021585,-10.6565614614573,2.977481205921168,3.219545116474486,-1.46520449678832,-1.3725038887124381,6.092502528800436,-21.331938557285476,-8.394616849402222,-22.91830053542082,37.9982311248779,52.00333374023436,1.0,337.535189988661,0.0747070647776127,127.58984375,3835.880859375,116.884562813565,51.9527423858643,116.945037308476,0.9133846985300911,44.6571228,-0.821198553109099,4.42131003364921,1834.535884857176,1232.67662525177,1249.1101026535,1241.27507209778,-63.5616966,4.0,90.677619934082,3.84791588783264,36.0400581359863,-310.959991455078,75.2618432044983,38.8587117195129,-1.8954682081284502,-0.263995562600867,1.54697402742783,3.474141826513228,10.600004196167,311.009765625,2.0,7.0,4.0,0.0,0.0,24060101.0,-140.671554469894,335.04411071533,22.05440397262575,-39.31320808410644
2024-06-01 19:13:13+00:00,ESP,ESP,23.297803604198542,21.1000812972297,0.0,19.067141743610357,16.48453776464706,14.727432497828286,6.444696068021585,-10.6407004815441,2.977841882598026,3.85156838971725,0.2810631314495644,-1.373041552666166,6.09168905327029,-20.48356451708224,-8.570370636794754,-23.0073627871032,38.5473724365234,52.52627334594729,1.0,339.093811836501,0.0743789836764336,142.115234375,3850.40625,120.188420937748,52.4910278320312,119.2865081182265,0.19899665833588637,44.6570599,-0.925516245746115,4.3721851892769354,1834.4868898391699,1094.66397762299,1125.90789794922,1076.580286026,-63.5615351,4.0,91.5265731811524,3.84791588783264,36.0400581359863,-311.959991455078,59.0285181999206,30.9891551733017,-1.3964766253995649,0.756987357752427,-1.82796950398604,1.4889750865564402,11.6000080108643,312.009826660156,2.0,7.0,4.0,0.0,0.0,24060101.0,-140.4050459526312,335.424442969073,22.14496564865115,-39.55560387831468
2024-06-01 19:13:14+00:00,ESP,ESP,23.291535881106682,21.28796101827652,0.0,19.228097200458443,16.8806035298979,13.763579083289802,6.44528559872432,-10.6496591284142,2.977841882598026,2.19827913814095,0.3966407944747968,-1.373310427331712,6.09494201623987,-17.37158689725186,-9.527956712439522,-23.556952251120958,38.2859081268311,52.474351272582986,1.0,340.881600191373,0.0742839328944683,156.72265625,3865.013671875,121.006609298424,52.3550205230713,119.617492255216,-0.1821969449604446,44.6569923,-1.69023137557503,4.460609890520575,1834.4183444976782,1212.96846866608,1154.93822097778,1136.57891750336,-63.5613761,4.0,93.783317565918,3.84791588783264,36.0400581359863,-313.059997558594,58.9181661605835,30.9543609619141,-1.1109813881996424,-0.222996258210381,0.706988131872112,0.5019915832392579,12.6000118255615,313.009887695312,2.0,7.0,4.0,0.0,0.0,24060101.0,-141.56121666212042,335.855373264188,22.256754112243648,-40.8065416063581
2024-06-01 19:13:15+00:00,ESP,ESP,23.295713224803038,20.86751028240562,0.0,18.52588169528538,15.68763483474596,12.68891780229894,6.444107604535905,-10.619698076733151,2.978202559274884,3.0745263265733658,1.544533568820875,-1.3751924219244838,6.095755662524747,-14.54952092561092,-10.60679525174942,-22.8357006672216,37.9424789428711,52.614532699584935,1.0,343.024421779303,0.0740424670279026,171.291015625,3879.58203125,121.104677154527,52.6512805938721,119.20599384829,-0.4969916766594816,44.6569242,-1.68719311533314,4.352535400539636,1834.6142053604137,1075.32978057861,1039.54124450684,1074.93007183075,-63.561218,4.0,95.9750366210938,3.84791588783264,36.0400581359863,-313.959991455078,58.9007437229156,30.9292286634445,-1.64297244293407,-0.86698547326222,-2.72395414619513,-0.9475840742316668,13.6000156402588,314.009948730469,2.0,7.0,4.0,0.0,0.0,24060101.0,-142.91542460848018,336.089676073476,22.0354130744934,-42.88600597381589
2024-06-01 19:13:16+00:00,ESP,ESP,24.13516123228946,21.84732448299658,0.0,19.523851221709158,16.5394690487827,13.959351429432061,6.44469606802158,-10.6160259962806,2.9782025592748838,2.448635325233488,0.6052058751576175,-1.374117008639668,6.094400126106594,-13.177397393057879,-10.175809802857419,-22.41061974611238,37.9951961517334,52.75468528747558,1.0,344.783195490581,0.0741767652332783,185.9453125,3894.236328125,120.384966461304,52.7196464538574,118.648513808234,-0.9713836874262471,44.6568568,-1.94447801707447,4.421310126781465,1834.4771146774299,1095.45207023621,1028.61285209656,1062.07919120789,-63.5610581,4.0,98.7156372070312,3.84791588783264,36.0400581359863,-315.059997558594,47.4357724189758,30.9234321117401,-0.7064881140001005,0.830986054107169,0.524991178052217,-0.08099863706996935,14.6000194549561,315.010009765625,2.0,7.0,4.0,0.0,0.0,24060101.0,-143.9576896192188,336.017795162651,21.596983909606948,-43.78600108623505
2024-06-01 19:13:17+00:00,ESP,ESP,29.58713843912306,26.531376349747,0.0,24.27541541029166,21.60128672569548,19.04622770437178,6.444106750762256,-10.6224886358959,2.977481205921168,2.179159816484156,0.0861573135314365,-1.374385883305214,6.097924247586226,-20.91957749746754,-10.540911247015462,-19.763824454046222,38.1531795501709,52.9485012817383,1.0,346.148987437774,0.0749108523130417,200.6015625,3908.892578125,121.483793634598,52.8409664154053,120.1199824422645,-0.45399238615831,44.6567888,-1.6756257630869,4.460609890520575,1834.5162868499738,1222.07236289978,1120.86236476898,1122.41625785828,-63.5608984,4.0,100.770896911621,3.84791588783264,36.0400581359863,-316.059997558594,47.4357724189758,30.9234321117401,-1.094481732238155,0.148997495154574,2.95095057406204,1.6407724390024039,15.6000232696533,316.010070800781,2.0,7.0,4.0,0.0,0.0,24060101.0,-146.032263956962,335.672897930322,20.0448543548584,-44.97645398920233
2024-06-01 19:13:18+00:00,ESP,ESP,29.16655178248766,26.996093200119283,0.0,25.31122759981188,23.2512039555672,21.28338513304208,6.4460217650508,-10.623369303412051,2.97784209604144,2.8270555528956978,0.0788026972342672,-1.374654715282076,6.095484589392062,-22.68765939054672,-7.883167759351339,-18.01880435319014,39.2500511169434,53.37741371154787,1.0,346.853097978932,0.0769317626953125,215.3828125,3923.673828125,121.625602022146,53.3082149505615,120.5964769293325,-0.168397167728843,44.6567186,-1.15644494158425,4.401660151779653,1834.584832191466,1194.54336166382,1139.47308063507,1135.00249385834,-63.5607391,4.0,103.181098937988,3.84791588783264,36.0400581359863,-317.059997558594,47.4299639463425,30.9234321117401,-1.0684820835539715,0.107998184093981,0.32099463848296,0.10659820658975558,16.6000270843506,317.010131835938,2.0,7.0,4.0,0.0,0.0,24060101.0,-145.549954246835,335.484248105446,19.3875861167908,-44.62319892883302
2024-06-01 19:13:19+00:00,ESP,ESP,28.73654492894898,27.1054657023176,0.0,25.52407473586026,23.584212902136322,21.59026280037508,1.20608648966763,-10.62762878013315,-0.23594180922899652,2.7531030456952204,-0.39033617969027784,-1.374654715282074,6.0952141992782956,-22.716269003923156,-7.1462818724418415,-18.600384032714057,39.1026592254639,53.28842582702636,1.0,347.519806404195,0.0790431641042232,230.22265625,3938.513671875,121.350837172214,53.3141235351562,120.2159875812385,0.13019781034268083,44.6566482,-1.20447066968125,4.51955981552601,1834.4966888427741,1237.30182647705,1213.50240707397,1201.92289352417,-63.5605792,4.0,106.026802062988,3.84791588783264,36.0400581359863,-318.059997558594,47.3602682352066,38.4798288345337,-0.744987489113082,-0.330994435634256,-1.27497860576159,-0.4315927691025669,17.6000308990478,318.010192871094,2.0,7.0,4.0,0.0,0.0,24060101.0,-144.7970160493384,335.471216104509,19.957906150817898,-43.942400264739966
2024-06-01 19:13:20+00:00,ESP,ESP,28.697149763854203,27.09472318079102,0.0,25.357661616355838,23.45397553806144,21.5260330674581,-8.22729732110626,-10.6329166272112,-1.513880501582992,2.3905556653999303,-0.27160667451272197,-1.374923547258938,6.098466393851598,-22.88373124048406,-7.1711182331886665,-19.670138164295757,38.7041919708252,52.95679527282714,1.0,348.192989848792,0.0811838820576668,244.966796875,3953.2578125,121.608799756787,52.799592590332,121.0074699022595,0.23699602224696198,44.6565786,-0.8164129917393,4.765183571726082,1834.5456600189202,1353.5258769989,1296.59426212311,1299.62956905365,-63.5604198,4.0,108.335403442383,3.84791588783264,36.0400581359863,-319.059997558594,47.3583340644836,38.4817600250244,-1.1209812120313671,0.194996738141347,1.05198242759248,1.0181829056473868,18.6000347137451,319.01025390625,2.0,7.0,4.0,0.0,0.0,24060101.0,-143.3350113254216,335.636752569234,20.46722888946535,-42.2310344696045
2024-06-01 19:13:21+00:00,ESP,ESP,28.70152245096084,27.068953901580937,0.0,25.438776259919997,23.43928038606214,21.52606243727154,-10.9049861137413,-10.630713037430251,-1.0157620838342953,2.52186630832552,-1.316530061577358,-1.3741170086396661,6.104159015015339,-23.642080655350878,-7.175460696708233,-21.272155619027636,39.9487987518311,53.05352439880371,1.0,349.578999155927,0.082366132736206,259.705078125,3967.99609375,122.968594797889,53.230167388916,121.6564608168155,0.8391859283254786,44.6565071,-1.74294474787678,576.8226052634418,1834.5456838607781,1313.76922130585,1290.16208648682,1262.01581954956,-63.5602622,4.0,111.053802490234,3.84791588783264,36.0400581359863,-319.959991455078,47.3680138587952,38.4933590888977,-1.398976581357495,-0.713988008554318,1.72197105120467,0.8105864148244779,19.6000385284424,320.010314941406,2.0,7.0,4.0,0.0,0.0,24060101.0,-140.811723612041,335.998506708434,20.7898527145386,-39.377318954467775
2024-06-01 19:13:22+00:00,ESP,ESP,28.67527813209398,27.03675399926728,0.0,25.37261324195846,23.420378862062503,21.6213148893987,-10.90557521755715,-10.63056576147625,-1.0273043031188216,3.251290725830966,-3.5324619943829347,-1.3743858833052136,6.096568711168072,-29.12142096603734,-7.05396392571421,-21.959075598573378,41.4374908447266,52.73473274230956,1.0,351.10879760547,0.0833380110561848,274.39453125,3982.685546875,124.352937538867,52.8360088348389,125.020404115128,2.6521556672154643,44.6564343,-0.668222326020647,1314.993119239806,1834.4966888427741,1247.50506877899,1265.03920555115,1142.18628406525,-63.5601064,4.0,108.891403198242,3.84791588783264,36.0400581359863,-320.959991455078,47.3757565021515,38.503023982048,-1.141480877566823,0.412993071095654,2.09996471220887,4.343127200508772,20.6000423431396,321.010375976562,2.0,7.0,4.0,0.0,0.0,24060101.0,-134.29281894741362,337.314438274686,21.0408971786499,-32.68860547542572
2024-06-01 19:13:23+00:00,ESP,ESP,28.659968263069423,26.987385733455902,0.0,25.455770453593903,23.435067183872604,21.54881618796304,-10.90572249351115,-10.63497208726455,-1.6480586500212202,2.903533394475746,-2.24587676278738,-1.2544807811755536,5.982442909571598,-31.00318008803926,-7.1111529288799975,-21.68214421263738,39.7776008605957,52.20778861999512,1.0,352.292687954687,0.0847528226673603,288.98046875,3997.271484375,129.920183750209,52.1433483123779,131.24729633613202,3.693337964904572,44.6563557,0.293903760357163,1775.0736474990858,1834.4672918319698,1501.73270702362,1479.32291030884,1280.03931045532,-63.5599582,4.0,96.0644836425781,3.84791588783264,36.0400581359863,-321.959991455078,47.3525255918503,38.4991586208344,-1.0984816084099889,-4.17993020364112,-4.28192797983786,5.975499510016094,21.6000461578369,322.010437011719,2.0,7.0,4.0,0.0,0.0,24060101.0,-135.19349686873338,339.464226655569,21.2810746192932,-34.06160712608924
2024-06-01 19:13:24+00:00,ESP,ESP,28.673089056465024,26.96592323002698,0.0,25.317156887030357,23.4371715651559,21.544681191439537,-10.9058697694651,-10.6224886358959,-0.07759727490045516,4.698956278670389,-5.395358311020065,-0.19953107961728414,4.917628968439214,-32.22271787755314,-7.1284096579501295,-21.545665421698942,40.1952083587646,52.54893058776857,1.0,353.158209526311,0.0889981962740421,303.509765625,4011.80078125,134.31386685836,52.5288173675537,136.883199609011,3.033549118912062,44.6562673,0.242287220386583,1822.3815679550178,1834.5554351806636,1281.89873695374,1384.53018665314,1221.31335735321,-63.5598221,4.0,84.0533294677734,3.84791588783264,36.0400581359863,-323.059997558594,47.3757565021515,38.5126918554306,-2.41795943022274,-0.869985420411736,-1.25797879852595,7.005482559966549,22.6000499725342,323.010498046875,2.0,7.0,4.0,0.0,0.0,24060101.0,-135.664550427108,341.803730370838,21.39361066818235,-36.78242146418644
2024-06-01 19:13:25+00:00,ESP,ESP,28.66215324058492,26.95090569309884,0.0,25.49419778088332,23.441365301306284,21.56126523225378,-10.905133389695251,-10.62777520231345,0.46632937932807,6.193878843160068,-6.59998788932123,1.0094670933466063,3.7018216574952794,-32.87692910569204,-7.10088920361422,-19.092707824692617,38.8715858459473,52.8429727935791,1.0,353.497314758224,0.0932481229305267,318.158203125,4026.44921875,143.886718489591,52.7841464996338,149.11000320452098,1.9053680550661973,44.656168,1.87124729011453,1822.1653938293462,1834.4281435012822,1107.55443572998,1224.79724884033,1122.16305732727,-63.5596999,4.0,74.2039031982422,3.84791588783264,36.0400581359863,-323.959991455078,47.38350212574,38.520422577858,-2.45695884988816,-2.47995844470112,-4.80091905014763,13.286576771657442,23.6000537872314,324.010559082031,2.0,7.0,4.0,0.0,0.0,24060101.0,-138.5927481469412,344.09351030895,21.59075260162355,-39.024140519362234
2024-06-01 19:13:26+00:00,ESP,ESP,28.590010733514458,26.961635578775503,0.0,25.521940301744618,23.479166641758262,21.739456671472418,-10.78998621868575,-10.643637462887149,0.8198093513288567,4.331718650160733,-6.55060476784839,2.2375531314110058,2.520442256572256,-32.57862469180522,-6.850554745060978,-17.25457619450468,36.5105381011963,52.874248123168925,1.0,353.16908318747,0.0968871563673019,332.849609375,4041.140625,157.587258341936,52.829736328125,162.8597614000255,-0.5849901797394876,44.6560528,1.81665124020109,1821.4678764343262,1834.4477176666242,1214.50448036194,1226.83489322662,1251.58309936523,-63.5596091,4.0,67.0535888671875,3.84791588783264,36.0400581359863,-325.059997558594,47.3699480295181,40.5656188726425,-1.79347005840574,-0.6659888008012,-3.26694522058786,13.899166705296281,24.6000576019287,325.010620117188,2.0,7.0,4.0,0.0,0.0,24060101.0,-145.2536360519588,346.059293393593,21.935930156707748,-42.54359592090952
2024-06-01 19:13:27+00:00,ESP,ESP,26.6023119623911,24.69323242521862,0.0,23.272680460883958,21.44972448650342,19.678893613038035,-10.62035761687485,-10.6556803670544,0.6185423100984102,1.3772257052073715,-7.14530293557905,3.425043950815604,1.3127677585947637,-30.638881703372864,-6.92341894699458,-15.47368718446756,34.0850452423096,52.36262031555176,1.0,352.273891274091,0.0996395252645016,347.498046875,4055.7890625,172.507533376262,52.2562843322754,177.824009192228,-1.240779208257098,44.6559258,1.44799914354735,1820.12186050415,1834.4281435012822,1179.5539855957,1166.92280769348,1240.12672901154,-63.5595607,4.0,62.7658386230469,3.84791588783264,36.0400581359863,-326.059997558594,47.2518533468246,56.9329798221588,-1.67947179991985,-0.521991230902701,0.577990297721196,15.430340584183181,25.600061416626,326.010681152344,2.0,7.0,4.0,0.0,0.0,24060101.0,-152.159170404744,347.742170042814,22.26885023117065,-46.10096529447116
2024-06-01 19:13:28+00:00,ESP,ESP,2.858644366722035,0.25598142950735364,0.0,-0.008073707817734643,0.6281871615284494,-0.25077713485273845,-10.56572891011945,-10.65685558647845,0.3844517009139826,1.5107011979347373,-7.520403691304635,4.629202886394266,0.12623770935058998,-9.22276768131275,-3.109421813735771,-6.943604247737407,28.9217937469482,50.67303703308106,1.0,351.316189469428,0.100691608339548,361.859375,4070.150390625,189.262028391439,50.6043594360352,194.75973644684098,-0.7423875615972602,44.6557971,1.54956715143491,1820.0235605239861,1834.48688983917,964.241087436676,940.256774425506,972.814202308655,-63.5595618,4.0,62.4360008239746,3.84791588783264,36.0400581359863,-327.059997558594,47.1008449792862,56.8769216537476,-1.331977708324105,1.80396971334649,0.817986229765077,17.058313782289538,26.6000652313232,327.0107421875,2.0,7.0,4.0,0.0,0.0,24060101.0,-167.30376524386742,349.180225391425,22.4163803100586,-48.79216976165773
2024-06-01 19:13:29+00:00,ESP,ESP,-24.26261051314516,-23.409781140546322,0.0,-22.20864627122268,-20.0664247154115,-19.36753209726966,-10.51389759271595,-10.6572961336799,1.0438003145340589,1.5846536304300218,-6.3966766365052194,5.825296819978342,-1.049178026624472,19.847791555362516,4.895078031677359,4.219036953326044,25.7657220840454,48.12170539855957,1.0,350.126479799039,0.100831398367882,375.6015625,4083.892578125,205.804118183806,48.0566333770752,210.461473914676,-1.9367675445864863,44.6556791,1.23784713611246,1820.0432300567602,1834.575033187864,802.977681159973,721.480250358582,800.254285335541,-63.5596116,4.0,62.4273300170898,3.84791588783264,36.0400581359863,-328.059997558594,46.9750076532364,56.7068099975586,-0.599989936831412,0.148997495154574,-4.42992622632099,15.1617454441292,27.6000690460205,328.010803222656,2.0,7.0,4.0,0.0,0.0,24060101.0,34.3600643858442,350.407719668303,22.49197311401365,-47.65335845947266
2024-06-01 19:13:30+00:00,ESP,ESP,-29.334077198298424,-27.45096911393538,0.0,-25.51760381464056,-23.738794426450937,-21.774940528739,-10.489602182951451,-10.6831441308202,2.758179071531642,2.666885311670056,-3.206744787017015,6.200067421434923,-1.3386945803869221,25.865374849062817,7.559137011068858,8.719501798217784,22.7955768585205,45.117561950683594,1.0,348.840792310432,0.100139804184437,388.55078125,4096.841796875,221.090750904833,44.9687301635742,222.467764852832,-2.334960849730766,44.6555811,-0.606219629643417,1818.9428329467778,1385.5851888656612,964.184105396271,767.955720424652,881.350040435791,-63.5596989,4.0,67.265380859375,3.84791588783264,36.0400581359863,-329.059997558594,46.9207972288132,56.6449522972107,0.30199493651710285,-1.15098068352653,0.690988360380505,10.55822287373106,28.6000728607178,329.010864257812,2.0,7.0,4.0,0.0,0.0,24060101.0,170.5423759369474,351.454814988823,22.563394546508803,-44.78465055738176
2024-06-01 19:13:31+00:00,ESP,ESP,-28.971536904324363,-28.53174409725238,0.0,-28.236478776036783,-27.558029597099697,-28.22421004874014,-10.487393043641699,-10.684025225223149,3.5055367910331925,4.104810417111484,-3.744178008416055,6.523488148447155,-1.011226411338584,25.01280502365242,0.7473270940405494,26.7567456131102,28.9497573852539,43.619514312744144,1.0,347.550105123354,0.0988337226212025,400.798828125,4109.08984375,229.588694685245,43.4212852478027,231.52762829626,-0.11039815915587184,44.6555026,-0.191561299731176,1818.697190284732,370.1124042272569,917.382478713989,820.091485977173,860.825419425964,-63.5598078,4.0,74.2204895019531,3.84791588783264,36.0400581359863,-329.959991455078,60.8444809913635,56.764805316925,-1.3159779901933528,-1.83896931020093,3.18494666516774,9.27684472222663,29.600076675415,330.010925292969,2.0,7.0,4.0,0.0,0.0,24060101.0,144.1452001685412,352.347739279397,22.64897975921635,-36.2050463456374
2024-06-01 19:13:32+00:00,ESP,ESP,-28.80492400178678,-28.33464020573144,0.0,-27.870165827074704,-27.4864809749776,-26.43188644825878,-10.47487757576135,-9.20009491105159,5.314056477583974,4.5752209558645776,-0.37615049710407794,6.463535736120546,-1.0101421614965278,23.889013508942703,2.3730356312032748,32.59197088144342,30.3501262664795,43.78520874023436,1.0,346.078390602512,0.097440905123949,412.908203125,4121.19921875,237.760660857328,43.6742729187012,238.32749825654702,-0.5769903446864921,44.6554372,-0.0244187767213885,1818.972277641296,30.681082187220454,663.642942905426,686.405897140503,666.500091552734,-63.55993,4.0,82.9502563476562,3.84791588783264,36.0400581359863,-330.959991455078,60.8735203742981,56.8015336990356,-1.85746887756791,2.41295941158517,0.193996742417961,5.319110689503736,30.6000804901123,331.010986328125,2.0,7.0,4.0,0.0,0.0,24060101.0,138.0021608139398,353.109114126557,25.356605815887498,-32.5915183067322
2024-06-01 19:13:33+00:00,ESP,ESP,-28.763319953514337,-25.28190696374284,0.0,-20.98661887775632,-16.604817566685718,-11.294971303083528,-10.4801782294441,-1.4197420639816247,5.007105727226848,3.005263341879652,0.9818828220986815,6.4425658600855,-1.008515530601348,26.691624882016022,17.46834847967614,34.041873193170005,26.9069938659668,44.41248825073242,1.0,344.657000915476,0.0963805340230465,425.15234375,4133.443359375,240.029567737336,44.4222393035889,238.703991943977,-2.0595654879617364,44.6553796,-0.946258036151563,1819.66004371643,2.066962420940398,779.014527797699,737.088739871979,798.0917096138,-63.5600619,4.0,94.1666412353516,3.84791588783264,36.0400581359863,-331.959991455078,60.9219193458557,56.8575918674469,-1.062482189254939,-0.549990790992375,-1.51097466163363,-0.7131880119756093,31.6000843048096,332.011047363281,2.0,7.0,4.0,0.0,0.0,24060101.0,143.71904007754299,356.80271650516,27.2786973953247,-35.656336346794575
2024-06-01 19:13:34+00:00,ESP,ESP,-28.3042236658101,-23.64568870277994,0.0,-17.957475401613657,-12.193533402553273,-5.787553280002226,-10.4153896162983,6.28776585509478,4.989071381119709,2.9980483569272742,-4.0394259553379595,6.442296579877473,-1.00499151584342,28.359381882980898,22.516670044298422,37.6273652885331,32.5441989898682,45.29870109558108,1.0,343.512397814365,0.0970732010900974,437.603515625,4145.89453125,239.630138274674,45.2975509643555,241.877461756905,-1.6685720773206363,44.6553219,0.586712395930449,1819.55199241638,2.0277790026739217,860.699534416199,764.313340187073,833.040595054626,-63.5601969,4.0,104.729797363281,3.84791588783264,36.0400581359863,-333.059997558594,60.9974265098572,56.9233119487762,-1.2914783684447801,-0.317994664653017,2.85195253157141,5.2567116607277455,32.6000747680664,333.011108398438,2.0,7.0,4.0,0.0,0.0,24060101.0,135.53765370855643,0.243689677002683,27.775954914093,-32.64751813551959
2024-06-01 19:13:35+00:00,ESP,ESP,-23.060325098455838,-17.846652508745077,0.0,-11.63175922256564,-5.02853296980419,2.18810638245718,-10.3990454005013,6.287765855094779,4.556959719410948,2.9926364992271,-2.056750212051905,6.444985283844249,-1.009057719555398,28.9399701605468,25.24843186511116,35.87836421191925,39.4296913146973,46.51489311218261,1.0,342.438910642893,0.0975906528532505,450.35546875,4158.646484375,246.662746930929,46.5886436462402,248.4948358927585,-0.6625888927149275,44.6552688,1.17973695387105,1819.1000223159779,2.027779049240054,907.693922519684,885.758280754089,888.014376163483,-63.5603394,4.0,115.15950012207,3.84791588783264,36.0400581359863,-333.959991455078,61.0613107681274,57.00643658638,-1.56197376317541,0.624989523091141,1.27997851767745,5.677304976797562,33.6000595092773,334.011169433594,2.0,7.0,4.0,0.0,0.0,24060101.0,124.2783218202976,2.72206922742762,26.23681325912475,-27.87590877826398
2024-06-01 19:13:36+00:00,ESP,ESP,-22.78738254299512,-17.41907617802256,0.0,-11.14395786959128,-4.160966951806858,2.952860038821882,-10.403904226322101,6.287325307893315,4.938212938786153,2.9926364992271,0.96927358585954,6.444716345145681,-1.007431280759292,28.233500130539745,25.740242709883056,32.32229247338707,42.0551834106445,47.797954788208,1.0,341.499595707476,0.0978375636041164,463.439453125,4171.73046875,250.877902554554,47.8735187530518,250.418299125304,0.7419875513017138,44.6552254,-0.0183604689637066,1819.5912599563599,2.05716653726995,903.774678707123,932.288348674774,896.133065223694,-63.5604929,4.0,126.016403198242,3.84791588783264,36.0400581359863,-335.059997558594,61.0942244529724,57.0470333099365,-2.10496473084644,0.00499991608467753,3.01994935850092,0.8657854517137299,34.6000442504883,335.01123046875,2.0,7.0,4.0,0.0,0.0,24060101.0,119.17338106104121,4.06415508211482,25.726926612854,-22.14007003784178
2024-06-01 19:13:37+00:00,ESP,ESP,-22.84775629261616,-17.935536833999617,0.0,-12.020644239187341,-5.680592944486638,0.2502256771185394,-10.408616203075749,6.28747215696047,4.990513575562957,2.992276462880474,2.83899694337636,6.443909529049971,-1.010684201040192,23.51556096324124,23.09798163889738,29.980467176818717,45.3927440643311,49.1381872558594,1.0,340.499601371473,0.097975268214941,476.8984375,4185.189453125,249.698028356569,49.0748531341553,248.601810315539,1.564573781404682,44.6551844,-1.01994457151689,1819.7288513183598,2.008187328465284,774.362325668335,852.565169334412,774.281084537506,-63.5606527,4.0,139.523300170898,3.84791588783264,36.0400581359863,-336.059997558594,61.1019670963287,53.6293506622314,-2.21496311316049,-0.575990279593998,-0.908984733355452,-3.4277424304906297,35.6000289916992,336.011291503906,2.0,7.0,4.0,0.0,0.0,24060101.0,112.7223233975154,4.26771947881694,25.4585289001465,-17.08063794544767
2024-06-01 19:13:38+00:00,ESP,ESP,-22.818608118823658,-18.15299366471878,0.0,-12.118513678294958,-5.763384826378858,1.3278396595597979,-10.41391685675855,6.28747215696047,4.314212576497212,2.99083379886172,3.3407090224681752,6.44337199316229,-1.0136661335657737,22.695415070349263,24.146447778383457,28.4939164605721,46.5701969146728,50.40711296081544,1.0,339.454500466191,0.0981821805238724,490.755859375,4199.046875,245.300807210429,50.4604179382324,242.880939489385,1.053782353193513,44.6551359,-1.05760079179335,1819.807410240172,1.97879974730313,793.846368789673,832.206904888153,737.577795982361,-63.5608137,4.0,152.115295410156,3.84791588783264,36.0400581359863,-337.059997558594,61.123263835907,44.679206609726,-1.33097767258008,0.879985297604311,-1.42397619429765,-5.23731213056025,36.6000137329102,337.011352539062,2.0,7.0,4.0,0.0,0.0,24060101.0,111.67368035612981,3.24151429187379,24.81381855010985,-17.914253082275394
2024-06-01 19:13:39+00:00,ESP,ESP,-22.856085708308957,-17.523321257210977,0.0,-11.19894755184434,-4.42561347412431,2.875712070306896,-10.408616203075749,6.287325307893315,4.808724163444298,2.991194091340438,2.01419695958396,6.443103054463721,-1.0128528287903518,22.185779822409838,25.731797863993215,27.88501021870734,47.5765514373779,51.2122583770752,1.0,338.423387788329,0.0985183015465736,504.859375,4213.150390625,240.332309042108,51.2086280822754,238.887997240217,1.4885750349062339,44.6550768,-0.618312426208072,1819.719004631042,2.0473707001656303,886.149883270264,919.004559516907,804.557144641876,-63.5609714,4.0,163.560592651367,3.84791588783264,36.0400581359863,-338.059997558594,61.1387550830841,44.6676075458527,-1.3344776109211849,0.308994796524041,2.03696582206902,-3.3963430263477044,37.5999984741211,338.011413574219,2.0,7.0,4.0,0.0,0.0,24060101.0,111.9597300446076,1.93823394351261,24.62501592636105,-18.25920511392445
2024-06-01 19:13:40+00:00,ESP,ESP,-22.86858119788606,-18.24464285054932,0.0,-12.733943433836021,-6.735940584938845,-1.5088121116846136,-10.4177447509015,6.28776585509478,3.5545911669635437,2.9904729514301316,1.935920643818085,6.44417846774854,-1.01176862163698,19.88326704564738,21.359769529096518,27.87030004029186,48.8781566619873,51.53545005798338,1.0,337.546118291333,0.0985170342028141,519.158203125,4227.44921875,237.097476809676,51.4984645843506,236.123532815168,2.4053597162277915,44.6550092,-0.315333905764901,1819.6600675582881,2.037574863061308,1084.80334281921,1113.06941509247,996.010661125183,-63.561125,4.0,176.742904663086,3.84791588783264,36.0400581359863,-339.059997558594,61.14262342453,44.6560084819794,-0.9564839499169835,-0.0559990601483883,0.0949984064426364,-2.682955039239804,38.599983215332,339.011474609375,2.0,7.0,4.0,0.0,0.0,24060101.0,109.78111553335141,359.988699224647,24.57478437423705,-15.983340535845073
2024-06-01 19:13:41+00:00,ESP,ESP,-22.885243102856883,-19.60640532764092,0.0,-15.40790682785428,-11.319862390721065,-6.143339157217342,-10.4152419134575,6.287031609759005,3.473074310634638,2.9908337988617197,1.12582797829943,6.444178809258,-1.01095529551722,19.1508576647199,16.741903732196118,28.1673763861659,49.7205230712891,52.0755997467041,1.0,336.861787978011,0.097575344145298,533.5234375,4241.814453125,234.357368839207,52.1272602081299,234.432569221969,1.9771668968996683,44.6549351,0.328382315163549,1819.758296012878,1.978799840435384,1132.04634189606,1233.11245441437,1056.3325881958,-63.561274,4.0,189.513595581055,3.84791588783264,36.0400581359863,-340.059997558594,61.1387550830841,36.2335920333862,-1.61397290046122,0.0629989435007002,0.756987357752427,-1.230779363081036,39.599967956543,340.011535644531,2.0,7.0,4.0,0.0,0.0,24060101.0,109.5595482947898,357.782848651056,24.508191776275602,-16.255530474736137
2024-06-01 19:13:42+00:00,ESP,ESP,-25.12119022200624,-21.468503750116945,0.0,-16.205730638010237,-10.691623810674775,-5.14493941425321,-10.41568374131945,6.28747215696047,3.359095230039274,2.989390793333508,2.760196197148275,6.44337199316229,-1.0123106825249861,21.74442631711252,19.976250508932242,27.56565277123234,51.1424903869629,52.448896636962864,1.0,336.174588985237,0.0964832291007042,548.052734375,4256.34375,233.524550213329,52.4100345611572,232.805604501294,0.9827835292830939,44.6548571,0.376933194094277,1819.73865032196,2.057166583836076,1155.30598163605,1216.383934021,1110.47184467316,-63.5614216,4.0,199.063293457031,3.84791588783264,36.0400581359863,-340.959991455078,61.123263835907,36.2200617790222,-1.396476572038715,1.56797365747445,1.04098240793418,-2.457358853513598,40.5999526977539,341.011596679688,2.0,7.0,4.0,0.0,0.0,24060101.0,106.9978353031768,355.61860758989,24.542308616638202,-13.052662064047437
2024-06-01 19:13:43+00:00,ESP,ESP,-28.15869692327812,-21.84415117710818,0.0,-15.035699425638478,-7.8591496552670845,0.04136925364111446,-10.41067763954465,6.28805955322909,3.1516960236276477,2.989390793333508,2.4586455864480348,6.44337199316229,-1.0109552528285362,25.40838328415124,28.20006635455254,26.685966753307564,52.9959148406982,53.2681704711914,1.0,335.458593914923,0.095714695751667,562.66796875,4270.958984375,229.888102857701,53.1716892242432,229.01065577578652,0.33239442431091,44.654775,-0.142486323843568,1819.768118858338,2.0571665372699477,1209.84649658203,1202.83436775208,1151.15547180176,-63.5615666,4.0,211.564605712891,3.84791588783264,36.0400581359863,-341.959991455078,61.1406862735748,36.2181276082993,-2.57545676229406,-2.65595534413942,-0.621989575941624,-3.5891398005780304,41.5999374389648,342.011657714844,2.0,7.0,4.0,0.0,0.0,24060101.0,103.62000623028182,352.902295998489,24.61951847076415,-10.050984249115002
2024-06-01 19:13:44+00:00,ESP,ESP,-27.89129809085726,-21.19263923972926,0.0,-13.696082300138078,-5.598446430093626,3.0231213263659216,-10.40287329464425,6.287325307893315,3.826193767375146,2.990112103998544,1.7252537575136548,6.44337165165283,-1.012310703869326,25.152420578967202,30.914419389208724,25.40966496914902,55.6812618255615,55.33363655090331,1.0,334.661101027433,0.0960304588079452,577.767578125,4286.05859375,227.221719949133,55.3208930969238,226.1787090817375,-0.1707971324520685,44.6546837,-0.468269605285582,1819.73865032196,1.978799793869258,793.656051158905,949.218034744263,907.888233661652,-63.5617083,4.0,221.790802001953,3.84791588783264,36.0400581359863,-342.959991455078,61.1387550830841,36.2200617790222,-2.83645248446712,1.03098269082416,0.304994866991353,-2.561757067677628,42.5999221801758,343.01171875,2.0,7.0,4.0,0.0,0.0,24060101.0,101.59787271894841,349.565830551208,24.792963409423848,-8.376950097084046
2024-06-01 19:13:45+00:00,ESP,ESP,-27.802310971255743,-20.981317967941482,0.0,-13.35823672586298,-4.930038483010113,3.5720948500608514,-10.4027264455771,6.288206402296245,4.193740760765518,3.9944232049345834,1.0097258081057625,6.44310339597318,-1.0125817983463519,23.93211849128518,31.37440565056188,25.37844144237724,56.4147193908691,56.139608001708986,1.0,333.869809951708,0.096775683760643,593.3046875,4301.595703125,226.036040090354,56.1514011383057,225.26772577099752,0.2297961610943144,44.6545868,-0.619950924556934,1819.679713249204,2.0571665838360778,694.964826107025,774.104833602905,751.874268054962,-63.56185,4.0,233.910598754883,3.84791588783264,36.0400581359863,-343.959991455078,61.1464977264404,36.2142622470856,-2.019966121555095,0.615989681642591,1.00398316647851,-0.6211896060433432,43.5999069213867,344.011779785156,2.0,7.0,4.0,0.0,0.0,24060101.0,101.7589026248584,346.361816132311,25.55323448181155,-9.514545021057108
2024-06-01 19:13:46+00:00,ESP,ESP,-27.787126094692958,-20.93831987805952,0.0,-13.334474668495218,-5.047985519315114,3.6473609733934538,-10.40390422632205,6.28747215696047,3.7327737696249317,5.012802958768286,1.40058653165006,6.44310305446372,-1.012852850134696,22.595471644300158,31.43448672657696,26.71380045719428,56.9668922424316,56.27016197204591,1.0,333.114691557828,0.0979515641927719,608.89453125,4317.185546875,225.073051719274,56.2008464813232,224.350240120168,1.2089797471278838,44.654488,-0.1458589698701,1819.738650321958,1.920024701394142,848.616719245911,872.100234031677,815.817296504974,-63.5619905,4.0,243.993896484375,3.84791588783264,36.0400581359863,-345.059997558594,61.1523032188416,36.2200617790222,-1.72347107814028,0.0799986573548405,1.36597710935196,-1.3563772251126545,44.5998916625977,345.011840820312,2.0,7.0,4.0,0.0,0.0,24060101.0,101.97285693457141,343.451062715619,26.75089445114135,-11.238904162014228
2024-06-01 19:13:47+00:00,ESP,ESP,-27.78278755853218,-20.833934779993122,0.0,-13.26329504734304,-4.81026701780044,3.87132808429741,-10.40110641008335,6.2879127041619345,3.4492684546788395,5.004145608617927,1.4872683023241349,6.442565518576041,-1.013123944611722,21.64181365313572,31.654115557452222,27.54876888511354,57.3998840332031,57.697562713623064,1.0,332.311488632192,0.0984829366207123,624.671875,4332.962890625,222.182706907821,57.6307411193848,221.8777731123265,1.1401808524439292,44.6543844,0.350277286960818,1819.699358940122,1.900432980619372,944.350183010101,1015.09070396423,926.203310489654,-63.5621278,4.0,255.735900878906,3.84791588783264,36.0400581359863,-346.059997558594,61.1658573150635,36.2123280763626,-1.961467152139525,0.370993784321996,-0.208996491505757,-2.5065578907161337,45.5998764038086,346.011901855469,2.0,7.0,4.0,0.0,0.0,24060101.0,104.6435592547704,340.985746915838,27.22608919143675,-15.937043772245694
2024-06-01 19:13:48+00:00,ESP,ESP,-27.771941218130202,-19.94653952755214,0.0,-10.931954091150681,-1.196753537758828,9.052260589108524,-10.3971312399864,6.28717845882616,3.4337585891776237,5.001981292424678,2.0346853926598802,6.443103054463721,-1.01203963073664,21.47053607290446,36.82420197799341,26.79555987061608,57.660115814209,60.09931961059574,1.0,331.314308334126,0.09849648848176,641.00390625,4349.294921875,219.558944379674,60.0611228942871,218.711836998053,0.5281911536948798,44.6542726,0.0821422895474865,1819.7288274765,1.900433027185498,968.343913555145,1048.27535152435,991.593837738037,-63.5622626,4.0,265.429107666016,3.84791588783264,36.0400581359863,-347.059997558594,61.175537109375,36.2161964178085,-2.6014563042565397,-0.890984997097499,-0.100998300741669,-3.457941983839792,46.5998611450195,347.011962890625,2.0,7.0,4.0,0.0,0.0,24060101.0,108.3118148013632,339.001003226059,27.39912385940555,-22.43370265960692
2024-06-01 19:13:49+00:00,ESP,ESP,-27.79146394783486,-21.10272150685338,0.0,-13.590085618937058,-5.544769296755652,1.567217427467281,-10.400517733154249,6.28747215696047,3.4615323581543764,5.000899134328053,1.756249582853995,6.442297262896391,-1.011768536259614,19.85923468354322,29.358681930254978,25.52720398702848,57.7596588134766,62.16222381591795,1.0,330.214593236241,0.0987623959779739,658.0390625,4366.330078125,216.914964491584,62.2605995178223,215.5173916741835,1.012383029169331,44.6541515,-0.843122286406076,1819.55199241638,1.900433027185498,864.231765270233,974.188566207886,903.944790363312,-63.562395,4.0,276.924194335938,3.84791588783264,36.0400581359863,-348.059997558594,61.1716628074646,36.2161964178085,-2.715954607294875,-0.304994866991353,0.651989100797643,-2.75655367860825,47.5998458862305,348.012023925781,2.0,7.0,4.0,0.0,0.0,24060101.0,111.61128247994839,337.335475257329,27.5161651611328,-26.739596900939944
2024-06-01 19:13:50+00:00,ESP,ESP,-27.84787721226566,-25.23180035448214,0.0,-22.30291244403368,-18.49974734246418,-16.73073201865755,-10.40537655897505,6.287325307893315,3.405263851045292,4.999816976231431,0.977152662634398,6.208939495657308,-1.2809539327239479,17.92559720120994,11.117145791249667,25.14477384068194,54.8658668518066,61.95636886596681,1.0,329.012999036696,0.0993092313408852,675.35546875,4383.646484375,215.655586891661,61.9229141235352,215.040904017305,2.102364755305846,44.6540251,-0.858093740901627,1819.620752334594,1.910228841006758,790.402948856354,920.08900642395,828.612923622131,-63.5625235,4.0,286.328186035156,3.84791588783264,36.0400581359863,-349.059997558594,61.1852169036865,36.2026631832123,-1.445475762174999,1.9299677070696,1.75597045223252,0.2785953507519067,48.5998306274414,349.012084960938,2.0,7.0,4.0,0.0,0.0,24060101.0,116.63223376901901,336.118390188746,26.84521551132205,-32.79017738342286
2024-06-01 19:13:51+00:00,ESP,ESP,-27.80448331292128,-26.54193343163764,0.0,-24.954166142080584,-23.93456301598914,-21.449939637462258,-10.4161255691814,6.287619006027625,2.144999180303206,5.00089904895069,1.138961738382275,6.152212810920968,-1.333544062799862,20.52412525395892,6.354543915582805,25.710066251110998,51.1634948730469,60.32048400878906,1.0,327.859106878314,0.100339199602604,692.353515625,4400.64453125,215.220189652829,60.1528587341309,215.277897921126,1.575773626784894,44.6538995,0.452044010664541,1819.6207761764501,1.949412282556294,1230.15689849854,1223.26552867889,1114.08579349518,-63.562647,4.0,296.096099853516,3.84791588783264,36.0400581359863,-350.059997558594,61.1774742603302,36.1968636512756,-0.331994418017428,1.54497406266149,2.36296029242656,-0.2879951878217659,49.5998153686523,350.012145996094,2.0,7.0,4.0,0.0,0.0,24060101.0,122.4810832156898,335.961022630269,25.69189138412475,-38.99325050354004
2024-06-01 19:13:52+00:00,ESP,ESP,-27.837027115259662,-26.806347129881743,0.0,-25.753001844762103,-24.48470504231082,-24.31371535455302,-10.4112663164737,6.287765855094779,1.6649153007607178,5.000177780974336,0.972426358491733,6.195496744219715,-1.3330018311571261,20.9334352682746,3.5233113765084605,26.447947638092064,51.1865352630615,59.8423645019531,1.0,326.963095342235,0.101808004081249,708.96875,4417.259765625,212.961610018846,59.8281372070312,214.37190747866998,1.616772904494956,44.6537747,1.43023264757738,1819.699358940124,1.890637166798114,1443.69459152222,1457.17573165894,1345.41058540344,-63.5627644,4.0,304.972900390625,3.84791588783264,36.0400581359863,-351.059997558594,61.1871540546417,37.4224364757538,-2.1959632344368103,-4.54092363052286,-2.60695620736399,-0.7081880840514916,50.5998001098633,351.01220703125,2.0,7.0,4.0,0.0,0.0,24060101.0,123.63106304171501,336.34318537471,25.457026004791302,-38.41943801879883
2024-06-01 19:13:53+00:00,ESP,ESP,-27.828346627843445,-26.40911357303754,0.0,-24.642139536641757,-23.00500842089626,-20.86655473894074,-10.405671110883048,6.28659106255754,3.0456519153005486,5.000177780974336,1.112694218216585,6.197378546713415,-1.328664554312464,20.293340333602803,6.96179167812735,23.5957340652283,48.869034576416,60.16994522094727,1.0,326.148007887442,0.103209304064512,725.673828125,4433.96484375,214.757020864832,60.1975593566894,214.81039879319547,0.8051865299656674,44.6536487,0.186664787808004,1819.748473167418,1.959208096377552,1103.0889749527,1210.56985855103,1131.0920715332,-63.5628806,4.0,314.8505859375,3.84791588783264,36.0400581359863,-352.059997558594,47.7726370096207,37.4301671981812,-1.8809684635724548,2.22596249248856,1.58497346471008,0.5153913445057217,51.5997848510742,352.012268066406,2.0,7.0,4.0,0.0,0.0,24060101.0,128.3936911122248,336.818976352293,24.47841024398805,-41.09520737784248
2024-06-01 19:13:54+00:00,ESP,ESP,-27.821836433036044,-25.7401259136482,0.0,-23.722366113949782,-21.07159940839076,-19.13120789349666,-10.411560868381649,6.28717845882616,2.646363709487976,4.999816976231431,1.084324814055525,6.1984540453756,-1.32703805148333,19.926753494055,8.690628027275192,22.160504365876758,46.0992713928223,59.53365417480468,1.0,325.371606624108,0.104582903534174,742.291015625,4450.58203125,214.991706164714,59.4929992675781,214.9628964267945,1.808369742554154,44.6535253,-0.0963983150780113,1819.777941703796,1.959208142943678,1186.01942062378,1232.65862464905,1149.85883235931,-63.5630002,4.0,323.297912597656,3.84791588783264,36.0400581359863,-352.959991455078,47.7726370096207,37.4282360076904,-1.82996930866982,-1.67897191544997,-0.440992604504901,0.2267962039396379,52.5997695922852,353.012329101562,2.0,7.0,4.0,0.0,0.0,24060101.0,133.7487151498276,338.280445589379,24.14703855514525,-46.079433822631806
2024-06-01 19:13:55+00:00,ESP,ESP,-27.839196383340038,-27.104930898505597,0.0,-26.4313635972778,-25.4709584037418,-25.87924628024818,-10.41067763954465,6.287619006027625,2.880093167083954,4.99945608611116,0.8915198862868761,6.197109864146943,-1.324056097613408,18.56988894561724,1.9599498096071488,22.26136269576522,45.5285900115967,59.39215713500978,1.0,324.890488098973,0.105898004025221,758.810546875,4467.1015625,215.251977353226,59.443684387207,215.397883854276,2.531957656692122,44.653403,0.169749690926335,1819.738650321958,1.900433027185498,1059.0386390686,1134.8625421524,1014.89436626434,-63.5631198,4.0,334.072814941406,3.84791588783264,36.0400581359863,-353.959991455078,50.7405161857605,37.4243676662445,-1.956467240223665,0.649989136031298,0.266995509750383,0.4085931272653552,53.5997543334961,354.012390136719,2.0,7.0,4.0,0.0,0.0,24060101.0,135.4950387922868,339.954442992679,24.3960325241089,-46.69588973522185
2024-06-01 19:13:56+00:00,ESP,ESP,-27.830516578942763,-27.67315824122108,0.0,-27.52704376091102,-27.69085731041732,-27.384321835561725,-10.405818386837,6.287765855094779,2.476116249849576,5.000177780974336,0.22747708908953407,6.197110547165858,-1.317279055852872,17.611271895605938,0.44619497683477805,22.19657254582686,43.9154914855957,59.11345733642579,1.0,324.780303487282,0.107156302034855,775.25,4483.541015625,214.632820704964,58.9800476074219,215.2693943356095,2.36736034297857,44.653281,0.651365205705644,1819.797587394714,1.920024724677204,1053.49600315094,1163.71035575867,1034.19804573059,-63.5632384,4.0,341.647491455078,3.84791588783264,36.0400581359863,-354.959991455078,50.8044064044952,37.4437004327774,-1.4249761233199751,0.207996509122585,-2.39995985404735,-0.21339641399171505,54.599739074707,355.012451171875,2.0,7.0,4.0,0.0,0.0,24060101.0,139.1023895420508,341.816625767991,23.838641166687,-47.91317056928362
2024-06-01 19:13:57+00:00,ESP,ESP,-27.774113901305157,-26.21174364564846,0.0,-24.40741803675752,-22.66809602121652,-20.237160661641617,-10.40257916962315,6.2880597666725055,2.316328883415594,5.000177780974336,0.211191450168778,6.198991239753819,-1.323513930003698,20.3154646823623,7.536953239663566,19.93060435470904,43.8370147705078,59.733149414062495,1.0,324.635722042931,0.108379811793566,791.73046875,4500.021484375,214.7943136977,59.6610763549805,215.964386574226,1.853568967617882,44.6531579,1.05856395518803,1819.679713249206,1.9102288642898198,1122.11799621582,1186.81061267853,1050.8474111557,-63.5633558,4.0,351.437194824219,3.84791588783264,36.0400581359863,-355.959991455078,50.8140861988068,37.464964389801,-1.8474690003753351,-0.0189996836230646,0.486991847491674,0.9183845784294391,55.599723815918,356.012512207031,2.0,7.0,4.0,0.0,0.0,24060101.0,142.8803256323734,343.982232866992,22.88181867599485,-51.40772963131173
2024-06-01 19:13:58+00:00,ESP,ESP,-27.78495682661258,-25.39953306653424,0.0,-22.79328587549476,-19.943230642408743,-16.6712862356126,-10.395069376630701,6.28776585509478,2.855205665295718,5.0005385857172415,0.5542452517933525,6.198185704318584,-1.322700710605644,21.328632062708277,11.1136702494905,19.47723381458598,44.2615745544434,60.934336853027375,1.0,324.454312218576,0.10960430726409,808.478515625,4516.76953125,216.06220171333,61.0158416748047,216.921371209026,1.378376848214614,44.6530341,0.662177982131156,1819.777941703796,1.900433003902436,1031.67319297791,1143.31090450287,1018.26620101929,-63.5634779,4.0,359.478698730469,3.84791588783264,36.0400581359863,-356.959991455078,50.816023349762,37.464964389801,-2.273961753602535,-2.0049661723641,-4.71192083148872,0.9623837979529307,56.5997085571289,357.012573242188,2.0,7.0,4.0,0.0,0.0,24060101.0,144.0722154991462,346.299989259944,24.490095233917252,-52.46887085437773
2024-06-01 19:13:59+00:00,ESP,ESP,-27.78712507016458,-24.223502215995516,0.0,-20.308696989423204,-16.033247529390458,-12.12783791104042,-10.3933024920698,6.28717845882616,3.25305103633481,4.999816890854065,0.25847382156437454,6.19818544818649,-1.325411548654196,20.6904437753433,15.659286988369463,20.54444438372078,43.0318027496338,61.835771942138685,1.0,324.216621635459,0.110737205296755,825.546875,4533.837890625,217.78458417671,61.8116844177246,217.693858773965,2.144764051041028,44.6529106,-0.205299945102179,1819.768118858336,1.8906371667981137,952.093124389648,1066.27726554871,968.031585216522,-63.563607,4.0,370.348999023438,3.84791588783264,36.0400581359863,-358.059997558594,50.8102118968964,37.464964389801,-2.4574588410797453,-0.295995025542803,2.03696582206902,0.7385876071968657,57.5996932983398,358.012634277344,2.0,7.0,4.0,0.0,0.0,24060101.0,144.438723450009,348.557120893824,26.63450803756715,-52.37996978759763
2024-06-01 19:14:00+00:00,ESP,ESP,-27.81316277580904,-27.205451475539597,0.0,-26.713774160965983,-25.940082092166563,-26.5639443992569,-10.3977203438023,6.28717845882616,2.8948821488069596,5.000177780974336,-0.1418442793914802,6.197916167978462,-1.327309124616016,18.56759980771692,1.2492180243705249,21.77147693981088,43.9182552337646,62.365142669677745,1.0,323.928496935511,0.111662406474352,842.83203125,4551.123046875,218.294758326575,62.4578384399414,219.7353135244225,3.0105494814104197,44.6527876,0.748463655194222,1819.7681188583342,1.841657911427318,867.51127243042,1019.44482326508,855.338454246521,-63.5637412,4.0,379.715698242188,3.84791588783264,36.0400581359863,-359.059997558594,50.8198916912079,37.4688297510147,-1.67547187038716,0.824986159808136,-4.02193213332627,2.553757144579228,58.5996780395508,359.0126953125,2.0,7.0,4.0,0.0,0.0,24060101.0,144.387300321786,350.549323150176,26.7079670906067,-51.746865991445695
2024-06-01 19:14:01+00:00,ESP,ESP,-27.795803167014583,-24.706482650698963,0.0,-21.014492879759178,-17.626919175975537,-12.758772195997391,-10.4050824339539,6.287031609759005,2.315967950606642,4.999817061608793,0.40294543593974197,6.198992349659562,-1.337339193379154,21.82529746443272,15.037030629507706,21.781630357521582,43.2375869750977,61.954959869384744,1.0,323.691407409042,0.112681210041046,860.09765625,4568.388671875,220.160902611606,61.9374160766602,221.0302900703005,1.7979698403917979,44.6526666,0.964931453177261,1819.768118858336,1.9102288642898198,1139.44935798645,1169.24893856049,1040.75527191162,-63.563879,4.0,390.859100341797,3.84791588783264,36.0400581359863,-360.059997558594,50.8140861988068,37.4630302190781,-1.52297450359255,-0.359993978107102,0.348994145211781,0.6955883327039495,59.5996627807617,360.012756347656,2.0,7.0,4.0,0.0,0.0,24060101.0,145.3243968117602,352.753507157609,26.26689348220825,-51.50564632415774
2024-06-01 19:14:02+00:00,ESP,ESP,-27.832687213061018,-25.026585271812422,0.0,-21.992524400976777,-18.76371298029874,-16.47091017121506,-10.399781780271201,6.28688476069185,2.4436535133189277,4.999456256865888,0.5269286305794005,6.1987231548289,-1.3414054397798139,21.314136010723303,11.361776871091212,20.93264125878356,45.5330944061279,62.14664382934573,1.0,323.51078988663,0.11377239972353,877.3125,4585.603515625,219.962471955839,62.1385688781738,220.949297687122,2.702554651261294,44.6525474,0.776247530716511,1819.6305990219103,1.871045469306408,1147.20690250397,1203.47142219543,1075.72901248932,-63.5640189,4.0,401.71630859375,3.84791588783264,36.0400581359863,-361.059997558594,50.8237659931183,37.4630302190781,-2.3329609276531054,-3.07394840719222,-2.58895631102348,0.08219859458543596,60.5996475219726,361.012817382812,2.0,7.0,4.0,0.0,0.0,24060101.0,142.11909012107301,354.570118910779,24.71760234832765,-47.62624661372258
2024-06-01 19:14:03+00:00,ESP,ESP,-27.841366334439364,-25.646758252222536,0.0,-23.214045677425624,-20.7684499998162,-17.7201700411664,-10.39919182268165,6.28717845882616,2.8714370122167003,4.999456256865888,0.5547716566071195,6.19926034920712,-1.340321104560396,20.042718494840262,10.121195951763452,20.09394593814368,46.603430557251,62.48164306640624,1.0,323.28670504034,0.115393607318401,894.6484375,4602.939453125,220.980375047846,62.4643684387207,221.6667817386755,2.9127512470248638,44.6524284,0.581672730179184,1819.768118858336,1.929820538498462,929.455161094666,1059.06915664673,890.677392482758,-63.5641611,4.0,411.800415039062,3.84791588783264,36.0400581359863,-362.059997558594,50.8295714855194,37.4668955802918,-1.92096770553849,-0.359993978107102,-3.05894867144464,0.683988526386982,61.5996322631836,362.012878417969,2.0,7.0,4.0,0.0,0.0,24060101.0,140.6644975184432,355.604045626579,24.25551567077635,-46.12873535156248
2024-06-01 19:14:04+00:00,ESP,ESP,-26.14435768231604,-23.1120644644376,0.0,-20.170187583244477,-17.1908949257781,-13.738199124862419,-10.4065547666069,6.28717845882616,2.567732394639992,4.999816976231431,0.6572155295340245,6.19899175201801,-1.34113436664713,18.470326644123798,12.406158045189422,19.364998780106497,45.5235774993896,62.14415405273436,1.0,323.287688587581,0.11718091070652,911.97265625,4620.263671875,221.33156971459,62.1160400390625,222.08577969331,2.731354314651382,44.6523105,0.645290659573417,1819.6698904037482,1.8808413064107299,1096.69959545136,1135.55037975311,1000.30946731567,-63.564305,4.0,423.805908203125,3.84791588783264,36.0400581359863,-363.059997558594,50.8373200893402,37.4668955802918,-1.6904716594956,-0.362993898576192,1.17598024310583,0.520191235932564,62.5996170043945,363.012939453125,2.0,7.0,4.0,0.0,0.0,24060101.0,142.7607645369904,356.812196807728,23.796319770813,-48.89889404296875
2024-06-01 19:14:05+00:00,ESP,ESP,-25.817676222994038,-23.801173178102882,0.0,-21.84836779439232,-19.7860007122434,-18.01181604514084,-10.408468927121799,6.287472156960471,2.5781928293538643,4.998734562002712,1.7063407502584749,6.198454130752964,-1.3411343239584457,17.01809660392808,7.805860775494733,18.476260712474698,45.8715728759766,61.470575408935545,1.0,323.516691170073,0.118893112242222,929.15625,4637.447265625,221.916507115109,61.4593460083008,221.935781908947,2.952950453451018,44.6521944,0.322145445316828,1819.787764549254,1.871045446023346,1059.76569652557,1184.2428445816,1011.83879375458,-63.564449,4.0,434.729614257812,3.84791588783264,36.0400581359863,-363.959991455078,50.8334457874298,37.464964389801,-1.84046917705398,0.841985913682916,0.582990209637056,-0.5917900732852708,63.5996017456055,364.013000488281,2.0,7.0,4.0,0.0,0.0,24060101.0,141.845112108934,357.913059377394,22.67474184036255,-48.17067446708679
2024-06-01 19:14:06+00:00,ESP,ESP,-25.7643737682207,-24.05358111133336,0.0,-22.32068118115946,-20.14838698545164,-19.4268656090801,-10.41318047698865,6.28688476069185,2.661512855623652,4.998734562002712,1.976897509969935,6.19818544818649,-1.3422187445552338,16.62251902644818,6.337507961705443,16.07546697770706,44.3700611114502,59.87113082885744,1.0,323.91879806689,0.120498213171959,946.044921875,4654.3359375,221.827741976656,59.844815826416,220.469804747009,3.1697468902548422,44.6520807,-0.90731229750415,1819.7288274765021,1.8808413064107299,1056.12659454346,1134.41860675812,980.017244815826,-63.5645911,4.0,445.254211425781,3.84791588783264,36.0400581359863,-364.959991455078,50.8276402950287,31.4530938863754,-1.1629805254854495,0.775986969671846,0.872985260839547,-1.71437124912558,64.5995864868164,365.013061523438,2.0,7.0,4.0,0.0,0.0,24060101.0,142.6954706606006,358.846964802988,21.03099145889285,-47.35308476961574
2024-06-01 19:14:07+00:00,ESP,ESP,-25.7409434872919,-25.21042664351242,0.0,-24.59479812946658,-24.253226516244503,-23.5977230163146,-10.41435868462045,6.287619006027625,1.933993335189038,4.998734562002712,1.219339938143515,6.1976476561667155,-1.34194767142255,16.9608766941563,2.1432200921152336,15.888151771795119,44.3997447967529,58.05236206054686,1.0,324.022890149841,0.12171680778265,962.41015625,4670.701171875,219.014291434879,57.9706649780274,219.370827309554,2.746553876120872,44.6519679,0.65063800400245,1819.758296012876,1.9004329806193738,1169.47412490845,1203.03738117218,1006.24692440033,-63.5647249,4.0,456.948791503906,3.84791588783264,36.0400581359863,-366.059997558594,50.8392512798309,26.9335597753525,-0.7829868730344776,0.805986441167011,-1.35297723164902,-0.9525839972782686,65.5995712280274,366.013122558594,2.0,7.0,4.0,0.0,0.0,24060101.0,142.65265357073181,359.362288915487,18.73641958236695,-46.421921539306624
2024-06-01 19:14:08+00:00,ESP,ESP,-25.70046744476096,-22.47294146568468,0.0,-18.8887126138086,-15.26211575700142,-10.913117283193458,-10.410529936703849,6.287472156960471,1.6962959859164477,4.999456171488523,0.8216491321509085,6.218886470900325,-1.302098384125308,18.704545442085116,14.787350161567478,15.75288773000056,45.3261394500732,57.35458122253416,1.0,324.094798381423,0.123345606029034,978.3984375,4686.689453125,217.688032622603,57.1665618896484,218.54082955180348,2.023766097299832,44.6518543,1.21900744666915,1819.6600675582881,1.8808413064107299,1310.25791168213,1271.06857299805,1164.96396064758,-63.56485,4.0,466.254089355469,3.84791588783264,36.0400581359863,-366.959991455078,50.8315086364746,26.9277602434158,-1.584973411349229,-0.59699001636232,3.57193984745538,-0.8489857530125233,66.5995559692383,367.01318359375,2.0,7.0,4.0,0.0,0.0,24060101.0,140.3072212512628,359.699727581242,17.35920181274415,-41.76407265296349
2024-06-01 19:14:09+00:00,ESP,ESP,-25.455995508327064,-21.478621309334443,0.0,-17.62866428930846,-13.45178624107534,-9.078257996636886,-10.395658907333399,6.286737911624694,3.213374808955662,4.999095452122982,0.7885514761760545,6.371052925701822,-1.116948711034072,17.590291603532417,16.377736999425977,16.44199610215636,47.8298686981201,58.002480010986346,1.0,324.228615447642,0.125707599520683,994.380859375,4702.671875,217.253482327228,57.9765495300293,218.25883836173,1.7557706051662758,44.6517392,1.19732084900242,1819.699358940122,1.880841329693792,996.431291103363,1175.0305891037,986.82028055191,-63.5649721,4.0,461.752685546875,3.84791588783264,36.0400581359863,-368.059997558594,50.8489370346069,26.9238948822022,-2.312461288798075,0.810986406443725,-0.759987251541091,-0.11999799003432461,67.5995407104492,368.013244628906,2.0,7.0,4.0,0.0,0.0,24060101.0,135.07110534295822,359.073016743759,17.4834623336792,-34.47116539899039
2024-06-01 19:14:10+00:00,ESP,ESP,-24.868559283099295,-20.272706673629642,0.0,-15.31851638558228,-10.09060712032028,-4.298562905561425,-10.40037003031345,6.288206402296245,3.173698453510468,4.999095452122982,0.8678805748890355,6.38745238065375,-1.119117402817256,18.690812663739898,20.56999680442472,16.65784203275982,48.0563690185547,58.4043296813965,1.0,324.4216912351,0.128748299181461,1010.576171875,4718.8671875,217.401765734109,58.338191986084,218.02634555257202,1.3217778453270679,44.6516226,0.866940116537263,1819.7779417037939,1.9494122592732321,986.422657966614,1100.50618648529,1011.47389411926,-63.5650956,4.0,445.590911865234,3.84791588783264,36.0400581359863,-369.059997558594,50.8566796779633,26.9316256046295,-1.65147229319103,0.321994594185706,-0.261995571154096,-0.2641955724177144,68.5995254516602,369.013305664062,2.0,7.0,4.0,0.0,0.0,24060101.0,134.08292996629478,358.126816977658,18.0500813484192,-35.04075485229493
2024-06-01 19:14:11+00:00,ESP,ESP,-24.838904309270397,-20.53897818332802,0.0,-16.19980818098092,-11.310126980587578,-7.024287266034692,-10.408468927121799,6.28747215696047,2.9897443836891,4.999095452122982,0.9219930420731519,6.3890654152036115,-1.12182815548845,19.54261989852942,17.81461738474516,18.13762608059574,48.1140266418457,58.38043853759765,1.0,324.638781967679,0.132263307273388,1026.796875,4735.087890625,216.568742202556,58.387760925293,216.8763602623955,2.488358360752788,44.6515056,0.813810529582966,1819.689512252808,1.9298205850645878,1159.52038764954,1172.67096042633,1116.10400676727,-63.5652189,4.0,432.454498291016,3.84791588783264,36.0400581359863,-370.059997558594,50.8663594722748,28.9980858564377,-1.8179694667108999,-1.781969994195,0.424992886374146,-1.5191744744869609,69.5995101928711,370.013366699219,2.0,7.0,4.0,0.0,0.0,24060101.0,131.77570845711838,357.081087694973,19.0526155471802,-35.62081546783445
2024-06-01 19:14:12+00:00,ESP,ESP,-24.92140753029284,-22.11545858528162,0.0,-19.32227594684808,-16.443797735304678,-12.819861749443419,-10.39904497361445,6.287325307893315,2.834645814054288,4.999456256865888,1.160501113455881,6.388258940617364,-1.1196595063939458,18.34558826534968,12.101545951604104,19.15906482002656,49.9620609283447,59.21298660278319,1.0,324.922999799422,0.135718005895615,1043.095703125,4751.38671875,213.927057258027,59.2511352539062,215.249402371909,2.7521538201553164,44.651385,1.80331871094123,1819.6797132492059,1.8906371435150517,1077.31258869171,1222.75388240814,1058.04598331451,-63.5653373,4.0,418.317687988281,3.84791588783264,36.0400581359863,-371.059997558594,50.8702278137207,29.0058195590973,-2.348960752505565,0.709988079021629,-3.36894321022801,-1.571573636742548,70.599494934082,371.013427734375,2.0,7.0,4.0,0.0,0.0,24060101.0,130.1184559455874,355.557900868546,19.17083358764645,-34.17122200012206
2024-06-01 19:14:13+00:00,ESP,ESP,-24.853715915995036,-20.382417611701378,0.0,-15.563014618244484,-10.634995651417228,-4.406928146956249,-10.393743893044899,6.287765855094779,3.212292394726944,4.999456171488523,1.45522350933767,6.390140657733702,-1.119117381472914,19.9515491297989,20.44678804651522,17.713336778411296,48.9331260681152,60.16328338623043,1.0,325.330188356981,0.138754400610924,1059.666015625,4767.95703125,212.392559638335,60.0731323242188,212.364432919333,1.4341759292286462,44.6512599,1.02267152454302,1819.748473167418,1.920024724677204,1011.48843765259,1159.65032577515,984.398722648621,-63.5654522,4.0,405.914611816406,3.84791588783264,36.0400581359863,-372.059997558594,50.9147584438324,29.0154844522476,-2.024966033470955,0.613989663515394,-0.951984082553561,-3.4597419521295016,71.599479675293,372.013488769531,2.0,7.0,4.0,0.0,0.0,24060101.0,134.36872147362197,354.263416096289,19.49447536468505,-41.414966011047355
2024-06-01 19:14:14+00:00,ESP,ESP,-24.81564649061812,-19.55762684866432,0.0,-13.919741625642581,-7.913679153524788,-2.355193478882058,-10.38829596340815,6.28688476069185,3.067654302494686,4.999095452122982,1.197276079246845,6.388796647259772,-1.118846308340228,19.00170511626704,22.46045280629678,17.66177909546144,49.4753528594971,62.0083493041992,1.0,325.682188986047,0.141372705996037,1076.607421875,4784.8984375,209.254743412875,61.8625854492188,209.33098198439052,1.9827667555567459,44.6511283,0.849661925732099,1819.699358940124,1.861249608919024,1003.74162197113,1126.90055370331,1059.0877532959,-63.5655612,4.0,391.516387939453,3.84791588783264,36.0400581359863,-373.059997558594,50.9379923343658,35.1201415061951,-2.557457079396965,0.18099695809651,4.96491658787469,-2.616956031195708,72.5994644165039,373.013549804688,2.0,7.0,4.0,0.0,0.0,24060101.0,135.93325280113203,353.258667948623,20.581639480590802,-46.678512894479866
2024-06-01 19:14:15+00:00,ESP,ESP,-24.77760062939388,-19.68105348960834,0.0,-13.969130382021499,-7.827491728464071,-0.8923840546272697,-10.3547234492034,6.287031609759005,3.1639595429050416,4.999095452122982,1.21671543795494,6.387990172673524,-1.1183041407305179,19.167641830076818,23.88521694829258,17.961662307574898,51.2745082855225,64.03284255981444,1.0,325.813301297355,0.142855712771416,1094.1328125,4802.423828125,207.026230271618,64.0660102844238,206.96303053122801,1.7353709218608802,44.6509883,0.792403062537707,1819.71900463104,1.861249608919024,944.883048534393,1078.55308055878,990.245580673218,-63.5656641,4.0,379.531097412109,3.84791588783264,36.0400581359863,-373.959991455078,50.9515404701233,35.1278722286224,-1.9974665179337199,1.21297959128321,-0.622989558324797,-2.59975637689383,73.5994491577148,374.013610839844,2.0,7.0,4.0,0.0,0.0,24060101.0,136.17007458418638,351.948173212951,21.5083130836487,-47.83541915416718
2024-06-01 19:14:16+00:00,ESP,ESP,-24.81353391310784,-19.47573458806318,0.0,-13.881416238926562,-7.671474413008532,-1.6633494915661804,-10.353398819391249,6.28659106255754,3.015353238831054,4.999456256865888,0.8841671609649285,6.3016908178877795,-1.0939067050152338,19.683761318104796,23.15018477472382,18.535202854445696,51.796671295166,65.85468200683593,1.0,325.926682437577,0.144746308028698,1112.12890625,4820.419921875,203.835958193332,65.7562980651856,203.851592496342,2.776353479205446,44.6508415,0.695393138704076,1819.71900463104,1.8906371667981137,1058.55023860931,1167.53041744232,1042.75488853455,-63.5657614,4.0,365.438903808594,3.84791588783264,36.0400581359863,-374.959991455078,50.9670317173004,35.1336717605591,-2.8554520430256902,-0.503991548005602,3.138947048655,-2.8937514536785445,74.5994338989258,375.013671875,2.0,7.0,4.0,0.0,0.0,24060101.0,136.7908568174704,350.671091762699,23.13143491744995,-48.41090240478518
2024-06-01 19:14:17+00:00,ESP,ESP,-24.99552396203336,-21.505272707475843,0.0,-16.91615671358456,-12.021890577956139,-6.878353700360295,-10.3352877190333,6.287325307893315,3.0647686329477226,4.998734476625348,0.79800792644279,5.727437113890256,-0.8971005990699407,17.9130091625696,18.11717068855992,19.44428259146364,53.7249847412109,68.20795761108397,1.0,326.24521513971,0.14762831479311,1130.763671875,4839.0546875,200.904714209129,68.194507598877,201.8631195232765,2.59655647595636,44.650686,1.44852837648632,1819.719004631042,1.890637166798114,935.242235660553,1096.63164615631,908.142805099487,-63.5658503,4.0,353.853912353516,3.84791588783264,36.0400581359863,-376.059997558594,50.9980082511902,35.151070356369,-1.928467626773135,2.53195752862607,-1.82996946875238,-1.7695703407097105,75.5994186401367,376.013732910156,2.0,7.0,4.0,0.0,0.0,24060101.0,137.474780051518,349.057582514689,24.405656719207748,-50.89667050288275
2024-06-01 19:14:18+00:00,ESP,ESP,-25.0039548060354,-19.7778417097704,0.0,-13.174465534356639,-5.682875679084624,2.05072340253867,-10.35413519916115,6.2862973644232305,1.6342563745011902,4.9980129525169,0.9503606319652136,5.327663409693742,-0.670746208985014,20.089638479343616,27.05467812319668,19.413601723221397,52.4704559326172,69.36086151123047,1.0,326.755703478276,0.151076602935791,1149.90234375,4858.193359375,198.890996856891,69.1990837097168,199.6256520040175,1.504174802772404,44.650524,1.56650452647266,1819.41440105438,1.9298205617815243,1317.71075725555,1315.41109085083,1210.49022674561,-63.5659329,4.0,340.033294677734,3.84791588783264,36.0400581359863,-376.959991455078,51.0018765926361,35.151070356369,-1.763470533549725,-1.64997231961627,-0.061998961117528,-2.583356537743758,76.5994033813476,377.013793945312,2.0,7.0,4.0,0.0,0.0,24060101.0,141.21034164822981,347.907952394349,25.431681060791,-56.7194584773137
2024-06-01 19:14:19+00:00,ESP,ESP,-25.0230185470278,-20.15918414849162,0.0,-13.888330780932819,-6.97331971142914,0.16753266221455904,-10.30480714608845,6.28747215696047,2.625804199756002,4.999095452122981,1.30655003462206,5.228728461075564,-0.5677346512885455,18.99598346679932,25.19055113453718,19.407571690712636,54.9423557281494,71.3257388305664,1.0,327.347580350993,0.153626914322376,1169.37890625,4877.669921875,196.247399459394,71.3931632995606,197.21068152860897,0.943184237581647,44.6503563,1.50292635091383,1819.493007659912,1.9200247246772038,1033.20503234863,1204.45919036865,1112.86664009094,-63.5660069,4.0,329.213012695312,3.84791588783264,36.0400581359863,-378.059997558594,51.0096192359924,35.1530015468597,-3.04194907765241,-0.326994479421141,-2.32996087378188,-2.1909631944549037,77.5993881225586,378.013854980469,2.0,7.0,4.0,0.0,0.0,24060101.0,140.295754729684,346.719444837253,26.03482875823975,-57.43749103546141
2024-06-01 19:14:20+00:00,ESP,ESP,-25.006074896753756,-18.94474236311752,0.0,-11.324680064652119,-2.948927343963834,5.55855513713299,-10.29553046853515,6.28717845882616,2.89632438593889,4.998734647380076,1.61230435995218,5.058818199338754,-0.3953258956811728,20.51649695718438,30.56463003388676,17.878200127993,54.0849895477295,73.07119033813476,1.0,327.951696922702,0.15174550563097,1189.474609375,4897.765625,194.29314573407,72.9512992858887,193.814745624224,0.5873901534673551,44.6501821,0.43508449087284,1819.5126771926862,1.959208119660616,955.512523651123,1082.37063884735,998.79378080368,-63.5660757,4.0,317.500885009766,3.84791588783264,36.0400581359863,-379.059997558594,51.0522127151489,35.1704001426697,-1.91596779362263,0.038999346294248,-0.821986212658619,-3.775536730244736,78.5993728637695,379.013916015625,2.0,7.0,4.0,0.0,0.0,24060101.0,142.9353223155704,345.387803835911,27.193432331085198,-60.07510514259339
2024-06-01 19:14:21+00:00,ESP,ESP,-25.27970661830172,-18.93868432683316,0.0,-11.383652942474379,-3.041516961465704,5.3514822430089595,-10.3055426720847,6.287325307893315,2.31055733087825,4.999095452122982,1.63646818185351,4.884874796274414,-0.23267604232276282,20.329578585263217,30.631188861310697,17.965400811617098,53.5028102874756,74.14767608642578,1.0,328.852598874227,0.149518910050392,1209.93359375,4918.224609375,190.735791969031,73.9600914001465,189.94931617667152,1.577773591551238,44.6500024,0.189989168943096,1819.5225000381458,1.92982053849846,1156.8511724472,1211.55416965485,1148.18274974823,-63.5661325,4.0,304.695007324219,3.84791588783264,36.0400581359863,-380.059997558594,51.0541498661041,35.1723343133926,-1.76947042784876,0.401993238200333,3.47894148582036,-3.894534591153542,79.5993576049805,380.013977050781,2.0,7.0,4.0,0.0,0.0,24060101.0,144.5306468679348,344.166839219879,28.56455612182615,-62.14415183434118
2024-06-01 19:14:22+00:00,ESP,ESP,-25.47493733044278,-19.961928285261656,0.0,-13.555364352291281,-6.571296014853975,0.12348454013743633,-10.299064664543799,6.287619006027625,2.1359817297732038,6.645891285544037,1.250335710123005,4.832718959508005,-0.1635498775239044,17.264902757510843,25.5984216864853,18.564085333879458,54.8679542541504,75.34162628173826,1.0,330.097605756137,0.146672509610653,1230.68359375,4938.974609375,186.53920079957,75.1443077087402,186.60985910653352,2.7203543376817603,44.6498175,0.513758451714455,1819.463515281676,1.988595677539704,1118.28601360321,1242.83671379089,1117.66219139099,-63.5661724,4.0,295.22021484375,3.84791588783264,36.0400581359863,-381.059997558594,51.0599553585052,35.1781338453293,-2.729454156024285,-2.18496342822192,-1.41297628136105,-2.850752168513456,80.5993423461914,381.014038085938,2.0,7.0,4.0,0.0,0.0,24060101.0,144.0286143035604,342.558602877908,28.86617889404295,-61.78882229144756
2024-06-01 19:14:23+00:00,ESP,ESP,-25.4558114347289,-20.6500397913081,0.0,-14.86665770783198,-8.618924530613668,-2.0554416331842957,-10.29788645691195,6.287325307893315,2.362497504421614,7.0134889077116345,0.7953834796150661,4.739160821181834,-0.09333959495109963,16.173917665913102,23.4003694813795,18.01832350787256,54.1606819152832,75.82860488891603,1.0,331.550414313355,0.143156509101391,1251.74609375,4960.037109375,184.824358865033,75.7519065856934,185.2148954213965,1.694571597938772,44.6496289,0.757652180618593,1819.4143772125237,1.9298205850645878,907.93365240097,1101.69649124146,942.249894142151,-63.5661991,4.0,284.664794921875,3.84791588783264,36.0400581359863,-382.059997558594,51.0502755641937,35.181999206543,-1.580973428455685,0.870985402794909,-2.27496205615082,-1.3011781442006976,81.5993270874024,382.014099121094,2.0,7.0,4.0,0.0,0.0,24060101.0,146.8321856597218,340.886873097413,29.333549308776853,-64.65969909667966
2024-06-01 19:14:24+00:00,ESP,ESP,-25.436677684297482,-20.10332412938356,0.0,-13.64762552307144,-6.67656745803122,0.8272134524799647,-10.301126101012699,6.28688476069185,1.8135214340799781,7.006995617622432,0.18755025780087248,4.784326471596918,-0.1087912450958354,18.003797744564718,26.26389111543312,18.4536022429221,52.1900196075439,75.39519561767577,1.0,332.987704680779,0.139997899532318,1272.736328125,4981.02734375,183.518959450482,75.2647659301758,184.707398705686,1.1171812362866278,44.6494403,1.12964146501212,1819.4242238998402,2.037574839778242,1210.48521995544,1235.41975021362,1155.43460845947,-63.5662187,4.0,276.572204589844,3.84791588783264,36.0400581359863,-383.059997558594,51.0638296604156,35.18006503582,-1.76047042631765,-0.392993396751784,1.72197105120467,-0.06539889054814348,82.5993118286133,383.01416015625,2.0,7.0,4.0,0.0,0.0,24060101.0,149.3749066273284,339.833931134963,30.007145118713403,-67.20696166992187
2024-06-01 19:14:25+00:00,ESP,ESP,-25.4409305015842,-19.948555457885682,0.0,-13.60392358219546,-6.527221102960658,0.7867428314116645,-10.2940581358822,6.28776585509478,2.0681712915282,7.00807803185115,0.5269286572598271,4.810942267377259,-0.1321043749401678,17.414817896584537,26.22767335434022,18.5133862057083,52.5720932006836,75.42066604614259,1.0,334.34379775935,0.14041600227356,1293.673828125,5001.96484375,184.344073622976,75.3308143615723,185.338904335967,1.1153812679969177,44.6492522,1.06001931908977,1819.4144010543798,1.969003956764936,1106.82737827301,1213.44339847565,1121.97625637054,-63.5662362,4.0,268.231811523438,3.84791588783264,36.0400581359863,-383.959991455078,51.0638296604156,35.1742655038834,-2.44045892712241,-1.22697945136932,-0.769987075372813,0.5043915596351686,83.5992965698242,384.014221191406,2.0,7.0,4.0,0.0,0.0,24060101.0,149.1948163955206,338.993626621755,29.7477321624756,-66.36565818786622
2024-06-01 19:14:26+00:00,ESP,ESP,-25.432428965124302,-19.887534547840783,0.0,-13.64952090056612,-6.645505977497483,0.7096980521139974,-10.293763157087401,6.28717845882616,2.424536795671754,7.006635154388986,0.9398531596595181,4.789703538021012,-0.13644166245700262,19.0383255170115,26.1421269425331,17.09287829609384,52.0146297454834,75.62544708251953,1.0,335.678416723171,0.142760507762432,1314.65234375,5022.943359375,185.05241888142,75.4606727600098,184.7428951988025,0.8881850997854702,44.6490638,0.193583689395948,1819.483184814452,1.900433027185498,992.539286613464,1068.89855861664,1019.93072032928,-63.566257,4.0,258.200805664062,3.84791588783264,36.0400581359863,-384.959991455078,51.0696351528168,28.9439588785172,-1.86096881590901,1.713971298861,1.67797171962339,-1.0233827926955434,84.5992813110352,385.014282226562,2.0,7.0,4.0,0.0,0.0,24060101.0,150.2285382056454,338.396094352406,29.785816955566403,-66.4990576171875
2024-06-01 19:14:27+00:00,ESP,ESP,-25.440928111017982,-19.99127897416302,0.0,-13.595993561814359,-6.589270810249291,0.7116220950588485,-10.30303983464075,6.287031609759005,2.086927545941926,7.0062743496460795,0.9655962226825735,4.7552912520578285,-0.10824908949231624,19.9252276297944,26.152549128187598,16.847360316188542,51.0542324066162,75.83214385986328,1.0,337.018199310004,0.146054904162884,1335.67578125,5043.966796875,182.974142581147,75.6353073120117,183.16192497199802,0.9683837509489017,44.6488749,0.562246551601758,1819.453692436216,1.9102288642898202,1192.55518913269,1254.1344165802,1160.50612926483,-63.5662753,4.0,249.989105224609,3.84791588783264,36.0400581359863,-385.959991455078,51.0696351528168,24.138331413269,-2.09596499611959,-0.789986776397109,1.51697455593267,-1.4983749049500041,85.5992660522461,386.014343261719,2.0,7.0,4.0,0.0,0.0,24060101.0,152.04689848724303,337.973606171105,30.452326583862302,-68.45523957472584
2024-06-01 19:14:28+00:00,ESP,ESP,-25.45367973268892,-20.189033099692956,0.0,-14.05312770692484,-7.222954673234009,-0.3289489967490772,-10.301272950079799,6.287031609759005,2.2254338785354877,7.006995788377161,0.9104347611719035,4.784864605126154,-0.1098756029936196,17.86265598347988,25.124730309053056,16.068048709249517,51.0580810546875,76.08512329101563,1.0,338.196106413508,0.155358602106571,1356.798828125,5065.08984375,181.905095032635,75.9902549743652,182.3119420807355,1.3027781800467981,44.648685,0.430378357132569,1819.42422389984,1.949412235990168,1110.87143421173,1178.06315422058,1113.8596534729,-63.5662867,4.0,241.224594116211,3.84791588783264,36.0400581359863,-386.959991455078,51.0560870170593,24.0996688604355,-2.029965945386815,0.604989875427697,-0.144997565621885,-0.5791902809165717,86.599250793457,387.014404296875,2.0,7.0,4.0,0.0,0.0,24060101.0,153.3444950936862,337.615813541623,30.2460977554321,-69.50725511823384
2024-06-01 19:14:29+00:00,ESP,ESP,-25.4728097265163,-20.86871990890762,0.0,-15.33914731347976,-9.398348494164548,-3.024341468958016,-10.30495442204245,6.286737911624694,1.968259113594522,7.0073565077427045,1.238779296851605,4.749914527143195,-0.09605041699139841,16.35625810354304,22.44846787336018,15.315984434456961,49.6129737854004,75.17088912963865,1.0,339.196018787241,0.164595405757427,1377.8359375,5086.126953125,182.043911797326,74.9313789367676,181.955447187196,1.2867784192273581,44.6484959,0.288627039016931,1819.463539123532,1.959208119660616,1173.11704158783,1217.27776527405,1099.27356243134,-63.5662958,4.0,232.630401611328,3.84791588783264,36.0400581359863,-388.059997558594,51.0735094547272,23.9972159266472,-1.899468244382845,0.0599989963511836,0.402993220583506,-0.6505890480879646,87.599235534668,388.014465332031,2.0,7.0,4.0,0.0,0.0,24060101.0,154.8310092684208,337.457653681203,30.00964279174805,-69.19492312840052
2024-06-01 19:14:30+00:00,ESP,ESP,-25.45580767812486,-21.78059285178666,0.0,-17.31807543868994,-12.502504181357423,-8.45824620869116,-10.30627947874145,6.287031609759005,1.9664555594554998,7.007356166233242,1.3217837577095701,4.851269070274846,-0.190929408515372,15.7188320652894,16.99756112792428,14.853332008761281,48.8177627563477,74.26811782836913,1.0,340.264588222511,0.173816813528538,1398.576171875,5106.8671875,181.038876781715,74.141015625,180.81146563329952,1.292378320573124,44.6483093,9.00305651810159e-05,1819.443893432614,1.8906371667981137,1130.48124313354,1158.81240367889,1105.37672042847,-63.5663029,4.0,225.266403198242,3.84791588783264,36.0400581359863,-389.059997558594,51.0599553585052,15.0721997022629,-1.95046723920292,-0.135997710833122,-1.9479673899667,-0.9859834462288181,88.5992202758789,389.014526367188,2.0,7.0,4.0,0.0,0.0,24060101.0,155.3489862263936,337.360610353475,29.8326135635376,-68.29349899291994
2024-06-01 19:14:31+00:00,ESP,ESP,-25.44518229434256,-22.848790724765962,0.0,-19.51830818168826,-16.11122335952152,-12.22749720122008,-10.3055426720847,6.287619006027625,2.015870782817438,7.006634898256891,1.47151004205271,4.92466414866169,-0.2516520260565214,18.90481341873904,13.217684751612998,14.8489910820343,47.412024307251,73.31797622680664,1.0,341.526397369779,0.182634615898132,1419.080078125,5127.37109375,180.151676189666,73.1867362976074,179.993482178299,0.416993027308769,44.6481248,0.105752392548476,1819.493007659912,1.9592080963775522,1142.70293712616,1149.17862415314,1096.49240970612,-63.5663054,4.0,216.748596191406,3.84791588783264,36.0400581359863,-390.059997558594,51.0580241680145,15.0412708520889,-1.817469582241025,-0.160997297092853,-1.83096923769214,-0.8587855857036957,89.5992050170898,390.014587402344,2.0,7.0,4.0,0.0,0.0,24060101.0,156.3584280800568,337.226000985312,30.139470291137698,-67.91293978009904
2024-06-01 19:14:32+00:00,ESP,ESP,-25.4706834886277,-23.73713264142588,0.0,-21.519359289620102,-19.010062194226002,-17.75024848672386,-10.30804636330235,6.28747215696047,2.08945232536862,7.006995702999798,1.8917891907650501,5.0015543202241926,-0.334061217252018,18.910916875781403,7.7204348098047575,14.91424807540244,45.9965766906738,72.39864440917968,1.0,342.689086811812,0.191285517811775,1439.3203125,5147.611328125,178.765707863665,72.221573638916,177.8550182510595,0.07619872529930219,44.6479428,-0.287779668673026,1819.394731521606,1.9102288642898202,1147.07016944885,1185.76776981354,1144.1148519516,-63.5663036,4.0,210.427795410156,3.84791588783264,36.0400581359863,-391.059997558594,51.0735094547272,15.0354713201523,-2.02596601585413,-1.49197499635336,-2.19196309146071,-2.518557764691566,90.5991897583008,391.0146484375,2.0,7.0,4.0,0.0,0.0,24060101.0,156.775700728907,337.076419842489,30.4395481109619,-67.07173748016359
2024-06-01 19:14:33+00:00,ESP,ESP,-25.44093459969772,-25.34596081928868,0.0,-24.83244260880608,-24.48899713318524,-24.05345885094724,-10.31010779977125,6.287325307893315,2.1204719709936937,7.006274605778174,1.9695409693470098,4.676519875643175,-0.011743539110314427,19.74479623003748,1.387475588667912,14.683666353174141,44.2278980255127,71.45768737792969,1.0,344.042912267579,0.198776203393936,1459.3125,5167.603515625,176.296239308869,71.2974723815918,175.3900576211155,-0.6013899175039362,44.6477632,-0.120784718436962,1819.49303150177,1.9690039800480001,1128.59082221985,1186.48946285248,1127.2052526474,-63.5662921,4.0,203.509902954102,3.84791588783264,36.0400581359863,-392.059997558594,51.0773837566376,15.0219410657883,-1.2479790280550849,2.69995478244241,1.08898177576986,-2.530757592454948,91.5991744995117,392.014709472656,2.0,7.0,4.0,0.0,0.0,24060101.0,158.316293609414,336.724309930397,30.993846130371097,-67.16877755557788
2024-06-01 19:14:34+00:00,ESP,ESP,-25.436677342788062,-25.0015321379368,0.0,-24.1017872204575,-23.16555987205496,-22.21545870190086,-10.31585028131595,6.286737911624694,1.822899177088702,7.006274605778174,1.9522054156249848,3.7433570623665,1.064997982714008,21.296969696282297,3.221218683575869,14.13038397662686,42.2554779052734,70.2591860961914,1.0,345.448920368604,0.204972602427006,1478.99609375,5187.287109375,174.203141498096,70.0467681884766,173.279098865664,-0.7417875614951869,44.647587,-0.437092406406265,1819.4340467452998,1.969003933481872,1373.67486953735,1305.99462985992,1270.31898498535,-63.5662715,4.0,198.147003173828,3.84791588783264,36.0400581359863,-393.059997558594,51.0657668113708,22.6112008094788,-1.43147595544974,0.0519991272806463,0.918984557187173,-1.804369770332782,92.5991592407226,393.014770507812,2.0,7.0,4.0,0.0,0.0,24060101.0,159.4792316703328,336.312394881932,31.3906379699707,-66.55191179163317
2024-06-01 19:14:35+00:00,ESP,ESP,-28.489964171608882,-27.683418892901717,0.0,-26.77533226538908,-25.56275614618678,-25.3286900029534,-10.31953132639175,6.287765855094779,1.5401152795293502,7.006995702999798,2.01524784822079,2.787880191826126,2.1130048453392343,23.0219472900379,3.161273613702618,13.911477438256341,40.3050373077393,69.02088409423827,1.0,346.844082129228,0.210173620283604,1498.34765625,5206.638671875,172.778186452313,68.8827461242676,172.13460504758,-0.8577856139926944,44.6474142,-0.652370204008988,1819.414377212524,1.949412282556294,1393.91374588013,1366.99199676514,1393.00453662872,-63.566244,4.0,192.614700317383,3.84791588783264,36.0400581359863,-394.059997558594,51.0696351528168,22.6189330220222,-1.508474759036555,-1.61797288335476,-4.28392751771738,-0.8123863417595256,93.5991439819336,394.014831542969,2.0,7.0,4.0,0.0,0.0,24060101.0,160.724282265453,335.790185938749,31.789378166198752,-65.94080092486213
2024-06-01 19:14:36+00:00,ESP,ESP,-33.05881294517597,-30.17402517563206,0.0,-27.305996299745157,-24.534273432664857,-21.31925455448732,-10.3204154090024,6.28688476069185,1.5642820469497611,7.006635154388986,2.4980449990667246,2.405313057498024,2.50851469722466,25.900088944009916,11.739558219933949,12.6904875505249,38.4001556396484,67.71733154296874,1.0,348.105891276496,0.216658303141594,1517.330078125,5225.62109375,172.56277594627,67.448673248291,171.264630192617,-1.563173763379562,44.6472448,-0.808574442532211,1819.453716278074,1.929820515215398,1271.86489105225,1291.69726371765,1275.49660205841,-63.5662142,4.0,188.837600708008,3.84791588783264,36.0400581359863,-394.959991455078,51.0618925094604,22.6169988512993,-2.57745672706041,-2.23596231632029,-1.92696775992008,-1.2785785530131766,94.5991287231445,395.014892578125,2.0,7.0,4.0,0.0,0.0,24060101.0,162.57921957609378,335.525502448033,31.6177339553833,-65.45246620178222
2024-06-01 19:14:37+00:00,ESP,ESP,-32.43390664367102,-29.718026037206897,0.0,-26.89197584546836,-23.827166487517697,-20.77030986032716,-10.3198263051865,6.2862973644232305,2.4126340811372677,7.005913801035268,2.0977279319774,2.452898558558682,2.428545391006954,22.999060009148117,11.663597124853279,12.3141002432918,37.246244430542,66.68551620483397,1.0,349.136512180737,0.223860704898834,1536.009765625,5244.30078125,170.402045602336,66.5008209228516,168.8816659836585,-1.524574443389116,44.6470788,-0.985260230581334,1819.453716278074,1.920024724677204,933.4876537323,1010.23054122925,1004.27329540253,-63.56618,4.0,184.394104003906,3.84791588783264,36.0400581359863,-395.959991455078,51.015430688858,32.133537530899,-1.75647049678496,1.67497187919558,-0.243995914937423,-2.467158499441786,95.5991134643555,396.014953613281,2.0,7.0,4.0,0.0,0.0,24060101.0,163.336944370161,335.228908313514,31.6907243728638,-64.67592701911924
2024-06-01 19:14:38+00:00,ESP,ESP,-32.118098503998226,-29.66520818435518,0.0,-26.931062969031597,-23.920058767777178,-21.01617344780446,-10.31953175327855,6.28659106255754,2.0973875964576583,7.006274093513985,1.8108865605416,2.456662376989498,2.4380332067830204,22.958242798668103,11.10192590996738,11.43711539442904,34.8551387786865,65.10542816162108,1.0,349.955096692385,0.231363406777382,1554.3203125,5262.611328125,169.087370790892,64.8555908203125,168.10068166339198,-0.7907867089427937,44.646917,-1.0483332923067,1819.4929838180537,1.900433003902436,1019.43230628967,1027.84645557404,1017.27795600891,-63.5661386,4.0,181.020004272461,3.84791588783264,36.0400581359863,-396.959991455078,37.566065788269,45.9782332181931,-1.3594772238613402,-0.193996742417961,-0.0369993781928504,-0.1569973675601642,96.5990982055664,397.015014648438,2.0,7.0,4.0,0.0,0.0,24060101.0,165.25661001752843,334.891688213812,31.89163513183595,-63.54798333304268
2024-06-01 19:14:39+00:00,ESP,ESP,-32.14302937748766,-31.54779478377506,0.0,-30.88147021514314,-30.077833230984584,-30.03724312429448,-10.3238014752835,6.288206402296245,1.9444531295726821,6.539832620376268,2.125570877963835,2.5362409110093163,2.52938809683768,20.9296209491326,2.1057863385705646,10.202866743480765,33.1095485687256,63.42450897216797,1.0,350.039873000363,0.235406702756882,1572.193359375,5280.484375,168.829790696912,63.1991340637207,167.616195854995,-0.6243895550055789,44.6467594,-1.03316546987251,1819.4930315017677,1.9200247013941418,1158.06889533997,1141.47436618805,1102.24533081055,-63.5660961,4.0,178.084701538086,3.84791588783264,36.0400581359863,-398.059997558594,37.5718742609024,45.9917664527893,-0.5214912930719675,1.90196820034078,0.399993300114416,-0.7029882076755088,97.5990829467774,398.015075683594,2.0,7.0,4.0,0.0,0.0,24060101.0,167.05758336957462,334.793060282197,31.56436786651615,-62.27684440612793
2024-06-01 19:14:40+00:00,ESP,ESP,-34.298322207822956,-34.17861767846716,0.0,-33.4586952493803,-32.64708572691302,-32.24146742984372,-10.321740892588249,6.287325307893315,1.4495810687199782,5.002342011790221,2.550580252841525,2.756156182942898,2.746525445458452,23.4491865509249,2.056854906045274,10.372213599988417,31.6097019195557,61.84825653076172,1.0,350.114103496263,0.239197817444801,1589.548828125,5297.83984375,168.322676471796,61.5016777038574,167.29820273780751,-1.298578232693134,44.6466065,-1.03854744549507,1819.532299041748,1.9983914913609617,1372.3635673523,1265.76817035675,1274.00898933411,-63.5660528,4.0,174.941497802734,3.84791588783264,36.0400581359863,-399.059997558594,37.5583231449127,45.995631814003,-2.228462448446495,-3.88593495610167,-2.94695064452935,-0.1163980614590328,98.5990676879883,399.01513671875,2.0,7.0,4.0,0.0,0.0,24060101.0,167.5114385116192,334.84742858799,31.2823453903198,-60.751636505126946
2024-06-01 19:14:41+00:00,ESP,ESP,-34.80036706653774,-34.682038137280756,0.0,-33.99673657105886,-33.53708464746564,-32.61571740013082,-10.321887741655399,6.287325307893315,2.863862076295064,4.995487831580748,1.953256250900965,2.6795354623431544,2.746525530835814,23.5628624138098,2.184648129614354,10.50392765096188,31.019677734375,60.939742126464864,1.0,350.20439859709,0.242797315120697,1606.62109375,5314.912109375,167.527464867488,60.6713310241699,165.8832197682125,-1.2411791585216831,44.6464566,-1.58629638697495,1819.394755363464,1.8612495856359619,1047.92499542236,1121.053814888,1132.12716579437,-63.5660084,4.0,172.53450012207,3.84791588783264,36.0400581359863,-400.059997558594,37.5408977270126,58.7230086326599,-1.72897103460858,0.412993071095654,0.441992560207647,-1.4937749219543903,99.5990524291992,400.015197753906,2.0,7.0,4.0,0.0,0.0,24060101.0,166.8519536944224,334.720523673212,31.2228715896606,-59.50265121459963
2024-06-01 19:14:42+00:00,ESP,ESP,-34.805040281967884,-35.017608063279134,0.0,-34.95053560562967,-34.92905807578454,-34.49240339912673,-10.32247641858445,6.286737911624694,2.46926309416848,4.992601735146961,1.96271275452855,2.6854498512115157,2.746254329637086,21.453370099972922,0.31263742712185916,11.05106558933182,30.0465534210205,59.76327804565428,1.0,350.284612338703,0.241369521617889,1623.390625,5331.681640625,167.690009709356,59.5202178955078,166.6252037083185,-0.13339775963842262,44.6463098,-1.16381749046304,1819.4733619689919,1.9396163988858437,1122.85900115967,1110.51404476166,1078.3224105835,-63.5659624,4.0,169.746002197266,3.84791588783264,36.0400581359863,-401.059997558594,37.5350892543793,58.7288081645966,-1.281478491252205,0.136997693216294,-1.17598024310583,0.8991848993302576,100.59903717041,401.015258789062,2.0,7.0,4.0,0.0,0.0,24060101.0,167.0227002274454,334.459036711027,31.2291561126709,-58.197338921683176
2024-06-01 19:14:43+00:00,ESP,ESP,-34.80737688968294,-35.075963833509924,0.0,-35.00911199097058,-35.11388640981966,-34.4900681574495,-10.31953132639175,6.287031609759005,2.201627937202324,4.991879954906421,-0.09508831280965074,2.69243990949679,2.746796475902456,18.79952980928736,0.3173095913431796,12.66989948206446,28.3977458953857,58.58777252197266,1.0,350.363186834915,0.237894022464752,1639.806640625,5348.09765625,167.722931221155,58.3110900878906,168.380678438227,0.05299911566691444,44.6461656,-0.653581015121932,1819.49303150177,1.969004003331062,1184.23902988434,1190.55724143982,1142.66562461853,-63.5659192,4.0,167.417098999023,3.84791588783264,36.0400581359863,-402.059997558594,37.5292807817459,58.7288081645966,-1.55997385176992,-1.16198048974142,0.452992393102967,2.9255509978505874,101.599021911621,402.015319824219,2.0,7.0,4.0,0.0,0.0,24060101.0,167.36674778424162,334.41201768878,31.45956172943115,-57.25610955182243
2024-06-01 19:14:44+00:00,ESP,ESP,-34.8027029912339,-35.07830112424388,0.0,-34.924477750927096,-35.01035030426712,-34.48773154973444,-10.3180594206256,6.287031609759005,2.242747383553096,4.991880211038515,1.1993779098813602,2.69459069337774,2.7476099941212846,18.93266078300412,0.31497198044408403,14.166227784862699,27.6425422668457,57.833403167724626,1.0,350.422910009018,0.234343019127846,1655.98046875,5364.271484375,171.680452109287,57.5451164245606,171.434626770869,-0.4695921300120949,44.646023,-0.385961850403388,1819.394731521606,1.9396163988858457,1036.20982170105,1098.13165664673,1051.47814750671,-63.5658826,4.0,164.313095092773,3.84791588783264,36.0400581359863,-403.059997558594,37.5350892543793,58.7249398231506,-1.5609738875139452,0.20999647388893,-0.901984856673246,2.0415656129655666,102.599006652832,403.015380859375,2.0,7.0,4.0,0.0,0.0,24060101.0,167.039401406004,334.677493481441,31.96489505767825,-56.549033873421806
2024-06-01 19:14:45+00:00,ESP,ESP,-34.79802909278486,-35.08764687208518,0.0,-34.83992752221044,-34.81068133520338,-34.490067474430575,-10.3127579131692,6.28688476069185,2.21497391339712,4.9900762727013515,-2.622552877632643,3.262661368629108,2.14607685608819,22.19302767764762,0.30796221065975304,16.18486048273708,26.6647350311279,57.43816177368162,1.0,350.382803138211,0.232695606350899,1671.966796875,5380.2578125,172.687891351486,57.1531997680664,174.4475666477345,-1.177580278951934,44.6458808,-0.00209238993236773,1819.434046745298,1.949412235990166,1053.50875854492,1075.58310031891,1028.50985527039,-63.5658551,4.0,161.081497192383,3.84791588783264,36.0400581359863,-404.059997558594,37.5331550836563,58.7288081645966,-1.780970171894385,-0.142997614195754,0.203996579589896,4.504724417662418,103.598991394043,404.015441894531,2.0,7.0,4.0,0.0,0.0,24060101.0,167.0227056915968,335.334038585219,32.217194366455104,-56.11962524414063
2024-06-01 19:14:46+00:00,ESP,ESP,-34.79102405077208,-35.00841599469412,0.0,-35.016218802802,-34.6235573745882,-34.490066791411664,-10.22072922495295,6.28688476069185,2.343380744085758,4.990437162821622,-9.8571667931696,4.2587337673222345,1.1360216727818737,27.20240350362248,0.3009570192366,23.43053910996238,31.0677909851074,57.294006729125975,1.0,350.156805838954,0.234130695462227,1687.921875,5396.212890625,181.175726451926,57.0985805511475,190.1883113259195,-1.2255794760328818,44.6457383,3.27203029642494,1819.02141571045,1.929820561781526,932.568252086639,943.42052936554,946.226477622986,-63.5658408,4.0,156.330307006836,3.84791588783264,36.0400581359863,-404.959991455078,37.527346611023,58.8061332702637,-1.9999665806133549,-0.0569990425315605,-1.19497990838611,19.92286472585106,104.598976135254,405.015502929688,2.0,7.0,4.0,0.0,0.0,24060101.0,162.61296890682058,336.053530712388,29.769045639038097,-54.95043411254881
2024-06-01 19:14:47+00:00,ESP,ESP,-34.692941851271755,-32.958487711552245,0.0,-30.060744780700098,-27.372516878109742,-24.313144179983702,-10.1201589582927,6.28747215696047,1.0629171549111922,4.991158686930068,-14.14455892434345,5.281959881881516,0.2021408962331673,41.77086744663224,10.379797180368234,29.755333213472444,32.3299312591553,55.308518371582025,1.0,349.927475407382,0.238184908032417,1703.673828125,5411.96484375,205.808107014281,55.2350212097168,220.769294881736,-4.031132398138276,44.6456021,6.63154293639986,1818.7855958938621,1.9396164221689098,1087.57972717285,981.108963489532,1099.07519817352,-63.5658829,4.0,148.622299194336,3.84791588783264,36.0400581359863,-405.959991455078,37.5641286373138,58.9414477348328,-0.055499075626908534,0.70598814948894,-8.19886174948764,33.43743833464538,105.598960876465,406.015563964844,2.0,7.0,4.0,0.0,0.0,24060101.0,160.350001559315,336.671116417141,28.568361854553252,-51.75087362436148
2024-06-01 19:14:48+00:00,ESP,ESP,-29.491762360571897,-22.9948491975248,0.0,-13.964294608089139,-5.199495422182631,3.737652146862248,-10.1509340831455,6.287472156960471,-0.6175561481761365,4.992240845026691,-13.111192284055601,6.212971527079096,-0.7808058869107878,41.71517476715885,33.22941399516996,40.9444787608389,34.2831287384033,50.34020278930664,1.0,349.970888089746,0.246704810857773,7.205078125,5426.72265625,238.092826617044,50.2152202606201,252.82976571366902,-5.812302555837124,44.6455038,8.85527451835077,1818.86420249939,1.9690039800480001,1793.7251329422,1317.95477867126,1555.13572692871,-63.5660029,5.0,136.520492553711,3.84791588783264,36.0400581359863,-406.959991455078,18.3667942881584,81.0771107673645,3.488441425182205,3.91293469389073,2.73495437929685,29.78349954757174,0.600000023841858,407.015625,2.0,7.0,5.0,0.0,0.0,24060101.0,145.5581504738388,337.199090039983,28.30645380020145,-44.181350638649654
2024-06-01 19:14:49+00:00,ESP,ESP,-29.12969471568846,-21.97013025974506,0.0,-13.659345956932459,-4.633891000174518,3.7996595069780215,-10.172137551650149,6.287765855094779,-2.9382609790464853,4.9933232592554075,-7.2650826823930945,6.490689238543294,-1.096075482175784,37.660600989034364,32.92935353964754,43.62717147812589,56.082084274292,46.6635662841797,1.0,349.95810197562,0.24843330681324,20.46875,5439.986328125,251.556386225947,46.1725227355957,264.0085724036885,1.5425741583027268,44.6454534,12.5420646370301,1819.30637359619,1.900433027185498,2305.73630332947,1885.53464412689,1906.23986721039,-63.566158,5.0,123.719802856445,3.84791588783264,36.0400581359863,-407.959991455078,18.3396905660629,79.6176373958588,-1.085981775259485,-8.28686105298043,10.9108165339715,5.072514585582305,1.60000026226044,408.015686035156,2.0,7.0,5.0,0.0,0.0,24060101.0,102.16686162775629,338.07116859321,29.208351516723603,-10.365939617156966
2024-06-01 19:14:50+00:00,ESP,ESP,-29.378088888253217,-25.84159930207146,0.0,-21.0665614608589,-16.79240888299482,-13.56595968324126,-10.138270058650651,6.28747215696047,3.567215555016864,4.989715297203714,-5.948026909693056,6.429661583686595,-1.072762232269532,34.350261698347396,15.81212937576666,32.697351138071895,64.0272972106934,49.3278311920166,1.0,349.746994488753,0.243238511681557,33.779296875,5453.296875,263.368542697323,49.8211097717285,270.576974083193,5.853502000778544,44.6454256,4.47546608572522,1818.9133405685438,1.537978928536176,556.605398654938,991.195142269134,664.501667022705,-63.5663231,5.0,108.680702209473,3.84791588783264,36.0400581359863,-409.059997558594,18.3493703603744,68.3864593505859,-5.41190914003948,-1.75397059418788,-4.87891852980871,9.295643857421727,2.59999966621399,409.015747070312,2.0,7.0,5.0,0.0,0.0,24060101.0,83.00499403960384,340.644264778094,29.9626556396484,16.358589506149283
2024-06-01 19:14:51+00:00,ESP,ESP,-29.32965260175406,-23.611718415433423,0.0,-16.89202804581314,-10.654908555678176,-1.5205459337836096,-10.135767221206649,6.28776585509478,5.546703990526736,4.990076614210809,-6.15711671599031,6.434769626034752,-1.068153796914818,32.14120913207388,27.8091080340083,33.451920384742564,58.7617492675781,47.716148529052745,1.0,349.560202475332,0.237656512856483,47.34765625,5466.865234375,278.229258482087,47.7230197906494,283.85973858476495,0.6059898071180595,44.6454263,2.94023848956593,1818.677544593814,1.9885956542566419,230.800896883011,477.597087621689,377.994269132614,-63.566494,5.0,95.3543472290039,3.84791588783264,36.0400581359863,-410.059997558594,18.3629214763641,57.495504617691,-1.4184761978087115,2.28096173700645,-8.38585952235789,13.17597893352198,3.59999871253967,410.015808105469,2.0,7.0,5.0,0.0,0.0,24060101.0,87.63874736877791,342.380307619814,29.95927734375,7.959539079666139
2024-06-01 19:14:52+00:00,ESP,ESP,-26.53232233094706,-19.13147222181758,0.0,-11.340485634655732,-2.477567649039951,6.337119926919314,-10.15299509272755,5.0496884135412445,2.2211053955593796,4.678754713539604,-4.01526010572422,6.435037881714408,-1.077099509114194,28.4154560285194,32.86944185232386,29.750606381057345,63.3276672363281,46.064963836669925,1.0,349.355269479474,0.228908622264862,60.3515625,5479.869140625,289.350363733998,46.0492938995361,293.2730916384985,0.6333893644376161,44.6454538,2.92058205890828,1818.7168598175078,2.458796347491444,1033.05554389954,883.094966411591,880.961239337921,-63.5666539,5.0,84.6996765136719,3.84791588783264,36.0400581359863,-411.059997558594,18.359050154686,46.0768193006516,0.0024999692981435007,-0.322994576568878,2.51895754420142,7.704471227643586,4.59999799728394,411.015869140625,2.0,7.0,5.0,0.0,0.0,24060101.0,73.35668111238434,343.867021236072,30.1814329147339,13.28591778618949
2024-06-01 19:14:53+00:00,ESP,ESP,-24.36192146367714,-18.91418648733708,0.0,-12.587330178961853,-5.858688611646501,0.5682144080447168,-10.1491671985846,-3.345590633373177,3.31833654574273,0.08792701154332279,-2.252705991462045,6.435576100621001,-1.07249120182553,23.022710905187118,24.9301354875237,25.135574600398282,66.892586517334,45.803011322021476,1.0,349.062992024511,0.218030615150928,73.04296875,5492.560546875,294.550733164263,45.957084274292,297.487509601693,3.0375490484447503,44.6454962,2.42304760098928,1819.4144248962402,2.811462292447686,890.559554100036,869.897723197937,748.65585565567,-63.5668034,5.0,74.2776336669922,3.84791588783264,36.0400581359863,-412.059997558594,18.3609858155251,43.1965351104736,-2.13696427382965,-1.17698022548901,3.04994882999609,3.694537943764378,5.59999704360962,412.015930175781,2.0,7.0,5.0,0.0,0.0,24060101.0,60.884595861514455,345.778517977192,30.2446266174316,24.939355986458928
2024-06-01 19:14:54+00:00,ESP,ESP,-24.391413195984878,-19.51787344014758,0.0,-13.59599851370152,-7.402427712073022,-0.594235766591896,-10.145927554483901,-11.0694002930077,4.739471167902243,-0.7475560844701088,-2.97506402331824,6.436113294999226,-1.0559551430901981,20.50962988499284,23.79717751743842,22.08216995081426,69.244450378418,45.89756172180176,1.0,349.053183872863,0.207029816508293,85.8203125,5505.337890625,297.85908555292,46.1093204498291,301.591947858872,2.8219526758781,44.6455469,2.47100961622793,1819.502854347226,67.44545155670491,571.722745895386,687.16549873352,494.439214468002,-63.5669486,5.0,66.1406936645508,3.84791588783264,36.0400581359863,-413.059997558594,18.3648571372032,43.17527115345,-1.1399808773116384,2.66895511512066,-0.10599821265753,4.64152215709076,6.5999960899353,413.015991210938,2.0,7.0,5.0,0.0,0.0,24060101.0,52.93703487159289,347.17643913424,30.36276912689205,31.804468412960258
2024-06-01 19:14:55+00:00,ESP,ESP,-24.35138726292022,-19.27325499615596,0.0,-13.42567186655744,-7.249023541616559,-0.5730465534390875,-10.160357609765999,-11.0770368713866,2.678465747997424,-2.770247204710092,-4.31050698542907,6.435844697810114,-1.058665895761388,21.35571547031468,23.778340880235877,18.92376753519532,69.8378425598144,43.920708618164056,1.0,350.416598914224,0.195167505741119,98.37890625,5517.896484375,304.026309241335,44.070690536499,308.562838925787,2.285561698657718,44.6456047,2.54198232533695,1819.591283798216,701.853930950165,1023.55790138245,866.461932659149,777.63831615448,-63.5670851,5.0,57.7471389770508,3.84791588783264,36.0400581359863,-414.059997558594,18.3532416820526,43.1230783462524,0.5034915701542285,1.25097902856545,1.38397679224906,7.847068160531076,7.59999513626099,414.016052246094,2.0,7.0,5.0,0.0,0.0,24060101.0,43.219240479003616,348.084854293852,30.4056999206543,34.117270121854894
2024-06-01 19:14:56+00:00,ESP,ESP,-12.17568867957297,-8.896816753411157,0.0,-5.884424316207946,-3.7117362320284224,-0.1839854433348256,-10.17095934401835,-11.07630262605085,1.0535393478694481,-2.935467943940138,-3.40690337392253,6.436113294999226,-1.0600212614248141,11.140127328750012,11.991703703145612,16.2751103335614,70.1594261169434,41.51109169006348,1.0,354.534082832718,0.183633202314377,110.201171875,5529.71875,310.600202392932,41.5794925689697,314.161736233743,3.0027497041990374,44.6456699,2.56128892224305,1819.66986656189,1182.1027040481565,1250.68116188049,1161.06104850769,968.352377414704,-63.5672038,5.0,52.0379104614258,3.84791588783264,36.0400581359863,-415.059997558594,18.3687299489975,43.0631548166275,0.030499489367178,0.0559990601483883,-5.39890979594506,4.26832830480408,8.59999656677246,415.01611328125,2.0,7.0,5.0,0.0,0.0,24060101.0,34.7220971967629,348.61056029389,31.5455572128296,35.142050170898436
2024-06-01 19:14:57+00:00,ESP,ESP,-8.848008904621173,-5.846197753791453,0.0,-4.2836605640425365,-2.2221234779438515,-0.026053285512734198,-10.1631554260048,-11.07600892791655,2.5958663707180962,-2.1732161004910457,-9.191545648644835,6.435844697810111,-1.06218993186366,6.007919173666288,8.821955660296343,12.827088772604238,69.4797912597656,39.585545425415056,1.0,358.949581565078,0.177458207309246,121.490234375,5541.0078125,317.795615438244,39.799683380127,324.6000547950855,1.7545705622734438,44.6457395,3.0325087957241,1819.5716381072998,1581.6815137863161,1037.29641437531,980.089724063873,888.135194778442,-63.567308,5.0,46.5156707763672,3.84791588783264,36.0400581359863,-416.059997558594,18.3629214763641,42.9375022649765,-0.34699419128436015,0.653988958842281,1.08298177474912,13.527172746492042,9.60000038146973,416.016174316406,2.0,7.0,5.0,0.0,0.0,24060101.0,25.57027755050078,348.386584730627,31.07245674133305,36.263473555621
2024-06-01 19:14:58+00:00,ESP,ESP,15.291160538805354,11.921706643870857,0.0,8.60322371863647,4.0219366583265925,0.3475930519654723,-10.1716961506751,-11.07718372045375,2.2921622440612306,-0.553836518332381,-12.741345651349,5.880947920675138,-0.42406072029891273,-15.312447378306553,-14.943567644254424,5.742062683337368,66.6482711791992,36.069365615844745,1.0,3.24960486438908,0.176783215999603,132.044921875,5551.5625,334.775137865815,36.1315475463867,342.226259533274,2.5691569586574423,44.6458177,2.84996238520199,1819.2277669906603,1829.86307144165,1169.00646686554,1091.56215190887,929.019093513489,-63.5673824,5.0,45.2741584777832,3.84791588783264,36.0400581359863,-416.959991455078,18.072521686554,37.1208757162094,0.658988990820061,0.966983711579438,0.0779986925884961,18.425290084284,10.600004196167,417.016235351562,2.0,7.0,5.0,0.0,0.0,24060101.0,9.23560424278933,348.163319507037,30.750390815734853,35.083881788987384
2024-06-01 19:14:59+00:00,ESP,ESP,25.666123887576283,18.4429164119656,0.0,13.75272949854796,7.294674050085353,0.6172407054942732,-10.179058240826699,-11.0229908651448,1.1913244011474753,-0.7237468614444917,-12.06416697297491,4.083984359247152,1.3103280577119176,-24.1032693715074,-25.04888310737682,-3.559373467985229,63.0062072753906,32.86627555847169,1.0,6.17014957070034,0.183259007334709,141.548828125,5561.06640625,356.793427447888,32.8253837585449,182.91044594449465,3.636739218149118,44.6458994,1.31008599153886,1819.139337539674,1828.6679983139043,1244.87316608429,1071.32720947266,920.051455497742,-63.5674152,5.0,44.5065612792969,3.84791588783264,36.0400581359863,-417.959991455078,18.0047631263733,34.0898096561432,0.13249775915180598,-1.28997834150917,4.26992861812661,20.9338481532099,11.6000080108643,418.016296386719,2.0,7.0,5.0,0.0,0.0,24060101.0,-8.612846516026016,347.972921153734,30.65158939361575,31.927943229675297
2024-06-01 19:15:00+00:00,ESP,ESP,24.98023594961412,17.86953944812542,0.0,10.206818690934574,1.798177755619005,-6.298814753294332,-10.201880891051449,-10.882734211199,4.148653956346666,0.7571068687206257,-4.8637021489983905,2.42144368047309,3.07860219927189,-26.16012039288258,-31.279050404087684,-10.006411207666801,61.9084190368652,31.63311859130862,1.0,7.13772099871351,0.19372490644455,150.49609375,5570.013671875,18.7793899719912,31.8445964813232,17.660703169912452,9.0232485922126,44.6459784,-3.29298574368536,1670.082545280456,1827.7471780776982,869.55600976944,905.43133020401,537.239849567413,-63.5673996,5.0,45.2980308532715,3.84791588783264,36.0400581359863,-419.059997558594,38.1584793329239,29.3537735939026,-0.10249828348782405,0.421992912544203,4.23492859438535,11.797602533538548,12.6000118255615,419.016357421875,2.0,7.0,5.0,0.0,0.0,24060101.0,-17.418077945875382,347.810471934514,30.831619262695348,30.475815142118034
2024-06-01 19:15:01+00:00,ESP,ESP,24.568046669053842,17.26567388586814,0.0,7.441747745086954,-2.5670889481314916,-13.0091180951175,-10.20777107543695,-10.8777404891421,5.000973924899467,1.3765044158866762,-3.987416199242435,0.5397939695639515,4.542178677782854,-27.391102505860243,-37.57716544719026,-20.92299361658094,58.5727638244629,30.85014427185056,1.0,4.26469413190144,0.20255821198225,159.140625,5578.658203125,24.0848930890549,30.9433090209961,23.913098463503502,10.5356231438053,44.6460511,-1.7408813904172,831.676185131073,1827.7471542358421,734.175562858582,841.768324375153,359.150469303131,-63.5673607,5.0,50.1062812805176,3.84791588783264,36.0400581359863,-419.959991455078,66.6544079780579,29.3537735939026,-0.5804902803595525,-1.49097490724848,-0.957983976852594,5.686304690180067,13.6000156402588,420.016418457031,2.0,7.0,5.0,0.0,0.0,24060101.0,-39.7192350312924,347.67184641512,31.692372322082498,23.960043525695795
2024-06-01 19:15:02+00:00,ESP,ESP,23.00480727182522,15.258479705796798,0.0,5.688587937042236,-4.253807536072044,-14.63276966178122,-10.20836017925285,-10.8743629605975,5.003138241092716,2.350873653704332,-3.81982971727165,-1.4128307556430495,5.522144081686572,-28.11244937089852,-37.63757778738006,-27.56275745404318,56.8217594146728,31.35077682495116,1.0,0.654360190295842,0.210504108667374,167.73828125,5587.255859375,28.8691673950821,31.5027156829834,29.4835053448843,9.991032524486345,44.6461206,-1.0944540379555,328.1489372253416,1827.698183059692,562.027513980866,750.818371772766,231.16360604763,-63.5673124,5.0,56.5004005432129,3.84791588783264,36.0400581359863,-421.059997558594,66.7492687702179,29.359570145607,-1.006983086947606,-0.650989065053618,-2.92195087150664,5.704104248534482,14.6000194549561,421.016479492188,2.0,7.0,5.0,0.0,0.0,24060101.0,-53.37821045046236,346.732176309866,31.940637588500948,20.209328806400297
2024-06-01 19:15:03+00:00,ESP,ESP,22.54565053694678,14.85178531242374,0.0,5.432885035178727,-4.551195210506188,-14.806729628054303,-5.75325189923568,-10.8539488058288,3.738545151407544,2.7895386471339716,-0.18072016201235203,-1.598603000477132,5.752022721317176,-29.71001832342398,-37.35237914047272,-31.930883018848135,56.6362758636474,32.859977645874025,1.0,357.672390831799,0.218953415751457,176.626953125,5596.14453125,35.0116589685121,32.9654079437256,33.56343859086865,9.174246060137659,44.6461885,-1.79663174230037,14.16781144216657,1827.6296615600543,464.109420776367,646.991968154907,189.383238554001,-63.567253,5.0,62.5613708496094,3.84791588783264,36.0400581359863,-422.059997558594,66.8054103851318,46.01109623909,-1.291978306275515,0.302994902225008,-0.403993202966678,2.8875515629028765,15.6000232696533,422.016540527344,2.0,7.0,5.0,0.0,0.0,24060101.0,-62.08357683068334,344.967583277415,32.773311996459995,16.23809236638686
2024-06-01 19:15:04+00:00,ESP,ESP,22.541494366836822,14.98447710497688,0.0,6.020028416045806,-3.6885306643233036,-13.54995791605378,3.9459128749159653,-10.789768506405949,2.993351150457692,3.429498087928098,0.44759954520663253,-1.5722560580179983,5.719492237847698,-30.227663334203083,-36.09145313666424,-33.762917339163984,57.8423583984375,34.86074317932128,1.0,355.199315937121,0.227947506308556,186.013671875,5605.53125,36.4576817327901,35.023751449585,34.86491406174165,7.584873078484101,44.6462573,-2.25868358092457,5.561013426631689,1827.6492118835438,446.467787027359,551.037728786468,155.685901641846,-63.567184,5.0,70.3989410400391,3.84791588783264,36.0400581359863,-423.059997558594,66.8150901794434,46.0323601961136,-0.842485851513649,0.266995509750383,-1.94996735473304,1.3963765738003928,16.6000270843506,423.0166015625,2.0,7.0,5.0,0.0,0.0,24060101.0,-66.68269290453843,342.582399256976,33.6944108963013,14.201214960643222
2024-06-01 19:15:05+00:00,ESP,ESP,22.568510155570443,15.10137681715004,0.0,6.547258231287176,-2.8355850077538456,-12.638231309977678,6.44528559872432,-10.74159646285035,2.985054903871018,3.3692538130805163,2.347269747077455,-1.55209261388052,5.6866916203965445,-28.358874399925575,-35.20674009951032,-31.68213504248436,61.6045234680176,37.070157623291024,1.0,353.246100400551,0.237204211950302,196.0234375,5615.541015625,38.2547523147446,37.3668571472168,35.57040430111225,6.581489773369446,44.646329,-2.85439560486015,5.1385323517024535,1827.56106853485,441.513419151306,506.289541721344,151.997566223145,-63.5671078,5.0,78.2319717407226,3.84791588783264,36.0400581359863,-424.059997558594,66.820901632309,46.0458904504776,-0.359493973575303,0.959983941618938,0.483991846981305,0.2097964747442524,17.6000308990478,424.016662597656,2.0,7.0,5.0,0.0,0.0,24060101.0,-63.43463196172256,340.741034898254,34.4013708114624,16.357286882400516
2024-06-01 19:15:06+00:00,ESP,ESP,22.564349545837537,14.563148006778722,0.0,5.458044463873295,-4.5859798271565,-15.091971646662918,6.4448439843058,-10.58621264744035,2.9821698746542866,6.36667528670803,2.66983706329724,-1.5518237819036558,5.672595219855376,-26.87345647055278,-37.65632187551937,-30.46367505682154,64.219571685791,38.08749916076662,1.0,351.803318561034,0.246617022156715,206.4765625,5625.994140625,37.6716283294494,38.3096145629883,34.6514177162127,5.049915389265102,44.6464036,-2.89676497582904,5.0108078867197,1827.5610923767078,510.857701301575,511.758029460907,244.698151946068,-63.5670275,5.0,87.7603912353516,3.84791588783264,36.0400581359863,-425.059997558594,66.8421983718872,46.0613548755646,0.165997209008714,0.692988378507702,0.349994127594954,-1.0937816591925706,18.6000347137451,425.016723632812,2.0,7.0,5.0,0.0,0.0,24060101.0,-60.7148520002613,339.697381993076,35.36512756347655,18.740304794311538
2024-06-01 19:15:07+00:00,ESP,ESP,22.487535189374803,14.490062250583922,0.0,5.405787028042982,-4.5048237755704985,-14.910367161916039,6.44499083337295,-10.5876815649987,2.98144817979111,5.650237876267812,2.56791772755425,-1.55209261388052,5.677204231507299,-27.679489485072203,-37.39790303430978,-31.303556098301318,65.1401779174805,38.861799087524425,1.0,350.907908081602,0.254767021536827,217.173828125,5636.69140625,36.5755981186212,39.1046230316162,33.6314365391507,3.557340360793154,44.6464806,-3.06065621873714,5.07958261296153,1827.4435043334938,870.51123380661,716.134667396546,513.051331043243,-63.5669466,5.0,96.0340270996094,3.84791588783264,36.0400581359863,-426.059997558594,66.8576836585998,46.0787534713745,2.13446410442831,1.57297356939031,-1.65997214344799,-0.9185845909143312,19.6000385284424,426.016784667969,2.0,7.0,5.0,0.0,0.0,24060101.0,-62.024032607537016,338.771508869946,36.170569610595706,18.61374320983887
2024-06-01 19:15:08+00:00,ESP,ESP,21.154970746456662,12.582525994654358,0.0,3.500273489947464,-6.383925014834263,-17.00231989147376,6.444843984305795,-10.5973744572046,2.981809027222698,2.380093992714269,2.656703356575245,-1.552361488546066,5.678016682509076,-25.73555173596108,-38.15729097943984,-31.0857283883102,67.0701530456543,39.96666526794436,1.0,350.235107127599,0.258510607481003,228.078125,5647.595703125,37.2105495793385,40.1872501373291,34.25292740456125,1.5029748239125953,44.6465595,-3.83373139338844,5.0108078867197,1827.276992797852,1432.80553817749,1112.58804798126,979.292035102844,-63.5668643,5.0,105.235900878906,3.84791588783264,36.0400581359863,-427.059997558594,66.8615579605102,39.1680032014847,2.31296127998966,-0.686988537569522,-3.74893715616367,1.296578219902018,20.6000423431396,427.016845703125,2.0,7.0,5.0,0.0,0.0,24060101.0,-61.215549945671775,337.73113445557,36.195441627502404,19.176044698861944
2024-06-01 19:15:09+00:00,ESP,ESP,20.65911438063934,13.71231373243646,0.0,6.36421389997457,-1.7231821718105578,-9.422103635965755,6.444106750762256,-10.557427242070151,2.9814485639892503,1.7516778330856422,3.3974460165213,-1.5531680911983619,5.681540718611345,-21.920154790116438,-30.081218955756118,-28.912432886870043,70.2696258544922,42.97567428588867,1.0,349.744808828219,0.259089508652687,239.505859375,5659.0234375,41.4444335816676,43.04377784729,36.271892049629244,-1.4935749574942663,44.6466397,-5.4652736214682,4.902733210474253,1827.5414705276478,1392.97676086426,1101.27806663513,1107.30719566345,-63.5667728,5.0,114.766403198242,3.84791588783264,36.0400581359863,-427.959991455078,66.8809175491333,28.3582389354706,-0.6059898503070005,-4.71792072578775,-3.27894479574251,1.559773801932434,21.6000461578369,428.016906738281,2.0,7.0,5.0,0.0,0.0,24060101.0,-57.95281297538626,337.345010201411,35.152705192565946,24.115977994133445
2024-06-01 19:15:10+00:00,ESP,ESP,20.665258818816703,14.40388353401438,0.0,7.573429694171301,-0.4029680315929006,-8.772124478413954,6.444842917088735,-10.5409780121146,2.9810873323595217,2.0233184210884194,3.72894327147234,-1.552361531234748,5.680727584590654,-19.434540351141,-29.43738380949486,-25.8134722415599,73.9825172424316,46.54242965698244,1.0,349.505478999701,0.258552798628807,252.01953125,5671.537109375,40.222960116543,46.7740070343018,35.27540672331215,-2.0089662513071778,44.6467251,-4.72033818586711,4.804483614861964,1827.443528175354,986.284077167511,828.937292098999,950.891852378845,-63.5666696,5.0,126.218803405762,3.84791588783264,36.0400581359863,-428.959991455078,66.896402835846,17.904157936573,-0.6229895583247965,1.59297321705375,1.11498131773233,-1.5655738064765399,22.6000499725342,429.016967773438,2.0,7.0,5.0,0.0,0.0,24060101.0,-54.44014777204844,337.819544424186,34.6703435897827,28.559376437847426
2024-06-01 19:15:11+00:00,ESP,ESP,20.665257452778878,13.0747784111561,0.0,4.845478777405971,-4.550625316597314,-14.053747205082573,6.44499083337295,-10.519683189829799,2.9825303378877344,1.588982753736367,2.612047259616585,-1.551554949926792,5.680185182193192,-17.36395757594896,-34.71900517012564,-23.28923376584692,76.1195571899414,48.64743141174314,1.0,349.537280360477,0.256426531076431,265.2421875,5684.759765625,37.3727153457075,48.8929676055908,33.71643653582425,-1.222779461326974,44.6468178,-3.90174897846437,4.853608272969721,1827.414107322694,910.679340362549,768.182575702667,815.957009792328,-63.5665646,5.0,137.62809753418,3.84791588783264,36.0400581359863,-429.959991455078,66.9080197811127,12.590129673481,-0.979983535921529,-1.19598010421269,-3.1609468745282,-1.2413792510478552,23.6000537872314,430.017028808594,2.0,7.0,5.0,0.0,0.0,24060101.0,-51.24545178023677,338.433933600408,33.921621894836406,33.910914993286134
2024-06-01 19:15:12+00:00,ESP,ESP,20.665259160326162,12.73502021315866,0.0,4.08914059711764,-5.477426320926308,-15.25543890557826,6.44543244779147,-10.4973587165276,2.98325203275091,2.1917856772970197,3.019194515875925,-1.400463823032754,6.07352664111621,-16.22757802259892,-35.92069977345176,-21.76378853737168,78.0755561828613,50.37485984802244,1.0,349.8833797061,0.252447420358658,279.01953125,5698.537109375,36.5808710246604,50.6025157928467,32.40645747943455,-0.5867901533652813,44.6469171,-3.87167266734104,4.794658720493316,1827.423906326294,779.022455215454,617.438733577728,708.753049373627,-63.5664603,5.0,148.147796630859,3.84791588783264,36.0400581359863,-431.059997558594,54.573792219162,11.9328834116459,-0.44849250572922605,0.28999513124377,1.15898054259191,-1.7447706922296775,24.6000576019287,431.01708984375,2.0,7.0,5.0,0.0,0.0,24060101.0,-49.28315072603264,339.155529425841,33.868583679199205,36.27871398925781
2024-06-01 19:15:13+00:00,ESP,ESP,20.655004314306304,12.697774508595682,0.0,4.085280174198751,-5.423249601939226,-15.361257318842018,6.44499083337295,-10.49691816932615,2.981809027222698,1.66149207398173,3.2655836650655,-1.3087875298889622,6.183044540966501,-16.10322110988996,-36.01626299918617,-20.867392461642442,79.2596900939941,51.045476303100585,1.0,349.981188015014,0.243691805005074,293.12109375,5712.638671875,34.5579841434615,51.2570640563965,30.8024831755054,-0.08059865328809772,44.6470209,-3.56035328530209,4.873258247971533,1827.4141311645478,950.128078460694,801.951766014099,787.231504917145,-63.5663576,5.0,160.929000854492,3.84791588783264,36.0400581359863,-432.059997558594,54.5641124248505,9.09705981612206,-0.25299576972618654,-1.60797295280133,-2.6249561037045,-1.5257743368715584,25.600061416626,432.017150878906,2.0,7.0,5.0,0.0,0.0,24060101.0,-47.37977166474142,339.800408566517,34.0530080795288,37.15299625396728
2024-06-01 19:15:14+00:00,ESP,ESP,20.40927937966918,11.84125956592072,0.0,2.896308975324574,-7.05516561212131,-16.74334678041302,6.4460217650508,-10.492071723223201,2.9810873323595217,1.523688034245236,3.5061954347125903,-1.3491143327865518,6.147532338414853,-14.97485234390796,-37.15262547706328,-20.1678581472281,80.970824432373,51.97781867980956,1.0,349.520915227226,0.23356751203537,307.412109375,5726.9296875,33.4554891585839,52.1798881530762,28.83701684088515,-0.19219678613444358,44.6471281,-4.25432035521267,4.824133589863776,1827.47287750244,1042.90366172791,892.757058143616,891.340970993042,-63.5662573,5.0,173.133895874023,3.84791588783264,36.0400581359863,-433.059997558594,54.5679807662964,9.07192975282669,-0.6239895673883955,-0.115998049829465,2.05896543449881,-2.00576637171405,26.6000652313232,433.017211914062,2.0,7.0,5.0,0.0,0.0,24060101.0,-45.131166839022185,340.456243330622,34.1481513977051,39.043776468130275
2024-06-01 19:15:15+00:00,ESP,ESP,19.732949949941023,11.288282157319859,0.0,2.4429097057183164,-7.548135283863262,-18.03182132771034,6.445137682440105,-10.48325992542025,2.980726869126074,1.738691162193788,4.004754634450505,-1.345619389021276,6.146990448281576,-13.843432873933178,-37.764772302179765,-19.07203796471686,83.0892837524414,53.27566795349122,1.0,349.106814518226,0.221790012717247,322.021484375,5741.5390625,31.5381901717642,53.5783550262451,26.79555099137015,-0.11579806102345358,44.6472397,-4.3405352717848,4.824133496731518,1827.4337053298939,1065.3030872345,951.706886291504,919.428527355194,-63.5661591,5.0,183.450302124023,3.84791588783264,36.0400581359863,-434.059997558594,54.5679807662964,9.04873311519623,-0.5449908257156605,-0.690988360380505,-1.59797312896961,-2.1529638425500197,27.6000690460205,434.017272949219,2.0,7.0,5.0,0.0,0.0,24060101.0,-42.43370520369284,341.054868430238,33.91813373565675,41.73981605529787
2024-06-01 19:15:16+00:00,ESP,ESP,19.4883902455763,11.34678563039142,0.0,2.42555487805623,-7.425737098653526,-17.8739391144793,6.444842917088735,-10.49427445923055,2.981087716557662,1.3393478026036671,2.573172277460105,-1.348038962190416,6.14888847247456,-12.938601343824264,-37.36233072609344,-17.99866383287506,83.9865783691406,53.856291961669925,1.0,348.920186429345,0.208341121673584,336.953125,5756.470703125,28.4796451218108,54.1213371276855,24.58108840300975,-0.05379909842599566,44.647356,-4.08643686673469,4.833958484232425,1827.4239301681519,1127.24852561951,1001.97076797485,997.762382030487,-63.5660641,5.0,195.192596435547,3.84791588783264,36.0400581359863,-435.059997558594,54.5679807662964,9.04293358325958,-0.5939900692128035,-2.40895948205248,-4.74192030298388,-1.771570246779119,28.6000728607178,435.017333984375,2.0,7.0,5.0,0.0,0.0,24060101.0,-40.16073982527984,341.622293225726,34.02922954559325,43.595757293701155
2024-06-01 19:15:17+00:00,ESP,ESP,19.49449472714698,11.39359838092486,0.0,2.42169799829797,-7.307261149574674,-17.724249030138758,6.445432447791475,-10.4975055655948,2.980366405892626,1.6878263592465619,3.8555529940129905,-1.1856562732822158,6.339188300299054,-12.6349564050254,-37.21874170822898,-17.71764184664514,83.7087890625,54.15187088012694,1.0,348.990701302336,0.193239802122116,351.927734375,5771.4453125,28.9969055929396,54.3804222106934,24.44109001559205,-0.7161879911416384,44.647475,-4.39451212236129,4.765183757990599,1827.3846864700322,1142.28558540344,1018.72432231903,1043.44773292542,-63.5659744,5.0,207.625198364258,3.84791588783264,36.0400581359863,-436.059997558594,54.5718550682068,9.03133526444435,-0.6999882551899075,0.168997156158231,0.671988748461086,-0.1493974754346402,29.600076675415,436.017395019531,2.0,7.0,5.0,0.0,0.0,24060101.0,-39.926671291480254,342.096444957908,33.13460941314695,43.18573436737063
2024-06-01 19:15:18+00:00,ESP,ESP,19.54539841948378,12.149816435261162,0.0,3.965867080477088,-5.219218617939427,-14.04465724782564,6.444842917088735,-10.47914772465305,2.980726869126074,0.8335847489872886,3.3013076888587802,-1.160115976164056,6.371175869106881,-11.920857395224921,-33.5900554965547,-18.1187245565961,83.0241142272949,54.67699470520017,1.0,348.891117144237,0.179783414304256,367.048828125,5786.56640625,28.3960828799576,54.8577919006348,23.26660995950435,-1.588773333733108,44.6475946,-4.97201101998822,4.804483521729707,1827.4533271789558,1211.1086845398,1038.73825073242,1109.71474647522,-63.5658827,5.0,219.118392944336,3.84791588783264,36.0400581359863,-437.059997558594,54.573792219162,9.01780351996422,-1.35597728552024,-1.67497187919558,0.520991301880382,-1.2721786657608756,30.6000804901123,437.017456054688,2.0,7.0,5.0,0.0,0.0,24060101.0,-40.50624631048278,342.34438082478,32.2244092941284,42.13272092342377
2024-06-01 19:15:19+00:00,ESP,ESP,19.57186950063108,12.42937522421612,0.0,4.322905016744431,-4.4681112526495905,-13.874434761066379,6.44454815173737,-10.48252525319765,2.980366405892626,1.427729788789058,1.6774468089135,-1.1964100859652842,6.331868984207103,-11.429532347657759,-33.446306652263715,-16.4311907428894,83.6415458679199,54.86840263366698,1.0,348.282793175999,0.168465712666512,382.298828125,5801.81640625,25.6959554217952,55.0441646575928,22.100129762482098,-1.0435825115408135,44.647717,-3.70859976647287,4.686583951115608,1827.423882484436,977.465629577637,910.772800445556,1017.44568347931,-63.5657951,5.0,229.71989440918,3.84791588783264,36.0400581359863,-438.059997558594,54.5583009719849,8.9984729886055,-1.5704736667932302,-0.96798369396261,-3.27394488382665,-1.032982619571931,31.6000843048096,438.017517089844,2.0,7.0,5.0,0.0,0.0,24060101.0,-38.53571965946118,342.497513665972,32.1020250320435,43.615229644775376
2024-06-01 19:15:20+00:00,ESP,ESP,19.58409349018866,12.65085247503552,0.0,4.994093448461692,-3.385514444437566,-11.875492815550254,6.444549218954425,-10.4810567625261,2.98144817979111,2.4915642594501217,1.26557135420122,-1.18915130242485,6.307471633869183,-10.960713627179398,-31.459586988757867,-15.004662704540479,82.0248733520508,54.34678001403809,1.0,347.650590866423,0.156049700081348,397.46875,5816.986328125,24.7748890442934,54.5342308044434,22.567121748866903,-0.6529890421596592,44.647841,-2.48611884844565,4.67675905674696,1827.5414466857899,798.7961769104,732.486188411713,782.313764095306,-63.5657152,5.0,241.617294311523,3.84791588783264,36.0400581359863,-438.959991455078,40.317115187645,8.95787850022316,-1.482975101543955,0.28399521026431,1.85796876203779,0.8399858955557168,32.6000747680664,439.017578125,2.0,7.0,5.0,0.0,0.0,24060101.0,-36.99961626229556,342.799189461233,31.30033378601075,44.29295501708983
2024-06-01 19:15:21+00:00,ESP,ESP,19.52503455198284,11.485309209212641,0.0,2.4274833392796995,-7.480161582752754,-17.4490569518749,6.445137682440105,-10.487225277120249,2.980366576647356,2.31624260958864,1.0134031446023,-1.195603632723374,6.297712488828344,-12.92906486295038,-36.97409184536723,-15.353593505083799,81.1639915466309,53.471018600463864,1.0,346.975877459452,0.142911811172962,412.482421875,5832.0,25.2676479193221,53.5352474212646,23.27610904509255,-0.376393673182869,44.6479634,-2.43872565989881,4.64728465303779,1827.39450931549,874.349176883698,750.315964221954,780.094027519226,-63.5656357,5.0,251.35920715332,3.84791588783264,36.0400581359863,-439.959991455078,40.3229236602783,8.95014628767967,-0.32899447086791145,-0.417992983011515,-2.69095494099386,0.7569873133962185,33.6000595092773,440.017639160156,2.0,7.0,5.0,0.0,0.0,24060101.0,-37.843749096533664,343.202498471344,31.47090167999265,42.4211993081229
2024-06-01 19:15:22+00:00,ESP,ESP,19.55557984097006,11.69244220900136,0.0,3.1223126351956174,-6.412828923986558,-16.2966636785063,6.443813052627945,-10.49530282958745,2.980005729215768,2.156433109072878,0.064093474645088,-0.9896679224074723,6.543584955551543,-11.16670410707472,-35.85224420249528,-15.915597862446441,78.7825126647949,52.241233749389664,1.0,346.261111823189,0.129503810405731,427.140625,5846.658203125,28.1279416059739,52.2354137420654,26.7665508619279,-2.214762839207424,44.6480819,-2.58665389694295,4.460609890520574,1827.345585823058,1029.13987636566,841.092824935913,933.016777038574,-63.5655546,5.0,262.461791992188,3.84791588783264,36.0400581359863,-440.959991455078,40.3248608112335,8.94821286201477,-0.7419875686439915,-1.39897663471835,-1.49497494350288,4.37252663988535,34.6000442504883,441.017700195312,2.0,7.0,5.0,0.0,0.0,24060101.0,-39.11738949748212,343.499311171916,30.528800010681152,39.87516779218403
2024-06-01 19:15:23+00:00,ESP,ESP,19.5902010453445,12.591955241558319,0.0,4.79451941902742,-3.8597346919549635,-12.91050092105046,6.4451376824401,-10.4914843269546,2.97964547942573,2.166894461593422,1.52141684693582,-1.0482761748497658,6.454940369936907,-10.647532378261388,-32.50070247865912,-16.15969038187196,78.9656478881836,52.09278991699218,1.0,345.055200944088,0.118927404284477,441.611328125,5861.12890625,33.430627270005,52.2936378479004,30.4469906122265,-2.516157849660636,44.6481937,-3.66959298300975,4.02831146493554,1827.365136146548,963.024795055389,811.387479305267,901.423871517181,-63.5654617,5.0,273.802001953125,3.84791588783264,36.0400581359863,-442.059997558594,40.3190523386002,8.94434675574303,-0.49049178583277697,0.405993194413449,-0.644989170754584,2.9821499603839876,35.6000289916992,442.017761230469,2.0,7.0,5.0,0.0,0.0,24060101.0,-38.16881214253186,344.299863984155,29.82803020477295,40.84261642456054
2024-06-01 19:15:24+00:00,ESP,ESP,19.58205365419304,12.658584761440158,0.0,4.924162044380328,-3.5722858392255175,-12.43528419162186,6.44499083337295,-10.4977992637291,2.980005942659178,0.9991658554012449,2.31627402845882,-1.047200932319676,6.4541272359162205,-11.382612192399602,-32.01733750430544,-16.607410306494643,77.5930023193359,51.86675033569336,1.0,341.702097155989,0.110740403831005,456.05859375,5875.576171875,36.4641943181637,51.861270904541,32.18046188772445,-2.870151912124364,44.6483006,-4.64995692845154,4.008661489933728,1827.4043321609502,1187.53445148468,981.867730617523,1093.5355424881,-63.565358,5.0,284.567199707031,3.84791588783264,36.0400581359863,-443.059997558594,40.3113067150116,8.93854722380638,-0.7754869784802596,-0.956983994469422,-1.78097001181183,1.564373763583708,36.6000137329102,443.017822265625,2.0,7.0,5.0,0.0,0.0,24060101.0,-38.709340336087216,345.537303016464,28.84005546569825,40.443863051278264
2024-06-01 19:15:25+00:00,ESP,ESP,19.6187222077712,13.451821075040097,0.0,6.859713687228506,-0.7096230747796012,-8.054997218867568,6.444549218954425,-10.4894280131276,2.97964547942573,1.8364530898550382,1.123726147664917,-1.043437049855836,6.454940540691635,-10.46481149909466,-27.673719341261357,-15.71004707597896,77.0784301757812,51.92180625915527,1.0,338.186107016563,0.10643679946661,470.458984375,5889.9765625,36.6465125576788,52.037752532959,33.262942710786646,-2.717954379962144,44.6484047,-3.87900999805693,4.018486477434634,1827.453303337094,953.63461971283,819.220244884491,953.556597232819,-63.5652499,5.0,297.626098632812,3.84791588783264,36.0400581359863,-444.059997558594,40.3229236602783,8.93661454319954,-1.7449708061001852,-0.910984698121796,1.09598154573035,1.0283827579722555,37.5999984741211,444.017883300781,2.0,7.0,5.0,0.0,0.0,24060101.0,-37.83936753018112,346.738350800876,28.207363986969,41.12352198432473
2024-06-01 19:15:26+00:00,ESP,ESP,19.5922395153023,12.433293532988241,0.0,4.494891912121019,-4.454591149319642,-13.69072043088492,6.444106750762256,-10.492805968559,2.9792848027488725,2.6405507062401057,0.020489346880528198,-1.043974777842588,6.458464918303363,-11.1136808362837,-33.28295926316826,-14.6280211435155,75.4529960632324,51.318338241577145,1.0,335.136673438962,0.106029506027698,484.83984375,5904.357421875,36.1455796537609,51.3513061523437,35.36990751312115,-2.073365223505172,44.648509,-1.69774127528916,3.989011701196432,1827.414107322694,818.549335002899,702.297687530518,759.672820568085,-63.5651433,5.0,308.614501953125,3.84791588783264,36.0400581359863,-445.059997558594,40.3229236602783,8.93081501126289,-0.889485076883594,1.33697751351826,0.808986441677381,2.6693551080739297,38.599983215332,445.017944335938,2.0,7.0,5.0,0.0,0.0,24060101.0,-38.27869485986118,348.141626826233,27.90778999328615,39.93072185516359
2024-06-01 19:15:27+00:00,ESP,ESP,19.55965199975322,11.86410842699644,0.0,3.2087623822091516,-6.300453102232808,-16.38545443016918,6.444402369887275,-10.4941280370502,2.9792848027488725,2.578503261451642,0.8810143349718824,-0.8751397693080349,6.627620017250065,-10.13293841298454,-35.94510677143187,-15.388482794383119,74.5750785827637,50.595919876098634,1.0,332.794492289538,0.10924110263586,498.984375,5918.501953125,39.4341449843928,50.6453830718994,37.63686778921585,-2.3295610088946583,44.6486091,-2.25465462308791,3.979186713695526,1827.414131164552,856.97478055954,697.553813457489,835.844457149506,-63.5650341,5.0,321.534912109375,3.84791588783264,36.0400581359863,-446.059997558594,40.3132438659668,8.9327484369278,-0.939484249403056,0.482991864598133,1.06098216231933,1.791369978007204,39.599967956543,446.018005371094,2.0,7.0,5.0,0.0,0.0,24060101.0,-39.60193541154336,349.391250916022,27.79969654083255,38.45658073425294
2024-06-01 19:15:28+00:00,ESP,ESP,19.535217681016423,12.05763210410918,0.0,3.7859829923160815,-5.378865410542552,-14.68868039504386,6.444401302670215,-10.494862282386,2.979284589305462,2.7108958917191264,1.0207577375540962,-0.8668055084497602,6.6886145456892905,-10.596797733106548,-34.223898417569764,-15.70369670759816,73.7729118347168,50.07210823059082,1.0,330.850183319646,0.115356110036373,512.958984375,5932.4765625,41.4773653387509,50.1185955047607,39.3218378914176,-2.1407640788196582,44.6487047,-2.54038128630682,4.067611414939164,1827.423906326294,919.305741786957,747.45112657547,836.967468261719,-63.5649204,5.0,332.690399169922,3.84791588783264,36.0400581359863,-447.059997558594,40.3267949819565,8.91921669244766,-0.691488378252517,0.257995668301834,-1.33297758398557,1.5269744331252408,40.5999526977539,447.01806640625,2.0,7.0,5.0,0.0,0.0,24060101.0,-39.931758416374066,350.714968897927,27.3965497970581,37.82211341857909
2024-06-01 19:15:29+00:00,ESP,ESP,19.52910705227546,12.153430288351041,0.0,3.897929707435226,-5.026716395617062,-14.85258478606608,6.444401302670215,-10.49368748984875,2.980005942659178,2.733262541439438,2.055175640004805,-0.8872378379249539,6.686987765383722,-11.990283706817177,-34.381692179851065,-15.99128967731906,73.644701385498,50.059640808105456,1.0,329.343990003874,0.124954301118851,526.833984375,5946.3515625,43.4820565960009,50.0746089935303,40.911313411286045,-1.919167854642658,44.6487968,-2.86265394389694,4.028311558067799,1827.3847341537462,987.92839050293,850.599765777588,914.356231689453,-63.5648031,5.0,345.975799560547,3.84791588783264,36.0400581359863,-448.059997558594,40.317115187645,8.91341716051102,-0.8429858427052345,-1.07398204002227,-1.84596897343972,1.4941748882272288,41.5999374389648,448.018127441406,2.0,7.0,5.0,0.0,0.0,24060101.0,-40.51180949956174,352.015191029088,26.976983642578148,37.66303546428683
2024-06-01 19:15:30+00:00,ESP,ESP,19.5270716559028,12.255247406044221,0.0,4.1048140883381645,-4.619250020113091,-13.955466759341599,6.444401302670215,-10.49368748984875,2.9796452659823194,2.2592448517196138,2.4801829871700853,-0.884818222067136,6.68617403372148,-10.97597244053994,-33.482538756753875,-16.85733273388622,72.0857414245605,50.50756851196287,1.0,328.175098750075,0.134211502969265,540.8125,5960.330078125,44.8018847851737,50.4629276275635,41.40680606953005,-2.447358933632344,44.6488867,-3.77188104224622,4.038136452436446,1827.374935150146,1017.48311519623,908.804416656494,1011.78729534149,-63.5646807,5.0,357.482604980469,3.84791588783264,36.0400581359863,-448.959991455078,40.3229236602783,8.90955105423927,-1.0314826820157479,-1.82196939624359,-2.19796319920315,0.48019195661393327,42.5999221801758,449.018188476562,2.0,7.0,5.0,0.0,0.0,24060101.0,-43.141137948863445,353.061220840097,25.4545154571533,35.34686720711846
2024-06-01 19:15:31+00:00,ESP,ESP,19.56983239671112,13.339645121696941,0.0,6.58393720090379,-1.0157479538804493,-8.47866642525273,6.44454815173737,-10.491190628820249,2.9792848027488725,2.318045779529524,3.0438866102208753,-0.884818222067136,6.684276436415322,-11.65345156186016,-28.0484989927186,-16.923227666922838,72.1989280700684,51.07828422546386,1.0,327.264579892199,0.143317414820194,554.9140625,5974.431640625,45.8466715017539,51.0327438354492,41.36830941582055,-2.573956831407984,44.6489757,-4.4162739588306,4.038136452436446,1827.4630784988399,1075.38485527039,925.4469871521,1050.68230628967,-63.5645545,5.0,369.788604736328,3.84791588783264,36.0400581359863,-449.959991455078,40.3229236602783,8.91341716051102,-1.488475004651405,-0.767987057245616,-1.85096888535558,-0.4507924425321594,43.5999069213867,450.018249511719,2.0,7.0,5.0,0.0,0.0,24060101.0,-43.30152171887802,353.808716742863,24.85341567993165,36.113453063964826
2024-06-01 19:15:32+00:00,ESP,ESP,19.575948148093964,13.76050601042748,0.0,7.286478932987078,-0.08719450443732861,-7.362181505407634,6.44425445360306,-10.488253647477151,2.978563449395156,2.750577967447748,3.473622369282505,-0.8837428621431703,6.684276351037956,-14.04064878055648,-26.93812982425636,-16.45483446722976,73.1823417663574,51.697123489379884,1.0,326.690406869811,0.150158603489399,569.20703125,5988.724609375,43.8031950153019,51.798823928833,39.2528410279694,-1.755170573047692,44.6490665,-3.98157297240748,4.02831146493554,1827.5120735168439,986.960113048554,906.947016716004,1020.34997940063,-63.5644273,5.0,384.337005615234,3.84791588783264,36.0400581359863,-450.959991455078,40.3287321329117,8.91148447990418,-1.150480745695796,0.616989664025764,-0.642989312709946,-2.673955112413886,44.5998916625977,451.018310546875,2.0,7.0,5.0,0.0,0.0,24060101.0,-42.688630403142,354.452912864622,25.20770416259765,37.97636934168199
2024-06-01 19:15:33+00:00,ESP,ESP,19.553543420069023,13.33769988382134,0.0,6.591868245813279,-1.0042494798231216,-8.957630708724206,6.44396075546875,-10.4929528176261,2.977841882598026,2.251669126057352,2.47755859370321,-0.8840116941200339,6.682108107485936,-13.380717098233001,-28.51117429954798,-16.592314905410017,72.1920066833496,51.412689514160135,1.0,326.398703150738,0.148999312520027,583.521484375,6003.0390625,41.7378482631276,51.2193397521973,37.597367097698395,-2.38416000432718,44.6491616,-4.18021365649167,4.018486570566893,1827.443504333496,1094.24936771393,958.16832780838,1119.32098865509,-63.564306,5.0,396.127502441406,3.84791588783264,36.0400581359863,-451.959991455078,40.3209894895554,8.91148447990418,-1.608473104075475,-1.56897374657932,-0.681988572292808,-0.9735836326609718,45.5998764038086,452.018371582031,2.0,7.0,5.0,0.0,0.0,24060101.0,-43.29902869983094,354.59192087461,25.016335201263452,37.20018964494978
2024-06-01 19:15:34+00:00,ESP,ESP,19.5698351287868,13.719228274442699,0.0,7.257418527125422,-0.09678058956007776,-7.604723571891546,6.445580364075685,-10.488400069657501,2.978924126072014,2.6744613148087497,2.8526572149946796,-0.8837428621431703,6.683191802375125,-13.21325486167208,-27.174559212942558,-16.44817776486468,73.9926658630371,52.05892524719239,1.0,326.31310722006,0.147850508987904,597.87109375,6017.388671875,41.1775541851331,52.067546081543,37.0198797260157,-2.330160827569836,44.6492589,-3.81965223907493,3.939886949956418,1827.3455619811998,906.201779842377,872.405886650086,977.026522159576,-63.5641873,5.0,409.690307617188,3.84791588783264,36.0400581359863,-453.059997558594,40.3267949819565,8.91148447990418,-1.777970224744865,-0.664988871778881,-0.587990121552917,-0.9315843852409416,46.5998611450195,453.018432617188,2.0,7.0,5.0,0.0,0.0,24060101.0,-42.7477422753139,354.617465782106,25.973292446136448,38.18173439025875
2024-06-01 19:15:35+00:00,ESP,ESP,19.54743313283752,13.039090672742802,0.0,5.729104960708208,-2.293328861715812,-10.822313162517975,6.444106750762256,-10.48825322059035,2.9792848027488716,2.5427896536968424,1.807209250725485,-0.8842804940803856,6.6842762656605945,-13.378428472596841,-30.36974424629878,-16.2280998490515,74.2532272338867,52.45254959106444,1.0,326.365207903048,0.146597997844219,612.40234375,6031.919921875,38.3905877018632,52.461474609375,35.58890386847925,-2.045365674087668,44.6493591,-2.95502606256242,4.018486477434634,1827.4631023406982,916.048467159271,802.807629108429,909.129202365875,-63.5640704,5.0,412.988006591797,3.84791588783264,36.0400581359863,-454.059997558594,40.3306692838669,8.90955105423927,-1.70097152787976,0.0909984835800543,0.823986177424963,-1.0203828949048162,47.5998458862305,454.018493652344,2.0,7.0,5.0,0.0,0.0,24060101.0,-43.32566712061292,354.455262449696,26.3630281448364,38.02334632873537
2024-06-01 19:15:36+00:00,ESP,ESP,19.57187291572568,13.273364282972219,0.0,6.590855841023554,-1.0178295607517165,-8.606557662036407,6.443813052627945,-10.49163117602175,2.9792848027488725,3.260670283108688,1.822442973812995,-0.884280536769068,6.69213806952737,-12.60253196024282,-28.178430364318682,-16.30727232832514,74.928515625,52.6177606201172,1.0,326.611122033926,0.145318302512169,627.0,6046.517578125,38.4727548775785,52.6679042816162,36.3673917546044,-3.033549161600746,44.6494621,-2.49569050479378,3.9890117011964312,1827.443504333496,845.954120159149,749.496936798096,890.027046203613,-63.563957,5.0,402.685699462891,3.84791588783264,36.0400581359863,-455.059997558594,40.3306692838669,8.90761837363243,-1.3034782104037,1.46597534766918,-0.452992393102967,1.18438008445231,48.5998306274414,455.0185546875,2.0,7.0,5.0,0.0,0.0,24060101.0,-44.18233198594018,354.134134275679,26.678772640228303,37.11034226417543
2024-06-01 19:15:37+00:00,ESP,ESP,19.5963130401233,15.089344414398658,0.0,10.259735240019765,4.791864353742308,-0.7464113274229348,6.44366534978714,-10.494862282386,2.9792848027488716,2.574895811664136,2.1886134706422,-0.8823985955371467,6.685089570436011,-12.483897038511019,-20.34272465035876,-16.89155949483606,73.4453475952148,52.17436065673828,1.0,326.702783172587,0.141313308477402,641.583984375,6061.1015625,38.7469972180383,52.2728187561035,34.69091840773015,-3.449942252840464,44.6495643,-3.51379636804176,3.959536645561456,1827.443504333496,988.961219787598,855.526447296142,973.242521286011,-63.5638425,5.0,393.500305175781,3.84791588783264,36.0400581359863,-456.059997558594,40.3403490781784,8.90181884169579,-1.47097531294589,-1.05898230427469,-0.694988343274046,-2.682955081928484,49.5998153686523,456.018615722656,2.0,7.0,5.0,0.0,0.0,24060101.0,-45.59938586889139,353.654600354431,25.6620274543762,36.09043743610383
2024-06-01 19:15:38+00:00,ESP,ESP,19.58816701500968,14.96086770233708,0.0,9.847612041539676,3.9620625583876836,-2.257390498048638,6.44425445360306,-10.499561879421801,2.978563449395156,2.9648600835520424,1.308125513803655,-0.881860824861714,6.684547509548007,-13.064484633058001,-21.845557513058303,-16.349203542658778,72.7005294799804,51.13188652038575,1.0,326.772314498338,0.134507310390472,655.9375,6075.455078125,35.6313995979478,51.199715423584,33.26494395621345,-2.7813532630552613,44.6496675,-2.64994008191476,4.028311558067799,1827.325963973998,934.252917766571,851.783335208893,973.528444766998,-63.5637345,5.0,383.738006591797,3.84791588783264,36.0400581359863,-457.059997558594,40.3403490781784,8.8960200548172,-1.0294827172494054,0.786986829247593,-1.61797288335476,-0.5573906286113359,50.5998001098633,457.018676757812,2.0,7.0,5.0,0.0,0.0,24060101.0,-44.134448944763825,353.043762876578,25.6933427810669,36.89169090270996
2024-06-01 19:15:39+00:00,ESP,ESP,19.573906946060504,13.998822751136121,0.0,7.949192209850092,1.161143065860498,-5.889627127430837,6.444842917088735,-10.4972122943473,2.977481205921168,2.266099053273428,1.229322819904445,-0.8815919928848505,6.684276521792685,-13.17320143709602,-25.463533646604542,-16.41959000809358,71.8340309143066,50.557340698242186,1.0,327.040577008179,0.128074796497822,670.029296875,6089.546875,36.9796516193516,50.515754699707,33.791430305363704,-2.1635637198446664,44.6497696,-3.3631947522678,4.067611414939164,1827.4631023406978,1123.69954586029,939.021587371826,1055.82809448242,-63.5636297,5.0,375.733612060547,3.84791588783264,36.0400581359863,-458.059997558594,40.3403490781784,8.88055488467216,-2.01696622776643,-1.71197122737295,0.931984434890117,0.40799314550607446,51.5997848510742,458.018737792969,2.0,7.0,5.0,0.0,0.0,24060101.0,-43.42750865623238,352.504014007607,25.47793006896975,37.730970001220705
2024-06-01 19:15:40+00:00,ESP,ESP,19.57390899511726,14.0480971018464,0.0,8.056202832633431,1.195823415404262,-5.572081046123732,6.44440151611362,-10.49427488611735,2.9792848027488725,3.7815841797358667,0.6540627569018289,-0.8815919928848505,6.68563171670138,-13.231183766733901,-25.14599029737312,-15.437018118625257,72.0300201416016,50.49617637634275,1.0,327.412986242485,0.121811704337597,684.07421875,6103.591796875,35.8384431222584,50.5870182037354,34.2584239992958,-1.5497739994450521,44.6498714,-1.86810006701103,4.047961439937352,1827.374911308288,748.150110244751,724.128365516663,804.055988788605,-63.5635257,5.0,366.700103759766,3.84791588783264,36.0400581359863,-458.959991455078,40.3461575508118,8.87862220406532,-1.5674737730045698,0.72398783238604,-0.831986036490341,0.5549906922360648,52.5997695922852,459.018798828125,2.0,7.0,5.0,0.0,0.0,24060101.0,-42.55594919738206,352.379786526983,25.7378331184387,38.15412111282352
2024-06-01 19:15:41+00:00,ESP,ESP,19.55557745040384,13.99294622712894,0.0,7.768462245449063,0.8413745370470055,-6.4485709624037755,6.44425445360306,-10.49794611279625,2.978563449395156,3.761382401161672,-0.8720833823844141,-0.8826674808748631,6.684818753435421,-15.330758133631699,-26.004148242052924,-16.680330430602098,70.7362838745117,49.5869849395752,1.0,327.775614645899,0.11553571075201,697.994140625,6117.51171875,36.214021564339,49.5256565093994,35.651403514479455,-0.4417925824073111,44.6499725,-1.43942117300176,3.9398869033902884,1827.414083480836,895.997524261475,865.179419517517,865.279257297516,-63.5634231,5.0,358.679595947266,3.84791588783264,36.0400581359863,-459.959991455078,40.3500288724899,12.7486422657967,-1.0804818187911835,0.274995395496187,2.35096071727191,2.0807650931406427,53.5997543334961,460.018859863281,2.0,7.0,5.0,0.0,0.0,24060101.0,-45.700698064850215,352.029397822561,26.92615127563475,34.194833728245335
2024-06-01 19:15:42+00:00,ESP,ESP,19.46803389128346,12.57240519109698,0.0,4.612796174366343,-4.2034599491997175,-13.561571286699541,6.444107604535905,-10.498827207199199,2.97964547942573,3.878985153243822,0.6608928727006705,-0.8815919928848507,6.685632485097659,-17.41087756045236,-33.02960432420934,-18.64287361501232,71.4145317077637,49.1201930236816,1.0,327.631279088359,0.109618207812309,711.681640625,6131.19921875,39.2001290430498,49.1587577819824,38.08986130289675,-0.37019378640926615,44.6500696,-1.7008817749252,3.9497118443250665,1827.404332160948,1059.53931808472,916.68689250946,955.419600009918,-63.5633179,5.0,350.407012939453,3.84791588783264,36.0400581359863,-460.959991455078,40.3480917215347,22.4681526422501,-0.559490596952084,-0.0839985935576358,-2.27496205615082,2.078365178109716,54.599739074707,461.018920898438,2.0,7.0,5.0,0.0,0.0,24060101.0,-48.94414248280604,351.682096363644,28.45663433074955,29.595635604858376
2024-06-01 19:15:43+00:00,ESP,ESP,19.482285080986664,12.456791774299301,0.0,4.649523638326068,-4.126204960158174,-13.133648494631379,4.48248175721988,-10.49823981093055,1.9415679456094725,3.8768207943618918,1.5912895220624899,-0.8821297635602834,6.690240557598574,-17.441775628710218,-32.615932551089664,-20.422503308921243,70.977303314209,49.276683654785174,1.0,326.856981523289,0.104816805571318,725.302734375,6144.8203125,40.9030386371066,49.1547203063965,38.62885202087,-1.500974816457568,44.6501632,-2.34125843355591,4.0970862843096265,1827.423906326294,1193.78781318665,1089.8939371109,1132.81321525574,-63.5632077,5.0,340.769500732422,3.84791588783264,36.0400581359863,-462.059997558594,40.3519630432129,22.4778175354004,-1.771970330445835,-1.62897279629136,0.249995809236456,0.057999032251849734,55.599723815918,462.018981933594,2.0,7.0,5.0,0.0,0.0,24060101.0,-52.50506297263006,351.009022202075,28.7663277626038,25.759280953040516
2024-06-01 19:15:44+00:00,ESP,ESP,19.49246103832162,12.492044600417199,0.0,4.647590609413588,-4.095303989069932,-13.074279124327779,-4.6826189997842445,-10.4941276101634,-0.4956415030070437,3.861669599169466,2.07461126345319,-0.8829363662125795,6.683462960885175,-15.349067821739741,-32.566740162649424,-21.1342353166649,71.9886909484863,50.31693855285644,1.0,326.162105397889,0.100730004161596,739.125,6158.642578125,42.2406150728377,50.2978065490723,39.34233870421134,-2.104164808972922,44.6502564,-3.09959875573338,3.88093707151711,1827.502274513244,1047.38366603851,994.37689781189,1102.18334197998,-63.5630932,5.0,331.485412597656,3.84791588783264,36.0400581359863,-462.959991455078,40.3539001941681,22.4855497479439,-2.00046657180494,-0.811986388826897,1.1449807892275,0.8677854324883303,56.5997085571289,463.01904296875,2.0,7.0,5.0,0.0,0.0,24060101.0,-54.12441408143758,350.190902143291,28.93167972564695,25.760276603698717
2024-06-01 19:15:45+00:00,ESP,ESP,19.52503352745446,12.46266539547602,0.0,4.624393408690202,-4.131998668121637,-12.9833785272303,-10.906163894486252,-10.50161776636195,-0.9652649371634862,3.3443625973769224,2.39560304713052,-0.8818608782225669,6.685089570436011,-14.403801571744362,-32.5084110301564,-22.28166782363928,72.1540969848633,51.000582733154275,1.0,325.565693279563,0.0972854174673557,753.228515625,6172.74609375,42.6066414953641,50.9572849273682,39.23884255526545,-2.822952658261272,44.6503501,-3.57513103990165,169.1393244080245,1827.3553609848018,1065.03403186798,1009.85848903656,1169.00789737701,-63.5629744,5.0,322.756988525391,3.84791588783264,36.0400581359863,-464.059997558594,40.3597086668014,22.5010141730309,-1.283978447210135,1.27897864201598,-2.01096606666313,-0.04999916184729036,57.5996932983398,464.019104003906,2.0,7.0,5.0,0.0,0.0,24060101.0,-56.495956848065724,349.32518932637,29.048510742187503,24.395538543252385
2024-06-01 19:15:46+00:00,ESP,ESP,19.5209654667848,12.48617234527832,0.0,4.722985311057313,-4.056684050445928,-13.038677958562198,-10.9067525714154,-10.4886937677918,-0.32467222310746435,2.192867920771008,2.61414914361195,-0.8810543716198062,6.683463387771996,-11.99219035412396,-32.5596442791207,-22.74175448877322,72.8710304260254,51.05930053710939,1.0,325.35447650967,0.09609794318676,767.36328125,6186.880859375,44.4542144960417,51.0227565765381,38.855846527746195,-1.8729685511462244,44.6504422,-4.96438084491167,1113.5882019996652,1827.472901344298,1133.44991207123,1106.26244544983,1151.41606330872,-63.5628518,5.0,311.864990234375,3.84791588783264,36.0400581359863,-465.059997558594,40.3577715158462,22.4971488118172,-2.56295698250441,-0.412993071095654,6.42789230855947,-1.1871800884860453,58.5996780395508,465.019165039062,2.0,7.0,5.0,0.0,0.0,24060101.0,-55.82272490912618,348.317271970929,29.095006942749002,26.826452569400573
2024-06-01 19:15:47+00:00,ESP,ESP,19.4822816658921,12.484209861175021,0.0,4.68431935403378,-4.075994019757928,-13.07230280909144,-10.906900274256198,-10.49133747788745,-0.6244092318200825,3.673722003117754,6.16289505602814,-0.8318555585328522,6.640361222882538,-15.902571667170841,-32.55458447498354,-22.54890443906738,71.8883651733398,50.68334083557128,1.0,325.231888274447,0.0959554508328438,781.609375,6201.126953125,38.8180550910685,50.8426082611084,33.4334378928485,-0.3233945828623604,44.650538,-3.40058512877515,1654.9616813659661,1827.39453315735,1069.9177980423,989.697158336639,1076.36451721191,-63.5627339,5.0,303.657287597656,3.84791588783264,36.0400581359863,-466.059997558594,40.3539001941681,22.5048810243607,-0.9759836330692655,2.54895722914,-0.462992216934689,-6.76368669164947,59.5996627807617,466.019226074219,2.0,7.0,5.0,0.0,0.0,24060101.0,-57.682877069198206,347.620701958615,29.03934745788575,26.9766787177638
2024-06-01 19:15:48+00:00,ESP,ESP,19.40902208138292,12.488126291645099,0.0,4.686251870682069,-3.873250184907218,-13.028816702193263,-10.90660614923505,-10.5020583135634,2.635542960951038,1.1708802262299522,12.0100565068228,0.5045753717651215,5.259193751472126,-15.54132569404454,-32.437838783576176,-24.97817937965506,69.8362083435059,48.875301589965815,1.0,324.768692165693,0.0968753077089786,795.453125,6214.970703125,29.6788077740116,49.1663761138916,19.8966663400064,-1.7847701583112923,44.6506403,-5.19132625980321,1819.001770019532,1827.5218725204438,1184.30745601654,1161.17680072784,1192.27623939514,-63.5626355,5.0,295.138397216797,3.84791588783264,36.0400581359863,-467.059997558594,40.3558373451233,22.5106805562973,-1.5584738248343148,0.472992040766411,0.468992111233722,-16.183328642060978,60.5996475219726,467.019287109375,2.0,7.0,5.0,0.0,0.0,24060101.0,-60.119269066901026,346.682998947842,28.8774038314819,24.433532142639155
2024-06-01 19:15:49+00:00,ESP,ESP,10.74669196539807,5.652109860364574,0.0,2.511635432000782,-2.4558675030526658,-6.088756789026578,-10.88672731054255,-10.51850839729255,3.8399001641147037,0.29860167119000314,13.337619031456999,2.2348650464301243,3.56356936525016,-8.645612769087904,-16.83544872240815,-23.08902691938606,68.7396217346191,44.76252708435056,1.0,324.606980606904,0.0978193312883377,808.544921875,6228.0625,10.2467889579575,44.8350574493408,178.46852355811328,-3.365743565422634,44.6507496,-6.78108565940906,1818.5400009155298,1827.5610685348522,1300.22799968719,1180.48346042633,1300.50194263458,-63.5625777,5.0,290.919189453125,3.84791588783264,36.0400581359863,-468.059997558594,40.0402694940567,22.5087478756905,-0.7844868466092361,0.73198774481227,-1.45897557770868,-21.933632119386722,61.5996322631836,468.019348144531,2.0,7.0,5.0,0.0,0.0,24060101.0,-49.07757910748818,345.881134739282,28.654280090332,27.69124982733477
2024-06-01 19:15:50+00:00,ESP,ESP,-15.557880279668002,-10.567166750317082,0.0,-3.78082692520032,2.7478764568762784,10.635206618885194,-10.90557521755715,-10.5067579105992,2.3491518057032534,0.9670600949723088,13.09805996471575,3.9587020839716955,1.870656243963572,12.151768076439117,26.19308715468528,-10.733957152395774,68.5814254760742,40.178022308349604,1.0,324.847895039308,0.0988163016736507,820.328125,6239.845703125,349.740628752447,40.2250568389893,335.7843666175765,-1.1553805980083611,44.6508553,-8.20757280200034,1819.5519924163818,1827.56106853485,1497.00844287872,1266.91830158234,1401.55351161957,-63.5625759,5.0,290.561096191406,3.84791588783264,36.0400581359863,-469.059997558594,39.759549498558,22.4971488118172,-0.026999551026075486,0.57099042103899,4.44592509067809,-23.470206116586137,62.5996170043945,469.019409179688,2.0,7.0,5.0,0.0,0.0,24060101.0,-14.943431552735209,345.195711595693,28.5322872161865,35.7993942260742
2024-06-01 19:15:51+00:00,ESP,ESP,-20.053771106955143,-13.30371013043568,0.0,-5.90800434903431,2.181370588635928,9.802336083569513,-10.82002453688185,-10.52717291914155,0.6809421766397913,3.4100181749718117,3.3496410689531295,5.655924008751845,0.1820809011136628,16.27271669376678,29.85610684901518,3.6250692529827715,64.560147857666,36.53437294006346,1.0,325.319615224146,0.0997690960764885,830.96484375,6250.482421875,322.328484141301,36.6538787841797,319.0971489657245,-2.379760092513392,44.6509421,-1.78196807320429,1819.3161725997938,1827.5120735168439,1722.55802154541,1408.61320495605,1533.99670124054,-63.5626296,5.0,290.567291259766,3.84791588783264,36.0400581359863,-470.059997558594,39.633709192276,33.1561356782913,2.224962723548805,2.36596023957608,-3.22694571181756,-12.180995565803347,63.5996017456055,470.019470214844,2.0,7.0,5.0,0.0,0.0,24060101.0,10.91394390683774,344.60998189323,28.5307053565979,35.08083515167235
2024-06-01 19:15:52+00:00,ESP,ESP,-19.7109201993015,-14.404139495353501,0.0,-8.34884459281147,-2.0446600915340207,3.8573273490933104,-10.6551079118246,-10.5458244582176,0.2217789610857696,3.9269641585780333,0.3987426684650025,6.653878935646273,-0.9193293109855297,15.7764330996169,23.56824733495142,9.73899905637707,60.712385559082,33.20287536621093,1.0,325.87908967944,0.100602404773235,840.6171875,6260.134765625,316.191285964478,33.2237651824951,317.8656795187495,-4.185729888020102,44.6510075,1.160623309809,1818.707013130188,1320.1674938201904,2140.52677154541,1559.18169021606,1768.30208301544,-63.5627108,5.0,296.185699462891,3.84791588783264,36.0400581359863,-470.959991455078,52.5429308414459,35.0660145282745,1.886968357871488,-2.95695046836107,0.0799986573548405,0.7851869249909063,64.5995864868164,471.01953125,2.0,7.0,5.0,0.0,0.0,24060101.0,20.02579209079382,343.232906473529,28.4855541229248,30.943502655029324
2024-06-01 19:15:53+00:00,ESP,ESP,-19.84350065977116,-18.088260546860003,0.0,-16.1226779282691,-13.9036507244864,-12.969862095127047,-10.64141380942555,-10.549642960850399,0.02159395789002779,4.976007363671594,3.6186202417293,6.6716218034305825,-0.8873414647012678,18.82585096778238,6.87363839388941,14.04106303152966,58.8992980957031,32.36775581359864,1.0,326.160493473245,0.101374203711748,849.65625,6269.173828125,319.30473207498,32.4640399932861,319.448138726793,-6.221295734752684,44.6510676,0.183003699691171,1818.7266588211082,698.9444732666016,1345.74699401855,1015.21778106689,1236.21773719788,-63.562789,5.0,303.396301269531,3.84791588783264,36.0400581359863,-471.959991455078,58.2018494606018,35.1008087396622,-1.109481414624887,-3.97993330011986,-6.56989023385674,0.8545856490222027,65.5995712280274,472.019592285156,2.0,7.0,5.0,0.0,0.0,24060101.0,29.10347566852152,343.37098557779,28.84964876174925,28.738241386413566
2024-06-01 19:15:54+00:00,ESP,ESP,-19.645725702164277,-16.762428621406738,0.0,-13.27796629368024,-10.386125756176746,-5.3798444194425095,-10.66335365770005,-9.76464675821989,-0.6864485150660972,4.987911529621281,5.21096091923288,6.311100342620483,-1.1912255241540775,22.595471302790678,14.265880927872132,15.910566403594363,57.9257446289062,30.8881755065918,1.0,326.367011072989,0.102084700763226,858.5390625,6278.056640625,316.464602814305,30.9453998565674,315.1372238510045,-9.204845819883499,44.6511268,0.304084877686581,1818.736481666566,181.74518523737785,473.292589187622,253.608256578445,637.496769428253,-63.5628645,5.0,309.351287841797,3.84791588783264,36.0400581359863,-472.959991455078,58.407062292099,35.166534781456,-0.4794919596075635,2.13496430906331,2.75295384875054,-5.702504191344045,66.5995559692383,473.019653320312,2.0,7.0,5.0,0.0,0.0,24060101.0,32.166662515034844,344.346199987484,29.6681259155273,26.3401096343994
2024-06-01 19:15:55+00:00,ESP,ESP,-19.52755591631496,-15.179631660508722,0.0,-10.1421528504391,-4.630431039784402,0.9832203625691989,-10.6565802444775,-3.152756036970327,0.45623006018406737,3.0456666428959442,3.90703895997654,6.163773503732767,-1.330833182062624,23.143633940290858,20.51077633224502,22.922407186659278,56.5788414001465,29.205804061889637,1.0,326.573801880301,0.102739407867193,866.794921875,6286.3125,309.965732460551,29.1444145202637,309.910298645247,-9.215245807423225,44.6511778,0.914841193681914,1818.756127357484,2.1551250945776697,507.446050643921,150.248512625694,572.206914424896,-63.5629414,5.0,315.414703369141,3.84791588783264,36.0400581359863,-474.059997558594,58.4438443183899,35.1993978023529,-1.1159813001155046,-1.74097060976323,0.615989681642591,-4.606922510500908,67.5995407104492,474.019714355469,2.0,7.0,5.0,0.0,0.0,24060101.0,43.117904377382715,345.312261943691,32.3132629394531,21.92119255065917
2024-06-01 19:15:56+00:00,ESP,ESP,-19.476659737186278,-12.824045240310102,0.0,-4.764620265935692,3.636235214221396,13.293251061759658,-10.647303993811,5.71161122407388,2.561600336180516,2.9984090762928157,2.5316672455863447,6.201142407832911,-1.308062291865156,24.55123347539294,32.76991062819111,26.150019226119042,57.410334777832,29.539738311767575,1.0,326.736988759951,0.103346204012632,874.953125,6294.470703125,305.375517489222,29.5951904296875,306.091854068995,-9.455441703927228,44.6512224,1.74138650425066,1818.71683597565,2.106145862489938,510.388493537903,184.719502925873,662.201642990112,-63.5630239,5.0,321.186096191406,3.84791588783264,36.0400581359863,-475.059997558594,58.5387110710144,35.303783416748,-0.6294894438154159,0.956983994469422,0.770987057755985,-3.7613367242715996,68.5995254516602,475.019775390625,2.0,7.0,5.0,0.0,0.0,24060101.0,47.96521518227882,346.731165441869,33.26730365753175,19.691765785217296
2024-06-01 19:15:57+00:00,ESP,ESP,-19.46444838347866,-11.994255803329,0.0,-3.36508223235625,5.999553643348222,15.64203854090368,-10.631106627081198,6.2879127041619345,2.6128191990588423,2.99083358541831,0.5479425079737386,6.201680285230052,-1.302911731589412,24.810628009125477,35.10648863192964,26.69516223698716,59.8925651550293,30.88215293884278,1.0,326.733081891745,0.104154407233,883.27734375,6302.794921875,301.780433759208,31.074393081665,303.557894868055,-8.728854205493548,44.6512641,1.96240064689999,1818.87402534485,2.08655414171517,548.972249031067,210.804641246796,689.031183719635,-63.5631123,5.0,328.090209960938,3.84791588783264,36.0400581359863,-476.059997558594,58.6568057537079,35.4023694992065,-0.8674854377733795,-0.831986036490341,-0.337994312316461,-1.766570286838491,69.5995101928711,476.019836425781,2.0,7.0,5.0,0.0,0.0,24060101.0,49.13370550397384,347.748098647014,34.51185035705565,20.1501755833626
2024-06-01 19:15:58+00:00,ESP,ESP,-19.462412645596537,-11.58989135823658,0.0,-2.398468823751532,7.477251580656867,17.956892444968,-10.61888485733505,6.28879401200828,2.6099336148892442,2.990112488196684,1.123201610481002,6.201949223928621,-1.3080623345538378,24.176256089959242,37.419304749055094,28.34720502172862,60.7280204772949,32.00157737731934,1.0,326.690488832081,0.104977107793093,892.05859375,6311.576171875,300.935730604174,32.1289981842041,302.0854426867835,-7.3076774496045855,44.6513053,1.69232621593781,1818.79541873932,2.0473707001656303,472.148984670639,207.76329934597,582.044839859009,-63.5632073,5.0,335.951812744141,3.84791588783264,36.0400581359863,-477.059997558594,58.6471259593964,35.4159027338028,-0.7809869349485595,-0.113998085063121,1.56997362224079,-1.9247676706110561,70.599494934082,477.019897460938,2.0,7.0,5.0,0.0,0.0,24060101.0,52.57292158505302,348.659710335157,35.23920192718505,19.636146027701248
2024-06-01 19:15:59+00:00,ESP,ESP,-18.9931503043316,-10.85317707982998,0.0,-1.9087968527182262,7.732236885770702,17.70989231401284,-10.6141728805814,6.288647162941125,2.8609767482575554,2.9893907079561446,1.61545521159367,6.202218162627189,-1.3091466057402361,20.50428901857138,36.70304261834442,29.930899810993044,60.3276786804199,33.31466194152829,1.0,326.599619995363,0.105848007649183,901.1015625,6320.619140625,298.34881011641,33.4113910675049,299.1534883629075,-6.490691202222682,44.6513456,1.46618003990087,1818.854355812076,2.05716653726995,349.345833063126,121.778592467308,389.629304409027,-63.5633072,5.0,343.139587402344,3.84791588783264,36.0400581359863,-478.059997558594,58.6413204669952,35.4603618383408,-0.9719836768561539,-0.386993502452751,-0.668988747950717,-3.042148839341296,71.599479675293,478.019958496094,2.0,7.0,5.0,0.0,0.0,24060101.0,56.818409395763126,349.780298491146,34.622983932495146,17.84821862613455
2024-06-01 19:16:00+00:00,ESP,ESP,-18.56121460537134,-10.833596805781559,0.0,-2.088095508289996,7.400066088790131,17.3950209347847,-10.6100504345305,6.288940861075435,2.8429420606409623,2.9904729514301316,0.7207825860251328,6.201142407832911,-1.3099598037939482,22.55846909447162,35.95623519864658,30.38717967019308,60.428059387207,35.09818176269532,1.0,326.468890174649,0.106753105670214,910.58203125,6330.099609375,295.106765204215,35.2413288116455,296.824025025718,-7.620071860730212,44.6513839,2.22115318553923,1818.81506443024,2.027779049240052,378.662526607513,133.212924003601,446.75749540329,-63.5634148,5.0,352.407409667969,3.84791588783264,36.0400581359863,-479.059997558594,58.662611246109,35.45843064785,-0.9529840649367329,-0.302994902225008,-1.96396710809745,-2.176963462434832,72.5994644165039,479.02001953125,2.0,7.0,5.0,0.0,0.0,24060101.0,59.74156643598851,350.739366333643,33.858927726745605,16.372383566463668
2024-06-01 19:16:01+00:00,ESP,ESP,-18.54299541726978,-10.4404953426305,0.0,-1.434553403901994,8.53740827192632,18.88452365879064,-10.54805963762345,6.288647162941125,2.8595339988614397,2.989751598076414,-0.22905347540563192,6.2008734691343435,-1.3096888160386277,26.74083400441976,37.427520100588765,30.336613730710702,60.6162002563476,37.11006477355958,1.0,326.30709665359,0.107681505382061,920.611328125,6340.12890625,294.203841516696,37.1869388580322,295.49855851538496,-8.330660665561515,44.6514212,1.70485961306479,1818.736481666568,2.017983188852666,502.17866897583,181.560173630714,610.718667507172,-63.5635307,5.0,361.149200439453,3.84791588783264,36.0400581359863,-480.059997558594,58.6529314517975,35.4622960090637,-0.9689837297066339,0.344994215679093,1.1089814234333,-1.1125813493405479,73.5994491577148,480.020080566406,2.0,7.0,5.0,0.0,0.0,24060101.0,62.45070086460936,351.830857883767,33.22046070098875,15.72297897338867
2024-06-01 19:16:02+00:00,ESP,ESP,-18.547043670390856,-10.450217604649819,0.0,-1.41528287893245,8.666007415128778,18.84993489781478,-10.39330206518295,6.2885003138739695,6.55015440224999,2.989029860524556,-1.30234535949683,6.201411346531481,-1.3088755966405738,26.608847087388938,37.39697890971504,29.55259680645246,62.0451988220215,38.655373535156265,1.0,326.168689700249,0.10876240208745,931.1875,6350.705078125,293.557951508023,38.8273246765137,295.186036379722,-6.994882704016236,44.6514593,1.6574432659078,1818.107676506042,2.0081873517483437,452.754110097885,211.945027112961,584.613859653473,-63.5636536,5.0,369.963806152344,3.84791588783264,36.0400581359863,-481.059997558594,58.662611246109,39.0210896730423,-0.37049378979535663,1.43397591140767,3.02094934088409,0.08539856355799122,74.5994338989258,481.020141601562,2.0,7.0,5.0,0.0,0.0,24060101.0,62.71922292163924,352.698264587602,33.196222114563,16.45858554840088
2024-06-01 19:16:03+00:00,ESP,ESP,-18.51668689462472,-10.44827356205732,0.0,-1.442265989479746,8.459503646517344,18.815304814194423,-10.38829639029495,6.2883532513634,7.75342959672742,2.990112488196684,-1.614404376317695,6.12237077528617,-1.391013637330148,25.062012438508837,37.33199307485698,28.948916683831158,62.2349533081055,38.89624328613282,1.0,325.990995498802,0.109794107079506,941.978515625,6361.49609375,294.556579806192,39.0703662872314,295.45606107836954,-3.6359390614878544,44.6514988,0.967330770566639,1817.586970329284,2.1257375366985802,884.29868221283,563.643097877502,758.638083934784,-63.5637786,5.0,380.687896728516,3.84791588783264,36.0400581359863,-481.959991455078,58.6781024932861,42.6301449537277,1.4019765818678624,1.69997154549659,3.12094757920131,0.11879801384256054,75.5994186401367,482.020202636719,2.0,7.0,5.0,0.0,0.0,24060101.0,62.244166872410844,353.469994001544,33.27228698730465,17.711658811569226
2024-06-01 19:16:04+00:00,ESP,ESP,-18.53692508664492,-10.421050818591862,0.0,-1.426845748867046,8.406924508777127,18.76450425771408,-10.42716955818245,6.28879401200828,4.153703259067962,2.9893907506448256,-1.9800493221067752,6.7202835715496985,-0.4424943696702954,21.652494702959803,37.301427978321136,29.263565057382856,63.3306198120117,38.8601971435547,1.0,325.829994279686,0.110586304217577,952.7578125,6372.275390625,293.243790126959,38.8465953826904,295.3950401683245,0.914384707593689,44.651538,2.3390247482539,1817.5771474838261,2.017983165569602,1546.01359367371,1115.80431461334,1169.55316066742,-63.5639037,5.0,389.937103271484,3.84791588783264,36.0400581359863,-482.959991455078,58.6742281913757,37.7645909786224,0.8889851590631815,-1.54297409789514,4.65292208432497,-0.2895951596348432,76.5994033813476,483.020263671875,2.0,7.0,5.0,0.0,0.0,24060101.0,60.621763352063205,353.95868037628,34.006765937805156,19.780660629272443
2024-06-01 19:16:05+00:00,ESP,ESP,-18.6199282775146,-12.52728222936422,0.0,-5.792168481513076,1.4301230870742303,8.228060637434714,-10.38755958363825,6.289822168921781,4.397172224910918,2.989390793333508,-1.0543789435370885,6.757652902536677,-0.1380681732902631,16.7113999366081,26.84798806117564,28.554998842319538,67.9389175415039,40.96918762207032,1.0,325.660878795837,0.111303506791592,963.7421875,6383.259765625,291.263007946899,41.0976871490478,294.4895619900565,3.475341762684354,44.6515749,3.36484445639577,1817.5771474838261,2.115941699594258,1140.00070095062,1117.595911026,946.300446987152,-63.5640336,5.0,400.106414794922,3.84791588783264,36.0400581359863,-483.959991455078,47.5519329309464,32.0136874914169,-3.36494360086044,-4.42392547824831,-1.21097962651686,-0.73658764243052,77.5993881225586,484.020324707031,2.0,7.0,5.0,0.0,0.0,24060101.0,58.3157630807105,354.052117364126,35.395231819152855,23.479789264385545
2024-06-01 19:16:06+00:00,ESP,ESP,-18.6199282775146,-11.3748264597647,0.0,-3.19139925159836,6.016044238636889,15.8636216596552,-10.3592885768899,6.2879127041619345,6.606061805795387,2.9883083364161083,-0.4334148297858895,6.749318705711426,-0.18577889092831218,13.665033113944862,34.48354976641507,25.4535322006029,67.1617721557617,42.99415466308594,1.0,325.586593658424,0.112655809521675,975.49609375,6395.013671875,293.287612620674,43.1156970977783,294.083070111792,2.7805534052147722,44.6516146,1.17406693636458,1817.52803325653,2.7134960982948564,543.586373329163,776.775062084198,539.655029773712,-63.5641714,5.0,411.5712890625,3.84791588783264,36.0400581359863,-485.059997558594,47.5538700819016,21.7258512973785,-2.19696321681998,4.41192611653706,0.580990244870712,-0.5467908268556457,78.5993728637695,485.020385742188,2.0,7.0,5.0,0.0,0.0,24060101.0,57.27914527037766,353.771970325128,32.06595554351805,24.84390449523924
2024-06-01 19:16:07+00:00,ESP,ESP,-18.599681206248462,-10.913907536080401,0.0,-2.455304300594746,6.723198696287463,15.846199042365601,-10.37474913696305,6.28879401200828,4.81738057444364,2.9890299032132375,-0.032570304005947515,6.666783126667812,-0.7387880572407493,13.386946572265478,34.44587956559514,23.4706961826591,65.0523284912109,43.59479095458986,1.0,325.535175994352,0.114044308662415,987.525390625,6407.04296875,292.346030062453,43.7514347076416,293.36458885262005,3.2959446670111703,44.6516562,1.20343472208323,1817.5771474838239,2.2824711166322222,719.01124715805,771.679878234863,605.599343776703,-63.5643121,5.0,421.842895507812,3.84791588783264,36.0400581359863,-485.959991455078,47.5519329309464,11.4824764430523,-0.8874851387976761,-0.262995606898121,-0.710988061404801,-0.6777886462834856,79.5993576049805,486.020446777344,2.0,7.0,5.0,0.0,0.0,24060101.0,57.33077603635162,353.331696331229,29.1140639305115,24.055980949401835
2024-06-01 19:16:08+00:00,ESP,ESP,-18.623977896673498,-12.39333624332472,0.0,-5.32442615615925,2.2557553934500176,10.301184926016907,-10.38078659730255,6.2885003138739695,4.41376424850876,2.988669013092968,0.5158948084883133,6.613283364804841,-0.8884257358876662,12.264681263325821,28.9251633349546,22.36977658091352,62.5758453369141,43.73605590820311,1.0,325.511188369987,0.115380410850048,999.67578125,6419.193359375,291.381388785593,43.7906867980957,291.4496087150235,3.27014529228006,44.6516967,0.86242712240403,1817.567324638366,2.15512509457767,830.341398715973,856.670677661896,638.246834278107,-63.564455,5.0,434.112487792969,3.84791588783264,36.0400581359863,-487.059997558594,47.54419028759,21.0976004600525,-0.3629939252566185,0.240995967787907,0.657988941735823,-2.488358211342402,80.5993423461914,487.0205078125,2.0,7.0,5.0,0.0,0.0,24060101.0,58.30221335143506,353.037533744055,26.47186489105225,22.2968050956726
2024-06-01 19:16:09+00:00,ESP,ESP,-18.603729800879,-12.42857933642308,0.0,-5.338002523172484,2.09965628647916,10.011439592933788,-10.38844323936215,6.287031609759005,3.2267202301975866,2.989029860524556,-1.288686101734715,6.615433166846105,-0.8811064411400569,13.308746541174902,28.61516836928438,21.5828117470095,61.2779273986816,43.684546508789076,1.0,325.377999681171,0.116808700561523,1011.8125,6431.330078125,288.059758509189,43.7186645507812,289.967635250049,3.8117359644495226,44.6517331,2.21414669211126,1817.4887418746941,2.204104280099272,1034.11507606506,1008.3190202713,832.997798919678,-63.5646,5.0,444.710296630859,3.84791588783264,36.0400581359863,-488.059997558594,47.5519329309464,21.105332672596,-0.021499634578415,-0.18099695809651,2.25696215981031,-1.0369825957953671,81.5993270874024,488.020568847656,2.0,7.0,5.0,0.0,0.0,24060101.0,57.221532624728596,352.42120479411,24.5798981666565,23.285915565490722
2024-06-01 19:16:10+00:00,ESP,ESP,-18.666509143125683,-14.345541594916678,0.0,-9.753647080071092,-4.731609107903374,-0.1551290767014249,-10.37872516083365,6.287325307893315,3.763433165459966,2.989751598076414,-2.07093395363708,6.616240153696542,-0.8778535528756676,11.637936957915201,18.51138052065854,21.186459284568258,62.1196105957031,44.23250267028808,1.0,324.968980632914,0.118333402276039,1023.98046875,6443.498046875,286.497311755414,44.3985122680664,290.073134351969,4.2881282548116655,44.651765,3.25812018929338,1817.537856101988,2.2041043266654,999.638140201569,1051.10716819763,823.563933372498,-63.5647478,5.0,457.394195556641,3.84791588783264,36.0400581359863,-489.059997558594,47.5519329309464,21.0995346307755,-1.1599805783359314,-0.634989346922863,-1.14298071773945,0.7821868604475137,82.5993118286133,489.020629882812,2.0,7.0,5.0,0.0,0.0,24060101.0,55.70641020265542,351.488064349703,23.7721704483032,25.434766530990583
2024-06-01 19:16:11+00:00,ESP,ESP,-18.63815292976748,-13.37470943459376,0.0,-7.501204456434552,-0.8446527897258059,5.96986012163919,-10.3868236307552,6.28688476069185,2.707321269528318,2.9879474889845197,-1.43946236758019,6.621079513478224,-0.8759559662416795,12.83420634198356,24.6080131794727,20.571094757333782,60.4659553527832,44.50027175903322,1.0,324.563595245296,0.119665199518204,1036.34765625,6455.865234375,287.505010544801,44.5417568206787,290.8526228608075,3.724537500636908,44.6517977,3.42279092754051,1817.429804801942,2.1747168153524403,1117.68233776093,1108.70015621185,922.17618227005,-63.5648973,5.0,466.966003417969,3.84791588783264,36.0400581359863,-490.059997558594,47.54419028759,21.1014673113823,-0.7249878147692135,-0.520991301880382,0.543990843332489,0.2823952531254683,83.5992965698242,490.020690917969,2.0,7.0,5.0,0.0,0.0,24060101.0,56.52025797811374,350.715105501711,22.0979956626892,25.691806939932032
2024-06-01 19:16:12+00:00,ESP,ESP,-18.648279709740383,-13.075563199891741,0.0,-7.051264891086314,-0.39342258876375463,6.449289071417638,-10.38343713758735,6.287619006027625,3.1296938498769222,2.98794727554111,-2.211203734352635,6.632908120460219,-0.8770402694445896,11.03331768428302,25.0975683542712,20.312674891595822,60.7087738037109,45.19753417968748,1.0,324.134495440879,0.120744909346104,1048.771484375,6468.2890625,287.133830744546,45.400118637085,291.19312145131096,3.753737028914216,44.651831,3.71405367252513,1817.459273338316,2.16492093168199,1043.42758655548,1098.65462779999,870.925426483154,-63.5650479,5.0,455.688995361328,3.84791588783264,36.0400581359863,-491.059997558594,47.5558042526245,21.0995346307755,-1.31747791040726,-0.0929984350061854,-1.37097702126782,0.6937883964307527,84.5992813110352,491.020751953125,2.0,7.0,5.0,0.0,0.0,24060101.0,57.05164396346506,350.268738979072,21.1428503036499,26.05806741714476
2024-06-01 19:16:13+00:00,ESP,ESP,-18.648280051249863,-12.748482174503321,0.0,-6.063749353385384,0.9137772102917845,8.730799699501253,-10.35899402498195,6.28805955322909,3.091820578995248,2.988669183847696,-2.887331310646485,6.633177059158785,-0.8808354533847366,10.521393469197982,27.37907966537374,20.34466339955464,60.4681663513184,45.92947837829588,1.0,323.889810744052,0.122168612480164,1061.423828125,6480.94140625,288.124317457224,46.024142074585,292.977590334247,2.5323576069567073,44.6518649,4.30406590359834,1817.459273338316,2.15512509457767,972.80079126358,1058.69603157043,855.76057434082,-63.5652009,5.0,444.817291259766,3.84791588783264,36.0400581359863,-492.059997558594,47.5577414035797,21.1072668433189,-1.519974449721325,0.155997385176992,-1.82996946875238,2.111164536244738,85.5992660522461,492.020812988281,2.0,7.0,5.0,0.0,0.0,24060101.0,58.03233618487384,350.113475118859,20.6124647140503,25.171132609718722
2024-06-01 19:16:14+00:00,ESP,ESP,-18.626000998705678,-11.22119808834876,0.0,-2.886457281220476,6.082496387043732,15.429662346398597,-10.358404921166048,6.2885003138739695,2.29793351912214,2.9883081656613806,-3.7095049799813102,6.633715021933289,-0.8827330400187249,12.10866317947398,34.05566266208534,19.71434178256622,61.1499572753906,46.63011428833008,1.0,323.669878652778,0.123557205498219,1074.30078125,6493.818359375,290.708806397644,46.6631652832031,295.6150405614905,0.9633838603773823,44.6519029,4.38167819691084,1817.390513420102,2.1551250480115405,1071.89071178436,1113.07382583618,942.202508449554,-63.5653549,5.0,436.747985839844,3.84791588783264,36.0400581359863,-492.950012207031,47.5499957799912,21.1381956934929,-1.010483025288705,0.0339994277082805,-0.0469992120297321,2.665955210659826,86.599250793457,493.020874023438,2.0,7.0,5.0,0.0,0.0,24060101.0,56.3695457559639,350.223140636173,20.748773288726802,26.678980501960282
2024-06-01 19:16:15+00:00,ESP,ESP,-18.98077366004608,-11.91228140970306,0.0,-2.91364796548552,6.70940478774916,16.89471538374206,-10.3450057975618,6.2879127041619345,2.359612304450156,2.98794727554111,-3.36434926768094,6.634790520595471,-0.8827329973300426,13.28280684874502,35.875488019259755,19.251494354969783,65.875431060791,47.2436890411377,1.0,323.457405128077,0.124792912602425,1087.349609375,6506.8671875,294.507293161141,47.4549396514893,299.741472027797,0.35379405798296515,44.651947,4.03292190770082,1817.439627647398,2.10614581592381,1114.23861980438,1075.06036758423,1061.31982803345,-63.5655083,5.0,426.256988525391,3.84791588783264,36.0400581359863,-493.950012207031,47.5558042526245,21.1691245436668,-0.9874834571561715,0.114998080786506,-0.687988413230988,4.799719455485965,87.599235534668,494.020935058594,2.0,7.0,5.0,0.0,0.0,24060101.0,51.27051584241506,350.343297324052,24.78446273803715,30.89011240872471
2024-06-01 19:16:16+00:00,ESP,ESP,-19.06601817749188,-12.233334110130041,0.0,-3.8927379525810517,5.157680619885683,14.22759874210254,-10.34706680714385,6.28776585509478,3.240787346302684,2.9886690557816493,-1.1909714411169552,6.632639779403202,-0.8797510968209735,11.799677545008379,33.29361777336808,18.317497063331263,70.1421020507812,46.810621719360356,1.0,322.991996038033,0.127043607831001,1100.423828125,6519.94140625,299.644114511368,46.9673217773438,302.5209218878855,0.8785852902513585,44.6520008,2.69883612552241,1817.41015911102,2.16492093168199,1025.18165111542,1011.887550354,958.98699760437,-63.5656556,5.0,418.318786621094,3.84791588783264,36.0400581359863,-495.059997558594,47.5538700819016,18.2849735021591,-1.3089780067894399,-0.485991811747649,0.365993872406135,1.692571630504385,88.5992202758789,495.02099609375,2.0,7.0,5.0,0.0,0.0,24060101.0,45.149826232815734,350.04763209526,28.5445644378662,35.483870887756325
2024-06-01 19:16:17+00:00,ESP,ESP,-19.05383312001256,-11.60942791907428,0.0,-2.4466816349987717,7.403452752712714,17.86614279505118,-10.3525151636674,6.2885003138739695,3.585250135911754,2.988669013092968,-0.472815209570038,6.634252643198335,-0.881377610322277,10.95282817378264,36.9199762565732,17.54577584561686,71.5357383728027,46.03915145874024,1.0,322.432576224252,0.130156995356083,1113.353515625,6532.87109375,301.433951922991,46.1670673370361,302.80343217233553,1.4269760774141462,44.6520596,1.65737955304944,1817.4789190292358,2.096349978819488,1000.58579444885,1002.67314910889,872.823715209961,-63.5657968,5.0,409.501190185547,3.84791588783264,36.0400581359863,-495.950012207031,47.5499957799912,17.2101840376854,-0.8229862217222175,0.31899464703619,0.112998102679949,-0.10439823550836999,89.5992050170898,496.021057128906,2.0,7.0,5.0,0.0,0.0,24060101.0,42.18432816690654,349.477721110914,30.3553499221802,36.37950073242187
2024-06-01 19:16:18+00:00,ESP,ESP,-19.03556338851116,-11.4630412557258,0.0,-2.427396168990418,7.36069918360302,17.73624967251046,-10.35899402498195,6.286737911624694,3.848556404359317,2.9883081656613797,1.1058660033981265,6.633715021933293,-0.8689078086597787,13.65702198506736,36.77181237800268,17.03999726399228,72.6720336914062,45.274899215698255,1.0,321.916978904186,0.133266198635101,1126.013671875,6545.53125,299.704930515738,45.3344409942627,299.6919668166925,1.7275710379277978,44.6521177,1.50642479515105,1817.380690574646,2.1747167687863103,1032.98449516296,1026.53741836548,871.421217918396,-63.565935,5.0,402.252410888672,3.84791588783264,36.0400581359863,-497.059997558594,47.5403159856796,14.8344323039055,-0.091498468101534,2.49795812759822,3.06794851289318,-4.362126673689972,90.5991897583008,497.021118164062,2.0,7.0,5.0,0.0,0.0,24060101.0,39.60281787198409,348.590780066053,31.87804985046385,36.95945320129394
2024-06-01 19:16:19+00:00,ESP,ESP,-19.07819708780092,-12.79790456956388,0.0,-5.113048706065552,3.0841152078048077,11.181707471360308,-10.3572267135342,6.287619006027625,2.609933572200558,2.98758659886425,-1.5907631706095748,6.633983704499764,-0.8778534568261325,14.932635969176483,30.259904900670684,18.295081748513102,74.9256317138672,45.39292602539062,1.0,321.462580079083,0.136291408538818,1138.55078125,6558.068359375,293.415719648747,45.5192893981934,296.172042488305,3.18454658683711,44.652168,2.86090690957329,1817.478919029234,2.1649208851158597,1170.12119293213,1093.5195684433,900.549948215485,-63.5660772,5.0,393.080505371094,3.84791588783264,36.0400581359863,-498.059997558594,47.5577414035797,14.8286327719688,-0.7874867937587545,-1.78097001181183,2.12496448523158,-2.1957631472467254,91.5991744995117,498.021179199219,2.0,7.0,5.0,0.0,0.0,24060101.0,39.57714319089402,347.235424647913,33.78647804260255,35.8673800604684
2024-06-01 19:16:20+00:00,ESP,ESP,-19.0802297520979,-12.552417667019341,0.0,-4.530252911359918,4.312037481411682,13.761063695373238,-10.35133695603555,6.2883532513634,3.049619486812046,2.9883083364161083,-1.862895249420075,6.633445997857356,-0.8762270927352173,13.1042820962949,32.84129464275424,19.11039118445376,75.349243927002,45.974564208984376,1.0,321.234506402318,0.138785795867443,1151.26171875,6570.779296875,292.836574248643,46.0102031707764,296.5315290047015,3.0135495139373,44.6522126,3.54485259786757,1817.3806905746437,2.09634997881949,1040.05098342896,1067.14284420013,860.117375850678,-63.5662256,5.0,384.425415039062,3.84791588783264,36.0400581359863,-499.059997558594,47.5538700819016,14.8286327719688,-1.0824818369183848,-0.182996936203067,-0.367993810492053,0.6193896164092917,92.5991592407226,499.021240234375,2.0,7.0,5.0,0.0,0.0,24060101.0,40.572405571840264,345.637460910453,33.33955936431885,34.616883773803714
2024-06-01 19:16:21+00:00,ESP,ESP,-19.05587090695144,-10.974227327207,0.0,-1.7912267574780478,7.975161101338671,18.514891237891938,-10.352367887713399,6.28747215696047,2.585045814280234,2.9883083364161083,-2.22748935993318,6.634252643198335,-0.8778535955643498,12.992895029800877,37.57076146182444,19.56031111300816,75.704328918457,46.18138801574706,1.0,321.01419182045,0.14089240282774,1164.091796875,6583.609375,293.80476722387,46.2679595947266,297.68950561620704,1.9065679912373241,44.6522578,3.61865471284026,1817.4396276473958,2.15512509457767,1155.71689605713,1076.96712017059,990.262567996979,-63.5663752,5.0,375.335205078125,3.84791588783264,36.0400581359863,-500.059997558594,47.565484046936,14.8228332400322,-0.49849164489815445,0.498991582728888,1.11498131773233,1.3999765317241561,93.5991439819336,500.021301269531,2.0,7.0,5.0,0.0,0.0,24060101.0,41.49518530229542,344.542472303473,34.24233512878415,34.15543579101559
2024-06-01 19:16:22+00:00,ESP,ESP,-18.70096813050732,-10.40355392299504,0.0,-1.428772161033766,8.440028386627427,18.614024603505477,-10.3497177743154,6.28805955322909,2.248878823026672,2.98686524551053,-3.3916678899268797,6.633445827102626,-0.8748716523665989,13.88208610972938,37.31499273401282,20.743298852725978,78.0283218383789,46.3918091583252,1.0,320.797210370897,0.142473216354847,1176.90625,6596.423828125,293.250401750076,46.5902194976807,298.3599979662705,1.646372383036852,44.6523043,4.75247636034614,1817.3806667327863,2.1845126058906326,1258.53228569031,1192.67511367798,1070.70755958557,-63.5665243,5.0,365.353302001953,3.84791588783264,36.0400581359863,-501.059997558594,47.5867807865143,14.8228332400322,-0.8784852439882735,-0.196996676227265,0.000999983321155922,0.6083897514974596,94.5991287231445,501.021362304688,2.0,7.0,5.0,0.0,0.0,24060101.0,41.9298448806967,343.776125078598,36.1050207138062,33.97068557739255
2024-06-01 19:16:23+00:00,ESP,ESP,-18.68271444995048,-10.35689604700106,0.0,-1.41720894958971,8.469240081179194,18.715664307035,-10.349422795520649,6.287765855094779,2.5850458783132537,2.9875863854208404,-2.535345515897815,6.5839786943029965,-0.9288172121389598,14.6137327292813,37.39837841547602,21.37480379998812,79.2387405395508,46.808314590454074,1.0,320.693773986107,0.142501299083233,1189.86328125,6609.380859375,295.736071513583,46.9704494476318,300.734444929334,1.6855717564902217,44.6523524,4.62134355847106,1817.3610210418701,2.19430848956108,1214.75827693939,1183.93099308014,1049.92246627808,-63.5666741,5.0,355.846099853516,3.84791588783264,36.0400581359863,-502.059997558594,47.5945264101028,14.8151010274887,-1.344977479305345,-0.833986001256685,-0.181996967160109,2.4673586453288103,95.5991134643555,502.021423339844,2.0,7.0,5.0,0.0,0.0,24060101.0,42.85125174312866,343.432976374696,37.32828998565675,33.43429012298582
2024-06-01 19:16:24+00:00,ESP,ESP,-18.70297244951926,-10.32968354881934,0.0,-1.4384104757593241,8.426396695081916,18.742065037233818,-10.34515307351575,6.287765855094779,2.635542726163288,2.9883081656613797,-2.68086707175487,6.412186288563025,-1.069780363776974,13.85004313101192,37.44503680373418,21.33734601805138,80.7800468444824,47.300599594116214,1.0,320.650689152822,0.142158606648445,1202.921875,6622.439453125,296.595719122521,47.4697162628174,301.0979475969615,2.17096354679146,44.6524049,4.27734022714972,1817.4985647201538,2.10614581592381,1165.03417491913,1166.45622253418,1001.8036365509,-63.5668226,5.0,348.087188720703,3.84791588783264,36.0400581359863,-503.059997558594,47.5906521081924,14.8228332400322,-1.267978729079385,-0.729987780045926,-2.24796231836176,0.1043982301722842,96.5990982055664,503.021484375,2.0,7.0,5.0,0.0,0.0,24060101.0,42.66397751835176,343.443030413155,38.18493003845215,34.10973838806152
2024-06-01 19:16:25+00:00,ESP,ESP,-18.664483650527323,-10.41133077638402,0.0,-1.44419261508988,8.438104493092965,18.73393506306478,-10.3516319348303,6.28805955322909,2.8580912067766358,2.9872257087439804,-1.687427876405431,6.4457921853173215,-1.05622619487854,14.945224349326258,37.39841939661102,20.997195767195585,80.899186706543,47.677585144042965,1.0,320.647192095967,0.141925214231014,1216.130859375,6635.6484375,299.317850035095,47.5597045898438,302.15292495578353,2.10736470991039,44.6524601,3.20672557710997,1817.4101591110218,2.12573749013245,1160.40670871735,1108.92689228058,1026.43430233002,-63.5669709,5.0,338.675201416016,3.84791588783264,36.0400581359863,-503.950012207031,47.5906521081924,14.811235666275,-1.068482030193121,0.464992235061886,1.94896737234987,0.5253912350385097,97.5990829467774,504.021545410156,2.0,7.0,5.0,0.0,0.0,24060101.0,42.819876586157285,343.565919176702,38.2199661254883,34.99230798993793
2024-06-01 19:16:26+00:00,ESP,ESP,-18.68676680118504,-10.40160936813834,0.0,-1.4384107318914159,8.305686932635007,18.709537968858918,-10.32792477510805,6.28805955322909,2.295047934952536,2.9872259221873896,-3.1337202463926452,6.462461005854647,-1.0608345662002319,18.07856372729532,37.39630477004396,21.546482995342597,82.1599571228027,49.22100288391112,1.0,320.628695943695,0.141892410814762,1229.52734375,6649.044921875,296.553289987397,49.330326461792,301.42145267681053,1.7793701680647982,44.6525161,4.80149406669838,1817.351174354552,2.0571665838360778,1223.90294075012,1164.75605964661,1093.16658973694,-63.5671218,5.0,330.461303710938,3.84791588783264,36.0400581359863,-504.950012207031,47.6642221212387,14.8131683468819,-1.172980295956315,-1.3319776016024,-0.136997693216294,-0.2791953481859379,98.5990676879883,505.021606445312,2.0,7.0,5.0,0.0,0.0,24060101.0,43.702638921284255,343.768447945971,37.886239242553756,35.162874167306065
2024-06-01 19:16:27+00:00,ESP,ESP,-18.6968949471958,-10.426884653916701,0.0,-1.459609376574974,8.262860622010654,18.72377344912708,-10.31643938513185,5.546681792411935,1.814964012721368,2.9327532852545177,-2.65775136372602,6.46246074972255,-1.05812374949602,15.40603228243658,37.42066942085127,21.756586444401343,83.1078575134277,51.070957717895524,1.0,320.723990742995,0.14214601367712,1243.44921875,6662.966796875,297.121944216936,51.1168785095215,301.691450054701,1.943167410494448,44.6525729,4.73054078093982,1817.321729660032,2.11594165302813,1206.37607574463,1163.20288181305,1084.32281017303,-63.5672794,5.0,321.4580078125,3.84791588783264,36.0400581359863,-505.950012207031,47.6603478193283,14.8093014955521,-1.46197547149734,0.00499991608467753,0.357993986660331,0.07019881132345442,99.5990524291992,506.021667480469,2.0,7.0,5.0,0.0,0.0,24060101.0,45.03713903981318,344.074413100031,37.0089002609253,35.04583720038917
2024-06-01 19:16:28+00:00,ESP,ESP,-18.686767484203962,-10.45994003742388,0.0,-1.41335446039766,8.2375614305702,18.603858208435362,-10.25091439221615,-1.3818508958698952,1.335601828042058,-0.5819744964744524,-4.43606571261118,6.346050079093982,-1.174147255120356,15.5506068965982,37.290624668110965,21.78355954445264,83.7731002807617,53.25513931274414,1.0,320.885893547081,0.142141708731651,1257.9453125,6677.462890625,296.223036680649,53.477668762207,302.6509277085475,-0.03519942257634299,44.6526308,5.58192684918967,1817.439603805542,2.15512509457767,1223.18208217621,1176.01382732391,1152.93979644775,-63.5674445,5.0,310.675811767578,3.84791588783264,36.0400581359863,-506.950012207031,47.6893901824951,14.8151010274887,-1.434975947151695,1.36697709173513,-1.7099712626066,2.0331658730047115,100.59903717041,507.021728515625,2.0,7.0,5.0,0.0,0.0,24060101.0,46.32907000434002,344.506982640546,35.266018867492704,35.41010241508486
2024-06-01 19:16:29+00:00,ESP,ESP,-18.70297244951926,-10.42882835499976,0.0,-1.482739001114258,8.218094366907286,18.67701260803132,-10.22853271607965,-9.802684508594549,1.8066680222667881,-1.1461778225682249,-3.07960881974516,6.26458931569364,-1.226737385196266,14.6732405816703,37.37998608207896,21.07631565401262,80.9586982727051,53.75404632568359,1.0,321.079788957239,0.141643314063549,1272.888671875,6692.40625,302.599209516152,53.9751502990723,307.5823516100535,-1.778370207025968,44.652696,3.98515156464575,1817.32172966003,2.1061458624899405,1130.98621368408,1123.63409996033,1197.4949836731,-63.5676099,5.0,301.69140625,3.84791588783264,36.0400581359863,-508.059997558594,47.6971328258514,14.8151010274887,-0.9479841530208719,1.18398010217121,-0.948984028682339,4.892117870379755,101.599021911621,508.021789550781,2.0,7.0,5.0,0.0,0.0,24060101.0,48.79381343426866,345.250653637377,33.33795433044435,33.893816341053345
2024-06-01 19:16:30+00:00,ESP,ESP,-18.65233206097498,-10.432718830750979,0.0,-1.421064826163934,8.257032421591877,18.66075983139184,-10.254006760362849,-11.0770368713866,1.3954770058701933,-2.116939994796516,-2.66300505985823,6.2662026917529605,-1.218062703440894,16.38715548878198,37.3130925753857,19.87289437886432,78.9832878112793,52.39553947448728,1.0,321.219999080521,0.139646704494953,1287.685546875,6707.203125,307.391570766157,52.4726257324219,310.904296075159,-2.463358651763098,44.6527722,2.84621239790424,1817.272615432738,841.0844177007681,1335.51645278931,1126.54435634613,1219.46358680725,-63.5677633,5.0,287.719512939453,3.84791588783264,36.0400581359863,-509.059997558594,47.6990699768066,14.8151010274887,-0.13399776034497493,0.813986300232389,0.380993608153718,2.856752020123812,102.599006652832,509.021850585938,2.0,7.0,5.0,0.0,0.0,24060101.0,47.381277038434504,346.88924334002,32.559705162048346,34.28661209106444
2024-06-01 19:16:31+00:00,ESP,ESP,-18.65030554384824,-10.41910728826354,0.0,-1.446119069945282,8.220042678368033,18.701400481481762,-10.26549215033905,-11.07659632418515,0.5482068626415384,-1.989958069634784,-4.116652236240655,6.29416292489405,-1.2156229385250241,16.383722977214557,37.35170636683946,19.985440528460536,78.2499641418457,51.29568099975584,1.0,321.379005884399,0.137963001430035,1302.04296875,6721.560546875,308.482625184174,51.453719329834,313.078755099324,-1.9023681506053638,44.6528518,3.74810984950046,1817.2627687454199,1568.42746734619,1534.9280834198,1263.16225528717,1343.30379962921,-63.5679072,5.0,277.106506347656,3.84791588783264,36.0400581359863,-510.059997558594,47.6932615041733,14.8151010274887,-0.447992507867533,0.323994558952051,1.2709786762289,2.24616228603903,103.598991394043,510.021911621094,2.0,7.0,5.0,0.0,0.0,24060101.0,45.98262914925864,348.513052513299,32.16703147888185,36.43724661607006
2024-06-01 19:16:32+00:00,ESP,ESP,-18.650305202338778,-10.42493958679582,0.0,-1.461539673411782,8.235613460618909,18.60381415371522,-10.2675531599211,-11.07659632418515,0.7501956204130058,0.9003224179777316,-8.6273184489055,5.534405978794036,-0.41891012533861743,16.22389006195656,37.25412003907292,19.41381448361406,77.645825958252,50.28022155761718,1.0,321.525909593068,0.13675990998745,1316.15234375,6735.669921875,312.051808836856,50.5569534301758,318.9621571069685,0.4719920808948495,44.6529333,3.9787952198494,1817.213630676266,1826.5423059463478,1378.44026088715,1325.53803920746,1327.28588581085,-63.5680445,5.0,264.824401855469,3.84791588783264,36.0400581359863,-511.059997558594,47.7010041475296,14.8131683468819,-1.7864700216409801,-1.32597770730337,3.55994027230072,8.080064354630977,104.598976135254,511.02197265625,2.0,7.0,5.0,0.0,0.0,24060101.0,43.88714760246622,349.99949292199,31.897706794738802,37.02007120305839
2024-06-01 19:16:33+00:00,ESP,ESP,-12.036234700920753,-6.288830991079321,0.0,-0.9894236017383848,5.349702888016726,10.593916972758041,-10.280511309437099,-11.0560357472361,1.0041240391301458,3.8349746158834335,-13.886610427035599,3.7917490380134082,1.2973159176849787,10.89255730388595,22.630151855105677,16.92649505866704,75.8021621704102,47.08380363464354,1.0,322.171280507364,0.135335214436054,1329.826171875,6749.34375,328.755091093636,47.1608905792236,339.876305628574,3.1843468038038862,44.6530254,4.36310691255757,1816.604471206664,1824.0737676620502,959.065675735474,1074.33104515076,920.225024223328,-63.5681573,5.0,255.976501464844,3.84791588783264,36.0400581359863,-512.059997558594,47.6951956748962,14.8093014955521,-1.66947208280983,-0.196996676227265,2.71595450057317,24.778583493615464,105.598960876465,512.022033691406,2.0,7.0,5.0,0.0,0.0,24060101.0,35.93557490093566,351.384709927182,31.78703327178955,37.65921792984008
2024-06-01 19:16:34+00:00,ESP,ESP,14.126782247122781,7.710047479459345,0.0,1.1224730053873726,-5.833928172721168,-10.443366412648118,-10.28802067554275,-10.989652711805899,1.2497566808361147,3.493710681339118,-12.84326359970985,2.106625683442196,3.0170664210296243,-8.885553323238657,-24.57014797675198,1.524377328398534,73.2515419006348,41.7650791168213,1.0,323.562972531889,0.133602909743786,1342.181640625,6761.69921875,358.50518213692,41.6863929748535,8.768852881834535,2.342360740710582,44.6531295,3.61260871476433,1816.3785219192519,1824.1129159927361,1043.16401481628,980.108380317688,851.288199424744,-63.5682042,5.0,251.821197509766,3.84791588783264,36.0400581359863,-513.059997558594,47.1202045679092,23.9527553319931,0.49249172391869606,3.64993911367304,-1.1809801550217,28.973114336513202,106.598945617676,513.021789550781,2.0,7.0,5.0,0.0,0.0,24060101.0,-0.316383977980675,352.569665785909,31.74409732818605,38.82726085887236
2024-06-01 19:16:35+00:00,ESP,ESP,19.28098403822076,10.7934248774234,0.0,1.644733521834188,-8.59094773426384,-14.1515206800324,-10.3152611775,-10.84366766358065,-1.139840877109949,0.22717438097521142,-4.50226102456089,0.4190824835614967,4.739256187698118,-17.58139152553442,-33.43250420598896,-12.708268752745921,68.230281829834,38.3544518280029,1.0,324.816394206856,0.131999807059765,1353.201171875,6772.71875,26.9806098442898,38.3460651397705,28.0385310146439,3.67873843555367,44.6532249,-1.59109833012658,1706.7597389221198,1824.3088483810438,1643.96333694458,1357.92052745819,1197.31163978577,-63.5681746,5.0,251.424499511719,3.84791588783264,36.0400581359863,-514.059997558594,63.1192743778229,27.6700615882874,1.33047762802764,-0.544990879076514,1.21697952081589,15.107746139305808,107.598930358887,514.021545410156,2.0,7.0,5.0,0.0,0.0,24060101.0,-27.11668599557666,353.582391594525,31.743410682678203,34.69405822753907
2024-06-01 19:16:36+00:00,ESP,ESP,18.735003304650938,10.71167707532318,0.0,1.5926904685664558,-8.54419201580998,-16.407821250644197,-10.32380147528345,-10.65009967561565,-0.3877940139636896,5.066914662892204,-1.720525559060709,-1.0789246423821286,6.216387390060384,-18.988610277590283,-35.14282387227626,-18.01346895091998,66.1931350708008,37.69856048583985,1.0,325.603778414375,0.130822706222534,1363.68359375,6783.201171875,35.2155469454261,37.8167129516602,35.78489956180735,2.449158987299418,44.6533057,-1.4480443935506,1003.8219928741455,1824.250054359436,1254.61900234222,1135.58888435364,936.185717582703,-63.5681063,5.0,254.682495117188,3.84791588783264,36.0400581359863,-514.950012207031,65.0223612785339,27.7106583118439,-0.4669921731478045,-3.19394629317288,-5.49690764260911,6.92008376562286,108.598915100098,515.021301269531,2.0,7.0,5.0,0.0,0.0,24060101.0,-37.605938302087814,354.447448713286,31.7734977722168,31.11447572708131
2024-06-01 19:16:37+00:00,ESP,ESP,18.49192165322264,10.64746458863388,0.0,1.5830524740060181,-8.49744654263987,-17.80508534349422,-10.32512695886925,-10.6365878538901,0.9734651555592979,5.567627592030154,1.5518882418139501,-1.21791773267576,6.29852596435849,-21.623758048064822,-36.297007679735735,-24.01939942963206,63.6867897033691,37.86070014953612,1.0,326.21278540153,0.129852698743343,1374.1875,6793.705078125,42.0030303576534,37.9114837646484,39.95083171963135,1.036982654492305,44.6533794,-2.65548064599211,563.1460011005403,1824.0443944931042,1167.54591464996,1032.97972679138,833.294093608856,-63.5680235,5.0,259.611785888672,3.84791588783264,36.0400581359863,-515.950012207031,65.0707602500916,27.7628511190414,1.25847892311967,1.94096751328449,-2.38895962094563,2.8359523652094882,109.598899841309,516.021057128906,2.0,7.0,5.0,0.0,0.0,24060101.0,-49.788963800112505,354.529274379543,32.136462020874,24.719327974319473
2024-06-01 19:16:38+00:00,ESP,ESP,18.49394475525478,10.622167275495439,0.0,1.5753434102445518,-8.386450162966366,-17.98319550346174,-7.191119631088085,-10.64921858121275,2.556189972584222,2.4738875591234,2.016298843579325,-1.210658927790988,6.285514283234886,-21.64664567046408,-36.477140941735435,-25.9521609402043,64.7989082336426,38.14588943481444,1.0,326.874794656645,0.128931306302547,1384.69921875,6804.216796875,45.5339000641861,37.9562633514404,42.39879030118415,-0.9909833861591272,44.6534485,-3.96841034410322,38.563584536314025,1823.985600471496,1424.28493499756,1181.90145492554,1090.46161174774,-63.5679325,5.0,266.327789306641,3.84791588783264,36.0400581359863,-516.950012207031,65.0823771953583,27.7686506509781,1.059982233297008,0.658988924118995,0.36199391619302,2.777953408329842,110.59888458252,517.020812988281,2.0,7.0,5.0,0.0,0.0,24060101.0,-51.880142327727825,353.685117639642,33.0638385772705,23.3571026802063
2024-06-01 19:16:39+00:00,ESP,ESP,18.5627609601994,12.65273914403898,0.0,5.990624238225486,-1.258676779826104,-9.474224382635303,2.3992304111883294,-10.57975043471185,3.00128672036751,3.5626126265021703,3.3480636421003998,-1.2095835998835338,6.286327246500848,-21.961734591217258,-28.036985001325235,-24.569649714452062,69.2153228759766,40.90847648620606,1.0,327.660785505573,0.128096602857113,1395.548828125,6815.06640625,49.9961787621713,40.9301216125488,45.131243337140845,-3.047948907918424,44.6535148,-5.19500004780303,3.959536785259842,1824.2109060287482,1160.93146800995,932.401120662689,1029.65879440308,-63.567831,5.0,274.442687988281,3.84791588783264,36.0400581359863,-518.059997558594,65.1017367839813,27.815043926239,-1.2619788881412015,-2.83795256476358,0.984983607919949,2.1761634338396134,111.59886932373,518.020568847656,2.0,7.0,5.0,0.0,0.0,24060101.0,-48.62939848660595,353.52490872247,33.74781646728515,26.574247371449186
2024-06-01 19:16:40+00:00,ESP,ESP,18.57692813857586,12.580632666216442,0.0,5.73379012896938,-2.0122462468848346,-10.196520814722916,6.44543244779147,-10.54817447017885,3.002368750398086,3.1997043560866096,2.883654961325725,-1.205819781452718,6.288224673052276,-21.291884961954697,-28.77344878254404,-22.866667378880617,72.8481513977051,44.44333854675292,1.0,328.080186441369,0.127954204380512,1407.49609375,6827.013671875,49.0106200309789,44.4993255615234,43.85926574574585,-1.828969358303162,44.6535843,-5.10946089307191,3.88093711808324,1823.995399475098,945.422351360321,763.99964094162,850.382626056671,-63.5677159,5.0,282.585510253906,3.84791588783264,36.0400581359863,-519.059997558594,65.136581659317,27.8382390737534,-0.8399859489165711,1.20997975085539,1.60197316522401,-1.7503706149197822,112.598854064941,519.020324707031,2.0,7.0,5.0,0.0,0.0,24060101.0,-46.7094705599747,354.255793605175,33.767045974731445,29.802752637863136
2024-06-01 19:16:41+00:00,ESP,ESP,18.58502601085582,11.467758184366641,0.0,3.388248270341548,-5.564537699827005,-14.943057642566819,6.44499083337295,-10.5527276450343,3.00128672036751,2.915077481390124,2.174430636191525,-1.206357445406444,6.286326990368751,-19.3429895200345,-33.528082458139544,-21.88693616508806,74.9601356506348,46.143816146850575,1.0,328.45691235523,0.127438214421272,1420.08203125,6839.599609375,47.7364004299888,46.145832824707,44.3492566866134,-0.9383843114702494,44.6536605,-3.85423305995588,3.87111222371459,1823.9953994750963,1057.28685855865,895.830631256104,955.416619777679,-63.5675977,5.0,290.898010253906,3.84791588783264,36.0400581359863,-520.059997558594,65.1385188102722,27.845972776413,-0.3349943785071575,1.00898307839438,1.55597376215467,1.1511807120196775,113.598838806152,520.020080566406,2.0,7.0,5.0,0.0,0.0,24060101.0,-46.40370006630618,354.70161371268,34.319486618042,31.388078880310065
2024-06-01 19:16:42+00:00,ESP,ESP,18.574905036543658,11.276581018743281,0.0,3.2743726671121083,-5.560640308509232,-14.760945504009879,6.444401302670215,-10.54494379070145,3.00128672036751,1.9619916039460719,2.4912149166184197,-1.206357445406444,6.288495746184962,-18.84823144863578,-33.33585019904412,-23.1602326660118,75.8927513122559,48.108871994018536,1.0,328.75020067819,0.126472806930542,1433.154296875,6852.671875,49.3268885254017,48.1039569854736,45.38573960071015,-1.24457909862447,44.6537387,-4.20593188003771,3.8711121305823317,1824.0247964858997,1123.98242950439,946.047723293304,1005.06365299225,-63.5674738,5.0,301.458190917969,3.84791588783264,36.0400581359863,-521.059997558594,65.1404559612274,27.845972776413,-0.8604855877715986,-0.936984346805978,-0.362993898576192,0.9017848388522705,114.598823547363,521.019836425781,2.0,7.0,5.0,0.0,0.0,24060101.0,-50.127391477259636,354.941954409195,34.42963485717775,30.57944869995119
2024-06-01 19:16:43+00:00,ESP,ESP,18.58300154278582,11.35653760373366,0.0,3.3052546417367195,-5.463881202028526,-14.70118237330064,6.4457269996994295,-10.46240522345005,3.00128672036751,2.1091750302055603,2.07093576790608,-1.2047443468235581,6.29283291630792,-18.67733567597908,-33.28418323306756,-21.47657976579154,80.2056953430176,51.204334487915034,1.0,328.756101961633,0.124376405775547,1446.912109375,6866.4296875,49.5161223314515,51.3865516662598,45.7737336191546,-0.6605889386207534,44.6538193,-4.00970652159877,3.782687522470952,1824.07374382019,859.982371330261,815.147638320923,854.298710823059,-63.5673414,5.0,310.552093505859,3.84791588783264,36.0400581359863,-522.059997558594,65.2082145214081,27.8962314128876,-1.46497541864686,1.09998158198475,3.36894321022801,0.2945950715507032,115.598808288574,522.019592285156,2.0,7.0,5.0,0.0,0.0,24060101.0,-47.9015093248712,355.078585513352,34.62245178222655,33.60884771347045
2024-06-01 19:16:44+00:00,ESP,ESP,18.605274448159758,11.93474112075082,0.0,4.559107002819951,-3.6404383205375503,-11.950354420929273,6.4446971352386395,-10.46416741225595,2.9998433306411583,2.763565017201658,1.4336841876249151,-1.205013200144762,6.289037807072966,-17.74732755632528,-30.555628527579604,-19.86361385932956,81.5594512939453,53.52126800537108,1.0,328.725174865071,0.121721206605434,1461.505859375,6881.0234375,48.5224971468493,53.6807167053223,46.112229256683946,-0.5433908912551826,44.653906,-2.50639896075189,3.73356272466481,1824.083566665652,739.392280578613,628.783583641052,683.832347393036,-63.5672032,5.0,321.319702148438,3.84791588783264,36.0400581359863,-523.059997558594,65.2237057685852,27.9348939657211,-1.2389792399673865,1.05998228665786,4.45892507510274,0.27319541386626434,116.598793029785,523.019348144531,2.0,7.0,5.0,0.0,0.0,24060101.0,-47.46809762203126,355.582407587288,34.4472026824951,36.85617210388184
2024-06-01 19:16:45+00:00,ESP,ESP,18.585027376893642,11.21621853893436,0.0,2.8846217532583998,-6.3101445430235055,-15.9877895468789,6.44499083337295,-10.4694548324472,2.998761471365308,2.160040537516046,1.53350169273339,-1.205550928131514,6.286055917236068,-18.6452932095258,-34.57281794830092,-20.08065029190536,82.6052604675293,54.6788404083252,1.0,328.771702113697,0.118644806742668,1476.544921875,6896.0625,49.3644511507422,54.6042446136475,47.65070204647265,0.03439942733165596,44.6539957,-2.22476934381793,3.7826874759048223,1824.083566665652,819.444000720978,693.212747573852,724.314868450165,-63.5670609,5.0,331.815887451172,3.84791588783264,36.0400581359863,-524.059997558594,65.2391910552978,24.7646480798721,-0.668488783439557,0.0519991272806463,-1.00598313124486,1.8975680964279196,117.598777770996,524.019104003906,2.0,7.0,5.0,0.0,0.0,24060101.0,-48.61680703287102,356.030413355328,34.928987503051744,35.24919219017029
2024-06-01 19:16:46+00:00,ESP,ESP,18.599198653383574,11.38588180395532,0.0,3.469438814382852,-5.390857259045712,-14.1179398842233,6.444843984305795,-10.4679863417756,3.2299661922232743,2.077790631134468,1.7441666580471251,-1.205013200144764,6.289308794828285,-18.43586936428946,-32.7171375130785,-20.36564881427004,82.7224090576172,56.26856483459471,1.0,328.802301361179,0.115789514780045,1491.935546875,6911.453125,50.6345111665277,56.336304473877,48.4356871500458,-0.6671888063414333,44.6540847,-2.42535129573028,3.9988366886973403,1824.024772644044,934.240460395813,816.123127937317,833.242416381836,-63.5669119,5.0,343.994812011719,3.84791588783264,36.0400581359863,-525.059997558594,65.2721047401428,19.7521790862083,-0.8964849535657995,-0.49399172417388,-0.0319994662769895,0.5363909852245087,118.598762512207,525.018859863281,2.0,7.0,5.0,0.0,0.0,24060101.0,-50.94223577731782,356.341897302237,33.4736337661743,33.387616947719025
2024-06-01 19:16:47+00:00,ESP,ESP,18.63970201667122,12.65200763077892,0.0,6.111758710372722,-0.9302502445237643,-8.17076047294017,6.44440151611362,-10.4767981395786,4.9858244799430125,2.305419918716662,1.665890395642105,-1.2060886347739221,6.288766733940282,-17.84536433506762,-26.810461977347238,-19.300646103784462,81.504141998291,57.38186851501464,1.0,328.97379375086,0.113994312286377,1507.740234375,6927.2578125,50.7037351337658,57.3255031585693,48.7716829383389,-2.12736429354081,44.654175,-1.92981488158692,3.6549630109220757,1824.210882186892,1018.73159408569,826.914548873901,911.683619022369,-63.5667578,5.0,354.814605712891,3.84791588783264,36.0400581359863,-525.950012207031,65.274041891098,19.6709901094437,-1.578473525858605,-1.56197376317541,-1.77297015274645,0.12719787253131346,119.598747253418,526.018615722656,2.0,7.0,5.0,0.0,0.0,24060101.0,-51.54469534513446,356.43568945992,31.19621086120605,33.68565788269045
2024-06-01 19:16:48+00:00,ESP,ESP,18.676156785328338,13.77823342490882,0.0,8.31335569828037,2.182655635367415,-4.053990095771228,6.4451376824401,-10.484435144844301,5.004581033177518,2.179159816484158,1.46730632742283,-1.2042065761481262,6.289308794828285,-16.71623263695534,-22.730146923788244,-18.239320425638603,80.9357780456543,58.175179595947256,1.0,329.09640930684,0.111750704795122,1523.818359375,6943.3359375,51.2344749832217,58.2710174560547,48.514188221724,-2.6717553219256382,44.6542664,-2.66573937668206,3.6746128927916315,1824.07374382019,967.384278774261,880.096018314362,960.32065153122,-63.5666005,5.0,367.890106201172,3.84791588783264,36.0400581359863,-526.950012207031,65.2798473834992,19.5724040269852,-1.3434774523697302,0.626989487857485,0.674988695610603,-0.2769953602625316,120.598731994629,527.018371582031,2.0,7.0,5.0,0.0,0.0,24060101.0,-50.54600967337622,356.654200871847,28.8982280731201,36.212511634826654
2024-06-01 19:16:49+00:00,ESP,ESP,18.7592446705437,14.995401480290122,0.0,10.906151344013683,6.641268058560895,4.014991153685438,6.44454921895443,-10.48986856032905,5.004220143057245,1.833566865355202,0.7733177264081195,-1.2042065761481262,6.289037807072966,-16.29357131035958,-14.74425269243309,-17.59713067194834,79.5841232299805,57.97546188354492,1.0,329.169574293229,0.109086003899574,1539.9609375,6959.478515625,50.7125836438356,57.9108444213867,48.4856875498648,-2.951750474591214,44.6543585,-2.32529222604077,3.664787951856854,1824.112963676454,1018.36168766022,937.76285648346,1037.3455286026,-63.5664428,5.0,379.140106201172,3.84791588783264,36.0400581359863,-528.059997558594,49.2110818624496,19.5260092616081,-1.8789685521669601,0.374993713854685,2.80295296790915,0.20539654625519893,121.59871673584,528.018127441406,2.0,7.0,5.0,0.0,0.0,24060101.0,-50.0368573198111,356.809109562223,28.211911296844498,37.092799758911134
2024-06-01 19:16:50+00:00,ESP,ESP,19.15090889113864,16.9396921794266,0.0,13.860516884594682,10.482108611658266,6.40452238942745,6.44425445360306,-10.4847284160918,5.003498362816702,2.1629261003413043,0.430787488131896,-1.2042065761481262,6.292561672420507,-16.35651286959906,-12.746386843220673,-16.0458389831254,80.1628555297851,57.67262031555174,1.0,329.170421236686,0.106293804198503,1556.03125,6975.548828125,50.664208829039,57.5701961517334,48.828180555605954,-1.8453690266985021,44.6544498,-2.17286759008865,3.605838166549802,1824.1618871688838,837.488234043121,841.422140598297,934.495091438294,-63.5662855,5.0,392.334411621094,3.84791588783264,36.0400581359863,-528.950012207031,43.9955085515976,19.4738164544106,-2.06646540909431,0.654988994586306,3.23994569624221,0.4881917970030118,122.598701477051,529.017883300781,2.0,7.0,5.0,0.0,0.0,24060101.0,-45.21866292832788,357.369348998704,27.624743556976348,42.392347717285126
2024-06-01 19:16:51+00:00,ESP,ESP,19.19349956023668,16.055460670609182,0.0,12.05779756544177,7.76035703071574,2.6246735686606097,6.444549218954425,-10.4829662272859,5.005302642663329,2.732901437875754,1.0738173951106784,-1.203400037528852,6.289308880205649,-16.85584887528904,-16.56882588485434,-14.179209071644499,79.8506034851074,57.555908432006845,1.0,329.261098828107,0.103410503268242,1572.037109375,6991.5546875,51.468043547174,57.5783843994141,49.6711676256108,-0.5717904229537838,44.6545405,-2.24670556355448,3.625488141551614,1824.1325139999378,758.520185947418,774.564802646637,827.994465827942,-63.5661284,5.0,403.174987792969,3.84791588783264,36.0400581359863,-530.059997558594,43.9800202846527,19.4660842418671,-1.1029815824951166,1.42297599847107,0.59699001636232,0.9013848725794281,123.598686218262,530.017639160156,2.0,7.0,5.0,0.0,0.0,24060101.0,-40.91812310988856,358.683040262907,26.248641586303698,46.528402175903345
2024-06-01 19:16:52+00:00,ESP,ESP,19.15692184817452,14.8418948569961,0.0,9.727555586686892,3.8066782947464914,-2.075788788066104,6.44469628146499,-10.48355405044135,5.004220143057245,2.56948455160551,1.49514938013098,-1.203131205551988,6.2895800387157,-15.637072651867621,-21.232710252042438,-13.85765332778514,78.2733993530274,56.99163757324219,1.0,329.23869580763,0.101132503151894,1587.93359375,7007.451171875,52.3182210988276,56.9521053314209,50.571150916692105,-2.213162952771712,44.6546291,-2.01321960220241,3.615663154050708,1824.1618871688838,947.829723358154,871.728122234344,925.417304039001,-63.5659708,5.0,396.940704345703,3.84791588783264,36.0400581359863,-531.059997558594,43.9800202846527,19.2205831408501,-1.51247463520839,-0.557990596696899,-1.72097096209979,0.8057864660347178,124.598670959473,531.017395019531,2.0,7.0,5.0,0.0,0.0,24060101.0,-41.32661828263624,0.215089033585622,25.26227445602415,44.7286530127892
2024-06-01 19:16:53+00:00,ESP,ESP,19.24633380554238,16.926651982263202,0.0,13.89367250112792,10.694855856190006,8.107979209702773,6.4448439843058,-10.48693157898595,5.004219972302514,2.816954983773718,1.6932070435364799,-1.202862373575126,6.2893087094509195,-13.777057778597902,-11.138354382396209,-14.24167507896308,77.8602104187012,56.766332702636745,1.0,329.238094750982,0.0995071582496166,1603.751953125,7023.26953125,53.482840069301,56.8738826751709,49.958660533060396,-3.9975328619976396,44.6547157,-2.97682119620393,3.7040878087282225,1824.1226911544777,819.844484329224,714.262783527374,891.290903091431,-63.5658125,5.0,391.783386230469,3.84791588783264,36.0400581359863,-532.059997558594,43.9993798732758,19.1954538226128,-1.212979671324483,0.613989663515394,2.90995108290857,-1.3941765378522222,125.598655700684,532.017150878906,2.0,7.0,5.0,0.0,0.0,24060101.0,-41.395328619648765,1.4575435858605,25.085566234588597,42.82239234924317
2024-06-01 19:16:54+00:00,ESP,ESP,19.19552710189178,15.0163768204765,0.0,9.851159129530398,4.084829173606202,-2.743166657245414,6.445432447791475,-10.4991213322203,5.003498362816702,1.3631569028993211,2.3393887759923198,-1.202055834955852,6.289309050960379,-16.1257274369788,-21.93869431409006,-14.857042850537379,78.4935997009277,55.76724494934082,1.0,329.26008796011,0.0981087416410446,1619.388671875,7038.90625,53.0281782819154,55.8087787628174,49.7426643382952,-2.103364716344678,44.6548013,-3.8784115027309,3.625488141551614,1824.1521120071418,1192.37208366394,903.678953647614,1128.77786159515,-63.5656556,5.0,387.383514404297,3.84791588783264,36.0400581359863,-533.059997558594,43.9935714006424,19.1026657819748,-0.09799836526483925,1.18498019127609,-0.394993388198555,0.9385842836009923,126.598640441895,533.016906738281,2.0,7.0,5.0,0.0,0.0,24060101.0,-39.58519461788764,2.68672833455809,26.282239151001,43.53868348257885
2024-06-01 19:16:55+00:00,ESP,ESP,19.197559083169878,14.89592609295388,0.0,9.600634791718235,3.8184777773749743,-1.7255004053829393,6.4448439843058,-10.4685728842706,5.00494192329779,0.7913777145728562,1.7725361422494599,-1.201518106969102,6.289037550940872,-16.0791887477858,-20.92305952790642,-15.380331134363441,80.4740844726562,55.97053871154784,1.0,329.299484491243,0.0966612137854099,1634.818359375,7054.3359375,55.1127007901845,56.0507698059082,49.97516397764245,-1.9281676320581842,44.6548833,-5.05456666271252,3.5960132256150237,1824.201083183288,1200.8330821991,1161.49795055389,1194.51904296875,-63.5654975,5.0,383.012512207031,3.84791588783264,36.0400581359863,-534.059997558594,43.9935714006424,19.0968662500381,-2.6339558384313397,-4.82791878793669,-2.08596495884446,-0.5495908087112763,127.598625183105,534.016662597656,2.0,7.0,5.0,0.0,0.0,24060101.0,-38.21906389331239,3.78462276014287,28.09505453109745,45.219127709524976
2024-06-01 19:16:56+00:00,ESP,ESP,19.23617253311418,15.131035206073523,0.0,10.224671439387116,5.085801939544121,0.3600001893103782,6.44528453150726,-10.44698393696465,5.005663105896776,3.357709982298234,1.4242276839973251,-1.202593541598262,6.29933892762445,-14.660145572238822,-18.876172044982983,-12.62295883623884,83.1698547363281,56.83281440734862,1.0,329.601706701637,0.0954024598002434,1650.546875,7070.064453125,51.4843028124932,57.014476776123,49.642168349942196,-2.828152566653766,44.654969,-1.46600619024215,2.662618667818606,1824.15208816528,629.151821136475,686.348676681519,754.784464836121,-63.5653397,5.0,378.364410400391,3.84791588783264,36.0400581359863,-534.950012207031,43.9877659082413,19.100733101368,-2.20646310282097,0.681988572292808,-3.56893990030586,-0.5373909569355103,128.598648071289,535.016418457031,2.0,7.0,5.0,0.0,0.0,24060101.0,-33.86793696180424,5.36182186875189,29.535610198974602,48.528065790448856
2024-06-01 19:16:57+00:00,ESP,ESP,19.219910535719258,14.92557628565036,0.0,9.762449315609175,3.86251428012638,-2.4540162283029057,6.444696068021585,-10.4784134793173,5.006023996017047,2.006724006924368,0.7207826060354525,-1.2036688695057163,6.2895797825836075,-14.921829073116943,-21.67392749506588,-12.57423124217158,81.9440277099609,55.22559288024904,1.0,330.256803805312,0.0941212758421898,1666.19921875,7085.716796875,50.2338351943419,55.0911243438721,49.2871726829254,-2.6903549942526395,44.6550577,-1.4294595555407,3.556713275611402,1824.0835189819322,814.276695251465,666.574001312256,792.598962783814,-63.5651866,5.0,372.653594970703,3.84791588783264,36.0400581359863,-535.950012207031,43.9955085515976,19.100733101368,-0.5839902453810815,0.0519991272806463,-4.01293293220795,0.5033915439014646,129.598709106445,536.016174316406,2.0,7.0,5.0,0.0,0.0,24060101.0,-33.1972280947441,6.94035243736224,30.11816539764405,47.6480248587472
2024-06-01 19:16:58+00:00,ESP,ESP,19.286992214124137,17.1561343855446,0.0,14.3469800327559,11.420575749844367,9.464040058318623,6.44557908341522,-10.47488867481875,5.005302642663329,2.367467875769314,0.996067510838996,-1.202324666932716,6.289580038715703,-13.64621577202676,-9.822951985050803,-12.947921307701481,81.6366371154785,53.67890396118164,1.0,330.814201883098,0.0919628016650677,1681.291015625,7100.80859375,52.0480768718698,53.7719341278076,49.6381675666359,-3.5089411707589377,44.6551431,-2.36677132454002,3.5960132256150246,1824.1227149963383,837.996184825897,655.372560024262,849.293529987335,-63.5650385,5.0,368.077911376953,3.84791588783264,36.0400581359863,-536.950012207031,43.9955085515976,18.839767575264,-0.6574889838947721,1.73997084082347,1.87996858791099,-0.15039747849514268,130.598770141602,537.015930175781,2.0,7.0,5.0,0.0,0.0,24060101.0,-32.068517477794174,8.33259087702096,30.3611143112183,46.53201370239257
2024-06-01 19:16:59+00:00,ESP,ESP,19.256496102499,16.65412299475676,0.0,13.42857298940738,9.899144282034873,6.371487154978295,6.44425445360306,-10.4825256800845,5.004581033177518,1.576717260107416,0.189126657457184,-1.0445124204519707,6.463343978559601,-13.990677067531939,-12.885009118275397,-12.65006854007354,78.754305267334,51.588033370971665,1.0,331.301085087893,0.0892078913748264,1695.931640625,7115.44921875,52.5191311132635,51.439440536499,50.599149569647295,-2.842152448084228,44.6552245,-2.4070621835671,3.556713368743658,1824.112915992738,1023.84722232819,849.587261676788,989.699363708496,-63.5648932,5.0,363.069000244141,3.84791588783264,36.0400581359863,-538.059997558594,43.9897000789642,15.5187413096428,-0.80098656927179,-0.27599537787936,1.98296677337772,1.5163745131419104,131.598831176758,538.015686035156,2.0,7.0,5.0,0.0,0.0,24060101.0,-30.85383800183696,9.84419284884118,29.61450748443605,45.06600074768066
2024-06-01 19:17:00+00:00,ESP,ESP,19.21788470161146,16.51992787756732,0.0,12.86062773350468,9.160715199259784,4.0826320778410325,6.445432234348065,-10.4794414227874,5.004581033177518,2.913273543052958,-0.08248000038027195,-1.0488139241808578,6.46117556425285,-15.172832036435219,-15.135252335621809,-11.76212038381926,78.7133056640625,50.48653999328612,1.0,331.611202996968,0.0867814511060715,1710.08984375,7129.607421875,52.627358875757,50.5629238128662,51.8636310284282,-1.166980401657285,44.6553017,-1.43865309688525,3.5567133221775302,1824.1618871688838,782.708704471588,755.479693412781,830.93249797821,-63.5647509,5.0,358.847595214844,3.84791588783264,36.0400581359863,-538.950012207031,43.9877659082413,15.4762133955956,-0.968483711834625,0.856985649430498,-0.327994488484739,1.2521789834128778,132.598892211914,539.015441894531,2.0,7.0,5.0,0.0,0.0,24060101.0,-29.149024492549056,11.4732894423112,30.0571792602539,45.409605789184575
2024-06-01 19:17:01+00:00,ESP,ESP,19.17114230202648,15.4899910167711,0.0,11.048693123123622,6.087524772310695,1.2951008860031212,6.444549432397835,-10.481937856929001,5.003137728828525,3.069475700502918,0.325718201211807,-1.061180771413788,6.441386286415842,-15.22966996787768,-17.87604127595108,-12.109236232345319,75.2034141540527,48.94704574584961,1.0,331.953805285736,0.0847727045416832,1723.900390625,7143.41796875,52.774177207061,48.8688835144043,52.6796166530967,-1.5245744220447734,44.6553772,-0.167609760642858,3.517413558438418,1824.181485176086,962.46212720871,832.797348499298,840.731680393219,-63.5646125,5.0,354.654296875,3.84791588783264,36.0400581359863,-540.059997558594,43.9955085515976,20.2006533741951,-0.7484874808150375,-0.417992983011515,-1.11898124726502,0.4125930781423852,133.59895324707,540.015197753906,2.0,7.0,5.0,0.0,0.0,24060101.0,-31.83635524979192,13.0268800020541,28.96578884124755,42.50201711654665
2024-06-01 19:17:02+00:00,ESP,ESP,19.13458815411694,14.97818735452494,0.0,9.752674290378552,3.5130627023382486,-3.1374024013742,6.44454921895443,-10.4828193782188,5.003859252936974,2.7574322543789256,0.897300947728205,-1.060643107460058,6.440844225527836,-17.164071065360158,-22.27199012860428,-13.74312283748036,74.6445190429688,48.006449890136714,1.0,332.340694521082,0.0830993749201298,1737.357421875,7156.875,54.55240671219,48.0571929931641,53.50760292013695,-0.9363843146873922,44.6554488,-1.61395918672203,3.4584636799991104,1824.161911010744,1017.25053787231,865.229487419128,935.990452766418,-63.5644755,5.0,345.067596435547,3.84791588783264,36.0400581359863,-541.059997558594,43.9858287572861,20.2141851186752,0.08199862212118501,2.35996055872046,0.6839884836983,1.2533790076294085,134.599014282227,541.014953613281,2.0,7.0,5.0,0.0,0.0,24060101.0,-33.52824160154721,14.0188847242757,29.9002704620361,39.48828148841857
2024-06-01 19:17:03+00:00,ESP,ESP,19.10817308052082,14.63724975361256,0.0,9.273145150262689,3.2959672066354315,-2.110471645569953,6.444843984305795,-10.4823784041305,5.003859252936974,2.3555634323431915,1.40058653165006,-1.061180771413786,6.443283798344632,-17.81675438018174,-21.218644843484658,-15.558208555635,75.2955619812012,47.42592750549316,1.0,332.835773952882,0.082156491279602,1750.58203125,7170.099609375,55.6869591899371,47.3787357330322,53.4431037362572,-1.1835801625787965,44.6555164,-2.24488168960268,3.4977635834366083,1824.122714996336,1186.99252605438,1058.99465084076,1052.94680595398,-63.564338,5.0,334.745086669922,3.84791588783264,36.0400581359863,-542.059997558594,43.9955085515976,20.231582224369,-0.8904850592667655,-0.957983976852594,-0.792986670185773,-0.6645888601493142,135.599075317383,542.014709472656,2.0,7.0,5.0,0.0,0.0,24060101.0,-36.2289175238999,14.6832691776739,30.957889938354498,36.95593757629394
2024-06-01 19:17:04+00:00,ESP,ESP,19.12848333103678,16.30893718693536,0.0,12.652600491198859,8.483483416164884,4.146447549112656,6.444696068021585,-10.47929457372025,5.004220143057245,3.4305805448455002,0.322565395229078,-1.0609118754039,6.439217615977,-17.86634462714114,-14.982036336876963,-15.7180554727808,73.979207611084,47.53829360961916,1.0,333.099692462411,0.0819121286273002,1763.740234375,7183.2578125,55.692761435637,47.46379737854,54.20309205501535,-1.5461740628656346,44.6555837,-2.19555064832226,3.5075885243713865,1824.1814851760878,987.314224243164,915.63206911087,971.155941486359,-63.5642013,5.0,323.839599609375,3.84791588783264,36.0400581359863,-543.059997558594,43.9897000789642,20.2373817563057,-1.376476977736125,-0.0979983535921529,0.829986071723996,1.5237743614330426,136.599136352539,543.014465332031,2.0,7.0,5.0,0.0,0.0,24060101.0,-37.33892093573212,14.9480073099036,29.726264190673803,35.70249984741212
2024-06-01 19:17:05+00:00,ESP,ESP,19.079745491685763,14.2045726376179,0.0,8.33043544007363,1.4782659182309452,-5.307881388932728,6.44543244779147,-10.48619690676335,5.003498362816702,3.233614324325022,0.2085641251900504,-1.06064310746006,6.442199761945988,-19.82096240154796,-24.3876268806185,-15.766091851704022,71.8713844299316,48.07154113769532,1.0,333.340087800439,0.0816573791205883,1777.0625,7196.580078125,58.0739976067352,48.1559120178223,57.685534012785354,-1.681571805613195,44.655649,-1.28526561770357,3.458463726565242,1824.21088218689,1033.30779075623,940.602660179138,973.818361759186,-63.5640604,5.0,312.155487060547,3.84791588783264,36.0400581359863,-544.059997558594,44.0051883459091,24.658328294754,-0.3084948186726685,1.09498167006889,-5.24591185098948,3.61493926068651,137.599197387695,544.014221191406,2.0,7.0,5.0,0.0,0.0,24060101.0,-40.48460417307868,15.3268898559953,27.51344261169435,34.82998195994983
2024-06-01 19:17:06+00:00,ESP,ESP,19.25853320641894,17.637970080543163,0.0,15.325249756820801,12.885794931539408,12.396012994460472,6.44454815173737,-10.4807630643918,5.004219972302514,3.1491998029294237,-1.0002683706632496,-1.058223491602242,6.438133238068893,-17.65196206456738,-6.862520382713193,-15.733360560672981,70.9422569274902,47.845877151489276,1.0,333.64810201125,0.0813090473413467,1790.361328125,7209.87890625,60.6627485851968,47.9365940093994,59.61800284975165,-4.076931719353608,44.6557099,-1.68153259605849,3.478106018155812,1824.318623542786,947.929859161377,779.745995998382,954.756915569306,-63.5639159,5.0,302.497802734375,3.84791588783264,36.0400581359863,-544.950012207031,43.9935714006424,31.0761451721191,-1.8474690003753351,-1.40997644093324,-0.52299115992502,1.6649720767081937,138.599258422852,545.013977050781,2.0,7.0,5.0,0.0,0.0,24060101.0,-41.54177675469972,15.2593666058605,27.039534473419202,35.65819404602048
2024-06-01 19:17:07+00:00,ESP,ESP,19.26056211411188,17.523910361026918,0.0,15.17722606788304,12.786580798938914,9.035613283667095,6.44454921895443,-10.48649103178445,5.006384715382588,3.5160767120735343,-3.43737380830531,-1.405571886725252,6.1036170395047025,-19.302172651064,-10.224948659690067,-13.91215209019158,70.9122299194336,46.952807464599594,1.0,334.176376162415,0.0807549566030502,1803.5859375,7223.103515625,62.8870474997356,47.0016677856445,63.8829300618585,-2.3403608399772606,44.655767,-0.75994440277622,3.802337357774378,1824.13251399994,753.312230110168,658.125400543213,815.873861312866,-63.5637699,5.0,292.179504394531,3.84791588783264,36.0400581359863,-545.950012207031,44.001317024231,31.0838758945465,0.38799347149571095,3.97193301416766,3.31594414391989,5.4459085837560135,139.599319458008,546.013732910156,2.0,7.0,5.0,0.0,0.0,24060101.0,-37.082010883310176,16.2538062905212,28.17577571868895,38.73856148352989
2024-06-01 19:17:08+00:00,ESP,ESP,19.18942876749136,15.133424918509359,0.0,10.070674579265429,4.857269562215434,-1.5864279321494938,6.445138749657165,-10.492071723223201,5.003859082182243,3.3010729011060618,-6.796469166410635,-1.429499213326574,6.080574713320746,-22.46374051785376,-20.77585699846158,-15.6052436288259,70.528800201416,45.4265325164795,1.0,334.70951340827,0.0801750160753727,1816.40625,7235.923828125,69.6060002089256,45.3548069000244,73.66426297222075,-1.5659737353967862,44.6558146,0.819666669744312,3.8514622487127803,1824.34802055359,1146.41773700714,903.738379478454,945.260882377624,-63.5636228,5.0,281.646789550781,3.84791588783264,36.0400581359863,-546.950012207031,44.0090596675873,45.2687948942184,0.6259894921341,-1.23797915086251,-0.61998961117528,11.289810582901378,140.599380493164,547.013488769531,2.0,7.0,5.0,0.0,0.0,24060101.0,-41.28952079317824,17.5580377427243,29.8461112976074,36.007550403050004
2024-06-01 19:17:09+00:00,ESP,ESP,19.199590381428997,15.97527254220594,0.0,11.9335659867041,7.401721790677968,4.48436381584568,6.444696068021585,-10.49324694264725,4.630180499907906,4.86201261632982,-8.594746770857565,-1.398044228519278,6.098466308474234,-22.05595636779868,-14.715226437517302,-20.05919256960884,66.2917098999024,45.00708961486814,1.0,335.253906805876,0.0796167343854904,1828.91796875,7248.435546875,81.5984190328773,45.0883026123047,86.80203963318644,-2.537157394329888,44.6558435,2.0474079006495,3.9988366421312103,1824.348044395446,945.241570472717,786.892712116241,932.881891727448,-63.5634707,6.0,274.642303466797,3.84791588783264,36.0400581359863,-548.059997558594,44.0109968185425,48.1877416372299,-1.1979798555356216,-2.99094965594552,0.860985525602334,13.12618002428342,141.59944152832,548.013244628906,2.0,7.0,5.0,0.0,0.0,24060101.0,-54.21353575576578,18.6737474360986,30.27019901275635,28.157653999328616
2024-06-01 19:17:10+00:00,ESP,ESP,19.41559852902524,19.139027777077438,0.0,18.186326695415723,16.71498527365818,17.382620384837097,6.444401302670215,-10.490749654732,2.995515210518848,7.2227206538775715,-7.3585956560933905,-1.394549220720982,6.101990344576501,-22.18641776207836,-2.032978282926382,-23.462821316055496,63.6824775695801,44.43302650451661,1.0,335.837478168562,0.0788515269756317,9.935546875,7260.876953125,94.8813816099354,44.2329277038574,98.9233441267762,-1.3869766860377242,44.6558484,1.53372997046206,4.165860917419194,1824.2500782012983,694.613933563232,574.158430099487,701.332211494446,-63.5633149,6.0,269.748291015625,3.84791588783264,36.0400581359863,-548.950012207031,44.020676612854,48.1935381889343,-0.446492527622667,5.43090880531975,10.886817810549,11.66680389866858,0.900000095367432,549.013000488281,2.0,7.0,6.0,0.0,0.0,24060101.0,-61.669952868887904,19.6274091838671,30.46219024658205,18.73864016532897
2024-06-01 19:17:11+00:00,ESP,ESP,21.211810556201122,18.61585577722198,0.0,15.149274884742582,11.231350097332916,5.188626371401686,6.444402369887275,-10.494568584251649,2.9864981228426437,5.432709157807601,-9.292938953100025,-1.39132306624389,6.0987371254748215,-26.95394546878896,-16.023184611686272,-29.4373923472313,58.1922592163086,43.68462821960448,1.0,336.417197304556,0.078176461905241,22.181640625,7273.123046875,106.357041981662,43.6033767700195,111.62463071864349,1.5001748785758016,44.6558287,1.29629455894414,4.018486570566892,1824.2207050323498,1128.95953655243,948.424458503723,929.935812950134,-63.5631639,6.0,267.60009765625,3.84791588783264,36.0400581359863,-550.059997558594,44.0071254968643,48.1877416372299,0.9654837913655301,0.0,0.923984469103034,14.0203643140047,1.90000033378601,550.012756347656,2.0,7.0,6.0,0.0,0.0,24060101.0,-77.14303336180242,20.4421500065593,30.246858215332047,6.748554611206058
2024-06-01 19:17:12+00:00,ESP,ESP,21.18710542046376,15.83729213417844,0.0,9.411018153565463,1.935785811615002,-5.388448507457542,6.444843984305795,-10.484287868890299,2.9832518619961825,7.359442684927833,-6.034184409987475,-1.387559269157412,6.101448710575316,-27.95528705960598,-26.57555367178918,-35.864971576994705,47.8236167907715,44.97488044738768,1.0,336.926702095882,0.0777683168649674,34.35546875,7285.296875,121.388321250379,44.729907989502,125.31839160823701,2.093164938725006,44.6557852,1.04145283721326,4.067611414939164,1824.171686172484,1338.51325511932,1257.81297683716,1152.98163890839,-63.5630237,6.0,267.348785400391,3.84791588783264,36.0400581359863,-551.059997558594,43.9993798732758,48.1877416372299,-2.003466465593605,-2.63995583945208,0.196996676227265,12.7175861553022,2.89999938011169,551.012512207031,2.0,7.0,6.0,0.0,0.0,24060101.0,-101.54898768902086,21.1380062641056,29.5066337585449,-8.39544808183397
2024-06-01 19:17:13+00:00,ESP,ESP,21.19739612497672,15.799533823918239,0.0,9.373914516937203,2.1632265219430797,-5.131037972924166,6.445580364075685,-10.47973512092165,2.982891185319322,7.194943469806233,-5.36120971304753,-1.386215066584412,6.1000928326477055,-27.777524897776676,-26.328434354033,-35.77158718160556,44.7415912628174,49.28228118896484,1.0,337.126307544187,0.0781492039561272,47.392578125,7298.333984375,134.493418871261,49.29323387146,137.73269072665352,1.158580549638639,44.6557133,-0.107376069920448,4.028311558067798,1824.1717100143421,1082.16178417206,1181.48458003998,1129.01139259338,-63.5628952,6.0,268.078887939453,3.84791588783264,36.0400581359863,-552.059997558594,59.7409665584564,48.2206016778946,-2.489958268532845,0.294995069840057,-1.45197559430477,12.85938429756628,3.89999842643738,552.012268066406,2.0,7.0,6.0,0.0,0.0,24060101.0,-116.2833477062148,21.7322412596332,29.16553401947025,-23.560614703251776
2024-06-01 19:17:14+00:00,ESP,ESP,21.22416056274888,17.3857588567607,0.0,12.688885188145626,7.543637988492954,4.266614183454502,6.445138749657165,-10.481350887547201,2.98144817979111,5.142671492627988,-2.95667662046404,-1.3854084852764559,6.097111369697632,-27.138192212216303,-16.95754663542648,-32.081973633478,42.1763832092285,53.980202636718765,1.0,336.975087155963,0.0793667055666447,61.720703125,7312.662109375,147.212323936092,53.971524810791,149.683991811801,-0.24719584722439306,44.6556142,0.117106968393814,4.008661583065986,1824.1618871688838,1133.49831104279,1194.19121742249,1172.86467552185,-63.5627814,6.0,272.607604980469,3.84791588783264,36.0400581359863,-553.059997558594,59.7390294075012,48.2264012098312,-3.282445054248735,-2.49295821568236,-1.86496885216341,11.01201517803538,4.89999771118164,553.012023925781,2.0,7.0,6.0,0.0,0.0,24060101.0,-128.2186388279484,22.2396577206208,28.946634864807102,-33.78468212127688
2024-06-01 19:17:15+00:00,ESP,ESP,21.277688755274262,21.2508932401414,0.0,20.774117349280022,20.14285999637528,20.36939995416224,6.445874915983644,-10.4754760710874,3.6646027614247743,4.67839378073065,-1.3927064143385701,-1.38406419732609,6.095755491770018,-24.5892537234078,-0.9082889878750361,-29.204609255033517,42.8088764190674,58.364785766601585,1.0,336.640407886632,0.081034791469574,77.373046875,7328.314453125,156.100326159625,58.4917533874512,156.3878839538715,-1.518174556136812,44.6554906,-0.791452065417489,4.10691127181053,1824.1520881652839,812.766790390015,945.588052272796,1002.98166275024,-63.5626891,6.0,280.234313964844,3.84791588783264,36.0400581359863,-554.059997558594,59.7428977489471,48.2264012098312,-1.984966684783215,3.18994636364019,-1.11998122964819,5.360309921001747,5.89999675750732,554.011779785156,2.0,7.0,6.0,0.0,0.0,24060101.0,-136.5771238058866,22.6524214200903,29.04388790130615,-43.25145721435545
2024-06-01 19:17:16+00:00,ESP,ESP,21.27357015120474,20.88184616645456,0.0,20.578785550339216,20.1773702101757,18.87453723920514,6.44558015063228,-10.48090991345895,5.00277709484035,2.094384810510768,-1.2272199487333002,-1.383795365349228,6.094942272371965,-22.597634082191384,-2.3990323997354217,-27.56853852615668,42.3903522491455,60.498498229980456,1.0,335.930915156408,0.0828802451491356,93.927734375,7344.869140625,161.277309022171,60.4336555480957,160.6713004880615,-0.5037915608671155,44.6553524,-1.49978595799951,4.018486477434633,1824.0541219711279,1218.54329109192,1214.67888355255,1221.031665802,-63.5626136,6.0,291.455413818359,3.84791588783264,36.0400581359863,-555.059997558594,59.7332179546356,42.8021878004074,-1.5454741072139302,-1.11198137058282,0.847985701260243,4.079931453059713,6.89999580383301,555.011535644531,2.0,7.0,6.0,0.0,0.0,24060101.0,-141.7878177501004,22.0193807047933,29.1173692703247,-49.358836993049195
2024-06-01 19:17:17+00:00,ESP,ESP,21.257095734926658,19.709718427517082,0.0,17.80451126609446,15.81129301910282,12.29886738465012,6.445285598724315,-10.46446111039025,5.00313747269643,2.175191391199014,0.208564108514784,-1.3846019466571822,6.0971113696976325,-20.57435275756788,-8.958227838012395,-24.59192535190164,42.3903522491455,62.45814605712892,1.0,335.011489731854,0.0846472643315792,93.927734375,7344.869140625,164.671325643399,62.3272521972656,163.930755552451,0.3019949411861774,44.6552059,-1.0031670655944,3.930061962455512,1824.14231300354,1218.54329109192,1214.67888355255,1221.031665802,-63.5625505,6.0,291.455413818359,3.84791588783264,36.0400581359863,-555.059997558594,59.7428977489471,36.4230334758759,-3.2179459770907197,-2.87195175234803,-0.778986916821362,2.6983546131941796,6.89999580383301,555.011535644531,2.0,7.0,6.0,0.0,0.0,24060101.0,-145.797122400444,22.0193807047933,29.0776948928833,-51.41612205505376
2024-06-01 19:17:18+00:00,ESP,ESP,23.506537600328738,21.30831600653152,0.0,18.8060232701313,15.78318644915874,12.837439241272483,6.444843984305795,-10.4612304309128,5.003498362816702,3.3371477404905905,0.126085078635024,-1.279483371651302,5.962925131754099,-20.51827792901046,-10.669098700565717,-22.763214943145403,44.1783702850342,64.42945449829102,1.0,334.104795779913,0.0863717034459114,128.654296875,7379.595703125,164.593447826482,64.4419898986816,163.598753717275,0.24739585162177904,44.6550529,-0.953287368024564,3.9398868568241605,1824.093317985534,645.825088024139,730.26031255722,739.822924137116,-63.5624921,6.0,293.844787597656,3.84791588783264,36.0400581359863,-556.950012207031,59.7467720508576,36.4211022853851,-2.110964571784615,2.72995425393758,1.42497606995912,-0.7449874977842196,8.89999771118164,557.011047363281,2.0,7.0,6.0,0.0,0.0,24060101.0,-145.9334256555208,20.84237518626,28.5456004142761,-54.43149032592773
2024-06-01 19:17:19+00:00,ESP,ESP,27.49423563025178,22.09180222509126,0.0,16.79606730306902,10.688372299120392,4.0353867949062305,6.445874062209995,-10.47092332311875,5.003498362816702,2.616381356154416,-0.41029909507661255,-1.098550422565878,5.819793053545148,-24.829194512346298,-23.45884785350586,-22.089924606088438,45.2595279693604,64.98948120117186,1.0,333.456201016329,0.0875916659832001,146.6484375,7397.58984375,164.940708304264,64.915837097168,164.9407356250205,1.238579247014116,44.6548973,-0.466880408841425,3.949711937457324,1824.0737676620479,895.338654518128,892.511010169983,788.919985294342,-63.5624316,6.0,288.279693603516,3.84791588783264,36.0400581359863,-557.950012207031,59.7428977489471,36.4095032215118,-1.32447778708946,0.607989875938067,1.93496761898546,1.878168534243914,9.90000152587891,558.010803222656,2.0,7.0,6.0,0.0,0.0,24060101.0,-144.5715214520036,20.4989003408257,28.3775782585144,-53.052022705078116
2024-06-01 19:17:20+00:00,ESP,ESP,27.043056897833377,22.122223546145083,0.0,17.22387825078954,11.596158739818978,6.55942045032144,6.445579296858625,-10.470482775917251,5.00313747269643,2.743723787238272,0.4502268601802,-1.063600451304628,5.727624687960338,-24.363046395833443,-20.483636575578,-22.82889848182722,46.8291687011719,65.80734054565428,1.0,333.180206732347,0.0878504857420921,164.787109375,7415.728515625,166.794093795925,65.7667488098144,165.8537065208085,0.5913901043443852,44.6547394,-0.841330215522594,3.9398869033902884,1824.12269115448,1052.91628837585,1028.5450220108,1028.17630767822,-63.5623755,6.0,283.654388427734,3.84791588783264,36.0400581359863,-558.950012207031,59.750646352768,36.4037036895752,-1.607973112883895,0.146997530388229,-1.24297916950008,0.3399942864209552,10.9000053405762,559.010559082031,2.0,7.0,6.0,0.0,0.0,24060101.0,-142.71037686544523,20.6657277113032,28.3965476989746,-50.850110292434685
2024-06-01 19:17:21+00:00,ESP,ESP,26.563521269037842,21.52748721473242,0.0,15.642747173030079,9.468083018043098,1.8086777253887854,6.44454815173737,-10.47327290819325,5.003498362816702,2.535213906690242,0.254271067429848,-0.9504164794338491,5.6335588958241,-24.80249222929562,-24.7548431220983,-23.37923892514422,49.6035083770752,66.77669586181639,1.0,332.814299838131,0.0884390495717526,183.1953125,7434.13671875,166.994245659363,66.6698524475098,165.6617167334285,0.29979496993803856,44.6545784,-1.36604124909714,3.9300618693232545,1824.09334182739,1206.59160614014,1223.63042831421,1170.49014568329,-63.5623227,6.0,279.598510742188,3.84791588783264,36.0400581359863,-560.059997558594,59.7390294075012,36.3998383283615,-1.66647202893861,0.249995809236456,-0.638989223094699,-0.0431992949819336,11.9000091552734,560.010314941406,2.0,7.0,6.0,0.0,0.0,24060101.0,-139.6423214600916,21.2551508385605,28.0285348892212,-48.30830590724945
2024-06-01 19:17:22+00:00,ESP,ESP,26.546349831954977,20.957590573783783,0.0,14.816438741959463,7.733776581164352,0.8021517595235543,6.4439599016951,-10.4716575684545,5.003498362816702,2.1798810417718277,0.347257516254453,-0.8237902470453189,5.509945193074198,-25.130169188689145,-25.74419773092192,-23.336043101285803,51.7585315704346,68.4276690673828,1.0,332.379599278595,0.089333264529705,201.935546875,7452.876953125,167.848770626424,68.3392387390137,166.398209201442,-0.398793323589146,44.6544143,-1.52054226255694,3.871112130582334,1824.0051746368401,1282.32872486114,1289.77525234222,1298.5759973526,-63.56227,6.0,274.788513183594,3.84791588783264,36.0400581359863,-561.059997558594,59.7312808036804,36.3979041576386,-2.755953795900055,-1.74597052167909,0.0109998153862906,0.8559856296947285,12.9000129699707,561.010070800781,2.0,7.0,6.0,0.0,0.0,24060101.0,-137.83203173001738,22.1257933445148,28.10896425247195,-47.58773345947268
2024-06-01 19:17:23+00:00,ESP,ESP,26.55278626071934,20.68427884659844,0.0,13.899453231731979,6.321064265270378,-1.5309730072922656,6.44454921895443,-10.46651742421725,5.003498362816702,3.0200535188857622,0.10769759573954105,-0.6837216154008224,5.357054652843318,-24.63731878912558,-28.08375916128988,-22.619954798889502,54.7045669555664,70.69026489257813,1.0,331.726414627888,0.0895920038223266,221.283203125,7472.224609375,166.834391912028,70.80029296875,165.9152192044735,-0.7279877832630695,44.6542449,-0.866203950210782,3.920236974954606,1824.152112007144,923.485994338989,1064.87202644348,1048.96306991577,-63.5622166,6.0,270.046112060547,3.84791588783264,36.0400581359863,-562.059997558594,59.750646352768,36.3979041576386,-2.327960909015535,1.86696860348634,-1.37697691556685,-0.7733870208116832,13.900016784668,562.009826660156,2.0,7.0,6.0,0.0,0.0,24060101.0,-135.678803665868,23.2285342162025,29.07665033340455,-47.496714782714854
2024-06-01 19:17:24+00:00,ESP,ESP,26.368498536157,18.97822019382484,0.0,11.134089612278421,2.403605339450794,-6.10547818067617,6.4451376824401,-10.4718048444085,5.003498362816702,2.530524170740066,0.17126463805667239,-0.46730106845301816,5.178411055101634,-23.4135841898762,-32.47397663145582,-22.839338425973583,55.4039772033691,71.86877380371097,1.0,331.110495489293,0.0896904945373535,241.072265625,7492.013671875,165.760891080177,71.7241264343262,165.66472201666352,-1.84736901280919,44.6540724,0.0755793248586439,3.9497118443250656,1824.14231300354,1062.31999397278,1024.28042888641,1142.85600185394,-63.5621569,6.0,265.583587646484,3.84791588783264,36.0400581359863,-563.059997558594,59.7525775432587,36.3515108823776,-2.713954429085115,-1.34097765649436,-1.36897705650148,-0.2749953833232427,14.9000205993652,563.009582519531,2.0,7.0,6.0,0.0,0.0,24060101.0,-133.8422340999436,24.3647327695395,29.5141679763794,-46.507317842756
2024-06-01 19:17:25+00:00,ESP,ESP,25.92811423470288,19.50450129579054,0.0,12.980380586448863,5.435855996712954,-2.488267412515124,6.444696068021585,-10.466664273284401,5.00313747269643,2.852308085606386,0.3829815667281615,-0.3901423904148558,5.067266972587328,-20.436263066513682,-28.41638186066142,-22.39579721108506,59.3341644287109,73.59548400878906,1.0,330.573779224314,0.0896354489028454,261.296875,7512.23828125,165.59636548345,73.5196632385254,165.288235159423,-2.5117579271746764,44.6538966,-0.419145123866705,3.880937024950982,1824.1226911544782,849.022567272186,875.633656978607,1011.45720481873,-63.5620943,6.0,259.941589355469,3.84791588783264,36.0400581359863,-564.059997558594,59.7661316394806,36.3476455211639,-2.06096545262601,1.83396918484166,-0.996983183074603,-0.18559686905497486,15.9000244140625,564.009338378906,2.0,7.0,6.0,0.0,0.0,24060101.0,-130.8114769916094,25.67941611872,28.8162940979004,-42.25564507704512
2024-06-01 19:17:26+00:00,ESP,ESP,25.63396769847332,19.49030064948714,0.0,12.79063929734376,5.397158706196601,-2.553824251187824,6.445432234348065,-10.4713638703202,5.358060568953328,1.8411425269844401,0.4644106417860175,-0.1981867486447322,4.920611199785566,-20.27833714007194,-28.18779148008566,-22.599438959679556,60.1497344970703,74.6333418273926,1.0,330.011818580162,0.0908303998410702,281.87890625,7532.8203125,167.588840947369,74.4576278686524,166.6962035247405,-2.2525621946356744,44.6537167,-1.447931802151,4.097086191177368,1824.0541696548457,1122.88284301758,1059.38172340393,1151.89445018768,-63.5620339,6.0,255.319793701172,3.84791588783264,36.0400581359863,-565.059997558594,59.7758114337921,33.160001039505,-1.68197175587778,-0.46799212885055,0.0669988797034955,1.802169766401122,16.9000282287598,565.009094238281,2.0,7.0,6.0,0.0,0.0,24060101.0,-131.8219324453454,26.9790713441792,28.53765506744385,-47.372117614746095
2024-06-01 19:17:27+00:00,ESP,ESP,25.65738875864674,20.51281787578794,0.0,15.02637929100656,8.990786239880094,3.6137689931495887,6.44499083337295,-10.447424484166149,6.995250509703043,1.6474228234425141,0.5894447650831449,-0.15355844735434218,4.819497164690066,-19.82477740370888,-22.043619680119797,-20.91238974789446,60.5644546508789,76.8181297302246,1.0,329.354317249899,0.0921273283660412,302.8671875,7553.80859375,170.127335393918,76.7281173706054,168.3686777958555,-1.5161746127148121,44.6535316,-1.66459842267191,3.939886949956418,1824.06392097473,1070.4745054245,1104.336977005,1180.35626411438,-63.5619826,6.0,251.201995849609,3.84791588783264,36.0400581359863,-566.059997558594,59.8009824752808,31.797182559967,-2.969450248150725,-2.27596161164717,2.2069630406517,1.0097830162761467,17.900032043457,566.008850097656,2.0,7.0,6.0,0.0,0.0,24060101.0,-135.9293350046244,27.9497778290214,27.260300445556652,-58.42995557785034
2024-06-01 19:17:28+00:00,ESP,ESP,25.6211945617065,19.2636322841438,0.0,12.037652776258476,3.678707470250738,-5.65129740936281,6.44499083337295,-10.44918752674565,7.005350139674012,2.20477259898488,0.3556640116992845,-0.01564066429083442,4.456245848023443,-21.775199392908558,-31.27249205644664,-18.189421112619222,61.176448059082,77.91802734374997,1.0,328.486992508335,0.0935438565909862,324.4921875,7575.43359375,168.455400707747,77.9875831604004,167.7776888477315,1.219779588882654,44.653341,-0.583577552544825,3.841637168079616,1824.054145812986,815.918803215027,923.190057277679,864.997863769531,-63.5619331,6.0,246.381195068359,3.84791588783264,36.0400581359863,-566.950012207031,59.8106622695923,31.7179262638092,-1.471475250776625,2.45895860121109,1.15798056020874,-0.6117897129445857,18.9000358581543,567.008605957031,2.0,7.0,6.0,0.0,0.0,24060101.0,-137.7463756936742,28.3834658130133,27.3168173789978,-61.415325164794886
2024-06-01 19:17:29+00:00,ESP,ESP,25.610553126979596,18.49212109474636,0.0,10.824537072111728,2.091775592870458,-6.458288827488824,6.445579296858625,-10.46211152531575,7.003186079612857,1.9071586531901417,0.669822911483531,-0.03580414744843506,4.5402815073635185,-20.402694052780898,-32.06884191177974,-19.2710840205283,57.8904853820801,76.46703140258789,1.0,327.579806782773,0.0948965348303318,345.93359375,7596.875,167.561233322744,76.3340995788574,167.306194059136,-0.18879684469763583,44.6531528,-0.147386677748148,3.880937024950982,1824.26965236664,1115.8812046051,1112.84780502319,1067.31581687927,-63.5618763,6.0,241.722793579102,3.84791588783264,36.0400581359863,-567.950012207031,59.8029136657715,31.673464179039,-1.6939715978367,-1.19997992702367,-4.23792875497828,-0.4447925162166144,19.9000396728516,568.008361816406,2.0,7.0,6.0,0.0,0.0,24060101.0,-138.9895876018702,28.520411105872,29.3354461669922,-60.15984954833982
2024-06-01 19:17:30+00:00,ESP,ESP,25.66590395548504,22.0451025141886,0.0,18.010102009168616,13.574012476272705,10.358032590478917,6.445285598724315,-10.4531524515588,7.004628530188199,1.893450399492902,0.7470492190666465,-0.10758586878575874,4.622961886417532,-19.91518417812938,-15.307870681987165,-20.6184730475305,57.6216499328613,76.29664718627932,1.0,326.761604761719,0.0963526390492916,367.099609375,7618.041015625,167.435243653314,76.3063591003418,165.39872712962648,-1.553373978713156,44.6529672,-1.50941129536564,3.851462155580522,1823.936629295348,1056.02133274078,1049.51667785645,1130.03551959991,-63.5618183,6.0,237.024002075195,3.84791588783264,36.0400581359863,-568.950012207031,59.8280847072601,21.0260778665543,-1.989466658868345,0.38199359053689,0.885985138542491,-2.343160555862388,20.9000434875488,569.008117675781,2.0,7.0,6.0,0.0,0.0,24060101.0,-140.3846701322994,28.3122542607267,28.8773763656616,-61.02875480651854
2024-06-01 19:17:31+00:00,ESP,ESP,25.62331943355726,20.31434760492356,0.0,14.31217782836848,8.144070057343159,-0.15315205109872473,6.44425445360306,-10.4619646762486,7.0046288716976575,1.7228185069259383,0.27265759316503185,-0.11054316193751708,4.600190889498354,-21.674493034729142,-25.776471399278638,-19.32124663734016,57.21217918396,76.07751388549804,1.0,326.308681257477,0.0975547313690186,388.291015625,7639.232421875,165.476768871083,75.972038269043,165.0127326490615,-0.467792159054342,44.6527825,-0.679588134325519,3.8416372146457443,1824.054169654848,1147.03941345215,1125.09405612946,1135.52021980286,-63.5617546,6.0,231.108200073242,3.84791588783264,36.0400581359863,-569.950012207031,59.8184049129486,21.0028797388077,-1.821969449604445,0.306994831757697,-0.790986705419428,0.4001932672425818,21.9000473022461,570.007873535156,2.0,7.0,6.0,0.0,0.0,24060101.0,-140.8769847035224,27.7551618339057,28.508842563629152,-60.78516230863682
2024-06-01 19:17:32+00:00,ESP,ESP,25.627574982919658,20.216151341264123,0.0,14.33485542245074,7.588643257528588,0.459268045617568,6.445580364075685,-10.4231922536514,7.003546542846304,2.061196195626076,0.27370852015497465,-0.08796015263503212,4.597479816662046,-20.38209590979146,-25.16830691595772,-19.72794786090236,57.1210544586182,76.47386352539063,1.0,326.055909616674,0.0986219152808189,409.41015625,7660.3515625,166.209019791622,76.1808334350586,164.80223987922,-0.35419405894036193,44.6525986,-1.20893366469532,3.8416372146457443,1824.0051746368401,977.604031562805,1059.75067615509,1104.79176044464,-63.5616891,6.0,225.992797851562,3.84791588783264,36.0400581359863,-571.059997558594,59.8087251186371,21.0009470582008,-2.9609505046154654,-1.72697096312053,0.794986634952117,-0.6277894577557674,22.9000511169434,571.007629394531,2.0,7.0,6.0,0.0,0.0,24060101.0,-141.64333739254943,27.1804526416679,28.78072414398195,-60.90918365478515
2024-06-01 19:17:33+00:00,ESP,ESP,25.610554151507976,17.61687026015914,0.0,8.928398865114378,-1.177625144757044,-11.837577410939161,6.4452853852809096,-10.42128278889155,7.004267725445294,2.173748172227392,-1.4431396773963,-0.04467607943079961,4.515884071648234,-25.04739173557154,-37.448131562447124,-19.83590139130062,56.862329864502,78.23613510131834,1.0,325.752403330715,0.0998564556241036,430.919921875,7681.861328125,166.872545348732,78.278288269043,168.061674453042,2.130164244213692,44.652411,-0.332528186628894,3.920236974954606,1824.1422891616821,827.629387378693,956.852912902832,842.709839344025,-63.5616247,6.0,220.194107055664,3.84791588783264,36.0400581359863,-571.950012207031,59.8377645015716,27.6719957590103,-1.6894716237515701,2.36096032766022,2.48595833900015,5.031515457282638,23.9000549316406,572.007385253906,2.0,7.0,6.0,0.0,0.0,24060101.0,-143.04834828595557,26.5524491908838,32.4193410873413,-63.53892097473144
2024-06-01 19:17:34+00:00,ESP,ESP,25.578634286950297,18.0228006968735,0.0,9.721307671143627,0.4060959834243728,-8.903471577474246,6.445285598724315,-10.4273040275317,7.004268066954753,2.442502839887194,-0.4497004353561132,0.07334710097699657,4.447028763870606,-25.25910369417984,-34.482105522915084,-21.7089130900325,51.8284046173096,78.87355087280272,1.0,325.409910324974,0.100927602499723,452.732421875,7703.673828125,171.981663451685,78.8290946960449,173.2575905999675,0.46459221009210616,44.6522187,0.699463344480021,3.831812320277096,1824.0933179855322,998.363196849823,1056.36084079742,973.220467567444,-63.5615735,6.0,215.856796264648,3.84791588783264,36.0400581359863,-573.059997558594,59.8416328430176,27.7744472026825,-2.279461763431685,-0.76098718056341,-5.22791216809238,4.279728189349607,24.9000587463379,573.007141113281,2.0,7.0,6.0,0.0,0.0,24060101.0,-146.3899281788876,26.1392654347803,37.320163536071746,-66.29943766593934
2024-06-01 19:17:35+00:00,ESP,ESP,25.6190621766476,20.79137621278424,0.0,15.484431755050903,9.498316636960736,4.982295043722436,6.44572721314284,-10.41320480953755,7.002825360247314,2.419775726933434,2.102982588604955,0.07657332732448617,4.426426522767639,-21.67945243508548,-20.63676702620346,-23.72699971428272,51.5367450714111,79.51056564331054,1.0,325.045096261025,0.101769507676363,474.755859375,7725.697265625,173.361593890459,79.5487747192383,171.413118505173,-3.151347214404476,44.6520227,-0.372105477650695,3.871112084016204,1824.054145812986,881.464004516602,879.951596260071,991.477906703949,-63.561539,6.0,212.759506225586,3.84791588783264,36.0400581359863,-574.059997558594,59.831953048706,27.7744472026825,-2.62545609489608,-1.02298272503708,-3.74793738722391,-3.977733349549051,25.9000625610352,574.006896972656,2.0,7.0,6.0,0.0,0.0,24060101.0,-148.06541729550239,26.1722825692282,38.09228954315185,-68.58987770080567
2024-06-01 19:17:36+00:00,ESP,ESP,25.63822358934518,21.722426619305338,0.0,17.50487803890464,12.71084595387454,6.8279836165523875,6.44499083337295,-10.41393948176015,7.004268066954753,2.00961014604684,2.25165595659886,0.0776486720739594,4.423173389043323,-21.44027423676778,-18.810239887415378,-22.768325632191857,51.7377296447754,79.07336059570312,1.0,324.695581820817,0.102317503094673,496.818359375,7747.759765625,168.342893831739,78.8846580505371,165.611726578893,-3.3299441107277064,44.6518273,-1.53268836661363,4.6865840442478675,1823.9463806152362,834.776878356934,762.325942516327,952.971518039704,-63.5614948,6.0,209.306793212891,3.84791588783264,36.0400581359863,-575.059997558594,59.8435699939728,27.7763813734055,-1.80446970453808,1.03798256750637,0.692988378507702,-5.439708479536936,26.9000663757324,575.006652832031,2.0,7.0,6.0,0.0,0.0,24060101.0,-149.8974789365748,25.936934740997,35.0681962966919,-69.25985708797678
2024-06-01 19:17:37+00:00,ESP,ESP,25.63609017975788,20.8308171401465,0.0,15.673593331850222,9.79094588935485,3.833517907288198,6.44425445360306,-10.40835879032145,7.003186079612855,1.8252698076835638,2.304191103651955,0.07522909890482352,4.409348573899028,-22.33137281777676,-21.80257171751684,-20.37219999021248,55.3253047943115,79.02663024902344,1.0,324.394998855823,0.102321110665798,518.72265625,7769.6640625,164.038180767717,78.8926643371582,160.79931872367501,-2.0885649557293897,44.6516363,-2.08264698101171,4.7160590067505845,1823.8484382629401,983.767688274384,909.141778945923,1016.20960235596,-63.5614285,6.0,204.059906005859,3.84791588783264,36.0400581359863,-576.059997558594,59.8300218582153,27.7725160121918,-1.93646759256022,0.797986528740781,4.72292085114702,-4.75392009158195,27.9000701904297,576.006408691406,2.0,7.0,6.0,0.0,0.0,24060101.0,-148.57352872823782,24.3756542420224,30.89438896179195,-68.23314102172851
2024-06-01 19:17:38+00:00,ESP,ESP,25.54045694458452,19.51152819440862,0.0,13.152940876206241,5.797942680748724,-1.8774550142634028,6.444696068021585,-10.4013091813243,7.004268066954753,1.52873823342886,1.626487141042005,0.08114373590115045,4.412059134471148,-23.3678086035682,-27.41791270589986,-18.53917153586292,59.6644546508789,79.69204605102537,1.0,324.08231279562,0.102201008051634,540.759765625,7791.701171875,159.149486529658,79.5832786560059,156.353876441994,-0.5761903401036566,44.6514485,-1.90554124305034,4.716058820486069,1823.966026306152,996.333181858063,1026.37076377869,1051.38027667999,-63.5613408,6.0,196.245895385742,3.84791588783264,36.0400581359863,-577.059997558594,59.8435699939728,27.7783155441284,-2.1974632080115697,-0.812986264488364,2.19796319920315,-4.216529131978396,28.900074005127,577.006164550781,2.0,7.0,6.0,0.0,0.0,24060101.0,-144.9188229109206,22.6633855812554,27.749835777282698,-65.42741296941585
2024-06-01 19:17:39+00:00,ESP,ESP,23.28749889779774,16.21926124275604,0.0,8.917862615300717,0.6089484609715667,-8.266794042576283,6.44543244779147,-10.4108552244631,7.004267810822657,1.9775037746361381,0.293671453884103,0.1316866288311422,4.352691727846952,-22.68270033169984,-31.554293025751424,-17.028155765028238,61.2237716674805,80.3771809387207,1.0,323.608079101168,0.101644402742386,563.0078125,7813.94921875,155.200339453449,80.3269020080566,154.822397765915,0.9487840962387274,44.6512646,-0.632267036290937,4.686583951115608,1823.965978622436,918.943524360657,941.533505916596,936.383366584778,-63.5612317,6.0,188.134994506836,3.84791588783264,36.0400581359863,-578.059997558594,59.8416328430176,27.7899146080017,-1.8089697319840599,1.29297828865869,1.24597911664959,-0.38819354000949774,29.9000778198242,578.005920410156,2.0,7.0,6.0,0.0,0.0,24060101.0,-142.4665227196218,21.1890499753204,27.74630212783815,-61.917519586736496
2024-06-01 19:17:40+00:00,ESP,ESP,22.722390219457317,15.956041120069361,0.0,8.747900102616772,0.6884186724600169,-7.234537542816268,6.444696068021585,-10.41555482149885,7.0046288716976575,1.9930157318827881,0.7459992375643161,0.19997337672121943,4.309318404447443,-21.77252878894308,-29.95692727135376,-17.73412275160292,60.4025299072266,80.50989303588867,1.0,322.975876791591,0.101431307941675,585.3515625,7836.29296875,156.328618402443,80.3737106323242,155.671882053368,0.36219394268513405,44.6510818,-0.339613467356151,4.657109081745148,1824.05412197113,938.552975654602,990.680754184723,970.325112342834,-63.5611158,6.0,177.70100402832,3.84791588783264,36.0400581359863,-578.950012207031,59.8590612411499,27.7937799692154,-2.4309592012039802,-1.74097060976323,-1.91796791847153,0.33819436215394816,30.9000816345215,579.005676269531,2.0,7.0,6.0,0.0,0.0,24060101.0,-142.20701924437202,19.9935517196094,29.33348064422605,-62.304040832519526
2024-06-01 19:17:41+00:00,ESP,ESP,22.714055339613182,16.73197622299224,0.0,10.05685983865017,2.67080485841395,-5.624028562120451,6.444696068021585,-10.42231073236165,7.004628530188201,2.08572690540754,0.23167984489158713,0.1983602647981194,4.299288698538102,-19.35366988683966,-28.338083304092038,-18.73699020668052,59.4546775817871,80.32855545043944,1.0,322.260974551544,0.101886700093746,607.744140625,7858.685546875,155.771807720925,80.3301979064941,155.204895189625,-0.3605939408565784,44.6508983,-0.578168309526439,4.686584230512382,1823.9758014678941,734.297573566437,834.347724914551,884.509265422821,-63.5610009,6.0,169.047698974609,3.84791588783264,36.0400581359863,-579.950012207031,59.8532497882843,27.7957111597061,-1.904467996216145,0.824986159808136,-0.244995897320596,-0.14139764238267896,31.9000854492188,580.005432128906,2.0,7.0,6.0,0.0,0.0,24060101.0,-142.6072246165242,18.9818436091796,30.5355394363403,-63.12146268572126
2024-06-01 19:17:42+00:00,ESP,ESP,22.747344998608877,18.16188008233844,0.0,13.45804303586454,8.10279061381108,3.5374295696219447,6.445138749657165,-10.4281851219347,7.002464897013866,1.99337649393701,-1.16785567972725,0.1037267465376567,4.39172805187823,-18.13260623306524,-19.20991591990678,-17.908351998084022,57.8513053894043,78.7583564758301,1.0,320.862780186929,0.102246102690697,629.857421875,7880.798828125,156.004881096163,78.6453964233398,157.4668694276255,-1.1579805815530761,44.6507176,0.4311422177417,4.607984237372876,1824.112892150876,856.64963722229,769.059836864471,919.82889175415,-63.5608861,6.0,158.660598754883,3.84791588783264,36.0400581359863,-581.059997558594,59.845507144928,27.7957111597061,-1.777970171384015,0.455992340252484,0.661988871268512,3.289144850838626,32.9000701904297,581.005187988281,2.0,7.0,6.0,0.0,0.0,24060101.0,-142.7088359747682,18.0689017416954,29.601620864868153,-62.41554892403741
2024-06-01 19:17:43+00:00,ESP,ESP,22.74318541340432,18.59818812689592,0.0,14.13191171918946,9.249047901361426,4.027635255905864,6.4451376824401,-10.433766240260201,7.003186079612857,1.616038424371426,-1.04965167889907,0.020384637295782566,4.502329817372436,-16.632691910197998,-18.71555092589478,-17.83686450615502,54.9244926452637,77.00042449951175,1.0,319.501414202319,0.102562308311462,651.515625,7902.45703125,160.004995043959,76.900609588623,160.94680299842298,-1.7199711931600277,44.6505374,0.489917516333967,4.509734734892847,1824.13249015808,944.453656673431,899.58918094635,934.279263019562,-63.560784,6.0,150.050506591797,3.84791588783264,36.0400581359863,-581.950012207031,59.845507144928,27.7957111597061,-1.6239727776537949,-1.40597640467885,-1.71497128124417,2.8859515910897997,33.9000549316406,582.004943847656,2.0,7.0,6.0,0.0,0.0,24060101.0,-144.5572928019248,17.6425749940816,30.35172271728515,-62.719657745361346
2024-06-01 19:17:44+00:00,ESP,ESP,22.94733293750686,21.39852572999446,0.0,20.20340825732962,18.28613129787002,19.54791585645712,6.44543244779147,-10.434353209642001,7.002825360247314,1.7293118610481621,-1.3023463466726075,-0.10624163886532186,4.613202912131418,-15.52415972111302,-3.3994167555485064,-17.16479813899732,52.1248123168945,74.75935226440427,1.0,318.184280522774,0.103089905530214,672.61328125,7923.5546875,161.616345952192,74.7542793273926,162.254285620671,-3.0923481684199503,44.6503586,0.0682147134067173,4.431135021150116,1824.06394481659,865.112066268921,861.652493476868,953.615844249725,-63.5606962,6.0,143.300796508789,3.84791588783264,36.0400581359863,-583.059997558594,59.8609983921051,21.4146256446838,-1.3274777342389799,0.517991301370012,-1.3609771974361,1.3879766817611092,34.9000396728516,583.004699707031,2.0,7.0,6.0,0.0,0.0,24060101.0,-147.5978034203936,17.290914166927,29.15172300338745,-64.54332366943358
2024-06-01 19:17:45+00:00,ESP,ESP,22.793172835864,22.549189599465222,0.0,22.62225862169654,22.643829042114398,22.088215009739198,6.444107817979315,-10.43567527813325,7.003546798978398,1.427729895510764,-1.072767386927922,-0.23905133822601,5.033652452719208,-17.25295231702954,-0.7049583490611728,-14.29720007729228,51.0919944763184,72.43872116088865,1.0,316.886599221985,0.103739409148693,693.029296875,7943.970703125,164.575880579937,72.321947479248,165.3887277326815,-2.3355607751276457,44.6501837,0.32732729106062,4.401660151779653,1824.0933179855322,981.152057647705,881.756365299225,1012.81666755676,-63.5606189,6.0,137.016799926758,3.84791588783264,36.0400581359863,-584.059997558594,59.8513126373291,20.3978270292282,-1.15298059493202,-1.20397974983466,-0.0689988444698399,3.102947981681576,35.9000244140625,584.004455566406,2.0,7.0,6.0,0.0,0.0,24060101.0,-150.24147185185763,16.8346933888633,25.79276304244995,-65.35066223144531
2024-06-01 19:17:46+00:00,ESP,ESP,22.999357805395924,23.24655976844106,0.0,22.979796143613,22.4836471041898,21.815844141112002,6.445285598724315,-10.433619391193051,7.002464897013866,1.354859823883342,-0.7649112309632885,-0.43665273432278695,5.373048309181186,-19.99872456337726,-1.183513613591113,-12.72785688151188,50.7648181915283,70.92005355834961,1.0,315.647712189571,0.104380604624748,712.919921875,7963.861328125,166.445426299174,70.8546340942383,167.01470207592752,-1.1409809023834925,44.6500107,0.0510611868941195,4.273935593664644,1823.966002464294,1142.4732208252,1022.47488498688,1159.09540653229,-63.5605563,6.0,132.785903930664,3.84791588783264,36.0400581359863,-585.059997558594,59.8551869392395,20.3842952847481,-1.7704703568710798,-1.24697899231106,1.4689754015404,1.6311726721569755,36.9000091552734,585.004211425781,2.0,7.0,6.0,0.0,0.0,24060101.0,-152.2763600584472,16.4488508800074,23.68610887527465,-64.78608040809631
2024-06-01 19:17:47+00:00,ESP,ESP,22.97851275106796,23.113422306044583,0.0,22.73704985447294,22.120953472468877,21.56538998349354,6.444549218954425,-10.4267166312631,7.001021678042241,2.282693467437476,-0.1975312519216305,-0.5546760232865682,5.500457206543404,-21.99988119773178,-1.4131229169847959,-11.4867942630929,51.5523937225342,70.36234634399413,1.0,314.435900027028,0.105178809911013,732.515625,7983.45703125,168.007367618951,70.3343696594238,167.7926879431485,-0.035999394142151676,44.6498391,-0.256104079427711,4.34271041303873,1823.936629295348,950.606942176819,1012.39371299744,1036.67604923248,-63.560502,6.0,128.744995117188,3.84791588783264,36.0400581359863,-586.059997558594,59.8532497882843,31.857106089592,-2.540957370074625,-0.0659988906502167,0.271995421666244,0.27139545224666106,37.8999938964844,586.003967285156,2.0,7.0,6.0,0.0,0.0,24060101.0,-153.18466320295641,16.1084496196996,22.29980936050415,-64.05984567914687
2024-06-01 19:17:48+00:00,ESP,ESP,22.94100135214626,23.038614317650563,0.0,22.58893173816988,22.11495793241546,21.44721780707804,6.44425445360306,-10.43024100887485,7.000300495443253,2.5413466481686315,-0.26425110105525396,-0.5963470180849871,5.527837385869232,-23.2690095757145,-1.493783737167286,-12.423679187957802,50.2515506744385,69.56530746459961,1.0,313.136497518568,0.106314007937908,751.982421875,8002.923828125,167.919531386225,69.4862525939941,167.9966783729,0.20759651883735902,44.6496684,0.129543955799827,4.303410463035106,1824.0247726440418,903.575897216797,897.746324539184,895.618557929993,-63.5604503,6.0,125.331497192383,3.84791588783264,36.0400581359863,-587.059997558594,59.8532497882843,31.8532407283783,-1.502974802568255,1.17498026072266,1.3679769673966,0.16179728500042284,38.8999786376953,587.003723144531,2.0,7.0,6.0,0.0,0.0,24060101.0,-151.74084863883738,16.0486120399284,23.383320522308352,-61.52255035400392
2024-06-01 19:17:49+00:00,ESP,ESP,22.909743674428604,21.759908989923098,0.0,19.614618288608376,17.23268919481888,14.032121289377738,6.44499083337295,-10.434500485596,7.002104177648323,2.188178099443466,0.34568110325793094,-0.6944755027890844,5.624342750822272,-21.58179712240832,-8.877621872786658,-12.92264107003596,48.3139194488525,68.35117126464846,1.0,311.801987837774,0.107524006068706,771.140625,8022.08203125,167.506974299978,68.2911323547363,167.6726883496205,-0.4223929228397497,44.6495003,0.398783742981515,4.313235450536012,1824.0149736404442,1105.64076900482,1105.79323768616,1108.63649845123,-63.5603991,6.0,121.286102294922,3.84791588783264,36.0400581359863,-588.059997558594,59.8532497882843,31.8532407283783,-1.64047254033699,0.757987286774746,-0.757987286774746,-0.5037915301846256,39.8999633789062,588.003479003906,2.0,7.0,6.0,0.0,0.0,24060101.0,-152.407117199918,16.0150655658199,24.119363307952902,-60.34793060302733
2024-06-01 19:17:50+00:00,ESP,ESP,22.93058326460524,21.87050136390718,0.0,20.21464255247646,17.907395088581282,16.77660604506692,6.44499083337295,-10.4249540155704,7.003186079612855,2.6582277053876058,1.83872950652804,-0.7802373323593212,5.703227849886604,-18.62660137233368,-6.153977176849629,-15.036540563434741,47.2001770019531,67.54488464355468,1.0,310.424803135046,0.108829705417156,789.994140625,8040.935546875,165.579276350147,67.498592376709,163.207260934428,-2.4685586028442743,44.6493354,-0.913995530885302,4.303410463035106,1823.9464282989502,1033.90419483185,1047.14667797089,1114.96341228485,-63.5603458,6.0,118.036697387695,3.84791588783264,36.0400581359863,-589.059997558594,59.8338901996612,31.8551748991013,-2.8489521575350647,0.655988976969478,-0.165997209008714,-5.7849029958495235,40.8999481201172,589.003234863281,2.0,7.0,6.0,0.0,0.0,24060101.0,-152.396401999148,15.8561936581781,24.8770062446594,-60.29252982506385
2024-06-01 19:17:51+00:00,ESP,ESP,23.06616422717724,23.03112364918784,0.0,22.4766618697256,21.630936576882483,20.394378297466417,6.4439599016951,-10.42701032939745,7.002104006893596,2.770418941279036,0.07565178889686902,-0.8703004415428621,5.81274515209534,-17.273550801528458,-2.6717860150882196,-15.30070427675526,46.6493293762207,66.54965652465819,1.0,308.979699031211,0.11031090170145,808.630859375,8059.572265625,159.777577065354,66.4066886901856,158.7778422765395,-2.88035168974404,44.6491758,-0.861575643274452,4.391835164278747,1823.9953517913818,836.074113845825,831.993579864502,1049.57890510559,-63.5602759,6.0,113.238403320312,3.84791588783264,36.0400581359863,-589.950012207031,59.8338901996612,31.8551748991013,-1.482975154904813,2.00796633295703,-0.520991301880382,-3.2835447787381304,41.8999328613281,590.002990722656,2.0,7.0,6.0,0.0,0.0,24060101.0,-152.4671846155548,15.4558250445049,24.29880867004395,-59.24435234069823
2024-06-01 19:17:52+00:00,ESP,ESP,23.3145184431354,22.152124748293524,0.0,20.792980282710822,19.174942960790098,17.67771836641806,5.80446721895338,-10.43303156803765,6.976494810242184,1.670149936396274,-0.763861276141384,-0.9501476367848148,5.874552216913702,-19.19498239430548,-5.636800162094728,-15.6399935822662,46.149743270874,66.05611770629882,1.0,307.572297571595,0.112140007317066,826.990234375,8077.931640625,160.825601291601,65.8294807434082,160.3908119396055,-1.56217379166856,44.6490208,-0.97432520444185,4.39183507114649,1823.966002464294,1199.60844516754,1163.09440135956,1257.91418552399,-63.5601966,6.0,106.603698730469,3.84791588783264,36.0400581359863,-590.950012207031,59.8300218582153,31.857106089592,-1.94996724801134,-2.02996615883023,1.46597534766918,2.471958542947062,42.8999176025391,591.002746582031,2.0,7.0,6.0,0.0,0.0,24060101.0,-151.9387793247572,14.1716956928028,24.04727754592895,-58.337745666503906
2024-06-01 19:17:53+00:00,ESP,ESP,23.32496590048986,22.17690125950776,0.0,20.82184773572842,19.0770772782865,17.627114177876344,-0.84270922004385,-10.42216388329445,1.9289434294901047,2.98470071587387,-0.810091758384159,-0.9181550734011579,5.843648684504522,-20.917670167141843,-5.697851722613521,-14.36065390071956,47.2946559906006,67.29285003662108,1.0,306.222980040681,0.113975201547146,845.490234375,8096.431640625,162.653359913497,67.3246238708496,162.53077167827348,0.3519941057015114,44.6488631,-0.620535919587175,3.9005869999527945,1823.965978622436,1037.5030040741,1050.9524345398,1091.30573272705,-63.5601235,6.0,100.999801635742,3.84791588783264,36.0400581359863,-591.950012207031,59.845507144928,31.8609744310379,-2.62595608608767,-0.364993890022963,0.0929984350061854,1.9927665580441296,43.89990234375,592.002502441406,2.0,7.0,6.0,0.0,0.0,24060101.0,-152.7108721047626,13.3949332832167,24.571957969665498,-59.95179836566631
2024-06-01 19:17:54+00:00,ESP,ESP,23.29362386993594,22.18103079187994,0.0,20.82802359277596,19.091341445349137,17.730171487168064,-9.430306863913696,-10.43126895234495,-0.6482150264108995,2.5110441297177304,-1.469407250922845,-0.8114233357793648,5.709733690448404,-22.193664251278257,-5.563452468145254,-14.732573239707099,46.7553337097168,67.63671798706055,1.0,304.936691495427,0.115347205102444,864.28515625,8115.2265625,164.864360449721,67.4986610412598,165.591727785004,1.4657753938812261,44.6487015,-0.124433853722747,3.871112177148464,1823.966026306152,1116.98949337006,1095.24655342102,1015.6831741333,-63.560056,6.0,96.5989379882812,3.84791588783264,36.0400581359863,-593.059997558594,59.8435699939728,31.8648397922516,-1.346977444071685,0.135997710833122,0.502991565622429,3.4879414553349606,44.8998870849609,593.002258300781,2.0,7.0,6.0,0.0,0.0,24060101.0,-152.2779118774268,12.9684912761606,25.58676767349245,-59.84176712036132
2024-06-01 19:17:55+00:00,ESP,ESP,23.308249695515162,22.160384154547376,0.0,20.848628565954602,19.05872797508126,17.62505282678484,-10.90498611374125,-10.4334725421259,-0.4061895049891695,2.1434459525972622,-1.431581343134195,-0.8030892243314799,5.727625029469796,-22.6975775082405,-5.683196271088789,-15.10145809640114,45.4723262786865,67.17719284057617,1.0,303.661112686792,0.116669909656048,883.03125,8133.97265625,168.36872560718,67.0172264099121,169.0161592386055,2.3117611944081458,44.648538,0.0268335304049924,863.9811813831323,1823.9268064498897,1280.1262140274,1324.07534122467,1226.86839103699,-63.5600008,6.0,92.2674407958984,3.84791588783264,36.0400581359863,-594.059997558594,59.8377645015716,31.8667709827423,-2.056465425180025,-0.890984997097499,0.993983342646792,3.249545356365936,45.8998718261719,594.002014160156,2.0,7.0,6.0,0.0,0.0,24060101.0,-152.7226855999508,13.1456049115282,26.27111892700195,-59.63736599513461
2024-06-01 19:17:56+00:00,ESP,ESP,23.278999751904017,22.189296686813464,0.0,20.8424564655111,19.081150803107477,17.679652334481524,-10.9042501608582,-10.4290662163376,0.28490017531127754,2.821644292837072,-0.666671072666261,-0.8888509151634996,5.8040703849626,-22.57360206159668,-5.599347332045153,-16.11682684671664,44.4490665435791,66.17798080444337,1.0,302.60909963007,0.117669005692005,901.552734375,8152.494140625,171.157833354755,66.2029815673828,171.344625368176,1.5519739820323715,44.6483745,-0.228590103099342,1402.2303581237798,1824.0051746368401,1099.82204437256,1225.39436817169,1122.08199501038,-63.5599585,6.0,89.2402572631836,3.84791588783264,36.0400581359863,-595.059997558594,59.8435699939728,31.8648397922516,-2.3174613074356403,0.349994127594954,-4.56892313725168,2.044765620624742,46.8998565673828,595.001770019531,2.0,7.0,6.0,0.0,0.0,24060101.0,-152.7392556388774,13.6927884414109,26.6359851837158,-58.990106964111334
2024-06-01 19:17:57+00:00,ESP,ESP,23.279002142470222,22.19135530582934,0.0,20.7991622869286,19.101530721553,17.64727143215486,-10.90248284941045,-10.4277445747332,0.1622642918478052,3.1546112337427736,-1.190446023478969,-0.9662783878259269,5.8962384090379505,-21.4234897299014,-5.631730454183286,-16.59157212233776,41.9626441955566,64.30482559204103,1.0,302.146996351584,0.118035610020161,919.69921875,8170.640625,172.784975660348,64.1787231445312,172.8541108351275,-0.39479337037757956,44.6482133,-0.154499479335283,1762.27159500122,1823.9856243133559,1037.92989253998,1073.66359233856,1119.48788166046,-63.5599262,6.0,87.3855285644531,3.84791588783264,36.0400581359863,-596.059997558594,59.8513126373291,31.8629056215286,-1.841468999354595,1.06898212810641,-1.7389708584403,1.3009781690684057,47.8998413085938,596.001525878906,2.0,7.0,6.0,0.0,0.0,24060101.0,-153.555149055992,14.4465467738723,26.8841534614563,-58.09528583179822
2024-06-01 19:17:58+00:00,ESP,ESP,23.08117937353918,21.79516096226738,0.0,20.42710480736508,18.66041798042388,17.2998115128493,-10.6748390476763,-10.44331185651215,1.3352410553156602,1.7109138714007461,-5.39220532494446,-0.02505036644837374,4.937688977899446,-21.65618300511162,-5.781368116821948,-15.94395817391818,39.4401489257812,62.61163604736328,1.0,301.678500016034,0.118418414890766,937.294921875,8188.236328125,176.189838621978,62.5420280456543,180.781467442465,-2.244762417424294,44.6480561,0.87076705018488,1825.4569292068481,1823.936581611634,1070.83702087402,1019.99163627625,1163.1110906601,-63.5599023,6.0,85.5605010986328,3.84791588783264,36.0400581359863,-597.059997558594,59.8338901996612,31.8706393241882,-2.2184628380581852,-0.151997468984517,1.21997946796541,11.550606073810041,48.8998260498047,597.001281738281,2.0,7.0,6.0,0.0,0.0,24060101.0,-154.4262358657518,15.1263298887543,27.2731870651245,-57.11486263275145
2024-06-01 19:17:59+00:00,ESP,ESP,3.540005639500437,1.1712404653478068,0.0,0.8863020913364889,2.0131345663472464,0.500982486822409,-10.50005664124975,-10.45990878930845,1.959602318397036,1.035962208222049,-6.33311062722085,1.2207797526927244,3.7598333569465963,-8.744793348384082,-3.039023270071903,-13.812755591540261,36.1351661682129,60.68281036376952,1.0,301.215385869551,0.118708308041096,954.484375,8205.42578125,194.038325036515,60.6998405456543,199.5651570185385,-1.4019764858183303,44.6479035,0.98983069435313,1823.3445167541522,1823.701500892636,899.899840354919,850.748419761658,941.047251224518,-63.5599186,6.0,84.9511108398438,3.84791588783264,36.0400581359863,-598.059997558594,59.7467720508576,34.5595479011536,-1.392476695866875,2.1569639214931,3.66293867121087,19.75006845305782,49.8998107910156,598.001037597656,2.0,7.0,6.0,0.0,0.0,24060101.0,-159.3139820735534,15.7401897253146,27.512993717193602,-56.60134741839239
2024-06-01 19:18:00+00:00,ESP,ESP,-21.47929203391096,-20.69625558330804,0.0,-19.442952582877524,-17.586462940993158,-17.063568588327477,-10.50197037487785,-10.4603493365099,1.0163875904240527,1.417268542990219,-5.706365211904485,2.402624268153884,2.538876083368474,14.653404858546944,4.415723402894816,0.813173849230618,29.568074798584,57.10991432189942,1.0,300.84021723882,0.118477302789688,970.8828125,8221.82421875,212.086457880492,57.0925861358642,217.579364312908,-0.2347960611707361,44.6477687,1.80196953513674,1822.95150756836,1823.4174013137822,1015.38062095642,925.17215013504,889.012694358826,-63.5599975,6.0,87.6748809814453,3.84791588783264,36.0400581359863,-599.059997558594,59.5163881778717,51.383113861084,-0.8989849095237294,0.101998289794948,-1.44797566477208,17.19551110912866,50.8997955322266,599.000793457031,2.0,7.0,6.0,0.0,0.0,24060101.0,-32.98129507922881,16.2648233856525,27.508735656738303,-55.76655006408693
2024-06-01 19:18:01+00:00,ESP,ESP,-23.966525569229162,-22.66217219814936,0.0,-20.9413589707307,-19.402494811102578,-17.791028472672885,-10.447931625712,-10.47885402651875,1.631370939741976,1.8956148010635139,-3.5476975851002948,3.6242584988561206,1.3618339699622828,19.91759865000096,6.175496925801542,6.30450921007143,26.0286764144897,53.57737998962402,1.0,300.568894804231,0.118488299846649,986.232421875,8237.173828125,227.661392886385,53.465796661377,231.517608408748,-1.478975225372122,44.6476623,1.13969272870603,1822.9514598846442,1515.0393009185777,1057.19566345215,958.923876285553,1012.1511220932,-63.5601194,6.0,95.0279235839844,3.84791588783264,36.0400581359863,-599.950012207031,59.5202624797821,51.4043807983398,-0.7354876564729464,-0.679988554165611,-1.38997668654809,12.957382656494499,51.8997802734375,600.000549316406,2.0,7.0,6.0,0.0,0.0,24060101.0,176.5193788569772,16.7131518801302,27.4652958869934,-53.34342269897462
2024-06-01 19:18:02+00:00,ESP,ESP,-23.72522352358906,-22.51306131385042,0.0,-20.91865166532554,-19.28405181768648,-17.651461411701217,-10.44910897957015,-10.47914772465305,2.822381995956118,3.269327804013772,-0.9141101366571,4.762281779918608,0.1487375597659085,20.193015099979082,6.073761770378388,19.20218841463456,27.5737987518311,51.60912506103516,1.0,300.439612983621,0.119083307683468,1000.771484375,8251.712890625,237.963517475677,51.633857345581,239.50347924670552,-1.147380746947112,44.6475835,0.744673700617658,1822.9613065719618,770.494472980499,1002.03561782837,947.014212608337,937.012612819672,-63.5602655,6.0,106.956596374512,3.84791588783264,36.0400581359863,-600.950012207031,68.9698576927185,51.5880227088928,-1.028982779418674,-0.0169997138541403,0.144997565621885,6.058298606295623,52.8997650146484,601.000305175781,2.0,7.0,6.0,0.0,0.0,24060101.0,162.0151224487696,17.0962571906762,27.465375709533703,-48.62723183265098
2024-06-01 19:18:03+00:00,ESP,ESP,-23.7210321780049,-22.42202001485602,0.0,-20.8939246729828,-19.1738870135444,-17.80310834523896,-10.444102877795348,-10.215523767031716,3.429430042168492,4.627167831531063,-0.2343062310528095,5.95945069990068,-0.9919795785877238,22.204089852027362,5.917924174275376,27.033690317915056,29.7728633880615,51.14474121093752,1.0,300.350793203654,0.119925011694431,1015.01171875,8265.953125,240.530767018632,51.0467205047607,241.417953950303,-1.4549756481759881,44.6475185,0.622440528509404,1823.4329700469941,266.3140239194036,1003.60763072968,909.739971160889,1009.99557971954,-63.5604204,6.0,119.264099121094,3.84791588783264,36.0400581359863,-601.950012207031,68.9911544322968,51.6498804092407,-1.42847611502193,-1.26897871146255,-0.0919984526230132,1.3511772953758183,53.8997497558594,602.000061035156,2.0,7.0,6.0,0.0,0.0,24060101.0,151.82250491640258,19.6798496687671,27.920565032958997,-45.253672296860614
2024-06-01 19:18:04+00:00,ESP,ESP,-24.606578839747023,-22.62653022200348,0.0,-19.24063128060432,-16.25900150315868,-11.97885210458067,-10.44086323369465,-3.6563587444409102,3.4333977417460355,5.010999276563213,0.08405639003142301,6.21781148450233,-1.342489753654898,24.392545299839817,12.627726649788968,30.29608407119476,34.1134105682373,52.31101066589356,1.0,300.286807991509,0.120784203708172,1029.333984375,8280.275390625,241.987127274219,52.3934349060059,243.175921699259,-1.8589687871096459,44.6474563,1.01185154440237,1823.315072059632,1.704516005702316,980.151355266571,923.879325389862,988.661706447601,-63.560579,6.0,130.744094848633,3.84791588783264,36.0400581359863,-602.950012207031,69.0376162528992,51.7020761966705,-1.58247350875215,0.0959983821557019,-0.7289877443019,1.650172224045432,54.8997344970703,602.999816894531,2.0,7.0,6.0,0.0,0.0,24060101.0,144.6374382416456,21.0331372471366,28.319538688659698,-43.016612243652354
2024-06-01 19:18:05+00:00,ESP,ESP,-24.764917309614578,-20.6250870612133,0.0,-15.3302509920858,-9.745312541736386,-3.424547396062944,-10.40140096199125,5.38013680756787,3.733495251044696,5.003784974629752,1.050702620896752,5.997895358795106,-1.469356568784768,24.306716459710497,21.34036974279694,30.357044875574978,37.4186302185059,54.314680709838875,1.0,300.350875165924,0.120267006754875,1044.076171875,8295.017578125,242.343253337543,54.3869384765625,242.583949203894,-1.70037147441683,44.6473945,0.808836871206728,1823.482108116148,1.6947201453149323,935.564160346985,936.124384403229,963.32573890686,-63.5607439,6.0,144.792297363281,3.84791588783264,36.0400581359863,-604.059997558594,69.1150546073914,51.7774641513824,-2.48895828614967,0.205996544356241,0.529991143328931,-1.2779785208945913,55.8997192382812,603.999572753906,2.0,7.0,6.0,0.0,0.0,24060101.0,141.259008112104,21.8225414831027,28.71901960372925,-41.775063133239755
2024-06-01 19:18:06+00:00,ESP,ESP,-24.79027746049342,-18.355434666057164,0.0,-10.59462539144102,-2.0870556973662255,6.916761305478478,-10.3963948602165,6.28688476069185,3.899414590560788,5.000177780974336,1.569750200349735,6.019941160379157,-1.463121715978286,23.55256317156032,31.707039961255,28.9403775813308,40.9424468994141,57.58687133789063,1.0,300.373797280779,0.11977169662714,1059.611328125,8310.552734375,241.184170235392,57.6178596496582,241.0919626815965,-0.9081847794654252,44.6473281,0.475679133235429,1823.4231710433937,1.694720168597998,703.294992446899,802.734613418579,769.444942474365,-63.5609165,6.0,157.547897338867,3.84791588783264,36.0400581359863,-605.059997558594,69.1305458545685,46.4537709951401,-3.14694722788549,-0.900984767568368,1.52097448546535,-1.492174918124801,56.8997039794922,604.999328613281,2.0,7.0,6.0,0.0,0.0,24060101.0,138.3687097459374,21.8475587584851,29.220884513854998,-42.59129291333651
2024-06-01 19:18:07+00:00,ESP,ESP,-24.80084649521508,-18.31514030655812,0.0,-10.592656077148579,-2.117895751704812,6.571418659438263,-10.37357135621805,6.287619006027625,3.6317796043493624,5.000177780974336,0.5999512168625291,6.065644432059288,-1.462850578812578,20.86629860684686,31.372265069276,27.901386621770836,44.0472141265869,59.89663696289061,1.0,300.337296749854,0.119296798110008,1075.994140625,8326.935546875,238.803084328455,60.0299835205078,239.01798940050048,0.08659854508584078,44.6472553,0.17248056597515,1823.3740329742418,1.195116562303156,507.424831390381,569.382786750794,610.797584056854,-63.5610958,6.0,171.395492553711,3.84791588783264,36.0400581359863,-606.059997558594,69.14022564888,35.5299532413483,-2.71695437623463,1.10598136956208,1.86396886978023,-1.5599738504358998,57.8996887207031,605.999084472656,2.0,7.0,6.0,0.0,0.0,24060101.0,135.5841809571826,21.1564716805268,29.2303018569946,-42.75273407527379
2024-06-01 19:18:08+00:00,ESP,ESP,-24.79239345309824,-17.925184999293517,0.0,-9.626822932279168,-0.5785292423353929,9.116484943251503,-10.3586998999608,6.28717845882616,3.827636474082582,5.001981207047313,0.54321428284037,6.07720427109744,-1.462579441646872,21.15086990087896,33.908877115689336,28.070712816956238,47.5091537475586,60.75839630126954,1.0,300.025512274621,0.118809802830219,1092.8046875,8343.74609375,239.332068819295,60.9818321228027,239.832981232645,1.1017815396022888,44.6471773,0.322022101705371,1823.4231710433937,1.978799770586194,428.662598133087,521.924138069153,509.12219285965,-63.5612774,6.0,187.156005859375,3.84791588783264,36.0400581359863,-607.059997558594,69.1692650318146,27.6700615882874,-1.5529739217268599,1.13498096539578,0.441992560207647,0.956183944529859,58.8996734619141,606.998840332031,2.0,7.0,6.0,0.0,0.0,24060101.0,131.130034282423,19.8653780971922,28.9793526649475,-38.649550323486324
2024-06-01 19:18:09+00:00,ESP,ESP,-24.86428290165996,-19.7478797189383,0.0,-13.636561641144405,-7.122199735334114,-1.9521004281469216,-10.373276377423299,6.28688476069185,2.669087492724514,4.999817061608793,1.000793841662088,6.07774197773985,-1.4669168038689,18.430654856367617,22.91218307649068,27.58680074445,48.8620616912842,60.16040771484374,1.0,299.713181384255,0.118230606615543,1109.59765625,8360.5390625,239.625739632848,60.2034439086914,239.8324757986465,2.881751579703116,44.647101,0.300054505787318,1823.4035253524744,1.871045446023346,768.859088420868,813.43948841095,697.425603866577,-63.5614605,6.0,200.599395751953,3.84791588783264,36.0400581359863,-608.059997558594,69.1750705242157,34.4996243715286,-1.135980947778948,-0.457992305018828,0.609989733982705,-0.4303927805711056,59.899658203125,607.998596191406,2.0,7.0,6.0,0.0,0.0,24060101.0,127.500761357499,18.2928090030668,27.5884912490845,-33.28321127210346
2024-06-01 19:18:10+00:00,ESP,ESP,-24.851596849805055,-21.39262103145702,0.0,-16.89186480429196,-12.282309469309434,-6.717550983617512,-10.370332139004201,6.28717845882616,1.998918210608784,5.0008993050827835,1.0570062718508655,6.0780109164384175,-1.4614950850831079,19.27254397346342,18.1340463784517,26.909073516508197,48.362963104248,60.0249229431152,1.0,299.407708003815,0.117584006488323,1126.294921875,8377.236328125,239.086182009174,60.0897079467773,240.101475968918,1.6943716014621386,44.6470239,1.06700425473316,1823.3641862869258,1.8220662139356123,885.287284851074,889.240384101868,775.7488489151,-63.5616415,6.0,216.294494628906,3.84791588783264,36.0400581359863,-609.059997558594,69.1653907299042,34.5015555620194,-1.710971298350625,-0.735987620984106,-2.92895074818884,0.459392273018152,60.8996429443359,608.998352050781,2.0,7.0,6.0,0.0,0.0,24060101.0,128.9632496588092,16.7453613447087,26.944946479797352,-37.2986947631836
2024-06-01 19:18:11+00:00,ESP,ESP,-24.86428256015052,-20.876171645292118,0.0,-16.003769457461058,-10.940766401217832,-6.1767134251814,-10.37165719570315,6.28688476069185,3.071621703251454,5.000177780974336,1.126878920297115,6.076935503153599,-1.462308368514186,20.06865818727012,18.68756934841252,26.031454313826238,47.0453075408936,59.54489593505856,1.0,299.073684432645,0.116948403418064,1142.91796875,8393.859375,240.083662835563,59.586417388916,240.01448667964848,1.323577813616778,44.6469483,0.0208138092140571,1823.3445644378662,1.782882818952204,798.553943634033,856.671571731567,784.10804271698,-63.5618226,6.0,229.67170715332,3.84791588783264,36.0400581359863,-610.059997558594,69.1750705242157,34.4976902008057,-1.67197193204606,0.546990843842858,1.80796964287918,-0.190396803170499,61.8996276855469,609.998107910156,2.0,7.0,6.0,0.0,0.0,24060101.0,129.95314077899238,15.7523047733549,26.7749313354492,-38.97730865478516
2024-06-01 19:18:12+00:00,ESP,ESP,-24.89178192627736,-22.0618194021822,0.0,-18.433857190559962,-14.56309029168026,-11.273910073268327,-10.374160460034,6.28717845882616,2.780902641324772,5.000177780974336,1.2566413087482502,6.077473380550737,-1.462579441646872,17.9313191921871,13.617872023763777,26.292590204287677,46.0614715576172,58.7702911376953,1.0,298.862303738212,0.116487801074982,1159.361328125,8410.302734375,239.373186558098,58.7796363830566,239.462484451307,2.227562635056368,44.6468736,0.29544007267274,1823.383855819704,1.7534952610731138,894.100368022919,955.010294914246,775.776445865631,-63.5620017,6.0,245.282196044922,3.84791588783264,36.0400581359863,-610.950012207031,69.1808819770813,34.4996243715286,-1.273478578825975,0.00999983216935506,1.30397820159529,-0.6301894628331383,62.8996124267578,610.997863769531,2.0,7.0,6.0,0.0,0.0,24060101.0,130.764736641081,14.9266663838419,26.28809280395505,-39.42858650207521
2024-06-01 19:18:13+00:00,ESP,ESP,-24.891779877220596,-22.46283449326038,0.0,-19.257798961083143,-15.967546061462082,-12.38332523505826,-10.3799033684655,6.286737911624694,2.1651978852922737,4.999817061608793,1.07802108306013,6.077742319249308,-1.4614950850831079,16.817065353634398,12.508454898294442,25.12333899951912,45.0407558441162,57.77571464538575,1.0,298.39028302505,0.115648202598095,1175.556640625,8426.498046875,238.03780261309,57.7772369384766,238.495001815753,2.436559209271448,44.6467981,0.772178872405299,1823.4329700469982,1.7730869818478818,1026.03483200073,1053.66671085358,888.241231441498,-63.5621764,6.0,260.136108398438,3.84791588783264,36.0400581359863,-611.950012207031,69.1770076751709,34.4957560300827,-0.8324860543623531,0.207996509122585,-0.458992287402001,-1.149380743729965,63.8995971679688,611.997619628906,2.0,7.0,6.0,0.0,0.0,24060101.0,132.6340364735088,14.3244486047219,24.4240330696106,-40.737742178780664
2024-06-01 19:18:14+00:00,ESP,ESP,-24.89389791888222,-23.2020119086364,0.0,-20.83414378378172,-18.59258293215352,-15.93773177347081,-10.373424080264101,6.286591062557539,2.657906003477696,4.999817061608793,-0.251642778620715,6.076935930040422,-1.463121673289604,16.53592622966022,8.956166230788785,23.336056420154684,44.977721786499,57.03679275512697,1.0,297.306004154689,0.114260199666023,1191.48828125,8442.4296875,237.256838783391,57.2073348999023,239.194003375412,1.769170305067762,44.6467207,1.60473971200298,1823.5017538070679,1.8122703302651657,1050.18162727356,1063.04252147675,895.964622497559,-63.5623457,6.0,272.022094726562,3.84791588783264,36.0400581359863,-612.950012207031,69.1692650318146,30.2333235740662,-1.066482092107202,1.18898012080878,-0.366993828108881,1.3865767304370507,64.8995819091797,612.997375488281,2.0,7.0,6.0,0.0,0.0,24060101.0,134.27177103646721,14.0024555580009,22.21040983200075,-41.31609148979187
2024-06-01 19:18:15+00:00,ESP,ESP,-24.86005399003532,-21.83186571584812,0.0,-18.021662445848317,-13.9584563331413,-9.523187788983636,-10.377252828180701,6.286737911624694,2.244911059416108,4.999456256865888,0.34095382527970003,6.120489228924562,-1.3929110852259199,16.07054104527764,15.33686603029698,21.48191721711846,44.7004920959473,56.18066802978514,1.0,295.658890375962,0.112905107438564,1207.2109375,8458.15234375,238.871632106966,56.1875667572022,240.5249750182155,1.585573475484324,44.6466457,1.70366827866315,1823.5115766525257,1.7143118660896999,1162.43982315063,1199.21040534973,1103.78432273865,-63.5625141,6.0,286.618988037109,3.84791588783264,36.0400581359863,-614.059997558594,59.9423050880432,30.2255898714066,-1.0044831309896736,0.819986247892274,2.7399540777693,0.9783835641084533,65.8995666503906,613.997131347656,2.0,7.0,6.0,0.0,0.0,24060101.0,134.462568272818,14.0537955286709,20.4975648880005,-40.42400747026714
2024-06-01 19:18:16+00:00,ESP,ESP,-24.86639684520808,-20.730474489540363,0.0,-15.67985251720564,-10.292840996172114,-4.370228270557468,-10.375338240779,6.286591062557539,2.581077986636644,4.998734647380076,0.8200737063301625,6.397131356349211,-1.1093585139085103,14.964679118648661,20.496168265157678,21.76054317298752,45.1960544586182,55.78544792175294,1.0,292.838595984637,0.106601507216692,1222.734375,8473.67578125,238.856660332305,55.8557453155518,240.507476073562,1.835169185045808,44.6465734,1.86026925512762,1823.48210811615,1.7534952610731118,1207.55910873413,1250.63598155975,1168.22993755341,-63.562682,6.0,299.523498535156,3.84791588783264,36.0400581359863,-614.950012207031,59.9481165409088,30.2236557006836,-1.96046716975635,-2.08396520752153,-2.90195165073002,-0.28119527426566304,66.8995513916016,614.996887207031,2.0,7.0,6.0,0.0,0.0,24060101.0,132.64989344068562,14.0658166616102,20.667964553833,-37.52583137512206
2024-06-01 19:18:17+00:00,ESP,ESP,-24.872742432456484,-21.06369585499266,0.0,-16.24778001461652,-10.97901204547533,-5.999363892155342,-10.37489641291705,6.287031609759005,2.93059050585383,4.999456256865888,0.292096001382931,6.324811435115096,-1.1104427424062258,13.3724510325447,18.87337883912192,21.881061177873484,45.8075843811035,56.306782836914046,1.0,288.011810581216,0.0959598831832409,1238.2734375,8489.21484375,237.927153548536,56.3689956665039,239.38149206812898,2.412759500485902,44.6465007,1.68542815176292,1823.423147201538,1.7339035635814077,1016.41201972961,1151.96061134338,962.936043739319,-63.5628496,6.0,312.403289794922,3.84791588783264,36.0400581359863,-616.059997558594,59.9423050880432,30.2275240421295,-2.1759635867733653,1.29397827104186,2.79995302075963,-1.0583822294674212,67.8995361328125,615.996643066406,2.0,7.0,6.0,0.0,0.0,24060101.0,131.68627942427742,13.7581302998794,20.5640398979187,-36.34398512159074
2024-06-01 19:18:18+00:00,ESP,ESP,-24.85794209554398,-21.21392210918304,0.0,-16.6658681880535,-11.83569005891675,-6.926855513986789,-10.3679757237405,6.286591062557539,2.933476303466846,4.999095452122982,1.72525375751365,6.327768821648347,-1.1104427850949061,12.756006140138258,17.931086795000603,20.6592629372538,45.8489410400391,57.03586441040041,1.0,280.34538769074,0.0830216646194458,1254.013671875,8504.955078125,237.298393654302,57.1324390411377,238.36451788184849,1.8975682138217977,44.6464245,1.62722224015143,1823.4722852706902,1.7926786560565222,872.326195240021,1003.55100631714,857.487201690674,-63.5630171,6.0,325.707702636719,3.84791588783264,36.0400581359863,-617.059997558594,59.9364995956421,30.2236557006836,-2.2694618328782603,-0.640989241221896,-3.412942648531,-1.4407758262977945,68.8995208740234,616.996398925781,2.0,7.0,6.0,0.0,0.0,24060101.0,134.09535544643282,13.4787960533934,20.45586833953855,-40.53605333216048
2024-06-01 19:18:19+00:00,ESP,ESP,-24.83679070723174,-19.2535195060587,0.0,-12.444897512123902,-4.941763228428039,3.4824833964743256,-10.371362643795251,6.286444213490385,2.9991224895516218,4.999456256865888,1.676397841267375,6.32696183479791,-1.1101716052405162,14.564905414452161,28.319273987646238,19.7106527973955,44.571310043335,57.86720741271972,1.0,265.610593273515,0.0678300820291042,1269.970703125,8520.912109375,235.652099498275,57.9531623840332,235.7435557312615,0.5259911711075601,44.6463454,0.828446024148717,1823.4329700469982,1.733903540298344,813.24303150177,906.195342540741,833.982408046722,-63.5631851,6.0,315.97119140625,3.84791588783264,36.0400581359863,-618.059997558594,59.9364995956421,30.2275240421295,-1.78797004857659,0.0679988554165611,-0.551990755758719,-2.7019546618313917,69.8995056152344,617.996154785156,2.0,7.0,6.0,0.0,0.0,24060101.0,137.78995230057882,13.531814543052,21.8144351005554,-45.410469456722865
2024-06-01 19:18:20+00:00,ESP,ESP,-24.836790024212817,-18.42806382410594,0.0,-10.87937461190104,-2.590553422694838,5.55219016922282,-10.3700371602094,6.28717845882616,2.961610151478902,4.998734647380076,0.7727913215943535,6.328575637744054,-1.110984888671594,14.038867467220962,30.388980449567736,20.124186259184462,44.4261325836182,58.60765502929686,1.0,241.151494610403,0.0589088134467602,1286.142578125,8537.083984375,233.506737079974,58.705403137207,233.77409800484497,0.9499840857707046,44.6462614,0.368400340149801,1823.4722852706898,1.792678656056522,877.217471599579,888.653576374054,811.982274055481,-63.5633517,6.0,305.897186279297,3.84791588783264,36.0400581359863,-619.059997558594,59.9364995956421,30.2217245101929,-2.01746627231887,-1.08298177474912,-0.231996099658931,-1.5033747528328405,70.8994903564453,618.995910644531,2.0,7.0,6.0,0.0,0.0,24060101.0,138.5742519946686,13.5622370593889,22.7288589477539,-46.212400609796696
2024-06-01 19:18:21+00:00,ESP,ESP,-24.8325621371166,-19.83672579513344,0.0,-13.64952687698164,-7.060696955443278,-0.2571994450024356,-10.366208839179599,6.286444213490385,3.0734254708338904,4.999095452122982,0.641453480642045,6.3285754669893235,-1.107460873913664,14.70528356038778,24.575363167692764,21.18728642047674,45.321590423584,59.49558929443358,1.0,212.713701472731,0.063967090845108,1302.546875,8553.48828125,232.896883149362,59.6129425048828,233.83509159413302,0.8707854169904451,44.6461727,0.771315387083822,1823.491930961606,1.7828827956691398,763.473629951477,812.854111194611,723.594963550568,-63.5635171,6.0,296.740600585938,3.84791588783264,36.0400581359863,-620.059997558594,59.9481165409088,30.2275240421295,-2.49645815402346,0.88098522662663,0.992983253541914,0.4391926132033239,71.8994750976562,619.995666503906,2.0,7.0,6.0,0.0,0.0,24060101.0,137.98644591469719,13.2960739789436,23.390354347229,-45.127940308420285
2024-06-01 19:18:22+00:00,ESP,ESP,-24.841019277346895,-19.82857533039684,0.0,-13.566258162508001,-6.961713256349901,0.232030647142619,-10.3667975161087,6.287325307893315,3.61626969615946,4.999095452122982,1.06121001316117,6.328575808498784,-1.108545123755722,15.66275723673198,25.073050365717062,21.46704140661562,44.6617343902588,59.74916610717774,1.0,193.099597497367,0.0798832520842552,1319.140625,8570.08203125,233.711478830534,59.7571929931641,233.500589909721,0.30159492955660977,44.6460832,0.328919685632585,1823.4329938888543,1.6751284711062902,602.004170417786,727.703273296356,655.236124992371,-63.5636847,6.0,285.854705810547,3.84791588783264,36.0400581359863,-621.059997558594,59.9481165409088,30.2236557006836,-1.953967230904875,3.78593671778446,7.21287869279304,-1.0567822523182617,72.8994598388672,620.995422363281,2.0,7.0,6.0,0.0,0.0,24060101.0,138.23091204547057,13.1327496417366,24.484202098846453,-44.88760750293732
2024-06-01 19:18:23+00:00,ESP,ESP,-24.83890499228932,-20.645844006100962,0.0,-15.459068701341721,-9.884874138556688,-4.290553911118027,-10.3704794149582,6.28717845882616,3.0903780857312264,4.998734562002712,0.333598271832551,6.328575466989324,-1.109900574796514,15.215681740457478,20.548351251926018,22.0793880147653,44.0370552062988,59.437775115966794,1.0,182.311600571277,0.0981579601764679,1335.708984375,8586.650390625,232.837187296016,59.522868347168,233.2355922303025,1.0979815638575516,44.6459936,0.214023283951262,1823.462462425232,1.724107703194024,764.128267765045,792.143106460571,740.426540374756,-63.5638518,6.0,276.154388427734,3.84791588783264,36.0400581359863,-621.950012207031,59.9481165409088,30.2255898714066,-1.35847724147817,0.303994937969033,1.95596724903208,0.30559486709342665,73.8994445800781,621.995178222656,2.0,7.0,6.0,0.0,0.0,24060101.0,138.6049140798908,12.9068718707897,24.839529132843047,-45.135883222307505
2024-06-01 19:18:24+00:00,ESP,ESP,-24.868512837812958,-22.079024307191997,0.0,-18.594098892639817,-14.708100330401484,-12.100434935958239,-10.37239357547305,6.286444213490385,3.014271592998618,4.999095452122982,0.5006610904033865,6.328575296234597,-1.110713772850228,14.627846461427481,12.768077901854715,22.18429152418968,43.429833984375,58.75603912353516,1.0,176.157900657419,0.111636603623629,1352.125,8603.06640625,233.521408326311,58.7775215148926,234.3125764586305,2.390959841844068,44.6459048,0.474562824192955,1823.5705137252778,1.6653325874358402,892.582476139069,966.149687767029,834.221303462982,-63.5640175,6.0,266.471405029297,3.84791588783264,36.0400581359863,-622.950012207031,59.9364995956421,30.2294552326202,-1.57597362326153,0.244995897320596,3.33094409311088,1.248579028157161,74.8994293212891,622.994934082031,2.0,7.0,6.0,0.0,0.0,24060101.0,139.2801219925572,12.8156401802722,24.27842473983765,-45.03031417301724
2024-06-01 19:18:25+00:00,ESP,ESP,-24.8621692996213,-22.80799673692912,0.0,-20.014734526791763,-17.22682479439748,-13.89380500679784,-10.37386548123925,6.286444213490385,2.8133651217233235,4.9976520623966305,0.09508831947975699,6.32991998972744,-1.109358407186802,14.721305476633319,10.968363951314018,21.73902773559254,42.1943355560303,58.17924041748047,1.0,174.330797733684,0.0878762148320675,1368.35546875,8619.296875,233.182958792559,58.1616004943848,234.1405786349515,2.7465538334321877,44.6458179,0.642252612774937,1823.442816734314,1.743699377402664,1061.56897544861,1089.96820449829,952.999949455261,-63.5641823,6.0,255.715194702148,3.84791588783264,36.0400581359863,-624.059997558594,59.9481165409088,30.2236557006836,-1.7189712641377102,-1.01398299031024,-0.447992481187107,-0.27059545166589,75.8994140625,623.994689941406,2.0,7.0,6.0,0.0,0.0,24060101.0,141.3977756994332,13.0908592377833,23.99651041030885,-46.89318651052622
2024-06-01 19:18:26+00:00,ESP,ESP,-24.853708744296398,-23.606254264097423,0.0,-21.8186854998067,-19.881217647386883,-18.2351611819435,-10.37283454956135,6.28600366628892,2.618590025888586,4.998734647380076,-0.32624365220032847,6.33018875767128,-1.110442699717542,15.8820985166432,6.618547220843444,22.42723110768332,42.5696594238281,58.09975570678709,1.0,175.493896987067,0.0426797088235617,1384.51171875,8635.453125,233.670525016271,58.077424621582,235.884052722489,2.5001580888411965,44.6457308,1.77276097820312,1823.56069087982,1.7241077264770859,1039.77811336517,1128.67879867554,937.234461307526,-63.5643456,6.0,246.672500610352,3.84791588783264,36.0400581359863,-624.950012207031,59.9403738975525,30.2275240421295,-1.566473683899685,0.069998826853012,-0.687988413230988,1.9783668544151323,76.8993988037109,624.994445800781,2.0,7.0,6.0,0.0,0.0,24060101.0,142.1854057937626,13.5604851158668,23.6967879295349,-47.374673489161914
2024-06-01 19:18:27+00:00,ESP,ESP,-24.83679070723174,-22.63072634872008,0.0,-19.61952373047028,-16.596058532094098,-12.84906610154186,-10.35457617324945,6.287472156960471,2.167001588841686,4.999095452122982,-1.360134202682131,6.33207115780654,-1.1093584712198261,18.62253092109782,11.987724264180454,23.0116244836358,42.906356048584,58.55627197265626,1.0,310.573919825006,0.00532350218854845,1400.6640625,8651.60546875,235.026208283492,58.4835136413574,238.143506620686,1.4133762956586653,44.6456458,2.24921885972563,1823.521399497984,1.7632911214604978,1154.73318099976,1150.62522888184,1105.84378242493,-63.564511,6.0,236.144393920898,3.84791588783264,36.0400581359863,-626.059997558594,59.9364995956421,30.2217245101929,-2.553457256585985,0.0969983712089807,3.8449354649482,2.8143528097659916,77.8993835449219,625.994201660156,2.0,7.0,6.0,0.0,0.0,24060101.0,142.2896426767236,14.3389098227421,24.141296482086197,-47.21389389038085
2024-06-01 19:18:28+00:00,ESP,ESP,-19.433413711437403,-16.89503230451954,0.0,-13.640117949890499,-10.23770890447486,-6.466935548157283,-10.3327840278157,6.286737911624694,3.2083252074135897,4.998373757259806,-0.429737519969778,6.33072646431369,-1.1069185995822477,18.12128826810106,12.96647824865748,23.457017704317757,45.0463554382324,59.87803024291992,1.0,346.122103813201,0.0493715722113848,1417.11328125,8668.0546875,239.781304021385,60.0069808959961,241.989954972535,-0.13059781263409914,44.6455654,1.73462333631188,1823.688387870786,1.753495261073112,871.174335479736,990.903198719025,949.222981929779,-63.564685,6.0,227.831604003906,3.84791588783264,36.0400581359863,-627.059997558594,59.9539220333099,30.2197903394699,-2.67395513375823,0.454992357869312,-4.02693183179872,3.3241442342496503,78.8993682861328,626.993957519531,2.0,7.0,6.0,0.0,0.0,24060101.0,139.49283593991663,15.1583566457725,25.0597243309021,-45.652538452148434
2024-06-01 19:18:29+00:00,ESP,ESP,-18.03573468459532,-14.375899395211182,0.0,-10.443970030616029,-6.1596204925853035,-1.5394930839805168,-10.3248324069613,6.287031609759005,3.418609571107994,4.999456171488523,0.0809045562167332,6.220768871035586,-1.2435444743756,23.43507264802398,16.496241635299338,24.40223904581934,45.8124458312988,61.66723205566406,1.0,348.375000729794,0.0975785963237286,1433.919921875,8684.861328125,241.635864305583,61.5933929443359,242.781929067176,-1.895368231234476,44.6454915,1.14396287759775,1823.5901594161958,1.6947201453149319,779.997289180756,865.332067012787,921.424567699432,-63.56487,7.0,218.498794555664,3.84791588783264,36.0400581359863,-628.059997558594,59.9810242652893,43.6102151870728,-2.897451303118915,-0.384993537686406,0.0409993110605924,0.3883934857933189,79.8993530273438,627.993713378906,2.0,7.0,6.0,0.0,0.0,24060101.0,138.413073190635,16.0536253987792,27.1600965499878,-45.19557380676269
2024-06-01 19:18:30+00:00,ESP,ESP,-17.76749232381194,-13.716376499709478,0.0,-9.504688904635582,-4.891371501458202,-0.04916612022640894,-10.26961459639,6.28717845882616,3.7984201691531227,4.998012867139535,-1.41424576273175,5.91240282010507,-1.311857401100106,29.156639470454685,17.71832589009052,25.61497157635366,48.2051410675049,64.75126464843751,1.0,348.925104165547,0.148005916178226,1451.455078125,8702.396484375,242.576053505214,64.7410720825195,244.008412476057,-1.797769843915166,44.6454175,0.696060256086915,1823.541045188902,1.773086935281754,718.325734138489,766.550660133362,891.397953033447,-63.5650651,7.0,203.295501708984,3.84791588783264,36.0400581359863,-629.059997558594,60.0274920463562,66.9018566608429,-3.13594731494889,-0.423992850630121,-0.253995712088719,1.7959698969697975,80.8993377685547,628.993469238281,2.0,7.0,6.0,0.0,0.0,24060101.0,137.00415542902263,16.7144649839981,29.67974052429195,-46.129088401794455
2024-06-01 19:18:31+00:00,ESP,ESP,-17.763462170692183,-13.722282735039522,0.0,-9.5554863875308,-4.9435725028504915,-0.1762820424938744,-10.147547163090799,6.28659106255754,3.824750932601662,4.998373757259806,-2.92988445639272,5.577689570583325,-0.9697506318843805,31.008263114819563,17.58717976934658,27.288366898478444,52.7871677398682,68.32396636962892,1.0,348.4472094897,0.173609103262424,1469.951171875,8720.892578125,246.502538013757,68.5058532714844,250.521803811986,-0.6027898821682067,44.6453444,1.66704106907384,1823.295402526856,1.743699423968792,549.846529960632,702.70162820816,730.374932289124,-63.5652742,7.0,186.972702026367,3.84791588783264,36.0400581359863,-630.059997558594,60.1146101951599,75.2218186855316,-2.774953461180325,0.611989752109903,-0.262995606898121,8.31146083304988,81.8993225097656,629.993225097656,2.0,7.0,6.0,0.0,0.0,24060101.0,134.5306843833726,17.2574120890481,30.42607440948485,-46.35538124084472
2024-06-01 19:18:32+00:00,ESP,ESP,-17.813849500727702,-13.6691397651833,0.0,-9.446087589104163,-4.8217780209860255,-0.06264781274691819,-10.165216862473649,6.28600366628892,3.2537722189337956,4.998373671882442,-2.633585620833985,5.170657595110566,-0.5631262266060022,33.25584341216334,17.75120232264146,25.0330879534117,54.961039352417,69.1519221496582,1.0,348.313283140454,0.193238206207752,1489.11328125,8740.0546875,256.05398383213,68.8939315795898,259.196649491901,0.6373893179826884,44.6452893,1.52699593754896,1822.8236913681042,1.6947201685979958,807.906925678253,832.605719566345,850.605547428131,-63.5655021,7.0,166.411499023438,3.84791588783264,36.0400581359863,-631.059997558594,100.0,75.2218186855316,-2.13646417591636,-2.43595900639813,-1.22497948660298,7.9818656150279494,82.8993072509766,630.992980957031,2.0,7.0,6.0,0.0,0.0,24060101.0,130.9459415597618,17.7264872831298,28.39893379211425,-44.87953559875487
2024-06-01 19:18:33+00:00,ESP,ESP,-17.914657287216322,-13.65733275867458,0.0,-9.512506568404849,-4.899105922296959,-0.21094883171089687,-10.16477503461175,6.28717845882616,2.5587151362090563,4.99837384263717,-2.198069920908935,5.1870571354398605,-0.5362890473191879,31.462585441803505,17.703708943757217,26.000442181409277,63.3235542297363,70.5528877258301,1.0,348.825000913071,0.209555907547474,1508.494140625,8759.435546875,262.704211177891,70.5081871032715,266.8905297428405,2.3429607301404842,44.6452562,2.58649808325251,1822.7941989898695,1.675128471106292,981.066405773163,1046.21863365173,943.15892457962,-63.565742,7.0,148.582702636719,3.84791588783264,36.0400581359863,-632.059997558594,100.0,75.2450168132782,-2.647955591795755,-0.499991618472913,2.9339506601047,7.7782694579461875,83.8992919921875,631.992736816406,2.0,7.0,6.0,0.0,0.0,24060101.0,119.0292695337054,18.1273305949503,28.0837085723877,-34.402737922668464
2024-06-01 19:18:34+00:00,ESP,ESP,-17.91468016835004,-13.6278167791953,0.0,-9.453900471741012,-4.8082468185986755,-0.1743550446917944,-10.12943563584605,6.287325307893315,2.101355381412566,4.999095452122982,-2.184936107465235,5.009888346294714,-0.40074753976177,30.613830618554022,17.740324221859815,25.25618959397042,70.0331245422363,72.68670730590819,1.0,349.694483994414,0.221189023554325,0.0,8779.3046875,270.121222880635,72.8791122436524,274.22038823177445,1.8485690343576782,44.6452444,2.56754003943749,1822.774529457094,1.694720168597998,839.302003383636,974.582612514496,863.700270652771,-63.5659917,7.0,127.713798522949,3.84791588783264,36.0400581359863,-632.950012207031,100.0,84.6320390701294,-2.736454352871605,0.958983959235766,0.719987956214204,7.260278668840366,0.100000001490116,632.992492675781,2.0,7.0,7.0,0.0,0.0,24060101.0,110.1194762746446,18.4698645818264,28.09371213912965,-21.937938079833977
2024-06-01 19:18:35+00:00,ESP,ESP,-17.666770256197438,-13.58650198943426,0.0,-9.51250417783864,-4.928106137116552,-0.04338855425445054,-10.048744207878354,6.286737911624694,2.472148336828622,5.032644487552441,-2.7896145689554652,4.846698734569098,-0.2307785464022246,29.85548086217774,17.62338216251382,24.51091042909938,74.7750778198242,73.7692904663086,1.0,350.158199197545,0.224499902129173,20.392578125,8799.697265625,277.592602889172,73.9356262207031,282.4022718385325,0.15279742287454284,44.6452563,2.71964173550792,1822.8531837463402,1.665332610718906,797.401785850525,876.262366771698,827.896356582642,-63.5662478,7.0,109.611602783203,3.84791588783264,36.0400581359863,-633.950012207031,100.0,84.6571683883667,-2.06746528475577,-3.09094832114956,-12.0607967015064,8.477857901609728,1.10000014305115,633.992248535156,2.0,7.0,7.0,0.0,0.0,24060101.0,102.51363579606918,18.7625689236128,28.31645994186405,-12.27492868760054
2024-06-01 19:18:36+00:00,ESP,ESP,-17.6164204922023,-13.631751821930859,0.0,-9.444137911605583,-4.862372567299079,-0.10309366304029585,-10.0148775686525,6.287619006027625,1.6050402616708,6.979218092041634,-2.6840198443870653,4.681089869839466,-0.1890317258318484,30.13928956558906,17.51332732441742,24.224547234938477,76.6764060974121,73.02067932128907,1.0,349.968210655591,0.213947702944279,40.861328125,8820.166015625,287.403104122384,73.1961227416992,292.39009844297755,-1.389976782597627,44.6452951,2.60183356548648,1822.9809999465956,1.5183948911726461,999.935805797577,881.253063678741,968.651056289673,-63.5664994,7.0,92.5660705566406,3.84791588783264,36.0400581359863,-634.950012207031,100.0,84.6571683883667,-0.9419842320414125,0.964983853534799,-2.02896574956023,10.503623878298537,2.10000014305115,634.992004394531,2.0,7.0,7.0,0.0,0.0,24060101.0,95.12274000463611,19.012687035924,28.44894819259645,-6.340322077274319
2024-06-01 19:18:37+00:00,ESP,ESP,-17.652667964618097,-13.67898001872054,0.0,-9.492967104736737,-4.8159779097202176,-0.08768459418915645,-10.037259244788999,6.28747215696047,0.8493862742382369,7.012406578860281,-0.4591569022981152,4.539677206376698,-0.3503262402072604,29.063181309022458,17.56498370360078,22.661196164116962,79.8921936035156,70.34162200927732,1.0,349.763605508815,0.203921404480934,60.796875,8840.1015625,297.495582885292,70.3589378356934,300.2924770485205,-1.5295743766493182,44.6453633,1.77525346364164,1823.0202674865718,1.5085990307852621,1172.03807830811,1048.52080345154,1132.404088974,-63.5667317,7.0,77.3405685424805,3.84791588783264,36.0400581359863,-635.950012207031,100.0,84.655237197876,-1.8794684899976999,-3.7589369799954,-3.73693694067878,6.528490664372638,3.09999918937683,635.991760253906,2.0,7.0,7.0,0.0,0.0,24060101.0,84.00483264729398,19.2264258531685,28.9164173126221,7.5102426624297935
2024-06-01 19:18:38+00:00,ESP,ESP,-17.694963569543923,-14.030174002445381,0.0,-10.143853396787673,-5.881207467863599,-1.8455941061110508,-10.026803932717,6.287325307893315,2.4497855290897204,7.012406749615008,-3.86238211596594,4.835138554021487,-0.6276439480460196,26.814456613483298,15.849368420895232,21.28313958774142,81.7836822509766,68.96166503906252,1.0,349.230413621447,0.191055706143379,80.076171875,8859.380859375,302.1865294865,69.1808395385742,306.36186510726395,-0.38819349865483443,44.645451,1.38637141388338,1822.990798950196,1.4988031703978761,673.924803733826,714.160144329071,787.264108657837,-63.5669423,7.0,63.7496604919434,3.84791588783264,36.0400581359863,-637.059997558594,100.0,84.6262395381928,-2.42445931571336,1.50797460776241,4.79691954750176,7.819268863722295,4.09999847412109,636.991516113281,2.0,7.0,7.0,0.0,0.0,24060101.0,75.39761540242719,19.3507318809682,29.27011528015135,20.758059046818648
2024-06-01 19:18:39+00:00,ESP,ESP,-17.74532767693632,-17.281707754944758,0.0,-16.42027336852006,-15.5207434312449,-16.17687291801224,-10.03593333431635,6.287031609759005,0.7927571891698741,7.0106027259004815,-5.57082480358064,4.879229218038576,-0.6463486985645341,26.107223651345958,1.568454772264322,21.631013075001217,81.5756629943848,66.05544067382814,1.0,348.833579630669,0.179827308654785,98.9921875,8878.296875,316.316660916882,66.230152130127,323.0305866068435,-1.7603705027845256,44.6455559,2.44070556098447,1823.138213157652,1.49880319368094,744.992256164551,687.65127658844,690.498352050781,-63.5671286,7.0,52.8946914672852,3.84791588783264,36.0400581359863,-638.059997558594,100.0,84.4464659690857,-0.9354843198703695,2.27196168211448,-2.39995985404735,18.212894082230342,5.09999752044678,637.991271972656,2.0,7.0,7.0,0.0,0.0,24060101.0,69.40083088852319,19.3458278051441,29.55182189941405,22.949725341796878
2024-06-01 19:18:40+00:00,ESP,ESP,-17.81991402569178,-17.56543961872788,0.0,-17.508674258045364,-17.527936416033164,-17.12922719681878,-10.0505115193261,6.287031609759005,0.3992403678079562,6.676553968407612,-3.335979863519885,5.32148003943813,-0.9857446083873637,25.09062273490424,0.6906866734595043,16.84303134229258,82.808081817627,60.485020751953094,1.0,355.210298881306,0.166413004696369,104.4375,8883.7421875,334.613781476863,60.6111190795898,337.8398437463995,-3.598339681191894,44.6456849,0.821813483577812,1823.118567466734,1.449823938310146,755.506575107574,633.932054042816,780.889093875885,-63.567255,99.0,49.5127792358398,3.84791588783264,36.0400581359863,-639.059997558594,100.0,84.0385854244232,-2.08796497697166,-1.76297043563643,1.14598077161067,12.90638334150933,0.0,638.291198730469,3.0,7.0,8.0,0.0,0.0,24060101.0,50.63084813607586,19.3416272388046,29.62693405151365,33.70076386928557
2024-06-01 19:18:41+00:00,ESP,ESP,-17.8421083838903,-17.4972524742058,0.0,-17.36528024208174,-17.5097537694437,-16.961580203640843,-10.06302741409335,6.286591062557539,1.9065806270872858,5.004506413360831,-2.366707184794845,5.62097410152362,-1.522759918258738,24.785071831817476,0.8805287405384057,14.8055165864577,79.6631698608398,53.11049263000486,1.0,1.0281849813071,0.167798110842705,104.4375,8883.7421875,343.847077083696,53.1790191650391,345.8471750387295,-2.6121562011338484,44.6458183,0.597441876064599,1823.1578826904301,0.00979584947344848,207.814559340477,200.533077120781,305.848568677902,-63.5673263,99.0,49.2191505432129,3.84791588783264,36.0400581359863,-640.059997558594,99.967086315155,71.9259262084961,-1.4324759911937635,0.624989523091141,-1.07398204002227,7.000882598315269,0.0,638.291198730469,3.0,7.0,8.0,0.0,0.0,24060101.0,39.820125804579405,19.3380379743957,31.81947555541995,41.26839502507989
2024-06-01 19:18:41.500000+00:00,ESP,ESP,-17.582868895451934,-17.51128851295017,0.0,-17.481067771785035,-17.5939315251776,-17.45632313478693,-10.0698008273159,6.28629736442323,1.6258400873398535,4.998974756988527,-3.6585460058009,5.86401081599904,-1.5487839564100767,24.4285295822996,0.12654537491048126,14.963427031137334,74.2127151489258,46.819718170166,1.0,5.08355526621052,0.177174711227417,104.4375,8883.7421875,350.682238631425,45.6489280700684,350.795127998027,-2.259962106959827,44.6459156,0.183100322855543,1823.3118057250967,0.0,369.600504636764,204.990521073341,330.401360988617,-63.5673606,99.0,49.5586700439453,3.84791588783264,36.0400581359863,-641.059997558594,99.9612808227539,60.2462768554688,-0.29899497269232,-0.85898556083599,-1.76497040040278,7.3395434125860675,0.0,638.291198730469,3.0,7.0,8.0,0.0,0.0,24060101.0,36.40024325696486,19.3349780496476,32.3731967926025,38.567624064854215
