DATETIME,TEAM,BOAT,ANGLE_CA1_deg,ANGLE_CA2_deg,ANGLE_CA3_deg,ANGLE_CA4_deg,ANGLE_CA5_deg,ANGLE_CA6_deg,ANGLE_DB_CANT_P_deg,ANGLE_DB_CANT_S_deg,ANGLE_DB_RAKE_P_deg,ANGLE_DB_RAKE_S_deg,ANGLE_RUDDER_deg,ANGLE_RUD_RAKE_P_deg,ANGLE_RUD_RAKE_S_deg,ANGLE_WING_ROT_deg,ANGLE_WING_TWIST_deg,AWA_SGP_deg,AWS_SGP_km_h_1,BOAT_SPEED_km_h_1,BROADCAST_MODE_unk,CURRENT_DIRECTION_deg,CURRENT_MAGNITUDE_km_h_1,DISTANCE_RACE_LEG_m,DISTANCE_RACE_m,GPS_COG_deg,GPS_SOG_km_h_1,HEADING_deg,HEEL_deg,LATITUDE_GPS_unk,LEEWAY_deg,LENGTH_DB_H_P_mm,LENGTH_DB_H_S_mm,LENGTH_RH_BOW_mm,LENGTH_RH_P_mm,LENGTH_RH_S_mm,LONGITUDE_GPS_unk,PC_BEACON_NUMBER_unk,PC_DTB_m,PC_DTL_m,PC_DTO_m,PC_TTS_s,PER_JIB_LEAD_pct,PER_JIB_SHEET_pct,PITCH_deg,RATE_PITCH_deg_s_1,RATE_ROLL_deg_s_1,RATE_YAW_deg_s_1,TIME_RACE_LEG_s,TIME_RACE_s,TRK_BOAT_RACE_STATUS_unk,TRK_LEG_NUM_TOT_unk,TRK_LEG_NUM_unk,TRK_PENALTY_COUNT_unk,TRK_PENALTY_DISTANCE_m,TRK_RACE_NUM_unk,TRK_RACE_RANK_unk,TWA_SGP_deg,TWD_SGP_deg,TWS_SGP_km_h_1,VMG_km_h_1
2026-05-09 18:06:00+00:00,CAN,CAN,-0.2399999981408718,0.149999998838045,0.0,-0.0499999996126817,-0.07999999938029068,0.1499999988380449,-4.316893425746445,-2.660798161704375,1.8795588619381518,0.4876111001894712,-7.633483876316539,3.3886312731992563,3.3972867877362694,6.39914224941823,0.3799999970563806,7.963702605232324,31.98993015289305,0.6389553594589232,1.0,110.999999673762,0.0,0.0,0.0,359.523699945953,0.59703859090805,74.95079535522765,-0.8441999835353989,32.2777503,0.9999997788102221,1899.809718132018,1916.284871101378,168.2851254940032,-92.2654449939727,-9.82099417597057,-64.8471002,-2.0,150.560989379883,-15.5651655197144,99.9828338623047,360.872985839844,68.7653958797455,51.4733552932739,0.1985999991019017,-0.991588187403939,-0.761846076851539,-0.6517999792628274,0.0,0.0,1.0,7.0,0.0,0.0,0.0,26050904.0,1.0,8.072610825321826,92.136239790048,31.34724025726315,0.6305184817314148
2026-05-09 18:06:01+00:00,CAN,CAN,-0.249999998063408,0.149999998838045,0.0,-0.0499999996126817,-0.04999999961268168,0.05999999953521813,-4.315571784142049,-2.6603598556587302,1.86622616192356,0.4847349182021494,-6.558072085601915,3.388631401265304,3.39756033681253,7.551943455835004,0.31000000293471136,8.33494430407685,32.1046977996826,0.7952561330795286,1.0,110.999999673762,0.0,0.0,0.0,6.83070442240826,0.828221243619919,74.44120040540432,-0.567400004035726,32.2777563,0.9999997788102221,1899.691891670224,1916.3847446441657,57.7681069262325,-64.54704003408553,-57.67142772674557,-64.8470997,-2.0,149.963165283203,-15.5651655197144,99.9828338623047,359.872985839844,52.9706120491028,51.465517282486,0.1083999966523336,1.18693778752524,0.836994486142664,-0.37139999915071176,0.0,0.0,1.0,7.0,0.0,0.0,0.0,26050904.0,1.0,8.664078740461894,91.8521039205755,31.34399585723875,0.783492683172226
2026-05-09 18:06:02+00:00,CAN,CAN,-0.249999998063408,0.149999998838045,0.0,-0.0499999996126817,-0.11999999907043608,0.1699999986831177,-4.316746576679289,-2.65962934558266,1.869108629819354,0.48114032838018944,-6.00224110934321,3.3889023463319417,3.3972867877362694,7.175433034442094,0.39000000765108733,8.8140073691592,32.23687534332275,0.8534967827796937,1.0,110.999999673762,0.0,0.0,0.0,4.27648175774842,0.832438910007477,73.94059944868006,-0.6887999997869445,32.2777619,0.9999997788102221,1899.782538414,1916.3030624389642,136.08254641294482,-47.38540579564871,-0.6999522447586031,-64.8470988,-2.0,149.446441650391,-15.5651655197144,99.9828338623047,358.872985839844,37.3077303171158,51.4792323112488,-0.07600000047849303,-1.1010974641404,-0.78444898708411,-0.6347999692559536,0.0,0.0,1.0,7.0,0.0,0.0,0.0,26050904.0,1.0,9.130517823033404,91.58066537277006,31.436327362060553,0.8390959060192106
2026-05-09 18:06:03+00:00,CAN,CAN,-0.249999998063408,0.149999998838045,0.0,-0.0499999996126817,-0.0499999996126817,0.1099999991478996,-4.3163060294778255,-2.6603598556587302,1.872712408380178,0.4822187298727698,-6.6699734226517595,3.3875477490648,3.3972867877362694,8.331286481644216,0.3499999972887717,9.055750815774399,32.562165069580104,1.127799410820008,1.0,110.999999673762,0.0,0.0,0.0,7.38896096959597,1.14996203184128,72.98720066319466,-1.2595999439254562,32.2777683,0.9999997788102221,1899.791598320006,1916.3393259048457,67.67138019204143,-101.05459243059136,-51.13069452345372,-64.8470978,-2.0,148.538803100586,-15.5651655197144,99.9828338623047,357.872985839844,23.0278342962265,51.4792323112488,0.2305999969863881,1.08337130897522,-0.617064155776399,-1.28879992043393,0.0,0.0,1.0,7.0,0.0,0.0,0.0,26050904.0,1.0,9.307615236701725,91.3129390327785,31.49632472991945,1.10867066860199
2026-05-09 18:06:04+00:00,CAN,CAN,-0.249999998063408,0.149999998838045,0.0,-0.0499999996126817,-0.05999999953521802,0.06999999945775445,-4.316012331343515,-2.661528991945565,1.8770367718984442,0.4861730678927484,-7.432270772236195,3.3880892549999317,3.3981074349650497,10.172640765837263,0.28999999775355356,9.249648360366834,32.6977003097534,1.3004266190528861,1.0,110.999999673762,0.0,0.0,0.0,9.6838148844874,1.27821807861328,71.98260004761518,-0.718399974584772,32.2777752,0.9999997788102221,1899.728131294248,1916.3302659988396,169.5657819509508,-45.569683611392975,-37.394992122426615,-64.8470964,-2.0,147.955856323242,-15.5651655197144,99.9828338623047,356.872985839844,23.0026185512543,51.4713943004608,-0.028400004942665657,-1.16964460232041,1.14244326722913,-0.6977999906458819,0.0,0.0,1.0,7.0,0.0,0.0,0.0,26050904.0,1.0,9.84965460961096,91.02534367249129,31.4840784072876,1.275803167819976
2026-05-09 18:06:05+00:00,CAN,CAN,-0.249999998063408,0.149999998838045,0.0,-0.0499999996126817,-0.10999999914789974,0.1599999987605815,-4.316012331343515,-2.659775767762985,1.8748743340072198,0.47610769558933586,-7.735928603017095,3.38781856606539,3.3972867877362694,9.530245764962483,0.38000000772855136,10.075073733355126,33.28044261932375,1.761585853099822,1.0,110.999999673762,0.0,0.0,0.0,15.0946275657217,1.78882892131805,71.15500105230093,-0.731999985791923,32.2777824,0.9999997788102221,1899.764418601988,1916.321158409118,25.504636764526396,-121.91520184278502,-47.97012694180014,-64.8470943,-2.0,147.008560180664,-15.5651655197144,99.9828338623047,355.872985839844,22.9677051305771,51.4518022537231,-0.10520000633543644,1.4568661164722,-1.07596119405599,-1.0713999617117422,0.0,0.0,1.0,7.0,0.0,0.0,0.0,26050904.0,1.0,10.58878626271958,90.74203767100289,31.6520524978638,1.721131703853608
2026-05-09 18:06:06+00:00,CAN,CAN,-0.2399999981408718,0.06999999945775434,0.0,-0.0499999996126817,-0.05999999953521802,-0.019999999845072603,-4.31483753880627,-2.6624054973151496,1.876315760054186,0.48365669813646905,-9.994452741713205,3.3883602000665696,3.39756033681253,10.652148220102479,0.20999999837326305,10.23011774685395,33.438005447387695,1.952286944389344,1.0,110.999999673762,0.0,0.0,0.0,18.9776157220833,1.93986368179321,69.7683988847453,-0.8615999758233706,32.2777899,0.9999997788102221,1899.7553348541237,1916.3393974304217,149.6728345751761,-25.035977549850923,-7.51531217247248,-64.8470914,-2.0,146.375106811523,-15.5651655197144,99.9828338623047,354.872985839844,23.0142563581467,51.516455411911,0.1907999951068986,-0.563713814973694,0.0652259386857747,-1.541799881655112,0.0,0.0,1.0,7.0,0.0,0.0,0.0,26050904.0,1.0,11.021131943784779,90.4544423107158,31.556042289733902,1.9034660196304298
2026-05-09 18:06:07+00:00,CAN,CAN,-0.249999998063408,0.01999999984507268,0.0,-0.0499999996126817,-0.08999999930282697,0.06999999945775431,-4.315718633209205,-2.663428318143355,1.8889281739321198,0.4829379274480308,-12.651724177928351,3.38808938306598,3.39756033681253,10.61438273814366,0.29999999767609015,11.010221826491449,33.743154144287104,2.3057265615463263,1.0,110.999999673762,0.0,0.0,0.0,18.1311930669259,2.30370812416077,68.50559799400966,-1.1529999435772802,32.2777977,0.9999997788102221,1899.7734546661359,1916.375637054444,80.98958134651186,-109.75621491670624,-83.30779764801261,-64.8470882,-2.0,145.632705688477,-15.5651655197144,99.9828338623047,353.872985839844,23.0045586824417,51.4988243579864,-0.00799999999222369,-0.0912889400425517,-0.183463243356266,-0.7931999641869482,0.0,0.0,1.0,7.0,0.0,0.0,0.0,26050904.0,1.0,11.87525700326918,90.150328137921,31.59413394927975,2.2396933650970463
2026-05-09 18:06:08+00:00,CAN,CAN,-0.2399999981408718,0.0499999996126817,0.0,-0.0499999996126817,-0.0999999992253633,0.04999999961268165,-4.31498438787343,-2.662697701345575,1.8882073328425881,0.48257817925001245,-15.3273833371628,3.38808938306598,3.39756033681253,11.318957561410759,0.269999997908481,11.637751006015,34.2637001037598,2.762817034721374,1.0,110.999999673762,0.0,0.0,0.0,28.171420882683,2.76217467784882,67.66759935266512,-0.8239999978858616,32.277806,0.9999997788102221,1899.728155136106,1916.293907165526,107.46523290872581,-94.12734359502787,-39.49026968330144,-64.8470838,-2.0,145.092956542969,-15.5651655197144,99.9828338623047,352.872985839844,23.0026185512543,51.5047013759613,-0.2029999922909897,-0.436734621887633,0.452822332064805,-1.0457999751435434,0.0,0.0,1.0,7.0,0.0,0.0,0.0,26050904.0,1.0,12.8214055429506,89.84755951239265,31.6652910232544,2.6670354795455937
2026-05-09 18:06:09+00:00,CAN,CAN,-0.249999998063408,0.0499999996126817,0.0,-0.0499999996126817,-0.14999999883804507,0.15999999876058127,-4.315424935074895,-2.6638665174672953,1.87667600984422,0.4840160301198352,-17.3526454166456,3.38781856606539,3.398380727909214,10.32332122760746,0.3899999969789172,12.38399143463445,34.737327575683594,3.144425125122072,1.0,110.999999673762,0.0,0.0,0.0,28.4190886646295,3.14098734855652,67.00059722926753,-1.0187999812223867,32.2778145,0.9999997788102221,1899.7553348541242,1916.2485361099257,96.5273384004831,-61.07051894068716,-10.76185293495654,-64.8470783,-2.0,144.255996704102,-15.5651655197144,99.9828338623047,351.872985839844,23.0045586824417,51.4929473400116,0.2669999973981117,0.910254401489134,-0.598232683904439,-0.1823999896758002,0.0,0.0,1.0,7.0,0.0,0.0,0.0,26050904.0,1.0,13.61983194654612,89.55735501984255,31.734613037109348,3.0212297630310063
2026-05-09 18:06:10+00:00,CAN,CAN,-0.249999998063408,0.0499999996126817,0.0,-0.0499999996126817,-0.13999999891550866,0.08999999930282705,-4.315131236940585,-2.66313600739122,1.8835229329777001,0.48185920579033337,-17.104676252601898,3.3880895111320277,3.3972867877362694,12.0750304742272,0.3099999975986264,12.95166852023485,34.908815574646,3.4935541963577266,1.0,110.999999673762,0.0,0.0,0.0,34.4376669461371,3.46220655441284,66.619199466014,-1.2002000298696782,32.2778231,0.9999997788102221,1899.7462749481183,1916.284847259522,112.14960217475884,-95.32197564840313,-49.821997806429856,-64.8470718,-2.0,143.919692993164,-15.5651655197144,99.9828338623047,350.872985839844,23.0045586824417,51.516455411911,-0.13420000237553217,-1.2430515268166,0.59557862180336,-0.8740000081707155,0.0,0.0,1.0,7.0,0.0,0.0,0.0,26050904.0,1.0,14.565964947547162,89.2831502454232,31.6306205749512,3.337078456878662
2026-05-09 18:06:11+00:00,CAN,CAN,-0.249999998063408,0.07999999938029065,0.0,-0.0499999996126817,-0.1499999988380452,0.09999999922536337,-4.315278086007741,-2.664012512760805,1.8856849012934203,0.4886891495004228,-18.5142172689756,3.388089639198076,3.3981074349650497,11.74009985393512,0.3400000027023206,13.8612294440798,35.53413677215575,4.007418451309206,1.0,110.999999673762,0.0,0.0,0.0,37.174434954102,4.04745512008667,66.27000058054577,-1.201199969564168,32.2778322,0.9999997788102221,1899.73723888397,1916.30299091339,66.89909249544138,-58.66875350475308,-47.372803092002854,-64.8470642,-2.0,142.958938598633,-15.5651655197144,99.9828338623047,349.872985839844,23.0026185512543,51.5536844730377,0.1467999978489772,1.28880184142463,-0.539524593306388,0.34739999239971386,0.0,0.0,1.0,7.0,0.0,0.0,0.0,26050904.0,1.0,15.610605327324382,89.03505386910625,31.70405044555665,3.800758409500122
2026-05-09 18:06:12+00:00,CAN,CAN,-0.249999998063408,0.06999999945775434,0.0,-0.0499999996126817,-0.06999999945775434,0.20999999837326322,-4.313809381892771,-2.664012512760805,1.8864057423829501,0.48653250659782066,-20.323558285774048,3.38808938306598,3.39783388588879,11.8041871774079,0.440000007263769,14.62008395143575,35.59859905242919,4.262266244888306,1.0,110.999999673762,0.0,0.0,0.0,37.9310389141264,4.25488042831421,66.68419827823149,-1.088000000109688,32.2778414,0.9999997788102221,1899.6647119522058,1916.303014755248,135.9689190983774,-83.83880630135539,-6.239993683993814,-64.8470555,-2.0,142.346542358398,-15.5651655197144,99.9828338623047,348.872985839844,23.006497323513,51.5556454658508,-0.3462000012002101,-0.818848434426086,0.213867003353358,0.7342000057318406,0.0,0.0,1.0,7.0,0.0,0.0,0.0,26050904.0,1.0,16.69806467527256,88.82164802358386,31.599742126464847,4.00662880897522
2026-05-09 18:06:13+00:00,CAN,CAN,-0.249999998063408,0.06999999945775434,0.0,-0.0499999996126817,-0.11999999907043599,0.03999999969014534,-4.312487526844965,-2.662697808067285,1.8964958100890823,0.48940831505917204,-21.24556552183405,3.38808938306598,3.39756033681253,11.20947560543098,0.25999999798594475,15.151043220718702,35.96252632141115,4.450125589370727,1.0,110.999999673762,0.0,0.0,0.0,45.3805964682651,4.45305833816528,68.17760001572512,-0.9813999784171724,32.2778506,0.9999997788102221,1899.7009754180879,1916.366577148438,89.4320830702782,-57.24616013467312,-26.330402866005908,-64.8470457,-2.0,141.781005859375,-15.5651655197144,99.9828338623047,347.975006103516,22.9929208755493,51.5732765197754,0.5763999895585787,0.343721586018075,0.0904978987489798,1.8303999200804821,0.0,0.0,1.0,7.0,0.0,0.0,0.0,26050904.0,1.0,17.14651133202296,88.6661041256151,31.612747192382848,4.1743972492217996
2026-05-09 18:06:14+00:00,CAN,CAN,-0.249999998063408,0.06999999945775434,0.0,-0.0499999996126817,-0.1599999987605814,0.08999999930282715,-4.312046979643499,-2.6629896919325953,1.902261087390124,0.4915650433391388,-21.16098045915265,3.3894442364652178,3.39783388588879,10.39770796408442,0.33000000811586955,15.2186390416134,35.8328481674194,4.435237827301024,1.0,110.999999673762,0.0,0.0,0.0,46.896017369605,4.47824664115906,70.00379998845195,-0.7378000010081984,32.2778589,0.9999997788102221,1899.6918678283678,1916.2303924560517,124.68738704919801,-87.18099780380712,-37.84586004912852,-64.8470355,-2.0,140.851699829102,-15.5651655197144,99.9828338623047,346.975006103516,13.3158758282661,51.600706577301,0.02479999932764234,0.480558449623757,0.615521386797622,1.7843999620582778,0.0,0.0,1.0,7.0,0.0,0.0,0.0,26050904.0,1.0,17.17839977771046,88.57520796814055,31.5799976348877,4.178256196975711
2026-05-09 18:06:15+00:00,CAN,CAN,-0.2399999981408718,0.05999999953521802,0.0,-0.0499999996126817,-0.08999999930282707,0.149999998838045,-4.31292807404643,-2.660798161704375,1.893612701863054,0.4886894269768575,-20.8200233922011,3.388089639198076,3.39783388588879,8.221804696419166,0.36999999713384435,14.9996102428567,35.851536941528295,4.334969387054445,1.0,110.999999673762,0.0,0.0,0.0,50.8630492961564,4.34331007003784,71.6317974337298,-0.5421999944125379,32.2778666,0.9999997788102221,1899.791574478148,1916.321182250976,123.8464437425137,-66.19499414227906,-16.275212541222576,-64.8470248,-2.0,140.541534423828,-15.5651655197144,99.9828338623047,345.975006103516,19.0185233950615,51.6026616096497,-0.08499999717377413,-0.151937758190132,-0.456510580855759,1.7245999696718641,0.0,0.0,1.0,7.0,0.0,0.0,0.0,26050904.0,1.0,16.789962138479417,88.54107409776344,31.62594966888425,4.115438089370728
2026-05-09 18:06:16+00:00,CAN,CAN,-0.2399999981408718,0.05999999953521802,0.0,-0.0499999996126817,-0.12999999899297238,0.05999999953521799,-4.312781224979275,-2.662405924201975,1.890369471913036,0.4969571148350642,-20.8152943399745,3.3886312731992563,3.3981074349650497,7.093035595974446,0.2899999977535538,14.44697152626135,35.5421533584595,3.9972358417511,1.0,110.999999673762,0.0,0.0,0.0,55.3146524084689,3.97895922660828,73.84639884568506,-0.4111999970281374,32.2778735,0.9999997788102221,1899.6737480163542,1916.3393020629878,155.4942145943642,-49.82861503958707,-5.688232835382214,-64.8470142,-2.0,139.733795166016,-15.5651655197144,99.9828338623047,344.975006103516,30.0339430570602,51.5713155269623,0.5489999973480701,-0.122753680547777,0.365039593593464,2.421599899706016,0.0,0.0,1.0,7.0,0.0,0.0,0.0,26050904.0,1.0,16.0078525445469,88.54562983393984,31.547654914855997,3.8347303676605216
2026-05-09 18:06:17+00:00,CAN,CAN,-0.2299999982183356,0.0499999996126817,0.0,-0.0499999996126817,-0.12999999899297246,0.1899999985281904,-4.315277872564325,-2.661528671780445,1.8921714465708157,0.48329697128279125,-20.7895505032191,3.3880895111320277,3.39756033681253,5.39129934303974,0.4000000022375384,14.2178118494182,35.12346782684325,3.7197949218749984,1.0,110.999999673762,0.0,0.0,0.0,55.6347765446782,3.68939652442932,75.94700030227932,-0.2335999961627362,32.277879,0.9999998214989041,1899.737215042112,1916.3120985031117,106.56958818435669,-55.3950309753418,-17.386512830853462,-64.8470042,-2.0,139.91145324707,-15.5651655197144,99.9828338623047,343.975006103516,30.0397634506226,51.5909075737,-0.2169999951173871,-0.854107365025572,-0.354049312290811,2.359000020679742,0.0,0.0,1.0,7.0,0.0,0.0,0.0,26050904.0,1.0,15.64935572256152,88.59852623396705,31.497752952575702,3.5882525682449318
2026-05-09 18:06:18+00:00,CAN,CAN,-0.2299999982183356,0.0499999996126817,0.0,-0.0499999996126817,-0.0999999992253633,0.10999999914789986,-4.31483753880627,-2.65962977246948,1.8939730370304537,0.4861728757936783,-18.82890798970015,3.38808938306598,3.3972867877362694,3.966891480786542,0.34000001337449104,12.9354839601097,34.673886680603005,3.4111138200759896,1.0,110.999999673762,0.0,0.0,0.0,71.035832009776,3.39496958255768,78.96339762090237,-0.6074000037258718,32.2778833,0.999999885531928,1899.873161315918,1916.4391994476337,157.748317718506,-42.15619890019297,-48.103986377827795,-64.8469943,-2.0,140.300598144531,-15.5651655197144,99.9828338623047,342.975006103516,30.0300657749176,51.5066623687744,0.56499999295526,0.674508554656292,0.249528821732383,2.6699999633089457,0.0,0.0,1.0,7.0,0.0,0.0,0.0,26050904.0,1.0,13.87042287870266,88.7002448261814,31.18545455932615,3.321269216537474
2026-05-09 18:06:19+00:00,CAN,CAN,-0.2399999981408718,0.0499999996126817,0.0,-0.07999999938029065,-0.1499999988380451,0.20999999837326316,-4.315718633209205,-2.65846052946094,1.8864057423829501,0.47934304947746503,-12.73157890772275,3.388360456198666,3.3972867877362694,2.8621551266441143,0.4600000177810122,12.717288017544949,34.0560739517212,3.15137809753418,1.0,110.999999673762,0.0,0.0,0.0,70.0815794506444,3.19058117866516,80.75999965187988,0.11379999890502006,32.2778861,0.999999885531928,1899.791622161864,1916.466426849366,117.79776290059083,-80.16795422881853,17.25733214989304,-64.846985,-2.0,140.858016967773,-15.5651655197144,99.9828338623047,341.975006103516,30.051401257515,51.5262544155121,0.05580000215575416,0.54735636568516,-0.178499790243143,1.4807999317532299,0.0,0.0,1.0,7.0,0.0,0.0,0.0,26050904.0,1.0,13.933226126611482,88.84174927031115,30.9724296569824,3.075776066780092
2026-05-09 18:06:20+00:00,CAN,CAN,-0.249999998063408,0.0,0.0,-0.0999999992253633,-0.09999999922536332,0.0699999994577542,-4.317774947036201,-2.660798481869495,1.880279574961636,0.4854538916618286,-11.049900956701,3.3894442364652178,3.39756033681253,2.368533385279836,0.3099999975986263,12.252492790751951,33.61416091918945,2.743800387382508,1.0,110.999999673762,0.0,0.0,0.0,72.7818605880631,2.68615829944611,82.31999846585678,-0.5911999956337912,32.2778886,0.999999885531928,1899.70095157623,1916.3120746612542,142.92721077799783,-12.884464941453185,-22.42648340761662,-64.8469765,-2.0,139.97932434082,-15.5651655197144,99.9828338623047,340.975006103516,30.0649791955948,51.5145003795624,0.24460001056833308,-1.40240763083752,-0.294928155330532,1.488799961573338,0.0,0.0,1.0,7.0,0.0,0.0,0.0,26050904.0,1.0,13.10646041437596,89.0287017931782,30.8271509170532,2.68404978275299
2026-05-09 18:06:21+00:00,CAN,CAN,-0.2399999981408718,0.00999999992253634,0.0,-0.0999999992253633,-0.13999999891550866,0.09000000463891226,-4.316893425746445,-2.657876441565195,1.8698294282202021,0.4858136078433354,-10.5938880725201,3.3886315293313523,3.39783388588879,2.745425443492618,0.3099999975986262,12.1898526989869,33.4219207763672,2.6116785907745363,1.0,110.999999673762,0.0,0.0,0.0,78.3218543446171,2.63855187892914,83.61440127584424,-0.3113999996154938,32.2778902,0.999999885531928,1899.6737718582117,1916.3665771484382,148.283115029335,-58.28474536538122,176.00555568933487,-64.8469686,-2.0,141.797653198242,-15.5651655197144,99.9828338623047,339.975006103516,30.051401257515,51.4596402645111,0.19859999910190182,1.28284506269474,0.10101506938969,1.365399937022754,0.0,0.0,1.0,7.0,0.0,0.0,0.0,26050904.0,1.0,13.138078726081778,89.23700890248526,30.8013158798218,2.55780987739563
2026-05-09 18:06:22+00:00,CAN,CAN,-0.249999998063408,0.0,0.0,-0.0999999992253633,-0.14999999883804513,0.10999999914789951,-4.316893639189855,-2.65729235366945,1.869108715196718,0.4822188365944756,-11.036241432134599,3.389444065710486,3.3972867877362694,2.629840158536564,0.32999999744369923,12.0621260270736,33.1625919342041,2.3931756305694565,1.0,110.999999673762,0.0,0.0,0.0,66.6478589397714,2.38328883647919,84.98979783504753,-0.3965999927656444,32.2778922,0.999999885531928,1899.7734785079938,1916.3302659988399,85.92671155929563,-52.374960854649544,-62.65040040016172,-64.8469614,-2.0,139.006744384766,-15.5651655197144,99.9828338623047,338.975006103516,30.0552815198898,51.3675570487976,-0.025400002097759083,-0.47177978891044,-0.195188810531327,1.291799910272132,0.0,0.0,1.0,7.0,0.0,0.0,0.0,26050904.0,1.0,12.920702491594781,89.47779014620104,30.812314224243153,2.340915040969848
2026-05-09 18:06:23+00:00,CAN,CAN,-0.249999998063408,0.0,0.0,-0.06999999945775434,-0.06999999945775434,0.07999999938029068,-4.31748103545848,-2.658314640889135,1.898657693027434,0.48509464505582683,-10.6543045108235,3.3889020901998457,3.39756033681253,3.019320724965186,0.31999999752116254,11.839071685574801,33.02528171539305,2.14874708175659,1.0,110.999999673762,0.0,0.0,0.0,80.8243468640506,2.13217377662659,86.47779825894548,-0.25080000064521263,32.2778935,0.999999885531928,1899.7553348541237,1916.293954849242,172.5440159440042,-11.012684367597105,33.408139273524284,-64.8469545,-2.0,141.919998168945,-15.5651655197144,99.9828338623047,337.975006103516,30.0552815198898,51.3205349445343,0.47419999707372484,0.192514097780179,0.734934651274013,1.3415999294164334,0.0,0.0,1.0,7.0,0.0,0.0,0.0,26050904.0,1.0,12.42932229025006,89.74711133536385,30.82576560974125,2.106716694831846
2026-05-09 18:06:24+00:00,CAN,CAN,-0.2399999981408718,0.0,0.0,-0.0499999996126817,-0.12999999899297246,0.09999999922536332,-4.319243864594575,-2.657730019384865,1.8835228476003323,0.486532591975185,-10.7005367806548,3.389715181531856,3.3972867877362694,1.74635623526813,0.3199999975211626,11.27359690909485,32.695171737670904,1.9843660783767683,1.0,110.999999673762,0.0,0.0,0.0,70.3858370574118,1.97021641731262,87.36040076764587,-0.10799999969700105,32.2778949,0.999999885531928,1899.74625110626,1916.402912139894,107.56288170814511,-139.22788202762607,-103.47894839942441,-64.8469485,-2.0,138.301696777344,-15.5651655197144,99.9828338623047,336.872985839844,30.0746768712997,51.3283669948578,-0.18360000455418254,-0.370851150762219,-0.65157630123968,0.9958000128834564,0.0,0.0,1.0,7.0,0.0,0.0,0.0,26050904.0,1.0,11.686625790658919,90.03239809171154,30.77417449951175,1.9517416191101102
2026-05-09 18:06:25+00:00,CAN,CAN,-0.2399999981408718,0.0,0.0,-0.05999999953521802,-0.12999999899297238,0.08999999930282707,-4.318362343304825,-2.65904515096521,1.892531739049538,0.48437538344754244,-10.7241773460327,3.3889020901998457,3.39756033681253,2.189242584425612,0.3200000081933331,10.081595710238826,32.461073684692394,1.7251026606559763,1.0,110.999999673762,0.0,0.0,0.0,75.4942106697452,1.70824238061905,88.30200245039683,-0.45259999873515044,32.2778961,0.999999885531928,1899.628424644468,1916.4210319519061,166.30032062530512,51.27155259251585,12.392928637564179,-64.8469428,-2.0,140.467132568359,-15.5651655197144,99.9828338623047,335.975006103516,30.0572216510773,51.3440430164337,0.6670000049717354,0.194631869969493,0.0128552281034439,0.4879999754090398,0.0,0.0,1.0,7.0,0.0,0.0,0.0,26050904.0,1.0,10.401079174704,90.30923248896136,30.6145431518555,1.7057188081741337
2026-05-09 18:06:26+00:00,CAN,CAN,-0.2399999981408718,0.00999999992253634,0.0,-0.0999999992253633,-0.1899999985281906,0.17999999860565422,-4.318215280794256,-2.658314640889135,1.8910903983799359,0.47502918737504957,-10.7856443528078,3.3883602000665696,3.39756033681253,1.9679901748959545,0.4000000022375384,10.097501086381701,32.1185920715332,1.637808945178986,1.0,110.999999673762,0.0,0.0,0.0,76.4542757198605,1.65299080610275,88.81179957381957,0.11979998992059906,32.2778968,0.999999885531928,1899.664688110348,1916.4573907852177,87.70714178681362,-137.2105507180093,-45.714755356311876,-64.846938,-2.0,140.608917236328,-15.5651655197144,99.9828338623047,334.872985839844,30.0649791955948,51.3068199157715,-0.367999962998391,0.225534073693438,1.02875113995627,0.819799965154832,0.0,0.0,1.0,7.0,0.0,0.0,0.0,26050904.0,1.0,10.71262151973068,90.57201718708839,30.5726783752441,1.6185955524444602
2026-05-09 18:06:27+00:00,CAN,CAN,-0.2399999981408718,0.0,0.0,-0.0999999992253633,-0.09999999922536332,0.10999999914789967,-4.31939071366173,-2.65758413081306,1.891450861613384,0.4908462513063596,-11.64986221207395,3.38808938306598,3.3972867877362694,0.843798870004219,0.33000000277978425,9.74966345761504,32.01945762634275,1.2401172780990581,1.0,110.999999673762,0.0,0.0,0.0,77.3553211053578,1.20874907970428,89.4749986478873,-0.18280000130536764,32.2778978,0.999999885531928,1899.6918678283678,1916.430091857912,217.57934540510178,-4.240923374891288,-2.7229273691774383,-64.8469334,-2.0,138.352462768555,-15.5651655197144,99.9828338623047,333.872985839844,30.0669193267822,51.3146579265594,0.9561999901383249,-0.222803265345689,-1.32517622729295,0.5417999907870976,0.0,0.0,1.0,7.0,0.0,0.0,0.0,26050904.0,1.0,9.813835390056122,90.8525159808279,30.572211456298852,1.226812705993653
2026-05-09 18:06:28+00:00,CAN,CAN,-0.249999998063408,0.0,0.0,-0.0999999992253633,-0.14999999883804507,0.15999999876058135,-4.318362343304825,-2.658314640889135,1.879558947315516,0.48581352246597104,-12.007106718875,3.3875476209987516,3.3972867877362694,2.4482605612914683,0.40000000223753834,9.23069586608052,31.41026916503905,1.0349885201454165,1.0,110.999999673762,0.0,0.0,0.0,73.1600140114608,1.05114762783051,90.29100271406655,-0.30620000184356977,32.2778982,0.999999885531928,1899.7100114822358,1916.312098503114,68.10229662805793,-60.26441156864166,-53.343093022704046,-64.8469302,-2.0,143.125778198242,-15.5651655197144,99.9828338623047,332.872985839844,30.0766170024872,51.3714730739594,-0.4255999942252019,0.0645752697858385,1.23106070284182,0.760000004784931,0.0,0.0,1.0,7.0,0.0,0.0,0.0,26050904.0,1.0,9.645647787405368,91.11356581090575,30.45047950744625,1.0251197290420524
2026-05-09 18:06:29+00:00,CAN,CAN,-0.2399999981408718,0.0,0.0,-0.08999999930282698,-0.08999999930282708,0.05999999953521799,-4.319243864594575,-2.658460636182645,1.879919282482918,0.47898331195161703,-12.16524011231275,3.3886315293313523,3.39783388588879,1.599871857525852,0.2899999977535536,9.11136050844935,31.455591201782198,0.8449654591083519,1.0,110.999999673762,0.0,0.0,0.0,78.4398800134749,0.804296797513962,91.01099890919645,-0.15060000027414047,32.277899,0.999999885531928,1899.782538414,1916.3211822509759,163.68495821952814,-48.100039362907445,-8.9482421055436,-64.8469271,-2.0,137.655578613281,-15.5651655197144,99.9828338623047,331.872985839844,30.0707995891571,51.3734340667725,0.5063999867657709,-0.366389383047761,-0.4794932069175,0.9687999549292788,0.0,0.0,1.0,7.0,0.0,0.0,0.0,26050904.0,1.0,9.143238538098363,91.3914179063419,30.488093948364252,0.8373519229888906
2026-05-09 18:06:30+00:00,CAN,CAN,-0.249999998063408,0.0,0.0,-0.0499999996126817,-0.1399999989155087,0.09999999922536333,-4.3190965886406,-2.65773055299339,1.8773966801790203,0.4804212695431456,-12.0943175624055,3.3878186941314383,3.39756033681253,1.8646118467132262,0.33000001345195473,8.739962569027565,31.10070362091065,0.7671098792552948,1.0,110.999999673762,0.0,0.0,0.0,61.6120765779369,0.821605199575424,92.14080099037577,-0.3189999991297348,32.2778996,0.999999885531928,1899.700927734372,1916.348385810852,104.57504242658604,-46.9377737492323,-31.33249729871746,-64.8469247,-2.0,136.1181640625,-15.5651655197144,99.9828338623047,330.872985839844,30.0727367401123,51.3734340667725,-0.04340000649399698,1.50635563948571,-0.0243896867189298,1.135400018845696,0.0,0.0,1.0,7.0,0.0,0.0,0.0,26050904.0,1.0,8.938390407341739,91.66712532237861,30.36819534301755,0.7606143522262574
2026-05-09 18:06:31+00:00,CAN,CAN,-0.249999998063408,0.00999999992253634,0.0,-0.0499999996126817,-0.0999999992253634,0.16999999868311766,-4.3190965886406,-2.65816832543051,1.8874865771304201,0.49264355155342476,-12.06857500631055,3.3880895111320277,3.39756033681253,1.905047676505444,0.41000000749616,8.40707152859901,30.82366790771485,0.5073471683263776,1.0,110.999999673762,0.0,0.0,0.0,55.8599849570864,0.432348972558975,93.04279987028116,-0.23039999517366846,32.2779004,0.999999885531928,1899.664711952208,1916.34840965271,145.3863278031348,-65.8805870916695,-57.147286273539216,-64.8469226,-2.0,136.421966552734,-15.5651655197144,99.9828338623047,329.872985839844,30.0785571336746,51.3714730739594,0.12279998709591544,-2.15865033788785,0.267504759049946,0.8953999993604846,0.0,0.0,1.0,7.0,0.0,0.0,0.0,26050904.0,1.0,8.489149911855053,91.9622748718878,30.2772783279419,0.5032219845056536
2026-05-09 18:06:32+00:00,CAN,CAN,-0.2299999982183356,0.0,0.0,-0.08999999930282697,-0.1499999988380451,0.07999999938029045,-4.319537989615705,-2.65714593148912,1.874514383037954,0.4775454504096232,-12.1037731055377,3.38781856606539,3.3978336297566942,1.133715822262419,0.3099999975986264,8.166733820292364,30.863932800293,0.4907552486658096,1.0,110.999999673762,0.0,0.0,0.0,81.6315386201626,0.530316710472107,94.3555991117791,0.04760000087191271,32.2779009,0.999999885531928,1899.70095157623,1916.3484334945679,134.8491683602334,-20.007446780800823,-10.2600798010827,-64.8469209,-2.0,140.17643737793,-15.5651655197144,99.9828338623047,328.872985839844,30.0727367401123,51.3851881027222,0.42420000679919256,2.289828816653,-0.182751262836359,1.2807999653190172,0.0,0.0,1.0,7.0,0.0,0.0,0.0,26050904.0,1.0,7.993573242284269,92.26675104470866,30.3032936096191,0.4874623435735702
2026-05-09 18:06:33+00:00,CAN,CAN,-0.2399999981408718,0.0,0.0,-0.0999999992253633,-0.09999999922536333,0.1399999989155087,-4.319243864594576,-2.6574378153544354,1.8752347972406622,0.4901273845683862,-11.89520474149495,3.3880892549999317,3.39756033681253,1.0322449951601471,0.380000002392466,7.155239153274129,30.3094373703003,0.1750179375708104,1.0,110.999999673762,0.0,0.0,0.0,42.9078596679508,0.130001011490822,95.12719875212629,-0.102000000677294,32.2779011,0.999999885531928,1899.7372388839697,1916.3756608963017,118.23938935995099,-74.79831799864768,-29.886092548258592,-64.8469199,-2.0,130.677810668945,-15.5651655197144,99.9828338623047,327.872985839844,30.0766170024872,51.3832271099091,-0.183400016081676,-2.3923315999615,0.11967984195722,0.7257999989667212,0.0,0.0,1.0,7.0,0.0,0.0,0.0,26050904.0,1.0,7.176934310021662,92.5761620292048,30.14271640777585,0.1742220483720304
2026-05-09 18:06:34+00:00,CAN,CAN,-0.2399999981408718,0.0,0.0,-0.0999999992253633,-0.12999999899297246,0.09999999922536335,-4.319684838682861,-2.65670773216518,1.8892884664108358,0.4865324852534794,-11.67613026584815,3.3883602000665696,3.3972867877362694,0.853335574993701,0.3399999973662354,6.720077982855679,30.47048320770265,0.17593793258070967,1.0,110.999999673762,0.0,0.0,0.0,152.891407664904,0.18251256197691,96.13639608501717,-0.005200000023084914,32.2779008,0.999999885531928,1899.7190713882421,1916.239452362058,144.7948262095452,-16.321278922259808,-57.88206644356247,-64.8469191,-2.0,144.470962524414,-15.5651655197144,99.9828338623047,326.872985839844,30.0882548093796,51.3303279876709,0.49359998614455297,1.77147711608257,-0.081626550234191,1.0565999876530436,0.0,0.0,1.0,7.0,0.0,0.0,0.0,26050904.0,1.0,6.3306419407227095,92.88264286254704,30.225536155700652,0.1753668896108866
2026-05-09 18:06:35+00:00,CAN,CAN,-0.249999998063408,0.0,0.0,-0.0999999992253633,-0.1399999989155087,0.13999999891550866,-4.319831687750015,-2.657876441565195,1.878477941813316,0.4872512879584292,-11.15287203485445,3.3870058589315244,3.3972867877362694,0.9132263021743695,0.3699999971338444,5.213929917087725,30.2412826538086,0.15268261581659298,1.0,110.999999673762,0.0,0.0,0.0,214.65087972513,-0.173440472781658,96.95179909454949,0.346799997633725,32.2779001,0.999999885531928,1899.6737718582142,1916.284871101378,127.90741026401516,-49.91010054945944,10.087228566408166,-64.8469192,-2.0,144.03955078125,-15.5651655197144,99.9828338623047,325.872985839844,30.0882548093796,51.3166129589081,-0.021999985955758045,-1.22582621661665,0.680730750268468,0.33279999347330624,0.0,0.0,1.0,7.0,0.0,0.0,0.0,26050904.0,1.0,5.053625206512794,93.1745992986192,30.1138069152832,0.1525232765078546
2026-05-09 18:06:36+00:00,CAN,CAN,-0.21999999829579941,0.0,0.0,-0.07999999938029065,-0.11999999907043606,0.1999999984507268,-4.319978536817169,-2.656707198556655,1.886045492592914,0.4868918385811864,-10.7556990959391,3.3875476209987516,3.3972867877362694,-1.2039305911489322,0.43000000200514743,4.0937210500411,30.2847833633423,0.21180816918611542,1.0,110.999999673762,0.0,0.0,0.0,242.686593286741,-0.203414346277714,97.18599671892441,-0.10879999627570931,32.2778994,0.999999885531928,1899.6465444564801,1916.3484334945679,111.23122945427906,-57.397390902042375,-73.10661971569075,-64.8469197,-2.0,143.1474609375,-15.5651655197144,99.9828338623047,324.872985839844,30.0843745470047,51.3753890991211,0.22059999606333608,0.391549211948723,-1.73546035465033,0.6425999892592132,0.0,0.0,1.0,7.0,0.0,0.0,0.0,26050904.0,1.0,3.6102932806357004,93.44115426116815,30.118364524841297,0.2117727586627006
2026-05-09 18:06:37+00:00,CAN,CAN,-0.249999998063408,0.00999999992253634,0.0,-0.08999999930282698,-0.08999999930282698,0.0799999993802908,-4.319243864594575,-2.6586069516412696,1.897936809249222,0.48868922420561656,-10.3932000392322,3.388360456198666,3.39756033681253,1.7803070565755132,0.3200000135294183,2.6096167794891203,30.2877840042114,0.49413940250873545,1.0,110.999999673762,0.0,0.0,0.0,239.726116092891,-0.508815157413483,97.58840004595135,-0.3833999958561042,32.2778988,0.999999885531928,1899.7644186019884,1916.4028882980358,144.859665632248,-22.03699918463827,0.827575544826684,-64.8469207,-2.0,142.563247680664,-15.5651655197144,99.9828338623047,323.872985839844,30.1018327474594,51.3714730739594,0.3025999932269987,-0.304212276722857,1.75599147640856,-0.18199999538851,0.0,0.0,1.0,7.0,0.0,0.0,0.0,26050904.0,1.0,2.6576236178442,93.66251727707365,29.878812789917,0.49405283689498897
2026-05-09 18:06:38+00:00,CAN,CAN,-0.199999998450727,0.00999999992253634,0.0,-0.11999999907043599,-0.1499999988380452,0.20999999837326316,-4.32100669373067,-2.65670773216518,1.886765949484306,0.486532591975185,-10.455718041365849,3.3875476209987516,3.3972867877362694,-0.31663200989708723,0.4100000021600746,3.1491180541027948,30.544500160217247,0.5826967334747314,1.0,110.999999673762,0.0,0.0,0.0,257.718145763025,-0.57240389585495,97.71639915703524,0.6665999960102106,32.2778981,0.999999885531928,1899.8188018798821,1916.4846181869539,138.03870603442198,-56.2316520139575,-30.476876348257058,-64.8469224,-2.0,142.199859619141,-15.5651655197144,99.9828338623047,322.872985839844,30.0940752029419,51.3753890991211,-0.08379999980442175,0.340061885283418,-1.00590895965934,0.550599990505487,0.0,0.0,1.0,7.0,0.0,0.0,0.0,26050904.0,1.0,3.1585820069054438,93.87140153736556,29.950129508972147,0.5825030887126921
2026-05-09 18:06:39+00:00,CAN,CAN,-0.2399999981408718,-0.01999999984507268,0.0,-0.07999999938029068,-0.10999999914789964,0.07999999938029065,-4.31968441179604,-2.65758413081306,1.8939723967002202,0.49300299025849686,-10.6511528054083,3.3878186941314383,3.3970134094147397,-0.21554255814651144,0.2899999977535539,2.251527356943395,30.5535123825073,0.8268374598026274,1.0,110.999999673762,0.0,0.0,0.0,262.730111255224,-0.845478790998459,98.14500035764267,-0.4372000032300344,32.2778976,0.999999885531928,1899.7190713882421,1916.4210319519043,95.78029364347461,-68.68070289492616,-55.483127385377905,-64.8469243,-2.0,142.074829101562,-15.5651655197144,99.9828338623047,321.872985839844,30.099892616272,51.3773500919342,0.5227999986716031,-0.461399342115048,-0.16459842095125,0.38439999424753224,0.0,0.0,1.0,7.0,0.0,0.0,0.0,26050904.0,1.0,2.019391403825122,94.08450343947001,29.83687591552735,0.8266311550140382
2026-05-09 18:06:40+00:00,CAN,CAN,-0.249999998063408,-0.00999999992253634,0.0,-0.0499999996126817,-0.10999999914789982,0.1699999986831176,-4.319831687750015,-2.658022436858705,1.884243560623818,0.4876110895173006,-10.8155900365632,3.3875476209987516,3.3972867877362694,0.11976933877968801,0.3900000023150022,1.8269626914136898,30.676442527770952,0.8888151347637177,1.0,110.999999673762,0.0,0.0,0.0,260.408885126173,-0.8557990193367,98.52300078480305,-0.3893999942088004,32.2778972,0.999999885531928,1899.728155136106,1916.357517242432,143.4768319129944,-6.762518442701548,19.918229058384913,-64.846927,-2.0,142.124465942383,-15.5651655197144,99.9828338623047,320.872985839844,30.1076531410217,51.3420820236206,-0.28319998414585074,0.485063599711615,0.31417261352344,0.17159999751012475,0.0,0.0,1.0,7.0,0.0,0.0,0.0,26050904.0,1.0,1.7706644089487,94.2736621134389,29.7560646057129,0.8887464702129364
2026-05-09 18:06:41+00:00,CAN,CAN,-0.21999999829579941,0.0,0.0,-0.06999999945775434,-0.1599999987605814,-6.106226635438361e-17,-4.319684838682861,-2.65656130998485,1.8867659067956217,0.48473511030121996,-10.8486874257338,3.38781856606539,3.39756033681253,-0.3559233961371422,0.21999999829579933,1.2997688840758501,30.7425441741943,1.0055225336551659,1.0,110.999999673762,0.0,0.0,0.0,285.390520581548,-1.01316068172455,98.73339519992044,0.40260000012298447,32.2778971,0.999999885531928,1899.628424644468,1916.2485837936397,123.76525551080707,-78.37503342889251,-76.62158682942407,-64.8469296,-2.0,141.638641357422,-15.5651655197144,99.9828338623047,319.975006103516,30.099892616272,51.3440430164337,0.403799993990531,-0.161373744569784,1.0621151199479,0.360999991600672,0.0,0.0,1.0,7.0,0.0,0.0,0.0,26050904.0,1.0,1.1667740445669839,94.4567863152761,29.7984649658203,1.0054122412204733
2026-05-09 18:06:42+00:00,CAN,CAN,-0.199999998450727,0.0,0.0,-0.0999999992253633,-0.06999999945775436,0.12999999899297235,-4.320713209039775,-2.6574378153544354,1.8795589900042,0.48365668746429824,-10.84868827950745,3.3875477490648,3.39756033681253,-0.964749097798592,0.34000000270232034,0.68292588235426,30.97596759796145,1.208055009841918,1.0,110.999999673762,0.0,0.0,0.0,269.791734555073,-1.22217149734497,98.50899753096672,0.09759998681087605,32.2778976,0.999999885531928,1899.6556520462018,1916.33927822113,95.73034346103667,-14.34356458485126,11.172831244766737,-64.8469327,-2.0,138.047561645508,-15.5651655197144,99.9828338623047,318.975006103516,30.0960153341293,51.3342499732971,0.1457999954554851,-0.245343036349076,-0.889431502587292,-0.6129999911160114,0.0,0.0,1.0,7.0,0.0,0.0,0.0,26050904.0,1.0,0.4213976081971838,94.62195736487996,29.80156688690185,1.207515220642088
2026-05-09 18:06:43+00:00,CAN,CAN,-0.21999999829579941,0.0,0.0,-0.0999999992253633,-0.16999999868311785,0.04999999961268166,-4.319831687750015,-2.658022436858705,1.8885676680099899,0.4843757569735126,-10.7924749688646,3.387276675932114,3.3978338858887893,-0.8880736716524641,0.28000000316710255,-0.0273185805577689,31.056420135498,1.328386459350586,1.0,110.999999673762,0.0,0.0,0.0,271.223287563595,-1.337307035923,98.30660126736737,0.034800000584200116,32.2778974,0.999999885531928,1899.7462749481178,1916.34840965271,177.1509528160094,-52.89469659328462,-55.65454531460988,-64.8469364,-2.0,142.592529296875,-15.5651655197144,99.9828338623047,317.975006103516,30.0979524850845,51.2911438941956,0.09119999750594285,0.108228682968149,0.444604520595795,-0.13859999689864097,0.0,0.0,1.0,7.0,0.0,0.0,0.0,26050904.0,1.0,-0.13363290590937207,94.74738012860885,29.7600540161133,1.3273193693161018
2026-05-09 18:06:44+00:00,CAN,CAN,-0.20999999837326316,0.0,0.0,-0.0999999992253633,-0.11999999907043606,0.1399999989155087,-4.32041929746205,-2.6568536207369853,1.8882073328425897,0.4850946343836564,-10.810861838110249,3.387818437999342,3.39756033681253,-1.383984326801488,0.3399999973662354,-0.2464042503109405,31.178761482238748,1.413348412513734,1.0,110.999999673762,0.0,0.0,0.0,269.272093763019,-1.39928344488144,98.10140052809484,0.24460000248082844,32.2778974,0.999999885531928,1899.7734785079942,1916.32113456726,65.21239243447783,-53.139125555753694,-40.197251923382204,-64.8469403,-2.0,140.716949462891,-15.5651655197144,99.9828338623047,316.975006103516,30.1192909479141,51.3107359409332,0.2747999827168164,0.441627438571742,-0.207717938790069,1.0672170713821316e-08,0.0,0.0,1.0,7.0,0.0,0.0,0.0,26050904.0,1.0,-0.4818781782415784,94.8502598529822,29.793878173828098,1.4121309471130359
2026-05-09 18:06:45+00:00,CAN,CAN,-0.2299999982183356,-0.00999999992253634,0.0,-0.06999999945775434,-0.11999999907043606,0.0799999993802906,-4.320566146529204,-2.657584237534765,1.8957747982448219,0.48545398771136383,-10.465700362837751,3.3872768039981622,3.39783388588879,-1.0135771916961729,0.3200000028572478,-0.930634218548997,31.34948902130125,1.617711131572726,1.0,110.999999673762,0.0,0.0,0.0,260.684934051669,-1.66346504688263,97.95799934043261,0.22359999357215737,32.2778969,0.999999885531928,1899.7100114822358,1916.402888298036,208.51587057113642,0.46593723818660066,8.62064287066464,-64.8469448,-2.0,142.38752746582,-15.5651655197144,99.9828338623047,315.975006103516,30.1076531410217,51.2872278690338,0.021000000904543313,-1.23999800537078,0.276412046099157,-0.4981999958205952,0.0,0.0,1.0,7.0,0.0,0.0,0.0,26050904.0,1.0,-1.0438827730600329,94.92951395301645,29.7662784576416,1.615805196762084
2026-05-09 18:06:46+00:00,CAN,CAN,-0.21999999829579941,-0.01999999984507268,0.0,-0.07999999938029065,-0.1499999988380451,0.0999999992253633,-4.320859844663515,-2.65729235366945,1.8874865344417402,0.47431030996490586,-10.68004792069205,3.3880892549999317,3.3972867877362694,-1.8406035823702438,0.29999999767609,-0.8123066073050945,31.3700677871704,1.6650039052963261,1.0,110.999999673762,0.0,0.0,0.0,261.211077183813,-1.66791418790817,97.85759965774692,0.5074000098365936,32.2778963,0.999999885531928,1899.7372150421138,1916.3393020629878,71.97141572833058,-104.1168183088301,-97.94868049211821,-64.8469497,-2.0,142.324676513672,-15.5651655197144,99.9828338623047,314.975006103516,30.1095902919769,51.2970209121704,0.3572000011817008,1.2194235546,-0.306649587039494,0.4261999902418351,0.0,0.0,1.0,7.0,0.0,0.0,0.0,26050904.0,1.0,-1.0458659291577146,94.9899850328331,29.7450817108154,1.6632685375213618
2026-05-09 18:06:47+00:00,CAN,CAN,-0.21999999829579941,-0.03999999969014536,0.0,-0.0999999992253633,-0.07999999938029065,0.08999999930282707,-4.32041929746205,-2.656415421413045,1.8813605804638378,0.48473512097339055,-10.6763694369372,3.387818437999342,3.3972867877362694,-0.94147943303698,0.3000000030121752,-1.366493322242825,31.401183128356948,1.9255796098709124,1.0,110.999999673762,0.0,0.0,0.0,262.908406513318,-1.96512043476105,98.08819913846702,-0.08359999865871244,32.2778955,0.999999885531928,1899.8550653457642,1916.357517242432,176.768782734871,37.62050643563272,15.943042188882819,-64.846955,-2.0,142.426666259766,-15.5651655197144,99.9828338623047,313.975006103516,30.148383975029,51.3185739517212,0.10800000369906507,-1.4482271011109,-0.0401318036648281,0.015599999235491385,0.0,0.0,1.0,7.0,0.0,0.0,0.0,26050904.0,1.0,-1.3992865972406219,95.0436088480069,29.52988014221195,1.9233995532989479
2026-05-09 18:06:48+00:00,CAN,CAN,-0.20999999837326316,-0.02999999976760902,0.0,-0.11999999907043599,-0.1399999989155088,0.1399999989155087,-4.321300605308394,-2.6568536207369853,1.8777569726577379,0.486532591975185,-10.89649576171615,3.3870058589315244,3.39756033681253,-0.9330871048985919,0.35000000262485703,-0.5653233784000765,31.41610736846925,1.9003567171096818,1.0,110.999999673762,0.0,0.0,0.0,271.741453034788,-1.88250260353088,97.99199592400741,-0.005200000189837639,32.2778952,0.999999885531928,1899.7553586959816,1916.266679763794,99.02804791927345,-155.81547692418096,-72.14357256889345,-64.8469607,-2.0,142.367004394531,-15.5651655197144,99.9828338623047,312.975006103516,30.1309287548065,51.3185739517212,0.052400006691083634,1.29572487847868,-0.602697546548365,-0.1796000003162998,0.0,0.0,1.0,7.0,0.0,0.0,0.0,26050904.0,1.0,-0.531858970615262,95.10168594651955,29.5118144989014,1.8993492364883444
2026-05-09 18:06:49+00:00,CAN,CAN,-0.2399999981408718,-0.02999999976760902,0.0,-0.06999999945775434,-0.0999999992253634,0.03999999969014534,-4.321300605308394,-2.65714593148912,1.885324694192068,0.478983408001152,-11.26267159463065,3.387818437999342,3.39756033681253,-0.25330805344555857,0.2800000031671027,-0.22848429686569313,31.42130184173585,2.085410814285276,1.0,110.999999673762,0.0,0.0,0.0,277.033729490524,-2.08839797973633,98.00439818150234,-0.054000000015253034,32.2778956,0.999999885531928,1899.7734546661359,1916.3484334945679,151.3533785939218,56.94920141249894,4.388304986059636,-64.8469664,-2.0,140.615600585938,-15.5651655197144,99.9828338623047,311.975006103516,30.1231682300568,51.3107359409332,0.43379999909422534,-0.213365077830855,0.366242667382738,0.14759999376067473,0.0,0.0,1.0,7.0,0.0,0.0,0.0,26050904.0,1.0,-0.12130791092738447,95.17553053673115,29.4024370193481,2.0853401327133176
2026-05-09 18:06:50+00:00,CAN,CAN,-0.249999998063408,0.0,0.0,-0.0499999996126817,-0.0699999994577544,0.08999999930282718,-4.32115375624124,-2.657438242241255,1.892171489259502,0.48365659141476325,-11.483322990202002,3.3878186941314383,3.3972867877362694,0.029360958864528164,0.32000000819333313,0.266232703018097,31.52300434112545,2.2758421182632427,1.0,110.999999673762,0.0,0.0,0.0,280.879344559295,-2.30550541877747,97.96239661622023,-0.271999990689273,32.2778964,0.999999885531928,1899.7734546661363,1916.3302659988399,120.03313153982171,-131.01465404033672,-36.97742763906716,-64.8469727,-2.0,140.175384521484,-15.5651655197144,99.9828338623047,310.872985839844,30.1231682300568,51.332288980484,-0.12860000489685636,-0.994506279005122,-0.0262854777602183,-0.20259999266761422,0.0,0.0,1.0,7.0,0.0,0.0,0.0,26050904.0,1.0,0.23988995872406207,95.26311405245825,29.25045318603515,2.2755686616897597
2026-05-09 18:06:51+00:00,CAN,CAN,-0.21999999829579941,0.0,0.0,-0.06999999945775434,-0.1399999989155088,0.07999999938029063,-4.320566146529204,-2.657000042917315,1.886405528939538,0.48437566092397744,-11.58786970761965,3.3883602000665696,3.3972867877362694,-0.1632812509863238,0.28999999775355356,0.453421827906819,31.32344799041745,2.290072288513182,1.0,110.999999673762,0.0,0.0,0.0,274.070383617223,-2.24944038391113,97.94379937714811,0.3549999839098268,32.277897,0.999999885531928,1899.728131294248,1916.3666009902959,134.16338860988623,9.599552676081661,-32.140612090006485,-64.8469791,-2.0,141.161346435547,-15.5651655197144,99.9828338623047,309.872985839844,30.1212310791016,51.3205349445343,0.5604000006214954,1.8023343099271,0.333705060239399,0.15479999898762542,0.0,0.0,1.0,7.0,0.0,0.0,0.0,26050904.0,1.0,0.24754443833508297,95.355447964753,29.10360202789305,2.289694247245786
2026-05-09 18:06:52+00:00,CAN,CAN,-0.2299999982183356,0.0,0.0,-0.0999999992253633,-0.09999999922536333,0.17999999860565422,-4.32144745437555,-2.656707198556655,1.8864056570055858,0.4850943675793922,-11.6162397521109,3.3872768039981622,3.39756033681253,-1.0219695198345613,0.4000000022375384,-0.0973331638701237,31.5842960357666,2.580727400779724,1.0,110.999999673762,0.0,0.0,0.0,278.105577416596,-2.62351455688477,97.60960368521074,-0.02639999698738093,32.2778977,0.999999885531928,1899.7734785079942,1916.3847208023078,115.50791114568733,-86.13735605031255,-38.748624175786986,-64.8469862,-2.0,140.324615478516,-15.5651655197144,99.9828338623047,308.872985839844,30.1270484924316,51.3891041278839,-0.16239999383279163,-1.93828026073292,-0.735015332883584,-0.7243999756055116,0.0,0.0,1.0,7.0,0.0,0.0,0.0,26050904.0,2.0,-0.19209731616856981,95.4375400083874,29.00476455688475,2.580536255836488
2026-05-09 18:06:53+00:00,CAN,CAN,-0.2399999981408718,0.0,0.0,-0.0999999992253633,-0.1399999989155088,0.06999999945775426,-4.320713209039775,-2.65670773216518,1.8889283019981657,0.489408389764366,-11.05620607507855,3.38781856606539,3.3972867877362694,-0.07859491741022798,0.31000000293471175,-0.3750944924954755,31.5662441253662,2.5985532760620123,1.0,110.999999673762,0.0,0.0,0.0,276.013135303984,-2.57808845043182,97.29559939849777,-0.23100000461389164,32.2778984,0.999999885531928,1899.782538414,1916.3030385971058,167.32330173254,-27.963196858763666,-37.185353599488735,-64.8469935,-2.0,140.605651855469,-15.5651655197144,99.9828338623047,307.975006103516,30.1289886236191,51.3283669948578,0.5149999840044293,1.55158685971682,0.609634137259042,-0.07780000078471501,0.0,0.0,1.0,7.0,0.0,0.0,0.0,26050904.0,2.0,-0.678573226911793,95.4927347670703,29.03714847564695,2.5978798055648795
2026-05-09 18:06:54+00:00,CAN,CAN,-0.2299999982183356,0.0,0.0,-0.0999999992253633,-0.1399999989155088,0.149999998838045,-4.32174115250986,-2.656999616030495,1.888567539943942,0.48149985246262583,-11.09245474277745,3.3875477490648,3.39756033681253,-0.4802825513359483,0.3699999971338444,-0.372205969476901,31.805304908752447,2.8191390895843518,1.0,110.999999673762,0.0,0.0,0.0,277.297921207621,-2.83957164287567,96.78279835787802,0.41179999713021137,32.2778988,0.999999885531928,1899.8278617858882,1916.421008110046,110.53613498806938,-30.18453922122719,13.054241985082617,-64.8470015,-2.0,142.091430664062,-15.5651655197144,99.9828338623047,306.872985839844,30.1309287548065,51.2989819049835,-0.06940000269073367,-1.31856108236009,-0.0486541255109652,-0.7703999923246521,0.0,0.0,1.0,7.0,0.0,0.0,0.0,26050904.0,2.0,-0.34289707813159204,95.52529769393836,28.98786621093745,2.8186665487289426
2026-05-09 18:06:55+00:00,CAN,CAN,-0.2299999982183356,0.0,0.0,-0.06999999945775434,-0.0499999996126817,0.07999999938029059,-4.321300605308394,-2.656269532841245,1.8885676680099899,0.48185931251203906,-11.234302403913,3.3875477490648,3.3972867877362694,-0.5863311366386088,0.30000000301217533,-0.5485871470972975,31.88377304077145,2.9325029754638665,1.0,110.999999673762,0.0,0.0,0.0,277.620797910065,-2.94097974300384,96.35520119507856,-0.24299999564969355,32.2778998,0.999999885531928,1899.88226890564,1916.421055793764,144.21178400516513,-75.03152936697006,-80.71063384413716,-64.8470096,-2.0,139.176315307617,-15.5651655197144,99.9828338623047,305.872985839844,30.1192909479141,51.2950599193573,0.470199979495629,0.897401906461874,-0.529041160064918,-0.199999995782684,0.0,0.0,1.0,7.0,0.0,0.0,0.0,26050904.0,2.0,-0.9114309335901793,95.54710990305276,29.04017314910885,2.9313783788681023
2026-05-09 18:06:56+00:00,CAN,CAN,-0.2399999981408718,0.0,0.0,-0.0499999996126817,-0.1399999989155087,0.12999999899297232,-4.32174115250986,-2.6571459314891204,1.879919367860282,0.4883297001231802,-11.163378573345199,3.38781856606539,3.39756033681253,0.15333867467861603,0.3499999972887716,-0.5004376218215865,32.05637855529785,3.094441881179808,1.0,110.999999673762,0.0,0.0,0.0,273.767614991694,-3.09913952350616,95.8463999132368,-0.25899999425843145,32.2779002,0.999999885531928,1899.755358695982,1916.375660896302,134.34845320880393,-14.487357623875141,-25.07568523287772,-64.8470185,-2.0,142.554534912109,-15.5651655197144,99.9828338623047,304.872985839844,30.1309287548065,51.3891041278839,-0.06399999977103696,-0.48370636641834,-0.114163076820259,-0.884599976178813,0.0,0.0,1.0,7.0,0.0,0.0,0.0,26050904.0,2.0,-0.4388723270235442,95.5418096762568,28.95309963226315,3.093666143417358
2026-05-09 18:06:57+00:00,CAN,CAN,-0.2399999981408718,0.0,0.0,-0.0499999996126817,-0.089999999302827,0.08999999930282715,-4.321153756241239,-2.657291820060925,1.890009392877732,0.4818592057903334,-11.30575087838635,3.38781856606539,3.39756033681253,0.76979375967496,0.31000000293471147,0.025974273931106254,32.15028591156005,3.1847207450866697,1.0,110.999999673762,0.0,0.0,0.0,284.540681124259,-3.18540687561035,94.8951990826263,-0.26740000369159367,32.2779015,0.999999885531928,1899.7734546661382,1916.284871101378,112.87672668695438,-52.544225007295594,5.355623969808234,-64.8470274,-2.0,138.614044189453,-15.5651655197144,99.9828338623047,303.872985839844,30.1289886236191,51.3891041278839,0.4457999771233192,0.645676778704934,0.24564999465533,-0.910199994763526,0.0,0.0,1.0,7.0,0.0,0.0,0.0,26050904.0,2.0,0.023760035991936636,95.5340949775893,29.03117294311525,3.18463165283203
2026-05-09 18:06:58+00:00,CAN,CAN,-0.2399999981408718,0.0,0.0,-0.0499999996126817,-0.149999998838045,0.16999999868311758,-4.32056635997262,-2.657291820060925,1.8276686981861183,0.48221875121711105,-8.851268825845981,3.3883602000665696,3.39783388588879,1.3736604531823322,0.3800000077285512,0.674264548816236,32.350341796875,3.2423795270919795,1.0,110.999999673762,0.0,0.0,0.0,277.89479777881,-3.24391143321991,94.08340104693795,-0.5475999899951175,32.277903,0.999999885531928,1899.7553110122658,1916.339373588562,133.58874246478084,-63.903817534446716,-65.8293351531029,-64.8470368,-2.0,140.087753295898,-15.5651655197144,99.9828338623047,302.872985839844,30.1367461681366,51.3675570487976,-0.1902000010079207,-0.414731541002407,-0.880162829161879,-0.635199972881393,0.0,0.0,1.0,7.0,0.0,0.0,0.0,26050904.0,2.0,0.8714678809545771,95.5133038817558,29.061429977417,3.240454859733582
2026-05-09 18:06:59+00:00,CAN,CAN,-0.16999999868311777,0.0,0.0,-0.0499999996126817,-0.17999999860565422,0.00999999992253626,-4.31997853681717,-2.65948335028915,1.6644297596880961,0.4786240653456152,-9.98814805022248,3.388360328132618,3.3972867877362694,2.91060182918174,0.18999999852819033,1.54091010010533,32.35342826843265,3.2746160316467274,1.0,110.999999673762,0.0,0.0,0.0,289.029754654358,-3.29738309383392,93.58199959204296,-0.2855999898902316,32.2779048,0.999999885531928,1899.7281789779638,1916.34840965271,95.17940245568738,-47.74545123800635,-11.169084440916794,-64.847046,-2.0,137.578079223633,-15.5651655197144,99.9828338623047,301.872985839844,30.1542043685913,51.4518022537231,0.46319999342367496,0.438907395776064,1.11660402126874,-0.6609999826066544,0.0,0.0,1.0,7.0,0.0,0.0,0.0,26050904.0,2.0,1.8553455211653422,95.4995820317132,29.122531127929697,3.26799964427948
2026-05-09 18:07:00+00:00,CAN,CAN,-0.149999998838045,0.0,0.0,-0.0499999996126817,-0.05999999953521802,0.1799999986056539,-4.319537989615705,-2.65758413081306,1.662628062506752,0.4782646266405434,-6.326912870879299,3.388089767264124,3.3972867877362694,3.0486938681134617,0.35000000262485675,2.058619549450375,32.449893379211446,3.313251214027404,1.0,110.999999673762,0.0,0.0,0.0,283.27122216512,-3.30130019187927,92.59319720401375,-0.5042000021774192,32.2779069,0.999999885531928,1899.691915512082,1916.24855995178,139.2790079116822,-29.160492680966797,12.3955275863409,-64.8470555,-2.0,139.097442626953,-15.5651655197144,99.9828338623047,300.872985839844,30.1677823066711,51.44984126091,-0.024799999827900338,-0.363331486012005,-0.979796079245324,-0.918200008575376,0.0,0.0,1.0,7.0,0.0,0.0,0.0,26050904.0,1.0,2.154644901515148,95.49462672947041,29.128932380676247,3.30474500656128
2026-05-09 18:07:01+00:00,CAN,CAN,-0.1799999986056542,0.00999999992253634,0.0,-0.0499999996126817,-0.10999999914789964,0.049999999612681735,-4.319537989615705,-2.6600679717934197,1.6550610453356795,0.4872514907296702,-3.9328471499205504,3.38808938306598,3.3972867877362694,3.89517509214296,0.22999999821833567,1.57021694772997,32.399043846130354,3.39491147518158,1.0,110.999999673762,0.0,0.0,0.0,288.015307638071,-3.41664462089539,91.97299963492256,-0.4843999988089811,32.2779093,0.999999885531928,1899.7734785079938,1916.3302898406978,130.3513288497924,-63.4293673792853,-102.17469260096561,-64.8470652,-2.0,137.209365844727,-15.5651655197144,99.9828338623047,299.872985839844,30.1658421754837,51.4674782752991,0.3202000073380104,0.35727756384942,1.10427947851998,-0.6955999973863919,0.0,0.0,1.0,7.0,0.0,0.0,0.0,26050904.0,1.0,1.500161170172692,95.461828161076,29.04085636138915,3.390726542472838
2026-05-09 18:07:02+00:00,CAN,CAN,-0.149999998838045,0.00999999992253634,0.0,-0.0499999996126817,-0.09999999922536339,0.17999999860565405,-4.3186560414391355,-2.65904515096521,1.662988675150586,0.48473509962904926,0.007879263537839964,3.3870058589315244,3.39783388588879,3.95392154919424,0.35999999721130804,1.513546494660405,32.3388387680054,3.4092683315277106,1.0,110.999999673762,0.0,0.0,0.0,286.294181929498,-3.40857396125793,90.75519739647679,-0.3207999967679135,32.2779118,0.999999885531928,1899.74625110626,1916.348385810852,127.26425528526299,-49.07726226374508,66.59799311310051,-64.847075,-2.0,138.03044128418,-641.116638183594,900.057800292969,298.872985839844,30.1658421754837,51.4420092105866,0.0901999997815253,-0.221064715397656,-0.824612900642165,-1.5263999395108478,0.0,0.0,1.0,7.0,0.0,0.0,0.0,26050904.0,1.0,1.6647812582982557,95.3921943824877,28.91316089630125,3.4072317838668793
2026-05-09 18:07:03+00:00,CAN,CAN,-0.16999999868311777,0.02999999976760902,0.0,-0.0499999996126817,-0.07999999938029065,0.029999999767608997,-4.318068645170515,-2.661674987239075,1.6572230349957422,0.4908463473558946,1.3443946720700701,3.3880895111320277,3.39756033681253,4.424655625470578,0.209999998373263,1.66065142710529,32.098962593078596,3.40660539150238,1.0,110.999999673762,0.0,0.0,0.0,291.039660761039,-3.43531687259674,89.52899948950325,-0.6048000068409418,32.2779146,0.999999885531928,1899.691915512082,1916.2576198577858,128.3355966210366,-52.53586154431103,-111.75918430089946,-64.847085,-2.0,136.305572509766,-641.628784179688,891.884399414062,297.872985839844,30.1677823066711,51.4792323112488,-0.019399999826375046,-0.701759782145026,0.325435408701806,-0.8345999819022174,0.0,0.0,1.0,7.0,0.0,0.0,0.0,26050904.0,1.0,1.85845752610593,95.28974837512669,28.6801863670349,3.404024806022646
2026-05-09 18:07:04+00:00,CAN,CAN,-0.1599999987605814,0.03999999969014536,0.0,-0.0499999996126817,-0.1699999986831178,0.09999999922536337,-4.318949739573445,-2.66211361344984,1.669835384840654,0.4814998631347966,4.3636397740345405,3.38808938306598,3.3972867877362694,4.571139789769447,0.27999999783101737,2.0857476734514853,31.79351348876955,3.239557371139526,1.0,110.999999673762,0.0,0.0,0.0,288.629888059589,-3.21966726779938,88.4191989342894,-0.4981999904845097,32.2779172,0.999999885531928,1899.7462987899762,1916.1940813064582,96.99106812477125,-49.49243743903925,17.260602116584824,-64.8470947,-2.0,137.873184204102,-642.404602050781,893.081848144531,296.872985839844,30.1852405071259,51.4988243579864,0.24239999521411432,1.24139840759404,-0.18259231419581,-1.8327998991444343,0.0,0.0,1.0,7.0,0.0,0.0,0.0,26050904.0,1.0,2.208052498513002,95.16603315869025,28.52643270492555,3.2360038948059078
2026-05-09 18:07:05+00:00,CAN,CAN,-0.1799999986056542,0.0499999996126817,0.0,-0.0499999996126817,-0.06999999945775434,0.11999999907043606,-4.316893425746445,-2.661528671780445,1.662628275950162,0.4868918492533572,7.38130774263097,3.3886312731992563,3.3972867877362694,4.981600776337644,0.3099999975986262,2.189629514642095,31.53417263031005,3.116242146492006,1.0,110.999999673762,0.0,0.0,0.0,299.172667534097,-3.13815815448761,86.3997988646618,-0.7555999862494394,32.2779209,0.999999885531928,1899.7553110122662,1916.1758899688698,155.2332416176798,-83.4749318659306,-44.980373978614864,-64.8471043,-2.0,134.156875610352,-643.085815429688,894.183959960938,295.872985839844,30.181360244751,51.5125393867493,-0.011000000982006996,-1.35905887477468,-0.100926617105917,-1.5307999687185123,0.0,0.0,1.0,7.0,0.0,0.0,0.0,26050904.0,1.0,2.3535666905723622,95.0095159587648,28.347414779663097,3.111653723716736
2026-05-09 18:07:06+00:00,CAN,CAN,-0.149999998838045,0.0499999996126817,0.0,-0.0499999996126817,-0.1399999989155087,0.049999999612681714,-4.316746576679289,-2.661821302697705,1.6547005394135499,0.4858137038928706,2.867939016210645,3.3875476209987516,3.39756033681253,6.557452203246053,0.2100000037093482,2.39694902128384,31.20999698638915,2.7660271453857437,1.0,110.999999673762,0.0,0.0,0.0,299.889099736518,-2.76270747184753,84.83099866892039,-0.5824000065875734,32.2779247,0.999999885531928,1899.809718132018,1916.3574934005742,80.89227229356766,-13.26555944979184,-43.114126846194196,-64.8471132,-2.0,135.224395751953,-643.66162109375,895.087219238281,294.975006103516,30.181360244751,51.524293422699,0.23379999664143467,0.842479821737272,0.0565432874870208,-2.301599900635578,0.0,0.0,1.0,7.0,0.0,0.0,0.0,26050904.0,1.0,2.5555789267856,94.80754384991295,28.3685231208801,2.761472969055176
2026-05-09 18:07:07+00:00,CAN,CAN,-0.1699999986831178,0.06999999945775434,0.0,-0.0499999996126817,-0.1899999985281906,0.17999999860565405,-4.315718633209205,-2.65992154961309,1.657583498229188,0.4865324852534794,1.31707759728887,3.387818437999342,3.39756033681253,7.673251030589012,0.3399999973662352,2.83135662973776,30.8398881912231,2.286656956672668,1.0,110.999999673762,0.0,0.0,0.0,308.117319346606,-2.26171159744263,81.96019776075882,-0.6309999828390465,32.2779292,1.0000000349423162,1899.73723888397,1916.257596015928,81.0388587415218,-148.85910749435408,-20.84724958986044,-64.8471213,-2.0,133.263061523438,-644.48046875,896.225463867188,293.975006103516,30.1988154649734,51.5517234802246,-0.09140000198670506,0.0796395121344594,-0.0609463249127659,-3.0995999083278,0.0,0.0,1.0,7.0,0.0,0.0,0.0,26050904.0,1.0,3.2800096649228037,94.56052322839025,28.399729442596453,2.2803844499588015
2026-05-09 18:07:08+00:00,CAN,CAN,-0.1799999986056542,0.07999999938029065,0.0,-0.0499999996126817,-0.0499999996126817,0.08999999930282707,-3.6512875424255897,-2.6638665174672953,1.64785393644519,0.490127363224045,-0.092464432940988,3.388360456198666,3.3972867877362694,9.0053433366808,0.23999999814087208,4.191527437964975,30.382252693176248,1.7827665281295761,1.0,110.999999673762,0.0,0.0,0.0,313.226710657125,-1.80562169551849,78.4827981901436,-1.0771999982723581,32.2779345,0.999999970909292,1899.9366283416741,1916.148686408996,130.78512027859702,-2.58621209068223,-49.45523738861078,-64.8471284,-2.0,131.592926025391,-645.188720703125,897.58837890625,292.975006103516,40.2870714664459,51.5673995018005,-0.1298000051843806,-1.29329706639385,-0.0193874536059682,-3.3441998681199463,0.0,0.0,1.0,7.0,0.0,0.0,0.0,26050904.0,1.0,4.920136587015618,94.25784339532115,28.46624393463135,1.772283403873444
2026-05-09 18:07:09+00:00,CAN,CAN,-0.1699999986831178,0.0999999992253633,0.0,-0.0499999996126817,-0.06999999945775434,0.09999999922536339,-2.97554779281055,-2.659191039537015,1.6316381282045722,0.48006191621543826,-7.513702421955211,3.388360456198666,3.39756033681253,10.94282826457354,0.27000000324456624,6.282445351174751,29.79587459564205,1.058249173164368,1.0,110.999999673762,0.0,0.0,0.0,323.781702509869,-1.01396695375442,75.75859909628936,-0.8357999927785349,32.2779396,0.9999999922536331,1899.7825145721422,1916.17591381073,49.67924030497669,-84.62317921221242,-28.54813262820246,-64.847134,-2.0,131.183532714844,-645.981018066406,898.672241210938,291.975006103516,56.8441450595856,51.5732765197754,0.0432000073493198,1.38391756170235,0.0948467548987209,-2.867399858153036,0.0,0.0,1.0,7.0,0.0,0.0,0.0,26050904.0,1.0,6.922577723820927,93.9183249369636,28.5772204399109,1.044530564546584
2026-05-09 18:07:10+00:00,CAN,CAN,-0.1699999986831178,0.0999999992253633,0.0,-0.0499999996126817,-0.0999999992253633,0.08999999930282691,-2.97598844673372,-2.66240549731515,1.6366832474350002,0.4872513840079642,-7.5735920819188145,3.388089767264124,3.39756033681253,11.42767624375078,0.25000000339949346,8.263126572501465,29.3866561889648,0.5150982266664506,1.0,110.999999673762,0.0,0.0,0.0,331.380069395455,-0.532468807697296,72.57339911648079,-0.7413999802763003,32.2779453,1.0000000776309985,1899.7462749481178,1916.21220111847,131.7464292049408,-55.082991719245896,-30.00701181590548,-64.8471383,-2.0,129.456802368164,-646.529968261719,899.801452636719,290.975006103516,69.6266114711762,51.600706577301,-0.1596000031392697,-1.05519197617216,0.415080360897754,-2.634599946614416,0.0,0.0,1.0,7.0,0.0,0.0,0.0,26050904.0,1.0,8.995583850130489,93.5613792509387,28.70205774307255,0.5039369943737984
2026-05-09 18:07:11+00:00,CAN,CAN,-0.1699999986831178,0.0999999992253633,0.0,-0.0499999996126817,-0.13999999891550866,0.17999999860565413,-2.97701649692551,-2.660213860365225,1.6384847738616162,0.4840160301198351,-8.791378098665305,3.3886312731992563,3.39756033681253,11.04925832127744,0.35999999721130804,10.189629239227765,28.947779846191402,0.09636452592909335,1.0,110.999999673762,0.0,0.0,0.0,342.398175394683,0.076358051598072,70.73519986742008,-1.0682000074134226,32.2779514,1.00000009897534,1899.8097419738758,1916.166830062864,78.70322316885002,-68.39745715260506,-58.16615596413605,-64.8471413,-2.0,128.565795898438,-647.284606933594,900.814453125,289.975006103516,69.6130335330963,51.583069562912,0.21919999771502696,0.60915250220085,-1.14973865631465,-1.7771999608333922,0.0,0.0,1.0,7.0,0.0,0.0,0.0,26050904.0,1.0,10.514058016784102,93.1896837714012,28.85001525878905,0.09320682261139157
2026-05-09 18:07:12+00:00,CAN,CAN,-0.1599999987605814,0.0999999992253633,0.0,-0.0499999996126817,-0.089999999302827,0.049999999612681686,-2.975988340012015,-2.660944477163,1.632719496560572,0.47646713429440773,-6.52497384265768,3.38781856606539,3.3981074349650497,12.825381396066462,0.20999999837326308,11.54071066649525,29.24526042938235,0.6924929594993599,1.0,110.999999673762,0.0,0.0,0.0,353.201185076569,0.704940265417099,68.83399758741733,-1.377799932017498,32.2779579,1.00000009897534,1899.836921691894,1916.130518913268,111.08990311622615,-112.36197501420986,1.8838467076420613,-64.8471431,-2.0,127.893905639648,-648.007934570312,901.663879394531,288.975006103516,69.6479499340057,51.6163766384125,-0.2589999982604952,-0.171580621850935,0.324915193746974,-1.871199969710186,0.0,0.0,1.0,7.0,0.0,0.0,0.0,26050904.0,1.0,12.22357701414594,92.81708670689325,28.78433933258055,0.662001108527184
2026-05-09 18:07:13+00:00,CAN,CAN,-0.1699999986831178,0.10999999914789964,0.0,-0.0499999996126817,-0.07999999938029068,0.029999999767608875,-2.97628214486803,-2.662697701345575,1.631277664971126,0.4865325813030146,-5.916081474614675,3.38808938306598,3.3981074349650497,13.24080186836838,0.17999999860565402,13.1272082238856,30.12341136932375,1.5576839804649338,1.0,110.999999673762,0.0,0.0,0.0,4.08190460933356,1.55207086801529,67.06039963356447,-0.9801999782130238,32.2779657,1.00000009897534,1899.864101409912,1916.194057464596,55.887352675199416,-60.08035391569136,-68.6105608940124,-64.8471432,-2.0,127.780540466309,-648.869812011719,902.61474609375,287.872985839844,69.6460068225861,51.6183376312256,-0.1320000021124296,-0.495922853439995,0.354557894579712,-1.3048000014184855,0.0,0.0,1.0,7.0,0.0,0.0,0.0,26050904.0,1.0,14.20244793652184,92.45407922798,28.82259063720705,1.4692209935188298
2026-05-09 18:07:14+00:00,CAN,CAN,-0.16999999868311777,0.13999999891550866,0.0,-0.0499999996126817,-0.03999999969014532,0.1399999989155088,-2.975400943743395,-2.661821302697705,1.635962555755858,0.4836566127591042,-4.492355435995375,3.3889023463319417,3.39756033681253,13.820253943965842,0.31000000293471175,14.693115749136101,30.863160324096647,2.31891049861908,1.0,110.999999673762,0.0,0.0,0.0,16.0793086176057,2.31699063777924,65.8981978670383,-1.503800017486042,32.277974,1.00000009897534,1899.8187780380242,1916.2485361099218,88.0652524530888,-127.04277783632267,-30.076397024095076,-64.8471411,-2.0,126.595657348633,-649.603942871094,903.387817382812,286.872985839844,69.6557104587555,51.649683713913,0.03579999955926267,0.70377836984903,-0.777041059959849,-1.8243999830927646,0.0,0.0,1.0,7.0,0.0,0.0,0.0,26050904.0,1.0,16.2220612788063,92.1148647130405,28.77258911132815,2.15263207912445
2026-05-09 18:07:15+00:00,CAN,CAN,-0.1599999987605814,0.149999998838045,0.0,-0.0499999996126817,0.06999999945775434,0.08999999930282707,-2.97554779281055,-2.66722675709553,1.6316383416479838,0.48149976708526143,-6.59799838328205,3.388089639198076,3.39783388588879,14.673602069432139,0.2499999980634084,16.42386860934445,31.502130317688,3.229859619140624,1.0,110.999999673762,0.0,0.0,0.0,22.0841189452939,3.26159448623657,64.29079754022146,-1.3908000231638562,32.2779834,1.00000009897534,1899.791598320006,1916.2303924560522,78.33526879549022,-78.77199798822402,-37.7984881401062,-64.8471375,-2.0,125.93970489502,-650.827941894531,913.192260742188,285.872985839844,69.6751058101654,51.6261756420136,-0.44939998040380524,-0.23976146445628,0.301466007067983,-0.5433999946166861,0.0,0.0,1.0,7.0,0.0,0.0,0.0,26050904.0,1.0,18.620361653017437,91.8069529550671,28.684608364105202,2.9276135873794544
2026-05-09 18:07:16+00:00,CAN,CAN,-0.1599999987605814,0.13999999891550866,0.0,-0.0499999996126817,0.12999999899297238,0.089999999302827,-2.974666591685915,-2.6635746336019848,1.628034797874906,0.48114033905236,-6.076841289231735,3.3886312731992563,3.3972867877362694,15.007387950019318,0.25999999798594486,18.050951150783,32.408873176574744,4.100083065032958,1.0,110.999999673762,0.0,0.0,0.0,30.621500237973,4.07624917030334,63.65240161510574,-1.6135999401160261,32.2779934,1.00000009897534,1899.8459815979,1916.2213087081898,84.76556837558762,-72.45662026107306,-31.208461662754395,-64.847131,-2.0,125.262138366699,-652.139221191406,904.634765625,284.872985839844,69.6421325206756,51.6242146492004,0.12419999978495308,0.251990331195806,-0.367980123433286,-1.1845999951992439,0.0,0.0,1.0,7.0,0.0,0.0,0.0,26050904.0,1.0,20.9000209583265,91.54531572872065,28.7081997871399,3.6286502838134735
2026-05-09 18:07:17+00:00,CAN,CAN,-0.1799999986056542,0.149999998838045,0.0,-0.0499999996126817,0.199999998450727,0.0699999994577544,-2.973932346350135,-2.669126083293325,1.642809286790266,0.4804213549205102,-7.971290518513385,3.38863101706716,3.3981074349650497,15.08635245003276,0.2499999980634084,19.518704161905347,33.289341545105,5.15357434272766,1.0,110.999999673762,0.0,0.0,0.0,36.7783010577142,5.14718356132507,62.88939981688577,-1.571000007573976,32.2780042,1.00000009897534,1899.800658226012,1916.203141212462,29.440894164144982,-135.2476209402082,-25.478150323033322,-64.8471223,-2.0,124.57364654541,-653.298706054688,905.218627929688,283.872985839844,69.6712255477905,51.6242146492004,-0.6717999951161558,-1.23872043983087,0.259739127448332,-0.18859999117523749,0.0,0.0,1.0,7.0,0.0,0.0,0.0,26050904.0,1.0,23.08325472651848,91.33687884581934,28.746322345733653,4.451065435409546
2026-05-09 18:07:18+00:00,CAN,CAN,-0.1799999986056542,0.149999998838045,0.0,-0.0499999996126817,0.1499999988380448,0.10999999914789986,-2.97275734036948,-2.66810368935194,1.639205743017192,0.4804215470195806,-8.714675074286056,3.388089767264124,3.39756033681253,15.110766619711521,0.27000000324456647,20.3994749846251,34.5273067474365,6.346365737915038,1.0,110.999999673762,0.0,0.0,0.0,40.8815337865048,6.39076681137085,62.495398988575744,-1.7595999934131261,32.2780162,1.00000009897534,1899.8097181320184,1916.1577463150018,73.38503636419766,-134.6038058400155,-11.366179306060065,-64.8471103,-2.0,124.048828125,-654.998840332031,905.752258300781,282.872985839844,69.6654081344604,51.649683713913,0.12159999597978743,1.59917043978677,-0.331172607522058,-0.8867999587661333,0.0,0.0,1.0,7.0,0.0,0.0,0.0,26050904.0,1.0,24.80333609916756,91.18201113657844,28.8552749633789,5.388757638931276
2026-05-09 18:07:19+00:00,CAN,CAN,-0.1799999986056542,0.149999998838045,0.0,-0.0499999996126817,-0.00999999992253634,0.09999999922536347,-2.971876139244845,-2.6735095706365897,1.635602156555434,0.4761077062615063,-10.42051994213865,3.3883602000665696,3.3972867877362694,15.196215701322938,0.25999999798594486,21.11583461628615,35.475708389282204,7.644353799819943,1.0,110.999999673762,0.0,0.0,0.0,46.2718166266413,7.65106945037842,62.31340040191378,-1.879999964092488,32.2780294,1.00000009897534,1899.8097419738763,1916.2485599517797,53.41168846935037,-41.585095378104626,-21.387719735503204,-64.8470955,-2.0,122.824272155762,-656.976989746094,915.437133789062,281.872985839844,69.7138965129852,51.6888737678528,-0.604799996168771,-0.878956500360578,-0.490981318297197,1.2187999583287739,0.0,0.0,1.0,7.0,0.0,0.0,0.0,26050904.0,1.0,26.43680111087604,91.0668473169829,28.8267963409424,6.399135217666625
2026-05-09 18:07:20+00:00,CAN,CAN,-0.16999999868311777,0.1599999987605814,0.0,-0.0499999996126817,0.0499999996126817,0.1099999991478996,-2.964532832113435,-2.672486856530085,1.63812454541592,0.473591336505227,-11.40346783352075,3.3891734194646275,3.39756033681253,15.0733826038178,0.2899999977535538,21.438013785662,37.02156200408935,8.930107212066648,1.0,110.999999673762,0.0,0.0,0.0,52.89630781961,8.90493392944336,64.27099818785545,-1.9801999918109978,32.2780432,2.506085540446348,1899.909448623658,1916.2848234176622,103.75879481434795,-89.32684361934668,25.56369827943856,-64.8470762,-2.0,122.165824890137,-658.179931640625,915.39892578125,280.872985839844,69.7158396244049,51.6457676887512,0.18439999979886953,-0.266554082094845,-0.0512486502404312,2.321599953841506,0.0,0.0,1.0,7.0,0.0,0.0,0.0,26050904.0,1.0,27.674894816817538,91.01755384174291,29.05231475830075,7.415077800750732
2026-05-09 18:07:21+00:00,CAN,CAN,-0.1699999986831178,0.1899999985281906,0.0,-0.0499999996126817,0.01999999984507268,0.10999999914789974,-2.961448681538055,-2.67321736660616,1.6374037683594138,0.4768265836716504,-11.833212663927402,3.389173163332532,3.39756033681253,14.01709265339224,0.28000000316710233,23.56199429676625,38.7833261489868,9.931541061401358,1.0,110.999999673762,0.0,0.0,0.0,58.9142952897544,9.9818790435791,67.43160129042501,-1.7289999561908442,32.2780564,8.114884317510231,1899.8550415039058,1916.3393259048457,115.57930111885089,-63.450930640101504,33.97317081689832,-64.8470526,-2.0,121.49836730957,-659.700927734375,915.069702148438,279.872985839844,69.7022616863251,51.6869127750397,-0.2854000000837035,-0.138789977543188,-0.112254265730865,3.9225998384531247,0.0,0.0,1.0,7.0,0.0,0.0,0.0,26050904.0,1.0,28.57154600011226,91.07154648713185,29.48916034698485,8.256344547271727
2026-05-09 18:07:22+00:00,CAN,CAN,-0.16999999868311777,0.1899999985281906,0.0,-0.0499999996126817,-0.03999999969014538,0.06999999945775434,-2.96277042986416,-2.67000301554973,1.6370436466354241,0.4818592911676977,-12.375384542506549,3.389173163332532,3.3972867877362694,12.38173226418908,0.2500000033994936,23.00535607752505,39.4170913696289,9.884668064117422,1.0,110.999999673762,0.0,0.0,0.0,65.8556321281308,9.8729118347168,71.53199880769111,-1.10480000296776,32.2780678,5.580922982136408,1899.873161315918,1916.303014755248,154.90604937076563,-50.4776619374752,-27.389952912926663,-64.8470262,-2.0,121.143928527832,-661.088684082031,914.17041015625,278.872985839844,69.7235941886902,51.6986668109894,0.49379999862944357,-0.0660180471964045,1.31402242165661,4.329999704990054,0.0,0.0,1.0,7.0,0.0,0.0,0.0,26050904.0,1.0,28.340826991081645,91.2517507830989,29.97839012145995,8.376259117126462
2026-05-09 18:07:23+00:00,CAN,CAN,-0.1799999986056542,0.149999998838045,0.0,-0.0499999996126817,-0.06999999945775436,0.11999999907043621,-2.967176435487345,-2.66459702754337,1.636322954956282,0.48221872987276965,-12.00500515504475,3.38863101706716,3.39783388588879,8.492266527173332,0.2899999977535536,22.0750382087924,39.70081844329835,9.317237949371336,1.0,110.999999673762,0.0,0.0,0.0,70.9691147219634,9.25543556213379,76.05179999282834,-1.142200005772972,32.2780766,3.499404540474649,1899.8097419738758,1916.2122011184679,157.65147060155869,-53.025771677494035,-10.012925416231147,-64.8469998,-2.0,120.38062286377,-661.8828125,913.255554199219,277.872985839844,69.7255373001099,51.6849517822266,0.1338000027521566,-1.12397358193977,-0.0911547841882778,4.0963999356109415,0.0,0.0,1.0,7.0,0.0,0.0,0.0,26050904.0,1.0,26.685333936280962,91.53293942594459,30.77852268218995,8.164782085418699
2026-05-09 18:07:24+00:00,CAN,CAN,-0.1799999986056542,0.149999998838045,0.0,-0.0499999996126817,-0.12999999899297238,0.14999999883804507,-2.967176435487345,-2.666350358447655,1.6417282172550423,0.4814998631347964,-11.13868615883515,3.387276675932114,3.3972867877362694,7.863986112218373,0.31000000293471164,20.09238967954135,39.9220487594604,9.011821117401121,1.0,110.999999673762,0.0,0.0,0.0,75.1395189461464,9.03429880142212,79.81799772004356,-0.8895999841442093,32.2780834,1.0000000562866571,1899.836921691894,1916.2757873535143,108.95685553550705,-76.96240805089465,-15.442417515441775,-64.8469738,-2.0,119.674690246582,-662.695556640625,911.906127929688,276.872985839844,69.7041988372803,51.6927897930145,0.0548000004292728,1.18370508033541,0.448739373045018,3.693400034248654,0.0,0.0,1.0,7.0,0.0,0.0,0.0,26050904.0,1.0,25.125396594006595,91.89226884798981,31.4390979766846,8.135503692626951
2026-05-09 18:07:25+00:00,CAN,CAN,-0.1599999987605814,0.149999998838045,0.0,-0.0499999996126817,-0.08999999930282705,0.08999999930282714,-2.969526340726945,-2.66225918185652,1.635241778699352,0.4771860223767222,-9.48380261304051,3.387818437999342,3.3972867877362694,6.75238324083728,0.26000000332203005,19.171425754877,39.67865352630615,8.296269035339353,1.0,110.999999673762,0.0,0.0,0.0,80.2742570886761,8.29019393920898,83.35840032160078,-0.6653999851338922,32.278088,0.9999999068762688,1899.782538414,1916.15777015686,149.267028272152,-35.287105850875385,6.212862953543654,-64.8469487,-2.0,120.092620849609,-663.174743652344,910.862121582031,275.872985839844,69.7177767753601,51.6281366348267,0.3617999868453591,-0.0135054384335507,0.294520078208051,3.461999884603064,0.0,0.0,1.0,7.0,0.0,0.0,0.0,26050904.0,1.0,23.525399850740637,92.3077355948233,31.71756019592285,7.644962940216064
2026-05-09 18:07:26+00:00,CAN,CAN,-0.16999999868311777,0.149999998838045,0.0,-0.0499999996126817,-0.1399999989155088,0.1499999988380448,-2.971729290177685,-2.659921656334795,1.637403576260344,0.47934303880529433,-7.127037302191145,3.3883602000665696,3.39756033681253,5.278003153295332,0.30999999759862606,18.4379846738754,39.331262397766096,7.67226259231567,1.0,110.999999673762,0.0,0.0,0.0,83.3911319541414,7.70869617462158,86.35459667273463,-0.3302000019244614,32.2780907,0.999999885531928,1899.7462987899762,1916.2575960159297,106.62671104073524,-44.63694021105757,-34.09794354811311,-64.8469253,-2.0,120.005584716797,-663.686889648438,909.62451171875,274.872985839844,69.614976644516,51.457679271698,0.1918000015024546,0.348588229203842,-0.319692153424751,2.5077998752393382,0.0,0.0,1.0,7.0,0.0,0.0,0.0,26050904.0,1.0,22.35085900596936,92.77087364696894,31.94637966156005,7.170078392028808
2026-05-09 18:07:27+00:00,CAN,CAN,-0.16999999868311777,0.149999998838045,0.0,-0.0499999996126817,-0.089999999302827,0.1599999987605814,-2.97731019505982,-2.659483350289145,1.630196467369854,0.4858131596121716,-7.788465564339185,3.387005730865476,3.3972867877362694,4.298388650360222,0.3199999975211628,17.91081445203455,38.82057151794435,7.002356815338136,1.0,110.999999673762,0.0,0.0,0.0,85.6203827558284,7.0260353565216,88.69420147480378,-0.47739996204421703,32.2780922,0.999999885531928,1899.7734546661363,1916.284894943236,180.04887104034418,-34.23111829906702,-30.98791167140006,-64.8469036,-2.0,120.246467590332,-664.017761230469,908.474792480469,273.872985839844,69.6013987064362,51.406741142273,0.19760000071047373,0.326072537285321,0.472844924894991,2.314199956139982,0.0,0.0,1.0,7.0,0.0,0.0,0.0,26050904.0,1.0,21.45359822829122,93.2706624942009,32.0322172164917,6.601978712081911
2026-05-09 18:07:28+00:00,CAN,CAN,-0.1599999987605814,0.149999998838045,0.0,-0.05999999953521802,-0.1499999988380451,0.05999999953521799,-2.9771633459926647,-2.65860695164127,1.6301966594689241,0.4786240546734448,-8.39262952048584,3.3880892549999317,3.39783405664352,3.078829986080708,0.24000000347695716,17.277217930093848,38.23095245361325,6.335788993835445,1.0,110.999999673762,0.0,0.0,0.0,89.1193588940318,6.29077663421631,90.85880180392104,-0.08560000094440687,32.2780926,0.999999885531928,1899.8097181320184,1916.2576436996437,148.45191538333876,-29.75755892693986,16.29019156098365,-64.8468838,-2.0,121.008232116699,-664.375427246094,907.150512695312,272.872985839844,69.6072161197662,51.4204561710358,0.16520000320261172,-0.980077824548587,0.278285892489694,2.0353998731357503,0.0,0.0,1.0,7.0,0.0,0.0,0.0,26050904.0,1.0,20.18667429386308,93.79804872077425,32.0502674102783,6.03435161590576
2026-05-09 18:07:29+00:00,CAN,CAN,-0.149999998838045,0.12999999899297232,0.0,-0.08999999930282697,-0.1399999989155088,0.15999999876058146,-2.9774570441269796,-2.65816875231733,1.63091705232729,0.47970238146083144,-8.471959179487776,3.3870058589315244,3.398107178832954,0.8167145766076687,0.329999997443699,16.25628052654805,37.83321819305419,5.8493537807464575,1.0,110.999999673762,0.0,0.0,0.0,89.915547215391,5.85734539031982,93.04239552308228,-0.2536000036367435,32.2780928,0.999999885531928,1899.782538414,1916.212224960324,115.09399861097327,-48.53293998166928,-32.83477611839777,-64.8468657,-2.0,120.339973449707,-664.34521484375,906.074096679688,271.872985839844,69.6091532707214,51.4674782752991,0.2307999972983339,0.599434370311538,-0.780083215544002,2.063399956161782,0.0,0.0,1.0,7.0,0.0,0.0,0.0,26050904.0,1.0,18.569202511605642,94.33339211773065,32.07987899780275,5.639422044754026
2026-05-09 18:07:30+00:00,CAN,CAN,-0.1799999986056542,0.149999998838045,0.0,-0.0999999992253633,-0.089999999302827,0.07999999938029072,-2.9767226920694947,-2.6591915731455398,1.629836174891136,0.4768266797211854,-9.401845892529055,3.38808938306598,3.3978338858887893,0.953280644557099,0.2499999980634085,14.78490922271285,37.1804723739624,5.31057291984558,1.0,110.999999673762,0.0,0.0,0.0,91.00906050151,5.3104245185852,94.78519752000538,-0.3690000014104585,32.2780925,0.999999885531928,1899.764418601988,1916.293931007384,106.02480471134186,-53.00089418888094,-27.110474556684483,-64.8468492,-2.0,120.425422668457,-664.532348632812,905.132141113281,270.872985839844,69.6013987064362,51.4204561710358,0.15540000125748393,0.110395106915086,0.645348609459656,2.0105999471792777,0.0,0.0,1.0,7.0,0.0,0.0,0.0,26050904.0,1.0,16.752664182969276,94.8632713633511,31.94759330749515,5.180418491363527
2026-05-09 18:07:31+00:00,CAN,CAN,-0.1599999987605814,0.11999999907043599,0.0,-0.0999999992253633,-0.1399999989155088,0.179999998605654,-2.9774570441269796,-2.65773055299339,1.629836174891136,0.4793427506566886,-10.838180460356199,3.387818437999342,3.3981074349650497,0.21132207136680528,0.329999997443699,13.7361131850899,36.6012439727783,4.718215255737304,1.0,110.999999673762,0.0,0.0,0.0,95.3601163990507,4.67343592643738,97.25860162980163,-0.07240000082487756,32.2780916,0.999999885531928,1899.7462749481183,1916.2394762039162,166.840162873268,-51.593659073114395,-37.189147737808526,-64.8468343,-2.0,120.547813415527,-663.943603515625,904.075805664062,269.872985839844,69.5917010307312,51.3636350631714,0.3204000051486659,-1.3184395263372,-0.417709183315415,2.3027999008397257,0.0,0.0,1.0,7.0,0.0,0.0,0.0,26050904.0,1.0,15.26052398141536,95.384892910265,31.86346549987795,4.638191957473754
2026-05-09 18:07:32+00:00,CAN,CAN,-0.1799999986056542,0.11999999907043599,0.0,-0.0999999992253633,-0.12999999899297238,0.07999999938029059,-2.97731019505982,-2.659337461717345,1.629836174891136,0.48868942697685747,-11.76386532639745,3.3872768039981622,3.3978338858887893,0.1888153510751827,0.2600000033220298,12.2978674449556,36.1720733642578,4.370854511260986,1.0,110.999999673762,0.0,0.0,0.0,96.5728916182674,4.40186033248901,99.269800008274,-0.3177999935895014,32.2780906,0.999999885531928,1899.7462987899758,1916.2576198577858,112.13362962007527,-57.25921196863055,-11.202261783182639,-64.8468208,-2.0,120.335021972656,-663.747192382812,903.32958984375,268.975006103516,69.5955753326416,51.3479650020599,0.1541999995525622,1.62083601327747,0.342540176735075,2.113599946915012,0.0,0.0,1.0,7.0,0.0,0.0,0.0,26050904.0,1.0,13.30240932090822,95.91545175970779,31.808552742004352,4.323807535171508
2026-05-09 18:07:33+00:00,CAN,CAN,-0.1599999987605814,0.11999999907043597,0.0,-0.0999999992253633,-0.12999999899297246,0.13999999891550857,-2.9784850943187697,-2.6580223301370003,1.629475882412418,0.48689183858118684,-13.0005624294084,3.3872768039981622,3.39783388588879,-1.2603881264113344,0.3099999975986262,10.391022489547465,35.6234933853149,3.843077316284178,1.0,110.999999673762,0.0,0.0,0.0,98.3697094832226,3.80705065727234,101.55179762884539,-0.3069999957542355,32.2780888,0.999999885531928,1899.791598320006,1916.157722473142,128.0796095728876,-25.3939788788556,-4.346174187958232,-64.8468089,-2.0,120.210144042969,-663.958251953125,902.470581054688,267.975006103516,69.5936381816864,51.3636350631714,0.17879999439944233,-1.3017818688903,-0.981222308121387,2.310799973348516,0.0,0.0,1.0,7.0,0.0,0.0,0.0,26050904.0,1.0,10.994020532402798,96.4295088721159,31.734472274780302,3.824906015396118
2026-05-09 18:07:34+00:00,CAN,CAN,-0.16999999868311777,0.11999999907043599,0.0,-0.05999999953521802,-0.12999999899297246,0.05999999953521806,-2.97760389319413,-2.65773012610657,1.6301964673698541,0.4894082083374662,-12.996885226314,3.38781856606539,3.3978336297566942,-1.4160278071109738,0.2099999983732629,8.5562061478053,35.429323768615745,3.5879148674011225,1.0,110.999999673762,0.0,0.0,0.0,102.279446367921,3.57443511486053,103.737600231184,0.06880000058762761,32.2780871,0.999999885531928,1899.791598320006,1916.203141212462,105.35896122455586,-66.68864944949743,-64.61228355765343,-64.8467979,-2.0,120.119247436523,-664.185546875,901.62744140625,266.975006103516,69.5897579193115,51.4694333076477,0.08620000154673851,0.232474959952772,0.710974454387314,1.9265999115445918,0.0,0.0,1.0,7.0,0.0,0.0,0.0,26050904.0,1.0,8.958115310645818,96.92863860609285,31.8029565811157,3.583024191856384
2026-05-09 18:07:35+00:00,CAN,CAN,-0.149999998838045,0.0999999992253633,0.0,-0.0999999992253633,-0.07999999938029065,0.1599999987605814,-2.980688150491215,-2.657438242241255,1.6366829913029082,0.49587878804767793,-12.65907858411715,3.38781856606539,3.39783388588879,-2.09351799547207,0.3200000028572478,6.906744704994605,35.12901248931885,3.195367698669432,1.0,110.999999673762,0.0,0.0,0.0,109.78545543555,3.20303735733032,105.52740075978599,0.027800001839043926,32.2780844,0.999999885531928,1899.8459815979,1916.2485361099239,189.49308395385742,-23.905644938349724,10.303668861160983,-64.8467882,-2.0,120.235885620117,-664.241577148438,900.821899414062,265.975006103516,69.5955753326416,51.4674782752991,0.3131999999217156,-0.0777403193387992,-0.713787531830008,1.72359992325567,0.0,0.0,1.0,7.0,0.0,0.0,0.0,26050904.0,1.0,7.034122823816877,97.4168366223033,31.849979782104498,3.1946038484573362
2026-05-09 18:07:36+00:00,CAN,CAN,-0.149999998838045,0.0999999992253633,0.0,-0.10999999914789964,-0.15999999876058144,0.009999999922536418,-2.97980694936658,-2.656707198556655,1.6323587558506918,0.47898339732898154,-12.4993695514152,3.387818437999342,3.3972867877362694,-2.21024780668961,0.15999999876058144,5.347300886576445,34.88849086761475,2.8918958759307865,1.0,110.999999673762,0.0,0.0,0.0,111.732605764137,2.90835764408112,107.32759683630482,0.26959999495005216,32.2780818,0.999999885531928,1899.791598320006,1916.2758111953722,53.70442904531965,-60.3497331961989,-51.27056241035465,-64.8467796,-2.0,120.29695892334,-664.362426757812,900.024719238281,264.975006103516,69.5897579193115,51.4165341854095,0.063600000814672,0.0998304184348766,0.511990233132215,1.738800018333686,0.0,0.0,1.0,7.0,0.0,0.0,0.0,26050904.0,1.0,5.349660290047862,97.88706099571284,31.940771484375,2.891333384513854
2026-05-09 18:07:37+00:00,CAN,CAN,-0.149999998838045,0.0999999992253633,0.0,-0.09999999922536332,-0.10999999914789967,0.15999999876058119,-2.98112869769268,-2.655246712013035,1.6363228482345757,0.4843756502518068,-12.50514789145305,3.3870058589315244,3.397286958491,-2.073300080575962,0.29999999767609,3.8241389263076897,34.86072463989255,2.7707933235168474,1.0,110.999999673762,0.0,0.0,0.0,121.813555167726,2.7742523431778,108.62240126141542,0.25920000140723637,32.2780784,0.999999885531928,1899.891328811646,1916.284871101378,163.295701146126,-40.96444882452486,-58.46724510192867,-64.8467719,-2.0,120.680389404297,-664.489318847656,899.363647460938,263.975006103516,69.6033358573914,51.3557970523834,0.03219999836318468,-0.408312203719227,-0.0819732823861683,1.3367999392720114,0.0,0.0,1.0,7.0,0.0,0.0,0.0,26050904.0,1.0,3.6597789403234544,98.34430800969935,32.0881135940552,2.767888469696044
2026-05-09 18:07:38+00:00,CAN,CAN,-0.11999999907043597,0.05999999953521802,0.0,-0.08999999930282697,-0.1499999988380451,-0.019999999845072603,-2.980688150491215,-2.6549544012609,1.6370434758806962,0.48545408376089905,-7.737505096054905,3.3875476209987516,3.3972867877362694,-2.48109127426365,0.08999999930282707,2.4946656562531553,34.85196132659915,2.698155026435854,1.0,110.999999673762,0.0,0.0,0.0,127.601020338288,2.67676134109497,110.0771960376444,1.1959999864664803,32.2780741,0.999999885531928,1899.8913288116462,1916.3120746612537,122.127003967762,-10.953183844685539,12.096910621039575,-64.8467649,-2.0,121.276588439941,-664.473022460938,898.549987792969,262.975006103516,69.5975184440613,51.475316286087,0.1482000008663605,0.541539072224718,1.02853513522377,0.8769999793326132,0.0,0.0,1.0,7.0,0.0,0.0,0.0,26050904.0,1.0,2.198773024850966,98.77917932396491,32.14187622070315,2.692774515151978
2026-05-09 18:07:39+00:00,CAN,CAN,-0.0999999992253633,0.0499999996126817,0.0,-0.09999999922536332,-0.11999999907043608,0.05999999953521799,-2.985240898459855,-2.652616982460875,1.6316380214828659,0.49480057865416754,6.06528076717467,3.387547492932704,3.3972867877362694,-2.79046324130418,0.1399999989155088,0.5849847449366169,34.8425886154175,2.8399516153335584,1.0,110.999999673762,0.0,0.0,0.0,132.781923729418,2.86116814613342,110.00139596427339,0.7979999756757086,32.2780693,0.999999885531928,1899.8550653457642,1916.303014755248,90.9478068351746,-52.85384943708782,-136.65938526392,-64.8467581,-2.0,121.747085571289,-664.337707519531,897.814086914062,261.975006103516,69.614976644516,51.4635562896728,0.2683999887428086,0.156720371372809,-1.3758665829399,-0.4425999921425074,0.0,0.0,1.0,7.0,0.0,0.0,0.0,26050904.0,1.0,-0.19247587006516864,99.18620395698426,32.05894145965575,2.822887144088744
2026-05-09 18:07:40+00:00,CAN,CAN,-0.0999999992253633,0.05999999953521802,0.0,-0.06999999945775434,-0.1599999987605814,0.2399999981408718,-2.98670960257482,-2.652178783136935,1.63416096529622,0.48545398771136383,1.0276031145568645,3.3875476209987516,3.3972867877362694,-2.739727742375678,0.3199999975211628,-1.875980184322525,34.898212051391596,2.8216271066665657,1.0,110.999999673762,0.0,0.0,0.0,136.912685535658,2.80776557922363,109.6897972701864,1.158399997856797,32.2780635,0.999999885531928,1899.8550176620479,1916.293931007384,177.3231267929078,-11.40035165008158,2.140572294592842,-64.8467514,-2.0,122.732269287109,-663.67236328125,896.979309082031,260.975006103516,69.614976644516,51.5340924263,-0.015200002697040272,-0.585746777936538,1.57955936585408,-0.42959999971372953,0.0,0.0,1.0,7.0,0.0,0.0,0.0,26050904.0,1.0,-2.475457947679634,99.49505828106311,32.0344024658203,2.785984582901
2026-05-09 18:07:41+00:00,CAN,CAN,-0.0999999992253633,0.0499999996126817,0.0,-0.11999999907043597,-0.11999999907043606,0.21999999829579941,-2.98465350219123,-2.651447739452335,1.6381246521376258,0.48545397703919324,-0.6377887906676425,3.3875476209987516,3.3972867877362694,-3.060543776747928,0.29999999767609,-2.87080822927058,35.146236991882304,2.836254115104674,1.0,110.999999673762,0.0,0.0,0.0,129.58540885823,2.85766925811768,108.9909992501646,1.37679999232301,32.278058,0.999999885531928,1899.8731851577763,1916.1577463150018,32.849851250648435,-17.803435120731596,-67.56762787699697,-64.8467447,-2.0,123.274536132812,-663.238525390625,896.16552734375,259.975006103516,69.624674320221,51.524293422699,-0.01980000603648082,0.847059196771501,-1.16587892693192,-0.6823999791325099,0.0,0.0,1.0,7.0,0.0,0.0,0.0,26050904.0,1.0,-3.540098572761834,99.72469265605349,32.33559265136715,2.7939700126647944
2026-05-09 18:07:42+00:00,CAN,CAN,-0.0999999992253633,0.0499999996126817,0.0,-0.0499999996126817,-0.09999999922536341,0.11999999907043599,-2.984359697335215,-2.650717762984785,1.6424485460803857,0.4926433594543546,-0.731304178946528,3.387818437999342,3.3972867877362694,-2.363217107539356,0.2300000035544209,-4.5245856045847805,34.9464677810669,2.420066943168642,1.0,110.999999673762,0.0,0.0,0.0,133.457484079845,2.37180233001709,108.37719473813658,-0.10360000017131192,32.2780533,0.999999885531928,1899.836921691894,1916.057896614076,212.0286762714386,-67.04152822494508,-45.96033282577992,-64.846738,-2.0,123.53645324707,-662.573852539062,895.269226074219,258.975006103516,69.6285545825958,51.5262544155121,0.5325999987824517,-1.06434154817392,-1.17278414146109,-0.836399982208437,0.0,0.0,1.0,7.0,0.0,0.0,0.0,26050904.0,1.0,-5.289449013551706,99.8857792525337,32.38199272155765,2.373425817489622
2026-05-09 18:07:43+00:00,CAN,CAN,-5.000000158703317,-5.0500000942829715,0.0,-4.259999945656132,-4.089999946973021,-3.9300000389258956,-2.98200979209562,-2.64984083072838,1.6410073334768298,-0.09006538368989524,-3.2157315550566072,3.3875477490648,3.39756033681253,0.624072228685608,1.0699999810392178,-4.67024621882447,34.8973554611206,2.15645167350769,1.0,110.999999673762,0.0,0.0,0.0,128.949654850285,2.21701226234436,107.43440050435638,0.564399999523293,32.278049,0.999999885531928,1899.8460054397578,1915.83092212677,72.46806919574738,-10.366046614944938,-37.54373230040072,-64.8467324,-2.0,124.459762573242,-661.778442382812,894.419250488281,257.975006103516,69.6285545825958,51.5282154083252,-0.03040000872913361,1.32387283510024,1.21695593531892,-0.4485999704848834,0.0,0.0,1.0,7.0,0.0,0.0,0.0,26050904.0,1.0,-4.852892264731102,99.97845125919241,32.65319023132325,2.1227317142486584
2026-05-09 18:07:44+00:00,CAN,CAN,-20.39000014620842,-18.81000014777554,0.0,-17.85999972291168,-16.79000004602932,-15.569999852708639,-2.98200989881732,-2.64984083072838,1.6352416933219878,0.4268594530103277,-11.317835190575419,3.38781856606539,3.3970134094147397,11.998355282868829,4.8300001173315215,-4.595824264184605,34.74867782592775,1.6988438344001762,1.0,110.999999673762,0.0,0.0,0.0,127.910796737905,1.64165697097778,107.9865994421468,0.20499999807848948,32.2780455,0.999999885531928,1899.92756843567,1916.012501716616,174.49425905942917,-55.5977346375585,-52.91399806737902,-64.8467274,-2.0,124.76229095459,-661.252197265625,893.632019042969,256.975006103516,69.5994555950165,51.4870703220367,0.3405999894641812,-1.21851706043109,-0.799171566561778,1.0181999597759734,0.0,0.0,1.0,7.0,0.0,0.0,0.0,26050904.0,1.0,-4.938642045420755,100.0614756236485,32.950116348266604,1.681871159076692
2026-05-09 18:07:45+00:00,CAN,CAN,-19.63999995458308,-18.349999884534597,0.0,-17.409999881144042,-16.32999978278838,-15.3299999826338,-2.9827442508748048,-2.6494020977959147,1.637043646635424,0.5595058448157977,-13.240127472565149,3.3870058589315244,3.3972867877362694,14.694582703015119,4.2999999773627895,-4.38620725266079,34.51553592681885,1.36554621219635,1.0,110.999999673762,0.0,0.0,0.0,151.620732932093,1.30397876501083,108.79299616423938,0.45060000195229427,32.2780422,0.999999885531928,1900.0000953674341,1916.02156162262,135.73888987302772,-15.67271044477821,-24.89318810403347,-64.8467238,-2.0,125.794654846191,-660.935119628906,884.283813476562,255.873001098633,69.6033358573914,51.541930437088,0.1233999952021168,-0.35444164796169,0.246947196989104,0.8337999959956788,0.0,0.0,1.0,7.0,0.0,0.0,0.0,26050904.0,1.0,-4.457324761780212,100.1634366875785,33.0742893218994,1.356186740398408
2026-05-09 18:07:46+00:00,CAN,CAN,-19.6500000345469,-18.3499998845346,0.0,-17.4499995179804,-16.429999557898164,-15.260000105906002,-2.981863049750165,-2.649548519976245,1.641007056000396,0.44950685885709196,-12.98795518086105,3.387276675932114,3.3970134094147397,13.663470195908042,4.370000024845312,-3.7194876216184003,34.4730480194092,1.2624326777458181,1.0,110.999999673762,0.0,0.0,0.0,148.290851787172,1.27561354637146,109.74279953814539,0.8826000114124681,32.2780383,0.999999885531928,1900.0182151794463,1916.139578819276,93.67106705904024,-70.16470674425372,-52.370566129684434,-64.8467211,-2.0,126.55632019043,-660.513244628906,883.660339355469,254.975006103516,69.6324288845062,51.4694333076477,-0.012999997764862981,1.5763994428676,0.138931837370598,1.1425999880540725,0.0,0.0,1.0,7.0,0.0,0.0,0.0,26050904.0,1.0,-3.9059815613156617,100.306010056313,33.21833209991455,1.258504335880278
2026-05-09 18:07:47+00:00,CAN,CAN,-19.6500000345469,-18.31999964464314,0.0,-17.4499995179804,-16.53999975448122,-15.189999887668762,-2.983772301066595,-2.649694942156575,1.635602007145048,1.239273172889451,-12.999512714710349,3.3875476209987516,3.398107178832954,11.54440622572308,4.450000066914287,-4.77987160877682,34.05455989837645,0.7560251247882842,1.0,110.999999673762,0.0,0.0,0.0,176.527331929247,0.70280624628067,111.22199994631701,0.451800002156442,32.2780343,0.999999885531928,1899.8822450637822,1915.8853769302361,168.61764192581182,28.716172091662884,-19.930861145257943,-64.8467194,-2.0,127.352935791016,-660.522155761719,883.153503417969,253.873001098633,69.8651909828186,51.5184164047241,0.4549999751310618,-1.71816439468115,-0.355075788337443,1.3103999667972719,0.0,0.0,1.0,7.0,0.0,0.0,0.0,26050904.0,1.0,-5.371350665662979,100.480217446189,33.127169609069796,0.751871144771576
2026-05-09 18:07:48+00:00,CAN,CAN,-19.6500000345469,-18.289999746261138,0.0,-17.4499995179804,-16.55999957289938,-15.31999956116052,-2.98259740180765,-2.648233922004435,1.6453317610281162,1.165221115681819,-10.213527644246824,3.3875476209987516,3.397286958491,11.327730939399618,4.330000131876874,-6.110099614734645,33.91199684143065,0.768873839378357,1.0,110.999999673762,0.0,0.0,0.0,173.142918553992,0.812326151132584,111.93159922749219,0.5530000015859532,32.2780299,0.999999885531928,1899.81882572174,1915.9126043319702,78.24184745550151,-105.02434838563195,-98.41345138847825,-64.8467189,-2.0,128.93635559082,-660.23193359375,882.583312988281,252.975006103516,62.4207139015198,51.524293422699,-0.2980000088973618,1.13922998338976,0.602659126734284,0.4543999963733292,0.0,0.0,1.0,7.0,0.0,0.0,0.0,26050904.0,1.0,-6.632954651123939,100.6462217788715,33.168318557739255,0.7594217562675476
2026-05-09 18:07:49+00:00,CAN,CAN,-19.69000035440218,-18.2500007924437,0.0,-17.4499995179804,-16.4899996961716,-15.230000207524,-2.98406610592261,-2.64925620922411,1.646412745185976,0.9491768107716624,-12.8644943889712,3.3875476209987516,3.39756033681253,8.820712053603213,4.460000146878103,-7.73160039751742,33.89235877990725,0.5902432143688203,1.0,110.999999673762,0.0,0.0,0.0,186.291101008158,0.566813260316849,113.099598458586,1.226199977374634,32.2780253,0.999999885531928,1899.827861785888,1915.8853769302361,147.11561799049372,5.906501412391657,-4.111446067690823,-64.8467186,-2.0,129.73078918457,-660.235046386719,882.151000976562,251.873001098633,50.5692958831787,51.5321314334869,0.41200001761922955,-0.177309509718349,0.397158264680758,1.698399940312908,0.0,0.0,1.0,7.0,0.0,0.0,0.0,26050904.0,1.0,-8.234752515274028,100.78357005289149,33.25323429107665,0.579030808210373
2026-05-09 18:07:50+00:00,CAN,CAN,-19.700000434366,-18.2500007924437,0.0,-17.4499995179804,-16.5199995945536,-15.190000229178201,-2.984359697335215,-2.6480874998241,1.6363229549562817,0.9409089094700442,-11.6740282751311,3.3864639687982483,3.3972867877362694,5.060565020218986,4.5100001198103605,-8.739906219966905,33.974601745605455,0.7027286767959595,1.0,110.999999673762,0.0,0.0,0.0,186.588733331431,0.700613647699356,114.3347999209232,1.0270000181912968,32.2780199,0.999999885531928,1899.845957756042,1915.921688079834,85.28161123394969,-95.98349481821043,-112.00939081609258,-64.8467193,-2.0,129.331100463867,-659.926391601562,881.663879394531,250.873001098633,35.4029685258865,51.5556454658508,-0.34700000478253,-0.512450096962428,-0.399973503237993,0.6645999965593129,0.0,0.0,1.0,7.0,0.0,0.0,0.0,26050904.0,1.0,-9.201251945096972,100.9149726472385,33.37308654785155,0.685680685043335
2026-05-09 18:07:51+00:00,CAN,CAN,-19.7400007542212,-18.2500007924437,0.0,-17.4499995179804,-16.539999412971742,-15.120000010941002,-2.98553470331587,-2.6480874998240997,1.63704356125806,0.945941435539192,-9.35876660877329,3.386735041930934,3.39756033681253,4.74241958981221,4.6100000656748685,-10.03739926366698,34.4454328536987,1.0666283082962031,1.0,110.999999673762,0.0,0.0,0.0,180.740110647041,1.06882402896881,115.5540009821112,0.7581999724621984,32.2780138,0.999999885531928,1899.8460054397578,1915.948915481568,54.27780747413637,-32.74479880928994,-63.55649942997849,-64.8467194,-2.0,130.482421875,-659.719177246094,872.333312988281,249.873001098633,32.1947425603867,51.5732765197754,0.13339999912671724,0.37835267282245,0.181039313273492,2.260999996892896,0.0,0.0,1.0,7.0,0.0,0.0,0.0,26050904.0,1.0,-10.757880231473214,101.04164875068051,33.47166137695315,1.0314674234390255
2026-05-09 18:07:52+00:00,CAN,CAN,-19.750000834185,-18.29000042928006,0.0,-17.4000008257086,-16.56999965286322,-15.509999372925723,-2.987590803699455,-2.6476493005001602,1.6370435826024021,0.945582018178461,-13.78229935114435,3.386193151797658,3.3972867877362694,4.673754844312425,4.229999844502906,-11.15403871654205,34.856956672668446,1.464109518527986,1.0,110.999999673762,0.0,0.0,0.0,180.356185713794,1.46075838804245,117.99500130844699,1.366799997736556,32.2780066,0.999999885531928,1899.76439476013,1915.939855575562,122.9553282260894,-23.057617340236906,-59.984668251127005,-64.8467194,-2.0,131.041305541992,-658.981750488281,889.262573242188,248.873001098633,32.1928024291992,51.6359746456146,-0.22299999688851294,-0.512655162720087,0.630403141699464,2.08979989662001,0.0,0.0,1.0,7.0,0.0,0.0,0.0,26050904.0,1.0,-11.82424983356644,101.16702711818,33.560525321960455,1.407462079524994
2026-05-09 18:07:53+00:00,CAN,CAN,-19.750000834185,-18.380000124426058,0.0,-17.4000008257086,-16.489999696171623,-15.4000002008711,-2.9871501497762853,-2.6469187904240847,1.6460523886742362,0.9480980891139644,-3.1663466593354093,3.387005730865476,3.39756033681253,4.216753973268136,4.35000020642714,-12.0988361594283,35.4220951080322,2.061307196617128,1.0,110.999999673762,0.0,0.0,0.0,171.789762456764,2.1209911108017,119.82819949299719,1.537799994811104,32.2779983,0.999999885531928,1899.782538414,1915.8763408660882,47.53305781632662,-78.91052886843684,-95.32202780246737,-64.8467186,-2.0,131.201675415039,-658.247436523438,879.62353515625,247.873001098633,32.1947425603867,51.6438066959381,-0.22879999934820905,0.776255534844445,0.35740861810412,2.0355998696123843,0.0,0.0,1.0,7.0,0.0,0.0,0.0,26050904.0,1.0,-13.413150593016221,101.3270038089195,33.573260879516596,1.9647618341445898
2026-05-09 18:07:54+00:00,CAN,CAN,-19.750000834185,-18.3499998845346,0.0,-17.500000259308898,-16.519999936063062,-15.4000002008711,-2.9944935636294,-2.645750081024075,1.6456919040964482,0.9473795105245968,2.371473389515255,3.3872769320642098,3.39756033681253,3.6613343451521962,4.35000020642714,-13.780771096317551,35.84635963439945,2.705501704216004,1.0,110.999999673762,0.0,0.0,0.0,172.250649961578,2.69677147865295,121.89580157363562,1.79839995021044,32.2779887,0.999999885531928,1899.827861785888,1915.867209434508,70.54150793701425,-69.63249780237675,-119.59815770387661,-64.846717,-2.0,131.819290161133,-657.380615234375,870.0849609375,246.873001098633,32.1966826915741,51.6536056995392,-0.10639999853545623,-0.799792846971985,-0.170594433248235,1.5235999781657974,0.0,0.0,1.0,7.0,0.0,0.0,0.0,26050904.0,1.0,-15.283742184970441,101.48653653736349,33.4288747787476,2.54127330780029
2026-05-09 18:07:55+00:00,CAN,CAN,-19.750000834185,-18.3499998845346,0.0,-17.54000023765468,-16.55999991440886,-15.48999955450754,-2.9940528029845197,-2.644727260195865,1.645691989473812,0.9214973624384797,10.4861849539323,3.38808938306598,3.3975605075672606,3.020846589225768,4.259999828262259,-15.0268302542465,36.534287452697754,3.626060385704038,1.0,110.999999673762,0.0,0.0,0.0,162.644849497791,3.66125392913818,122.8432007209542,1.7301999563949941,32.2779775,0.999999885531928,1899.86412525177,1915.967082977296,34.32579697691841,-25.03981720656158,-98.14205020666131,-64.846714,-2.0,132.362670898438,-656.397644042969,877.796569824219,245.873001098633,32.1947425603867,51.6536056995392,-0.1442000007139181,0.758163857836962,0.381104892212421,0.653399972420244,0.0,0.0,1.0,7.0,0.0,0.0,0.0,26050904.0,1.0,-17.097225369991058,101.641431567361,33.27970447540285,3.3504612636566136
2026-05-09 18:07:56+00:00,CAN,CAN,-19.750000834185,-18.3499998845346,0.0,-17.570000477546138,-16.54999983444504,-15.430000099253059,-2.99317160185988,-2.643119817863385,1.6410073121324882,0.8841118737852508,14.468416185821,3.388360328132618,3.39756033681253,2.6977417584626457,4.309999971949242,-16.286510943814548,37.25363273620605,4.488468990325928,1.0,110.999999673762,0.0,0.0,0.0,158.846895489048,4.4889063835144,123.0906011009946,1.9145999521917978,32.2779652,0.999999885531928,1899.8550415039058,1915.903544425964,88.91810029745093,-48.96618686616419,-62.444511801004424,-64.846709,-2.0,133.30485534668,-655.297668457031,885.399108886719,244.873001098633,32.1928024291992,51.659482717514,-0.1683999961875517,-0.685909527763219,0.157185171081913,-0.22259999851578263,0.0,0.0,1.0,7.0,0.0,0.0,0.0,26050904.0,1.0,-18.74721499986804,101.7581355946145,33.23019733428956,4.09060435295105
2026-05-09 18:07:57+00:00,CAN,CAN,-19.750000834185,-18.3499998845346,0.0,-17.53000015769086,-16.510000197608697,-15.45999999763502,-2.99537465803233,-2.6415129091394354,1.6435297223373158,0.8841117884078862,17.582226003896302,3.3872768039981622,3.39756033681253,2.424609451809052,4.279999902812525,-16.85793652260885,38.244623565673805,5.477776079177856,1.0,110.999999673762,0.0,0.0,0.0,150.608608180124,5.48720870018005,122.7258006974242,1.743400022673642,32.2779518,0.999999885531928,1899.86412525177,1915.894436836242,98.53599369525907,-93.78189742565142,-86.1019790172576,-64.8467013,-2.0,134.110900878906,-654.204162597656,866.475402832031,243.873001098633,32.2025030851364,51.7045438289642,-0.01160000508614486,0.817477967641293,-0.274174065248493,-0.4933999843318334,0.0,0.0,1.0,7.0,0.0,0.0,0.0,26050904.0,1.0,-20.054648786263478,101.827786448676,33.28161849975585,4.9478440189361566
2026-05-09 18:07:58+00:00,CAN,CAN,-19.68000027443834,-18.30999990618878,0.0,-17.4999999177994,-16.539999754481222,-15.40000020087108,-2.996256392765495,-2.638444980263335,1.6363228695789178,0.8733274639891355,18.2662446898373,3.38781856606539,3.3978338858887893,3.2455321933417283,4.27999981743516,-17.932693255493398,39.0186429977417,6.2120765018463135,1.0,110.999999673762,0.0,0.0,0.0,146.899446630592,6.22603626251221,121.78820150552681,1.215399996881646,32.2779377,0.999999885531928,1899.8187780380238,1915.876293182372,83.21294412016871,-46.42666354775411,-113.64159584045422,-64.8466911,-2.0,135.507446289062,-653.229919433594,864.800476074219,242.873001098633,32.2238385677338,51.7202198505402,-0.04899999855321095,-0.345058568867679,-0.309149169471454,-1.3335999636293498,0.0,0.0,1.0,7.0,0.0,0.0,0.0,26050904.0,1.0,-21.61896188922966,101.835422600168,33.36758651733395,5.544052648544312
2026-05-09 18:07:59+00:00,CAN,CAN,-19.6500000345469,-18.400000625863157,0.0,-17.4999999177994,-16.59999989275466,-15.39000012090724,-2.9949345377176853,-2.63756804800693,1.634881102022494,0.9455821035558264,17.683094237558997,3.387276675932114,3.39756033681253,4.088961646161386,4.270000078980802,-18.40102993537105,39.54207286834715,6.661246175765991,1.0,110.999999673762,0.0,0.0,0.0,141.813045736819,6.63363461494446,120.49920000913501,1.8315999843176503,32.2779231,0.999999885531928,1899.809718132018,1915.8490657806396,32.52680222503841,-15.00991135835648,-82.48986154794689,-64.8466789,-2.0,136.998474121094,-651.67626953125,862.900024414062,241.873001098633,32.2315961122513,51.7613649368286,-0.10679999915934776,-0.411712650750114,1.29608442390545,-1.2381999794161138,0.0,0.0,1.0,7.0,0.0,0.0,0.0,26050904.0,1.0,-22.12785298805896,101.76633182161851,33.411552429199205,5.938922996520998
2026-05-09 18:08:00+00:00,CAN,CAN,-19.6500000345469,-18.390000204389878,0.0,-17.4999999177994,-16.609999972718477,-15.32999964112436,-2.99978162415087,-2.630262840524485,1.6316380214828659,0.9897975892799973,17.5018466301963,3.388360456198666,3.39783388588879,3.55414127094065,4.330000046499508,-18.2210373752683,39.90027523040774,7.027763214111326,1.0,110.999999673762,0.0,0.0,0.0,137.857491943168,7.0302951335907,118.84699910551421,1.8625999931488557,32.2779088,0.999999885531928,1899.8550653457642,1915.8672332763679,113.38266581296912,-56.12527281045912,-64.54533040523532,-64.846665,-2.0,138.453842163086,-650.091064453125,860.493957519531,240.873001098633,32.2374165058136,51.7731189727783,0.1314000023438611,0.669834410747329,-1.06094715759983,-1.903800014387492,0.0,0.0,1.0,7.0,0.0,0.0,0.0,26050904.0,1.0,-22.36234328603982,101.6498839264595,33.42392921447755,6.317094211578368
2026-05-09 18:08:01+00:00,CAN,CAN,-19.680000274438363,-18.3499998845346,0.0,-17.4999999177994,-16.600000234264137,-15.359999881015781,-2.99978162415087,-2.62792531500275,1.632358713162008,0.9193405167646368,14.59030005778625,3.38808938306598,3.39756033681253,4.8686858819036525,4.330000131876876,-18.6249943995767,40.1250263214111,7.493447914123534,1.0,110.999999673762,0.0,0.0,0.0,132.709291497784,7.51259365081787,117.1067953125516,1.0404000275857306,32.2778951,0.999999885531928,1899.80068206787,1915.8853769302357,127.24392265081401,-89.70308750867831,-82.98898600041869,-64.8466491,-2.0,140.085998535156,-648.930969238281,858.847534179688,239.873001098633,32.2432339191437,51.7789959907532,-0.127799997979483,-0.150464558423312,-0.184465987163576,-1.512799901623271,0.0,0.0,1.0,7.0,0.0,0.0,0.0,26050904.0,1.0,-22.865233380664378,101.46857997003599,33.29768257141115,6.75726968765259
2026-05-09 18:08:02+00:00,CAN,CAN,-19.700000434366,-18.30999956467932,0.0,-17.4999999177994,-16.51000019760866,-15.44000017921688,-3.0003691271411954,-2.626026095526665,1.641007056000396,0.9196997633706381,11.4029389207469,3.3875476209987516,3.39756033681253,5.794894281944785,4.250000004430536,-18.21847434678225,40.57571983337405,8.053659152984617,1.0,110.999999673762,0.0,0.0,0.0,130.541662662789,8.03030118942261,115.92640202019,1.431800026581514,32.2778815,0.999999885531928,1899.8188018798821,1915.885400772094,109.43490266799922,-44.85685005784036,-87.70389854907997,-64.8466313,-2.0,141.265197753906,-647.488220214844,856.721374511719,238.975006103516,32.239356637001,51.7437279224396,0.07080000070553723,-0.371195221541658,1.07303221684082,-1.161399955678485,0.0,0.0,1.0,7.0,0.0,0.0,0.0,26050904.0,1.0,-22.52890974329108,101.234577689071,33.23457469940185,7.318470811843872
2026-05-09 18:08:03+00:00,CAN,CAN,-19.700000434366,-18.289999746261138,0.0,-17.4999999177994,-16.63999987110048,-15.350000142561418,-3.00051586948665,-2.6168203879076604,1.6356020284893902,0.9222158129618006,9.85627929546433,3.386735041930934,3.3978338858887893,5.873476974383612,4.340000041085962,-17.25357864537645,41.29269962310795,8.70484405517578,1.0,110.999999673762,0.0,0.0,0.0,125.721611825889,8.73408279418945,114.47759868590101,2.0535999793963042,32.2778683,0.999999885531928,1899.836921691894,1915.8853769302361,125.9400576353074,-2.5080911815166482,-52.445274591445944,-64.8466111,-2.0,142.653518676758,-646.070678710938,854.4619140625,237.975006103516,32.2509944438934,51.7868340015411,0.1987999915764725,0.652901251216957,0.320790506540227,-1.6501999997033838,0.0,0.0,1.0,7.0,0.0,0.0,0.0,26050904.0,1.0,-21.8164168524739,100.987106275063,33.2605333328247,8.027850379943848
2026-05-09 18:08:04+00:00,CAN,CAN,-19.700000434366,-18.380000124426054,0.0,-17.4999999177994,-16.54000009599066,-15.379999699433961,-3.00521567996585,-2.610099801929485,1.627674420018828,0.926529781785922,10.21037295062391,3.3872768039981622,3.3978338858887893,5.788409358837314,4.32000005191306,-16.9102916301443,41.74014358520505,9.168821239471434,1.0,110.999999673762,0.0,0.0,0.0,121.20644697316,9.18788423538208,112.6899988442494,1.32719998032751,32.2778558,-2.2369711352606974,1899.782538414,1915.894436836242,171.3292509317398,6.04561828076838,-26.8339343369007,-64.8465885,-2.0,143.947265625,-644.470336914062,852.190551757812,236.975006103516,32.258751988411,51.7731189727783,0.29540000134026106,-0.68487213942217,-1.61608017390273,-2.065399984961148,0.0,0.0,1.0,7.0,0.0,0.0,0.0,26050904.0,1.0,-21.644567243899637,100.7162107272965,33.2527072906494,8.519741592407224
2026-05-09 18:08:05+00:00,CAN,CAN,-19.700000434366,-18.35999996449842,0.0,-17.4999999177994,-16.500000117644863,-15.43000009925306,-3.003159579582265,-2.609222976394785,1.6309175859358198,0.9161051415321662,10.92696352805625,3.387276675932114,3.39756033681253,8.951556109231126,4.289999897398976,-17.986616745217,42.49619007110596,9.379351730346679,1.0,110.999999673762,0.0,0.0,0.0,118.048208482081,9.35312204360962,109.82139998907618,1.4488000045718763,32.2778443,-7.755606634147995,1899.7734546661363,1915.8762931823724,100.38641989231094,22.301729489117868,0.7696198299527197,-64.8465641,-2.0,145.487930297852,-643.120727539062,858.483276367188,235.873001098633,32.2471141815186,51.7750799655914,0.06720000076010461,-0.126285955565731,1.39806277675174,-3.4397998914985,0.0,0.0,1.0,7.0,0.0,0.0,0.0,26050904.0,1.0,-20.417401840630163,100.4050136483325,33.31691722869875,8.811453666687012
2026-05-09 18:08:06+00:00,CAN,CAN,-19.700000434366,-18.30999956467932,0.0,-17.4999999177994,-16.55999957289938,-15.43000009925306,-3.001103372476975,-2.60732354347529,1.6471338424076003,0.9276082046228431,10.25397687828524,3.387818437999342,3.39783388588879,9.391772217276934,4.279999988189893,-16.32014450283495,42.7407697677612,9.374150218963623,1.0,110.999999673762,0.0,0.0,0.0,112.891197092668,9.35826244354248,106.4583992568696,1.6471999885208461,32.277834,-6.684652779838589,1899.791598320006,1915.948915481568,73.78925830125812,-0.17764589283615181,-69.67612355947496,-64.8465387,-2.0,146.881958007812,-641.641662597656,864.99658203125,234.975006103516,32.2548747062683,51.7809569835663,0.2664000053001655,0.412218858481062,-0.891783809065274,-2.88479989312969,0.0,0.0,1.0,7.0,0.0,0.0,0.0,26050904.0,1.0,-18.63167483684918,100.0580741894419,33.5277156829834,8.945703678131105
2026-05-09 18:08:07+00:00,CAN,CAN,-19.750000834185,-18.2999994847155,0.0,-17.4999999177994,-16.474999405471152,-15.1750001092325,-3.00550927137846,-2.60673913541443,1.64533141951866,0.9256310249406835,8.69365687466264,3.387953974565685,3.397287214623095,10.19667329869617,4.57500008462229,-15.7353505362876,42.6133781433105,9.31078090667724,1.0,110.999999673762,0.0,0.0,0.0,112.891197092668,9.35826244354248,104.977985807102,0.793999886060462,32.2778285,-6.41099228611874,1899.87313747406,1915.74919223785,163.949176669121,14.5819624885917,-80.1577419042587,-64.8465232,-2.0,146.881958007812,-641.641662597656,864.99658203125,234.975006103516,32.2548747062683,51.7809569835663,0.67999997338813,0.412218858481062,-0.891783809065274,-2.21400005648752,0.0,0.0,1.0,7.0,0.0,0.0,0.0,26050904.0,1.0,-18.1802799289435,99.7720019613396,33.411092376709,8.93803195953369
2026-05-09 18:08:08+00:00,CAN,CAN,-19.7250006342755,-18.362500411376196,0.0,-17.437499844912452,-16.587499451290427,-15.500000146735575,-3.00139707061128,-2.60878477707085,1.6304666867288924,0.9229349678483795,3.33288194584446,3.3876152932323875,3.39728678773627,15.80332500579445,4.224999953931385,-11.9038833506091,41.9152828216553,8.541189050674438,1.0,110.999999673762,0.0,0.0,0.0,109.608164215264,8.5688793182373,102.5445003964,1.5612499765668026,32.2778171,0.999999885531928,1899.7485339641548,1915.874034166335,154.37652915716163,-85.69665253162384,-90.71282483637343,-64.8464857,-2.0,149.232925415039,-640.092407226562,843.506225585938,232.873001098633,32.2509944438934,51.7985880374908,0.10899999992270827,0.474407917637014,0.561773134114911,-0.04799999649322409,0.0,0.0,1.0,7.0,0.0,0.0,0.0,26050904.0,1.0,-15.044023974821526,99.1703305973532,33.612056350708,8.368735885620117
2026-05-09 18:08:09+00:00,CAN,CAN,-19.7300006742574,-18.390000204389878,0.0,-17.380000665780962,-16.55000017595452,-15.369999960979602,-3.00360012678373,-2.608931092529475,1.63884517306204,0.9254511668499301,3.07755848233369,3.38781856606539,3.39756033681253,14.65071410552342,4.3499999502950475,-11.4397758384881,41.805210113525405,8.191901321411128,1.0,110.999999673762,0.0,0.0,0.0,108.853544425194,8.16215858459473,102.7125978405538,1.378999996254672,32.2778107,0.999999885531928,1899.791598320006,1915.921688079834,144.32751685380939,-8.481981605291361,-42.331192642450446,-64.8464644,-2.0,150.042861938477,-639.6484375,841.607788085938,231.975006103516,32.258751988411,51.7809569835663,0.3333999962434224,-0.110888701474432,-0.610291756410067,0.06460000254115325,0.0,0.0,1.0,7.0,0.0,0.0,0.0,26050904.0,1.0,-14.25028641071388,98.9057017481502,33.7630239486694,8.060915966033935
2026-05-09 18:08:10+00:00,CAN,CAN,-19.750000834185,-18.3499998845346,0.0,-17.379999982762023,-16.3399998627522,-15.38999977939778,-2.999487819294855,-2.608784670349145,1.6301969582897002,0.9304840984615597,2.82958985189855,3.3883602000665696,3.39756033681253,15.35834048655696,4.3399999557085955,-10.796738714453952,41.536942863464404,7.700474624633786,1.0,110.999999673762,0.0,0.0,0.0,109.019142361621,7.6673189163208,102.7068003759864,0.9839999966464438,32.2778042,0.999999885531928,1899.836897850036,1915.948939323426,129.3377727270128,27.168109733611356,-91.99434816837302,-64.8464418,-2.0,150.657775878906,-639.669311523438,848.516418457031,230.873001098633,32.2762101888657,51.7692029476166,0.5223999963801849,0.558557982645686,0.0163392165521122,0.08120000892258782,0.0,0.0,1.0,7.0,0.0,0.0,0.0,26050904.0,1.0,-13.2634774133939,98.586687517681,33.887885284423845,7.592931346893309
2026-05-09 18:08:11+00:00,CAN,CAN,-19.750000834185,-18.2999994847155,0.0,-17.4999999177994,-16.29000014595202,-15.410000280834879,-2.999634775083715,-2.609953486470855,1.631277664971126,0.9225756572093544,2.5873965732934803,3.3872768039981622,3.398107178832954,15.567004473248119,4.330000046499508,-10.11107736801755,41.0182456970215,7.151381635665892,1.0,110.999999673762,0.0,0.0,0.0,109.941354503356,7.09387249946594,102.58719966550579,1.3278000017739262,32.2777976,0.999999885531928,1899.827861785888,1915.8490419387804,185.01536995172498,-0.24451985955240046,-9.848204930312939,-64.8464209,-2.0,151.474472045898,-639.197204589844,846.825500488281,229.873001098633,32.258751988411,51.7456889152527,0.12899998726133097,-1.79983851611569,0.00111774540824454,-0.323799997278283,0.0,0.0,1.0,7.0,0.0,0.0,0.0,26050904.0,1.0,-12.197878427393778,98.3087637052586,33.9321258544922,7.072391309738156
2026-05-09 18:08:12+00:00,CAN,CAN,-19.7200005942936,-18.3199999861526,0.0,-17.4899998378356,-16.52999967451742,-15.499999975980838,-3.0012502215441303,-2.609222976394785,1.640286641797688,0.9279675366062092,2.4613112812150453,3.388360328132618,3.39756033681253,14.661013689282322,4.229999929880267,-9.54726360816639,41.0126821517944,7.031894760131837,1.0,110.999999673762,0.0,0.0,0.0,107.625572035074,7.0972662448883,102.3688016347192,0.9272000261147415,32.2777919,0.999999885531928,1899.809718132018,1915.767359733582,99.72491376101979,-10.585800418630253,-57.75794293731442,-64.8464008,-2.0,152.168243408203,-638.840148925781,845.236633300781,228.873001098633,32.2529345750809,51.7358958721161,0.24199997624742958,2.44893785992504,-0.992404181566344,-0.0654000004538829,0.0,0.0,1.0,7.0,0.0,0.0,0.0,26050904.0,1.0,-11.911122155846181,98.06535283871224,34.048077964782706,6.954111986160278
2026-05-09 18:08:13+00:00,CAN,CAN,-19.750000834185,-18.380000124426058,0.0,-17.4499995179804,-16.509999856099242,-15.43000009925306,-2.997578567978425,-2.612145336864195,1.6222693071304541,0.9276085034436197,2.515422814584235,3.388360456198666,3.39783388588879,15.921771328927758,4.310000057326608,-10.129635845766149,40.4274129867554,6.397182397842404,1.0,110.999999673762,0.0,0.0,0.0,109.446302392313,6.33269205093384,102.25499975484401,1.0623999815249783,32.2777863,0.999999885531928,1899.8188018798821,1915.894436836242,269.3731248378756,-29.0808543562889,17.934053391218164,-64.8463818,-2.0,152.751007080078,-638.339721679688,843.708618164062,227.873001098633,32.2568118572235,51.7006278038025,0.3028000150500384,-1.87085647522796,1.00051311021503,-0.2119999991581832,0.0,0.0,1.0,7.0,0.0,0.0,0.0,26050904.0,1.0,-11.961165415102283,97.82187367027424,34.05686702728275,6.309351682662965
2026-05-09 18:08:14+00:00,CAN,CAN,-19.7300006742574,-18.33999980457078,0.0,-17.42000030261732,-16.63000013264612,-15.500000317490299,-2.995815738842325,-2.611999128127275,1.643530063846772,0.9250918348665638,1.99794388412368,3.387818437999342,3.39756033681253,14.844118766589862,4.21999993529382,-9.50182748226017,40.3843397140503,6.086138334274293,1.0,110.999999673762,0.0,0.0,0.0,107.098322412284,6.12624049186706,102.16899811092881,0.8621999545811034,32.2777815,0.999999885531928,1899.782538414,1915.8853769302361,117.94188022613528,-36.97146214544772,-105.98057210445404,-64.8463639,-2.0,153.121520996094,-638.228332519531,842.363952636719,226.873001098633,32.258751988411,51.6869127750397,0.5279999991115684,2.41174833366796,-1.12301543446527,0.2679999671080811,0.0,0.0,1.0,7.0,0.0,0.0,0.0,26050904.0,1.0,-11.64479549237026,97.59285401230909,34.27432079315185,5.994924259185792
2026-05-09 18:08:15+00:00,CAN,CAN,-19.750000834185,-18.3199999861526,0.0,-17.36000050585332,-16.43999929635252,-15.48999989601704,-2.998019221901595,-2.6124376476163302,1.634881294121564,0.9171832868926527,2.51227004195204,3.388089639198076,3.3989275699296386,15.93359677694726,4.249999919053175,-10.130938277463471,39.8873456954956,5.696199474334717,1.0,110.999999673762,0.0,0.0,0.0,111.472102349193,5.6712751865387,102.3528012335692,0.8765999890473882,32.277776,0.999999885531928,1899.800658226012,1915.8309221267677,137.7467673271896,45.82898430526248,-39.410534687340274,-64.8463476,-2.0,153.969543457031,-637.869567871094,832.281921386719,225.873001098633,32.2432339191437,51.6477286815643,-0.13719998687764576,-2.60859758719891,0.485429121553917,-0.1035999945017212,0.0,0.0,1.0,7.0,0.0,0.0,0.0,26050904.0,1.0,-11.75082137263002,97.36842082637165,34.3198797225952,5.607100610733034
2026-05-09 18:08:16+00:00,CAN,CAN,-19.7100005143298,-18.390000204389878,0.0,-17.3500004258895,-16.62000005268228,-15.53999961281718,-2.9962562860437947,-2.6133141529859154,1.6334399534519641,0.9261703217365087,-4.0027198784080795,3.3875476209987516,3.39783388588879,13.709627931300059,4.1899998661571,-10.104551549152445,39.95498027801515,5.432897443771362,1.0,110.999999673762,0.0,0.0,0.0,110.143002178222,5.39557414054871,103.022799077937,1.1343999937738427,32.2777713,0.999999885531928,1899.8459815979,1915.994334220888,197.3628945648669,-9.739910718053581,-20.183268561959288,-64.8463316,-2.0,154.328018188477,-637.755615234375,830.829467773438,224.873001098633,32.2451740503311,51.6418516635895,0.6213999792048323,1.28279148839843,0.46439181874516,1.2421999729818254,0.0,0.0,1.0,7.0,0.0,0.0,0.0,26050904.0,1.0,-12.129568510221361,97.1595741321202,34.47240600585935,5.323615407943724
2026-05-09 18:08:17+00:00,CAN,CAN,-19.7100005143298,-18.32999972460696,0.0,-17.3500004258895,-16.569999994372683,-15.340000062597639,-2.9947871550420047,-2.612875526775155,1.6269537283396858,0.9211373047475148,-4.7214126600009205,3.3875476209987516,3.398380727909214,12.724291864274619,4.380000190186494,-10.44797901014935,39.57154026031495,5.240981311798095,1.0,110.999999673762,0.0,0.0,0.0,112.395236566466,5.26190013885498,103.64780100209062,1.212599960831398,32.2777662,0.999999885531928,1899.8460054397583,1915.948915481568,76.61085454747071,-28.708147350698717,-2.6665538549423955,-64.846317,-2.0,154.86116027832,-637.746459960938,838.402526855469,223.873001098633,32.249054312706,51.6614437103272,-0.22640000694404158,-0.583276917499638,-0.331080026442292,0.41499998611308764,0.0,0.0,1.0,7.0,0.0,0.0,0.0,26050904.0,1.0,-12.004281496502198,96.96789170325295,34.497772407531755,5.130810585021972
2026-05-09 18:08:18+00:00,CAN,CAN,-19.700000434366,-18.2999994847155,0.0,-17.3500004258895,-16.569999652863203,-15.45000025918068,-2.99552161382119,-2.61258364290984,1.6273141275401097,0.9232945559638397,-5.480033019934365,3.3880895111320277,3.3981074349650497,10.85776064902724,4.269999993603437,-10.4234155154599,39.6540012359619,5.13858787536621,1.0,110.999999673762,0.0,0.0,0.0,115.291052359444,5.11074242591858,105.10539888795479,1.0590000200778493,32.277761,0.999999885531928,1899.800658226012,1915.80367088318,151.8106296658515,-36.14247618243096,-141.1891132593155,-64.8463024,-2.0,155.256988525391,-637.793823242188,836.78662109375,222.873001098633,32.2412967681885,51.6986668109894,0.47799999949888783,0.370497581750965,-0.247785842833561,2.277599832519602,0.0,0.0,1.0,7.0,0.0,0.0,0.0,26050904.0,1.0,-12.284991855351219,96.80793891817504,34.55869159698485,5.024282083511352
2026-05-09 18:08:19+00:00,CAN,CAN,-19.7200005942936,-18.3199999861526,0.0,-17.3500004258895,-16.60999963120902,-15.350000142561418,-2.9991936942737203,-2.612875953661975,1.6327193471501857,0.9132285860188742,-0.816935547901553,3.38808938306598,3.39756033681253,10.66816996559332,4.360000030258863,-10.7345528302688,39.477777099609355,5.13485921859741,1.0,110.999999673762,0.0,0.0,0.0,115.971735351749,5.16910600662231,106.8649976860848,0.6850000133700372,32.277755,0.999999885531928,1899.73723888397,1915.86720943451,156.25268369913098,11.796415038406844,24.257853999733932,-64.8462887,-2.0,155.67414855957,-637.671875,827.333618164062,221.873001098633,32.2509944438934,51.6947507858276,-0.09779999996277672,-0.0912830836889469,0.124757007047853,1.0051999113183006,0.0,0.0,1.0,7.0,0.0,0.0,0.0,26050904.0,1.0,-12.41837127719906,96.695930645976,34.500630569457996,5.011563005447386
2026-05-09 18:08:20+00:00,CAN,CAN,-19.700000434366,-18.390000204389878,0.0,-17.3500004258895,-16.609999631209018,-15.55999977274482,-2.99566888977517,-2.612729531481645,1.6348817636970678,0.9218563956010698,2.787033077614315,3.387547492932704,3.3972867877362694,10.565554398786158,4.17999987157065,-10.64867003164505,39.366962814331046,5.118269262313842,1.0,110.999999673762,0.0,0.0,0.0,119.47739824515,5.07819027900696,107.3393994031906,1.2416000048962619,32.2777489,0.999999885531928,1899.7734785079938,1915.903544425964,83.86852368712437,-57.69086461514233,-46.59749940037728,-64.8462749,-2.0,156.254928588867,-637.434020996094,834.29248046875,220.873001098633,32.239356637001,51.6771137714386,0.20740000015431187,-0.878663495917355,0.497254633606442,0.042399997430398365,0.0,0.0,1.0,7.0,0.0,0.0,0.0,26050904.0,1.0,-12.3702391048727,96.6306784337403,34.3613428115845,4.996572675704959
2026-05-09 18:08:21+00:00,CAN,CAN,-19.7200005942936,-18.33999980457078,0.0,-17.3500004258895,-16.68000019095576,-15.509999714435182,-2.9975786747001303,-2.612145443585905,1.6356023486545042,0.9182617310739156,3.12746624771215,3.38808938306598,3.39756033681253,11.12440764837522,4.229999844502904,-11.05768822612845,39.1678030014038,5.221347284317016,1.0,110.999999673762,0.0,0.0,0.0,118.906134883348,5.26150918006897,107.4521986112956,0.5583999971685325,32.2777426,0.999999885531928,1899.7644186019884,1915.821838378904,144.61849182844162,24.67632517218589,-71.28220200538637,-64.8462611,-2.0,156.91845703125,-637.087280273438,833.281616210938,219.873001098633,32.2548747062683,51.6849517822266,0.1453999904960242,1.39676685507844,-1.09637609587663,0.6083999874430646,0.0,0.0,1.0,7.0,0.0,0.0,0.0,26050904.0,1.0,-13.36003409014306,96.5740459202371,34.072380065917955,5.068725471496582
2026-05-09 18:08:22+00:00,CAN,CAN,-19.7200005942936,-18.29999982622496,0.0,-17.3500004258895,-16.5400000959907,-15.39000012090724,-2.995522040708015,-2.613460148279425,1.6348817636970678,0.9200592234200512,3.227287221276065,3.387818437999342,3.3972867877362694,11.517702918143979,4.319999966535695,-12.2015203696366,38.596421241760254,4.967120132446288,1.0,110.999999673762,0.0,0.0,0.0,120.99915073185,4.90773782730102,108.341599890296,0.9728000018558426,32.2777359,0.999999885531928,1899.9185085296642,1915.939831733704,160.064271092415,-105.04046874120834,-17.741838004440048,-64.8462477,-2.0,157.684005737305,-636.767211914062,831.880554199219,218.873001098633,32.2548747062683,51.6536056995392,0.1308000009077659,-1.59707314482476,1.11317814779145,0.45260000940732026,0.0,0.0,1.0,7.0,0.0,0.0,0.0,26050904.0,1.0,-14.11488918023052,96.4930671974374,33.7507930755615,4.790621938705444
2026-05-09 18:08:23+00:00,CAN,CAN,-19.700000434366,-18.390000204389878,0.0,-17.3500004258895,-16.59999989275466,-15.519999794399018,-2.996843895755825,-2.61316783752729,1.6359626411332222,0.9182618164512805,3.403280278732955,3.387276675932114,3.39783388588879,9.38948342088606,4.189999866157103,-12.363713883649151,38.64425983428956,5.142555398941038,1.0,110.999999673762,0.0,0.0,0.0,119.353894764578,5.18585629463196,108.20479393329599,1.0164000128306043,32.2777295,0.999999885531928,1899.782538414,1915.9307718276982,87.15390637516961,-18.547648773528643,-74.73823204636574,-64.8462344,-2.0,158.264312744141,-636.192504882812,821.894226074219,217.873001098633,32.2529345750809,51.6927897930145,0.12199999852133478,1.27055723221277,-0.82230963278799,-0.006800008271617597,0.0,0.0,1.0,7.0,0.0,0.0,0.0,26050904.0,1.0,-14.71755143391078,96.42084136205915,33.7042127609253,4.935822916030884
2026-05-09 18:08:24+00:00,CAN,CAN,-19.700000434366,-18.32999972460696,0.0,-17.3500004258895,-16.580000074336482,-15.429999757743598,-2.99728444295729,-2.6133141529859154,1.6345214712183498,0.9157459589591882,3.4468861273850253,3.387818437999342,3.39783388588879,8.792864689338156,4.310000057326608,-13.72420731159295,38.70329933166505,5.217903413772581,1.0,110.999999673762,0.0,0.0,0.0,121.591519378187,5.19820947647095,108.57379763528179,0.9484000048196195,32.2777226,0.999999885531928,1899.827885627746,1915.8581256866441,124.81266707181939,30.041312635876228,-27.17666830867528,-64.8462208,-2.0,159.159439086914,-636.004638671875,820.854797363281,216.873001098633,32.2451740503311,51.6829907894134,0.12599999742313223,-1.3032456638068,1.32853550642583,0.303799996099189,0.0,0.0,1.0,7.0,0.0,0.0,0.0,26050904.0,1.0,-16.224997577130477,96.3176918452136,33.7112594604492,4.9486994075775135
2026-05-09 18:08:25+00:00,CAN,CAN,-19.700000434366,-18.34000014608024,0.0,-17.3800003242715,-16.6700001109919,-15.519999452889582,-2.998019221901595,-2.6130218422337848,1.6352419067654,0.9247326096049033,4.151393993453925,3.387547492932704,3.3981074349650497,3.49272450874467,4.1900000369118295,-14.39598885986225,39.207261085510254,5.654771060943602,1.0,110.999999673762,0.0,0.0,0.0,121.176967876702,5.67527875900268,108.80379879143061,1.7037999945924258,32.2777155,0.999999885531928,1899.81882572174,1915.876293182372,103.12419608235363,-101.99943780899048,-90.97627177834514,-64.8462067,-2.0,159.880554199219,-635.308898925781,828.007202148438,215.873001098633,32.2568118572235,51.6947507858276,-0.12040000536391796,1.31333449354114,-0.952907865638805,0.2912000046278078,0.0,0.0,1.0,7.0,0.0,0.0,0.0,26050904.0,1.0,-17.430623978852317,96.18869006235954,33.92776222229,5.298270978927612
2026-05-09 18:08:26+00:00,CAN,CAN,-19.700000434366,-18.420000444281335,0.0,-17.4499995179804,-16.52999967451738,-15.359999539506342,-2.9991941211605404,-2.61170713754026,1.6489353048011899,0.9276082900002077,7.104969174426245,3.387276675932114,3.3972867877362694,3.2325623257824496,4.350000121049777,-16.2068026362005,39.54971351623535,5.9761647605896,1.0,110.999999673762,0.0,0.0,0.0,117.116106226428,5.95541553497314,108.3258002967078,0.7787999937536861,32.2777082,0.999999885531928,1899.8369216918938,1915.8490657806378,155.92707991600028,-4.867250844836221,-34.34642325155446,-64.8461914,-2.0,160.401809692383,-634.815124511719,826.411987304688,214.873001098633,32.2606921195984,51.6967058181763,0.07039999641308715,-1.37176900304643,-0.137257947436056,-1.2589999331512125,0.0,0.0,1.0,7.0,0.0,0.0,0.0,26050904.0,1.0,-19.40737020013214,96.01880276713385,33.9504077911377,5.49210156440735
2026-05-09 18:08:27+00:00,CAN,CAN,-19.700000434366,-18.3499998845346,0.0,-17.4499995179804,-16.63000013264612,-15.3599998810158,-2.998753573959075,-2.61199902140557,1.647854235265966,0.9351572925473413,8.5675715825842,3.38781856606539,3.3978338858887893,6.120669375163921,4.350000121049778,-16.35986461417955,39.8297567367554,6.33016047477722,1.0,110.999999673762,0.0,0.0,0.0,118.893266806952,6.35734133720398,107.1841997467562,0.9741999558479438,32.2777008,0.999999885531928,1899.809718132018,1915.8672094345081,97.50127270817757,-48.39467033743856,-63.02455887198462,-64.8461749,-2.0,161.429489135742,-634.073852539062,824.977844238281,213.873001098633,32.2626322507858,51.6829907894134,0.14159999540797868,0.875866853617352,0.184336507054036,-0.8081999453944538,0.0,0.0,1.0,7.0,0.0,0.0,0.0,26050904.0,1.0,-19.63446340324186,95.78650461836716,33.8944101333618,5.794359998703002
2026-05-09 18:08:28+00:00,CAN,CAN,-19.700000434366,-18.2999994847155,0.0,-17.4499995179804,-16.60999963120902,-15.24000028748782,-2.99948792601656,-2.612437327451215,1.6316381708932561,0.9333596934794995,8.566521014112485,3.3875476209987516,3.3978336297566942,5.9547300146558255,4.470000141464555,-16.41351916520455,39.998419189453145,6.535521898269654,1.0,110.999999673762,0.0,0.0,0.0,116.930557307436,6.53650732040405,106.51779458189222,1.5220000170248902,32.2776933,0.999999885531928,1899.7734785079938,1915.8853769302361,125.3921478986742,13.044541701674467,-52.47846171259887,-64.8461577,-2.0,162.163650512695,-633.511962890625,823.863403320312,212.873001098633,32.2606921195984,51.7104208469391,0.10259999877833596,0.116444373343257,0.305041584418058,-0.8497999809306982,0.0,0.0,1.0,7.0,0.0,0.0,0.0,26050904.0,1.0,-19.599178987499037,95.52422193914404,33.89484272003175,6.0448619270324695
2026-05-09 18:08:29+00:00,CAN,CAN,-19.700000434366,-18.30999990618878,0.0,-17.4499995179804,-16.580000074336482,-15.54000029583612,-3.0019846803233152,-2.609953486470855,1.6438899294386702,0.9279679848373735,8.589111011018655,3.3870058589315244,3.39838098404131,6.040942199152288,4.1999999461209185,-16.09952768509625,40.37690505981445,7.14668008804321,1.0,110.999999673762,0.0,0.0,0.0,115.114751516588,7.18154511451721,105.13519627122801,1.3886000192321941,32.2776855,0.999999885531928,1899.70095157623,1915.84906578064,126.49486064910882,-39.59676474332808,-36.2925048917532,-64.8461393,-2.0,163.134094238281,-632.84130859375,813.781982421875,211.873001098633,32.2723299264908,51.7417728900909,-0.010000000714611493,0.122484435024303,-0.186474529687022,-1.5221999494685017,0.0,0.0,1.0,7.0,0.0,0.0,0.0,26050904.0,1.0,-19.56764776070512,95.24835059856724,33.7936414718628,6.6588634300231915
2026-05-09 18:08:30+00:00,CAN,CAN,-19.700000434366,-18.4000002843537,0.0,-17.4499995179804,-16.63999987110048,-15.340000404107078,-3.00389393163975,-2.6100998019294854,1.6348813154659059,0.9279677073609387,8.56862087039544,3.3875476209987516,3.39783388588879,6.409060367112007,4.380000019431764,-15.907729996786749,40.886068153381345,7.667275314331053,1.0,110.999999673762,0.0,0.0,0.0,114.400955767186,7.67566337585449,104.14879947582419,1.204200002091046,32.2776777,0.999999885531928,1899.7553348541242,1915.8309221267682,109.98153090476978,-38.63761906977743,-78.20533812046048,-64.846119,-2.0,163.965667724609,-632.183471679688,812.413452148438,210.975006103516,32.3033660650253,51.7829179763794,0.13740000069655733,0.140911044765168,-0.239934006774102,-0.5959999857782117,0.0,0.0,1.0,7.0,0.0,0.0,0.0,26050904.0,1.0,-19.633985289999934,94.93755650076415,33.7224277496338,7.164767017364497
2026-05-09 18:08:31+00:00,CAN,CAN,-19.700000434366,-18.33999980457078,0.0,-17.4499995179804,-16.680000190955738,-15.600000092600101,-3.0018377245344547,-2.6095151804252152,1.628034712497546,0.930843686577019,8.590162006377195,3.3875476209987516,3.3981074349650497,7.735049216161454,4.119999904051942,-15.4122911262825,41.278789901733404,8.057339401245112,1.0,110.999999673762,0.0,0.0,0.0,113.59174227508,8.08093614578247,103.36599695920059,1.673000003582192,32.2776694,0.999999885531928,1899.8459815979,1915.876293182372,109.67031642794605,-8.749185455963019,-57.080552354455065,-64.8460974,-2.0,164.814392089844,-631.597351074219,810.710144042969,209.975006103516,32.3053061962128,51.7789959907532,0.058399991203308785,0.215655619121616,0.811657525890532,-1.2615999940691636,0.0,0.0,1.0,7.0,0.0,0.0,0.0,26050904.0,1.0,-19.10416102740236,94.61264781704119,33.7104990005493,7.588582134246828
2026-05-09 18:08:32+00:00,CAN,CAN,-19.7100005143298,-18.2999994847155,0.0,-17.4499995179804,-16.460000139299098,-15.400000200871059,-3.00492198183154,-2.608784670349145,1.6370434758806962,0.9279679848373735,8.55706376343296,3.3880892549999317,3.3972867877362694,7.213579982466072,4.340000041085963,-15.3469338998883,41.50365772247315,8.182290859222416,1.0,110.999999673762,0.0,0.0,0.0,110.343174532228,8.13653469085694,102.06520109215,1.4989999953251059,32.2776617,0.999999885531928,1899.791598320006,1915.7855033874519,199.4546934962272,-28.533310443162918,-46.47254869341852,-64.8460748,-2.0,165.803970336914,-630.944946289062,817.152282714844,208.975006103516,32.3091834783554,51.7731189727783,0.4187999965423784,-1.26890293905145,-0.470993730186506,-1.2983999647557947,0.0,0.0,1.0,7.0,0.0,0.0,0.0,26050904.0,1.0,-19.227817504211938,94.28052645355476,33.760479927063,7.715759010314942
2026-05-09 18:08:33+00:00,CAN,CAN,-19.700000434366,-18.380000465935517,0.0,-17.4499995179804,-16.5000004591543,-15.38000004094344,-3.004775026042675,-2.608200475731695,1.6460522819525303,0.9258107976540721,8.318551850068825,3.3878186941314383,3.39783388588879,8.89624335903034,4.350000035672412,-14.705835268918001,41.85799942016605,8.56592897415161,1.0,110.999999673762,0.0,0.0,0.0,107.619049204416,8.60936737060547,100.16800130300076,1.2903999989687118,32.2776546,0.999999885531928,1899.836921691894,1915.86720943451,94.03903111815471,-30.964246764779084,-72.62899614870545,-64.8460512,-2.0,166.617156982422,-630.41162109375,807.099548339844,207.975006103516,32.3014259338379,51.8025100231171,0.08539999896493437,1.07672606852133,0.139461937423428,-2.0565998625128,0.0,0.0,1.0,7.0,0.0,0.0,0.0,26050904.0,1.0,-18.3066667738738,93.9188440313405,33.7632625579834,8.127543926239014
2026-05-09 18:08:34+00:00,CAN,CAN,-19.700000434366,-18.4000002843537,0.0,-17.4499995179804,-16.470000219262904,-15.44000017921688,-3.00521557324414,-2.608931092529475,1.6402868125524162,0.9258110110974836,2.68091013396315,3.38808938306598,3.397286958491,9.354388201383241,4.27999998818989,-13.35261215045885,41.99085159301755,8.654688720703126,1.0,110.999999673762,0.0,0.0,0.0,107.169472492868,8.64709339141846,99.3454006401211,1.5269999929737739,32.2776482,0.999999885531928,1899.7915983200062,1915.8672094345081,136.32012456655508,33.33511203527449,-56.03504739701739,-64.8460266,-2.0,167.611053466797,-629.974243164062,821.880249023438,206.975006103516,32.3014259338379,51.7750799655914,0.04419999873713592,-0.309989869708748,-0.261677193625324,0.36940000770394105,0.0,0.0,1.0,7.0,0.0,0.0,0.0,26050904.0,1.0,-16.44402910796282,93.54555370263179,33.715966415405305,8.362544231414793
2026-05-09 18:08:35+00:00,CAN,CAN,-19.700000434366,-18.35999996449842,0.0,-17.4499995179804,-16.40999973948,-15.32999964112436,-3.005068830898695,-2.6084924663187152,1.63632269882419,0.914667344023196,1.9348984099592599,3.386734913864886,3.3972867877362694,9.128558071005797,4.380000019431766,-12.084108990917251,41.9980562210083,8.76313081741333,1.0,110.999999673762,0.0,0.0,0.0,106.918271795573,8.75338268280029,100.11019741205497,0.9759999881706779,32.2776421,0.999999885531928,1899.86412525177,1915.8853769302361,137.1701896190644,-20.82740368787199,-39.20059762895108,-64.8460016,-2.0,168.141128540039,-629.827270507812,811.568481445312,205.975006103516,32.2820276021957,51.7613649368286,0.23620000105179423,-0.0174315415587384,0.0751071746920535,0.8503999703606008,0.0,0.0,1.0,7.0,0.0,0.0,0.0,26050904.0,1.0,-15.182458334296701,93.2297325855996,33.5294013977051,8.563899421691895
2026-05-09 18:08:36+00:00,CAN,CAN,-19.700000434366,-18.33999980457078,0.0,-17.4499995179804,-16.42999989940762,-15.450000259180701,-3.004334372119505,-2.60849278648383,1.637403960458484,0.9164645162042147,2.71768563336265,3.3870058589315244,3.3978338858887893,9.175478909282848,4.269999993603438,-10.8390705193824,41.912357711792,8.867309532165528,1.0,110.999999673762,0.0,0.0,0.0,107.505224101898,8.85890207290649,100.35399964844059,1.3235999690429001,32.2776353,0.999999885531928,1899.8188018798821,1915.8853530883778,98.43247085809682,-54.2985500767827,-17.15003573335708,-64.8459766,-2.0,168.747222900391,-630.025756835938,809.711730957031,204.975006103516,32.3130637407303,51.7966330051422,0.08579999792129894,-0.22640060058353,0.129097552244756,-0.33419998081593894,0.0,0.0,1.0,7.0,0.0,0.0,0.0,26050904.0,1.0,-13.6230713345147,92.98709694552406,33.32426776885985,8.726921081542969
2026-05-09 18:08:37+00:00,CAN,CAN,-19.700000434366,-18.3333330845949,0.0,-17.4499995179804,-16.5000004591543,-15.324999601142451,-3.00550927137846,-2.6090774079881,1.639025447367445,0.922036637889964,3.86769877790456,3.38727661189909,3.39797066042692,9.14000205296015,4.374999979449855,-10.1726779903682,41.9483722686768,8.958188867568971,1.0,110.999999673762,0.0,0.0,0.0,107.505224101898,8.85890207290649,100.0820003421045,1.509500034464,32.2776307,0.999999885531928,1899.782538414,1915.885388851165,105.62191158533119,-9.09064081497491,-47.315243631601305,-64.8459588,-2.0,168.747222900391,-630.025756835938,809.711730957031,204.975006103516,32.3130637407303,51.7966330051422,0.0535000013197972,-0.22640060058353,0.129097552244756,-0.510999935743843,0.0,0.0,1.0,7.0,0.0,0.0,0.0,26050904.0,1.0,-12.99583166963455,92.8410265199341,33.2301132202148,8.84531979560852
2026-05-09 18:08:39+00:00,CAN,CAN,-19.71250053432075,-18.412500384308473,0.0,-17.4499995179804,-16.3249999135612,-15.36249990100675,-3.00227837845763,-2.60703176633168,1.6358724612918374,0.9265297551054955,12.5434955616613,3.3876154533149476,3.39797066042692,11.571871697036176,4.337499999750667,-8.73804798162584,41.5013729095459,8.551895785331725,1.0,110.999999673762,0.0,0.0,0.0,102.633666808467,8.59749698638916,96.06149827963557,1.205500000533513,32.2776158,0.9999999388927805,1899.6805548667876,1915.737837553025,180.43462187051773,14.308262150734668,-30.547996051609523,-64.8458975,-2.0,171.18083190918,-629.38623046875,812.592956542969,201.873001098633,32.3247015476227,51.7868340015411,0.5599999663135655,0.134243179309649,-0.53009541043548,-3.2052498827232796,0.0,0.0,1.0,7.0,0.0,0.0,0.0,26050904.0,1.0,-11.038646725939476,92.3413640312019,33.0513484954834,8.423317337036133
2026-05-09 18:08:40+00:00,CAN,CAN,-19.7100005143298,-18.370000044462238,0.0,-17.4499995179804,-16.449999376316338,-15.31999990266998,-3.00330642864942,-2.608785097235965,1.6442507768702561,0.9200591166983456,12.5902537560587,3.3886315293313523,3.398107178832954,14.32684651338474,4.380000019431765,-7.29143120433348,41.57551174163815,8.194258232116699,1.0,110.999999673762,0.0,0.0,0.0,99.8171085306184,8.20990190505981,92.83520036857212,0.6722000040776805,32.2776121,0.9999999068762693,1899.7734785079942,1915.7219648361202,167.47425198554998,7.186944410204902,-42.41173279006034,-64.8458755,-2.0,171.961151123047,-629.707885742188,802.746520996094,200.873001098633,32.3266416788101,51.7907500267029,0.2632000003090338,-0.117238622958109,-0.308507558576296,-3.46159997702716,0.0,0.0,1.0,7.0,0.0,0.0,0.0,26050904.0,1.0,-8.714557765787067,92.16175054659806,33.38382053375245,8.151304607391356
2026-05-09 18:08:41+00:00,CAN,CAN,-19.700000434366,-18.3499998845346,0.0,-17.4499995179804,-16.460000139299062,-15.31999990267,-3.000075429006885,-2.6092232965599047,1.633079447529834,0.9196994432055211,12.6096916206629,3.387818437999342,3.39783388588879,16.074359462533142,4.40000000860467,-5.46424589144152,41.53163509368895,7.748866138458252,1.0,110.999999673762,0.0,0.0,0.0,95.8218235265652,7.75730724334717,89.699199607393,0.3601999910198995,32.2776094,0.9999998855319279,1899.836921691894,1915.6947374343902,128.69153320789343,-4.06756419688463,-12.301677354844301,-64.8458519,-2.0,172.614440917969,-629.954956054688,809.693359375,199.873001098633,32.3130637407303,51.7985880374908,0.12959999936959696,0.0928338167750175,-0.752283385126698,-3.0873998244323237,0.0,0.0,1.0,7.0,0.0,0.0,0.0,26050904.0,1.0,-6.390317901142666,91.90587799991104,33.73475303649905,7.73881399154663
2026-05-09 18:08:42+00:00,CAN,CAN,-19.700000434366,-18.2999994847155,0.0,-17.410000564162964,-16.28000040749766,-15.37999969943398,-2.997138020776955,-2.61068431671205,1.6442503286390941,0.934797555021493,12.61074261602145,3.3875476209987516,3.3981074349650497,19.87723154898728,4.350000035672412,-3.590484024495375,40.90512771606445,7.006215677261352,1.0,110.999999673762,0.0,0.0,0.0,93.1302167293925,6.96434197425842,86.6555990113436,0.37219999572942,32.2776079,0.999999906876269,1899.7190952301019,1915.776443481444,117.63885617256142,-30.04741556942463,-0.02151839435099987,-64.84583,-2.0,173.342987060547,-630.271545410156,800.391845703125,198.873001098633,32.3111236095428,51.7378509044647,0.31999999618714137,-0.693128984355069,0.0837738443153666,-2.9593999022634883,0.0,0.0,1.0,7.0,0.0,0.0,0.0,26050904.0,1.0,-3.9585599306595967,91.6336847162023,33.718757629394545,7.0018571090698245
2026-05-09 18:08:43+00:00,CAN,CAN,-19.700000434366,-18.3199999861526,0.0,-17.3500004258895,-16.48000029922668,-15.36999961947016,-2.997138020776955,-2.61097620057736,1.6402865350759819,0.9869215887195745,7.586725148310585,3.389173248709896,3.3978338858887893,21.173084408135516,4.350000035672411,-1.871634689906515,40.2445421218872,6.400377874374388,1.0,110.999999673762,0.0,0.0,0.0,87.9932246244367,6.43564810752869,84.1815965769761,-0.07260000034474838,32.2776077,0.9999999922536331,1899.827861785888,1915.8581256866441,167.0267343521118,-37.363410321995595,-25.489288475364436,-64.84581,-2.0,173.071350097656,-630.731384277344,799.317504882812,197.873001098633,32.3150038719177,51.7535269260406,0.3984000064120793,1.10741880421725,-0.684179995799324,-1.438000013406717,0.0,0.0,1.0,7.0,0.0,0.0,0.0,26050904.0,1.0,-1.9331227208576138,91.3510105072121,33.6746784210205,6.385916433334348
2026-05-09 18:08:44+00:00,CAN,CAN,-19.7200005942936,-18.370000044462238,0.0,-17.400000142689642,-16.28999980444258,-15.350000142561441,-2.995228342573705,-2.61462885767944,1.6381246521376263,1.045875448733872,5.689647683580645,3.388089767264124,3.39756033681253,22.39226156366122,4.379999934054401,0.01855335510669348,39.229716110229504,5.703883724212643,1.0,110.999999673762,0.0,0.0,0.0,87.0285765173883,5.69092226028442,83.6488022066179,-0.12719999629325868,32.2776084,0.9999999922536331,1899.68280792236,1915.8672094345081,176.89292132854467,-86.15986369550235,-23.109259596094482,-64.8457921,-2.0,172.700531005859,-630.730529785156,798.730102539062,196.873001098633,32.3188841342926,51.6986668109894,0.1004000028508029,-1.36085628174345,0.197876983557616,-0.6513999950640722,0.0,0.0,1.0,7.0,0.0,0.0,0.0,26050904.0,1.0,0.5030903352271089,91.07890601596256,33.3794002532959,5.661786260604859
2026-05-09 18:08:45+00:00,CAN,CAN,-19.7400007542212,-18.31999964464314,0.0,-17.4899998378356,-16.50999985609922,-15.359999881015801,-2.99464030597485,-2.61492148859669,1.6348817636970678,1.051627343133008,10.997886504850399,3.3883602000665696,3.39756033681253,22.52920890557674,4.3800000194317645,2.03935740213473,38.54681453704835,5.117510776519774,1.0,110.999999673762,0.0,0.0,0.0,84.1160131005656,5.08470010757446,82.2525995251649,-0.4319999881158331,32.2776096,0.9999999922536331,1899.764418601988,1915.812754631042,135.3640675544738,-26.55923850834369,-37.29276191443204,-64.845776,-2.0,171.710250854492,-631.227294921875,798.066101074219,195.873001098633,32.3033660650253,51.649683713913,0.3653999794536746,0.30430435087452,-0.502445630736504,-1.4351999239956172,0.0,0.0,1.0,7.0,0.0,0.0,0.0,26050904.0,1.0,2.653432699146844,90.87206398223245,33.245143890380845,5.04798285484314
2026-05-09 18:08:46+00:00,CAN,CAN,-19.750000834185,-18.34000014608024,0.0,-17.42000030261732,-16.34999960120656,-15.389999779397801,-2.993318557648745,-2.6163821885837253,1.63524194945408,1.046594518243086,4.4487476663526,3.388089639198076,3.39783388588879,22.88893482010322,4.3699999394679505,3.710176472954085,37.8065282821655,4.656724605560305,1.0,110.999999673762,0.0,0.0,0.0,79.8537496622351,4.66832857131958,81.32279904326188,-0.7781999936516122,32.277611,0.9999999922536331,1899.7734546661363,1915.803694725038,112.18789815902718,-31.59455731511116,21.867381082847707,-64.8457617,-2.0,171.539001464844,-631.534545898438,797.690124511719,194.873001098633,32.258751988411,51.6281366348267,0.04319999917843917,0.173581266968154,0.0114828269877342,-0.7449999755526581,0.0,0.0,1.0,7.0,0.0,0.0,0.0,26050904.0,1.0,4.606777582424456,90.69178455418461,33.0782752990723,4.5637531471252455
2026-05-09 18:08:47+00:00,CAN,CAN,-19.750000834185,-18.390000204389878,0.0,-17.37000058581714,-16.469999877753438,-15.36999961947016,-2.991409306332315,-2.61930422888802,1.626953771028364,1.0483920746222481,-1.256663346780495,3.3886315293313523,3.39783388588879,22.86871711865054,4.380000019431764,5.356715235130251,37.4388038635254,4.372410964965818,1.0,110.999999673762,0.0,0.0,0.0,77.7590809079539,4.38718500137329,81.24739921897631,-0.7151999936060249,32.2776134,0.9999999922536331,1899.800658226012,1915.830874443052,110.58322638273253,-88.47534172236915,0.1111499965190994,-64.8457485,-2.0,169.795974731445,-631.693115234375,797.250183105469,193.873001098633,32.2509944438934,51.5145003795624,0.06020000049333021,0.354035758634176,-0.0609518344208269,0.7177999664785718,0.0,0.0,1.0,7.0,0.0,0.0,0.0,26050904.0,1.0,6.247864487605118,90.5529609593041,33.005015373229995,4.2614457893371585
2026-05-09 18:08:48+00:00,CAN,CAN,-19.7300006742574,-18.33999980457078,0.0,-17.3500004258895,-16.34999960120656,-15.38999977939778,-2.9917030044666246,-2.6197424282119552,1.63307978903929,1.042280677485012,-6.1146677306289146,3.3880895111320277,3.39838098404131,23.08462930208892,4.349999950295048,6.17715286247713,36.92822456359865,3.9261657142639157,1.0,110.999999673762,0.0,0.0,0.0,80.7291476873989,3.9115894317627,82.32739965884136,-0.46799998623613853,32.2776153,0.9999999922536331,1899.7825384140021,1915.803670883178,179.034623503685,-53.81006821990012,-21.9906523823738,-64.8457363,-2.0,170.327285766602,-631.709594726562,796.902160644531,192.873001098633,32.2432339191437,51.4106571674347,0.2925999999745688,-0.22752181882447,0.592339137785217,1.4285999762336565,0.0,0.0,1.0,7.0,0.0,0.0,0.0,26050904.0,1.0,6.86710634247667,90.4702029722256,32.88575534820555,3.8287761211395264
2026-05-09 18:08:49+00:00,CAN,CAN,-19.7100005143298,-18.28000000780678,0.0,-17.3500004258895,-16.32000038584348,-15.410000280834879,-2.9915561553994703,-2.618719607383745,1.636322677479848,1.040842815943018,-7.4443542306516,3.3878186941314383,3.39756033681253,21.025837140951644,4.319999966535694,6.52853664008349,36.367763900756856,3.5502085876464826,1.0,110.999999673762,0.0,0.0,0.0,88.6700348994824,3.55599374771118,83.88179908373674,0.23400000045518649,32.2776162,0.9999999922536331,1899.82783794403,1915.8490896224962,117.86802262067806,-53.72494647745052,-32.512646913528364,-64.8457253,-2.0,172.762237548828,-631.699890136719,796.211791992188,191.873001098633,32.2471141815186,51.4361262321472,0.02700000059126082,0.0104210935913175,0.623881271537454,1.701799987137398,0.0,0.0,1.0,7.0,0.0,0.0,0.0,26050904.0,1.0,7.2025473486544795,90.44317591367985,32.759428024292006,3.4748816013336197
2026-05-09 18:08:50+00:00,CAN,CAN,-19.700000434366,-18.42000044428134,0.0,-17.34000034592568,-16.32999978278838,-15.369999960979618,-2.993759104850215,-2.61784320873587,1.6319985060606537,1.0501892041145802,-7.44382873297233,3.387818437999342,3.39783388588879,18.09424174351618,4.339999955708597,6.510383277930066,35.7532985687256,3.083745017051696,1.0,110.999999673762,0.0,0.0,0.0,95.8075074500649,3.05988700389862,85.9781999739914,-0.2028000038184829,32.2776161,0.9999999922536331,1899.791598320006,1915.9852266311639,160.5828821659086,-15.912492200732121,15.0022410787642,-64.8457153,-2.0,172.331344604492,-631.144287109375,803.640319824219,190.873001098633,32.2315961122513,51.391065120697,0.4539999954159325,-0.0697132128879144,-0.509916310223764,2.165199934349026,0.0,0.0,1.0,7.0,0.0,0.0,0.0,26050904.0,1.0,6.969092763483914,90.476264765114,32.53990573883055,3.035436115264892
2026-05-09 18:08:51+00:00,CAN,CAN,-19.700000434366,-18.390000204389878,0.0,-17.46000028096308,-16.5499991514261,-15.38999977939778,-2.9922905074569552,-2.61755132487056,1.632358990638442,1.0465944968987462,-7.429119066821061,3.3880895111320277,3.3972867877362694,18.58938947720706,4.339999955708597,6.721607518342945,35.18905620574955,2.861247539520264,1.0,110.999999673762,0.0,0.0,0.0,97.8838849577488,2.87499589920044,87.8683974532034,-0.058800000998596905,32.2776154,0.9999999922536331,1899.7915983200062,1915.903520584106,108.45388174057004,-101.85202583670616,-79.3592292815447,-64.8457065,-2.0,172.284774780273,-630.846801757812,802.934692382812,189.873001098633,32.2781503200531,51.6379296779633,-0.1715999998446622,0.309597187192325,0.118034380017055,1.9015999037341238,0.0,0.0,1.0,7.0,0.0,0.0,0.0,26050904.0,1.0,7.302783448309543,90.5688479793135,32.33393268585205,2.823051681518556
2026-05-09 18:08:52+00:00,CAN,CAN,-19.700000434366,-18.380000124426058,0.0,-17.54000023765468,-16.50999985609922,-15.36999961947016,-2.99566888977517,-2.617258587231595,1.63632269882419,1.051267605607162,-7.360295946309895,3.38808938306598,3.39783388588879,16.83920677786684,4.34000004108596,6.3594403661410155,34.8680528640747,2.543483362197874,1.0,110.999999673762,0.0,0.0,0.0,109.436740127475,2.52969582080841,90.36680005536186,-0.16500000105638685,32.2776138,0.9999999282206099,1899.8187780380242,1915.939831733704,147.9104831814766,-14.022843725979325,-8.944442961364981,-64.8456984,-2.0,172.235946655273,-630.190185546875,801.889526367188,188.873001098633,32.2839677333832,51.6261756420136,0.49279996822150346,-0.190500032408459,-0.262862498250585,2.96759997124891,0.0,0.0,1.0,7.0,0.0,0.0,0.0,26050904.0,1.0,6.52172152001833,90.72395133008075,32.22168159484865,2.5186522006988517
2026-05-09 18:08:53+00:00,CAN,CAN,-19.700000434366,-18.3499998845346,0.0,-17.4999999177994,-16.4500000593353,-15.45000025918068,-2.9936122557830602,-2.6168203879076604,1.633440273617078,1.03868605564654,-7.216348002004585,3.3875476209987516,3.3972867877362694,15.54564203209056,4.259999999016988,5.698877403583445,34.4330045700073,2.293901710510252,1.0,110.999999673762,0.0,0.0,0.0,121.562190545891,2.27282066345215,93.1689985434998,0.5721999835079764,32.2776113,0.999999885531928,1899.900388717652,1915.9307718276982,118.81044507026687,-45.74547093361616,-14.378464408218798,-64.8456914,-2.0,172.341705322266,-629.550903320312,801.071411132812,187.873001098633,32.2703897953033,51.6281366348267,-0.035799998308617575,-0.63767569233994,0.677506794258516,2.6449999768428176,0.0,0.0,1.0,7.0,0.0,0.0,0.0,26050904.0,1.0,5.883420705286775,90.93049283548734,32.13115768432615,2.281232500076294
2026-05-09 18:08:54+00:00,CAN,CAN,-19.700000434366,-18.3499998845346,0.0,-17.4999999177994,-16.4500000593353,-15.3999998593616,-2.9968443226426453,-2.61682038790766,1.638124460038556,1.045515817929728,-0.5458499354471997,3.38808938306598,3.39756033681253,12.42369387286452,4.309999971949244,4.859266368019285,34.60014781951905,2.3228468656539922,1.0,110.999999673762,0.0,0.0,0.0,126.194629746669,2.36139922142029,95.98399817218021,0.16739999629534968,32.2776078,0.999999885531928,1899.8187780380242,1915.9398555755622,95.69134414196016,-63.60275000333786,-76.4900334179401,-64.8456848,-2.0,172.602905273438,-628.497009277344,808.013549804688,186.873001098633,32.2859078645706,51.6633987426758,0.02560000207619938,1.11506872280937,-0.710918425491779,2.934799866061946,0.0,0.0,1.0,7.0,0.0,0.0,0.0,26050904.0,1.0,4.759728996716314,91.1954939300001,32.269652366638155,2.3164985704422003
2026-05-09 18:08:55+00:00,CAN,CAN,-19.700000434366,-18.3499998845346,0.0,-17.4899998378356,-16.419999819443838,-15.380000040943418,-2.99478726176371,-2.61755132487056,1.6348814008432702,1.0606141005004261,9.449651667190444,3.3875476209987516,3.39783388588879,12.6724116256412,4.330000046499512,3.375721746092425,34.331343269348096,2.127443733215334,1.0,110.999999673762,0.0,0.0,0.0,138.692141059743,2.09560689926147,98.81159949987928,0.04320000134622386,32.2776033,0.999999885531928,1899.836921691894,1915.9035205841078,157.77339637279482,-42.34152026474476,-11.624789051711563,-64.8456789,-2.0,173.387939453125,-627.649353027344,807.136352539062,185.873001098633,32.2859078645706,51.6614437103272,0.13180000596930036,-1.0109827229956,0.137883550075346,2.412199958582492,0.0,0.0,1.0,7.0,0.0,0.0,0.0,26050904.0,1.0,3.26527609310944,91.499953027348,32.17928295135495,2.126224207878112
2026-05-09 18:08:56+00:00,CAN,CAN,-19.700000434366,-18.3499998845346,0.0,-17.4499995179804,-16.41000008098944,-15.280000265833639,-2.9944935636294,-2.61652850404235,1.6291157820327702,1.0721171422467641,11.4680844112769,3.3875476209987516,3.39756033681253,11.4818449372656,4.43000016311875,2.725951442918835,34.4146265029907,2.257426285743714,1.0,110.999999673762,0.0,0.0,0.0,140.575429119591,2.26171674728394,100.76679988942219,0.6195999915718132,32.277598,0.999999885531928,1899.7915983200062,1915.8490657806383,68.71067360043526,-59.613214805722144,-68.09085607528687,-64.8456734,-2.0,173.642700195312,-627.265686035156,806.253356933594,184.975006103516,32.2878479957581,51.667320728302,-0.04699999109818429,0.734747247958661,0.110146698804667,1.940999978027392,0.0,0.0,1.0,7.0,0.0,0.0,0.0,26050904.0,1.0,2.6197887240879263,91.83767514595385,32.208616447448705,2.2574172735214217
2026-05-09 18:08:57+00:00,CAN,CAN,-19.700000434366,-18.3499998845346,0.0,-17.4499995179804,-16.460000139299098,-15.430000099253041,-2.996550090899805,-2.6165280771555253,1.637043646635424,1.0602546617953539,14.4064236813667,3.3875476209987516,3.3981074349650497,9.81444071557134,4.269999908226073,1.33127737381034,34.2982006072998,2.2603125572204603,1.0,110.999999673762,0.0,0.0,0.0,145.32611255528,2.24170253276825,102.925000331287,0.15920000084785163,32.2775921,0.999999885531928,1899.791598320006,1915.88535308838,128.11290174722677,-69.74138952791681,-37.6073081046343,-64.8456679,-2.0,174.100845336914,-626.789611816406,805.226257324219,183.975006103516,32.2859078645706,51.6614437103272,0.2659999990066835,-0.495089517000401,0.0416961104178527,2.100800023000018,0.0,0.0,1.0,7.0,0.0,0.0,0.0,26050904.0,1.0,0.9753087623545008,92.19832620960345,32.011985206604,2.258305020332336
2026-05-09 18:08:58+00:00,CAN,CAN,-19.700000434366,-18.3499998845346,0.0,-17.4499995179804,-16.5000004591543,-15.290000004288,-2.995815738842325,-2.616528610764055,1.6381249296140603,1.0602544056632621,14.39329008136645,3.387276675932114,3.39756033681253,9.902941525703936,4.440000072327836,-0.05386431253774851,33.982954788208,2.2461337995529176,1.0,110.999999673762,0.0,0.0,0.0,146.266889151179,2.21578488349914,104.52699934450838,0.4283999928394754,32.2775862,0.999999885531928,1899.7553348541242,1915.776443481446,138.9004617929457,-47.25065655075016,-23.682149872183796,-64.8456628,-2.0,174.524978637695,-626.833801269531,804.21435546875,182.975006103516,32.2917282581329,51.67515873909,0.027999996314646076,-0.259202290587825,0.32600874438569,1.301999944023898,0.0,0.0,1.0,7.0,0.0,0.0,0.0,26050904.0,1.0,-0.5287695826721737,92.5627031414453,31.74461402893065,2.23943548679352
2026-05-09 18:08:59+00:00,CAN,CAN,-19.700000434366,-18.3499998845346,0.0,-17.4499995179804,-16.569999994372658,-15.600000092600101,-2.99596258790948,-2.616236193290215,1.637764252937202,1.063130576978412,14.4106276628009,3.3870058589315244,3.3981074349650497,8.963000261940211,4.109999909465494,-1.24666965944685,34.01712913513185,2.5370125865936277,1.0,110.999999673762,0.0,0.0,0.0,143.230514895271,2.5820716381073,105.7674013128798,0.6941999793612682,32.2775798,0.999999885531928,1899.682807922362,1915.830898284912,64.75114896893508,-25.786641205195348,-73.90954867005348,-64.8456575,-2.0,175.311065673828,-626.1298828125,803.40869140625,181.975006103516,32.2820276021957,51.6849517822266,-0.188600000846892,0.906915292758643,0.183470900638656,1.338799914710527,0.0,0.0,1.0,7.0,0.0,0.0,0.0,26050904.0,1.0,-1.795347816146796,92.91670160084325,31.56447772979735,2.524498987197876
2026-05-09 18:09:00+00:00,CAN,CAN,-19.700000434366,-18.33999980457078,0.0,-17.4499995179804,-16.7000003508834,-15.329999982633819,-2.997138020776955,-2.615943989259785,1.6334399107632798,1.061332807155842,14.40799889374405,3.3872768039981622,3.39756033681253,7.353961031232075,4.370000024845313,-3.06107840980521,33.9155897140503,2.5793525648117077,1.0,110.999999673762,0.0,0.0,0.0,149.776103742948,2.54389050006866,107.5094000795568,0.4733999844867608,32.2775732,0.999999885531928,1899.691891670226,1915.876293182372,117.4534887075426,-68.34449470043171,-44.82866413891314,-64.8456518,-2.0,175.748107910156,-625.993957519531,802.413024902344,180.975006103516,32.2917282581329,51.6829907894134,0.3759999954865404,-0.35643248802219,-0.260123885878101,1.6337998937490483,0.0,0.0,1.0,7.0,0.0,0.0,0.0,26050904.0,1.0,-3.963812602263432,93.25561217236469,31.36021099090575,2.550815234184266
2026-05-09 18:09:01+00:00,CAN,CAN,-19.700000434366,-18.2999994847155,0.0,-17.4499995179804,-16.64000021260994,-15.59000035414574,-2.9952278089651747,-2.616236193290215,1.637764338314566,1.051627428510376,14.4001194167628,3.386734913864886,3.39756033681253,6.645571718068244,4.109999909465493,-4.893239302064105,33.9682949066162,2.852576880455018,1.0,110.999999673762,0.0,0.0,0.0,148.633276491022,2.8106926202774,108.81739769806799,0.8677999733207431,32.2775657,0.999999885531928,1899.7281789779638,1915.8490419387822,120.42416948825118,-36.62596829235555,-49.203898897394616,-64.8456463,-2.0,176.486267089844,-625.039184570312,801.379089355469,179.975006103516,32.2742700576782,51.6908288002014,-0.2802000009777584,-1.09504773080477,0.982651098318389,1.2293999530172983,0.0,0.0,1.0,7.0,0.0,0.0,0.0,26050904.0,1.0,-5.8250128548635995,93.5697120817261,31.239026641845697,2.798560066223144
2026-05-09 18:09:02+00:00,CAN,CAN,-19.700000434366,-18.2999994847155,0.0,-17.4899998378356,-16.66000003102812,-15.499999975980842,-2.997872266112735,-2.61492106170987,1.633800672817502,1.0523461565101282,14.391188944423,3.3875476209987516,3.39756033681253,5.125415019689954,4.199999860743554,-6.29978954935494,34.49173679351805,3.3911605882644658,1.0,110.999999673762,0.0,0.0,0.0,145.970896073307,3.42061085700989,109.817198056699,1.0373999950588502,32.2775576,0.999999885531928,1899.746298789978,1915.867209434508,63.804724998772066,-45.68325467407702,-75.11161193251613,-64.8456398,-2.0,176.995147705078,-624.490539550781,800.506225585938,178.975006103516,32.2859078645706,51.6790747642517,-0.007799997324896402,1.20744468345626,-0.646853385511175,1.2137999450272912,0.0,0.0,1.0,7.0,0.0,0.0,0.0,26050904.0,1.0,-7.592264026184975,93.85800753640319,31.2365375518799,3.3017912721633884
2026-05-09 18:09:03+00:00,CAN,CAN,-19.700000434366,-18.2999994847155,0.0,-17.479999757871802,-16.53000001602686,-15.290000004288,-2.998606724891925,-2.615797567079455,1.63956622759498,1.0494701559497042,14.3827818353284,3.387276675932114,3.39756033681253,5.467593153710335,4.410000088568483,-8.11212773853858,34.688069343566895,3.67565344333649,1.0,110.999999673762,0.0,0.0,0.0,143.416173097291,3.69083547592163,111.20820023211779,0.67739998717537,32.2775489,0.999999885531928,1899.7190952301,1915.9307479858398,110.53531765937805,-46.795184165239355,-52.76031047105788,-64.8456325,-2.0,177.814010620117,-623.748840332031,799.431518554688,177.873001098633,32.2742700576782,51.6653597354889,0.050599999047744926,0.00863595961871121,-0.0322734042204639,1.0163999914862618,0.0,0.0,1.0,7.0,0.0,0.0,0.0,26050904.0,1.0,-9.655729146620306,94.1125106301616,31.14660415649415,3.541972703933714
2026-05-09 18:09:04+00:00,CAN,CAN,-19.700000434366,-18.2999994847155,0.0,-17.4899998378356,-16.630000132646103,-15.539999954326657,-2.9989004230262353,-2.61462885767944,1.638124438694214,1.0523460497884218,14.38225676453595,3.38808938306598,3.3981074349650497,5.1963684762032445,4.149999973188661,-9.633151529432006,34.9875480651855,4.04720320701599,1.0,110.999999673762,0.0,0.0,0.0,144.016287178146,4.04964895248413,111.92300001932719,0.9212000250940019,32.2775399,0.999999885531928,1899.6918916702239,1915.8490657806383,97.473230957985,-71.41064032912251,-84.9706716835499,-64.8456245,-2.0,178.545516967773,-622.585876464844,798.194213867188,176.873001098633,32.2917282581329,51.6829907894134,-0.0823999994550808,-0.32753745277973,0.316912479875967,0.5377999812131307,0.0,0.0,1.0,7.0,0.0,0.0,0.0,26050904.0,1.0,-11.30665024354532,94.335314815982,31.126718902587903,3.8637016582489023
2026-05-09 18:09:05+00:00,CAN,CAN,-19.700000434366,-18.2999994847155,0.0,-17.4999999177994,-16.5999995512452,-15.3999998593616,-2.998753573959075,-2.6153593677555147,1.63163806417155,1.041562013518276,14.37910463223395,3.3875477490648,3.39783388588879,4.755389265272418,4.299999977362792,-10.4320992472159,35.3498943328857,4.415358324050902,1.0,110.999999673762,0.0,0.0,0.0,143.685487456264,4.38699059486389,112.7926005799234,1.202799984065924,32.2775302,0.999999885531928,1899.710035324096,1915.8944606781001,103.95317524671552,-8.877324772765855,-57.78719875961533,-64.8456156,-2.0,179.390167236328,-622.082641601562,797.029113769531,175.873001098633,32.2762101888657,51.7143428325653,0.07300000080188722,0.0793355020153278,0.155619883823217,1.2591998762669943,0.0,0.0,1.0,7.0,0.0,0.0,0.0,26050904.0,1.0,-12.20122965971006,94.52814813172445,31.11887226104735,4.20462089538574
2026-05-09 18:09:06+00:00,CAN,CAN,-19.700000434366,-18.2999994847155,0.0,-17.4999999177994,-16.630000132646117,-15.23000020752402,-2.999047378815095,-2.614336546927305,1.628395004976264,1.047313566407962,14.391714015215449,3.387547492932704,3.39783388588879,4.501330560696862,4.4400001577051995,-10.89703363911325,35.62201023101805,4.941937150955202,1.0,110.999999673762,0.0,0.0,0.0,137.224825180728,4.97609510421753,113.4346001128454,0.7487999993221626,32.2775202,0.999999885531928,1899.6918916702239,1915.894436836242,72.6682249456644,-101.36752277612696,-36.495421361178174,-64.8456057,-2.0,180.211090087891,-621.08056640625,795.761901855469,174.975006103516,32.2897881269455,51.7241358757019,-0.18959999356872986,0.0295647406266646,-1.30200790546315,-0.06219999346171926,0.0,0.0,1.0,7.0,0.0,0.0,0.0,26050904.0,1.0,-13.00238387010532,94.71887091901326,30.94460849761965,4.7120999050140355
2026-05-09 18:09:07+00:00,CAN,CAN,-19.700000434366,-18.3199999861526,0.0,-17.4999999177994,-16.50999985609922,-15.49999997598086,-2.998753467237375,-2.61448286238593,1.628395004976264,1.048391903867516,14.383832830686899,3.3880895111320277,3.39783388588879,5.6651945391349425,4.199999946120916,-11.875330171670651,35.7403810501099,5.165733976364136,1.0,110.999999673762,0.0,0.0,0.0,139.489456362315,5.13741474151611,113.515199077127,0.729800003204603,32.27751,0.999999885531928,1899.7462749481178,1915.7310247421278,133.84842723608023,-14.538431167602539,-91.20489470660686,-64.8455945,-2.0,181.01545715332,-620.449096679688,794.319030761719,173.873001098633,32.2936683893204,51.7476499080658,0.08219999930988779,-0.185565007289713,0.746742981131907,0.2981999935345571,0.0,0.0,1.0,7.0,0.0,0.0,0.0,26050904.0,1.0,-14.2362061464946,94.88566413854494,30.74799613952635,4.903642845153806
2026-05-09 18:09:08+00:00,CAN,CAN,-19.700000434366,-18.4000002843537,0.0,-17.4999999177994,-16.60999963120902,-15.250000367451639,-2.998019221901595,-2.61404466306199,1.627674420018828,1.035810097774798,14.37542657536595,3.387818437999342,3.39756033681253,5.504595959670974,4.450000152291652,-12.40158899014415,35.83062000274655,5.435802726745604,1.0,110.999999673762,0.0,0.0,0.0,133.713452249181,5.49367089271545,113.28259698494239,1.1113999934184,32.2774997,0.999999885531928,1899.7462987899758,1915.803670883178,70.30947320163234,-8.195646852254871,-72.24778905510902,-64.8455827,-2.0,182.184020996094,-619.586975097656,792.882202148438,172.873001098633,32.3014259338379,51.7378509044647,0.030600019880002483,1.14760721040678,0.0966696816953871,-0.5603999672709616,0.0,0.0,1.0,7.0,0.0,0.0,0.0,26050904.0,1.0,-15.028530117576182,95.01740482725614,30.63127670288085,5.144313983917234
2026-05-09 18:09:09+00:00,CAN,CAN,-19.700000434366,-18.35999996449842,0.0,-17.4999999177994,-16.57000033588212,-15.580000274181922,-3.00315947286056,-2.61375245903156,1.6399263066302858,1.0390454943516119,14.34390439857265,3.387547877130848,3.3981074349650497,5.15173669044916,4.119999904051946,-13.51432114792715,35.6478298187256,5.433993759155274,1.0,110.999999673762,0.0,0.0,0.0,133.434015549857,5.4159610748291,113.07399890957679,0.5889999917021304,32.27749,0.999999885531928,1899.76439476013,1915.9035205841058,171.2532997131348,-85.02588979899879,-53.09344520792365,-64.8455702,-2.0,183.11540222168,-618.664306640625,791.223327636719,171.873001098633,32.2878479957581,51.7417728900909,0.2795999922045457,-1.12042017602407,-1.03357389384054,-0.484399980132683,0.0,0.0,1.0,7.0,0.0,0.0,0.0,26050904.0,1.0,-16.359549571704083,95.10485173919986,30.42743740081785,5.105401697158814
2026-05-09 18:09:10+00:00,CAN,CAN,-19.700000434366,-18.3499998845346,0.0,-17.4999999177994,-16.4800002992267,-15.38000004094344,-2.99978162415087,-2.61375245903156,1.631277536905078,1.0365290605623059,14.362295536686549,3.3883602000665696,3.39756033681253,7.889925890025607,4.319999966535692,-13.751820485746801,35.51641616821285,5.522593345642088,1.0,110.999999673762,0.0,0.0,0.0,129.912861787419,5.52440342903137,112.2054010207504,0.2830000036774722,32.2774806,0.999999885531928,1899.755358695982,1915.858125686646,71.10581735323646,-27.50438153743745,-13.028732500970369,-64.8455572,-2.0,184.123306274414,-617.932312011719,789.81982421875,170.873001098633,32.2878479957581,51.7241358757019,-0.14679999651495584,-0.218494883402865,0.323770176565645,-0.7859999949785722,0.0,0.0,1.0,7.0,0.0,0.0,0.0,26050904.0,1.0,-16.269995887910916,95.14669347805535,30.21044368743895,5.197759294509888
2026-05-09 18:09:11+00:00,CAN,CAN,-19.700000434366,-18.339999804570777,0.0,-17.4999999177994,-16.59999989275466,-15.489999896017022,-2.9993410769494053,-2.614775173138065,1.6327191123624316,1.032934182591738,14.32341596549675,3.387005986997572,3.39783388588879,9.398638777204273,4.199999860743552,-13.0980586840553,35.3955476760864,5.443179960250852,1.0,110.999999673762,0.0,0.0,0.0,130.211750865499,5.42923049926758,111.40999953718378,0.7877999952847945,32.2774716,0.999999885531928,1899.7190952301,1915.9126043319702,153.72608006000522,-17.524853721261024,-66.81689955294135,-64.845544,-2.0,185.38459777832,-617.007568359375,788.314758300781,169.873001098633,32.2917282581329,51.7084658145905,0.32360000688812096,0.854111260367834,-0.325910000127416,-0.9109999699978925,0.0,0.0,1.0,7.0,0.0,0.0,0.0,26050904.0,1.0,-15.523336341808578,95.1718558949577,30.1171817779541,5.1928357028961205
2026-05-09 18:09:12+00:00,CAN,CAN,-19.700000434366,-18.2999994847155,0.0,-17.469999677908,-16.67000011099194,-15.299999742742362,-2.998165644081925,-2.61360646373805,1.630556759848572,1.03976430772873,14.313436632232499,3.3886312731992563,3.3972867877362694,10.509860011765488,4.390000184772947,-13.002765165415699,35.15358238220215,5.346633567810057,1.0,110.999999673762,0.0,0.0,0.0,123.810429273471,5.31040005683899,110.0777970942916,0.641199995246473,32.2774634,0.999999885531928,1899.7462987899758,1915.858149528502,103.0322596430779,-53.55523228645323,-57.737436890602055,-64.8455307,-2.0,186.017547607422,-616.278564453125,786.827026367188,168.873001098633,32.2917282581329,51.7241358757019,0.05839999770666282,-0.730034897679028,0.16001747177186,-1.6503998894583158,0.0,0.0,1.0,7.0,0.0,0.0,0.0,26050904.0,1.0,-15.39067016246482,95.18586461294541,29.992589950561552,5.139815425872802
2026-05-09 18:09:13+00:00,CAN,CAN,-19.700000434366,-18.340000146080236,0.0,-17.4499995179804,-16.550000175954484,-15.33000032414326,-2.9993409702276947,-2.613314152985915,1.634881102022494,1.064568587930794,11.018901716266054,3.3872769320642098,3.3972867877362694,10.87034902917704,4.370000110222678,-12.9430372955581,35.1580987930298,5.447359914779664,1.0,110.999999673762,0.0,0.0,0.0,121.821519168298,5.48709712028503,108.5785992582682,0.18939999409054714,32.277456,0.999999885531928,1899.836921691894,1915.9307718276982,147.5315362215042,-31.181866861879815,-33.99399239569904,-64.8455169,-2.0,187.113250732422,-615.388549804688,785.152099609375,167.873001098633,32.2936683893204,51.7594039440155,0.22119999308048532,0.693250860543072,-0.765597985139992,-1.2967999929427179,0.0,0.0,1.0,7.0,0.0,0.0,0.0,26050904.0,1.0,-15.765992130942141,95.15880681854836,29.8988817214966,5.229996099472044
2026-05-09 18:09:14+00:00,CAN,CAN,-19.700000434366,-18.380000124426058,0.0,-17.4499995179804,-16.51000019760866,-15.41999967777978,-2.995228342573705,-2.612875526775155,1.6366832474350002,1.0451564646020242,15.801256739136399,3.3875476209987516,3.3970135801694696,11.857974063348099,4.27999998818989,-13.47081326980095,34.75868396759035,5.211234884262086,1.0,110.999999673762,0.0,0.0,0.0,117.582785731658,5.2085422039032,106.91459442172382,0.42379999583663563,32.2774492,0.999999885531928,1899.8097181320184,1916.0124778747559,147.2695440053938,-27.86421030759812,-28.947935812175366,-64.8455028,-2.0,187.77214050293,-614.623779296875,784.014953613281,166.873001098633,32.3150038719177,51.7065048217773,0.29279999378316063,-0.0241399312469748,1.31967472335992,-1.996999994669066,0.0,0.0,1.0,7.0,0.0,0.0,0.0,26050904.0,1.0,-15.712949223357322,95.0688020007605,29.670218467712402,5.004599304199218
2026-05-09 18:09:15+00:00,CAN,CAN,-19.73000033274798,-18.4299998412262,0.0,-17.50999965625382,-16.60999928969954,-15.57999993267246,-2.99816617769046,-2.613752352309855,1.633440124206692,1.03652927400572,10.126314239395375,3.388089639198076,3.3972867877362694,11.62222615678632,4.139999893224846,-11.92498009740795,34.566193199157695,5.2224050617218,1.0,110.999999673762,0.0,0.0,0.0,116.286934921567,5.2538565158844,105.19380066034459,0.4307999999178773,32.2774434,0.999999885531928,1899.7462987899758,1915.8581018447862,107.5316563248634,-5.815160553902395,-52.382344380021095,-64.8454889,-2.0,188.746765136719,-613.952270507812,782.754028320312,165.873001098633,32.2917282581329,51.733934879303,-0.019400000576762177,0.15331276064742,-0.969999346819704,-1.392000002023663,0.0,0.0,1.0,7.0,0.0,0.0,0.0,26050904.0,1.0,-13.80370115126704,94.95032895451206,29.54916801452635,5.0809656143188455
2026-05-09 18:09:16+00:00,CAN,CAN,-20.02999965807726,-19.1000007591789,0.0,-18.1499999928056,-17.11000021430522,-15.8799999410207,-2.9968443226426453,-2.614336546927305,1.6276743132971219,1.0764308335944521,9.64088074225152,3.3875477490648,3.39756033681253,12.74412844117162,4.1299998986383955,-10.90317483295075,34.32027626037595,5.049895248413088,1.0,110.999999673762,0.0,0.0,0.0,115.728648919188,5.00716624259949,104.3286001076112,0.23100000327987033,32.2774379,0.999999885531928,1899.7825145721422,1915.8763408660877,184.17304456233984,-18.1324604898691,13.150593079626566,-64.8454748,-2.0,189.533218383789,-612.703491210938,773.049621582031,164.873001098633,32.2897881269455,51.7378509044647,0.33339999357538,-0.383702418489862,0.549692984072392,-0.6917999896251436,0.0,0.0,1.0,7.0,0.0,0.0,0.0,26050904.0,1.0,-12.52381573760572,94.8389353993383,29.2992307662964,4.96868456840515
2026-05-09 18:09:17+00:00,CAN,CAN,-20.0499998180049,-19.1000007591789,0.0,-18.1499999928056,-17.17000001106922,-15.7999999843291,-2.996550624508335,-2.6150674838901997,1.628034712497546,1.093326096247102,9.093982799653546,3.3880892549999317,3.39838098404131,12.77006779209204,4.249999919053172,-9.50963908423655,33.93337726593015,4.890077991485596,1.0,110.999999673762,0.0,0.0,0.0,110.891905099957,4.89053349494934,103.22479509245099,0.049800001468520615,32.2774329,0.999999885531928,1899.7100353240942,1915.9126043319702,71.97082638740537,-74.24284294247624,-54.66369134373964,-64.8454611,-2.0,190.0087890625,-612.313110351562,772.176879882812,163.873001098633,32.2878479957581,51.7065048217773,0.13019999947167088,0.209552564953732,-0.74157791737635,-0.9914000103562215,0.0,0.0,1.0,7.0,0.0,0.0,0.0,26050904.0,1.0,-11.12257169352632,94.7506586194105,29.113185882568352,4.838866767883298
2026-05-09 18:09:18+00:00,CAN,CAN,-20.05999989796872,-19.1000007591789,0.0,-18.1499999928056,-17.17000001106922,-15.829999882711082,-2.9968443226426453,-2.6150674838901997,1.6273141275401097,1.10159397620438,3.861394940187465,3.38781856606539,3.39756033681253,14.05638399961166,4.23999992446672,-8.89831196719784,33.57417240142825,4.671186304092406,1.0,110.999999673762,0.0,0.0,0.0,115.316447002778,4.65411243438721,103.0432008529878,0.16140000352886763,32.2774284,0.999999885531928,1899.7100353240942,1915.7945871353138,173.54566454887382,-0.5113479914143676,-49.331621453165994,-64.8454478,-2.0,190.672790527344,-611.344970703125,770.958251953125,162.873001098633,32.297545671463,51.7045438289642,0.22959999459289643,-0.166924447209183,0.400650465698191,0.24339998493440357,0.0,0.0,1.0,7.0,0.0,0.0,0.0,26050904.0,1.0,-10.283057774714429,94.66922568903105,28.918666076660152,4.636729917526244
2026-05-09 18:09:19+00:00,CAN,CAN,-20.100000217824,-19.08000059925126,0.0,-18.11999975291414,-17.02999957459466,-15.910000180912178,-2.9962562860437947,-2.615943989259785,1.6366830980246139,1.0979990982338141,3.81201171199292,3.3878186941314383,3.39756033681253,14.594256444863001,4.18000004232538,-8.415448328729205,33.2250389099121,4.5373457908630375,1.0,110.999999673762,0.0,0.0,0.0,109.156859465856,4.54593014717102,103.0079980580058,0.20939999827118902,32.2774241,0.999999885531928,1899.72813129425,1915.867233276366,142.0684799551962,-53.36025627912024,5.135127156972892,-64.8454351,-2.0,191.053436279297,-610.727294921875,769.885131835938,161.873001098633,32.297545671463,51.6810357570648,-0.00040000045713888265,-0.0180244023122009,0.642373688550146,-0.18479999942224518,0.0,0.0,1.0,7.0,0.0,0.0,0.0,26050904.0,1.0,-9.921582990250922,94.61455685491424,28.7315963745117,4.504678888320923
2026-05-09 18:09:20+00:00,CAN,CAN,-20.100000217824,-19.0500003593598,0.0,-18.0999995929865,-17.140000454196677,-15.950000159257979,-2.995522040708015,-2.61448286238593,1.6327193258058421,1.092247758787544,2.27953716231682,3.386735041930934,3.39756033681253,14.33676446032376,4.1299998986383955,-8.756047237636114,32.7980810165405,4.2765660667419425,1.0,110.999999673762,0.0,0.0,0.0,115.30919334188,4.25848617553711,103.18619769345139,0.1722000029482842,32.2774202,0.999999885531928,1899.791598320006,1915.867209434508,91.5088266134262,-40.7736536115408,-51.10053047537807,-64.8454228,-2.0,191.506378173828,-610.2646484375,769.127136230469,160.873001098633,32.2762101888657,51.6888737678528,0.2941999984680709,-0.161193024701256,-0.601424463320098,0.3859999900729917,0.0,0.0,1.0,7.0,0.0,0.0,0.0,26050904.0,1.0,-10.389949552206222,94.56413298336665,28.510657024383548,4.230477991104126
2026-05-09 18:09:21+00:00,CAN,CAN,-20.100000217824,-19.0500003593598,0.0,-18.0999995929865,-17.15999958959594,-15.78000016591094,-2.99566888977517,-2.6166744993358604,1.634881230088542,1.0929665508203241,4.94416241775137,3.387818437999342,3.3972867877362694,14.663683268719442,4.3099998865718785,-9.09397127370932,32.348989105224604,4.069795475006101,1.0,110.999999673762,0.0,0.0,0.0,111.958596233206,4.08978552818298,103.23499939507099,0.09260000119033696,32.2774162,0.999999885531928,1899.764418601988,1915.921688079834,136.1896634101867,-56.0644306242466,-49.42390397191046,-64.8454112,-2.0,191.874298095703,-609.432250976562,768.153686523438,159.873001098633,32.2878479957581,51.6790747642517,0.15879999901500338,0.673081151841465,0.296351849566083,-0.24399998637049922,0.0,0.0,1.0,7.0,0.0,0.0,0.0,26050904.0,1.0,-10.590196355273738,94.50778050761946,28.2959584236145,4.012986545562744
2026-05-09 18:09:22+00:00,CAN,CAN,-20.100000217824,-19.03000019943216,0.0,-18.0999995929865,-16.99999967621266,-15.969999977676139,-2.99522791568688,-2.616528610764055,1.6283950049762637,1.10015620003975,5.860391527216975,3.3875476209987516,3.3972867877362694,14.644229011661201,4.129999984015759,-9.191592606195375,31.929620361328148,3.7308189296722425,1.0,110.999999673762,0.0,0.0,0.0,115.458173428056,3.70886120796204,102.921200014033,0.38439999958361765,32.2774124,0.999999885531928,1899.7281312942482,1915.8853769302361,176.70925557613378,-23.69604744017123,-8.327475073747348,-64.8454005,-2.0,192.420379638672,-609.116577148438,767.304260253906,158.873001098633,32.2917282581329,51.6633987426758,0.30179999531426893,-0.440966431006558,0.232569915590491,-0.3025999945610199,0.0,0.0,1.0,7.0,0.0,0.0,0.0,26050904.0,1.0,-10.398244304689019,94.4467732579529,28.1901017189026,3.677662396430968
2026-05-09 18:09:23+00:00,CAN,CAN,-20.100000217824,-19.020000119468342,0.0,-18.08999951302268,-17.1000001343414,-15.820000144256761,-2.995228235852,-2.61594388253808,1.6265934785496459,1.094404881937822,1.5970936353922691,3.387547492932704,3.39756033681253,14.28793612096626,4.289999982776342,-8.620987076988285,31.713054084777852,3.67544105529785,1.0,110.999999673762,0.0,0.0,0.0,112.711023532553,3.6896960735321,102.8068011756246,-0.09540000489056648,32.2774089,0.999999885531928,1899.7009754180879,1915.8672094345081,62.20910586416721,-29.815204720944177,-18.02095863968135,-64.8453903,-2.0,192.709671020508,-608.310668945312,758.738403320312,157.975006103516,32.2897881269455,51.6340136528015,-0.1434000017172962,-0.12913689253355,-0.773096145466491,0.3572000025157227,0.0,0.0,1.0,7.0,0.0,0.0,0.0,26050904.0,1.0,-9.782338143453352,94.39021929162516,28.10972986221315,3.6316301965713507
2026-05-09 18:09:24+00:00,CAN,CAN,-20.100000217824,-18.9999999595407,0.0,-18.0499991931674,-17.06999989444994,-15.980000057639959,-2.993465406715905,-2.61755132487056,1.6244314248565601,1.09296665754203,-5.131718558586281,3.3878186941314383,3.39783388588879,14.50613693004082,4.129999984015759,-8.63101678289763,31.40728054046635,3.4105671215057356,1.0,110.999999673762,0.0,0.0,0.0,119.066152555223,3.3956107378006,103.8824002415882,0.3785999870353851,32.2774052,0.999999885531928,1899.710035324096,1915.867233276366,180.77035844326,-19.194443151354783,-59.34564573690295,-64.8453804,-2.0,193.057327270508,-607.801879882812,757.939636230469,156.975006103516,32.2956055402756,51.659482717514,0.5185999939550217,0.0867137271548481,1.30262742496521,1.2735999320776181,0.0,0.0,1.0,7.0,0.0,0.0,0.0,26050904.0,1.0,-9.90059911232807,94.35310062858075,27.9287549972534,3.368935933113098
2026-05-09 18:09:25+00:00,CAN,CAN,-20.100000217824,-18.9999999595407,0.0,-18.0499991931674,-17.10999987279576,-15.91999991936656,-2.996256392765495,-2.616966810087995,1.631998335305926,1.0904503731631139,-2.141369852566015,3.38781856606539,3.3970134094147397,12.43361216131302,4.179999871570653,-8.739399932194685,31.067270851135248,3.3379229879379237,1.0,110.999999673762,0.0,0.0,0.0,118.246502534065,3.37369537353516,104.90879599080958,0.4571999737266378,32.2774012,0.999999885531928,1899.873161315918,1915.921664237976,123.84011000394817,-100.45226253569122,-5.275119096040742,-64.8453715,-2.0,193.508331298828,-607.505737304688,757.268676757812,155.975006103516,32.2917282581329,51.649683713913,-0.1284000018334918,0.184268872172997,-1.10217055089203,0.9285999907790116,0.0,0.0,1.0,7.0,0.0,0.0,0.0,26050904.0,1.0,-10.11052361043058,94.3497026094687,27.821850299835198,3.2913331460952753
2026-05-09 18:09:26+00:00,CAN,CAN,-20.100000217824,-18.9999999595407,0.0,-18.0499991931674,-17.12000029426904,-15.72999976609186,-2.99610986386346,-2.61623630001192,1.63199822858422,1.0713983715583262,1.11376186216122,3.3872769320642098,3.39783388588879,11.015307670724779,4.380000104809129,-9.73005611894203,30.8814645767212,3.2077472305297845,1.0,110.999999673762,0.0,0.0,0.0,124.919255843709,3.16801629066467,106.1355990525434,0.1667999961932759,32.2773971,0.999999885531928,1899.791622161864,1915.8490657806378,118.42727810144424,-2.484481409192081,-70.07634639739993,-64.8453628,-2.0,193.696151733398,-607.148254394531,764.510131835938,154.975006103516,32.2936683893204,51.6810357570648,0.38039998867562796,-0.278596345931812,0.0177630041691557,1.2745999678216442,0.0,0.0,1.0,7.0,0.0,0.0,0.0,26050904.0,1.0,-11.040608057448338,94.36169983674574,27.673764896392797,3.147144026756286
2026-05-09 18:09:27+00:00,CAN,CAN,-20.100000217824,-18.9899998795769,0.0,-18.0499991931674,-17.130000374232857,-15.92999999933034,-2.995522040708015,-2.615943989259785,1.6366831620576359,1.064567968944902,6.62426366229192,3.3880895111320277,3.3972867877362694,11.03476261080192,4.179999956948016,-9.447431428823371,30.720066833496098,3.2462646961212145,1.0,110.999999673762,0.0,0.0,0.0,126.448794746063,3.27944769859314,106.892802020158,0.10540000706426397,32.2773922,0.999999885531928,1899.782538414,1915.8763170242303,117.1311229467392,-29.011644795536995,-1.2732967734337002,-64.8453546,-2.0,194.426239013672,-607.003234863281,755.774536132812,153.975006103516,32.2878479957581,51.6712367534637,-0.13360000093943708,0.59434294453297,0.818004052289943,0.6763999781117709,0.0,0.0,1.0,7.0,0.0,0.0,0.0,26050904.0,1.0,-10.539911819585182,94.39335434845421,27.54655780792235,3.187196402549744
2026-05-09 18:09:28+00:00,CAN,CAN,-20.100000217824,-18.9499995597217,0.0,-18.0499991931674,-17.13999977117776,-15.86000046411202,-2.994346714562245,-2.61652850404235,1.63992639200765,1.0652872305531862,6.77714549403161,3.3875477490648,3.39756033681253,8.518969237110852,4.239999839089358,-9.75588661372254,30.6062776565552,3.0942900466918917,1.0,110.999999673762,0.0,0.0,0.0,129.029895912655,3.07036092281342,107.6961961910916,0.8474000232110847,32.2773873,0.999999885531928,1899.782538414,1915.9216880798363,125.8501455187798,-102.61756926774981,-60.243964195251394,-64.8453467,-2.0,194.822219848633,-606.841918945312,754.973449707031,152.975006103516,32.2994858026504,51.6653597354889,0.31119998979864627,-0.381013138225876,0.205711343937753,0.6065999804667369,0.0,0.0,1.0,7.0,0.0,0.0,0.0,26050904.0,1.0,-11.233267203366898,94.4572507681397,27.54309368133545,3.032950201034546
2026-05-09 18:09:29+00:00,CAN,CAN,-20.11000029778782,-18.9499995597217,0.0,-18.0499991931674,-17.11999961125012,-15.81000006429294,-2.997725523767285,-2.61565167850765,1.6392056362954857,1.055940821037284,6.84228906357084,3.3875477490648,3.39783388588879,6.086337087791394,4.289999897398977,-10.512165285987749,30.4819604873657,3.2558835697174073,1.0,110.999999673762,0.0,0.0,0.0,130.815525927749,3.27884495258331,108.16140310753681,0.004999987955076196,32.277382,0.999999885531928,1899.7462749481178,1915.7582998275743,111.37006878852833,-4.663853114470838,-64.39061053097244,-64.8453389,-2.0,195.494567871094,-606.394409179688,753.956298828125,151.975006103516,32.2936683893204,51.6614437103272,-0.11220000307956073,0.0669861731504009,-0.969859221220013,0.49879999592266894,0.0,0.0,1.0,7.0,0.0,0.0,0.0,26050904.0,1.0,-12.088177393096359,94.5162089610552,27.35186548233035,3.1698056030273443
2026-05-09 18:09:30+00:00,CAN,CAN,-20.100000217824,-18.9499995597217,0.0,-18.0499991931674,-17.159999931105396,-15.759999664473881,-2.99596258790948,-2.61652850404235,1.6402867058307102,1.045875512766898,7.904041329719091,3.3875476209987516,3.39756033681253,6.8366880096306515,4.350000121049778,-11.476850105302951,30.265601921081547,3.186104035377504,1.0,110.999999673762,0.0,0.0,0.0,131.639410666193,3.16913423538208,108.95459707396421,0.3342000034943015,32.2773763,0.999999885531928,1899.7553348541242,1915.8127546310418,133.90486985445028,-15.754379983991395,36.20750177651645,-64.845331,-2.0,196.03694152832,-606.279418945312,753.029541015625,150.975006103516,32.2878479957581,51.6379296779633,0.2983999871763962,-0.0619027981905123,0.971351724275367,1.0331999729999921,0.0,0.0,1.0,7.0,0.0,0.0,0.0,26050904.0,1.0,-13.149108969327159,94.56027392648555,27.1122982978821,3.078965535163876
2026-05-09 18:09:31+00:00,CAN,CAN,-20.100000217824,-18.9499995597217,0.0,-18.0499991931674,-17.1000001343414,-15.880000282530181,-2.997138020776955,-2.61652850404235,1.6392056362954857,1.0530649058542239,8.39315245684417,3.3875476209987516,3.397286958491,6.1668271959333145,4.22999992988027,-11.8436274217512,29.91958408355715,3.26366163253784,1.0,110.999999673762,0.0,0.0,0.0,131.609753984817,3.29510128498077,109.6839998056186,0.6614000022403508,32.2773708,0.999999885531928,1899.891304969788,1915.9216880798344,119.11764740943917,-109.53165292739864,-100.17332807183269,-64.8453234,-2.0,196.498413085938,-606.008422851562,752.166076660156,149.873001098633,32.2994858026504,51.6986668109894,-0.02959999947722261,0.453658069742779,-0.358925960636494,0.6401999568344061,0.0,0.0,1.0,7.0,0.0,0.0,0.0,26050904.0,1.0,-13.499423566196299,94.60150436341036,26.8006007194519,3.150392460823058
2026-05-09 18:09:32+00:00,CAN,CAN,-20.100000217824,-18.9499995597217,0.0,-18.0999995929865,-17.11999961125012,-15.779999824401461,-2.99787237283444,-2.615943989259785,1.6402867058307102,1.0455159886844598,8.396829659938575,3.386734913864886,3.39756033681253,5.4683560858406235,4.329999961122144,-12.7426544863487,29.7402425765991,3.3318959999084456,1.0,110.999999673762,0.0,0.0,0.0,136.894886062681,3.31335768699646,110.8536000330538,0.023000001689463416,32.2773646,0.999999885531928,1899.7734546661363,1915.749216079712,96.550465375185,-20.182903457316588,-35.05540825426578,-64.8453158,-2.0,197.232574462891,-605.633605957031,751.154418945312,148.873001098633,32.2956055402756,51.6731977462769,0.07819999640602637,-0.51851402428493,-0.571194366218739,1.3221999616899451,0.0,0.0,1.0,7.0,0.0,0.0,0.0,26050904.0,1.0,-14.717222389547521,94.64890929134481,26.53851842880245,3.1949786281585677
2026-05-09 18:09:33+00:00,CAN,CAN,-20.110000297787824,-18.9499995597217,0.0,-18.0999995929865,-17.159999931105396,-15.86000012260256,-2.99464030597485,-2.61550568321414,1.6395660141515678,1.055581190233142,8.386846484692956,3.3875477490648,3.39756033681253,5.271899098611451,4.249999919053171,-13.263477328016549,29.69016036987305,3.535781478881836,1.0,110.999999673762,0.0,0.0,0.0,136.270825338595,3.53458349704742,111.7691991856346,0.5361999987278845,32.2773581,0.999999885531928,1899.7190713882421,1915.6675100326543,107.62137621641133,-76.07589885592454,-20.04792019724848,-64.845308,-2.0,197.688827514648,-605.44140625,750.034240722656,147.873001098633,32.2878479957581,51.6536056995392,0.04079999910364894,0.170367369478972,1.02102299435382,0.7633999875763996,0.0,0.0,1.0,7.0,0.0,0.0,0.0,26050904.0,1.0,-15.280528580965939,94.69724654010099,26.338851356506353,3.3744133901596056
2026-05-09 18:09:34+00:00,CAN,CAN,-20.100000217824,-18.9499995597217,0.0,-18.0999995929865,-17.1000001343414,-15.820000144256738,-2.99669747357549,-2.61346004155772,1.708032406688988,1.0577382066617118,10.98160162632177,3.3878186941314383,3.39783388588879,3.106295798903256,4.289999812021611,-13.74328232239745,29.7885927200317,3.8098889923095696,1.0,110.999999673762,0.0,0.0,0.0,137.112359285854,3.81635084152222,112.6521992113446,0.7037999916666211,32.2773511,0.999999885531928,1897.6793527603138,1915.7401323318481,91.40183329582223,-37.407050095498576,-65.90461730957031,-64.8452998,-2.0,198.649505615234,-604.814697265625,748.837646484375,146.873001098633,32.3150038719177,51.6712367534637,-0.1193999976343408,0.14954004162634,-0.876787915299099,0.7357999535325314,0.0,0.0,1.0,7.0,0.0,0.0,0.0,26050904.0,1.0,-16.13865408224722,94.7539883366309,26.20346460342405,3.623316206932068
2026-05-09 18:09:35+00:00,CAN,CAN,-20.100000217824,-18.9499995597217,0.0,-18.0999995929865,-17.099999451322482,-15.78999956285584,-2.892861415996665,-2.6147751731380646,2.666203189215382,1.069600964589554,12.848730312366751,3.3883605842647144,3.3972867877362694,3.4084199107060256,4.310000057326608,-14.9390068281248,29.96533012390135,3.986893243789676,1.0,110.999999673762,0.0,0.0,0.0,135.64791208629,3.96995816230774,113.0249950343574,0.4045999905692394,32.2773435,0.999999885531928,1724.059534072876,1915.967082977296,171.6650098562242,-46.02124840021135,-44.88970590755337,-64.845291,-2.0,199.126556396484,-604.242797851562,755.536987304688,145.873001098633,32.2917282581329,51.6869127750397,0.34940000118876186,-0.388399480885142,-0.267909767923387,0.2014000031356368,0.0,0.0,1.0,7.0,0.0,0.0,0.0,26050904.0,1.0,-17.5143009678836,94.79897879269376,26.1553238868713,3.744697494506834
2026-05-09 18:09:36+00:00,CAN,CAN,-20.100000217824,-18.9499995597217,0.0,-18.1499999928056,-17.10999987279576,-15.81999980274728,-2.8937426171213048,-2.613898347603365,4.059676783208134,1.1224434701553019,12.8114297955357,3.38781856606539,3.3981074349650497,5.437838715251642,4.279999902812524,-14.71780346789115,30.31634159088135,4.301207284927368,1.0,110.999999673762,0.0,0.0,0.0,133.716949306036,4.34109477996826,113.0767979210988,0.45799999965381544,32.277336,0.999999885531928,1281.7424535751356,1915.9761667251598,21.048613963648677,-15.008344128727908,-39.87366482615472,-64.8452816,-2.0,200.007308959961,-603.587097167969,746.462463378906,144.873001098633,32.3091834783554,51.7123818397522,-0.34899999622930117,0.212783938122235,0.630800519970941,-0.1889999901316024,0.0,0.0,1.0,7.0,0.0,0.0,0.0,26050904.0,1.0,-16.97987247476652,94.82268637930285,26.31199922561645,4.057818231582639
2026-05-09 18:09:37+00:00,CAN,CAN,-20.100000217824,-18.93999947975788,0.0,-18.1499999928056,-17.1999992264323,-15.819999802747281,-2.89359576805415,-2.613168157692405,4.98397401094213,1.110581224491648,10.410535913119345,3.387818437999342,3.3972867877362694,6.374346613674331,4.280000073567254,-14.428159050853,30.7359369277954,4.297663164138795,1.0,110.999999673762,0.0,0.0,0.0,137.482596520004,4.28953714370727,113.1861997931102,0.40239999730974885,32.2773281,0.999999885531928,767.4009919166564,1915.967082977296,163.30290976911755,-95.80759964883316,-46.980553213506944,-64.8452716,-2.0,200.941528320312,-602.908325195312,745.269775390625,143.873001098633,32.307243347168,51.6810357570648,0.583599969439124,0.306294230439668,0.070921996288448,0.8766000020540974,0.0,0.0,1.0,7.0,0.0,0.0,0.0,26050904.0,1.0,-17.058493757774162,94.86282740105506,26.552924251556398,4.078345241546628
2026-05-09 18:09:38+00:00,CAN,CAN,-20.100000217824,-18.90999923986642,0.0,-18.1499999928056,-17.039999654558482,-15.729999424582399,-2.89344881226529,-2.61448286238593,5.004514011946286,1.085058408388894,7.75904281694206,3.38808938306598,3.39756033681253,6.50671678969492,4.370000195600044,-14.0549873966811,30.77237548828125,4.454787569046021,1.0,110.999999673762,0.0,0.0,0.0,136.599603324483,4.42046241760254,114.7193996768594,0.6417999740042057,32.2773197,0.999999885531928,283.4647834300994,1915.9670591354384,122.22834900021533,-62.27881480008362,-28.120467439293883,-64.8452623,-2.0,201.769409179688,-602.289001464844,743.999877929688,142.873001098633,32.2917282581329,51.6986668109894,-0.4889999998138844,-1.0992312216714,0.494441289359484,1.3739999029119097,0.0,0.0,1.0,7.0,0.0,0.0,0.0,26050904.0,1.0,-16.09539746970514,94.9164512162288,26.6465269088745,4.266152572631838
2026-05-09 18:09:39+00:00,CAN,CAN,-20.100000217824,-18.90999923986642,0.0,-18.1499999928056,-17.169999669559758,-15.89000002098454,-2.893595661332445,-2.61214501669908,3.7378838610298417,1.04012404525458,12.254549104578949,3.3883605842647144,3.39783388588879,5.991732649861734,4.209999940707368,-13.433629293072599,31.486788940429648,4.834296884536739,1.0,110.999999673762,0.0,0.0,0.0,142.666354930207,4.87651476860046,115.69979820013441,0.5508000083264625,32.2773102,0.999999885531928,21.07694931328296,1915.921688079834,44.13839461631143,-11.553931236267077,-108.22968110442154,-64.8452523,-2.0,202.806518554688,-601.869995117188,750.448364257812,141.873001098633,32.307243347168,51.7300128936768,0.08659999850207147,0.838035182856592,-0.563949990108588,1.272199972749433,0.0,0.0,1.0,7.0,0.0,0.0,0.0,26050904.0,1.0,-16.278203384727057,95.04078114969055,26.80082473754885,4.641632480621338
2026-05-09 18:09:40+00:00,CAN,CAN,-20.100000217824,-18.8999991599026,0.0,-18.079999433058862,-17.02999957459466,-15.829999541201662,0.2609839310920938,-2.613021948955485,2.999887299983938,1.0440780631094422,13.21333135979075,3.3886315293313523,3.39756033681253,7.753741309485662,4.280000073567256,-14.07511596416515,31.312135505676252,4.7711207771301245,1.0,110.999999673762,0.0,0.0,0.0,145.319815120865,4.77470841407776,117.3634000555176,0.37839999322679363,32.2772993,0.999999885531928,7.089110929518938,1915.903544425964,132.867743074894,-11.831198632717122,-37.85789273679255,-64.845243,-2.0,204.109649658203,-601.156494140625,741.121826171875,140.873001098633,32.3324590921402,51.7437279224396,0.1928000005608935,-0.440417401191166,0.501116251808438,1.6681999173882378,0.0,0.0,1.0,7.0,0.0,0.0,0.0,26050904.0,1.0,-16.647072873495482,95.18115861260719,26.71168098449705,4.562998867034912
2026-05-09 18:09:41+00:00,CAN,CAN,-20.100000217824,-18.8999991599026,0.0,-18.0999995929865,-17.06999989444994,-15.759999664473842,0.48921680829423253,-2.612291332157705,2.99520255860959,1.028261180605032,18.16169754553285,3.3878186941314383,3.3972867877362694,8.124148188458886,4.350000035672411,-13.49047354244005,31.364923095703148,4.886127548217773,1.0,110.999999673762,0.0,0.0,0.0,144.952555849193,4.91947302818298,118.0446021421996,0.7908000171395049,32.2772884,0.999999885531928,7.152567431330683,1915.948939323426,94.11837905645383,-119.42164748907086,-35.63424162566668,-64.8452339,-2.0,205.230972290039,-600.938171386719,739.606994628906,139.873001098633,32.2956055402756,51.6888737678528,-0.041599998183647305,0.604540470324652,0.592650124835864,-0.44079999317030694,0.0,0.0,1.0,7.0,0.0,0.0,0.0,26050904.0,1.0,-16.0405554902929,95.36717539955791,26.7092511177063,4.695752849578854
2026-05-09 18:09:42+00:00,CAN,CAN,-20.100000217824,-18.8999991599026,0.0,-18.0999995929865,-17.169999328050302,-15.809999722783479,0.4895105331089695,-2.6109763072990653,2.994842266130872,1.00920907227854,18.013021402774598,3.38808938306598,3.39756033681253,7.6209900089093905,4.290000068153706,-13.718482332408001,31.3748056411743,4.872335844039916,1.0,110.999999673762,0.0,0.0,0.0,146.883955761555,4.8720901966095,117.7615973520536,0.4572000017410856,32.2772773,0.999999885531928,7.125371787697079,1915.948915481568,138.14772292971597,-45.909105613827705,-97.52647876739505,-64.8452246,-2.0,206.34846496582,-600.081848144531,738.375610351562,138.873001098633,32.3169440031052,51.7535269260406,0.326800000456695,0.262226970492657,-1.01381031459028,0.23939999270271267,0.0,0.0,1.0,7.0,0.0,0.0,0.0,26050904.0,1.0,-16.498502940178803,95.5663437157555,26.6711706161499,4.6771945381164555
2026-05-09 18:09:43+00:00,CAN,CAN,-20.100000217824,-18.8999991599026,0.0,-18.08999951302268,-17.01999949463084,-15.729999424582399,0.48862935866475854,-2.612729531481645,2.994481845586108,1.0013005243046282,17.4740008027238,3.387818437999342,3.3981074349650497,9.387576090560334,4.370000195600044,-14.198729154650849,31.160369682312,4.873070211410521,1.0,110.999999673762,0.0,0.0,0.0,145.525349173369,4.840021276474,118.0855969375978,0.35360000056925767,32.2772659,0.999999885531928,7.04378476366401,1915.894436836242,93.78419667482382,2.9890332370996573,-12.24266963545232,-64.8452156,-2.0,207.666046142578,-599.341186523438,737.040405273438,137.873001098633,32.3150038719177,51.7417728900909,-0.18220000687288454,-1.31898049866381,0.811669852247549,0.03759999928184961,0.0,0.0,1.0,7.0,0.0,0.0,0.0,26050904.0,1.0,-16.91139333965738,95.7400934829569,26.5199438095093,4.650310049057006
2026-05-09 18:09:44+00:00,CAN,CAN,-20.100000217824,-18.8999991599026,0.0,-18.08999951302268,-17.12999969121394,-15.709999264654801,0.48818875810244,-2.611999128127275,2.9952024305435443,0.9858431872269948,15.014791618947498,3.38781856606539,3.3972867877362694,7.949053727764671,4.390000184772948,-14.32864191398545,31.31181449890135,5.007957258224488,1.0,110.999999673762,0.0,0.0,0.0,142.936024459017,5.0278480052948,118.1247994913582,0.7545999825219258,32.2772551,0.999999885531928,6.998458597809079,1915.8581256866441,68.2900268584489,-80.84125034511096,-64.0840728767217,-64.845206,-2.0,208.520294189453,-598.418640136719,743.524169921875,136.873001098633,32.3111236095428,51.726096868515,0.2769999973206478,1.48144433875708,-0.313174952337369,0.6640000311417928,0.0,0.0,1.0,7.0,0.0,0.0,0.0,26050904.0,1.0,-17.65265498725868,95.90651104208425,26.50440587997435,4.744570341110229
2026-05-09 18:09:45+00:00,CAN,CAN,-20.100000217824,-18.86999994453952,0.0,-18.08999951302268,-17.1700000110692,-15.709999264654801,0.487895006607276,-2.61229133215771,2.9937611325626263,0.9984247371876185,6.9547154714131345,3.38781856606539,3.39838098404131,6.830584467210966,4.390000184772947,-15.52819772895035,31.21355895996095,5.040172863006592,1.0,110.999999673762,0.0,0.0,0.0,143.855572826976,5.03087611198425,119.2165997660334,0.8449999801141068,32.2772441,0.999999885531928,6.953132431954148,1915.9398317337043,128.78424227237718,-48.86233136057852,-31.388948555104427,-64.8451964,-2.0,209.846252441406,-597.658386230469,741.987731933594,135.873001098633,32.3247015476227,51.7221808433533,-0.05639999091864676,-1.01271823137502,0.716154886068504,1.0271999719792544,0.0,0.0,1.0,7.0,0.0,0.0,0.0,26050904.0,1.0,-18.5923312396826,96.0435212217401,26.4741986274719,4.73436438560486
2026-05-09 18:09:46+00:00,CAN,CAN,-20.100000217824,-18.879999682993876,0.0,-18.0999995929865,-17.12000029426904,-15.769999744437701,0.48760128179253903,-2.61258364290984,2.994481717520062,0.9847648924561201,2.45290571958514,3.387818437999342,3.3981071788329538,4.598605431837268,4.330000131876875,-15.45911804945845,31.522041320800803,5.3291349220275865,1.0,110.999999673762,0.0,0.0,0.0,142.13611368456,5.35157775878906,120.995599033482,0.5288000010263632,32.2772332,0.9999999709092924,6.898733880370857,1915.8490419387822,133.64861160516756,-71.82190790772438,-77.04958096146581,-64.8451863,-2.0,210.621643066406,-596.890747070312,732.594848632812,134.873001098633,32.3208212852478,51.7437279224396,0.01660000237937038,0.741747124640866,-0.955732895912546,2.869799773183966,0.0,0.0,1.0,7.0,0.0,0.0,0.0,26050904.0,1.0,-18.879889033929324,96.19326970419806,26.5040986061096,4.9891924381256105
2026-05-09 18:09:47+00:00,CAN,CAN,-20.100000217824,-18.86999994453952,0.0,-18.0999995929865,-17.17000001106922,-15.999999876058137,0.488335607169595,-2.612875953661975,2.99484200999878,0.9606798952066802,10.6101725241619,3.388089639198076,3.3972867877362694,5.936038006708981,4.099999914879042,-15.65068863397805,31.4903903961182,5.452287540435792,1.0,110.999999673762,0.0,0.0,0.0,146.406129387599,5.45946950912476,123.18259828496339,0.4803999945710983,32.2772216,1.00000009897534,6.880610529333351,1915.8853769302361,41.02819673717022,-29.737734446825918,-33.91109229996801,-64.8451764,-2.0,212.012145996094,-596.302856445312,731.002319335938,133.873001098633,32.3208212852478,51.7241358757019,-0.13940000114797205,-0.193153160694612,0.693308810429311,0.8585999913212581,0.0,0.0,1.0,7.0,0.0,0.0,0.0,26050904.0,1.0,-18.90841053786546,96.3941967941069,26.344638919830302,5.120255212783815
2026-05-09 18:09:48+00:00,CAN,CAN,-20.100000217824,-18.8500004676308,0.0,-18.0999995929865,-17.1000001343414,-15.92000026087602,0.4877481308596945,-2.612437327451215,2.9934008400839076,0.947738735786257,10.79720103288345,3.38781856606539,3.3972867877362694,4.638659880941704,4.1699998769842,-15.60911241872655,31.5201015472412,5.51080458641052,1.0,110.999999673762,0.0,0.0,0.0,145.507699964554,5.49160666465759,123.910199212715,0.4965999813188372,32.2772094,1.00000009897534,6.880610529333355,1915.967082977296,77.49569043517121,-13.046181388199333,-31.3446946442127,-64.8451666,-2.0,213.016326904297,-595.492858886719,729.627502441406,132.975006103516,32.3053061962128,51.726096868515,-0.009000000197086976,0.0766432001930461,-0.734387382366766,0.9909999800503535,0.0,0.0,1.0,7.0,0.0,0.0,0.0,26050904.0,1.0,-19.24143690141694,96.641675038304,26.29443826675415,5.174328718185424
2026-05-09 18:09:49+00:00,CAN,CAN,-20.100000217824,-18.860000206085157,0.0,-18.0999995929865,-17.17000001106922,-15.81000006429294,0.487748157540121,-2.613752352309855,2.99412155310739,0.9649936719317311,5.705934376378245,3.3880892549999317,3.3972867877362694,5.414950324456108,4.289999982776339,-16.442885563541047,31.4898754119873,5.543335361480712,1.0,110.999999673762,0.0,0.0,0.0,145.474505245187,5.56148271560669,125.01120111824,0.17999999360307406,32.2771976,1.00000009897534,6.8715383298695105,1915.9216880798344,157.883894443512,-97.37480953335766,-56.496640644036155,-64.8451566,-2.0,213.931884765625,-594.518859863281,728.042846679688,131.975006103516,32.3033660650253,51.718258857727,0.2344000007455726,0.20313570895021,0.506250686434436,1.23159998896547,0.0,0.0,1.0,7.0,0.0,0.0,0.0,26050904.0,1.0,-20.15952770700688,96.88917718816316,26.2516688346863,5.151798505783081
2026-05-09 18:09:50+00:00,CAN,CAN,-20.100000217824,-18.8500004676308,0.0,-18.0999995929865,-17.129999691213943,-16.100000334186838,0.487454432725384,-2.61272963820335,2.992680255126472,0.9610394406334581,3.153209550859045,3.3880895111320277,3.3972867877362694,5.292879988326535,3.989999974428082,-16.44780927615895,31.53859462738035,5.56733130455017,1.0,110.999999673762,0.0,0.0,0.0,146.774645414078,5.52414379119873,126.4615999847194,0.8391999862421727,32.2771856,1.00000009897534,6.862480100244284,1915.9035682678218,113.93642276525489,-79.5169055461884,-55.662213824689374,-64.8451469,-2.0,215.401443481445,-593.626525878906,726.249328613281,130.975006103516,32.3188841342926,51.6967058181763,-0.13519999676489608,-1.0633684596606,0.217111970199136,1.807199965937086,0.0,0.0,1.0,7.0,0.0,0.0,0.0,26050904.0,1.0,-20.071446611998763,97.14493362163425,26.3285448074341,5.172937574386594
2026-05-09 18:09:51+00:00,CAN,CAN,-20.100000217824,-19.02000046097784,0.0,-18.33999980457078,-17.60999977287306,-16.60999997271846,0.487307530297376,-2.61258364290984,2.993761132562626,0.9484579333615185,3.48733909668319,3.38781856606539,3.3972867877362694,4.020297242171059,3.4799999516983036,-16.91353597000005,31.83749656677245,5.813963298797606,1.0,110.999999673762,0.0,0.0,0.0,148.411254361861,5.84721608161926,128.7639993803418,0.5040000057007845,32.2771734,1.00000009897534,6.681147404015062,1915.839958190918,83.99411290884018,8.044950570911176,-25.470746913924824,-64.845137,-2.0,216.277847290039,-592.922729492188,724.697814941406,129.975006103516,32.3150038719177,51.7065048217773,0.1286000063142542,1.21649948658329,-0.302066690188974,2.363599960986676,0.0,0.0,1.0,7.0,0.0,0.0,0.0,26050904.0,1.0,-21.3797348550594,97.44040077493986,26.376410865783697,5.3510768508911095
2026-05-09 18:09:52+00:00,CAN,CAN,-20.100000217824,-20.17000009455182,0.0,-20.1899995714605,-20.259999789697762,-20.12000037775166,0.487307530297376,-2.61229133215771,2.993761132562626,0.9459415636052387,12.810378800177151,3.3872768039981622,3.3972867877362694,5.360400164876156,-0.01999999984507267,-18.3801252876426,31.7665575027466,5.920696249008178,1.0,110.999999673762,0.0,0.0,0.0,150.913316579377,5.93148636817932,129.82900345686522,0.5749999982138818,32.2771602,1.00000009897534,6.699270848184822,1915.858149528502,90.48257768154137,-57.48849771916866,-27.709991298615932,-64.8451279,-2.0,217.952209472656,-592.008178710938,723.005737304688,128.975006103516,32.3227614164352,51.7123818397522,-0.19799999766580662,-0.683669385798013,0.516829742324287,-0.33639998308007424,0.0,0.0,1.0,7.0,0.0,0.0,0.0,26050904.0,1.0,-22.65497181272634,97.745812683677,26.334743499755902,5.35927213668823
2026-05-09 18:09:53+00:00,CAN,CAN,-20.100000217824,-20.1500006176431,0.0,-20.17000009455182,-20.2200001528614,-19.94000064595028,0.4868669564154835,-2.611268511329495,2.9941214250413437,0.9459415422608975,13.00108536576675,3.386735041930934,3.39756033681253,4.769885061125301,0.1599999987605814,-18.51298698115135,31.891643714904802,6.207532367706298,1.0,110.999999673762,0.0,0.0,0.0,149.69165528405,6.23288855552673,129.2282036250166,0.7803999975832735,32.2771465,1.00000009897534,6.744596920907496,1915.921688079834,46.97360277059494,-18.897400982677897,-83.05995389819144,-64.8451183,-2.0,219.146667480469,-590.73876953125,721.240539550781,127.974998474121,32.3169440031052,51.7554879188538,-0.024200000559589974,0.884440128407893,-0.347085480864733,-0.1989999920551706,0.0,0.0,1.0,7.0,0.0,0.0,0.0,26050904.0,1.0,-23.4451458110119,98.02997928900075,26.169502258300803,5.569138555526733
2026-05-09 18:09:54+00:00,CAN,CAN,-20.100000217824,-20.1500006176431,0.0,-20.1500006176431,-20.2199994698425,-19.990000021240938,0.4871606812302205,-2.6115608220816346,2.9934008400839076,0.952771560676181,13.00843977195555,3.38808938306598,3.3981074349650497,5.540072389106844,0.10999999914789975,-20.102130383071398,31.60674419403075,6.089479637145996,1.0,110.999999673762,0.0,0.0,0.0,151.950658389762,6.07804999351501,129.4801993563308,0.4327999900306265,32.2771324,1.00000009897534,6.726466491818426,1915.812730789184,167.27038025856,-73.07439371943481,-44.80723217129708,-64.8451086,-2.0,220.963287353516,-589.369140625,719.375427246094,126.974998474121,32.3208212852478,51.6967058181763,0.5596000080448512,-0.0712959958362525,0.291110186306201,0.35219998788021945,0.0,0.0,1.0,7.0,0.0,0.0,0.0,26050904.0,1.0,-25.25848624507886,98.254381739087,25.950608253479,5.356317071914672
2026-05-09 18:09:55+00:00,CAN,CAN,-20.100000217824,-20.13000045771546,0.0,-20.18999957146054,-20.20000033444324,-20.05999989796874,0.48672008066790196,-2.611560822081635,2.994481717520062,0.9405497482414071,11.45127275440855,3.387818822197486,3.39783388588879,5.460726849915086,0.029999999767609066,-20.300257095420548,31.34485244750975,6.117308263778686,1.0,110.999999673762,0.0,0.0,0.0,148.448164704136,6.12104859352112,129.6505989157444,0.6501999967775814,32.2771187,1.00000009897534,6.862473022192718,1915.8399820327759,141.70131161808973,-36.8160532787442,-27.337814960628776,-64.8450991,-2.0,222.319229125977,-587.990234375,717.533996582031,125.974998474121,32.3266416788101,51.7202198505402,-0.21399999994310326,-0.959241371990111,-0.347447160725626,0.05980000039054092,0.0,0.0,1.0,7.0,0.0,0.0,0.0,26050904.0,1.0,-25.0693016163911,98.4407366204016,25.8182032585144,5.391725063323975
2026-05-09 18:09:56+00:00,CAN,CAN,-20.100000217824,-20.09000013786018,0.0,-20.1999993099149,-20.23999997127958,-20.000000101204762,0.4868669564154835,-2.611268511329495,2.993761132562626,0.9330003614961335,11.037290719945801,3.38808938306598,3.39756033681253,6.474291832648116,0.09999999922536325,-20.19819443242665,31.6405735015869,6.520612163543701,1.0,110.999999673762,0.0,0.0,0.0,151.279073209431,6.55847568511963,129.5919986247414,0.7835999945702772,32.2771044,1.00000009897534,6.871538236737253,1915.776443481446,22.37456578295678,8.408549427986141,-61.73454932868492,-64.8450889,-2.0,224.152236938477,-586.404663085938,723.445251464844,124.873001098633,32.307243347168,51.726096868515,-0.07720000868676882,1.28770228768997,0.734130076334127,0.03219999702916362,0.0,0.0,1.0,7.0,0.0,0.0,0.0,26050904.0,1.0,-25.698003112508424,98.62886052071124,25.739000415802,5.768179664611816
2026-05-09 18:09:57+00:00,CAN,CAN,-20.100000217824,-20.0499998180049,0.0,-20.149999934624184,-20.19999999293378,-20.0499998180049,0.4865732049203205,-2.61039211268162,2.9941214250413437,0.929765135674051,12.06489353434785,3.387547877130848,3.39783388588879,4.129778942018746,0.0499999996126817,-21.48358736912525,31.6249677658081,6.4925165176391575,1.0,110.999999673762,0.0,0.0,0.0,146.131583103721,6.43577728271484,129.7822002685964,0.738399979765931,32.2770899,1.00000009897534,6.617697793990372,1915.785527229308,153.21506261825556,-2.5964850559830746,-28.645713487640016,-64.8450783,-2.0,225.345321655273,-584.974914550781,721.576904296875,123.974998474121,32.3266416788101,51.7280578613281,0.13739999402645073,-1.16493604066134,-0.689585930444831,-0.06260000709231868,0.0,0.0,1.0,7.0,0.0,0.0,0.0,26050904.0,1.0,-27.459712780601414,98.7800160221382,25.73847942352295,5.611855716705322
2026-05-09 18:09:58+00:00,CAN,CAN,-20.100000217824,-20.02999965807726,0.0,-20.100000217824,-20.21999981135196,-20.039999738041082,0.48569203047610954,-2.611268511329495,2.993400840083908,0.936954784893477,9.536336799598244,3.3875476209987516,3.3972867877362694,5.549609211490202,0.05999999953521802,-22.459850212857248,31.76460399627685,6.793981189727783,1.0,110.999999673762,0.0,0.0,0.0,146.53803400085,6.83291931152344,129.0879989658858,0.86019998981476,32.2770758,1.00000009897534,6.726473569869993,1915.9126043319702,119.16742473840705,-146.32874131202692,-33.38709864765406,-64.8450669,-2.0,226.864105224609,-583.434692382812,727.569946289062,122.873001098633,32.3227614164352,51.7652809619904,0.15219999743362078,1.44537827189677,0.784623370351357,-0.8635999686041617,0.0,0.0,1.0,7.0,0.0,0.0,0.0,26050904.0,1.0,-28.74878428643222,98.87621923659785,25.746384429931652,5.74230454444885
2026-05-09 18:09:59+00:00,CAN,CAN,-20.100000217824,-20.009999498149618,0.0,-20.14000053767928,-20.23999997127958,-20.09000013786018,0.4852514299137905,-2.60995380663598,2.99304054760519,0.9578043001887412,2.8579579220382847,3.3872768039981622,3.3972867877362694,4.123675484976426,0.00999999992253634,-23.3359406484482,31.80685501098635,6.977813615798948,1.0,110.999999673762,0.0,0.0,0.0,145.531332419082,6.95216774940491,129.4488050748298,0.8863999978293748,32.2770616,1.00000009897534,6.6902056336402875,1915.9035205841058,115.47507643699646,0.6857981381472257,-66.08216539025305,-64.8450547,-2.0,228.243057250977,-582.106323242188,725.533569335938,121.974998474121,32.3227614164352,51.7613649368286,-0.10539999747598561,-1.39021969187216,-0.380856870968185,1.222799951894486,0.0,0.0,1.0,7.0,0.0,0.0,0.0,26050904.0,1.0,-29.90180525418552,98.9094446918154,25.6808226585388,5.815876207351684
2026-05-09 18:10:00+00:00,CAN,CAN,-20.100000217824,-19.9999994181858,0.0,-20.1500006176431,-20.2200001528614,-20.02999965807726,0.48627948010558353,-2.610245690501285,2.9941214250413437,0.9905164666901424,7.22264863807051,3.38808938306598,3.39756033681253,3.7063477677261547,0.06999999945775431,-23.6545570203983,32.162738227844244,7.345968132019043,1.0,110.999999673762,0.0,0.0,0.0,147.017745507017,7.38310775756836,130.5638006719262,0.8902000055906243,32.2770465,1.00000009897534,6.653944775462148,1915.830898284912,93.10964345932015,35.537257418036475,-100.92222392559066,-64.8450422,-2.0,229.872894287109,-580.745849609375,707.953552246094,120.873001098633,32.3227614164352,51.7398118972778,0.08779999970673498,1.24303285051808,0.482732851018201,0.9189999838097431,0.0,0.0,1.0,7.0,0.0,0.0,0.0,26050904.0,1.0,-30.758429821396682,98.93224727835945,25.70811767578125,6.060608167648317
2026-05-09 18:10:01+00:00,CAN,CAN,-20.100000217824,-19.98999967973146,0.0,-20.1999993099149,-20.160000014588,-19.97000020282278,0.487013832163065,-2.608200475731695,2.993761132562626,0.9829673787656447,8.05324553147755,3.38781856606539,3.39756033681253,3.967654327539468,0.12999999899297227,-24.6547511394347,32.2366418838501,7.448492031097413,1.0,110.999999673762,0.0,0.0,0.0,144.472858003405,7.38308715820312,130.82579853226122,0.9466000151855697,32.2770309,1.00000009897534,6.653944775462148,1915.8127546310438,189.9121195077896,5.234343092888584,10.032333806157117,-64.8450297,-2.0,229.872894287109,-580.745849609375,707.953552246094,120.873001098633,32.3227614164352,51.7985880374908,0.16479999424108693,-2.04927296917974,-0.765967348963702,-0.3739999693552154,0.0,0.0,1.0,7.0,0.0,0.0,0.0,26050904.0,1.0,-31.920169867135,98.9532330345843,25.79594221115115,6.046016092300416
2026-05-09 18:10:02+00:00,CAN,CAN,-20.100000217824,-19.93000056598646,0.0,-20.1999993099149,-20.21999981135194,-19.970000544332258,0.4859857552908465,-2.607615854227425,2.9941214250413437,0.9847647643900729,8.533949122621165,3.387818437999342,3.39674003109321,5.725848155757218,0.12999999899297232,-24.35141646197895,32.6984453201294,8.076114006042479,1.0,110.999999673762,0.0,0.0,0.0,142.979764990462,8.14898614883423,129.99420114420658,0.7863999665875004,32.2770154,1.00000009897534,6.599553301930426,1915.9307718276982,45.52565510384739,-60.629137605428674,-65.75090624392035,-64.8450154,-2.0,232.917922973633,-578.153869628906,711.7861328125,118.873001098633,32.3266416788101,51.7613649368286,-0.19480000201282405,1.90396197524819,0.468475418095181,-1.1860000025521962,0.0,0.0,1.0,7.0,0.0,0.0,0.0,26050904.0,1.0,-32.0436788118585,98.94543978874135,25.7409213066101,6.579428243637085
2026-05-09 18:10:03+00:00,CAN,CAN,-20.100000217824,-19.900000326095,0.0,-20.1999993099149,-20.20000033444324,-20.020000261132385,0.4853983056613725,-2.6061548340752747,2.994481717520062,0.9696668873618537,9.380828546679279,3.3880895111320277,3.3972867877362694,5.665576005200088,0.07999999938029081,-24.621279797407098,32.8629278182983,8.199478969573972,1.0,110.999999673762,0.0,0.0,0.0,141.174846521151,8.16591453552246,128.7390008879792,1.0003999852069023,32.2769992,1.00000009897534,6.572357844561336,1915.903544425964,160.4683190584186,-33.0017551779747,-19.44891102612018,-64.8450002,-2.0,234.759399414062,-576.479125976562,709.602661132812,117.873001098633,32.3285818099976,51.7770349979401,0.23180000252662114,-1.0823168985221,-0.290668758650662,-1.1023999812151204,0.0,0.0,1.0,7.0,0.0,0.0,0.0,26050904.0,1.0,-32.45033256560595,98.9001146534091,25.757502079010003,6.727531070709226
2026-05-09 18:10:04+00:00,CAN,CAN,-20.100000217824,-19.9699998613133,0.0,-20.160000356097463,-20.170000094551803,-19.99999975969528,0.486720080667902,-2.60717776162519,2.992680255126472,0.9232945452916688,10.3674544949295,3.3872769320642098,3.3972867877362694,5.862032907051889,0.09999999922536332,-24.412847183374048,33.1310697555542,8.362900600433347,1.0,110.999999673762,0.0,0.0,0.0,139.508335005181,8.37969989776611,127.656598953602,1.0779999948510681,32.276983,1.00000009897534,6.481705419719217,1915.8763170242298,170.907285809517,-67.7097994834184,-49.84761960804461,-64.8449842,-2.0,236.710296630859,-575.085632324219,707.371276855469,116.873001098633,32.3363393545151,51.7692029476166,0.44320000291675177,1.01154279850754,0.657700046078272,-1.5839999706542827,0.0,0.0,1.0,7.0,0.0,0.0,0.0,26050904.0,1.0,-32.520852219729576,98.81226476030446,25.81479578018185,6.890598134994503
2026-05-09 18:10:05+00:00,CAN,CAN,-20.100000217824,-20.0499998180049,0.0,-20.14000053767928,-20.239999629770118,-19.94000064595028,0.484810829351472,-2.606301256255605,2.994481717520062,0.9186211484346465,10.023344015015565,3.38808938306598,3.39756033681253,6.267916556970439,0.1599999987605814,-24.59617799843365,33.1639291763306,8.40614330291748,1.0,110.999999673762,0.0,0.0,0.0,136.329537644701,8.35038785934448,125.4077946863592,1.0511999653900381,32.2769677,1.00000009897534,6.128168851137161,1915.8490657806383,152.33484432101233,-2.9121864587068416,-40.21298084408043,-64.8449672,-2.0,238.718566894531,-573.618041992188,713.111145019531,115.873001098633,32.3363393545151,51.7613649368286,0.050799989041869484,-1.60946641635204,-0.73911397999412,-2.246199873423804,0.0,0.0,1.0,7.0,0.0,0.0,0.0,26050904.0,1.0,-32.40523965670555,98.68140516599615,25.9237295150757,6.9890627574920625
2026-05-09 18:10:06+00:00,CAN,CAN,-20.100000217824,-20.0499998180049,0.0,-20.1500006176431,-20.1500006176431,-19.94000030444078,0.485545181408954,-2.6051321199687703,2.9941214250413437,0.8830335683422053,10.0890141494511,3.38781856606539,3.3970134094147397,7.3547240487397305,0.1599999987605814,-23.78645907232865,33.655493545532195,8.742911682128907,1.0,110.999999673762,0.0,0.0,0.0,135.873103423225,8.80430002212524,123.67160158047679,0.8100000097336988,32.2769522,1.00000009897534,6.11909655854106,1915.939855575562,60.76006134971969,-35.72234483435757,-83.07037502527227,-64.844949,-2.0,240.181900024414,-572.027404785156,710.903503417969,114.873001098633,32.3363393545151,51.7613649368286,0.19440000772553387,1.49047267490108,0.512017767332307,-1.5525999475254662,0.0,0.0,1.0,7.0,0.0,0.0,0.0,26050904.0,1.0,-31.83281584576402,98.49611920928665,25.9653076171875,7.3814586067199714
2026-05-09 18:10:07+00:00,CAN,CAN,-20.100000217824,-20.0499998180049,0.0,-20.1500006176431,-20.2299995498063,-19.94000064595026,0.48554515472852755,-2.606739455579545,2.9941214250413437,0.8941769472678871,9.916172370522549,3.387818437999342,3.3972867877362694,8.090197367151507,0.15999999876058144,-23.637779514475803,33.53544216156005,8.443850269317627,1.0,110.999999673762,0.0,0.0,0.0,129.954443979086,8.42062139511108,121.85039720810921,0.7863999879318422,32.2769375,1.00000009897534,5.883400700986385,1915.821862220762,197.36132323741924,-30.459345877170545,36.615429259836624,-64.8449301,-2.0,241.798202514648,-570.527954101562,708.566284179688,113.873001098633,32.34603703022,51.7652809619904,0.2481999970901761,-1.18595050502506,-0.816136155634503,-2.034999880182482,0.0,0.0,1.0,7.0,0.0,0.0,0.0,26050904.0,1.0,-31.223115594408263,98.2807701749453,26.067614364624,7.236868486404416
2026-05-09 18:10:08+00:00,CAN,CAN,-20.100000217824,-20.019999578113442,0.0,-20.110000297787824,-20.2199994698425,-20.13999985466034,0.484957705099054,-2.605424430720905,2.992680255126472,0.8999289483887312,6.305894884699285,3.3875477490648,3.3972867877362694,11.21481630109774,-0.03999999969014534,-22.6814548467047,33.7890048980713,8.526338367462158,1.0,110.999999673762,0.0,0.0,0.0,131.196964672138,8.57953176498413,120.11519857777,0.8597999541728063,32.2769241,1.00000009897534,5.91059634461999,1915.8399820327759,119.5892840623856,-53.12146674841641,-60.406344383955,-64.8449105,-2.0,243.641677856445,-568.7861328125,690.362182617188,112.873001098633,32.3499172925949,51.7652809619904,-0.02820000079540879,1.07213916960684,1.06151971955135,-1.004000009831729,0.0,0.0,1.0,7.0,0.0,0.0,0.0,26050904.0,1.0,-29.84685023514254,98.0388277990705,26.208029079437253,7.4733485984802215
2026-05-09 18:10:09+00:00,CAN,CAN,-20.100000217824,-19.97999994127712,0.0,-20.100000217824,-20.22000015286142,-20.05999989796872,0.4846639536038905,-2.606739455579545,2.9934008400839076,0.8952557543029496,4.21653745627145,3.3875476209987516,3.3972867877362694,9.451662901768925,0.02999999976760902,-21.9007420264574,33.9557893753052,8.431409797668456,1.0,110.999999673762,0.0,0.0,0.0,129.113142258259,8.42744064331055,120.07719540522801,1.356600006673472,32.2769101,1.00000009897534,5.901531036943198,1915.839982032774,209.5504462718966,8.222793089225904,35.36267094314098,-64.8448912,-2.0,245.475494384766,-567.568115234375,696.346069335938,111.873001098633,32.3440998792648,51.7829179763794,0.16939999724702232,0.164025912360585,0.0724495040632979,0.4553999814245442,0.0,0.0,1.0,7.0,0.0,0.0,0.0,26050904.0,1.0,-28.879066388246162,97.8029540462733,26.3876615524292,7.538647384643552
2026-05-09 18:10:10+00:00,CAN,CAN,-20.100000217824,-19.9500007259141,0.0,-20.100000217824,-20.21999981135194,-19.95999978134948,0.484810829351472,-2.606885877759875,2.9934008400839076,0.8880660944113533,3.013465801431285,3.388089639198076,3.39783388588879,7.585894447897114,0.13999999891550866,-22.0379502815992,33.93102893829345,8.296185607910154,1.0,110.999999673762,0.0,0.0,0.0,130.587506892498,8.2436840057373,120.59260147999719,0.653399972420244,32.2768971,1.00000009897534,5.937791988253594,1915.8762693405158,121.60534411668789,-48.87362346053126,-35.55382983759044,-64.8448717,-2.0,246.383178710938,-566.172729492188,694.167053222656,110.873001098633,32.34021961689,51.7750799655914,0.3538000237263183,-0.925281778158514,-0.573826443648427,0.32960000148888174,0.0,0.0,1.0,7.0,0.0,0.0,0.0,26050904.0,1.0,-29.16861108452244,97.60038429586905,26.4668738365173,7.372054138183595
2026-05-09 18:10:11+00:00,CAN,CAN,-20.100000217824,-19.9500007259141,0.0,-20.100000217824,-20.23999997127956,-20.039999738041082,0.48437022878915303,-2.60659356700774,2.9941214250413437,0.8887850678710324,2.818555788016095,3.387818437999342,3.39756033681253,8.721530022891816,0.059999999535217986,-21.9422234728342,33.91023044586185,8.267871780395506,1.0,110.999999673762,0.0,0.0,0.0,130.454044996116,8.26603345870972,120.8081977671864,0.5587999954578868,32.2768839,1.00000009897534,6.354792322963476,1915.8762693405158,123.46252053976073,-77.19141133129594,-44.52649932354687,-64.8448526,-2.0,248.154174804688,-564.830200195312,684.040832519531,109.873001098633,32.3440998792648,51.7868340015411,0.028600000752289523,-0.286124788542326,-0.250077824867349,0.6275999947114942,0.0,0.0,1.0,7.0,0.0,0.0,0.0,26050904.0,1.0,-28.899275551962397,97.41171739552041,26.486908435821547,7.301355571746827
2026-05-09 18:10:12+00:00,CAN,CAN,-20.100000217824,-19.900000326095,0.0,-20.100000217824,-20.18999991296998,-19.96000012285896,0.4856920304761095,-2.608200475731695,2.993761132562626,0.8765628819102881,2.488630330347805,3.3875476209987516,3.3972867877362694,8.387743971549895,0.1399999989155087,-21.7619730730903,33.97742042541505,8.267979240417478,1.0,110.999999673762,0.0,0.0,0.0,131.447386727867,8.28017578125,121.74039837756382,0.994399973513994,32.2768704,1.00000009897534,5.829009320586922,1915.921688079834,92.02869608998307,16.603269986808314,5.832621548324823,-64.8448339,-2.0,249.514373779297,-563.416137695312,681.878540039062,108.873001098633,32.3499172925949,51.7692029476166,0.16379999118058447,0.599272793648985,0.463294879692285,0.7385999815786498,0.0,0.0,1.0,7.0,0.0,0.0,0.0,26050904.0,1.0,-28.601975517393043,97.2489710630719,26.545685291290297,7.330436038970947
2026-05-09 18:10:13+00:00,CAN,CAN,-20.100000217824,-19.900000326095,0.0,-20.100000217824,-20.22999989131576,-20.030000341096223,0.484957705099054,-2.607324077083815,2.993761132562626,0.8747654962858581,2.3945903648643654,3.3875476209987516,3.39783388588879,7.58322427081846,0.0699999994577544,-21.675345783847,34.0509532928467,8.219741020202637,1.0,110.999999673762,0.0,0.0,0.0,130.506664773481,8.18013496398926,122.04860110159579,1.123200020327587,32.2768571,1.00000009897534,5.856204871088268,1915.894436836242,102.08165645599374,-35.19443385303022,-59.0077836066485,-64.8448152,-2.0,250.914932250977,-562.540222167969,680.1787109375,107.873001098633,32.3518574237824,51.7770349979401,0.006999998078145386,-0.681679186067748,-0.0750012934197051,-0.035399994683177956,0.0,0.0,1.0,7.0,0.0,0.0,0.0,26050904.0,1.0,-28.46401696597092,97.1254505070268,26.67429056167605,7.294725494384764
2026-05-09 18:10:14+00:00,CAN,CAN,-20.100000217824,-19.89000024613118,0.0,-20.100000217824,-20.2200001528614,-19.98999967973146,0.483782779159679,-2.6060089455034703,2.9934008400839085,0.876562967287653,2.30160139473946,3.3872768039981622,3.3972867877362694,6.914507940693921,0.10999999914789964,-21.537030184286053,34.399051666259794,8.523503551483152,1.0,110.999999673762,0.0,0.0,0.0,130.288781738958,8.5803505897522,122.0529997434212,0.5063999794286536,32.2768437,1.00000009897534,5.992183182388544,1915.867257118224,60.46158894896507,-42.747449316084385,-97.19747751951213,-64.8447961,-2.0,252.194915771484,-561.178833007812,685.70166015625,106.873001098633,32.3499172925949,51.7554879188538,-0.12339999920418095,1.06070425899747,-0.268666825023774,0.49279998556378135,0.0,0.0,1.0,7.0,0.0,0.0,0.0,26050904.0,1.0,-28.629828345809443,97.013893027313,26.772004508972152,7.528800201416017
2026-05-09 18:10:15+00:00,CAN,CAN,-20.100000217824,-20.09000013786018,0.0,-20.100000217824,-20.160000356097463,-19.95000004289512,0.48539830566137254,-2.607324077083815,2.9930405476051902,0.8783602888790594,2.1665840294956453,3.3875476209987516,3.39783388588879,6.845843365948866,0.12999999899297215,-21.884550209256297,34.3889923095703,8.313646488189697,1.0,110.999999673762,0.0,0.0,0.0,130.85716276093,8.29737195968628,122.706801843229,0.7233999985584247,32.27683,1.00000009897534,6.300400849431752,1915.8944606781,176.81204676628118,-70.0420133769513,-13.697433657944199,-64.8447771,-2.0,253.830169677734,-559.825805664062,683.368286132812,105.873001098633,32.34021961689,51.7672419548035,0.4141999922024214,-0.392282229984883,0.232493022601476,0.40139998024202217,0.0,0.0,1.0,7.0,0.0,0.0,0.0,26050904.0,1.0,-28.81986367455832,96.90413530244544,26.85557527542115,7.297069187164306
2026-05-09 18:10:16+00:00,CAN,CAN,-20.100000217824,-20.069999977932536,0.0,-20.100000217824,-20.24999970973392,-19.9500007259141,0.483782752479253,-2.6083464710252047,2.99304054760519,0.88123608666824,1.77571487493659,3.3878186941314383,3.39756033681253,5.703723123978794,0.13999999891550866,-21.72704946209035,34.27386417388915,8.323418483734129,1.0,110.999999673762,0.0,0.0,0.0,131.928218385058,8.29590682983398,123.0815989116686,1.092999976058572,32.2768167,1.00000009897534,6.291335728019476,1915.776467323302,112.98788301646694,-30.098608657135628,-46.907523786649094,-64.8447583,-2.0,255.041351318359,-558.513549804688,681.228637695312,104.873001098633,32.3537975549698,51.7613649368286,-0.12059999783848832,-0.525285729960174,0.302580555202312,0.389199989728038,0.0,0.0,1.0,7.0,0.0,0.0,0.0,26050904.0,1.0,-28.457362654172023,96.81495693754721,26.853759098052997,7.327219963073729
2026-05-09 18:10:17+00:00,CAN,CAN,-20.100000217824,-20.0499998180049,0.0,-20.100000217824,-20.21999981135194,-19.9299998829675,0.48407647729399,-2.60615494079698,2.9934008400839076,0.8754845657950725,1.68430335834484,3.387818437999342,3.3972867877362694,3.017413394639462,0.16999999868311777,-21.443739191733748,34.4717571258545,8.634616012573241,1.0,110.999999673762,0.0,0.0,0.0,133.089391525095,8.65016355514526,123.52999809860418,0.6543999974920988,32.2768024,1.00000009897534,6.119096651673314,1915.8309221267718,57.266920804977396,4.914724826812753,-78.59820686280726,-64.8447395,-2.0,256.805786132812,-556.606750488281,678.365966796875,103.873001098633,32.3382794857025,51.7809569835663,0.24679998373412743,1.1839853315348,-0.802645571528376,0.8371999787871468,0.0,0.0,1.0,7.0,0.0,0.0,0.0,26050904.0,1.0,-28.69855507527592,96.7507804801058,26.727098751068098,7.594217090606688
2026-05-09 18:10:18+00:00,CAN,CAN,-20.100000217824,-20.0499998180049,0.0,-20.100000217824,-20.18999991296998,-20.010000181168582,0.4837827791596795,-2.6071776549034853,2.9934008400839076,0.8571512174848473,-0.10980034017866,3.387276675932114,3.39756033681253,3.7395356142145624,0.0699999994577544,-21.7255545044358,34.42501888275145,8.856107940673827,1.0,110.999999673762,0.0,0.0,0.0,133.620821223657,8.83928117752075,125.034598614261,0.7586000081041496,32.2767878,1.00000009897534,5.76555281877518,1915.903544425964,131.98428899049756,35.31023133546113,-8.342184871435158,-64.8447203,-2.0,258.066070556641,-555.700561523438,676.465698242188,102.873001098633,44.2420721054077,51.7692029476166,-0.1585999927416498,-0.911747544874722,0.472796153075449,1.747399973550672,0.0,0.0,1.0,7.0,0.0,0.0,0.0,26050904.0,1.0,-28.84784627656896,96.6941650420755,26.5842395782471,7.7724146461486825
2026-05-09 18:10:19+00:00,CAN,CAN,-20.100000217824,-20.0499998180049,0.0,-20.100000217824,-20.20999973138814,-20.06999963642308,0.4842233530415715,-2.605132546855595,2.993400840083908,0.4412386940862628,0.9997596649773735,3.3872768039981622,3.39756033681253,3.3840057410272744,0.019999999845072662,-21.18760112144275,34.8489194869995,9.246367721557618,1.0,110.999999673762,0.0,0.0,0.0,135.769503113895,9.17798795700073,126.4053984561532,1.1799999801871162,32.2767719,-2.423341512567002,5.856204871088268,1915.894436836242,109.40613448619835,-11.55614517629146,-19.7471998166293,-64.844701,-2.0,259.878265380859,-553.713073730469,673.521606445312,101.873001098633,48.7266033887863,51.7829179763794,0.030400000808382167,-0.231662327524099,0.234699760672772,0.8015999722860885,0.0,0.0,1.0,7.0,0.0,0.0,0.0,26050904.0,1.0,-28.707256736278545,96.69248140044516,26.5995852470398,8.116130676269531
2026-05-09 18:10:20+00:00,CAN,CAN,-20.09000013786018,-20.0499998180049,0.0,-20.13000045771546,-20.2500000512434,-19.86000000623972,0.484517104536735,-2.604839809216635,2.9941214250413437,0.7532627969010812,-5.58668023396518,3.3872768039981622,3.39783388588879,2.53180239795455,0.21999999829579941,-23.5961964690351,35.651295661926255,9.629692554473875,1.0,110.999999673762,0.0,0.0,0.0,135.830428401291,9.64571800231934,127.8164007914994,1.3138000349661039,32.2767554,-7.9655594775355585,5.9287266805767995,1915.867209434508,123.19372743368149,-24.56545662134885,-83.8992858305573,-64.8446809,-2.0,261.096221923828,-552.4423828125,671.464111328125,100.974998474121,49.2386758327484,51.792711019516,-0.1126000000348936,0.121796173403505,0.524460290926807,3.0485999103236905,0.0,0.0,1.0,7.0,0.0,0.0,0.0,26050904.0,1.0,-29.6263744608102,96.7269226293349,26.59098930358885,8.344709644317629
2026-05-09 18:10:21+00:00,CAN,CAN,-5.639999828244443,-5.339999862584873,0.0,-6.8000000647186,-7.389999862713076,-5.529999802416119,0.4836359034120975,-2.60600894550347,2.9934008400839085,1.2486195824053556,-12.256127305164,3.386193151797658,3.3970134094147397,-4.217923152243654,0.09999999922536339,-25.2150341183718,36.43780517578125,10.023617305755614,1.0,110.999999673762,0.0,0.0,0.0,139.916124619388,9.97381181716919,132.279803738622,2.085800031120344,32.2767372,-7.96294974763106,6.209748703986406,1916.012454032898,110.68004369735718,-103.70173864066605,-64.60609138011935,-64.8446613,-2.0,262.822845458984,-551.118408203125,668.894836425781,99.9749984741211,73.6979901790619,51.8044650554657,-0.35599999697548906,-0.652697626202326,1.01601390437126,5.270199918300684,0.0,0.0,1.0,7.0,0.0,0.0,0.0,26050904.0,1.0,-31.60730758805122,96.78982525649616,27.178614521026653,8.48662244796753
2026-05-09 18:10:22+00:00,CAN,CAN,19.00000047180492,18.51000013942728,0.0,17.229999978587898,15.449999917671226,17.90999995197604,0.484223379721998,-2.604839809216635,2.9941214250413437,2.704133705620038,-11.12660398108019,3.387276675932114,3.39674003109321,-15.80544688943748,-1.0900000075647154,-26.4652814629224,37.98404331207275,11.64842966079714,1.0,110.999999673762,0.0,0.0,0.0,146.751463752035,11.6326512336731,137.30399800151082,3.442599884860061,32.2767158,-9.07617495969476,6.644893623888494,1915.8490419387804,-77.4135768413544,3.1731220893561813,-90.27922302484521,-64.8446421,-2.0,264.744720458984,-549.591918945312,658.645874023438,98.9749984741211,100.0,54.2143404483795,-1.3587999892607936,-0.753357432373683,1.85084978393193,3.7087997629495058,0.0,0.0,1.0,7.0,0.0,0.0,0.0,26050904.0,1.0,-34.42688617555118,96.9100024349425,27.66330642700195,9.492865905761722
2026-05-09 18:10:23+00:00,CAN,CAN,20.229999891315778,19.52000001954564,0.0,18.72999984957446,17.61999985283686,16.130000061814094,0.48319530284977896,-2.5940284735341548,2.9937611325626263,3.6617749350423443,-4.52177626240179,2.911510628539494,3.878056076761972,-17.06353443738164,-4.100000000256417,-27.55016651257245,40.09514865875245,14.245971508026122,1.0,110.999999673762,0.0,0.0,0.0,148.21507766852,14.2355011940002,139.7025992455548,4.854199989825064,32.2766884,-8.657870440015815,7.179763074964288,1915.9307479858403,-1.2860253453254813,118.9450189471244,-83.50983411073688,-64.8446215,-2.0,267.205017089844,-547.422424316406,655.446533203125,97.9749984741211,100.0,62.114030122757,-1.2669999843156599,-0.0675821004853779,1.56545897392112,2.275799949607254,0.0,0.0,1.0,7.0,0.0,0.0,0.0,26050904.0,1.0,-37.13061724151966,97.08882020250806,27.56853733062745,10.92118932724
2026-05-09 18:10:24+00:00,CAN,CAN,20.120000377751644,14.669999998418621,0.0,9.639999903980684,3.6599999449678706,-2.1099999676469094,0.4846639536038905,-2.5804409861191697,2.9941214250413437,4.2106933756628555,-5.72012228010995,1.9960126481358622,4.797205561673258,-18.97278951041578,-22.21000035622564,-26.81793437505395,42.14820671081545,17.22265274047852,1.0,110.999999673762,0.0,0.0,0.0,148.157990947437,17.2619728088379,142.3946008276616,5.703199846111008,32.2766551,-6.091463742405038,7.034719549119475,1915.9307718276978,58.43356400728224,149.07146692275998,-70.61818279325954,-64.8445969,-2.0,270.507934570312,-544.403930664062,651.675048828125,96.9749984741211,100.0,62.1434152126312,-1.9136000551859884,0.728917521419496,-0.450155463359032,2.666599895140112,0.0,0.0,1.0,7.0,0.0,0.0,0.0,26050904.0,1.0,-39.4912248752866,97.26580747937601,27.352791595459,12.430005626678462
2026-05-09 18:10:25+00:00,CAN,CAN,20.13000045771546,13.630000049163499,0.0,7.340000124568564,0.7100000105083357,-5.350000091959072,0.486426355853165,-2.56597613956097,2.992680255126472,4.248078672217014,-3.0870170136736848,1.8963076810661281,4.881709003594112,-17.28554939484342,-25.46000038974686,-26.75417370537825,44.25341205596925,20.14183582305908,1.0,110.999999673762,0.0,0.0,0.0,149.303755180707,20.199135017395,144.83740432393842,5.357599958071178,32.2766152,-4.526422712028102,6.13722689449787,1914.7142648696922,53.58721613883972,135.76120883226375,3.7387632764875782,-64.844568,-2.0,273.982208251953,-540.954833984375,646.991088867188,95.9749984741211,100.0,62.1904373168945,-1.6341999827518539,-0.0264580517610468,-0.143503875287555,2.44679992533746,0.0,0.0,1.0,7.0,0.0,0.0,0.0,26050904.0,1.0,-43.085626952422004,97.4336559631345,27.2079566001892,13.206279830932601
2026-05-09 18:10:26+00:00,CAN,CAN,20.14000053767928,13.580000332363301,0.0,7.310000055431847,0.700000005249714,-5.529999994515192,0.4849577050990535,-2.562761361617715,2.992680255126472,4.324287703164538,-5.347117325242506,1.8971206870207697,4.881709088971476,-15.10468775135018,-25.670000019930264,-27.12015231658045,45.808221244812,22.46380142211914,1.0,110.999999673762,0.0,0.0,0.0,152.345443323788,22.4765253067017,147.8329968863494,5.954400116518913,32.2765688,-4.304684974869234,6.971255782991648,1914.169526100158,98.90173673629756,189.16182816028578,8.018040377646686,-64.8445367,-2.0,279.085662841797,-536.661865234375,641.521301269531,94.9749984741211,100.0,62.2355043888092,-1.4692000080423877,-0.228159187531823,1.38440271857683,3.4885999282596303,0.0,0.0,1.0,7.0,0.0,0.0,0.0,26050904.0,1.0,-46.261275595695224,97.5653966518457,27.006948852539047,13.327118110656738
2026-05-09 18:10:27+00:00,CAN,CAN,20.100000217824,11.470000023206982,0.0,3.28999996917837,-5.799999933726732,-14.259999793487282,0.483489054344942,-2.559985636772045,2.9941214250413437,4.574122704134721,-3.8267240461868353,1.8976624063993182,4.8822559309919,-16.97846613881638,-34.3500001021022,-27.35109211147595,47.191902923583996,24.634402542114238,1.0,110.999999673762,0.0,0.0,0.0,154.618147788975,24.6411409378052,151.19940041880076,6.496399874330976,32.2765162,-3.495187859157518,7.107241358608009,1914.00611400604,165.74501991272,321.896243095398,27.68041705712678,-64.8445054,-2.0,284.023956298828,-531.771240234375,635.5048828125,93.9749984741211,100.0,62.2962355613708,-1.3839999935478962,0.344094605060208,-0.0792567814171007,3.274199777948742,0.0,0.0,1.0,7.0,0.0,0.0,0.0,26050904.0,1.0,-49.42904083462846,97.69538539703481,26.938443946838397,13.536684207916261
2026-05-09 18:10:28+00:00,CAN,CAN,20.13000045771546,12.7999999008465,0.0,5.390000027616192,-2.150000020697907,-8.600000210857683,0.484517104536735,-2.555894460180915,2.99304054760519,4.478861372761637,-2.7234687758772402,1.8982042965325943,4.881982467293006,-16.21476458771594,-28.72000050323196,-28.3214485491232,48.5665294647217,26.98543453216552,1.0,110.999999673762,0.0,0.0,0.0,158.674146344561,27.0535257339478,154.11859868138342,6.97339996615189,32.2764572,-4.219734070180376,7.125371787697077,1914.0061378478997,175.89101791381842,290.08243680000305,-2.8881409205496142,-64.8444748,-2.0,290.688079833984,-526.272094726562,628.859436035156,92.8730010986328,100.0,62.3354256153107,-1.345799983491803,0.51890297154165,2.17052270076922,2.7289999484444802,0.0,0.0,1.0,7.0,0.0,0.0,0.0,26050904.0,1.0,-52.832802769763916,97.81701740577441,26.8371611595154,13.374703502655041
2026-05-09 18:10:29+00:00,CAN,CAN,20.080000057896363,10.220000102259025,0.0,0.9400000300710127,-9.220000045972359,-18.97999997036784,0.4833421785973605,-2.55501838169815,2.9930405476051902,4.481737053156939,-3.80255776968627,1.8976624063993177,4.881709088971476,-19.361888311958502,-39.060000199018944,-28.873470414259202,49.83661251068115,28.86271305084228,1.0,110.999999673762,0.0,0.0,0.0,160.705499245236,28.8562843322754,157.6775998880502,8.794400115863574,32.2763916,-3.298575186303954,7.0981761440634745,1914.087796211242,380.3729832172392,440.443927049637,132.41987973451603,-64.844446,-2.0,297.023284912109,-519.8642578125,621.093627929688,91.9749984741211,100.0,62.3217105865478,-0.8806000039574414,-0.564020319712698,1.13636834757093,3.816399916435582,0.0,0.0,1.0,7.0,0.0,0.0,0.0,26050904.0,1.0,-56.491655194926466,97.92418990404104,26.99754009246825,12.939168720245359
2026-05-09 18:10:30+00:00,CAN,CAN,20.069999977932536,9.349999975596239,0.0,-0.9800000030807301,-11.6999999840727,-22.36999992809938,0.483782752479253,-2.55443376019388,2.9930405476051902,4.483175149486688,-3.00506114693588,1.6963557500716882,5.092558565442338,-19.19099049024504,-42.46000006595958,-29.3328723529288,51.145133972168,31.017978973388658,1.0,110.999999673762,0.0,0.0,0.0,164.48080434669,31.034924697876,160.88940072260039,9.534400227525136,32.2763203,-3.3706517820488897,7.1525674313306835,1914.096879959106,439.5212709903718,603.521978855133,136.7089554667474,-64.8444193,-2.0,305.211029052734,-512.76611328125,612.833068847656,90.8730010986328,100.0,62.3393416404724,-1.328599987680464,-0.215409238723606,0.626785169151767,2.8327999981197722,0.0,0.0,1.0,7.0,0.0,0.0,0.0,26050904.0,1.0,-59.16554243233547,98.0309764966196,27.25674104690555,12.68513322830198
2026-05-09 18:10:31+00:00,CAN,CAN,20.0099998396591,9.009999988902177,0.0,-1.720000029364932,-12.710000205700561,-23.4999997432552,0.483489027664516,-2.54712865943314,2.993400840083908,5.9268268135943,-0.636737835329746,1.7318485719615637,5.056733284094609,-20.251094930567337,-43.49999950295046,-29.6581054706373,52.69982814788815,33.04866577148438,1.0,110.999999673762,0.0,0.0,0.0,166.112140388434,33.1006462097168,162.68579784790282,10.141199868295137,32.2762427,-3.355083689184996,7.116306573152542,1914.015173912046,519.4064557552338,647.2872853279115,226.44285261631003,-64.8443952,-1.0,312.794982910156,-505.114654541016,604.211791992188,89.8730010986328,100.0,62.4137938022614,-0.8753999461545579,0.781543221839946,0.414721429120784,0.5261999361063452,0.0,0.0,1.0,7.0,0.0,0.0,0.0,26050904.0,1.0,-61.90028597223038,98.1443849575985,27.539517116546598,11.771761150360103
2026-05-09 18:10:32+00:00,CAN,CAN,19.96000046436844,9.010000159656906,0.0,-1.7099999920897961,-12.70000012573674,-23.60999993983822,0.483782779159679,-2.544206619128845,2.9941214250413437,6.487607713321881,0.26320458133825453,1.8180064351097862,4.962931564147152,-23.426448851177902,-43.57000006269722,-30.05040763090075,53.288358879089344,34.27586540222167,1.0,110.999999673762,0.0,0.0,0.0,165.397634299359,34.304455947876,162.8519900107874,9.000199862726305,32.276161,-2.5099750343578924,7.206958718597887,1913.9516592025743,693.3328151702879,806.1512112617495,322.5689828395844,-64.8443704,-1.0,322.374694824219,-496.5439453125,595.22021484375,88.9749984741211,100.0,62.3452186584473,-0.3924000027232976,0.237125224880066,-2.90907575147775,-0.08439999657144238,0.0,0.0,1.0,7.0,0.0,0.0,0.0,26050904.0,1.0,-65.06531776945776,98.20861947164789,27.8343395233154,9.85712791442872
2026-05-09 18:10:33+00:00,CAN,CAN,20.060000239478203,10.069999927330183,0.0,0.2599999766416025,-9.600000096389605,-19.39000000454444,0.484517104536735,-2.55516384338313,2.993400840083908,7.470771353304455,-1.393781635524315,1.8624405722647623,4.920542727139139,-21.51833715181078,-39.449999219494245,-30.726608311563048,53.51552696228025,35.61200958251952,1.0,110.999999673762,0.0,0.0,0.0,165.89492671245,35.6424259185791,163.69460312793558,6.651199964699066,32.2760767,-2.326650793355364,7.197893504053356,1913.9334917068477,647.0551133155822,670.4427599906919,337.4287486076356,-64.8443439,-1.0,330.662261962891,-487.618835449219,585.928283691406,87.8730010986328,100.0,62.3942017555237,-0.9209999752565144,-0.978779661719461,-0.979645601640172,2.154399932511696,0.0,0.0,1.0,7.0,0.0,0.0,0.0,26050904.0,1.0,-68.00607074302292,98.1723101860201,28.2482339859009,7.979230041503906
2026-05-09 18:10:34+00:00,CAN,CAN,20.02999965807726,10.4200003354975,0.0,1.14000002318565,-8.589999874761775,-18.08999985453214,0.4836359034120975,-2.5618849629698346,2.992319962647754,7.751521071118593,-1.2141084934869641,1.9090415442452422,4.877880853319051,-22.188960983015797,-38.120000195628336,-31.528564727676347,55.175252151489246,37.27363815307614,1.0,110.999999673762,0.0,0.0,0.0,169.074557356009,37.3590637207031,165.913193370366,6.720199987109732,32.2759876,-3.249136697610158,7.070980407297613,1913.7065410614002,518.7137126922609,643.4598207473756,326.28307938575733,-64.844321,-1.0,342.400299072266,-478.330383300781,583.937683105469,86.8730010986328,100.0,62.3902797698975,-0.7494000207685788,1.40590628851815,0.988054311560398,2.0061998966272743,0.0,0.0,1.0,7.0,0.0,0.0,0.0,26050904.0,1.0,-69.57284510465648,98.10169627528589,28.60497722625735,7.593667087554934
2026-05-09 18:10:35+00:00,CAN,CAN,19.9999994181858,10.4000003463246,0.0,1.0100000081844258,-8.740000220445364,-18.170000152733202,0.4827547289678865,-2.5640769200848803,2.9934008400839076,7.0214279780933975,-1.779922484908725,2.3021720783889563,5.137681783307202,-25.984966680297315,-38.17999999239234,-31.46286001540815,55.411883926391596,38.415243301391584,1.0,110.999999673762,0.0,0.0,0.0,170.222193061111,38.3586101531982,168.2931973753378,6.263200055216451,32.2758947,-1.872964783870012,7.034719549119475,1913.733768463134,842.8216218948364,768.8347458839417,501.0406196117403,-64.8443004,-1.0,352.961364746094,-468.379821777344,574.114990234375,85.8730010986328,100.0,62.3863637447357,0.03519999628888782,-0.309391374382725,-0.670435894281113,2.7747999099900458,0.0,0.0,1.0,7.0,0.0,0.0,0.0,26050904.0,1.0,-72.06007898148412,98.0465083467922,28.95061740875245,6.583703985214233
2026-05-09 18:10:36+00:00,CAN,CAN,20.009999498149618,10.39000026636078,0.0,1.040000034632461,-8.54999989641597,-18.23000029100664,0.48275470228746,-2.56583067787599,2.99412155310739,6.754338553241924,-1.60707857154603,3.00986078489867,5.7549147941664875,-24.47739776442726,-38.2299997091925,-31.35107713945165,56.11316871643065,40.11209403991698,1.0,110.999999673762,0.0,0.0,0.0,171.899318691051,40.0515724182129,170.2195921250754,4.653799934388048,32.2757979,-1.56413637182137,7.052849885076286,1913.7246847152699,914.654076099396,892.8301095962524,714.6534323692322,-64.8442821,-1.0,360.629425048828,-458.248474121094,556.200378417969,84.8730010986328,100.0,62.3883247375488,-1.0714000044004233,-1.54340696113379,-2.2282226447736,1.011599931972733,0.0,0.0,1.0,7.0,0.0,0.0,0.0,26050904.0,1.0,-73.79895635171016,97.99331483353615,29.35817241668705,5.673761444091794
2026-05-09 18:10:37+00:00,CAN,CAN,20.05999989796872,10.5100002013982,0.0,1.2999999792575536,-8.12000004382121,-17.28999977535186,0.4830484537826235,-2.5621772737219697,2.9934008400839076,7.049826794756569,-0.6330604321321425,3.0578166102783877,5.655643629486418,-22.109615699956137,-37.35999958252968,-30.960152969853297,57.9194704055786,42.46809425354004,1.0,110.999999673762,0.0,0.0,0.0,171.872517028748,42.5080810546875,170.48899937462159,2.459200005709572,32.2756957,-1.378834727021098,7.061915285885336,1913.66114616394,739.6711587905884,855.769419670105,711.7892026901243,-64.8442649,-1.0,373.215972900391,-447.565765380859,545.751403808594,83.8730010986328,100.0,62.4020397663116,-2.157199989906282,-0.377930214950114,-2.05986744635607,-0.03779998141775513,0.0,0.0,1.0,7.0,0.0,0.0,0.0,26050904.0,1.0,-74.99953285306914,97.93987884856455,29.638311767578102,5.780101890563964
2026-05-09 18:10:38+00:00,CAN,CAN,20.13000045771546,11.769999690045779,0.0,3.5700001164197714,-4.730000000712282,-13.16999978592256,0.483782779159679,-2.567291698028135,2.9934008400839076,6.4771831371011475,-1.6790523302552751,3.019614764608952,5.4505374883338975,-20.72259142670982,-33.30000058514747,-30.1343967595771,59.6343246459961,44.845603637695305,1.0,110.999999673762,0.0,0.0,0.0,172.644232782311,44.9108116149902,171.0524025547262,1.4135999416652978,32.2755878,-1.413658446504406,7.007523812353614,1913.6338949203462,718.7533736228944,814.8056030273438,753.1330347061158,-64.8442466,-1.0,385.935119628906,-434.107849121094,532.444213867188,82.8730010986328,100.0,52.178680896759,-2.1322000034401563,0.463273962237952,-0.278876490409488,0.8215999974775674,0.0,0.0,1.0,7.0,0.0,0.0,0.0,26050904.0,1.0,-75.8918765775638,97.85979829564076,29.87159614562985,6.201822052001953
2026-05-09 18:10:39+00:00,CAN,CAN,19.80000020947574,9.76999991898192,0.0,0.16999999334703234,-10.16999987319469,-20.14000053767926,0.483489027664516,-2.56027794752418,2.993761132562626,5.296667242843944,-2.0368223347356,3.14126555636876,5.3151673224751095,-18.63023025183972,-39.919999562699005,-29.74683816569225,61.6174907684326,47.055982131958025,1.0,110.999999673762,0.0,0.0,0.0,174.413224456588,47.0968196868896,172.73139965649858,1.6447999881125501,32.2754737,-1.67606214814184,7.061915192753079,1913.579416275022,942.6170945167539,910.9793663024891,916.1349415779117,-64.8442305,-1.0,399.529144287109,-424.541931152344,523.221435546875,81.8730010986328,100.0,40.7151252031326,-1.451799973065736,0.180137968426888,0.569080636114031,2.672399963717242,0.0,0.0,1.0,7.0,0.0,0.0,0.0,26050904.0,1.0,-76.76005645881283,97.77918840305625,29.99960403442385,6.465865144729612
2026-05-09 18:10:40+00:00,CAN,CAN,17.90999978122132,7.679999940507903,0.0,-2.109999924958228,-12.280000011596359,-22.190000196298,0.48437022878915303,-2.553118628613535,2.99304054760519,3.8433099653031038,-0.7218475177376716,3.234738829594498,5.234492030829317,-15.81155085874398,-40.08999955604602,-29.46164020180375,63.25470428466795,49.1254911804199,1.0,110.999999673762,0.0,0.0,0.0,177.061684948774,49.0132129669189,174.463595735679,1.842199968334004,32.2753538,-2.35905440606101,7.061915285885336,1913.388800621032,1178.864240646362,1066.831254959106,1111.036658287046,-64.8442198,-1.0,411.732360839844,-409.241333007812,517.106872558594,80.8730010986328,100.0,29.3887138366699,-1.6046000132901121,-1.17030051392415,0.76886948566987,0.22219995953877678,0.0,0.0,1.0,7.0,0.0,0.0,0.0,26050904.0,1.0,-77.4698893324577,97.7351917395176,30.03926467895505,6.763127632141109
2026-05-09 18:10:41+00:00,CAN,CAN,17.810000347620964,7.000000137874504,0.0,-3.4200001122456443,-14.2500000550329,-24.57000044466592,0.4836359034120975,-3.67169988292529,2.99304054760519,2.821322590927166,-0.8080043752005655,3.306537265885486,5.160927136864236,-15.2675754687145,-42.390000189231785,-28.67414414993705,65.35723342895511,51.45528625488282,1.0,110.999999673762,0.0,0.0,0.0,176.216203152174,51.5047645568848,174.229995069837,2.627399945389528,32.275228,-2.15896589262751,7.080045621842146,1912.4445915222161,1159.591698646546,1193.079829216004,1180.70902824402,-64.8442111,-1.0,426.613128662109,-398.479583740234,507.290466308594,79.8730010986328,100.0,26.9553303718567,-1.8508000089283563,-0.194692661321149,0.982651205040095,0.3261999630020248,0.0,0.0,1.0,7.0,0.0,0.0,0.0,26050904.0,1.0,-77.61782849780452,97.70890917159139,29.939527702331553,7.768919363021853
2026-05-09 18:10:42+00:00,CAN,CAN,17.8399999044935,7.4399999850557155,0.0,-2.810000058273988,-13.089999999985679,-23.580000041456238,0.48275470228746,-4.442842967815125,2.99304054760519,4.163242215885436,-1.353855124400775,3.400823459688504,5.075056291071545,-13.929760830136079,-41.42999934289465,-27.1831539814846,66.1161346435547,52.87148918151856,1.0,110.999999673762,0.0,0.0,0.0,175.584916087947,52.8073448181152,174.90740230341663,1.848199969354744,32.2750979,-0.8686726580532609,7.10724135860801,1912.6261711120599,1029.1026830673222,1101.838266849517,1034.306919574737,-64.8442002,-1.0,439.685668945312,-381.706573486328,483.705993652344,78.8730010986328,100.0,26.8828362226486,-2.917999948581242,-1.27181259963787,-2.16942709573766,0.44159997907684473,0.0,0.0,1.0,7.0,0.0,0.0,0.0,26050904.0,1.0,-77.88331658480506,97.6809429620348,29.82095947265625,8.669888648986817
2026-05-09 18:10:43+00:00,CAN,CAN,17.869999461366042,8.519999998033981,0.0,-0.6599999948873978,-10.139999974812682,-19.51000062260074,0.4833421785973605,-5.58538505934381,2.992680255126472,4.9530094337172414,-1.508310300887945,3.44850876688841,5.009969027904281,-12.78916653780396,-37.39999921936603,-26.55416356836545,67.08208007812499,54.420652770996085,1.0,110.999999673762,0.0,0.0,0.0,176.212924661373,54.4704723358154,175.51520171312617,1.2481999953469038,32.2749641,-0.698915317848663,7.116306573152542,1912.5807523727417,752.2256731987001,935.3597521781921,866.3716912269595,-64.8441886,-1.0,438.259643554688,-370.213439941406,473.2392578125,77.8730010986328,100.0,26.9141852855682,-3.007399995806762,1.08166322807419,0.239503971660656,0.9755999418565564,0.0,0.0,1.0,7.0,0.0,0.0,0.0,26050904.0,1.0,-78.83399012481163,97.65759054526251,29.873372840881302,8.193515796661377
2026-05-09 18:10:44+00:00,CAN,CAN,17.8499993014384,8.409999801450926,0.0,-0.7900000098886263,-10.179999953158482,-19.7900004710214,0.483489027664516,-6.4038658374934805,2.9930405476051893,4.034550651685771,-2.1545037727314202,3.5154304054233223,4.95718839958355,-13.39417735203032,-37.63999908944088,-26.419489313405748,67.39605560302735,55.41646728515626,1.0,110.999999673762,0.0,0.0,0.0,177.421704219925,55.4072284698486,176.8863977059902,1.78779998753843,32.274827,-0.6147645804932438,7.034719549119474,1912.544441223146,868.8773274421692,945.9113359451294,899.9125361442566,-64.8441792,-1.0,424.790588378906,-355.278411865234,459.865081787109,76.8730010986328,100.0,26.9083082675934,-2.595599822585736,-0.804640306931137,1.03244339081119,1.9303998232563078,0.0,0.0,1.0,7.0,0.0,0.0,0.0,26050904.0,1.0,-80.35145188667555,97.62464512780095,29.87601985931395,6.135711479187012
2026-05-09 18:10:45+00:00,CAN,CAN,17.87999954132986,7.770000147918057,0.0,-2.1299999781641548,-12.26000036393288,-22.37000026960886,0.483782779159679,-7.253467305379255,3.4088844062582715,5.046472376281864,-3.16582202877,3.5246420681135078,4.9476166578580605,-13.531125035455299,-40.22999999252054,-25.90227921492205,67.4562606811523,57.29838958740233,1.0,110.999999673762,0.0,0.0,0.0,180.64728837622,57.4118934631348,180.35538794769917,2.228800009201882,32.2746865,-0.36781026249832227,7.252284791320562,1912.4627590179439,739.893698692322,940.119743347168,816.4837837219238,-64.8441758,-1.0,409.672149658203,-337.037414550781,444.188049316406,75.8730010986328,100.0,26.8985122442245,-3.5714000490675337,-1.55566213477379,-0.639079456296937,3.8383999130635105,0.0,0.0,1.0,7.0,0.0,0.0,0.0,26050904.0,1.0,-83.06401097214625,97.596607201258,29.4160634994507,3.5913133764266982
2026-05-09 18:10:46+00:00,CAN,CAN,17.8100000061115,7.65000012750328,0.0,-2.4000000667860855,-12.870000119083741,-22.89999972655866,0.483048427102197,-7.959447397379405,4.004903361819684,5.118727410718863,-1.49938014871327,3.590208895937868,4.875692972973168,-13.02720358226606,-40.739999289542695,-25.76810612509265,68.36688995361325,59.41320968627927,1.0,110.999999673762,0.0,0.0,0.0,183.564790019813,59.5323165893555,182.3912077920914,2.570199971232388,32.2745405,-1.0368482331677884,7.315741293132308,1912.4445676803582,663.6662006378174,834.7905039787295,763.7447237968444,-64.8441824,-1.0,396.224639892578,-324.278991699219,433.84716796875,74.8730010986328,100.0,26.9004702568054,-2.8013999109579317,2.67686404729271,0.56125366621202,0.9749999310823115,0.0,0.0,1.0,7.0,0.0,0.0,0.0,26050904.0,1.0,-85.41615190341807,97.58589404954489,28.946918106079103,0.972167112082243
2026-05-09 18:10:47+00:00,CAN,CAN,17.77000036927514,6.850000133700375,0.0,-3.7700000935261597,-14.53999981266264,-25.46000004823742,0.482314101725141,-8.37964575776047,3.9991378283865457,3.2972672050778984,-1.0675334876721365,3.6584853024946526,4.809238391311437,-15.21760290191626,-43.23000007600312,-25.92878888663815,69.4114288330078,61.06943435668946,1.0,110.999999673762,0.0,0.0,0.0,184.469585179164,61.1470527648926,183.11019994941338,3.680000014182054,32.2743903,-1.535196625520272,7.333871722221376,1912.344765663144,1102.616691589355,1131.657028198241,1067.0954108238225,-64.8441951,-1.0,379.4814453125,-308.047729492188,421.248046875,73.8730010986328,100.0,26.8769592046738,-1.9830000278612459,0.066781294155727,1.36443786218947,0.776800002306917,0.0,0.0,1.0,7.0,0.0,0.0,0.0,26050904.0,1.0,-86.09873642038811,97.56139416099205,28.85147094726565,-0.07431191235780721
2026-05-09 18:10:48+00:00,CAN,CAN,17.79000018769332,7.000000137874503,0.0,-3.4500001386936794,-14.08000023244062,-24.460000248082878,0.482460977472723,-9.17781782218675,3.998777365153098,3.161386269135242,-1.739469568971415,3.7015642447409336,4.762747513442638,-17.76810840687508,-42.250000435776215,-24.83124920400335,71.11393203735349,62.214060058593745,1.0,110.999999673762,0.0,0.0,0.0,184.971617743539,62.0905586242676,184.3291947388882,3.967999849734106,32.2742364,-0.5132803758251514,7.2704152204096335,1912.517237663268,1247.333073616028,1365.47291278839,1186.42542362213,-64.8442097,-1.0,364.837097167969,-287.555541992188,406.317535400391,72.8730010986328,100.0,26.8926322460175,-2.8211999463428823,-2.36837407111744,-1.8104084472997,1.2625999871245088,0.0,0.0,1.0,7.0,0.0,0.0,0.0,26050904.0,1.0,-84.59635708224943,97.56533859523776,29.0284606933594,2.93477871313691
2026-05-09 18:10:49+00:00,CAN,CAN,17.869999461366042,8.010000017992883,0.0,-1.680000008330446,-11.52999981997092,-20.920000286177178,0.4833421785973605,-9.668146857418215,3.9980567801956624,5.318595309042176,-1.749976214183895,3.726219263965296,4.74579250797909,-16.03661754472696,-38.79999948599756,-23.69879017923695,73.0094341278076,64.17531326293945,1.0,110.999999673762,0.0,0.0,0.0,185.205579043368,64.2247352600098,185.21919570849758,2.7761999707038543,32.2740792,-0.16349550148078765,7.370132580399515,1912.6533985137962,809.6577525138858,1029.5156002044691,951.488399505615,-64.8442258,-1.0,347.502136230469,-270.404815673828,394.203826904297,71.8730010986328,100.0,26.8965512514114,-4.394599975669491,0.119075143432049,-0.395449970336314,0.8477999628035,0.0,0.0,1.0,7.0,0.0,0.0,0.0,26050904.0,1.0,-83.30438991772003,97.6501627145401,29.428642845153803,7.283774785995481
2026-05-09 18:10:50+00:00,CAN,CAN,17.829999824529683,7.910000072128372,0.0,-1.72000002936493,-11.56999996907146,-21.630000499456763,0.48260785322030497,-9.67165373267019,3.997336109860862,4.757095190394994,-1.5146141386050451,3.760086586210072,4.708599481250068,-18.22472772647684,-39.43000110862336,-23.560848532533,75.10617485046384,65.50668045043946,1.0,110.999999673762,0.0,0.0,0.0,186.665012884082,65.4772727966309,186.2420001442528,2.650000016824726,32.2739174,-0.2556088853767993,7.361067365854981,1912.4718189239502,842.3444151878355,991.7686343193069,913.1181955337519,-64.8442451,-1.0,334.281311035156,-255.891967773438,374.456207275391,70.9749984741211,100.0,26.9259393215179,-2.742199972034446,1.27344426779757,-0.0952053798507863,0.8934000025776279,0.0,0.0,1.0,7.0,0.0,0.0,0.0,26050904.0,1.0,-83.3898328521612,97.79128808317091,29.9558355331421,8.127411403656005
2026-05-09 18:10:51+00:00,CAN,CAN,17.829999824529683,7.849999933854937,0.0,-1.790000034158772,-11.62000002738108,-21.68000021625692,0.483195329530205,-9.67150688360303,3.9984170726743797,4.2254315578539074,-2.11510185215265,3.7988307488996043,4.668945793495184,-18.87398911652426,-39.51999977924096,-23.7343652195289,75.7031787872314,66.13474685668943,1.0,110.999999673762,0.0,0.0,0.0,187.032162872726,66.0937294006348,187.6039972383424,1.804000000966592,32.2737542,0.10737718783031644,7.288545649498699,1912.362909317014,1074.840474128722,1159.8835706710802,1107.787656784058,-64.8442684,-1.0,318.815612792969,-237.470504760742,372.770904541016,69.9749984741211,100.0,26.9004702568054,-2.83740000245973,-0.950250815329964,-1.22903715257849,2.814999948845508,0.0,0.0,1.0,7.0,0.0,0.0,0.0,26050904.0,1.0,-83.6621962075803,97.95144918901855,30.4727783203125,7.380806980133056
2026-05-09 18:10:52+00:00,CAN,CAN,17.837499628370452,7.8124999328114,0.0,-1.7625000597182026,-11.599999910142126,-21.73749965152045,0.4836359034120975,-9.680273431402746,3.9970658691574825,4.3945649496056545,-1.8760633205313302,3.794698889994227,4.669629474086762,-18.839847391429576,-39.574998853004104,-23.8458390294254,77.62460174560545,68.38173797607422,1.0,110.999999673762,0.0,0.0,0.0,191.218126267839,68.3651596069336,190.6281946329976,0.773799964443948,32.2735884,-0.212740585097304,7.270415220409632,1912.399196624754,998.9055395126336,1143.806672096252,1173.3449459075941,-64.8442993,-1.0,300.524108886719,-218.769866943359,362.114196777344,68.9749984741211,100.0,26.8985122442245,-3.5609998480843976,-0.42216369395388,-1.46375254798116,1.430799958820977,0.0,0.0,1.0,7.0,0.0,0.0,0.0,26050904.0,1.0,-83.99179518220626,98.15979044927144,31.660608100891103,7.074210319519041
2026-05-09 18:10:53+00:00,CAN,CAN,17.829999824529683,7.879999832236928,0.0,-1.7600000290550781,-11.569999798316719,-21.73999967151142,0.482167252657986,-9.628259833325805,3.9976964877169445,3.21315030917538,-0.6320095301551001,3.8278211453222637,4.641051215547489,-17.79938930723592,-39.5699994960411,-24.3710267888597,80.42989883422855,70.53525329589844,1.0,110.999999673762,0.0,0.0,0.0,190.774655745408,70.6144729614258,189.93099897535518,0.14600000393831156,32.2734177,-1.0829220639547323,7.252284791320562,1912.4173402786241,1000.4666328430178,1122.806072235106,1172.5475311279301,-64.844339,-1.0,284.282257080078,-199.676773071289,363.190673828125,67.9749984741211,100.0,26.9063472747803,-3.185799969238486,0.899502936683593,-0.361183311476757,-0.9053999405860805,0.0,0.0,1.0,7.0,0.0,0.0,0.0,26050904.0,1.0,-84.41948386954064,98.4172954111701,32.13619594573975,6.304167852401735
2026-05-09 18:10:54+00:00,CAN,CAN,17.83999956298404,7.860000013818751,0.0,-1.830000055193258,-11.57999987828054,-21.6999993516562,0.48187350116282246,-9.60093822287211,3.9969757320047803,3.50432468858761,-0.4434051553857965,3.8736097089896573,4.592646433295888,-17.310726496652457,-39.5399992561497,-24.030447089859848,82.34932022094725,72.46918762207028,1.0,110.999999673762,0.0,0.0,0.0,190.820390692091,72.522248840332,189.5773918857966,0.2860000041878414,32.2732422,-1.0819936598196276,7.243219576776028,1912.344741821286,1014.8643493652331,1066.4015173912046,1136.170554161072,-64.8443788,-1.0,264.430358886719,-179.70866394043,331.691558837891,66.9749984741211,100.0,26.9259393215179,-3.6826000110669823,-0.447458739256067,-0.0542475235027833,-1.4480000079931694,0.0,0.0,1.0,7.0,0.0,0.0,0.0,26050904.0,1.0,-83.95124161702824,98.6376441439839,32.284950828552255,6.991574764251709
2026-05-09 18:10:55+00:00,CAN,CAN,17.80000026765714,7.270000077086046,0.0,-2.890000057654282,-13.419999906715901,-21.67000013629312,0.480258001341556,-9.547463818086435,3.9980567801956624,3.409423478938514,-0.446556093738674,3.9191269433922655,4.549437119813826,-18.2941552333522,-39.460000665495905,-23.4986092874949,84.28733253479004,73.81430831909178,1.0,110.999999673762,0.0,0.0,0.0,188.398446593539,73.8160743713379,187.7243970809558,1.612999972030464,32.2730614,-0.9166640004166611,7.197893504053356,1912.2720718383778,890.0704622268677,1045.6506371498108,1017.484819889067,-64.8444145,-1.0,247.665283203125,-159.580902099609,333.9208984375,65.8730010986328,100.0,26.9357353448868,-3.27520005915269,0.0611429863360947,2.4009668800631,-0.6967999975905409,0.0,0.0,1.0,7.0,0.0,0.0,0.0,26050904.0,1.0,-83.23320978430364,98.8431781964879,32.56097030639645,8.745300521850586
2026-05-09 18:10:56+00:00,CAN,CAN,17.81000034762096,6.880000117459727,0.0,-3.7400001097668083,-14.450000117516657,-21.76999991140284,0.48172665209566745,-9.54892505168199,4.171024661491794,3.8062840220766523,-0.6645813149247151,3.948117254437564,4.520722321524176,-17.8573735151758,-39.579999576004916,-23.196226567654698,85.55369567871095,74.72892150878906,1.0,110.999999673762,0.0,0.0,0.0,189.101505285565,74.6984413146973,188.0941999150744,1.6563999758564178,32.2728778,-0.8225935765583909,7.406393717974424,1912.362885475158,910.4238510131838,1041.1903142929061,1001.7337679862989,-64.8444472,-1.0,227.938812255859,-138.991104125977,325.53955078125,64.9749984741211,100.0,26.9553303718567,-3.3752000477058823,-0.0133750436856422,-1.06377400214257,0.11719999770474387,0.0,0.0,1.0,7.0,0.0,0.0,0.0,26050904.0,1.0,-82.68932318673335,99.0272654549981,32.860720252990745,10.39682098388673
2026-05-09 18:10:57+00:00,CAN,CAN,17.79000052920278,6.880000117459727,0.0,-3.700000131421004,-14.519999994244461,-21.76999991140286,0.4820203769104045,-9.52584029294782,5.004153719467569,3.158869387114772,0.030994417947845944,3.968166506349854,4.493921939881514,-17.1051145799919,-39.550000019132405,-23.30657425011175,86.84379615783689,75.99365661621091,1.0,110.999999673762,0.0,0.0,0.0,189.01373735473,76.0607597351074,187.64220531655943,1.2537999820700338,32.2726914,-1.3258667167293539,7.415458746254446,1912.4082803726183,987.5966668128965,1087.825894355774,1094.41294670105,-64.8444817,-1.0,211.488250732422,-118.187965393066,330.189544677734,63.8730010986328,100.0,27.0160645246506,-2.98179997722205,0.697664390046516,0.0886312827540093,-0.8586000039944597,0.0,0.0,1.0,7.0,0.0,0.0,0.0,26050904.0,1.0,-82.87620672468975,99.22082960098166,33.12927932739255,10.49146167755126
2026-05-09 18:10:58+00:00,CAN,CAN,17.8000006091666,6.840000139113923,0.0,-3.7300001151803555,-14.509999914280641,-21.739999671511402,0.4806986019038745,-9.437592968210785,4.998028064310442,3.240110986820126,-0.04045295595795051,4.016664179174166,4.453174311953684,-16.47111149104086,-39.5599987330584,-23.2924827160804,88.16924858093259,76.79106491088864,1.0,110.999999673762,0.0,0.0,0.0,187.058322497248,76.8049530029297,186.1712011353922,1.6921999641598742,32.2725021,-1.2638919387503593,7.315741293132305,1912.2539281845081,965.0694727897647,1072.745490074158,1082.9279184341437,-64.8445144,-1.0,192.325042724609,-97.2016067504883,311.457122802734,62.9749984741211,100.0,27.0415365695953,-3.4254000171147725,-0.362623280772439,0.698595963816282,-1.1085999893846656,0.0,0.0,1.0,7.0,0.0,0.0,0.0,26050904.0,1.0,-82.23135763684618,99.38671782044835,33.343845748901344,11.43014505386352
2026-05-09 18:10:59+00:00,CAN,CAN,17.79000052920278,6.840000139113923,0.0,-3.720000120593904,-14.48000035740812,-21.8000001512943,0.480698575223448,-9.45892450276238,4.997667771831724,3.4353057550906776,-0.4313220971767945,4.051344720817,4.418442629269444,-15.93438429775858,-39.5899989729498,-22.80931257287275,88.92739791870115,77.33278152465819,1.0,110.999999673762,0.0,0.0,0.0,186.279353082786,77.3363067626953,185.3632006848826,2.009199950498498,32.2723104,-1.0620965503710984,7.279480434954168,1912.226700782774,898.1806039810178,1004.0459752082825,979.8796296119696,-64.8445413,-1.0,177.097320556641,-76.0774917602539,305.827789306641,61.8730010986328,100.0,27.0239025354385,-3.12260005809363,0.893535058896294,0.329418502885408,-0.9607999677978555,0.0,0.0,1.0,7.0,0.0,0.0,0.0,26050904.0,1.0,-81.97898761116552,99.5271806607297,33.56694374084475,12.301817035675066
2026-05-09 18:11:00+00:00,CAN,CAN,17.77500040925705,6.875000120166501,0.0,-3.72500011788713,-14.37500054231645,-21.8000001512943,0.479376773536492,-9.46111571282549,4.997487625592365,3.173248472110215,-0.350940695764382,4.07274831386434,4.39410359167156,-16.502392732911098,-39.574998853004104,-23.0142677668446,89.0892059326172,77.3019161224365,1.0,110.999999673762,0.0,0.0,0.0,186.279353082786,77.3363067626953,184.068994584343,2.43199995127876,32.2721178,-1.081976082754687,7.252284791320565,1912.185847759245,991.7691946029645,1146.08055353165,1066.2447214126564,-64.844564,-1.0,177.097320556641,-76.0774917602539,305.827789306641,61.8730010986328,100.0,27.0239025354385,-2.730500028740945,0.893535058896294,0.329418502885408,-1.48599996821177,0.0,0.0,1.0,7.0,0.0,0.0,0.0,26050904.0,1.0,-82.39666665627125,99.6153515727254,33.7191970825195,12.301817035675066
2026-05-09 18:11:01+00:00,CAN,CAN,17.79000052920278,6.860000128286825,0.0,-3.7300001151803555,-14.53000007420826,-21.8000001512943,0.4804048770891375,-9.46681379814057,4.997667771831724,2.9363545451830904,-0.8542365916710579,4.075457935285447,4.390274673000218,-16.713344491464817,-39.5899989729498,-23.4328106601256,88.3476837158203,76.55845550537109,1.0,110.999999673762,0.0,0.0,0.0,183.483169259231,76.4636489868164,182.78939689240042,2.845600071445154,32.2719256,-0.8410977329587214,7.225089147686958,1912.281203269956,1202.3081779479958,1318.906259536742,1203.462672233582,-64.8445814,-1.0,148.222427368164,-33.3589363098144,297.254547119141,59.8730010986328,100.0,27.0297795534134,-3.146399937633904,-1.72815301273376,0.533928587302885,0.025000022484703434,0.0,0.0,1.0,7.0,0.0,0.0,0.0,26050904.0,1.0,-82.56871980448278,99.684899973949,33.95036144256591,9.917648220062256
2026-05-09 18:11:02+00:00,CAN,CAN,17.81000034762096,6.880000117459727,0.0,-3.7200001205939017,-14.51000059729958,-21.850000209603937,0.48143292728093046,-9.489021731340046,4.998028064310442,3.9511520355518477,-1.5981454845244496,4.036713772595915,4.429108225790509,-17.25045451685004,-39.66999961266034,-23.106144910238697,88.55507125854496,77.38591003417967,1.0,110.999999673762,0.0,0.0,0.0,185.644541640947,77.3635459899902,184.66279757040562,3.5459999415820898,32.2717339,-0.7053677615389982,7.24321957677603,1912.42642402649,1046.233224868774,1270.383548736572,1129.34739589691,-64.8445975,-1.0,134.604873657227,-12.1448278427124,307.82568359375,58.8730010986328,100.0,27.0239025354385,-3.655999967410414,0.328942070510373,1.37023402475217,1.8043999512311781,0.0,0.0,1.0,7.0,0.0,0.0,0.0,26050904.0,1.0,-82.72468171002868,99.7142424666234,34.41960124969485,9.892781982421877
2026-05-09 18:11:03+00:00,CAN,CAN,17.78000010772952,6.840000139113923,0.0,-3.690000136834552,-14.46000002672576,-21.860000289567758,0.480551726156293,-9.469735411558041,4.99838852754389,3.558246385386556,-0.39192007654642,4.059472731306679,4.40941798569647,-20.3495141999032,-39.6399993727689,-24.13662835692315,89.62382812499996,77.77274826049802,1.0,110.999999673762,0.0,0.0,0.0,185.297417766948,77.6519233703613,184.09559680512243,4.814399794512484,32.2715402,-1.284371097710045,7.297610864043236,1912.262988090514,1135.072970390318,1338.368701934812,1099.188518524168,-64.8446211,-1.0,127.460388183594,9.30902194976806,281.698944091797,57.8730010986328,100.0,27.0395755767822,-3.2253999973197063,0.0333028084438987,-0.319213026326645,-2.0537998478068937,0.0,0.0,1.0,7.0,0.0,0.0,0.0,26050904.0,1.0,-83.80800298786822,99.77891411277966,34.778558921813996,7.983983860015869
2026-05-09 18:11:04+00:00,CAN,CAN,17.8000006091666,6.850000133700374,0.0,-3.760000098939708,-14.48000001589864,-21.869999686512656,0.481139175785767,-9.471197072040425,4.99838835678916,3.6046182472090633,-0.7281513129328385,4.074645057396852,4.386719730291954,-21.081172943040876,-39.66999961266034,-24.0922133442979,88.0625164031982,77.14091491699222,1.0,110.999999673762,0.0,0.0,0.0,183.830019925663,77.013020324707,183.27379664041342,3.940000001495828,32.2713469,-0.6624364727747293,7.288545649498701,1912.34471797943,1199.03175830841,1437.4514341354377,1214.269638061524,-64.8446384,-1.0,122.440933227539,30.6953792572022,295.324584960938,56.8730010986328,100.0,31.0560345649719,-3.1275999273208077,-0.701954175732107,-1.63017234826434,0.6135999878830316,0.0,0.0,1.0,7.0,0.0,0.0,0.0,26050904.0,1.0,-85.35262704602344,99.77366511240251,35.06816024780275,4.155956826210025
2026-05-09 18:11:05+00:00,CAN,CAN,17.81000034762096,6.870000122873276,0.0,-3.700000131421004,-14.54999989262644,-22.30999978982596,0.4806986019038745,-9.48405447626615,4.998028064310442,4.0909879925334005,-0.9645633433335955,4.067600571041626,4.39355640814168,-19.5015069408584,-40.1299998759013,-24.3581023634027,87.1018135070801,77.60490600585935,1.0,110.999999673762,0.0,0.0,0.0,184.123021380678,77.5631950378418,183.70479250534402,1.778800039368172,32.271154,-0.34498085412152857,7.17069786041975,1912.2357845306378,1100.247025489806,1308.7594270706181,1230.06649017334,-64.8446537,-1.0,121.459800720215,52.0216903686523,296.448791503906,55.8730010986328,100.0,33.7147325277328,-3.8102000256599156,-0.341994321890429,-1.48886459223836,0.280399998788414,0.0,0.0,1.0,7.0,0.0,0.0,0.0,26050904.0,1.0,-87.16009180985692,99.70684195665766,35.4803106307983,-0.33725508213043
2026-05-09 18:11:06+00:00,CAN,CAN,17.810000347620964,6.840000139113923,0.0,-3.700000131421002,-14.53999981266262,-24.130000341352638,0.4799642498463925,-9.48142442654887,4.997667942586454,3.8911201795874555,-1.116916662505825,4.0643494009967025,4.413246477480994,-18.401348905205303,-41.98000100882888,-24.683637716982,87.2822330474853,78.48662612915037,1.0,110.999999673762,0.0,0.0,0.0,184.724774706934,78.4831832885742,184.3345987845596,0.6106000113850459,32.2709592,-0.34961419832237184,7.116306573152545,1912.2721195220922,1020.5533027648919,1149.49927330017,1168.511748313906,-64.8446709,-1.0,121.789573669434,73.4278030395508,286.866088867188,54.8730010986328,100.0,33.7147325277328,-3.6205999507158837,-0.573742346944271,-0.786300395236006,1.4381999618585835,0.0,0.0,1.0,7.0,0.0,0.0,0.0,26050904.0,1.0,-88.79459979145165,99.5989625338119,35.8381765365601,-4.029804639816282
2026-05-09 18:11:07+00:00,CAN,CAN,17.859999381402222,6.830000144527473,0.0,-3.7300001151803555,-14.5300000742083,-24.650000059848075,0.48084545097103,-9.49179820323765,4.998028064310442,4.000040950149556,-2.43294433165322,4.074644801264756,4.394650433691984,-17.00288030849514,-42.51000046577867,-24.3975228001975,87.05335006713865,79.59651306152341,1.0,110.999999673762,0.0,0.0,0.0,187.436004637593,79.7426834106445,187.57479954567862,0.07480000742386574,32.2707623,0.36089387153850694,7.1344370022416115,1912.081456184386,892.4229979515073,1041.294598579407,1099.8142242431659,-64.844694,-1.0,123.573554992676,95.3935317993164,303.489166259766,53.8730010986328,100.0,33.7402045726776,-3.883200062980636,0.206421136662692,-0.703542995126929,4.05959994357997,0.0,0.0,1.0,7.0,0.0,0.0,0.0,26050904.0,1.0,-90.9963973307888,99.4790653931215,36.212374305725106,-6.607407073974611
2026-05-09 18:11:08+00:00,CAN,CAN,17.950000101076558,8.11999987306648,0.0,-1.5400000200871085,-11.129999865758176,-21.339999888053377,0.48128605153334847,-9.49530465160281,4.996947186874288,4.287980381216132,-1.150014878769637,4.1372316175542405,4.333391918441338,-14.92997458596638,-39.28999998912994,-25.12190961168055,85.96952476501465,79.93996490478517,1.0,110.999999673762,0.0,0.0,0.0,189.569004413496,80.051570892334,189.1607995237878,-1.133200004241866,32.2705649,-0.13478420899917168,7.134437002241614,1912.1086359024061,689.9394392967222,761.4715576171877,933.2992553710938,-64.8447289,-1.0,123.655242919922,117.543563842773,310.108581542969,52.8730010986328,100.0,35.5701416730881,-4.157599839300772,0.103534962296282,-0.446206786925545,-1.0567999948018458,0.0,0.0,1.0,7.0,0.0,0.0,0.0,26050904.0,1.0,-93.66427605078495,99.38802238657985,36.7289514541626,-10.619391803741458
2026-05-09 18:11:09+00:00,CAN,CAN,17.889999962803138,8.069999900134226,0.0,-1.3699999733792214,-11.199999742485963,-19.86999974469406,0.480258001341556,-9.48916815352038,4.997307479353006,3.550337666657916,-0.7013569077057015,4.124768400620988,4.312881628760072,-14.728940262087558,-37.77000012897048,-25.8168463550099,85.03692970275881,79.43903366088867,1.0,110.999999673762,0.0,0.0,0.0,187.609710008564,79.531086730957,187.4131972699158,-0.36659999566607804,32.2703674,-0.444288181451603,7.179763074964288,1912.081456184386,768.0411696434021,883.2443952560427,949.095010757446,-64.8447641,-1.0,123.40650177002,139.722747802734,319.197570800781,51.8730010986328,100.0,35.5916917324066,-2.714599945994704,1.92847018809407,0.823561958644482,-1.4137999648223594,0.0,0.0,1.0,7.0,0.0,0.0,0.0,26050904.0,1.0,-95.3006609683636,99.24077033826356,36.66077785491945,-14.08813110351564
2026-05-09 18:11:10+00:00,CAN,CAN,17.88000022434878,7.729999998817524,0.0,-2.150000031370078,-12.189999974940879,-21.42999992470882,0.479817400779237,-9.475872763414124,4.997667942586454,3.330338895661736,-0.3372821850542065,4.143192409020276,4.322726407297636,-14.30856021867458,-39.3300003089852,-26.4396460554201,83.3623352050781,78.09824432373046,1.0,110.999999673762,0.0,0.0,0.0,185.912093811114,77.9855644226074,185.60739907224018,-0.6161999874360041,32.2701717,-0.5248294333029766,7.152567431330679,1911.736488342288,975.077891349793,1125.25691986084,1127.390313148498,-64.8447933,-1.0,123.499298095703,161.685012817383,317.985534667969,50.8730010986328,100.0,35.6014877557754,-3.2633999255218002,-1.91488152674033,-1.75106285459216,-1.6212000516880565,0.0,0.0,1.0,7.0,0.0,0.0,0.0,26050904.0,1.0,-96.04637282571858,99.0020654720553,36.316624259948696,-14.55442726135254
2026-05-09 18:11:11+00:00,CAN,CAN,17.9500001010766,7.990000028819982,0.0,-1.4299999942587818,-11.17000001485872,-20.820000169557936,0.4796705250316555,-9.490921804589775,4.998028064310442,4.38180361625947,-2.534338916768885,4.109596245285546,4.366755855744288,-13.39608485311076,-38.76000053218016,-25.3548378453982,81.34670448303225,77.84295913696289,1.0,110.999999673762,0.0,0.0,0.0,186.568461329974,77.795768737793,187.212198463021,-0.6195999862357278,32.2699778,0.5353663954840254,7.116306573152544,1911.9997501373298,819.1786289215086,956.622517108917,1070.32163143158,-64.8448159,-1.0,124.147018432617,183.343856811523,328.727783203125,49.8730010986328,100.0,35.6171637773514,-3.5377999579740296,0.740341279610607,1.21062328274126,4.212399898426982,0.0,0.0,1.0,7.0,0.0,0.0,0.0,26050904.0,1.0,-97.26064522240131,98.70619192249416,35.9115909576416,-14.575765628814679
2026-05-09 18:11:12+00:00,CAN,CAN,17.940000021112777,7.8200002062276734,0.0,-1.939999995644218,-11.93000011569318,-21.210000214561603,0.48128605153334847,-9.49033696964209,4.997307479353006,3.78795072712728,-1.913362449980235,4.083315214151902,4.383984666416188,-13.973248473826839,-39.16000031563818,-25.78335537618835,80.5214458465576,78.14449951171876,1.0,110.999999673762,0.0,0.0,0.0,191.527192327782,78.0824089050293,190.84719781854477,0.3791999978096296,32.2697852,-0.30264735231796036,7.18882828950882,1912.1540784835802,983.9417815208441,1065.72208404541,1118.4930324554439,-64.8448523,-1.0,126.915565490723,204.942947387695,340.298217773438,48.8730010986328,100.0,35.6779009103775,-3.4155999336275924,-0.743150354989334,1.09220605194492,2.4679998933701697,0.0,0.0,1.0,7.0,0.0,0.0,0.0,26050904.0,1.0,-99.18899204020349,98.44675743215495,35.160532951354995,-15.95958137512206
2026-05-09 18:11:13+00:00,CAN,CAN,17.9500001010766,7.879999832236926,0.0,-1.57999999843291,-11.39000006651536,-21.14999939326924,0.48113917578576704,-9.496034628070355,4.997307479353006,3.7426570106652575,-2.2963504733716,4.078438202952418,4.379882625555406,-16.469585626780262,-39.1099999158191,-25.0400694312718,79.83642768859865,78.55066268920896,1.0,110.999999673762,0.0,0.0,0.0,194.464392236941,78.6436729431152,194.3175978112988,1.2430000015770457,32.2695937,-0.04498606713272381,7.206958718597892,1912.0723962783802,1039.906072616576,1191.963291168214,1160.805869102478,-64.8449023,-1.0,130.881469726562,230.718048095703,357.310333251953,47.8730010986328,100.0,35.6249988079071,-3.3843999283197506,-0.111211481273568,0.283861941534216,3.639599850783912,0.0,0.0,1.0,7.0,0.0,0.0,0.0,26050904.0,1.0,-100.87797078042918,98.24804673863176,34.5149574279785,-17.97419551849366
2026-05-09 18:11:14+00:00,CAN,CAN,17.90999978122132,7.950000221228903,0.0,-1.69000004560558,-11.399999975724437,-21.36000004798102,0.4801111255939745,-9.481716417135889,4.997307479353006,4.150660879368227,-0.7397098606383514,4.115014719731482,4.347612372293305,-16.310512570067438,-39.27999990916616,-25.66646522628005,79.4197540283203,78.6689126586914,1.0,110.999999673762,0.0,0.0,0.0,195.593804997337,78.7185791015625,194.982595957194,-0.13599999601164728,32.2694039,-0.49114823638112376,7.179763074964287,1912.1268033981319,989.2635464668274,1151.1107921600337,1127.5422573089602,-64.8449635,-1.0,137.118423461914,252.309417724609,373.417083740234,46.8730010986328,100.0,35.6249988079071,-3.5443999697690125,0.565052798855281,0.0159881121452511,-0.6882000130250834,0.0,0.0,1.0,7.0,0.0,0.0,0.0,26050904.0,1.0,-101.81445801752959,98.09785770897236,34.30808486938475,-19.193574600219723
2026-05-09 18:11:15+00:00,CAN,CAN,17.88999962129368,7.939999970510359,0.0,-1.5700000038464619,-11.370000077342459,-21.219999611506477,0.4806986019038745,-9.48405447626615,4.997667771831724,2.990635125734236,-1.18468857421504,4.1247685713757205,4.33557971340986,-16.456996905121024,-39.099999835855286,-25.434232818084098,79.22807693481445,78.43614807128904,1.0,110.999999673762,0.0,0.0,0.0,195.577166656519,78.4579490661621,195.2116040038376,-1.3089999274278088,32.269214,-0.35502360809342254,7.043777592480184,1912.1268272399898,1114.622640609742,1151.491451263428,1233.6843252182039,-64.8450249,-1.0,141.978469848633,274.086395263672,390.444061279297,45.8730010986328,100.0,35.636755824089,-2.8656000179293697,-0.377957108819971,-0.589247730133846,0.956999981380948,0.0,0.0,1.0,7.0,0.0,0.0,0.0,26050904.0,1.0,-101.74358797470119,97.9447453583482,34.32688007354735,-18.731262016296398
2026-05-09 18:11:16+00:00,CAN,CAN,17.929999941148957,7.909999901373643,0.0,-1.680000008330444,-11.399999975724437,-20.9900005044144,0.4806986019038745,-9.48156999495556,4.997307650107736,3.8415126437116975,-0.922008543400917,4.09659113821902,4.367576246840972,-14.210141290848219,-38.910000365599515,-25.0722285232052,79.25486297607421,78.38064788818357,1.0,110.999999673762,0.0,0.0,0.0,195.547236767576,78.5973930358886,195.73260263749881,-3.292599923374616,32.2690253,0.15286628105313418,7.342936936765909,1912.1086597442638,838.8081550598141,967.252016067506,1109.6521258354187,-64.8450877,-1.0,146.29948425293,291.246612548828,413.338531494141,44.9749984741211,100.0,35.6308788061142,-4.348200024694021,-0.808212655949612,-3.21113489110604,-0.3107999888412486,0.0,0.0,1.0,7.0,0.0,0.0,0.0,26050904.0,1.0,-100.92061574953101,97.8193533304705,34.178506278991705,-16.12513984680174
2026-05-09 18:11:17+00:00,CAN,CAN,17.990000079422362,8.800000017209339,0.0,-0.210000014381518,-9.109999934766691,-18.34000031683496,0.47937680021691853,-9.4913597904703,5.000550453170929,4.319973584930028,-1.426879878468555,4.135335130153822,4.330110268677242,-11.61614694691558,-36.330000225502616,-25.15490796310815,77.3875064849853,74.39596298217769,1.0,110.999999673762,0.0,0.0,0.0,193.575087946627,74.0398246765136,194.24259960213658,-3.47999990900962,32.2688393,0.2100462682358152,-0.3082315437495685,1912.317514419552,426.9149839878082,526.7825067043307,833.3709239959717,-64.8451459,-1.0,150.88151550293,313.191131591797,430.585693359375,43.9749984741211,100.0,35.6543898582458,-3.7693998906528443,2.51912680482679,1.71239822091778,-1.8818000124234782,0.0,0.0,1.0,7.0,0.0,0.0,0.0,26050904.0,1.0,-99.40125519507784,97.72475179537125,33.8020631790161,-10.92458856582642
2026-05-09 18:11:18+00:00,CAN,CAN,18.00000015938616,9.820000148046262,0.0,1.960000006161462,-6.309999913767828,-14.559999972590258,0.4871606812302205,-9.496911880491876,4.997307479353006,3.7383432766288878,-1.59709646351747,4.017206496194262,4.452900762877428,-15.14321633619402,-32.57000021194026,-26.0058248827394,75.3857872009277,72.22536804199214,1.0,110.999999673762,0.0,0.0,0.0,194.358196455725,72.1970123291016,194.319605886915,-2.017199980318604,32.2686622,-0.0012468283546234553,7.288545649498703,1912.217617034912,699.5796084403988,699.1656899452207,915.5360460281372,-64.8451976,-1.0,156.417739868164,333.914825439453,438.772369384766,42.9749984741211,100.0,35.6465518474579,-2.810999912591116,-0.345912742720327,-0.299750028760723,0.9327999808213588,0.0,0.0,1.0,7.0,0.0,0.0,0.0,26050904.0,1.0,-97.41206915026264,97.64790533701941,33.2724603652954,-5.838587350845336
2026-05-09 18:11:19+00:00,CAN,CAN,18.059999273131222,11.05000007982132,0.0,4.2500000898079024,-2.649999974136042,-9.389999783187314,0.48642635585316496,-9.491505785763815,4.997307479353006,3.1710916264363704,0.27055932103239594,3.957871020704436,4.507321917259434,-15.8901335511828,-27.470000070019825,-25.69010792609205,75.96463623046876,72.12378845214843,1.0,110.999999673762,0.0,0.0,0.0,193.148023538582,72.2003562927246,191.68539590141341,-1.400399992780524,32.2684867,-1.0911023413998175,7.315741293132307,1912.253952026366,905.437970161438,906.1530351638794,1020.1568245887731,-64.8452493,-1.0,161.302673339844,354.298309326172,455.330871582031,41.9749984741211,100.0,35.6465518474579,-2.9392000019913143,0.357820697290568,1.39497510436007,-6.095999927164938,0.0,0.0,1.0,7.0,0.0,0.0,0.0,26050904.0,1.0,-96.67581573887033,97.6269537317404,32.250712966918954,-4.27138197898865
2026-05-09 18:11:20+00:00,CAN,CAN,18.0499991931674,10.980000032338799,0.0,4.22999992988027,-2.6600000114111757,-9.610000005598696,0.485545154728528,-9.47441110293174,4.998028064310442,2.921975716319738,1.62283709862172,4.0342756511943145,4.586082963012965,-16.44822318562266,-27.6700003032583,-25.9884241220552,75.7265522003174,70.79688995361326,1.0,110.999999673762,0.0,0.0,0.0,185.18564855137,70.7884826660156,183.511397065033,-0.2750000085419196,32.2683102,-1.56182031870684,7.3248065076768425,1912.154102325438,920.9571003913879,975.4493713378906,1016.2671327590979,-64.8452837,-1.0,166.553588867188,374.467498779297,471.832336425781,40.9749984741211,100.0,35.6504708528519,-3.0886000167355396,-0.431124635340672,1.05537884587898,-9.607000186515226,0.0,0.0,1.0,7.0,0.0,0.0,0.0,26050904.0,1.0,-94.20545925948173,97.5920343896087,31.41492805480955,-3.7321478033065802
2026-05-09 18:11:21+00:00,CAN,CAN,18.039999796222496,10.500000121434379,0.0,3.390000043108926,-4.230000015257636,-11.75000004238235,0.4836359034120975,-9.470174251212216,3.710137188694189,2.95432784647452,2.127706486018225,4.344227842804838,4.936678024524916,-16.50696964267398,-29.800000260078104,-25.4808736186052,78.08770294189449,68.72502502441407,1.0,110.999999673762,0.0,0.0,0.0,174.895545095017,68.6058700561524,173.2210012765834,0.5323999963027212,32.2681356,-1.3219083339567272,176.5388315543532,1912.190413475036,924.3857979774473,1009.1009020805352,1012.1045351028442,-64.8452841,-1.0,173.015533447266,393.550659179688,486.959869384766,39.8730010986328,100.0,35.6426328420639,-3.1647998696163677,-1.23021055773356,0.742433772095864,-10.475799736676652,0.0,0.0,1.0,7.0,0.0,0.0,0.0,26050904.0,1.0,-85.0141187726441,97.55615882099326,31.771472167968753,3.245332918167114
2026-05-09 18:11:22+00:00,CAN,CAN,18.10999967295032,10.2899999789868,0.0,2.929999993311404,-4.730000000712282,-12.319999989942138,0.498910901119317,-9.487707346811636,0.9866115621642806,4.546802203586762,0.00787923685741801,4.3482918053609945,5.012430457326422,-14.64883085161452,-30.4299994921377,-22.980774226702152,80.48055953979494,66.00517410278319,1.0,110.999999673762,0.0,0.0,0.0,165.269213082585,65.9645370483398,165.3408043933892,0.40640000154763134,32.2679701,-0.30414571439496163,905.1854133605966,1912.417364120482,718.0003046989441,792.1617984771731,899.7133255004886,-64.8452483,-1.0,183.974151611328,411.793273925781,499.964691162109,38.8730010986328,100.0,35.6230407953262,-3.692400009176798,0.51207966592166,0.391237077639738,-4.922599980117146,0.0,0.0,1.0,7.0,0.0,0.0,0.0,26050904.0,1.0,-75.43076094443141,97.50720344011715,31.953948211669953,14.902646484374989
2026-05-09 18:11:23+00:00,CAN,CAN,18.11999975291414,10.26000008060482,0.0,2.9299999933114043,-4.650000044020675,-12.139999916631279,0.5181503433920529,-9.485515282974884,0.12285280333460113,4.11543255655396,0.38351060123146014,4.2889567567579885,5.0772440860400625,-12.46873196949684,-30.24999941882688,-23.152889017371002,79.93921852111815,63.18940567016599,1.0,110.999999673762,0.0,0.0,0.0,160.252753325912,63.2197128295898,159.817995392787,0.10879999494168793,32.2678148,-0.6269686877970277,1547.411894798276,1912.2176408767677,790.4520273208618,893.3194875717161,923.4145879745483,-64.845194,-1.0,175.066619873047,428.527587890625,510.210052490234,37.9749984741211,100.0,35.5818957090378,-2.9357999338224814,-0.336617362188042,-0.43370372544344,-6.604199896227644,0.0,0.0,1.0,7.0,0.0,0.0,0.0,26050904.0,1.0,-71.56204344381212,97.2972092740851,31.92933197021485,21.55912021636964
2026-05-09 18:11:24+00:00,CAN,CAN,18.23999968795154,11.340000008205738,0.0,4.739999995298732,-1.800000007400881,-7.779999843683744,0.5867376356138665,-9.486538103803095,1.8579381969412523,5.162582945473774,-1.413745864921657,4.392996759516559,4.979339898345006,-10.384381411240074,-26.010000006624324,-22.360182384941147,78.26810531616209,60.04612380981446,1.0,110.999999673762,0.0,0.0,0.0,154.174950474111,59.8732772827148,154.36039557422862,-1.0095999405259626,32.2676727,-0.36678432272826134,1874.0912914276118,1912.4082803726178,829.796838760376,992.613804340364,973.3669281005857,-64.8451239,-1.0,155.738891601562,443.830078125,519.452941894531,36.8730010986328,100.0,35.5172425508499,-3.72140001055298,-1.5540489294692,-1.23754361958122,-4.631799852382752,0.0,0.0,1.0,7.0,0.0,0.0,0.0,26050904.0,1.0,-67.55884908070013,97.03766550071924,31.88191051483155,23.88209175109862
2026-05-09 18:11:25+00:00,CAN,CAN,17.54999997610906,12.380000128215581,0.0,7.3900000975008195,2.140000036783628,-3.1700000341409558,0.9240927382735495,-9.48463888432701,3.1858278022593547,3.49641635405711,3.937572573609145,5.158123941851498,4.209507910955034,-9.447873000553205,-20.71000031448434,-21.599658750106798,79.27809562683105,56.63220474243165,1.0,110.999999673762,0.0,0.0,0.0,145.362613086204,56.6962783813476,142.5028019524174,-0.1849999999009436,32.267544,-2.807010591195982,1895.059442520144,1912.399220466612,884.2523217201245,948.0147957801819,1013.4389162063584,-64.8450414,-1.0,141.849548339844,457.606384277344,526.979125976562,35.9749984741211,100.0,35.5113625526428,-2.3402000530553275,2.83425529798849,0.872101071507148,-21.350198214257862,0.0,0.0,1.0,7.0,0.0,0.0,0.0,26050904.0,1.0,-56.17392845511582,96.72661527082225,31.7999422073364,29.55437999725342
2026-05-09 18:11:26+00:00,CAN,CAN,-1.9499999902306642,-1.47000006865412,0.0,0.08999996195022701,0.3499999972887708,0.259999997985945,0.8688707388752754,-9.4488422897738,2.130723017720824,0.16911611350757966,11.5279749250141,5.255390616764897,4.107501682399198,1.549136209186962,2.2100001269548257,-15.21904159588755,81.2297790527344,50.91411827087404,1.0,110.999999673762,0.0,0.0,0.0,118.625905882081,50.8424709320068,114.09999987386361,0.9843999895997115,32.2674514,-4.951308033594993,1894.0531730651837,1912.45367527008,1290.490961074828,1220.775151252746,1231.2378406524638,-64.8449288,-1.0,128.29362487793,469.989654541016,533.459838867188,34.8730010986328,100.0,35.2625399827957,-0.8577999360456104,0.296158496515634,1.06708952537608,-32.704598651800175,0.0,0.0,1.0,7.0,0.0,0.0,0.0,26050904.0,1.0,-23.21843424472207,96.41343743699885,31.6626079559326,40.96856895446776
2026-05-09 18:11:27+00:00,CAN,CAN,-18.420000444281317,-12.369999877497019,0.0,-6.92000009580553,-1.820000017918122,3.329999990212854,0.8650522362424156,-9.4527871509063,2.80241547471015,-0.054836758052787406,13.270595238905301,5.44965280808165,3.917436386195326,12.328707798114959,21.74000001302088,-2.6802203915786897,78.40081672668455,45.58900520324706,1.0,110.999999673762,0.0,0.0,0.0,85.4421557996261,45.4458560943603,82.20100017806115,1.653599982494852,32.2674245,-3.9574431093529334,1892.5120830535882,1912.526297569276,1349.3736982345602,1275.929999351502,1190.3207778930682,-64.8447936,-1.0,124.940567016602,476.456726074219,528.608337402344,33.8730010986328,100.0,39.237853884697,-0.11719999987252819,0.650635282598952,-0.272242482415128,-29.590398488413882,0.0,0.0,1.0,7.0,0.0,0.0,0.0,26050904.0,1.0,2.958838279286816,96.1097399057434,31.64820556640625,44.640300750732436
2026-05-09 18:11:28+00:00,CAN,CAN,-18.23000029100664,-10.770000231400681,0.0,-4.189999940862297,3.170000119518318,10.31000013891445,0.874011043195092,-9.462284102060385,5.256399094195852,0.014182274161723596,13.246427468300851,5.645540413666135,3.7213549739931424,16.79724482768196,28.5500005098849,7.52494405955542,72.55766601562499,42.207059783935556,1.0,110.999999673762,0.0,0.0,0.0,56.8671919728532,42.0555095672607,54.73399890259641,-0.7222000303707876,32.2674577,-2.8523727589600902,1892.6117897033698,1913.0347013473522,1474.6771335601802,1279.1256666183458,1325.697135925292,-64.8446728,-1.0,124.022598266602,471.099273681641,520.131286621094,32.8730010986328,100.0,39.29663002491,0.11499999777514669,-0.234227330361703,-4.80344707391418,-23.970199869493165,0.0,0.0,1.0,7.0,0.0,0.0,0.0,26050904.0,1.0,31.11639662070248,95.81526312986745,31.7408632278442,38.10758628845216
2026-05-09 18:11:29+00:00,CAN,CAN,-18.1499999928056,-7.0500001108067565,0.0,3.3200000383150865,13.879999828447401,24.34999970999034,0.8817949242083944,-9.448550726073606,7.258863624399067,0.2974486232003143,8.123642156818754,5.8108124646923205,3.556722954380869,17.53538917694602,42.4800002258872,20.518272464859102,65.75773315429686,41.18193374633788,1.0,110.999999673762,0.0,0.0,0.0,37.7794701862547,41.0725799560547,36.906600014102665,-0.5384000106636735,32.2675276,-1.650972920985336,1892.6752328872703,1863.5374069213879,1529.231548309324,1390.645098686216,1443.43683719635,-64.8445832,-1.0,130.613479614258,463.045837402344,510.502532958984,31.8729991912842,100.0,39.4631654024124,-1.1996000190954328,-1.43141469719062,1.17227411842916,-13.70559948572758,0.0,0.0,1.0,7.0,0.0,0.0,0.0,26050904.0,1.0,53.61173598422293,95.52973048670965,31.8907785415649,28.0686768722534
2026-05-09 18:11:30+00:00,CAN,CAN,-18.230000632516102,-8.859999984728045,0.0,0.030000005103694403,8.890000053864764,17.58999995445486,0.8760671702591035,-9.447820322719235,7.751822965479905,2.93779221462601,4.522825336769619,5.92108407591752,3.438034927928284,17.632663706576956,35.8300003254253,26.13073452850695,64.2260673522949,42.81140121459962,1.0,110.999999673762,0.0,0.0,0.0,27.7381136817373,42.8533573150635,27.627199264333882,-0.2782000001928382,32.2676156,-0.4053961585067524,1892.584633827208,1417.880463600158,1163.2492423057563,1283.094096183776,1264.515471458434,-64.8445165,-1.0,137.951599121094,453.322662353516,504.690093994141,30.8729991912842,100.0,39.5082294940948,-3.8633999849070064,-2.39648990450557,-0.264727886945939,-5.246399782628318,0.0,0.0,1.0,7.0,0.0,0.0,0.0,26050904.0,1.0,64.28224750941845,95.26044344849274,32.967073059082054,20.537274627685584
2026-05-09 18:11:31+00:00,CAN,CAN,-18.2400007124799,-7.7400002495360685,0.0,1.8400000177631974,11.920000377238825,22.109999898096923,0.8825292762658761,-9.449719115308495,7.752543379682612,4.290856232366169,4.303222588679255,5.764211364645794,3.3797845560541604,18.34296035006654,40.35000026906742,30.832503564454953,64.8083084106445,45.6908491516113,1.0,110.999999673762,0.0,0.0,0.0,22.1199501176798,45.7161026000976,22.61559987027472,-0.9962000058367272,32.2677163,0.684738347755717,1892.657136917116,1030.0551295280457,664.4287168979643,928.2472729682928,942.8287506103518,-64.8444617,0.0,147.739135742188,442.169128417969,487.162689208984,29.8729991912842,100.0,39.557209610939,-5.050599859597302,-0.00244852714310786,-0.181716742641153,-5.803799994848829,0.0,0.0,1.0,7.0,0.0,0.0,0.0,26050904.0,1.0,74.30943786008777,95.1755168763528,34.4172821044922,14.4643881225586
2026-05-09 18:11:32+00:00,CAN,CAN,-18.289999746261138,-9.149999913112485,0.0,-0.480000001617831,8.219999904308356,16.41999981944382,0.8988313369891106,-9.447382336838704,6.933107314200147,4.401574794095181,-0.43762676198711153,4.914551370576566,2.7516127837956903,18.57832730282734,34.70999956570496,32.9506767072174,64.7290557861328,48.75652084350586,1.0,110.999999673762,0.0,0.0,0.0,16.2144814763749,48.9958923339844,19.247999688680938,0.13200000778202026,32.267828,2.1104835663844903,1892.484879493712,622.6014614105227,387.8628373146058,671.9205260276794,624.0431547164916,-64.8444161,0.0,162.182647705078,430.082275390625,474.47314453125,28.8729991912842,100.0,39.635580778122,-4.287400028580096,1.28874197054769,0.572948444174963,0.4830000608251369,0.0,0.0,1.0,7.0,0.0,0.0,0.0,26050904.0,1.0,80.98002463372697,95.207444595628,34.34908618927,9.386072959899908
2026-05-09 18:11:33+00:00,CAN,CAN,-18.25000045093426,-7.470000139569794,0.0,2.3600000350794277,12.84000004994704,23.380000149727238,0.965950485384915,-9.446943497184531,3.5072597062513298,5.001179086706662,-2.35519127241079,4.702407402503266,2.816152479234924,17.08449150681194,41.6000000192606,35.074237161687705,62.730879592895505,50.91428649902345,1.0,110.999999673762,0.0,0.0,0.0,18.8879165552608,51.0892890930176,21.676999714154523,0.012200003854197297,32.2679476,2.684400478022904,1892.4667596816998,259.3703895807267,660.7532143592832,706.6327452659608,691.57555103302,-64.8443712,0.0,172.689865112305,416.412994384766,466.793518066406,27.8729991912842,100.0,39.619904756546,-1.8917999269686496,1.92484122321068,-0.660710238511544,3.5945999391778996,0.0,0.0,1.0,7.0,0.0,0.0,0.0,26050904.0,1.0,91.10559839523897,95.4503910093108,33.81829376220705,1.3298349809646601
2026-05-09 18:11:34+00:00,CAN,CAN,-18.27000026935244,-9.409999943114945,0.0,-1.0499999972024014,7.130000067498368,15.130000090904801,0.9828405293461511,-9.44913513413446,2.2723406082030317,3.3396853692106596,-3.7883729608840353,4.607579190500924,2.903391283852326,16.00073548743174,33.4100000987116,33.965028100856,61.1451919555664,51.542276000976564,1.0,110.999999673762,0.0,0.0,0.0,24.3288537858294,51.5564964294434,27.208199943661622,-0.6388000011747793,32.2680673,2.956808400426336,1892.4939632415758,5.093191750347614,797.8309154510498,744.5352911949158,775.3382682800295,-64.844316,0.0,188.652160644531,402.269104003906,453.313537597656,26.8729991912842,100.0,39.6453768014908,-1.432599991143712,-0.936685952916614,-1.87694494854279,6.0481996593435685,0.0,0.0,1.0,7.0,0.0,0.0,0.0,26050904.0,1.0,89.51070277875462,96.02054788046681,31.4447130203247,-0.15492171049117998
2026-05-09 18:11:35+00:00,CAN,CAN,-18.25000010942482,-9.270000189659362,0.0,-0.8299999562179181,7.509999904472188,15.589999841881555,0.9671249577570395,-2.92977805485206,3.3433007590930783,2.992073222063982,-0.8137836623935365,4.525485268564518,2.9873482679508943,17.316807072561083,33.830000042097275,31.004528708890902,61.0537788391113,50.807653198242164,1.0,110.999999673762,0.0,0.0,0.0,29.9762556821765,50.6713829040527,30.6665999770626,-0.43859998340230205,32.2681815,1.025211575845814,1892.3489093780522,5.474499985575676,994.4337129592905,892.3479437828064,891.765916347504,-64.8442466,0.0,202.657409667969,388.196166992188,433.595642089844,25.8729991912842,100.0,39.6140277385712,-0.48459998994952996,0.917020877800794,2.49183422267707,2.478399984963552,0.0,0.0,1.0,7.0,0.0,0.0,0.0,26050904.0,1.0,86.7278173335138,96.6565409450325,30.207393264770502,2.5958283233642576
2026-05-09 18:11:36+00:00,CAN,CAN,-18.27000026935242,-8.95000002138348,0.0,-0.519999995971889,8.37999990306894,17.450000030244517,0.05301904994753298,0.9602703826772555,2.028023268832136,2.9884784935038065,0.34831237360471645,4.566125833277106,2.948788093482132,16.8876536511592,35.710000048878456,30.49209888905255,62.1161224365234,50.580443572998036,1.0,110.999999673762,0.0,0.0,0.0,31.684359635097,50.4620727539062,32.563600324687926,-0.38059999182236903,32.2682908,0.9188302482727844,1892.3942327499378,5.4654212668538085,1273.9814519882198,1122.6104259490962,1138.028573989868,-64.8441702,0.0,213.786056518555,374.852569580078,419.708648681641,24.8729991912842,100.0,39.5728826522827,-1.1357999904546237,-1.81650994066264,0.352497071760646,0.7065999636838447,0.0,0.0,1.0,7.0,0.0,0.0,0.0,26050904.0,1.0,83.8129302863355,97.28365134858265,30.627599716186552,4.812767543792722
2026-05-09 18:11:37+00:00,CAN,CAN,-18.28000034931624,-10.230000011468098,0.0,-2.740000010791468,4.860000015713508,12.4300001865252,-0.5920262297438665,0.9617314028294035,4.654614391757886,4.978532228475654,1.7441940855255051,4.595115973567672,2.914603423573042,15.34460736670228,30.709999682067803,28.8536218845311,63.846791839599604,50.99267807006836,1.0,110.999999673762,0.0,0.0,0.0,33.0235923917019,50.9911811828613,32.8767986490789,0.305599989735304,32.2683981,-0.03993877586545226,1892.5302028656,5.64699312672019,938.8969659805298,1023.669207096101,1000.6978988647464,-64.8440896,0.0,225.420791625977,361.749877929688,405.56298828125,23.8729991912842,100.0,39.6101087331772,-2.9502000216496223,-1.25968623909675,0.122485982489037,-0.9389999929929653,0.0,0.0,1.0,7.0,0.0,0.0,0.0,26050904.0,1.0,79.866201097092,97.8469677852849,31.10248718261715,8.892440414428721
2026-05-09 18:11:38+00:00,CAN,CAN,-18.30999956467932,-11.30000002985994,0.0,-4.879999919509049,1.6400000086403002,8.040000172506963,-0.60979747482974,0.9615855142576005,5.583957122920454,5.000100343704624,2.645711874653405,4.572628258744319,2.9310118858369423,14.337145755634179,26.350000334827836,28.0124815269231,64.9697216033936,51.12090499877926,1.0,110.999999673762,0.0,0.0,0.0,30.7801416267303,51.1747867584228,30.418800030955662,0.8738000063579948,32.2685066,-0.2442271595295106,1892.602729797364,5.59252165257931,810.0141286849978,904.3233871459959,832.128655910492,-64.8440095,0.0,238.641418457031,348.795593261719,403.202819824219,22.8729991912842,100.0,39.6101087331772,-2.1875999666189037,2.70566610124901,0.604519552870319,-3.2121998883523744,0.0,0.0,1.0,7.0,0.0,0.0,0.0,26050904.0,1.0,78.47235073278917,98.2774609482924,31.4807773590088,11.243856582641602
2026-05-09 18:11:39+00:00,CAN,CAN,-18.30999956467932,-11.280000040687039,0.0,-4.919999897854853,1.6700000350883344,8.36999999385985,-0.592173585739124,0.9608550041815265,3.294653718569356,4.996146176439378,0.2784405055609455,4.5739829413888256,2.9334734006364456,14.90133970089002,26.700000401485717,28.681904098607852,65.3625617980957,51.21940086364746,1.0,110.999999673762,0.0,0.0,0.0,28.0122245410556,51.336213684082,29.60299984592312,0.07360000102902522,32.2686187,1.117151925170137,1892.4486398696881,5.4744998924434185,1120.577836036684,1123.3623027801518,1107.9798340797422,-64.843936,0.0,250.042190551758,332.876708984375,374.029205322266,21.8729991912842,100.0,39.5807206630707,-1.4805999566209378,0.265635821857875,-0.211108567424025,1.8645999472430332,0.0,0.0,1.0,7.0,0.0,0.0,0.0,26050904.0,1.0,78.6240642606713,98.5906217066429,31.1422113418579,10.96366830825804
2026-05-09 18:11:40+00:00,CAN,CAN,-18.26000053089806,-11.150000196440521,0.0,-4.749999989885184,2.229999929364749,8.910000043037666,-0.5998105910048446,0.9601244941054525,4.15264679955809,4.99578648160221,3.6633338616873745,4.55745559114469,2.9485145017171916,17.424762652016078,27.159999981707777,28.226064957364002,64.6138847351074,50.881631011962895,1.0,110.999999673762,0.0,0.0,0.0,29.652627658923,50.8492961883545,28.9907997453311,-1.4890000007386566,32.2687304,-0.37642738390168357,1892.403268814084,5.456342827528714,1292.790007591246,1254.520654678346,1316.81854724884,-64.843862,0.0,263.620422363281,319.230773925781,365.89892578125,20.8729991912842,100.0,39.6179467439652,-1.7249999839694738,-0.754246797708813,-0.634719501089794,-3.9295999072343974,0.0,0.0,1.0,7.0,0.0,0.0,0.0,26050904.0,1.0,79.11184495232342,98.90180512522869,31.0405637741089,10.075218372344974
2026-05-09 18:11:41+00:00,CAN,CAN,-18.2900000877706,-11.220000073168318,0.0,-4.6200000602613205,1.8300000231767464,8.189999920549003,-0.602307318631175,0.9601244941054525,4.837672212694104,4.9957866523569425,4.667823849546645,4.5780471600770785,2.933199979626236,16.63931651067398,26.469999928355797,28.7991810079779,65.17728424072266,51.11208435058594,1.0,110.999999673762,0.0,0.0,0.0,24.9985862773478,50.9977970123291,23.9555999986328,-0.43080001726015427,32.2688436,-1.0304876088310428,1892.4576997756958,5.53804999217391,1286.112356185916,1266.891956329348,1322.104907035828,-64.8437925,0.0,267.411285400391,308.676330566406,354.560333251953,19.8729991912842,100.0,39.6003127098084,-2.60440000906711,-1.33458758763899,1.97822363388597,-5.888799906144984,0.0,0.0,1.0,7.0,0.0,0.0,0.0,26050904.0,1.0,78.75935118359959,99.15765718134826,32.9145257949829,10.024121646881099
2026-05-09 18:11:42+00:00,CAN,CAN,-18.24000037097048,-11.070000068994199,0.0,-4.78999996823099,2.3200000567336234,9.619999914807792,-0.6190500332775806,0.959832183353317,5.643775322029876,4.996146176439378,4.48447233047612,4.5569137863887805,2.8640107182868735,17.1588780725342,27.8599994320046,30.368218040528753,66.82423439025875,52.55554847717284,1.0,110.999999673762,0.0,0.0,0.0,17.9970276610594,52.5776138305664,17.46959977033208,-0.5254000022266396,32.2689641,-0.7004442663665411,1892.539286613464,5.45634273439646,992.8266048431393,1127.417278289796,1167.1761989593501,-64.843736,0.0,264.999145507812,295.219085693359,340.672882080078,18.9750003814697,100.0,39.5728826522827,-3.526599984527772,-0.337394723092954,-0.982718653158149,-6.908200004863322,0.0,0.0,1.0,7.0,0.0,0.0,0.0,26050904.0,1.0,82.7327618238168,99.31102907916085,34.8753261566162,7.354009866714494
2026-05-09 18:11:43+00:00,CAN,CAN,-18.26000053089806,-11.009999930720756,0.0,-4.230000015257636,2.54999996423851,9.050000138002705,-0.602601070126338,0.9604168048575881,4.985775729467816,4.996505700521814,2.3798809121565103,4.106073916730572,2.467198754869206,16.903674884385843,27.319999895090962,31.4988738953543,65.7952445983887,55.144419021606424,1.0,110.999999673762,0.0,0.0,0.0,9.6138319124778,55.1168117523193,11.018000131295604,0.2733999993762472,32.2690943,0.668472650452696,1892.4667596816998,5.556207243353128,874.8146176338196,1033.687543869018,1008.6258053779591,-64.8436969,0.0,261.039001464844,281.190246582031,326.939392089844,17.9750003814697,100.0,39.6767228841782,-3.3528000154360016,0.301499891209569,0.586941100545939,-4.379000015704254,0.0,0.0,1.0,7.0,0.0,0.0,0.0,26050904.0,1.0,87.39136338119135,99.45129042886165,34.4680046081543,2.6253998708724975
2026-05-09 18:11:44+00:00,CAN,CAN,-18.2500007924437,-10.180000123913212,0.0,-2.889999993621258,4.980000036128288,12.770000002464501,-0.5243201119662639,0.9599786055336494,3.2384392553320813,4.995786566979576,0.18912888027021216,3.981171698793748,2.5722127852921064,18.52148817610176,31.0100000319255,31.708311400969002,68.4364025115967,58.05126686096189,1.0,110.999999673762,0.0,0.0,0.0,6.49759695036039,58.0727760314941,8.456000100982585,0.1532000011611342,32.2692349,1.94086132518724,1892.4577236175542,5.59252155944705,975.6037116050715,1024.6527433395406,1017.1246767044062,-64.8436733,0.0,255.790542602539,266.005645751953,313.542358398438,16.9750003814697,100.0,39.7061139345169,-1.7221999692635699,2.42910042925438,0.480028469632846,-1.953399951677796,0.0,0.0,1.0,7.0,0.0,0.0,0.0,26050904.0,1.0,89.15678969672126,99.4410383149175,34.14450016021725,-1.2725346815586096
2026-05-09 18:11:45+00:00,CAN,CAN,-18.230000632516102,-9.749999929809029,0.0,-1.8699999801782088,6.11000002203881,14.03000017413098,-0.461019999811848,0.9593939840293785,1.0521953587398603,4.996146176439378,-1.316029536777245,3.905580373079288,2.6383937751888977,19.474018161524743,32.26000046513766,31.711446457798047,70.36159858703616,60.994747924804685,1.0,110.999999673762,0.0,0.0,0.0,4.76126126427924,60.9931823730469,7.460800045512518,-0.14280000161522252,32.2693834,2.841112679849136,1892.24014282227,5.420028325170277,1191.825437545774,1158.0934762954719,1124.647617340088,-64.8436573,0.0,249.81575012207,249.756561279297,293.405883789062,15.8730001449585,100.0,39.7276639938354,-1.7698000058205519,-1.34019175785299,-0.524117820972955,-0.46499999039484347,0.0,0.0,1.0,7.0,0.0,0.0,0.0,26050904.0,1.0,90.65708446112522,99.38696712235304,34.00481071472165,-3.918536438941954
2026-05-09 18:11:46+00:00,CAN,CAN,-18.26000053089806,-9.289999837322805,0.0,-1.1099999967376182,7.46000005960598,16.00999995602194,-0.4325275455240225,0.959101673277243,2.211801824136176,4.996146176439378,-0.6246547904609575,3.77038241336495,2.664374107244336,20.498264450213945,34.2800002253744,30.04764481938145,72.4049457550049,64.25910598754882,1.0,110.999999673762,0.0,0.0,0.0,5.19992546796826,64.4087287902832,6.761799851891247,-0.48579999548976327,32.26954,1.760446766115478,1892.2129392623901,5.392792634665967,941.8899178504942,1029.3649435043342,1005.1757216453534,-64.8436415,0.0,245.603607177734,232.769805908203,279.846405029297,14.9750003814697,100.0,39.8158311843872,-2.48980002158751,-0.0388058798519861,0.1526561553526,-0.9386000053757826,0.0,0.0,1.0,7.0,0.0,0.0,0.0,26050904.0,1.0,91.63218822175509,99.34723932704566,33.88555240631101,-5.719793901443481
2026-05-09 18:11:47+00:00,CAN,CAN,-18.2999994847155,-9.309999826495707,0.0,-0.989999997667182,7.360000113741468,15.979999716130521,-0.531957170592837,0.958225274629366,2.066220290680468,4.995786566979576,-0.493314715022933,3.6341007587614262,2.659451461843462,20.55052564264828,34.279999542355476,28.7460771409547,73.82779884338376,66.8862432861328,1.0,110.999999673762,0.0,0.0,0.0,3.43593519971138,66.9727729797363,5.534199792458464,0.06200000165415931,32.2697041,1.440110979419242,1892.14038848877,5.338321067392824,874.7490882873535,886.7938041687012,886.9880557060239,-64.8436254,0.0,241.607376098633,214.744705200195,265.912200927734,13.9750003814697,100.0,32.5724929571152,-2.1963998115908216,-0.149347889195081,1.07575820937159,-0.4347999814773978,0.0,0.0,1.0,7.0,0.0,0.0,0.0,26050904.0,1.0,92.98545223597188,99.31839543818074,33.7529079437256,-7.751284761428832
2026-05-09 18:11:48+00:00,CAN,CAN,-18.28999974626116,-9.309999826495705,0.0,-1.0299999973573277,7.309999970054489,15.98999979609432,-1.66386935333887,0.9563260017924264,2.2633319728859265,4.995786566979576,-0.7696552242286836,3.652795242651846,2.7838825247936017,19.297015858240616,34.27999954235548,28.008283521904502,74.675129699707,68.36983703613282,1.0,110.999999673762,0.0,0.0,0.0,5.53442843304093,68.3815292358398,6.4247998550353795,0.18799999107316362,32.2698734,1.096499658267582,1892.0769691467299,5.410949699580668,780.4816722869872,867.8997039794924,767.2938227653502,-64.8436099,0.0,238.871719360352,196.034820556641,260.3759765625,12.9750003814697,100.0,31.7594051361084,-2.837200005983096,-0.973456276313377,0.264360257349949,1.212399951014553,0.0,0.0,1.0,7.0,0.0,0.0,0.0,26050904.0,1.0,93.84039111249585,99.30185272001094,33.63012027740475,-9.008787689208981
2026-05-09 18:11:49+00:00,CAN,CAN,-18.210000472588483,-9.29999974653189,0.0,-1.0500000078745697,7.220000274908517,15.950000159257959,-2.5935435301030854,0.9569106232966975,2.1642357037372904,4.9954270428971395,-2.281114562489125,4.008807412571899,3.213785260636098,18.7927132804957,34.15999994882754,27.873457295235703,75.2584934234619,69.35468994140624,1.0,110.999999673762,0.0,0.0,0.0,6.11446047707628,69.7199867248535,8.931999484712723,0.10279999925703431,32.2700453,2.1207795216054137,1891.9953584671002,5.519892927259206,680.7103276252747,753.7976384162903,747.1938371658326,-64.8435891,0.0,237.79704284668,177.08869934082,247.111419677734,11.8730001449585,100.0,31.7907512187958,-2.591799974907046,0.519779743715498,1.01673075406899,6.276999780087725,0.0,0.0,1.0,7.0,0.0,0.0,0.0,26050904.0,1.0,94.80651044229154,99.34580840241455,33.4659656524658,-9.985220775604265
2026-05-09 18:11:50+00:00,CAN,CAN,-18.25000045093426,-10.359999855714632,0.0,-2.9800000089323397,4.350000078361096,11.679999994899788,-2.50072339371672,0.9564719437250825,1.9840606708619841,4.99578648160221,-4.396739831247775,3.9589548009709903,3.2824276372663506,17.464053998235478,29.950000093497522,28.107427986575452,74.4615898132324,67.80899597167969,1.0,110.999999673762,0.0,0.0,0.0,18.1358700389601,67.8937294006348,19.791399976782298,0.21479999918985399,32.2702139,2.0540487655134596,1892.0135021209717,5.6016001850366575,669.6080923080447,722.7178931236265,684.3783736228945,-64.8435485,0.0,237.339141845703,157.542831420898,233.673065185547,10.9750003814697,100.0,31.7594051361084,-2.172199981785962,1.07708219885352,0.191901341766222,13.302999790761982,0.0,0.0,1.0,7.0,0.0,0.0,0.0,26050904.0,1.0,94.14448752679886,99.43135652176895,32.88241996765135,-7.8607176876068126
2026-05-09 18:11:51+00:00,CAN,CAN,-18.29999982622496,-11.80000027144666,0.0,-5.830000002863448,0.059999983526961564,6.17000007493488,-2.508800519297085,0.956618312544562,1.864784629154888,4.995426957519774,-4.72719206725581,3.959225959481036,3.2900849196561692,16.69119657855266,24.469999986537196,27.65847452978865,74.84513969421386,64.51487045288087,1.0,110.999999673762,0.0,0.0,0.0,32.2655779976139,64.4420722961426,33.37899991912566,-0.3077999869968587,32.2703649,1.8481485508368998,1891.9500350952142,5.583443026989698,803.0014038085935,735.1329565048215,765.2506470680238,-64.8434681,0.0,239.264678955078,138.529174804688,219.087600708008,9.8730001449585,100.0,31.6967070102692,-1.1378000085818227,0.905690981349919,-0.109892167536378,12.496399358277284,0.0,0.0,1.0,7.0,0.0,0.0,0.0,26050904.0,1.0,85.07032713139978,99.5202070375871,32.53511123657225,1.494897994995116
2026-05-09 18:11:52+00:00,CAN,CAN,-18.300000167734417,-13.250000254878339,0.0,-8.610000034689403,-4.130000026704444,0.39999997555711164,-2.5358248030784747,0.9560336910402909,1.3076836752695542,4.995067518814704,-3.1931400106857,4.007182083681534,3.24140616144149,16.35664708281628,18.69000021273812,24.9533635948531,78.62517127990725,61.23798522949215,1.0,110.999999673762,0.0,0.0,0.0,41.4163785796518,61.2209907531738,43.14299917541228,0.1641999916377231,32.2704911,1.8297780953895741,1892.02253818512,5.401871167123318,1047.136783599854,927.6551365852353,902.8051495552065,-64.8433577,0.0,244.444000244141,121.965858459473,213.857376098633,8.8730001449585,100.0,31.7202180624008,-0.9841999717787366,-1.39220322149581,-0.516770351695019,7.035799720635478,0.0,0.0,1.0,7.0,0.0,0.0,0.0,26050904.0,1.0,70.28998218259979,99.60627083622384,32.406081962585404,17.49576719284056
2026-05-09 18:11:53+00:00,CAN,CAN,-18.2999994847155,-13.560000001680981,0.0,-9.349999804841511,-5.049999998233446,-0.6200000165415938,-2.5649041200263953,0.9563260017924264,1.769291882434986,4.995067518814704,-0.4822826455023625,4.08033494648493,3.1746781160808624,16.9223670630874,17.6900000710741,22.65484699101925,79.57846183776854,59.13561950683594,1.0,110.999999673762,0.0,0.0,0.0,46.4208172033851,59.1601890563965,47.48480016662762,-0.30059999511012137,32.2705992,1.1798347963309102,1892.0407056808479,5.410949792712929,1087.0209932327257,1029.8187494277965,1024.69983100891,-64.8432338,0.0,255.83723449707,107.679908752441,177.931137084961,7.8730001449585,83.8328003883362,31.6849529743195,-1.122800027374316,0.227546684981917,0.0399169128401305,2.9347999087506276,0.0,0.0,1.0,7.0,0.0,0.0,0.0,26050904.0,1.0,64.06278670119679,99.82853543709979,32.6219341278076,28.42067333221438
2026-05-09 18:11:54+00:00,CAN,CAN,-18.31999964464314,-14.15999984762276,0.0,-10.389999924851356,-6.839999882981831,-3.2300000123318346,-2.568575880313805,0.9558873222208115,2.017573015368992,4.9947079093549025,0.9771671300956349,4.24262630295732,3.2083157732148004,16.8132667439275,15.100000021768079,22.049484763560102,79.0488899230957,57.21019203186036,1.0,110.999999673762,0.0,0.0,0.0,48.6993614803122,57.0469928741455,48.97379916418224,-0.6051999891220392,32.270698,0.7674908760189268,1892.1766519546502,5.392792541533709,1111.8673324584981,1047.4834680557258,1075.2099037170422,-64.8431074,0.0,265.110992431641,94.5310821533203,162.048400878906,6.8730001449585,68.2184100151062,31.7065060138702,-1.8465998694756223,-1.75100127616793,-1.60521526392394,-0.1389999391590995,0.0,0.0,1.0,7.0,0.0,0.0,0.0,26050904.0,1.0,60.54920078835884,100.181331783204,32.77575645446775,33.07955314636232
2026-05-09 18:11:55+00:00,CAN,CAN,-18.26000053089808,-13.1099999891586,0.0,-8.860000155482783,-4.459999976123373,0.259999944625092,-2.579297996650255,0.9561796329729471,3.239880425246958,4.99470808010963,2.0525817689457897,4.47048482876353,3.3376692681224034,17.41980393467864,18.519999877881638,21.0304043176949,78.82602539062495,55.82189781188964,1.0,110.999999673762,0.0,0.0,0.0,47.5360026797406,55.7025512695312,47.17600048406219,-0.7429999947780568,32.2707932,0.11272715361124697,1892.3851728439338,5.519892834126948,940.6889438629148,978.5262227058408,979.5549154281609,-64.8429833,0.0,276.225372314453,82.0439910888672,156.993362426758,5.8730001449585,59.7497820854187,31.6908299922943,-2.25160003442503,-0.252611451523454,1.58390784847785,-3.6593998648245183,0.0,0.0,1.0,7.0,0.0,0.0,0.0,26050904.0,1.0,56.978421603486844,100.440790179205,32.98393020629885,35.75113014221192
2026-05-09 18:11:56+00:00,CAN,CAN,-18.27000026935244,-13.180000036641122,0.0,-8.73999987893589,-4.270000036292122,0.6099999685942881,-2.5917816614623304,0.9580793326967101,3.8625651223470143,4.995067689569432,2.52855684147135,4.523046378766635,3.28871743040697,17.09288376024516,18.869999944539522,19.7419164515287,80.53196525573725,55.141460952758806,1.0,110.999999673762,0.0,0.0,0.0,42.1210935925516,55.1300777435303,42.549400412005845,-0.4831999986048331,32.2708918,0.5995700509521844,1892.5302028656,5.519892834126948,840.0498390197752,903.8075208663938,896.0025429725647,-64.842868,0.0,285.236389160156,69.6562652587891,142.190963745117,4.8730001449585,59.7827553749084,31.6967070102692,-2.2451999764179997,1.63010735474552,0.526212821418298,-4.393399911432318,0.0,0.0,1.0,7.0,0.0,0.0,0.0,26050904.0,1.0,51.530226955415614,100.48825999393699,33.93444328308105,37.875401229858404
2026-05-09 18:11:57+00:00,CAN,CAN,-18.2100004725885,-11.830000169828681,0.0,-6.130000011211712,-0.03000000510369403,6.140000048486842,-2.568869578448115,0.9566178322968855,2.0939672511647283,4.9947079093549025,-0.11715698085318596,4.567751332922204,3.239218409161654,17.321003199277662,24.34999970999036,19.561962311240002,81.82544059753414,55.20805046081542,1.0,110.999999673762,0.0,0.0,0.0,38.3733209836414,55.1328895568848,40.63439773478514,-1.1695999499587137,32.2709984,2.067714672037846,1892.3126697540279,5.383714009076354,944.5131778717039,945.5533981323242,978.2902836799619,-64.8427638,0.0,294.493011474609,56.7584953308106,128.310852050781,3.87299990653992,65.332168340683,31.7731201648712,-1.9593999740428782,-0.383027403700795,-1.14203036094946,-0.29440000028078994,0.0,0.0,1.0,7.0,0.0,0.0,0.0,26050904.0,1.0,48.91887966212291,100.245477504794,33.591592597961395,39.95737564086912
2026-05-09 18:11:58+00:00,CAN,CAN,-18.230000632516102,-10.630000136435621,0.0,-3.719999949839174,3.539999961905692,10.750000242227772,-2.565491729738425,0.9557414336490084,3.734641100655332,4.994348385272466,0.680339801979764,4.56070684656698,3.230740821052514,17.778384767990822,28.970000111761117,18.878529314020298,81.5971515655517,55.48199043273924,1.0,110.999999673762,0.0,0.0,0.0,37.9352326502768,55.3949478149414,39.1207998109347,-0.6173999983123228,32.2711071,1.235270511281093,1892.1948194503798,5.2929281257092935,797.9063868522644,830.3412199020386,831.8599581718445,-64.8426622,0.0,301.972869873047,40.530086517334,112.839942932129,2.87299990653992,65.3127729892731,31.7456901073456,-2.6015999730168637,-0.658912084490832,1.32733787544355,-1.4261999971697024,0.0,0.0,1.0,7.0,0.0,0.0,0.0,26050904.0,1.0,49.062940646059026,99.90391681987465,33.48707485198975,39.773098526000965
2026-05-09 18:11:59+00:00,CAN,CAN,-17.1100002143052,-9.28000009886846,0.0,-2.2799999823382837,4.979999950750921,12.570000110735501,-2.555211121098795,0.9551572923924141,2.438101572707742,4.99470808010963,-2.47917649476286,4.589697242989642,3.219801803521232,16.19681109397314,29.6700002450769,19.52424173777495,82.9794891357422,56.193421096801764,1.0,110.999999673762,0.0,0.0,0.0,38.1281923245189,56.3249542236328,40.94320014942623,-0.1681999983768961,32.2712185,2.554098568660362,1892.1494960784942,5.392792634665964,772.1395611763,813.2750153541563,777.7703166007997,-64.8425611,0.0,311.370666503906,29.701639175415,103.194984436035,1.87300002574921,65.3729021549225,31.7633241415024,-1.808000015876648,1.84106105563425,-0.685042573986303,3.8003998567953703,0.0,0.0,1.0,7.0,0.0,0.0,0.0,26050904.0,1.0,48.83611689391206,99.54145917118956,33.639836311340346,38.96399116516114
2026-05-09 18:12:00+00:00,CAN,CAN,-16.03000011594956,-8.339999924723134,0.0,-1.2299999958080539,5.799999933726734,13.099999738440038,-2.54287430535387,0.9555954917163525,2.256485060424617,4.996146091062012,-1.3685646304694836,4.51302230776336,3.2870765628362397,15.608584615858422,29.1199992621616,19.337738299845853,82.64406280517575,56.0070888519287,1.0,110.999999673762,0.0,0.0,0.0,42.2108012971106,55.9173820495605,43.6088010013342,-0.49319998785519903,32.2713264,1.930379076556704,1892.2492027282722,5.465421359986064,853.6593198776245,829.7457933425901,831.0482144355776,-64.8424545,0.0,319.865875244141,13.5810680389404,102.076141357422,0.873000025749206,65.3942406177521,31.786835193634,-2.082599980772488,-1.69962640750009,0.677111763864566,0.5821999674222578,0.0,0.0,1.0,7.0,0.0,0.0,0.0,26050904.0,1.0,48.68756301153992,99.25508641476385,33.3795238494873,38.18790252685548
2026-05-09 18:12:01+00:00,CAN,CAN,-16.00999995602192,-6.509999976251578,0.0,1.8200000606068065,10.910000155610993,19.8499999262759,-2.562554321508495,0.956910143049021,4.305435527281654,4.995067689569432,3.07493024688541,4.517357343452204,3.2783252548961146,16.29217897629728,35.86999996226168,18.8262792206433,82.16138877868656,56.4150956726074,1.0,110.999999673762,0.0,3.1171875,3.1171875,38.3250588669661,56.2161071777344,38.46979945472462,0.27999999941516773,32.2714325,0.2297303258080392,1892.2854661941521,5.474499985575676,742.0052528381348,781.1212420463561,760.3616595268247,-64.8423453,1.0,331.374603271484,3.18548822402954,68.4678955078125,-0.127000004053116,86.5599870681763,31.7633241415024,-1.994799948048724,0.597527573594341,1.85852926443655,-10.141199782917777,0.0,0.300000011920929,2.0,7.0,0.0,0.0,0.0,26050904.0,8.0,51.29296394214119,99.0432276070884,33.900771903991696,36.27455108642578
2026-05-09 18:12:02+00:00,CAN,CAN,-16.0500002758772,-6.559999863806469,0.0,2.33000001930356,11.120000127303841,19.97999994127714,-4.872936564756245,0.9567642011163651,5.0996468503856125,4.994348385272466,3.9139329687266153,4.566125662522376,3.2375775415909205,16.81364820999264,36.029999875644904,19.4009414553306,82.09839248657225,59.23355850219724,1.0,110.999999673762,0.0,19.0859375,19.0859375,28.5241489268953,59.2902397155762,28.194400712636003,0.7287999994770897,32.2715533,-0.1406657542625785,1892.339849472046,5.4381856694817525,799.9877929687502,849.567902088165,815.0320410728457,-64.8422522,1.0,340.008117675781,3.18548822402954,68.4678955078125,-1.02499997615814,100.0,31.8064272403717,-2.6497998922820436,-0.0140025164560743,-0.0688246813161112,-9.655199123940713,1.00000011920929,1.30000019073486,2.0,7.0,1.0,0.0,0.0,26050904.0,1.0,57.00516862427662,98.83826729047465,33.4656841278076,33.361170501709
2026-05-09 18:12:03+00:00,CAN,CAN,-16.0500002758772,-6.599999842152273,0.0,2.4166666390528064,11.5333333507136,20.38333297088663,-7.00957341639256,0.9560336910402909,4.80620191687942,4.99638583070188,2.621019353421635,4.517086412615127,3.29746869565841,17.973570514719835,36.433333246763866,21.03575833223055,82.33440628051756,62.217020416259736,1.0,110.999999673762,0.0,19.0859375,19.0859375,28.5241489268953,59.2902397155762,20.911665747842466,0.5889999934808257,32.2716634,-0.19483025228032794,1892.2280470530197,5.386740124473967,869.1980242729184,969.7045485178629,934.2838327089947,-64.8421916,1.0,340.008117675781,3.18548822402954,68.4678955078125,-1.02499997615814,100.0,31.8064272403717,-2.6383333137851834,-0.0140025164560743,-0.0688246813161112,-7.549666498438694,1.00000011920929,1.30000019073486,2.0,7.0,1.0,0.0,0.0,26050904.0,1.0,64.0480840359894,98.6396829554511,33.253768157959,32.57561130523685
2026-05-09 18:12:04+00:00,CAN,CAN,-16.02000003598574,-5.780000029931195,0.0,3.65999998232047,13.390000179088679,23.320000011453804,-7.85832473917008,0.956179632972947,4.101477412862562,4.995067433437338,0.606266000224579,4.427405715762522,3.3816991007671957,15.63681344618862,39.3300003089852,22.1128774567943,85.5339065551758,66.76717208862303,1.0,110.999999673762,0.0,54.1015625,54.1015625,14.3096808819627,66.9475044250488,15.111249257953723,0.8720000060517733,32.2718654,1.014952156800865,1892.1449482440976,5.345129873603582,1083.1459611654286,1238.5603189468402,1108.82019996643,-64.8421187,1.0,357.734588623047,3.18548822402954,68.4678955078125,-3.02500009536743,100.0,17.6116764545441,-2.4697499265737424,1.30040398494696,-1.08892745442161,-4.392333292016057,2.99999928474426,3.29999899864197,2.0,7.0,1.0,0.0,0.0,26050904.0,2.0,69.4760103253716,98.212321434178,33.2284996032715,21.223451042175302
2026-05-09 18:12:05+00:00,CAN,CAN,-15.9699996361667,-4.880000090263776,0.0,5.489999845414658,15.980000399149421,26.339999913354582,-9.03135978336146,0.9548649816402786,3.2950138829820284,4.994348385272466,0.45390891911222053,4.357774583872546,3.4467861504910458,16.7568090832671,42.30999954952128,23.093946192381,84.8991645812988,70.59114761352538,1.0,110.999999673762,0.0,73.1015625,73.1015625,8.63387649772574,70.565803527832,10.287999758088398,0.38839997780808455,32.2720175,1.2863045108206659,1892.076945304872,5.311085190623999,1236.948204040528,1298.616456985474,1287.9885196685802,-64.8420823,1.0,364.772705078125,3.18548822402954,68.4678955078125,-4.02500009536743,100.0,17.5646558403969,-3.2004000108535777,-2.38842771996401,1.21102541012864,-4.072199948391568,3.99999833106995,4.29999828338623,2.0,7.0,1.0,0.0,0.0,26050904.0,4.0,76.27559660513514,97.88892905245086,33.2490114212036,14.83998476028442
2026-05-09 18:12:06+00:00,CAN,CAN,-15.959999556202899,-4.73999999529873,0.0,5.849999821281623,16.42999989940762,26.550000226556858,-9.374590022646114,0.9551572923924141,3.569240556695386,4.9947079093549025,-1.3664626931132648,4.26484337153481,3.5321100261972695,15.769946127452679,42.51999917970464,23.37624815606145,87.57254676818846,74.4496339416504,1.0,110.999999673762,0.0,93.3125,93.3125,8.16499767158271,74.35107421875,9.749599851478369,1.461600013864234,32.272198,1.5074798886230878,1891.9681787490838,5.4200283251702785,1047.796893119812,1193.2341098785398,1111.6483449935918,-64.8420517,1.0,372.845764160156,3.18548822402954,68.4678955078125,-5.02500009536743,100.0,17.5529003143311,-3.501599955372962,0.124103109816317,-0.150391800900395,0.9713999945028908,4.99999761581421,5.29999732971191,2.0,7.0,1.0,0.0,0.0,26050904.0,4.0,78.77471227904294,97.5325946683567,33.26565742492675,8.263553552627574
2026-05-09 18:12:07+00:00,CAN,CAN,-15.93999973778474,-4.74999998988518,0.0,5.789999853762918,16.390000262571277,26.6499996601572,-9.50177796338869,0.956033691040291,2.788722268773424,4.995067518814704,-1.359632503943255,4.1328967526201295,3.562192356424802,15.610873412249282,42.5699988965048,23.2184460267984,89.16439361572264,77.07930084228515,1.0,110.999999673762,0.0,114.3984375,114.3984375,8.5219143293036,77.1007873535156,10.5470000191511,2.267400012211244,32.2723863,1.9923977278289478,1891.8412446975701,5.4563428275287125,1088.089656829834,1225.132942199706,1124.9233722686758,-64.8420181,1.0,380.075164794922,3.18548822402954,68.4678955078125,-6.02500009536743,100.0,17.5568178296089,-2.628600009626702,-0.270035450859142,0.232265065037926,0.3459999983869749,5.99999666213989,6.2999963760376,2.0,7.0,1.0,0.0,0.0,26050904.0,3.0,81.20503018951688,97.27709095188484,33.258579826354946,3.6248744201660137
2026-05-09 18:12:08+00:00,CAN,CAN,-15.94999981774854,-5.500000010755836,0.0,4.539999975503666,14.550000234135899,24.19999987657094,-9.486503525970425,0.9557414336490084,1.9480255959850339,4.995067433437338,-1.740519497112895,3.9053092999466017,3.487533778418874,13.800418050087739,40.16000011579274,23.682766555444047,90.4694972991943,79.00043884277343,1.0,110.999999673762,0.0,136.0625,136.0625,7.70052260990704,78.7046401977539,10.539799633728041,2.9791999803371176,32.2725802,2.567990746545346,1891.7778015136723,5.538050085306166,1156.226301193238,1321.20213508606,1098.0452060699458,-64.8419849,1.0,390.283477783203,3.18548822402954,68.4678955078125,-7.02500009536743,100.0,17.5078377127647,-2.9205999454661735,-1.73542150794942,-0.502907735722538,-0.026000011537984015,6.99999570846558,7.29999542236328,2.0,7.0,1.0,0.0,0.0,26050904.0,3.0,82.28687751253352,97.11597020445879,33.234112930297854,2.024441692829132
2026-05-09 18:12:09+00:00,CAN,CAN,-15.989999796094299,-5.9800000924149455,0.0,3.4900000743508004,12.90999992667482,22.589999979756037,-9.4738732255346,0.955303180964217,2.365310944718108,4.994348385272466,-2.1193046062871748,3.854914883589778,3.523359315898696,13.552462717177141,38.56000029894164,23.27692696024565,91.73017501831055,80.5742138671875,1.0,110.999999673762,0.0,158.3046875,158.3046875,10.2379652073235,80.7141426086426,12.1965999867359,2.5211999806833036,32.2727788,1.977853138812184,1891.560244560244,5.44726410880685,985.1746082305897,1149.497079849244,1012.6205563545224,-64.8419493,1.0,399.881103515625,3.18548822402954,68.4678955078125,-8.1269998550415,100.0,17.5431028008461,-2.8765999948989958,0.592106857992584,-0.670460813799413,2.94619984665701,7.99999475479126,8.29999542236328,2.0,7.0,1.0,0.0,0.0,26050904.0,3.0,84.13563350197539,96.9930746107228,33.21265869140625,1.1566884380578992
2026-05-09 18:12:10+00:00,CAN,CAN,-15.999999876058121,-6.5000000670424924,0.0,2.4300000292010964,11.370000077342441,20.399999884662797,-9.493993682168991,0.9548649816402786,2.6258441136739643,4.995067604192067,-1.5030565513948826,3.7606285617207122,3.6291938654843237,14.596927048828459,36.389999339247666,23.0030192990552,90.38407859802246,81.20207290649412,1.0,110.999999673762,0.0,180.7265625,180.7265625,11.3630407975971,81.3714408874512,13.7731995754905,1.550199968461512,32.2729775,1.9737785681184683,1891.514897346498,5.311085190623998,1082.8294754028307,1235.926699638364,1101.9108295440678,-64.8419017,1.0,403.713928222656,3.18548822402954,68.4678955078125,-9.02499961853027,100.0,17.4960821866989,-2.3835999715039202,0.506864976572914,-1.05916223707064,1.2359999668133153,8.99999809265137,9.29999923706055,2.0,7.0,1.0,0.0,0.0,26050904.0,4.0,86.43796049759247,97.00704576267005,33.1569185256958,-1.9184004521369924
2026-05-09 18:12:11+00:00,CAN,CAN,-16.03999985440392,-7.3200001353956665,0.0,0.9400000567514404,9.17000015841747,17.450000030244542,-9.490322028603284,0.953988102744725,1.964962138593478,4.993269983779887,-1.802512215010635,3.760628647098078,3.623450957052816,14.72471903442578,33.51000021533084,23.963445495422953,90.34359741210935,81.09707382202149,1.0,110.999999673762,0.0,203.328125,203.328125,12.7704038373992,80.9663337707519,15.260599796515141,2.0191999237406058,32.2731771,2.508634567044596,1891.5511608123802,5.356478225439786,1372.186541557312,1445.624804496764,1339.3053770065278,-64.8418509,1.0,401.153381347656,3.18548822402954,68.4678955078125,-10.1269998550415,100.0,17.4706116318703,-2.3280000118485358,-0.952310650973252,0.533665411576428,0.7495999745565312,10.0000019073486,10.3000030517578,2.0,7.0,1.0,0.0,0.0,26050904.0,4.0,87.59175293521255,97.1317376961578,33.07383098602295,-3.977915782928464
2026-05-09 18:12:12+00:00,CAN,CAN,-16.16999986940518,-9.350000146350961,0.0,-2.96000001975944,3.1600000502266754,9.299999917286616,-9.48958778326751,0.9528193399838595,2.282430355744046,4.993989031944759,-1.5130386327430214,3.748165344787462,3.6579086637739744,13.09660598819618,25.44000022981926,23.05699828406585,89.2764644622803,80.17700866699215,1.0,110.999999673762,0.0,225.796875,225.796875,16.9173045268746,80.0689636230469,18.010399805416416,2.3681999439822903,32.2733738,1.503062068907072,1891.5421009063743,5.401871167123316,1220.680403709412,1386.922955513,1261.5909576416038,-64.8417925,1.0,397.738037109375,3.18548822402954,68.4678955078125,-11.1269998550415,100.0,17.3883229494095,-2.810000015585306,0.710118012698418,0.80914444316279,3.9851999309228097,11.0000057220459,11.3000068664551,2.0,7.0,1.0,0.0,0.0,26050904.0,4.0,87.29541288373102,97.311002841114,32.257878112792994,-1.631366922855376
2026-05-09 18:12:13+00:00,CAN,CAN,-16.1499993679681,-8.900000019992078,0.0,-3.050000091988762,3.999999897866728,11.433333262553495,-9.51382129444271,0.9541344715642045,2.7930462765526705,4.994588067994091,0.5411186287245795,3.7273032434456965,3.6721295445127637,15.3001029924353,27.6000004265305,21.534638764302898,85.9461856842041,78.92575378417966,1.0,110.999999673762,0.0,247.8203125,247.8203125,19.8258774056747,78.6879753112793,19.45500041047273,0.8216666789780329,32.2735254,0.03429686082437255,1891.2913004557333,5.31108537688851,1107.9929669698101,1258.5984071095766,1161.6986989975,-64.8417337,1.0,326.066925048828,3.18548822402954,68.4678955078125,-12.1269998550415,100.0,17.3961594700813,-3.0183333072841734,-1.07752445360228,-1.00664043023077,0.5766666639782899,12.0000095367432,12.3000106811523,2.0,7.0,1.0,0.0,0.0,26050904.0,4.0,88.38341284115204,97.58059723784355,31.30591621398925,-0.8069643214344963
2026-05-09 18:12:15+00:00,CAN,CAN,-16.274999940628952,-8.84999990476423,0.0,-2.537499960333275,4.512499931693988,11.662500303194282,-9.53614534085808,0.954426728955487,4.011028963615957,4.992641072767715,0.943546344329362,3.857014441051957,3.545305418065205,12.88555826548465,27.912499937192003,22.165304281316,82.2327072143554,74.99353237152097,1.0,110.999999673762,0.0,290.5546875,290.5546875,20.3909816443922,75.2367027282715,19.4034997880616,1.931749826154015,32.2739418,-0.755867193388331,1891.4990723133074,5.413219332695007,898.2739448547362,1052.4419844150548,951.0458260774612,-64.84155,1.0,279.458557128906,3.18548822402954,68.4678955078125,-14.1270008087158,100.0,17.3158302903175,-2.417500046640205,2.04638123783988,0.466241519349764,-0.5074999773924225,14.0000171661377,14.3000183105469,2.0,7.0,1.0,0.0,0.0,26050904.0,4.0,88.43165446725985,98.3015441953059,32.1413646697998,0.11566495746374134
2026-05-09 18:12:16+00:00,CAN,CAN,-16.270000327533843,-8.909999872282935,0.0,-2.319999982028432,4.509999991744312,11.209999822449785,-9.52454298389234,0.9538421608120691,3.0679934213869777,4.993270154534614,-0.291049968583714,3.9291517827918256,3.5176161940237725,12.2661465096575,27.470000411529305,22.9778176085652,82.0130355834961,74.30734588623048,1.0,110.999999673762,0.0,311.2578125,311.2578125,19.2829764044017,74.4162849426269,20.17160006636486,2.0739999828668183,32.2741004,0.5433291767607733,1891.451478004456,5.365556851029394,1007.2639942169192,1162.923884391786,1039.5802021026618,-64.8414834,1.0,300.902679443359,3.18548822402954,68.4678955078125,-15.1270008087158,100.0,17.3648118972778,-2.709599906012798,-0.997988714986476,-1.53367618272234,2.841000019080428,15.000020980835,15.3000221252441,2.0,7.0,1.0,0.0,0.0,26050904.0,4.0,87.34816243469105,98.52101524881135,31.942275238037148,2.364662474691869
2026-05-09 18:12:17+00:00,CAN,CAN,-16.2599999060606,-8.539999987206892,0.0,-1.6999999708229214,5.269999964512737,12.030000189623742,-9.515877181382885,0.9535499034207865,3.357354300197204,4.9947079093549025,-0.19280814276003352,4.308735106292323,3.8608271807127084,12.5831483956425,28.280000058409154,22.62502723887665,82.50270309448246,73.09593704223632,1.0,110.999999673762,0.0,331.8125,331.8125,22.3865528915529,73.0751014709473,22.224199294981695,2.422399928301234,32.2742738,0.022648621807199443,1891.406154632568,5.311085283756256,1099.748015403746,1165.742516517642,1123.35546016693,-64.8414055,1.0,324.348297119141,3.18548822402954,68.4678955078125,-16.1270008087158,100.0,17.3373818397522,-2.6137999715349762,-0.439378918952633,2.39160333104125,0.17360001530381655,16.0000247955322,16.3000259399414,2.0,7.0,1.0,0.0,0.0,26050904.0,4.0,84.27833664430447,98.8018214010635,31.135950851440448,8.446521663665784
2026-05-09 18:12:18+00:00,CAN,CAN,-16.150000050986996,-11.459999943243153,0.0,-7.500000123329153,-3.1700000127966153,1.2400000224110173,-9.52307406633396,0.9542803601360075,4.470835729732142,4.993270325289343,1.75680352186785,4.355878523358951,3.8725864612746244,11.96821946372238,17.40000031344436,20.490185019444752,82.2337921142578,71.51108505249024,1.0,110.999999673762,0.0,351.8828125,351.8828125,24.0498183601196,71.706266784668,22.288999348694382,2.50719999253114,32.2744407,-1.48880977997027,1891.6327714920062,5.365556757897139,961.1571311950693,1155.5382251739502,979.3231129646298,-64.8413214,1.0,341.464965820312,3.18548822402954,68.4678955078125,-17.1270008087158,100.0,17.3354238271713,-3.168800012592466,1.73709010181931,-2.20333514298537,0.1340000299112826,17.0000286102295,17.3000297546387,2.0,7.0,1.0,0.0,0.0,26050904.0,4.0,79.41774726864297,99.00085311347765,30.9938753128052,18.04398221969604
2026-05-09 18:12:19+00:00,CAN,CAN,-16.09000025422302,-9.87000003560115,0.0,-4.379999976743084,1.5599999879156687,7.370000022950561,-9.53452957423255,0.954572670888143,5.3969357005202,4.994348385272466,2.75551228820324,4.384597590516834,3.8438717483623384,12.852465486691761,23.470000527892118,19.71693332709205,81.16049308776854,69.5342477416992,1.0,110.999999673762,0.0,371.4375,371.4375,23.6001835919631,69.4572967529297,21.216599201828238,0.29700002918223317,32.2746027,-1.9865981928603478,1891.850304603576,5.401871167123316,976.5416860580439,1077.68213748932,1039.736890792848,-64.8412372,1.0,359.526184082031,3.18548822402954,68.4678955078125,-18.1270008087158,100.0,17.3256263136864,-3.0836000194423177,-0.313008119630806,-3.01091771398405,-1.8987999744055863,18.0000324249268,18.3000335693359,2.0,7.0,1.0,0.0,0.0,26050904.0,4.0,77.0162090432558,99.06244092922364,30.6117296218872,23.920276107788098
2026-05-09 18:12:20+00:00,CAN,CAN,-15.950000159257979,-7.109999907570732,0.0,0.729999989009067,9.230000040558838,17.8100000061115,-9.52806778839089,0.9538421608120691,3.6182476335657343,4.993270154534614,1.1641979266637235,4.446913162918902,3.7809727924277823,15.240847913963862,33.72999924245912,20.91875975306915,81.73313827514644,68.8454393005371,1.0,110.999999673762,0.0,390.6640625,390.6640625,19.6462041569156,68.7887992858887,19.63939923944556,-0.4844000068131087,32.2747644,-0.1913440642389399,1891.6690111160278,5.274770781397818,1199.10695552826,1231.847000122068,1277.137923240662,-64.8411623,1.0,352.817504882812,3.18548822402954,68.4678955078125,-19.1270008087158,100.0,17.3687309026718,-2.3382000029116243,-0.268430676569306,1.29967315470577,-1.5847999352164786,19.000036239624,19.3000373840332,2.0,7.0,1.0,0.0,0.0,26050904.0,4.0,75.837471388749,99.01591368059755,30.6500993728638,24.33889915466308
2026-05-09 18:12:21+00:00,CAN,CAN,-16.04000019591338,-8.450000121306187,0.0,-1.260000011583918,6.0299998945924695,13.05000019239462,-8.663601907880466,0.9535498500599335,4.147602064525804,4.993989031944758,0.7943420225089856,4.462085830518534,3.770306939774622,13.76494102301028,29.10000012676236,21.2863929775978,83.1085338592529,68.8536749267578,1.0,110.999999673762,0.0,409.734375,409.734375,17.9302557317333,69.0477951049805,18.30679996256264,0.6943999865100734,32.2749276,0.1268762493286642,1891.986298561098,5.401871167123316,1184.1595888137822,1282.558488845824,1240.5860424041741,-64.8410964,1.0,348.003509521484,3.18548822402954,68.4678955078125,-20.1270008087158,100.0,17.2942787408829,-3.3627998819564056,-0.428977181176938,0.904542015465476,-0.31679998452590485,20.0000400543213,20.3000411987305,2.0,7.0,1.0,0.0,0.0,26050904.0,4.0,73.38638150697122,98.87485319876384,31.3292655944824,26.32802879333496
2026-05-09 18:12:22+00:00,CAN,CAN,-16.0500002758772,-8.519999827279253,0.0,-1.440000010189574,5.6299999403797,12.97999997415736,-3.3842821075565652,0.953988102744725,2.70115719455711,4.9939892026994865,0.25847625615328773,4.483489765075331,3.727097882424652,13.654315010344561,29.009999748597476,21.6724258779768,84.3465557098389,68.49204620361326,1.0,110.999999673762,0.0,428.84375,428.84375,16.1410688956283,68.4440002441406,17.48860033207468,0.8907999843483572,32.2750925,1.1863927384294735,1891.99538230896,5.429106950759889,1227.2499799728398,1327.805399894714,1230.1587343215938,-64.8410359,1.0,344.623992919922,3.18548822402954,68.4678955078125,-21.1270008087158,100.0,17.351096868515,-2.5507999714893876,-0.198935182631292,-0.261568044000736,-1.069799973890412,21.0000438690186,21.3000450134277,2.0,7.0,1.0,0.0,0.0,26050904.0,4.0,71.76039486938498,98.63444078526315,31.591287803649898,28.42256332397462
2026-05-09 18:12:23+00:00,CAN,CAN,-16.0500002758772,-8.499999838106351,0.0,-1.4400000101895762,5.639999934966153,12.98999988336642,-2.4754624726799603,0.953842160812069,2.757371871237794,4.99362967861705,0.221174235213161,4.470214097140304,3.749796223206532,15.61545066352156,29.03999930546998,21.91310893772335,84.54508895874025,67.9113185119629,1.0,110.999999673762,0.0,447.796875,447.796875,15.8525753654653,67.843041229248,17.13979998814452,0.07139999880657928,32.2752572,1.1782299153193658,1891.8865919113136,5.356478225439789,1273.1734514236439,1362.270736694338,1329.226398468018,-64.8409803,1.0,341.32470703125,3.18548822402954,68.4678955078125,-22.1270008087158,100.0,17.3295453190804,-2.763799975709106,-0.0705345364655019,0.291238359074845,-0.1429999940897928,22.0000476837158,22.300048828125,2.0,7.0,1.0,0.0,0.0,26050904.0,4.0,70.65631118250646,98.32821949910935,31.67597007751465,28.75805316925048
2026-05-09 18:12:24+00:00,CAN,CAN,-16.06000035584102,-8.509999918070166,0.0,-1.4799999885353778,5.6899999078984065,13.080000090776599,-2.0358862252933347,0.9531116507359949,2.674851318610358,4.992910801206906,-0.382463459527019,4.484844447719836,3.74760859899274,14.958178486106117,29.140000105108157,21.830676238404152,84.12998085021971,67.09028549194338,1.0,110.999999673762,0.0,466.546875,466.546875,16.5018036290952,67.0907455444336,17.77740053773142,0.4886000048595832,32.2754199,1.0148446613627162,1891.569304466248,5.329242441803216,1273.1662750244138,1305.829381942748,1325.2490758895879,-64.8409244,1.0,337.476013183594,3.18548822402954,68.4678955078125,-23.1270008087158,100.0,17.3138707876205,-2.8930000048037963,-1.01693011021539,0.98737780266745,1.6700000270842061,23.0000514984131,23.3000526428223,2.0,7.0,1.0,0.0,0.0,26050904.0,4.0,69.90327736236121,97.99747441874065,31.89351482391355,28.367533149719243
2026-05-09 18:12:25+00:00,CAN,CAN,-16.110000072641203,-8.950000021383467,0.0,-2.2900000409577563,4.199999978137432,10.8199999482008,-2.0366205773508153,0.953111650735995,2.926015047506204,4.992551447879199,0.971916202057673,4.500288273829516,3.7273713461235483,13.92325114759286,26.929999850087256,21.43985366786965,83.5891273498535,65.99864135742185,1.0,110.999999673762,0.0,485.046875,485.046875,18.3393686950915,65.783935546875,18.25499980789726,1.6397999908193222,32.2755791,0.17822970895531115,1891.823124885556,5.338321067392826,1200.6222486495958,1332.972884178164,1220.3294754028298,-64.8408645,1.0,334.162475585938,3.18548822402954,68.4678955078125,-24.0249996185303,100.0,17.3079937696457,-2.750799820529726,0.00324960798933403,1.79366082345483,-1.4251999934421913,24.0000553131104,24.3000564575195,2.0,7.0,1.0,0.0,0.0,26050904.0,4.0,68.8027002946025,97.67796158446205,32.182472419738744,28.20460281372072
2026-05-09 18:12:26+00:00,CAN,CAN,-16.149999709477562,-9.120000014730497,0.0,-2.940000009242192,3.840000023614807,10.710000007749876,-2.085674782526435,0.953988102744725,2.732867799194092,4.993629507862322,1.578704845155885,4.342602172405008,3.5198039889922916,14.686953552466921,26.85000023490512,21.5059528235625,83.5886775970459,66.00477310180665,1.0,110.999999673762,0.0,503.328125,503.328125,15.6435323032752,65.9253982543945,16.15679950430574,0.5151999898192132,32.2757373,0.6250054779861551,1891.8775320053119,5.329242441803215,1037.459409236908,1162.655019760132,1113.9388084411619,-64.8408073,1.0,330.756805419922,3.18548822402954,68.4678955078125,-25.0249996185303,100.0,17.3256263136864,-3.41499994419769,-0.0320813351655371,-1.36695713477615,-2.515999965569104,25.0000591278076,25.3000602722168,2.0,7.0,1.0,0.0,0.0,26050904.0,4.0,68.66823572645032,97.32980293680441,32.4592746734619,27.718137474060057
2026-05-09 18:12:27+00:00,CAN,CAN,-16.13999962951374,-8.889999883110033,0.0,-2.069999989301106,4.699999974264248,11.490000012379863,-2.0116529275615402,0.9536957919925895,2.881692626632838,4.9947079093549025,-0.7223720657605085,4.177330633643008,3.3059462837675504,14.9761077326774,27.62000058645814,22.8134499599625,84.09639358520505,66.04995437622067,1.0,110.999999673762,0.0,521.7265625,521.7265625,15.3573012732747,66.2882972717285,16.22260052224128,-0.12419999311484656,32.2758981,1.3642815362348457,1891.89565181732,5.447264201939106,902.7391672134399,1003.044915199278,1016.5566921234127,-64.840758,1.0,327.921752929688,3.18548822402954,68.4678955078125,-26.0249996185303,100.0,17.3256263136864,-2.62179998001074,3.57388453037812,1.00961775237866,1.8333998779021676,26.0000629425049,26.3000640869141,2.0,7.0,1.0,0.0,0.0,26050904.0,5.0,70.11478646435114,96.9394712861165,32.78634452819825,24.593348007202138
2026-05-09 18:12:28+00:00,CAN,CAN,-16.13000023256884,-7.689999935094354,0.0,-0.11999999373435181,7.94000014126509,15.979999886885219,0.2696485579952585,0.953988102744725,2.146938932683148,4.994348385272466,1.6123294395530399,4.004472035373597,3.208042565647998,14.58357539503894,32.10000021024496,23.0389349950321,82.33318405151365,65.02502334594726,1.0,110.999999673762,0.0,539.859375,539.859375,13.4368714984942,64.6007148742676,13.727400425029881,0.01120000212771614,32.2760567,0.43304796058205264,1892.0134782791142,5.410949792712926,1017.5194621086124,1048.7837195396407,1033.8208198547368,-64.8407081,1.0,324.827850341797,3.18548822402954,68.4678955078125,-27.0249996185303,100.0,17.3256263136864,-2.6783999860823218,-2.44759188577172,1.77231904361948,-6.6421997390523755,27.0000667572022,27.3000679016113,2.0,7.0,1.0,0.0,0.0,26050904.0,5.0,70.79406516976292,96.6238789804215,33.2366500854492,21.83799201965332
2026-05-09 18:12:29+00:00,CAN,CAN,-16.07999983274974,-6.220000047867134,0.0,2.5600000175218987,12.009999987007415,21.779999820611977,1.12427427034581,0.9557413802881555,3.1951967300551813,4.9947079093549025,2.7381744399645447,3.510553180780428,2.5981931173475425,16.65304928901922,37.86999990408026,23.22191234780215,83.1137901306152,66.91971038818357,1.0,110.999999673762,0.0,558.1875,558.1875,5.63976275664722,67.0910202026367,5.54940005829121,-1.1996000190954317,32.2762198,0.3045552429326418,1892.131352424624,5.565285868942739,864.5278215408332,963.8143658637994,972.2675800323472,-64.8406759,1.0,321.989685058594,3.18548822402954,68.4678955078125,-28.0249996185303,100.0,17.2707676887512,-2.1668000128838054,4.25180812625857,-1.54114969033481,-10.75339937124556,28.0000705718994,28.3000717163086,2.0,7.0,1.0,0.0,0.0,26050904.0,5.0,75.82113630832998,96.3263525250812,33.56457138061525,17.81588802337646
2026-05-09 18:12:30+00:00,CAN,CAN,-16.080000174259197,-5.529999909137824,0.0,4.320000009224378,14.40999996841614,24.20999961502532,1.043643460306985,0.9541344715642045,2.511973312921286,4.993989031944758,4.833837360295915,3.295429073106198,2.4423124056753975,15.90346061629134,40.289999789284494,24.6430330961399,78.4961025238037,68.8516438293457,1.0,110.999999673762,0.0,3.7890625,576.9140625,351.928775475709,68.7287864685059,351.9259996868298,-2.269000026713002,32.2763887,-0.08566193271754038,1892.022562026978,5.292927939444779,1064.3279075622563,1042.0512795448308,1198.733711242676,-64.8406781,2.0,303.838073730469,3.18548822402954,68.4678955078125,-29.0249996185303,100.0,17.3334643244743,-2.7829999362867897,-3.78704747729823,-1.84708699002949,-14.07360017443358,0.300000011920929,29.3000755310059,2.0,7.0,2.0,0.0,0.0,26050904.0,5.0,85.89872799092261,96.0369608250423,33.47892951965335,7.5989289808273295
2026-05-09 18:12:31+00:00,CAN,CAN,-16.119999811095557,-5.710000067826035,0.0,3.870000039390672,13.83000028240196,23.6800001580755,1.090347760243005,0.953842160812069,3.275194808444764,4.992910630452178,3.1878853540581398,3.291364811729264,2.4455940981281716,15.68220859095984,39.78000049226232,25.52520666896045,79.40676956176756,73.54628860473629,1.0,110.999999673762,0.0,23.578125,596.703125,338.564417534312,73.7178016662598,339.1059968939802,-1.8575999318226082,32.2765606,0.4336660393410858,1891.950035095216,5.410949792712926,868.3453083038328,945.5418229103088,1036.3507628440861,-64.8407322,2.0,282.550842285156,3.18548822402954,68.4678955078125,-30.0249996185303,100.0,17.3295453190804,-2.684399987103058,2.38263892119902,-1.30569855549248,-12.42319919641386,1.30000019073486,30.3000793457031,2.0,7.0,2.0,0.0,0.0,26050904.0,6.0,95.15209479165108,95.75649959734325,33.500390624999994,-4.172970185279849
2026-05-09 18:12:32+00:00,CAN,CAN,-16.07000009429538,-6.080000123656818,0.0,3.2499999481438833,12.7099998641911,21.670000136293083,1.108118525081205,0.95442678231634,1.5033532590812961,4.994348385272466,2.59002502218517,3.191930875103538,2.547326777607756,15.514742939304321,37.749999286023936,26.3634792008907,73.5162883758545,77.43320343017575,1.0,110.999999673762,0.0,44.5,617.625,325.896137831609,77.6896682739258,327.4613822308682,-2.503599949230014,32.2767279,0.9487699929653075,1891.3154602050759,5.4654214531183225,1127.94315814972,1083.313655853272,1251.2441158294682,-64.8408344,2.0,263.592041015625,3.18548822402954,68.4678955078125,-31.0249996185303,100.0,25.1939654350281,-2.248599937865124,-2.06897806493523,-1.57345627166556,-9.831199950737785,2.29999995231628,31.3000831604004,2.0,7.0,2.0,0.0,0.0,26050904.0,6.0,111.1844776190926,95.48469221932255,33.3276117324829,-23.598195419311544
2026-05-09 18:12:33+00:00,CAN,CAN,-16.00999995602192,-5.000000110678552,0.0,5.229999900789564,15.93999973778468,26.769999936704057,1.170684818786665,0.9542803601360075,2.453236354101822,4.994348385272466,1.37434008902126,2.7977165180045906,2.3783192534358077,16.25365022069868,42.779999892726025,25.046725450618,71.80377044677729,81.70616958618163,1.0,110.999999673762,0.0,66.6328125,639.7578125,317.878998387631,81.7612838745117,318.8970080305894,-3.4098000358051963,32.2768852,0.9102508690006712,1891.4877176284801,5.365556757897137,928.0115723609922,1007.855641841889,1105.553722381594,-64.8409785,2.0,247.605911254883,3.18548822402954,68.4678955078125,-32.0250015258789,100.0,25.2625405788422,-3.051200035274666,0.182118683265552,0.168600258134429,-7.114599869222012,3.29999899864197,32.3000793457031,2.0,7.0,2.0,0.0,0.0,26050904.0,5.0,119.58765935495921,95.2212825588865,33.25160007476805,-40.57083023071288
2026-05-09 18:12:34+00:00,CAN,CAN,-16.8999999011029,-5.9200000395188725,0.0,4.7499999471965,15.53999995432666,26.429999950009993,1.20637325089107,0.9528193399838595,1.689294252276564,4.992551106369742,0.202260971158879,2.570129449529208,2.374763969218086,16.440570300167142,43.31999942963962,24.185915001974003,71.60553245544435,83.54385681152344,1.0,110.999999673762,0.0,89.703125,662.828125,312.610846160044,83.6115119934082,313.99180659134475,-2.2113999742252277,32.2770327,1.0545893507161188,1891.1160230636601,5.410949792712929,1001.5509724617011,911.1964702606199,1091.749429702758,-64.8411508,2.0,229.902969360352,3.18548822402954,68.4678955078125,-33.1269989013672,100.0,25.2703756093979,-1.4239999718937,0.962624876950206,0.27029163631387,-2.322999966530542,4.29999828338623,33.3000640869141,2.0,7.0,2.0,0.0,0.0,26050904.0,5.0,123.7568669299998,94.82060658670055,33.23616256713865,-48.686573638916016
2026-05-09 18:12:35+00:00,CAN,CAN,-18.17000015273324,-6.940000084978432,0.0,3.630000083938478,14.340000262443079,25.049999843306118,1.2297258277459,0.9522347718404415,0.6817556201534276,4.993629678617051,-0.3052368050983595,2.4763847616613224,2.466104772007582,16.49321330017608,43.19999983611167,24.451722058808848,70.0826969146728,82.73230087280271,1.0,110.999999673762,0.0,112.8515625,685.9765625,313.231163940464,82.5404685974121,313.6415872756144,-1.4553999523338352,32.277174,0.8835051595538616,1890.898489952088,5.28384940698743,1263.292384147646,1113.8689279556281,1246.27504348755,-64.8413317,2.0,215.745239257812,3.18548822402954,68.4678955078125,-34.0250015258789,100.0,25.1704543828964,-1.611000028608458,-1.48427972103628,-0.191455658582666,-1.09799995200746,5.29999732971191,34.300048828125,2.0,7.0,2.0,0.0,0.0,26050904.0,5.0,125.8463365442846,94.30834922913886,33.219513130188,-51.892918395996084
2026-05-09 18:12:36+00:00,CAN,CAN,-18.3199999861526,-9.490000241316013,0.0,-1.089999964876034,7.069999929224932,15.499999805226121,1.19579883739542,0.952965708803339,1.69325800315099,4.993629507862321,-0.3414840587346615,2.649243061109958,2.621985569057096,15.043628079981762,33.799999802205846,23.5437551303614,68.56186981201171,82.61506713867189,1.0,110.999999673762,0.0,135.765625,708.890625,311.430534829952,82.7855323791504,312.28578379706425,0.7553999310758674,32.2773137,0.6404632953114636,1890.9437894821178,5.4109498858451825,1055.351066589356,1028.281939029694,1057.3763489723212,-64.8415114,2.0,199.08757019043,3.18548822402954,68.4678955078125,-35.1269989013672,100.0,25.1978844404221,-2.125799924088784,0.303368588277802,2.34905765581441,-0.31360001888839956,6.2999963760376,35.3000335693359,2.0,7.0,2.0,0.0,0.0,26050904.0,5.0,126.5606459239118,93.84406029011805,33.2334074020386,-52.49142265319822
2026-05-09 18:12:37+00:00,CAN,CAN,-19.12999997454196,-11.150000025685799,0.0,-3.550000041869508,4.079999968394826,11.780000111519058,0.668249113168799,0.9525270825925769,0.7567084085578555,4.993270154534615,-0.610469808235952,2.754095899068446,2.744502087294198,13.373934549632441,30.91000025681574,24.1983826585302,67.8398654937744,82.09046859741207,1.0,110.999999673762,0.0,158.6640625,731.7890625,310.956902192147,82.1198570251465,312.4119947646234,1.1463999744709772,32.2774503,1.201708541180897,1891.016292572024,5.329242441803216,1092.94307231903,1106.434631347654,1013.1825089454644,-64.8416937,2.0,181.362838745117,3.18548822402954,68.4678955078125,-36.1269989013672,100.0,25.2096384763718,-1.7619999724770778,-0.661329758013605,-1.28799918747545,0.7071999851302587,7.29999542236328,36.3000183105469,2.0,7.0,2.0,0.0,0.0,26050904.0,5.0,128.4656567173956,93.38929946498939,33.24226341247555,-54.18485389709472
2026-05-09 18:12:38+00:00,CAN,CAN,-19.3100000478528,-12.41999976505192,0.0,-6.030000065347203,0.4600000017727567,7.019999956292675,0.12101888586976614,0.952235198727265,1.3293044042994746,4.993989031944759,0.32572172969820445,2.7662878294256,2.7149668125305015,13.74205288834688,26.31999975342696,23.848805039072502,65.78635940551754,81.60028884887694,1.0,110.999999673762,0.0,181.390625,754.515625,311.270681082617,81.595369720459,311.6948085093182,-0.7549999834793215,32.277586,0.792525739138503,1890.907549858094,5.329242534935473,1063.966178894042,1077.051901817322,1050.4089355468739,-64.8418747,2.0,167.848571777344,3.18548822402954,68.4678955078125,-37.1269989013672,100.0,25.1763314008713,-1.939600066723972,1.00610362005069,-1.59907535074692,-3.0807998339816804,8.29999542236328,37.3000030517578,2.0,7.0,2.0,0.0,0.0,26050904.0,5.0,131.1598931373988,93.01886074025921,33.2986318588257,-57.66712440490723
2026-05-09 18:12:39+00:00,CAN,CAN,-19.339999946234805,-13.76999997337382,0.0,-8.529999907243067,-3.3199999956264024,1.7800000289001474,-0.44926979659801836,0.9520888299077854,1.8042458664323715,4.992551277124471,0.591028221712251,2.787962922492448,2.696370555298084,15.713488808301738,21.10000001797858,23.6457819348621,63.335440063476554,81.14332489013673,1.0,110.999999673762,0.0,203.9765625,777.1015625,308.004184093193,81.1479309082031,308.74320509723736,-1.8710000159222322,32.2777153,0.7230032072563296,1890.934729576112,5.347399692982434,1122.251319885254,1078.8381814956679,1163.797378540038,-64.8420601,2.0,156.428604125977,3.18548822402954,68.4678955078125,-38.1269989013672,100.0,25.1626163721085,-2.0223999954328056,0.0935306094621712,-0.0770482090664867,-1.58479995656082,9.29999923706055,38.2999877929688,2.0,7.0,2.0,0.0,0.0,26050904.0,6.0,134.2100944282618,92.7038080195086,33.538978385925304,-60.7032092285156
2026-05-09 18:12:40+00:00,CAN,CAN,-19.310000047852803,-13.82000003168346,0.0,-8.940000112174385,-3.890000028563572,1.2900000060154415,-1.281277641001925,0.9520888299077854,1.5159656516148918,4.992910801206906,0.505920409435469,2.800425883293606,2.689533792070994,18.045032621112437,20.58000029948312,23.188515284081753,61.49056434631345,80.1460272216797,1.0,110.999999673762,0.0,226.4375,799.5625,306.719671397124,80.0971366882324,307.1660051348546,-1.99019998639745,32.2778388,0.33876326888704306,1890.925717353822,5.374635383486749,1309.510707855228,1226.738739013672,1303.39243412018,-64.8422489,2.0,141.795776367188,3.18548822402954,68.4678955078125,-39.1269989013672,100.0,25.0881671905518,-1.478999984807864,-1.0813552292313,-0.315115686557004,-2.161199940783316,10.3000030517578,39.2999725341797,2.0,7.0,2.0,0.0,0.0,26050904.0,6.0,136.08319457794377,92.40387733758041,33.600331878662104,-62.5941581726074
2026-05-09 18:12:41+00:00,CAN,CAN,-19.290000229434618,-13.92999988675704,0.0,-8.979999919765458,-3.9499999533935943,1.3099999845161754,-1.3037485898452998,0.8632569637077601,1.8683883009940083,4.993989288076852,0.5479488312348055,2.8172241786043823,2.672852036862932,17.556369810529,20.59000037944694,23.01061788450685,59.96298065185545,79.67780502319334,1.0,110.999999673762,0.0,248.59375,821.71875,304.628349435536,79.7565811157226,305.0675961689842,-1.4491999334921202,32.2779561,0.16611643032753262,1890.907526016236,5.401871167123316,1328.885889053346,1319.699454307556,1381.8473339080801,-64.8424394,2.0,126.449432373047,3.18548822402954,68.4678955078125,-40.1269989013672,100.0,25.0999212265015,-2.226599919892856,-0.268646841384366,-0.0421928032417195,-1.8475999585804999,11.3000068664551,40.2999572753906,2.0,7.0,2.0,0.0,0.0,26050904.0,6.0,136.9492980816848,92.10959180700121,33.6923286437988,-62.89117767333984
2026-05-09 18:12:42+00:00,CAN,CAN,-19.32000012781662,-13.84999993006544,0.0,-8.940000112174385,-3.81000002918328,1.2900000273597847,-1.309623246222595,-4.060339994576545,2.086399977861564,2.6494935049369164,0.2301063650744455,2.8340225166038424,2.651794264831006,18.184269100928283,20.609999856355643,22.5225197598131,58.87045555114745,79.13280349731447,1.0,110.999999673762,0.0,270.6640625,843.7890625,303.614831324976,79.2467811584473,303.9575975382842,-0.2896000094693593,32.2780683,0.07597093540555784,1890.943813323976,404.9479085020722,1138.3654832839954,1231.2138080596937,1215.168023109438,-64.8426329,2.0,115.338943481445,3.18548822402954,68.4678955078125,-41.1269989013672,100.0,25.1057982444763,-2.759599921633734,-0.784957996259834,1.99270278115275,0.6036000653337341,12.3000106811523,41.2999420166016,2.0,7.0,2.0,0.0,0.0,26050904.0,6.0,138.0044202405172,91.7919743502173,33.71695518493655,-62.684653930664055
2026-05-09 18:12:43+00:00,CAN,CAN,-19.29000022943462,-13.860000010029259,0.0,-8.970000181311102,-3.820000023769732,1.379999978637846,-1.280983942867615,-4.608379859426375,2.07270689999089,-0.013856701588949217,-0.9545803014901071,2.8407956310056024,2.6419492728500344,15.950763091388259,20.66999999462906,23.67553253133935,56.74471435546875,76.79373870849606,1.0,110.999999673762,0.0,292.3984375,865.5234375,306.558588215739,76.7081909179687,306.9909938317136,1.7747999817694378,32.2781805,0.5737260025150304,1890.9800767898582,1290.04282951355,983.8039040565493,1078.5139560699479,997.0288634300226,-64.8428218,2.0,103.989601135254,3.18548822402954,68.4678955078125,-42.1269989013672,100.0,25.0940442085266,-2.240799968554678,0.782266314757468,1.28391185286573,3.581399958276618,13.3000144958496,42.2999267578125,2.0,7.0,2.0,0.0,0.0,26050904.0,6.0,139.7025090870576,91.51258546221794,33.7442081451416,-61.491110229492186
2026-05-09 18:12:44+00:00,CAN,CAN,-19.339999604725342,-13.869999919238321,0.0,-8.970000181311102,-3.780000045423928,1.28000001142899,-1.243091600817115,-4.5641102017643504,2.0871207335737303,0.4229053284337606,-0.3588218702877706,2.882249030918102,2.612960754729392,13.698947222985462,20.620000277828883,24.71247733697875,53.74942417144775,74.52304183959959,1.0,110.999999673762,0.0,313.375,886.5,308.498389260779,74.4584861755371,309.5677947112034,2.54979990372885,32.2782963,0.584605562715978,1891.1976337432861,1812.188100814818,952.4967193603516,1047.3608016967778,909.4380021095276,-64.842998,2.0,90.7251129150391,3.18548822402954,68.4678955078125,-43.1269989013672,100.0,25.1018822193146,-2.4776000657580797,-0.997756808719813,0.950318797056547,2.475199873250714,14.3000183105469,43.2999114990234,2.0,7.0,2.0,0.0,0.0,26050904.0,6.0,140.7810888475754,91.39079294403285,33.7667713165283,-60.314080352783186
2026-05-09 18:12:45+00:00,CAN,CAN,-19.299999967888983,-13.859999839274519,0.0,-9.020000068865993,-3.9000000231500236,1.3200000111191397,-1.26497504667016,-4.339984587782965,2.754488677634404,2.587304045574566,1.242475549770494,2.6134791660873984,2.8752231568283704,12.749468453819441,20.60999985635564,24.05738791726725,51.9447978973389,73.2573728942871,1.0,110.999999673762,0.0,333.890625,907.015625,310.573264126845,73.4075546264648,309.6425989429934,3.7606000029922484,32.2784158,-0.3383250415486566,1892.004418373108,1908.822178840636,741.0104393959048,971.95999622345,741.8617606163026,-64.8431643,2.0,76.5865631103516,3.18548822402954,68.4678955078125,-44.1269989013672,100.0,25.1116782426834,-3.02460003430678,0.995040207699146,1.41238931197926,-4.893000021327575,15.3000221252441,44.2998962402344,2.0,7.0,2.0,0.0,0.0,26050904.0,6.0,140.36062786642083,91.37286028236696,33.78518714904785,-58.39139465332032
2026-05-09 18:12:46+00:00,CAN,CAN,-19.250000251088817,-14.259999964242002,0.0,-9.60000026714434,-4.89999990868195,-5.551115123125783e-17,-1.29464245357779,-4.14288923399849,1.3545290826449565,1.6638131430164307,5.87667661918899,2.512961363817752,2.975041633104368,13.725268381480461,19.250000251088842,23.16004961694205,48.0929878234863,70.43673889160155,1.0,110.999999673762,0.0,353.9453125,927.0703125,297.415997521083,70.309602355957,296.03321206323557,3.104999983951658,32.2785197,-1.2745712916992988,1891.469597816466,1906.416273117066,813.0097270011902,957.66921043396,753.8640975952147,-64.8433372,2.0,65.9571380615234,3.18548822402954,68.4678955078125,-45.1269989013672,100.0,25.0607371330261,-1.5581999555929342,0.579061036595301,-1.21969484117609,-21.392999423937,16.3000259399414,45.2998809814453,2.0,7.0,2.0,0.0,0.0,26050904.0,6.0,145.83502175411041,91.3532917903949,33.91053256988525,-57.95312324523926
2026-05-09 18:12:47+00:00,CAN,CAN,-4.730000000712303,-2.7300000162050058,0.0,-2.85000000460328,-1.5499999453044502,-0.10999999914789967,-1.30624486390438,-4.122872510862125,0.626622103721418,0.7715962359247557,7.056110483415615,2.45118751079423,3.042043014097842,4.049288855221168,4.6300002469468335,17.19090611021285,37.887197113037104,65.68471252441405,1.0,110.999999673762,0.0,372.9140625,946.0390625,273.898918548299,65.8291030883789,272.4809985973606,2.71299997418163,32.2785679,-1.882843606631716,1891.297364234922,1906.36179447174,1070.1469182968128,1022.2705125808723,906.5663456916809,-64.8435277,2.0,60.72509765625,3.18548822402954,68.4678955078125,-46.1269989013672,100.0,25.0744521617889,-0.008200007620442573,2.74347333273915,-1.28763558662385,-23.256199214416718,17.3000297546387,46.2998657226562,2.0,7.0,2.0,0.0,0.0,26050904.0,6.0,164.1591297575392,91.32603933560655,34.07848262786865,-60.16858840942384
2026-05-09 18:12:48+00:00,CAN,CAN,18.43999992119,13.570000252399518,0.0,8.009999847238152,3.0400000191397254,-2.180000068490286,-1.26996850192282,-4.125064147812051,-0.450464247940476,-0.8866621063387751,6.17140376418668,2.361507297746692,3.12381207516185,-16.29754323611668,-20.629999845528562,-7.059288442370395,27.920002841949447,60.44688720703124,1.0,110.999999673762,0.0,390.3984375,963.5234375,253.644238451436,60.46962890625,251.53559513011322,2.624999944981234,32.2785517,-2.127744094747346,1865.035009384154,1906.398105621338,1425.61275959015,1253.567552566528,1172.160696983336,-64.8437108,2.0,59.9785499572754,3.18548822402954,68.4678955078125,-47.1269989013672,100.0,28.6559551954269,0.7877999632682826,-0.0532331403594373,0.558559956997243,-17.719799674158683,18.3000335693359,47.2998504638672,2.0,7.0,2.0,0.0,0.0,26050904.0,6.0,-176.5852601296354,91.2996543148428,34.12449474334715,-59.43985839843748
2026-05-09 18:12:49+00:00,CAN,CAN,19.3900000045444,8.729999969726823,0.0,-1.0200000081069622,-11.57999996365793,-21.120000007151482,-1.2259082856083952,-4.15647682813517,0.7440959893438357,1.4024748681802002,2.005298663838465,2.2515065888994483,3.243594084476056,-18.737804706739063,-40.50999949943169,-17.71510391910425,26.475925540924052,58.11388137817382,1.0,110.999999673762,0.0,406.7578125,979.8828125,240.106366384364,58.1630630493164,239.295000016631,2.6305999743930464,32.2784928,-0.9328318052340215,1461.581063270568,1906.743097305296,1383.438229560854,1231.1985015869159,1148.565459251404,-64.8438695,2.0,64.6183319091797,3.18548822402954,68.4678955078125,-48.1269989013672,100.0,34.0654402971268,-0.593000023620956,-1.8501274914272,-1.26097447680724,-7.469399936696479,19.3000373840332,48.2998352050781,2.0,7.0,2.0,0.0,0.0,26050904.0,6.0,-165.2763274076244,91.27409916206321,34.032448196411096,-56.642038192749034
2026-05-09 18:12:50+00:00,CAN,CAN,19.209999931233604,8.08000023623013,0.0,-2.670000048686308,-13.660000118300221,-24.540000204774458,-1.21944617960162,-4.1729862491327445,2.144055824457124,2.971942562834522,0.46862029281078,2.157762498673118,3.3324734578434105,-18.843472172822118,-43.74999945298916,-28.18427956756915,30.5521820068359,57.82305267333984,1.0,110.999999673762,0.0,422.8203125,995.9453125,233.760164418938,57.7314376831055,233.6462040786746,-0.018600005832333188,32.2784135,-0.19474315136015422,932.6806783676141,1906.7794084548939,1192.8191900253282,1069.4688558578498,1151.396870613098,-64.8440123,2.0,72.3856887817383,3.18548822402954,68.4678955078125,-49.1269989013672,100.0,34.1888725757599,-1.5794000090030078,0.0125252604306709,-4.00914986118141,-4.6807999283092,20.3000411987305,49.2998199462891,2.0,7.0,2.0,0.0,0.0,26050904.0,6.0,-153.57229283080878,91.16273975783531,33.9347797393799,-52.865378723144524
2026-05-09 18:12:51+00:00,CAN,CAN,19.2300000911612,9.860000126392075,0.0,0.3699999811255905,-8.879999909867932,-17.369999988175557,-1.212396623965375,-4.1684574068262,3.725632422649544,3.430991935676942,1.30289268176493,2.133649070761256,3.32919193614536,-18.8335533721094,-36.60000067697835,-31.1370856052079,33.22859573364255,57.952106323242184,1.0,110.999999673762,0.0,438.8828125,1012.0078125,228.274579949313,57.9727386474609,228.4417911764214,-3.8968000368351903,32.2783234,-0.1502027125493603,218.48426740616551,1906.770324707032,928.5140872001651,785.6776118278506,1086.2044334411614,-64.8441458,2.0,82.8630523681641,3.18548822402954,68.4678955078125,-50.1269989013672,100.0,34.1751575469971,-3.21720005640033,-3.16119510921585,-4.89868125528531,-5.6079999010630885,21.3000450134277,50.2998046875,2.0,7.0,2.0,0.0,0.0,26050904.0,6.0,-149.26838299703317,90.820601921931,33.9349977493286,-50.38343536376952
2026-05-09 18:12:52+00:00,CAN,CAN,19.339999604725342,14.970000006766842,0.0,10.379999844887543,6.180000069521329,2.370000040338046,-1.2138652747194851,-4.193441811923281,5.0066761937054185,3.6455983577007656,-1.4373855898661045,2.1583042180516623,3.3196199809764577,-19.13529576171492,-16.979999857794503,-33.666079258621,35.52624378204345,57.28074073791504,1.0,110.999999673762,0.0,454.90625,1028.03125,223.505509644378,56.9658176422119,224.41440291723137,-3.0487999494890063,32.2782228,0.5717348823100534,2.592682128306481,1906.960964202882,597.1935272216799,497.2910344600676,814.1276478767394,-64.8442674,2.0,93.0086669921875,3.18548822402954,68.4678955078125,-51.1269989013672,100.0,34.1457694768906,-2.0157999622934826,3.04589682027098,2.74321079734293,-0.7008000872057842,22.300048828125,51.2997894287109,2.0,7.0,2.0,0.0,0.0,26050904.0,6.0,-142.553744235323,90.48353891658004,34.440933609008795,-46.3701626586914
2026-05-09 18:12:53+00:00,CAN,CAN,19.3499993431797,14.880000140866159,0.0,10.73999999150922,6.5399998746335655,2.309999944753294,-1.21107482227842,-4.19358759377338,4.999109112501325,4.141314704640076,-3.473156955923595,2.126062608895396,3.3611882134443802,-20.16984197567248,-17.0399996545585,-33.412062815840954,37.1563419342041,58.177562942504856,1.0,110.999999673762,0.0,470.8828125,1044.0078125,225.11266681646,58.1003173828125,226.47899698255924,-1.548199961006484,32.2781195,1.3019628475589662,7.061915099620821,1906.9791555404659,785.51287651062,684.3546032905577,842.8238868713375,-64.8443859,2.0,102.931831359863,3.18548822402954,68.4678955078125,-52.0250015258789,100.0,34.2574447393417,-1.863799950664324,-0.498424036697542,-0.495091598073663,2.4853999283468218,23.3000526428223,52.2997741699219,2.0,7.0,2.0,0.0,0.0,26050904.0,6.0,-140.915976887456,90.24244006906781,34.48084659576415,-44.93135398864747
2026-05-09 18:12:54+00:00,CAN,CAN,19.3499993431797,14.780000024246899,0.0,10.75999998068214,6.569999943770284,2.4499999543409743,-1.211221671345575,-4.295276730797,4.997667771831724,4.201346944802608,-3.0455141162340453,2.135003454584988,3.3420452422575844,-19.831096694729,-16.89999955959346,-32.0273683201205,38.6722715377808,60.17138717651367,1.0,110.999999673762,0.0,487.2734375,1060.3984375,227.339376787776,60.1302474975586,228.8954031637316,-2.39999998140872,32.2780174,1.3845348613929327,7.08911092951894,1906.960964202882,736.8498325347898,681.5446615219116,897.3963260650637,-64.8445118,2.0,114.252395629883,3.18548822402954,68.4678955078125,-53.0250015258789,100.0,34.2143416404724,-2.358799981514428,-0.358123573491576,-1.32743872745552,2.2392000180859397,24.3000564575195,53.2997589111328,2.0,7.0,2.0,0.0,0.0,26050904.0,7.0,-140.4498847784946,90.11694217325794,34.6218767166138,-46.11826812744138
2026-05-09 18:12:55+00:00,CAN,CAN,19.3499993431797,16.130000232568822,0.0,12.99000005412114,9.870000035601151,6.88999998398013,-1.211221671345575,-5.033838105798585,4.997667771831724,3.740859390253076,-1.75365357736086,2.319241148011642,3.44760649889905,-17.600262655192257,-12.469999823361519,-31.3329020060703,41.37583351135255,63.40945495605469,1.0,110.999999673762,0.0,504.4296875,1077.5546875,228.880731917394,63.4467247009277,229.08839972099523,-2.1483999741796422,32.277915,0.1974332647204568,7.4789154343307045,1906.9519042968757,664.9489164352416,644.9337363243104,812.2967362403867,-64.8446483,2.0,126.838554382324,3.18548822402954,68.4678955078125,-54.0250015258789,100.0,34.1673195362091,-3.0054000310404176,-0.201612856909775,2.09130104413353,-1.9753999056170433,25.3000602722168,54.2997436523438,2.0,7.0,2.0,0.0,0.0,26050904.0,7.0,-141.1774174043546,90.0695611509856,34.994608497619595,-49.115830078125
2026-05-09 18:12:56+00:00,CAN,CAN,19.859999664730243,15.070000294140844,0.0,10.56999999816218,5.330000017408805,0.08999995127805809,-1.2118091743359,-5.320642231359065,4.997667771831724,3.506841698674124,-1.933852217077485,2.6020998574867438,3.584070434176046,-19.06777592667478,-19.7499999804114,-29.84035711580805,43.75324058532715,65.88835235595704,1.0,110.999999673762,0.0,522.421875,1095.546875,228.196060094614,65.8301742553711,228.50119469767077,-0.16280000479534829,32.2778074,0.2974472665006293,7.370132580399513,1907.0154428482078,758.6228132247925,710.9983325004575,882.2864770889282,-64.844791,2.0,137.609710693359,3.18548822402954,68.4678955078125,-55.1270027160644,100.0,34.2221796512604,-2.11899993716151,0.48542917491477,1.67983219912027,1.118799980447753,26.3000640869141,55.2997283935547,2.0,7.0,2.0,0.0,0.0,26050904.0,7.0,-141.3942158048378,89.98899565463066,35.1085847854614,-51.492759246826154
2026-05-09 18:12:57+00:00,CAN,CAN,20.080000057896363,13.719999915064202,0.0,7.520000112502052,0.7699999886992124,-5.820000050965683,-1.21151542284074,-5.3181586038221145,4.9962266019168515,3.5488998691489457,-2.056261106474305,2.6982826667562256,3.584070434176046,-18.90221828836392,-25.9000004930602,-28.53271654543545,44.96507034301755,67.54918853759764,1.0,110.999999673762,0.0,540.96875,1114.09375,228.931575845576,67.5880966186524,229.33680004073022,0.6310000041833876,32.277697,0.44358684108576163,7.32480650767684,1906.9155693054204,927.7138233184814,991.1822080612179,1029.612064361574,-64.8449389,2.0,149.778167724609,3.18548822402954,68.4678955078125,-56.0250015258789,100.0,34.2241376638412,-2.598799979655298,-0.990395999228655,-0.286407414299662,0.16599999044317118,27.3000679016113,56.2997131347656,2.0,7.0,2.0,0.0,0.0,26050904.0,7.0,-141.8003852981732,89.90466672404315,35.2954948425293,-53.19332817077636
2026-05-09 18:12:58+00:00,CAN,CAN,20.1500006176431,13.179999865886339,0.0,6.699999958771512,-0.0999999992253634,-6.690000049562426,-1.212690375460535,-5.3178666132351005,4.998028064310442,4.048929395171754,-1.95959477317244,2.7329623119367357,3.5553561054619003,-18.14461882826798,-26.840000154941322,-27.392647836159952,45.753267288207994,69.00427688598629,1.0,110.999999673762,0.0,559.9609375,1133.0859375,228.108278503401,69.0554512023926,228.9906023403832,-0.16919999276626002,32.2775838,0.7866775710885788,7.261350005865095,1906.960964202882,901.5884160995483,980.7361841201777,1054.5030593872082,-64.8450901,2.0,163.986206054688,3.18548822402954,68.4678955078125,-57.1270027160644,100.0,34.1810345649719,-2.7727999879123857,0.789217366259278,-1.10058936209917,0.3095999993092716,28.3000717163086,57.2996978759766,2.0,7.0,2.0,0.0,0.0,26050904.0,7.0,-142.3589718288752,89.82283422759721,35.4973720550537,-55.09768180847168
2026-05-09 18:12:59+00:00,CAN,CAN,20.22999989131576,14.30000028409726,0.0,8.439999785210276,2.6999999950930667,-2.8399999886724885,-1.21283722452769,-5.32020445892195,4.997667771831724,4.0050736896621135,-2.08515643520146,2.772248492825588,3.5118728160167563,-17.81312208558112,-23.08000014137894,-26.1205029051303,45.425050735473604,69.48397018432618,1.0,110.999999673762,0.0,579.2109375,1152.3359375,227.859003919452,69.5746238708496,229.2932015772204,-1.8849999400413744,32.2774678,1.442742715339474,7.179763074964287,1906.7521810531598,1079.563307762146,1042.5516605377202,1179.182958602906,-64.8452421,2.0,176.050308227539,3.18548822402954,68.4678955078125,-58.0250015258789,100.0,34.1947495937347,-2.224999990768462,0.580684220379384,-1.45865061011457,-1.265399969813902,29.3000755310059,58.2996826171875,2.0,7.0,2.0,0.0,0.0,26050904.0,7.0,-142.8250147604748,89.7256440508025,35.98442516326905,-56.100036621093736
2026-05-09 18:13:00+00:00,CAN,CAN,20.66999999462904,15.630000332491539,0.0,10.469999881542957,5.190000007821126,0.11000000982007022,-1.2132778250900098,-5.3073466278094,4.99658689439557,3.7990946076449825,-2.1445207042075047,2.7744162241134185,3.4998401998219903,-17.07688574966172,-20.560000139555477,-26.46808952444495,45.02704181671145,69.61641860961916,1.0,110.999999673762,0.0,598.53125,1171.65625,226.533878918578,69.48984375,228.12259731197702,-2.821399985508198,32.2773495,1.3587704273482921,7.089110836386682,1906.752181053162,1170.160341262818,1127.8010845184322,1346.185445785522,-64.8453929,2.0,190.384170532227,3.18548822402954,68.4678955078125,-59.1270027160644,100.0,34.2221796512604,-2.065799935225736,0.0930621278542171,0.911809336742369,-0.3268000137969084,30.3000793457031,59.2996673583984,2.0,7.0,2.0,0.0,0.0,26050904.0,7.0,-143.47430073920322,89.6067714384876,36.4323257446289,-56.78718406677247
2026-05-09 18:13:01+00:00,CAN,CAN,21.029999799741297,15.919999919366541,0.0,10.73000008230012,5.510000005342286,0.32000000819333313,-1.2135715765851751,-5.30749283654632,4.997667771831724,3.8023301109434984,-2.83326812221001,2.784440850069564,3.5001136208321997,-17.53884593568496,-20.70999997297486,-26.07172084030445,45.384118080139146,70.57578872680665,1.0,110.999999673762,0.0,617.9609375,1191.0859375,227.121001979632,70.5633316040039,228.48879653828962,-2.6580000039561478,32.2772299,1.339713964776204,6.989393290132287,1906.688642501828,1145.948076248168,1117.32120513916,1301.889061927796,-64.8455438,2.0,202.901977539062,3.18548822402954,68.4678955078125,-60.1270027160644,79.8913776874542,34.2848747968674,-2.5865998957598224,-0.510217372155774,0.300200874606797,0.877000003344999,31.3000831604004,60.2996520996094,2.0,7.0,2.0,0.0,0.0,26050904.0,6.0,-144.23110209169482,89.4475528987454,36.4180898666382,-58.44716331481932
2026-05-09 18:13:02+00:00,CAN,CAN,21.06999943657764,15.739999504546219,0.0,10.759999980682139,5.560000063651908,0.3599999972113082,-1.21283722452769,-5.310122886263596,4.99658689439557,3.7462516538480743,-2.4854803324799546,2.7993422310931004,3.4856197032813396,-17.99164991161638,-20.72000005293868,-24.8601682249492,46.02076721191405,71.61535217285159,1.0,110.999999673762,0.0,637.7109375,1210.8359375,228.005443175257,71.6196807861328,229.26899811887742,-2.8790000379959744,32.2771097,1.1652650209915785,7.007523812353613,1906.6977024078358,1166.2828683853181,1114.306902885436,1303.994727134704,-64.8456987,2.0,217.735260009766,3.18548822402954,68.4678955078125,-61.1270027160644,67.1321868896484,34.2868328094482,-2.331599991116638,0.288135131994558,-0.622592446857584,0.6073999823815297,32.3000793457031,61.2996368408203,2.0,7.0,2.0,0.0,0.0,26050904.0,6.0,-144.5808569545612,89.2875318117758,36.33608894348145,-59.69636169433594
2026-05-09 18:13:03+00:00,CAN,CAN,21.119999836396737,15.810000405802402,0.0,10.759999980682139,5.480000021582937,0.3000000030121752,-1.213424674157165,-5.30486342715928,4.99658689439557,3.2771368446692124,-2.0415506932710947,2.81288931367027,3.469484533961608,-18.161022552088138,-20.82000016955792,-24.79003071990965,47.050610160827645,72.7612728881836,1.0,110.999999673762,0.0,657.765625,1230.890625,228.212111039164,72.7884887695312,229.35359957401297,-2.82399998239313,32.2769896,0.9025259890824108,7.070980407297614,1906.7249774932839,1153.835558891296,1083.179116249086,1314.723753929138,-64.8458579,2.0,230.268142700195,3.18548822402954,68.4678955078125,-62.1270027160644,67.1030938625336,34.304466843605,-2.482199984720672,-0.314852137304577,0.65671980721067,0.10300001040790277,33.3000640869141,62.2996215820312,2.0,7.0,2.0,0.0,0.0,26050904.0,6.0,-144.8288665874758,89.14276253722281,36.3818264007568,-60.5926153564453
2026-05-09 18:13:04+00:00,CAN,CAN,21.18000031617966,16.519999936063037,0.0,11.869999806665,7.15999988050299,2.789999935698955,-1.212984073594845,-5.317720404498175,4.997307479353006,3.53452099759692,-1.992167465076555,2.838357466915318,3.4470594007465314,-17.81235915345082,-18.420000102771837,-23.85902300207085,47.9853458404541,73.9377603149414,1.0,110.999999673762,0.0,678.1484375,1251.2734375,228.261575269133,73.9776214599609,229.232399233229,-2.820599914224294,32.2768675,1.0179726745591702,7.0075236260891005,1906.670498847962,1006.9317340850823,978.7393927574174,1200.243997573854,-64.8460198,2.0,246.783889770508,3.18548822402954,68.4678955078125,-63.1270027160644,67.0545995235443,34.2711597681046,-2.9692000284393503,-0.326295932495948,-0.51560761871053,-0.7257999642821675,34.300048828125,63.2996063232422,2.0,7.0,2.0,0.0,0.0,26050904.0,6.0,-145.1590543244082,88.9972316965773,36.3153591156006,-61.66894180297852
2026-05-09 18:13:05+00:00,CAN,CAN,21.279999408270463,17.159999931105382,0.0,13.05999993084894,8.859999984728047,4.840000026540608,-1.213130976022855,-5.31742798702434,4.997667771831724,3.613245928725214,-1.61338235590228,2.8749336848736062,3.409867014347738,-17.67236042452364,-16.429999899407623,-23.54432630493075,48.4998991012573,74.6591226196289,1.0,110.999999673762,0.0,698.796875,1271.921875,227.181025682058,74.6652282714844,228.1197942023416,-3.04739984608652,32.2767423,0.8618498220087758,7.04378476366401,1906.743121147154,966.8430089950564,930.0814747810364,1142.8764104843142,-64.8461823,2.0,258.022827148438,3.18548822402954,68.4678955078125,-64.1269989013672,67.0856356620789,34.3358159065247,-2.5831999983457203,0.753843122856694,-0.217284499176745,-1.1065999712574681,35.3000335693359,64.2995910644531,2.0,7.0,2.0,0.0,0.0,26050904.0,6.0,-145.56795589341138,88.83340960933455,36.4249013900757,-62.56524215698242
2026-05-09 18:13:06+00:00,CAN,CAN,21.28999948823428,16.779999966065482,0.0,12.71999994415488,8.210000080476634,3.719999992527858,-1.21489332491128,-5.30880807484837,4.996947186874288,2.9097531354886863,-1.223564143340905,2.88333328076016,3.400295400688294,-17.769634612645103,-17.57000013603668,-23.9958171769942,48.97223224639895,75.05437225341794,1.0,110.999999673762,0.0,719.609375,1292.734375,226.18313504432,75.0887649536133,226.5065991430328,-2.835799945269288,32.2766138,0.39554961439197,7.0256544277072,1906.7794084548939,1149.009013175964,1069.0654158592226,1288.46447467804,-64.8463434,2.0,275.318878173828,3.18548822402954,68.4678955078125,-65.1269989013672,67.0584797859192,30.4721772670746,-1.80339999019235,0.48367370957637,0.325034561974891,-1.8083998914360406,36.3000183105469,65.2995758056641,2.0,7.0,2.0,0.0,0.0,26050904.0,6.0,-145.8598754464622,88.62429995280004,36.5860313415527,-63.05976150512696
2026-05-09 18:13:07+00:00,CAN,CAN,21.28999948823428,15.00999981435792,0.0,9.320000077214242,2.5700000067722644,-3.6900000247767593,-1.215187076406445,-5.30106413443346,4.99658689439557,3.0941638461447516,-1.63387110914332,2.9201804437850862,3.3617351408421685,-17.966854275872482,-24.97000022812398,-23.99348466739265,48.99960193634035,74.96022354125975,1.0,110.999999673762,0.0,740.4375,1313.5625,224.740175619884,74.9597099304199,225.50320064074762,-2.52579998502326,32.276482,0.7505623055219026,7.02565433457494,1906.5978527069099,1296.924781799318,1212.392687797544,1398.438739776608,-64.8465012,2.0,289.665771484375,3.18548822402954,68.4678955078125,-66.1269989013672,67.0545995235443,30.4447501897812,-2.295600027680888,-0.741893333377787,-0.698424568756798,-0.37480000195249985,37.3000030517578,66.299560546875,2.0,7.0,2.0,0.0,0.0,26050904.0,6.0,-145.7854755618712,88.36559287760745,36.470721244812,-62.72813095092774
2026-05-09 18:13:08+00:00,CAN,CAN,21.37000012794484,15.940000420803619,0.0,10.709999922372518,5.490000016169384,0.6100000219551411,-1.21459962677697,-5.30690885537228,4.99658689439557,3.516547226729984,-2.02631563616227,2.905279105450234,3.3745886603978024,-17.26456841975098,-20.7600000312845,-23.189667878504203,49.2104072570801,75.48151245117185,1.0,110.999999673762,0.0,761.3046875,1334.4296875,224.456162693817,75.6155113220215,225.254401437965,-2.938999920137316,32.2763478,0.8398898566926842,7.016589026898146,1906.6523313522362,1131.156587600706,1169.366335868836,1384.110045433044,-64.8466568,2.0,306.573547363281,3.18548822402954,68.4678955078125,-67.1269989013672,67.0681774616242,30.4447501897812,-2.6005999906336923,0.205662972324608,0.130477690684135,0.24299994529038726,38.2999877929688,67.2995452880859,2.0,7.0,2.0,0.0,0.0,26050904.0,6.0,-145.6794682938768,88.0962648582555,36.422384834289545,-62.79219635009766
2026-05-09 18:13:09+00:00,CAN,CAN,21.36000004798102,15.100000192522819,0.0,9.199999971422098,2.8899999722769167,-2.760000015972623,-1.21415902621465,-5.308077671494001,4.9962266019168515,3.6657291449962757,-3.15006062020826,2.918283871007304,3.370213027772082,-17.5159576302668,-24.129999999843143,-22.067986892248,49.2222467422485,75.96266967773434,1.0,110.999999673762,0.0,782.34375,1355.46875,225.650011458843,75.9721343994141,227.07539270843063,-3.31680000931157,32.2762127,1.665990756734218,7.052850071340802,1906.788492202758,1141.338109970094,1132.65998363495,1325.808215141298,-64.8468139,2.0,320.680786132812,3.18548822402954,68.4678955078125,-68.1269989013672,67.0856356620789,30.4192781448364,-2.603799976948524,-0.734454937206526,-1.57581023232998,2.439999959754524,39.2999725341797,68.2995300292969,2.0,7.0,2.0,0.0,0.0,26050904.0,6.0,-145.68157472421663,87.83858572653304,36.4747844696045,-62.96578308105465
2026-05-09 18:13:10+00:00,CAN,CAN,21.380000207908658,16.750000409192943,0.0,12.37999995746084,7.949999965096813,3.560000036455958,-1.214012177147495,-5.31348333933524,4.996947186874288,3.6204354285342517,-1.6664438010474298,2.9350819101859837,3.3456001849658477,-16.6175961676039,-17.82000008607532,-22.53799782224595,50.429657936096206,76.78662918090819,1.0,110.999999673762,0.0,803.5703125,1376.6953125,226.865388980134,76.8969978332519,227.5594017696232,-3.994600021456722,32.2760806,0.952786565748014,7.080045621842149,1906.8702220916741,1028.195309638978,955.8628916740412,1268.70744228363,-64.8469771,2.0,337.186096191406,3.18548822402954,68.4678955078125,-69.1269989013672,67.0895159244537,30.3977280855179,-2.66379994446723,0.482076192362528,0.499697546812632,-0.758000008002076,40.2999572753906,69.2995147705078,2.0,7.0,2.0,0.0,0.0,26050904.0,6.0,-145.45450098714622,87.6482556751215,36.4537799835205,-63.3163609313965
2026-05-09 18:13:11+00:00,CAN,CAN,21.32999980808956,15.290000004288,0.0,9.840000137219164,3.810000071871962,-2.050000021472544,-1.215187076406445,-5.30866186611145,4.99658689439557,3.46082880598118,-2.546947445976725,2.9640723919860124,3.313330358590572,-17.25960970241356,-23.370000411272898,-22.32734710427995,50.85135955810545,77.10694107055662,1.0,110.999999673762,0.0,824.9296875,1398.0546875,227.148090509881,76.9817848205566,228.0206007310634,-3.1022000759674584,32.2759483,1.0225818569658247,7.125371787697079,1906.579685211182,1154.3179035186781,1024.029469490051,1282.655334472656,-64.8471422,2.0,350.903778076172,3.18548822402954,68.4678955078125,-70.1269989013672,67.0740008354187,24.9902039766312,-1.9419999817549058,-0.371307065889317,0.788217543958664,1.0937999753053251,41.2999420166016,70.2994995117188,2.0,7.0,2.0,0.0,0.0,26050904.0,6.0,-145.3249404948182,87.4780268704372,36.42009830474855,-63.34624374389648
2026-05-09 18:13:12+00:00,CAN,CAN,21.2599995898523,14.279999953414901,0.0,7.570000170811672,0.38000002907289054,-6.309999913767831,-1.2147464758441249,-5.301502760644221,4.997667771831724,2.859067240809032,-2.3699006183969447,2.9651561295638817,3.3122362049742136,-17.41753801942152,-27.58999966354778,-22.53809344489435,51.35564918518065,77.67678268432614,1.0,110.999999673762,0.0,846.4296875,1419.5546875,228.492654229133,77.6174812316894,229.19799693641738,-2.675999857607978,32.275818,0.719980843212513,7.061915285885336,1906.3618183135961,1244.66733932495,1208.4011554718022,1415.05632400513,-64.8473114,2.0,367.132629394531,3.18548822402954,68.4678955078125,-71.1269989013672,67.0623600482941,24.935345351696,-2.5413998809554763,-1.61153233513256,-0.0477385966826525,1.5461999748957997,42.2999267578125,71.2994842529297,2.0,7.0,2.0,0.0,0.0,26050904.0,6.0,-145.86978468491,87.33151589764586,36.41783924102785,-64.33675186157227
2026-05-09 18:13:13+00:00,CAN,CAN,21.33999988805338,15.400000200871059,0.0,9.720000202181753,4.090000005669956,-1.6400000086403002,-1.215187076406445,-4.746157154703405,4.99658689439557,3.5054035169670135,-1.950663500419855,2.963801532296738,3.316611752222574,-16.06103205591514,-22.969999944795898,-21.25451819228865,51.705896759033195,78.63996505737308,1.0,110.999999673762,0.0,868.15625,1441.28125,229.221421753195,78.6917381286621,230.2036029558426,-3.42780006021175,32.2756892,0.8760922285156226,7.025654241442682,1906.479835510252,1019.5193529129049,1016.8843865394589,1262.227559089662,-64.8474853,2.0,380.686950683594,3.18548822402954,68.4678955078125,-72.1269989013672,67.072057723999,24.933385848999,-2.79299993087324,1.996484144632,-1.41173041216776,0.6393999575876548,43.2999114990234,72.2994689941406,2.0,7.0,2.0,0.0,0.0,26050904.0,6.0,-146.54733671849982,87.20983607758211,36.319664382934604,-66.12115676879884
2026-05-09 18:13:14+00:00,CAN,CAN,21.3499999680172,15.85999978109308,0.0,10.649999954853794,5.440000043237128,0.5400000064891319,-1.21518702304559,-4.11016195570355,4.997667771831724,2.733251100872578,-1.624939889751585,3.016634326187254,3.270668015194974,-15.68757370455288,-20.8100000895941,-21.7460075059054,51.808086776733404,78.65904830932615,1.0,110.999999673762,0.0,890.015625,1463.140625,230.199778049907,78.682681274414,230.57079938977358,-3.7530000088140945,32.2755621,0.35636123460831426,7.034719549119475,1906.525206565858,1145.190691947938,1048.5402703285208,1308.5161924362199,-64.847663,2.0,396.546020507812,3.18548822402954,68.4678955078125,-73.1269989013672,67.066240310669,24.927507340908,-1.9755999874710422,0.336719521540902,0.314207111314834,-0.375400002554831,44.2998962402344,73.2994537353516,2.0,7.0,2.0,0.0,0.0,26050904.0,6.0,-147.2165777779072,87.0985483903405,36.4673601150513,-67.09546417236328
2026-05-09 18:13:15+00:00,CAN,CAN,21.32999980808956,15.81000006429294,0.0,10.779999799100281,5.23999998075338,-0.09000000463891263,-1.21577452603592,-4.07977166932182,4.997667771831724,2.125019425565722,-1.142660125735278,3.0047128286325497,3.2720355471328615,-16.74996659975658,-21.410000106290642,-22.665306571959448,52.0892080307007,78.39585983276366,1.0,110.999999673762,0.0,911.8359375,1484.9609375,229.413377389629,78.3107391357422,229.199800106358,-2.5055999566850398,32.2754359,-0.46592711720453206,7.08911092951894,1906.479811668396,1342.359519004824,1229.456067085268,1482.266545295714,-64.847841,2.0,391.503570556641,3.18548822402954,68.4678955078125,-74.1269989013672,67.072057723999,24.9039962887764,-1.823599997186226,0.710936408099203,1.08893193673326,-1.1789999684554742,45.2998809814453,74.2994384765625,2.0,7.0,2.0,0.0,0.0,26050904.0,6.0,-147.2331259602282,86.97147955102159,36.1420875549316,-66.98381011962891
2026-05-09 18:13:16+00:00,CAN,CAN,21.30999964816192,15.340000062597621,0.0,9.889999854019324,4.269999908226074,-1.350000037567174,-1.215774526035915,-4.07495019609802,4.99658689439557,2.451422597367724,-1.50148101885243,2.9922498251427117,3.2619168780095804,-17.61895380936546,-22.64999977652002,-22.26424213276455,52.03461627960205,78.08766311645509,1.0,110.999999673762,0.0,933.5546875,1506.6796875,228.58953363232,78.1655342102051,228.6467979383216,-1.6993999440404202,32.2753077,-0.13118999803926712,7.052849978208542,1906.452584266662,1444.392609596254,1327.992510795594,1516.955184936522,-64.8480158,2.0,370.783966064453,3.18548822402954,68.4678955078125,-75.1269989013672,67.0584797859192,24.8922407627106,-1.9943999977841382,0.167969399451129,-0.0850146842482744,-0.37179998676789455,46.2998657226562,75.2994232177734,2.0,7.0,2.0,0.0,0.0,26050904.0,6.0,-146.8908542526164,86.81207318107725,35.71925296783445,-66.12327850341799
2026-05-09 18:13:17+00:00,CAN,CAN,21.31999972812574,15.33999972108818,0.0,9.859999955637335,4.159999882397747,-1.4800000098797161,-1.21665572716055,-4.06866791616549,4.99658689439557,2.4298542686953404,-2.20914080377988,3.0122989489889536,3.2589086492556922,-17.92336680293646,-22.8100000314127,-21.86918826003925,52.0659204483032,77.65503799438476,1.0,110.999999673762,0.0,955.2109375,1528.3359375,228.776735457092,77.6081016540527,229.1803969049642,-1.591399968355804,32.2751789,0.4050178804190626,6.998458597809079,1906.3527107238763,1429.028868675234,1388.913869857788,1509.883594512938,-64.8481887,2.0,350.98583984375,3.18548822402954,68.4678955078125,-76.1269989013672,67.0643031597137,24.8824447393417,-2.2791999750874057,-1.3264010723102,0.358440803762012,1.2473999236461224,47.2998504638672,76.2994079589844,2.0,7.0,2.0,0.0,0.0,26050904.0,6.0,-146.489719974737,86.65958920785675,35.39776210784915,-65.02627716064453
2026-05-09 18:13:18+00:00,CAN,CAN,21.39000028787248,16.140000312532617,0.0,11.249999800795598,6.42000002497352,1.9300000224021088,-1.2166557271605551,-4.083132122393465,4.9962266019168515,3.22860796641813,-2.02789116870472,2.9759936334086206,3.2985625077653076,-16.88920205504402,-19.45999988127222,-20.6345231383064,51.467170715332,77.30019332885743,1.0,110.999999673762,0.0,976.71875,1549.84375,229.652761859659,77.1548263549804,230.2462014796584,-2.7085998809409437,32.2750518,0.758265995845479,7.016589026898146,1906.452560424804,1290.6122922897341,1263.7846708297723,1457.0731163024898,-64.8483615,2.0,336.306701660156,3.18548822402954,68.4678955078125,-77.0250015258789,67.0584797859192,24.8687297105789,-2.3835999715039202,0.445833447718295,-0.978691296147074,0.19379999028118297,48.2998352050781,77.2993927001953,2.0,7.0,2.0,0.0,0.0,26050904.0,6.0,-146.2608539960282,86.5470037846728,34.994575881958,-64.35031860351565
2026-05-09 18:13:19+00:00,CAN,CAN,21.32999980808956,15.68999978774608,0.0,10.680000023990516,4.9699999134757915,-0.6100000112829741,-1.2153339254736,-4.063115399257095,4.996947186874288,2.0441373926314883,-1.5661001045686,2.973555170497562,3.305399399058446,-17.491543119078578,-21.93999990474994,-22.07212427933775,52.22897300720215,76.7391860961914,1.0,110.999999673762,0.0,998.125,1571.25,230.165135330437,76.7205986022949,230.050196907084,-2.796000091466166,32.2749274,-0.09876289055009407,7.061915192753078,1906.4889192581181,1425.480961799622,1277.581357955934,1533.053398132322,-64.8485356,2.0,319.843536376953,3.18548822402954,68.4678955078125,-78.0250015258789,67.0584797859192,24.9177113175392,-1.719800054232638,-0.424037647066123,0.308545071255878,0.547799970463497,49.2998199462891,78.2993774414062,2.0,7.0,2.0,0.0,0.0,26050904.0,6.0,-145.36212131258398,86.4707276471167,34.653319931030296,-62.96254486083983
2026-05-09 18:13:20+00:00,CAN,CAN,21.37000012794484,16.20999984775098,0.0,11.29999985910518,6.460000003319324,1.8500000016774796,-1.21577452603592,-4.062239000609215,4.996947186874288,2.9395895362174183,-1.54561044419306,2.966781458454248,3.3103220017706354,-16.88157341676004,-19.50999993958184,-21.78434108884845,52.43568248748775,76.53048294067382,1.0,110.999999673762,0.0,1019.3828125,1592.5078125,230.147376838595,76.5679779052734,230.51960029175538,-2.865399978764058,32.2748049,0.30996616214881895,6.96219764649868,1906.507062911988,1268.2772397995,1181.2057971954341,1430.528235435484,-64.8487097,2.0,300.518859863281,3.18548822402954,68.4678955078125,-79.0250015258789,67.0798182487488,24.8785272240639,-2.549199999676314,0.828062999946668,-0.767930974989227,-0.30779999900305055,50.2998046875,79.2993621826172,2.0,7.0,2.0,0.0,0.0,26050904.0,6.0,-144.3989635528126,86.42739351192755,34.0393404006958,-61.6761405944824
2026-05-09 18:13:21+00:00,CAN,CAN,21.32999980808956,15.77000008594714,0.0,10.789999879064101,5.1299999549250535,-0.29999998700392,-1.21562762360791,-4.078456644463175,4.99658689439557,2.2709663527976844,-1.5944690818428349,2.9640725200520555,3.315517940115676,-17.00516876337656,-21.6100003395291,-21.9709102673483,53.0185277938843,75.93093841552734,1.0,110.999999673762,0.0,1040.5859375,1613.7109375,230.19884914418,75.8952163696289,230.468401193737,-2.33560000602669,32.2746826,0.1316571989867517,7.007523812353615,1906.4616441726678,1293.12484264374,1172.42064476013,1430.314326286314,-64.8488829,2.0,284.255767822266,3.18548822402954,68.4678955078125,-80.0250015258789,67.0507252216339,24.8785272240639,-1.8349999671091184,-0.266658295840541,1.47959954735094,0.3245999903551855,51.2997894287109,80.2993469238281,2.0,7.0,2.0,0.0,0.0,26050904.0,6.0,-142.87135896003102,86.4274208326842,33.638392639160145,-59.533504486083984
2026-05-09 18:13:22+00:00,CAN,CAN,21.36000004798102,16.42000016095328,0.0,11.70000015482742,6.930000090391978,2.5399999909964,-1.216215126598235,-4.072028155793725,4.9962266019168515,2.5761605919436894,-1.3391437507022101,2.9602792464304466,3.324542882509424,-16.535961063624978,-18.810000147775543,-22.462088807357752,53.75624771118165,75.44271697998047,1.0,110.999999673762,0.0,1061.59375,1634.71875,230.768623524743,75.3195533752441,230.47459754135178,-2.07339988671521,32.274562,-0.185135938007704,7.061915285885336,1906.5161466598522,1343.9950466156001,1273.410153388978,1435.8320474624602,-64.8490554,2.0,265.151641845703,3.18548822402954,68.4678955078125,-81.0250015258789,67.1050310134888,24.8824447393417,-1.977000005496168,-0.0291406852637954,-0.260192694697904,-0.38299998689458015,52.2997741699219,81.2993316650391,2.0,7.0,2.0,0.0,0.0,26050904.0,6.0,-140.8515162941452,86.48102074219591,33.008225440979004,-56.393725891113284
2026-05-09 18:13:23+00:00,CAN,CAN,21.3499999680172,16.27999972447878,0.0,11.74999987162758,7.060000020015846,2.449999954340976,-2.94485292268051,-4.0641386469721255,3.9317522279079187,1.837439603958942,-2.22700313584164,2.917200048052068,3.365837437835038,-19.55643839574876,-18.909999922885316,-23.5992034598172,55.075134086608855,75.39147674560544,1.0,110.999999673762,0.0,1082.515625,1655.640625,232.444943192361,75.3212699890136,231.667192283647,-0.7698000195700164,32.2744441,-0.641151554264219,145.23613788187498,1906.497979164124,1464.6815061569218,1407.67035484314,1541.2622690200799,-64.8492292,2.0,249.299819946289,3.18548822402954,68.4678955078125,-82.1269989013672,67.1244323253632,24.9000787734985,-1.7983999715547818,-1.38976676495282,1.64849998696331,2.54579991016314,53.2997589111328,82.29931640625,2.0,7.0,2.0,0.0,0.0,26050904.0,6.0,-139.1257651814662,86.59429601448595,32.655902481079096,-53.82840110778808
2026-05-09 18:13:24+00:00,CAN,CAN,21.319999728125744,16.32999978278838,0.0,11.760000122346119,7.030000036256491,2.4199999705816237,-4.4189676146845205,-4.074366001480575,-0.23821801779467183,2.084039272385334,-2.082528093031475,2.93806222054164,3.340130697544546,-22.54182050836968,-18.89999984292152,-24.03790907152805,56.3699209213257,75.34738723754883,1.0,110.999999673762,0.0,1103.5078125,1676.6328125,234.011433418125,75.467113494873,233.284209516815,0.7688000045033202,32.274331,-0.6907609791141668,1527.3230791091898,1906.434416770934,1491.263604164122,1479.949998855592,1540.142583847044,-64.8494082,2.0,230.817626953125,3.18548822402954,68.4678955078125,-83.0250015258789,67.072057723999,24.8844042420387,-2.148000023915052,-0.829296222617825,0.922890358175363,0.6055999860773726,54.2997436523438,83.2993011474609,2.0,7.0,2.0,0.0,0.0,26050904.0,6.0,-137.15891658731277,86.8098158035566,32.69586181640625,-51.1432738494873
2026-05-09 18:13:25+00:00,CAN,CAN,21.33999988805338,16.21999958620536,0.0,11.73999962090904,7.000000052497137,2.3900000295109516,-4.41764533274989,-4.081086694180454,1.2493069555679506,3.255568345242098,-2.34205628502833,2.942939146363756,3.339857447289064,-25.162136181552082,-18.94999990123112,-23.971589642234548,56.06422119140625,74.66679107666015,1.0,110.999999673762,0.0,1124.3359375,1697.4609375,233.050780971741,74.7163833618164,233.32960022196357,0.4636000103893278,32.2742197,0.2136945410768155,1863.493871688844,1906.5978765487682,1363.745021820068,1415.019917488098,1452.250337600706,-64.8495868,2.0,216.086227416992,3.18548822402954,68.4678955078125,-84.1269989013672,67.0759379863739,24.8981192708015,-3.299799839222138,-0.770137019369436,-2.24360743243565,-0.5395999828533731,55.2997283935547,84.2992858886719,2.0,7.0,2.0,0.0,0.0,26050904.0,5.0,-135.7739591293092,87.11169650449276,32.72396450042725,-48.6245825958252
2026-05-09 18:13:26+00:00,CAN,CAN,21.4000003678363,16.259999906060603,0.0,11.719999802490861,6.990000057910686,2.330000019303562,-3.8677711352210853,-4.095258696377995,2.425849600718918,4.396901237155598,-3.71902669057113,3.3704786367534303,2.920073039060386,-25.640117942311456,-19.070000177777978,-23.23805123103725,55.69498615264895,73.98240325927733,1.0,110.999999673762,0.0,1145.015625,1718.140625,232.813308954678,74.0007888793945,235.05800418011577,-1.1052000065931962,32.274107,1.3814480854635913,1893.046951293946,1906.7067861557,1132.60324001312,1200.9989976882941,1349.78392124176,-64.849762,2.0,199.443374633789,3.18548822402954,68.4678955078125,-85.0250015258789,67.1302497386932,24.8589336872101,-3.2195998860538957,1.11127700732466,-1.49862205107625,7.028200081306986,56.2997131347656,85.2992706298828,2.0,7.0,2.0,0.0,0.0,26050904.0,5.0,-134.2383796076528,87.4419088301062,32.74932231903075,-47.3192763519287
2026-05-09 18:13:27+00:00,CAN,CAN,19.230000091161223,14.909999526983952,0.0,11.39000006651536,7.5600000054704894,3.4100000322818262,-3.6392455987537398,-4.09467428831714,2.1483802946970956,3.9716421334863803,-7.57727013878687,3.3878185660653863,2.8954605804522937,-24.76121159048044,-15.800000496593313,-22.644241414785547,54.51589736938475,72.65867843627927,1.0,110.999999673762,0.0,1165.3828125,1738.5078125,247.931577512664,72.6146095275879,250.35759513603662,-2.497400015765664,32.2740137,2.3324403178279596,1890.0916576385503,1906.715869903562,1135.7900381088239,1163.652944564818,1320.43843269348,-64.8499474,2.0,184.076507568359,3.18548822402954,68.4678955078125,-86.1269989013672,67.0701205730438,24.8648121953011,-2.832000012213236,1.22235829478728,-1.78826145219423,21.08619996227,57.2996978759766,86.2992553710938,2.0,7.0,2.0,0.0,0.0,26050904.0,5.0,-133.8171509132356,87.79874523310434,32.96307678222655,-47.8515838623047
2026-05-09 18:13:28+00:00,CAN,CAN,-6.249999972929557,-5.649999950896936,0.0,-2.920000020069286,-1.630000003381679,-1.2599999688952361,-3.57168574307391,-4.06720625568311,1.722806852915668,2.3446586511351244,-8.1672494995747,3.3688529663535993,2.9197997888049043,-10.467541354951193,4.990000025378658,-22.463967963153102,49.178014755249,69.74905517578125,1.0,110.999999673762,0.0,1185.25,1758.375,271.524744792802,69.8701904296875,273.50979993920737,-3.4892000457555823,32.2739803,1.7610383778914804,1890.1007413864122,1853.314733505246,1129.242038726806,1074.937796592714,1232.9402446746822,-64.8501519,2.0,179.466720581055,3.18548822402954,68.4678955078125,-87.0250015258789,66.9673144817352,24.8804852366447,-2.0141999904804058,0.815641660610765,-2.62854536811334,24.60459945092554,58.2996826171875,87.2992401123047,2.0,7.0,2.0,0.0,0.0,26050904.0,5.0,-143.51169739094703,88.15179088111316,33.27845649719235,-52.500523452758785
2026-05-09 18:13:29+00:00,CAN,CAN,-21.85000020960394,-17.220000069378802,0.0,-12.770000173219259,-8.480000019688175,-3.990000059805446,-3.62793629959208,-4.08649257546511,0.8190487724121789,3.2717451360270866,-5.7600498584505555,3.4084097507996374,2.88479494124254,9.240710289441594,17.86000006442112,-12.317383643291869,35.52833290100095,65.30347732543945,1.0,110.999999673762,0.0,1204.0390625,1777.1640625,294.969860892491,65.3242607116699,295.47779747238417,-1.4661999328268263,32.2740194,1.0758410574317905,1889.9375677108778,1090.4468774795537,1059.950423240662,950.2719879150387,1120.833802223206,-64.8503436,2.0,178.668380737305,3.18548822402954,68.4678955078125,-88.1269989013672,72.1423745155334,24.4925543665886,-1.2347999966246441,0.215110097782301,2.23713732230094,17.74239957483914,59.2996673583984,88.2992248535156,2.0,7.0,2.0,0.0,0.0,26050904.0,5.0,-172.7495679596912,88.49415411326005,33.472002983093304,-59.866042098999
2026-05-09 18:13:30+00:00,CAN,CAN,-21.269999328306636,-16.64999995106428,0.0,-12.5600000307717,-8.359999913896036,-4.0200000435648,-3.64967294973882,-4.069836518843795,1.8528934405646218,4.626965572554264,-4.59007260457322,3.519494069158702,2.772670257006834,9.062182463406343,17.250000309270263,7.780622372737911,29.641032600402802,61.9611328125,1.0,110.999999673762,0.0,1221.6484375,1794.7734375,309.013494807225,61.8456939697266,309.52558414213286,-0.4432000095868582,32.2741026,0.8564298801393851,1890.34550189972,240.65910279750818,785.3347182273862,765.2013540267944,816.8384671211242,-64.850503,2.0,182.434143066406,3.18548822402954,68.4678955078125,-89.1269989013672,91.7718946933746,34.3025088310242,-1.916600002335508,0.242697992232136,1.3402122484205,11.66599947313909,60.2996520996094,89.2992095947266,2.0,7.0,2.0,0.0,0.0,26050904.0,5.0,172.3667003397282,88.8261320427739,33.41180820465085,-61.2957733154297
2026-05-09 18:13:31+00:00,CAN,CAN,-21.2999995681981,-16.7399999877197,0.0,-12.699999954982,-8.460000030515276,-4.390000014018216,-3.654960156486645,-4.058293499146474,2.160271504631698,5.004414291184403,-1.445265727187919,3.572327076492632,2.714419927821394,10.060488888910932,16.909999981066722,15.040961915639251,28.927701473236098,60.134089965820294,1.0,110.999999673762,0.0,1238.5625,1811.6875,317.697315355709,60.1648132324219,317.5357786497624,-0.8034000059428423,32.2742074,0.28646291529794743,1890.871286392212,43.8321497291326,800.3623127937318,712.6530289649961,772.5772500038149,-64.8506339,2.0,193.332717895508,3.18548822402954,68.4678955078125,-90.1269989013672,100.0,34.4278991222382,-0.725200009536817,1.36723514481971,-1.42495397856602,2.8685998446834646,61.2996368408203,90.2991943359375,2.0,7.0,2.0,0.0,0.0,26050904.0,5.0,167.484563083273,89.2222522787834,33.28259868621825,-59.03658050537108
2026-05-09 18:13:32+00:00,CAN,CAN,-21.32999980808956,-17.57999987449104,0.0,-14.3299998409698,-10.82000011895556,-7.25000000253578,-3.675962561297615,-1.200331655085501,2.4968383607724762,4.997224919441419,0.685068107154411,3.637893733562264,2.644957501603918,14.513766422098438,14.079999890931159,17.3685631725063,28.68343076705935,59.41331954956054,1.0,110.999999673762,0.0,1255.1328125,1828.2578125,317.721822074451,59.4098945617676,317.7273955088134,-2.19039995998047,32.2743181,0.06703717812163645,1891.016268730166,5.592521652579306,1155.413269996642,1004.134929180144,1098.6821889877324,-64.8507532,2.0,202.342422485352,3.18548822402954,68.4678955078125,-91.1269989013672,100.0,34.3652039766312,-0.6307999810263267,-0.435136891230379,-1.15574132537803,0.04360002164692998,62.2996215820312,91.2991790771484,2.0,7.0,2.0,0.0,0.0,26050904.0,5.0,163.4473038346946,90.1614442707952,33.250273132324196,-57.25120536804199
2026-05-09 18:13:33+00:00,CAN,CAN,-21.249999168379,-16.299999884406418,0.0,-11.84999981749208,-7.129999811366275,-2.5400000657015926,-3.66700348754067,0.6118106997680279,2.42621002126368,4.997944052983657,0.2905216327740825,3.781220045275738,2.682423309012918,16.919696117612478,18.710000031156277,24.0755562204595,31.53117542266845,59.53899215698242,1.0,110.999999673762,0.0,1271.6484375,1844.7734375,318.307879625994,59.5946708679199,318.3688049133912,-1.9833999781258302,32.2744287,0.06465268385608895,1890.8803224563603,5.619757436215876,1466.218900680542,1306.501626968384,1425.8396625518799,-64.8508716,2.0,215.649551391602,3.18548822402954,68.4678955078125,-92.1269989013672,100.0,34.4004690647125,-0.9889999939396684,-0.779841277436996,-0.287103506625622,0.8065999749153996,63.2996063232422,92.2991638183594,2.0,7.0,2.0,0.0,0.0,26050904.0,5.0,156.0312510905106,91.03874450364285,33.24779262542725,-54.88535591125488
2026-05-09 18:13:34+00:00,CAN,CAN,-21.28999948823428,-15.909999839402701,0.0,-11.009999930720763,-5.799999933726732,-0.8200000043201499,-3.79565949206797,0.6118106730876015,3.2251060857419818,4.997584443523854,-0.172319402859207,3.8213188906097786,2.7286406804941357,19.919956089792983,20.4699997613906,27.28603712095255,34.8050411224365,60.58318359374998,1.0,110.999999673762,0.0,1288.265625,1861.390625,319.437592914715,60.5231941223144,319.6551972775198,-1.0411999654675008,32.2745416,0.049456607371396975,1890.989112854004,5.465421359986064,1422.167181968688,1384.58704948425,1438.198757171632,-64.8509888,2.0,223.206893920898,3.18548822402954,68.4678955078125,-93.1269989013672,100.0,34.4866782426834,-2.3013999255032855,-0.821194390962574,1.5328520777103,2.4683999717008023,64.2995910644531,93.2991485595703,2.0,7.0,2.0,0.0,0.0,26050904.0,5.0,149.7781145506398,91.7172418354136,33.199624443054205,-52.593614730834986
2026-05-09 18:13:35+00:00,CAN,CAN,-21.24999950988848,-16.4800002992267,0.0,-12.380000128215556,-7.409999958607666,-2.429999837102028,-5.204124113317115,0.6110801630115275,2.6600772779261623,4.9979439676062904,-1.1699771471556248,3.8324269980117003,2.734930644389484,20.2495465266825,18.8200000569846,28.78093159628925,39.8078784942627,62.49052139282228,1.0,110.999999673762,0.0,1305.390625,1878.515625,323.23856586707,62.6463157653808,324.3195990315378,-0.35540000354352197,32.2746618,0.9540164266854377,1890.9619331359877,5.601600278168917,1252.142953872682,1301.7325878143317,1300.482916831968,-64.8511037,2.0,237.622436523438,3.18548822402954,68.4678955078125,-94.1269989013672,100.0,34.4298601150513,-2.6626000082961077,-0.177483892985596,-0.911402727043342,5.4205996592959895,65.2995758056641,94.2991333007812,2.0,7.0,2.0,0.0,0.0,26050904.0,5.0,145.9214946810784,92.24742843954665,32.758899307251,-51.98365104675291
2026-05-09 18:13:36+00:00,CAN,CAN,-21.319999728125744,-14.939999937630159,0.0,-9.170000073040123,-3.1500000449680563,2.6700000273419677,-5.238638126410245,0.6109342477592975,2.964212581618726,4.996865309981617,1.319177613654385,3.757648208676378,2.799744315791802,19.811999827319084,23.980000507933216,25.98158966401695,40.4188659667969,62.77117813110351,1.0,110.999999673762,0.0,1322.84375,1895.96875,327.83058400834,62.7904907226562,326.47639791858484,-0.05039999523399328,32.274792,-0.939683536180348,1890.952825546264,5.556207336485384,1190.5241489410423,1246.165204048156,1239.454722404482,-64.8512085,2.0,251.708755493164,3.18548822402954,68.4678955078125,-95.1269989013672,100.0,34.4161450862884,-2.154599993021354,0.959030489899487,0.399382771916066,-1.05399998009594,66.299560546875,95.2991180419922,2.0,7.0,2.0,0.0,0.0,26050904.0,5.0,145.0565140604366,92.8126504990273,32.19364757537841,-51.4426904296875
2026-05-09 18:13:37+00:00,CAN,CAN,-21.319999728125744,-18.87000028604896,0.0,-16.219999756960057,-13.990000195785191,-12.890000022879287,-5.26551513423765,0.611372473763663,3.840944073151976,4.997224919441418,-0.117683412347379,3.7557517212759577,2.8087690447421423,18.81903478050018,8.449999950551454,27.031222399813252,43.267315292358404,62.824475555419895,1.0,110.999999673762,0.0,1340.265625,1913.390625,327.696138564717,62.8831672668457,327.3532029627178,1.426799986599606,32.2749242,-0.3940918886054774,1890.9890890121483,5.48357842490077,979.6293854713437,1152.045011520384,1067.522537708283,-64.8513096,2.0,264.425628662109,3.18548822402954,68.4678955078125,-96.1269989013672,100.0,34.4729632139206,-3.043999905983734,0.477144582338367,1.16816042355811,4.59319983870122,67.2995452880859,96.2991027832031,2.0,7.0,2.0,0.0,0.0,26050904.0,5.0,136.57471411514763,93.35081817920555,31.855428314209,-45.32477714538572
2026-05-09 18:13:38+00:00,CAN,CAN,-21.21000021456164,-17.14999985114158,0.0,-14.09999970934932,-9.929999917742503,-5.279999991115691,-5.241575748083585,0.6109342477592975,1.995591737728256,4.997584443523854,-0.7517909811813841,3.7470817352756383,2.8106834613891296,19.15892343511074,15.919999919366537,27.78690086920505,47.3476100921631,62.165269775390655,1.0,110.999999673762,0.0,1357.6875,1930.8125,332.318154896821,62.1849723815918,332.53259551600297,0.08980000149217138,32.2750597,0.6524528172814333,1890.9891128540057,5.583443120121957,1108.4138154983507,1155.758094787598,1068.3557510375983,-64.8514036,2.0,278.085968017578,3.18548822402954,68.4678955078125,-97.1269989013672,100.0,34.433776140213,-1.259999968895237,1.78129103070282,-1.57301881939356,2.982399902618929,68.2995300292969,97.2990875244141,2.0,7.0,2.0,0.0,0.0,26050904.0,5.0,135.1468685333076,93.72914577242716,29.71080780029295,-42.80044029235842
2026-05-09 18:13:39+00:00,CAN,CAN,-21.249999168379,-15.1400001708686,0.0,-9.580000107216708,-3.740000024389442,2.100000037093484,-5.251415702800045,0.610496048435359,3.3159143472196297,4.996146261816744,0.6130943217647411,3.753313258364898,2.81095679702198,19.4011574600631,23.35000025134524,25.9993063209503,45.91726741790775,61.97694076538088,1.0,110.999999673762,0.0,1374.8359375,1947.9609375,333.774952284515,61.9323623657226,333.36479669278003,-0.2660000030087475,32.2751978,-0.3317355992046093,1891.0525798797619,5.51989283412695,1163.20161819458,1198.83644580841,1170.5558061599738,-64.8514873,2.0,293.7431640625,3.18548822402954,68.4678955078125,-98.1269989013672,100.0,34.4533711671829,-2.493000007902344,-1.6387366584316,0.773832205071266,1.1670000251109358,69.2995147705078,98.299072265625,2.0,7.0,2.0,0.0,0.0,26050904.0,5.0,134.17996782987103,94.18076812563214,28.882567405700648,-41.986752319335935
2026-05-09 18:13:40+00:00,CAN,CAN,-21.26999932830664,-13.8799998284474,0.0,-7.379999932159644,-5.3360850404970964e-09,7.159999816469968,-5.219985947003995,0.609911426931088,3.354832039402764,4.996505615144448,-0.754943850530124,3.783658337432068,2.775678571138088,17.834079838030398,28.43000057484748,27.18681240155885,49.019722366333,62.929647674560535,1.0,110.999999673762,0.0,1392.2109375,1965.3359375,336.535769388548,63.0100524902344,336.61200522798765,0.03880000182053482,32.2753395,0.18027013925743476,1890.971016883852,5.447264108806848,1006.796979904173,1075.3422975540182,1138.081979751588,-64.8515668,2.0,307.977020263672,3.18548822402954,68.4678955078125,-99.1269989013672,100.0,34.445533156395,-2.0972000437319176,1.76306680533675,-0.248877045594749,3.3267999985619334,70.2994995117188,99.2990570068359,2.0,7.0,2.0,0.0,0.0,26050904.0,5.0,130.30403218533678,94.585139230159,29.31691360473635,-38.2841118621826
2026-05-09 18:13:41+00:00,CAN,CAN,-21.26999932830664,-12.380000128215581,0.0,-4.42999994967534,4.119999989429312,12.989999883366446,-5.24010683052521,0.6094732276071495,3.0625882231212436,4.99758452890122,3.7610512437086348,3.73624410336485,2.8063076153199984,19.37826915464492,34.26000006544676,26.285749086815002,49.067734336853,63.19417098999022,1.0,110.999999673762,0.0,1409.71875,1982.84375,336.933532285052,63.1437767028809,334.9115941171292,-1.2375999686418708,32.2754853,-1.8199082052346391,1891.007232666016,5.311085190623997,1297.304272651672,1253.295683860776,1400.865054130554,-64.8516392,2.0,303.367095947266,3.18548822402954,68.4678955078125,-100.126998901367,100.0,34.5023512840271,-1.690399974525824,-1.46155333379012,-2.89243164768749,-7.156599940400218,71.2994842529297,100.299041748047,2.0,7.0,2.0,0.0,0.0,26050904.0,5.0,129.50402578823181,94.97639637147945,29.72873783111575,-37.145503234863305
2026-05-09 18:13:42+00:00,CAN,CAN,-21.299999568198096,-13.870000089993042,0.0,-6.760000182422315,0.14999996148544623,6.1499999363515965,-5.280348811011045,0.6121029838397369,4.937128987764869,4.996505615144448,4.641555795772425,3.7674020603206144,2.7997443157918043,18.63135176890144,27.430000091674042,25.3793804226334,52.156128501892056,65.36963836669922,1.0,110.999999673762,0.0,1427.4765625,2000.6015625,328.821535173882,65.3802841186524,326.28379204814183,-1.1427999525141943,32.2756281,-2.4146576527449297,1890.9619092941298,5.4744998924434185,1126.8447756767284,1201.842212677004,1329.7039270400999,-64.8517259,2.0,296.307647705078,3.18548822402954,68.4678955078125,-101.025001525879,100.0,34.6179455518723,-3.7659999932387422,-0.745587772027676,1.02809533507425,-7.925599711928494,72.2994689941406,101.299026489258,2.0,7.0,2.0,0.0,0.0,26050904.0,5.0,122.26706333616062,95.34842311519171,30.91211643218995,-33.492021789550776
2026-05-09 18:13:43+00:00,CAN,CAN,-21.233332937621764,-15.666666723176467,0.0,-10.550000122825766,-5.2666668037386435,-0.01666667543103624,-5.288279514411075,0.6123952679114459,4.248259842984747,4.99818373570528,4.1030615471745,3.755299904262363,2.8129620409553695,17.60163711692623,21.2333329376218,25.94612561429895,55.12525749206545,67.16564712524412,1.0,110.999999673762,0.0,1427.4765625,2000.6015625,328.821535173882,65.3802841186524,319.70734895925466,-1.0143333220964137,32.2757377,-1.84474601383927,1891.1251227060932,5.583443058033787,971.9560742378236,1105.2629152933732,1144.4637775421133,-64.8518152,2.0,296.307647705078,3.18548822402954,68.4678955078125,-101.025001525879,100.0,34.6179455518723,-3.31433328649282,-0.745587772027676,1.02809533507425,-9.653333173177721,72.2994689941406,101.299026489258,2.0,7.0,2.0,0.0,0.0,26050904.0,5.0,123.79000245439333,95.7058981408772,31.6298120498657,-30.71275749206545
2026-05-09 18:13:46+00:00,CAN,CAN,-21.237499495311074,-17.487500244731475,0.0,-14.224999983189424,-10.737499843452227,-7.150000184737312,-5.26639601519718,0.609619142859379,4.488493284184848,4.9971350170764675,0.927783975272265,4.585497551768072,3.8512556310862878,17.467010957881925,14.074999850949226,22.9035760136081,51.2492534637451,71.2749589920044,1.0,110.999999673762,0.0,1503.96875,2077.09375,300.760686516125,71.397770690918,299.75567426781134,0.377666665697687,32.2761032,-0.9312527153013761,1890.7927274703968,5.417002209772666,1013.6980414390554,1176.9172350565568,1172.59693145752,-64.852362,2.0,238.713348388672,3.18548822402954,68.4678955078125,-105.025001525879,100.0,34.5239013433456,-3.12233332497698,1.96751176283328,0.658384078851479,0.14266665684591237,76.2994079589844,105.298965454102,2.0,7.0,2.0,0.0,0.0,26050904.0,5.0,138.97455572154468,95.9580174986153,32.265393447876,-54.76560173034667
2026-05-09 18:13:47+00:00,CAN,CAN,-21.25999924834282,-17.43000004107164,0.0,-14.08999997089498,-10.569999998162201,-6.890000197423541,-5.251415702800045,0.608742690850649,3.239520090079554,4.996505700521814,0.534290320524631,4.694821111392135,4.07359081769846,18.00650420702334,14.3699998193156,23.1989296150187,50.3359977722168,71.05238937377929,1.0,110.999999673762,0.0,1523.75,2096.875,301.121347825058,70.9236763000488,300.5548027579356,-0.2523999951366505,32.2761763,-0.6568644204580891,1890.481495857238,5.329242348670958,1189.2668485641502,1290.3821229934679,1277.163076400758,-64.852507,2.0,222.578216552734,3.18548822402954,68.4678955078125,-106.025001525879,100.0,34.5160663127899,-3.1221999797629936,-0.766912049503279,-0.811514838969902,1.6337999791264146,77.2993927001953,106.298950195312,2.0,7.0,2.0,0.0,0.0,26050904.0,5.0,140.6462035397702,95.56804101776424,32.28398265838625,-56.5394258880615
2026-05-09 18:13:48+00:00,CAN,CAN,-21.25999993136178,-17.1000001343414,0.0,-13.44000006664354,-9.63000016552633,-5.660000009516418,-5.2571434567493345,0.6093268321072436,3.728514847856654,4.996865309981617,1.035482398105028,4.750905502214398,4.12500412752472,18.083942501266698,15.600000092600078,22.81022269557965,49.7355125427246,71.14632522583008,1.0,110.999999673762,0.0,1543.484375,2116.609375,302.586778571863,71.3816070556641,301.5649877361804,-1.1297999894338844,32.2762703,-0.6638092340761963,1890.526795387268,5.320163816213606,969.7963356971743,1162.072801589966,1184.744358062744,-64.8526859,2.0,203.651290893555,3.18548822402954,68.4678955078125,-107.126998901367,100.0,34.4886362552643,-4.012999953439183,0.629576422005628,0.0726718320568671,-0.1859999996263916,78.2993774414062,107.298934936523,2.0,7.0,2.0,0.0,0.0,26050904.0,5.0,141.7936725882568,95.13967545868314,32.306408500671395,-58.410744323730455
2026-05-09 18:13:49+00:00,CAN,CAN,-19.249999568069942,-14.910000210002881,0.0,-11.270000131477953,-7.169999960466806,-3.0200000246307392,-5.258024764595675,0.609619142859379,3.471224866162128,4.997224919441419,-1.6065530738667664,4.753343452861268,4.131840805374446,17.46825012495206,16.229999666169142,23.9182236667019,50.1019271850586,71.12321411132811,1.0,110.999999673762,0.0,1563.265625,2136.390625,302.481620979401,71.2898712158203,303.66059359241524,-0.891000002169332,32.2763656,0.5901822227422665,1890.236735343932,5.40187107399106,831.9635152816772,947.9968905448907,1083.38277339935,-64.8528644,2.0,184.802444458008,3.18548822402954,68.4678955078125,-108.025001525879,100.0,34.4847172498703,-4.125599890775076,0.402004470659867,0.575335275124765,5.504799798129014,79.2993621826172,108.298919677734,2.0,7.0,2.0,0.0,0.0,26050904.0,5.0,141.8390824179348,94.77474528151855,32.33102989196775,-57.963527984619134
2026-05-09 18:13:50+00:00,CAN,CAN,-18.97000006115872,-13.530000103298999,0.0,-8.549999896415969,-3.2800000172805994,2.15000004204225,-7.170394062381915,0.6078653317074201,4.06183853808044,4.997584358146488,-2.50596897899929,4.748466612416517,4.124183565673306,18.61494872810016,21.13000025787004,24.613141627011,49.2214502334595,70.1013935852051,1.0,110.999999673762,0.0,1582.9296875,2156.0546875,310.407427133797,70.2813606262207,311.22760717763515,-1.068799996843325,32.2764706,0.5680905468329851,1890.21861553192,5.483578518033027,648.6083388328553,833.1924915313723,791.0592555999764,-64.853033,2.0,170.63330078125,3.18548822402954,68.4678955078125,-109.126998901367,100.0,34.4827592372894,-4.094600052698594,0.718119259145971,0.180919224674061,8.850799805293395,80.2993469238281,109.298904418945,2.0,7.0,2.0,0.0,0.0,26050904.0,5.0,143.0997686821032,94.43668506854875,32.37024421691895,-56.84990295410157
2026-05-09 18:13:51+00:00,CAN,CAN,-18.94999990123112,-13.319999960851419,0.0,-8.12999986765293,-2.710000005687773,2.820000052860441,-7.88094248371975,0.6083044915267105,3.034840963816204,4.996505700521814,-6.079468777628075,4.7622845973716394,4.125824347866676,18.55009847249714,21.769999911402877,26.8923433096457,49.219457244873055,68.51778167724608,1.0,110.999999673762,0.0,1602.21875,2175.34375,320.942529475679,68.5276542663574,324.4632078569506,-0.625399996115917,32.2765946,2.120646994591173,1890.2910947799678,5.5108143016695985,440.9231305122374,607.8417181968689,629.4686436653138,-64.8531766,2.0,154.221038818359,3.18548822402954,68.4678955078125,-110.025001525879,100.0,34.5003932714462,-3.4119999970481714,-0.108628335745981,-1.65082054373382,19.4805980242617,81.2993316650391,110.298889160156,2.0,7.0,2.0,0.0,0.0,26050904.0,5.0,140.20126042855458,94.1112743659219,32.35225925445555,-53.27484191894528
2026-05-09 18:13:52+00:00,CAN,CAN,-18.87000028604898,-10.560000088953107,0.0,-2.8800000097069756,5.3099999748750495,14.03000008875363,-7.682376077942785,0.6053810104793864,2.1663977787747157,4.995426957519774,-8.87280846772384,4.782062776151245,4.101211761192536,19.78300840636804,32.910000540143784,29.533736263587848,47.457969474792506,65.16429977416992,1.0,110.999999673762,0.0,13.0,2194.015625,345.919329157121,65.2778709411621,348.51338036237894,-3.2647999435469237,32.2767425,2.91658460531917,1890.1007413864122,5.583443026989699,592.3358500003816,550.5540609359742,692.8313970565796,-64.8532665,3.0,142.084579467773,3.18548822402954,68.4678955078125,-111.126998901367,100.0,34.5532923936844,-1.3303999939897826,3.99219775854826,-3.32001088124039,25.99619790185904,0.800000071525574,111.298873901367,2.0,7.0,3.0,0.0,0.0,26050904.0,5.0,141.2337090914182,93.7960645508203,32.230120468139646,-50.5305347442627
2026-05-09 18:13:53+00:00,CAN,CAN,-18.8000000678117,-8.0400000871296,0.0,2.120000026266382,12.580000019944581,23.30999993148998,-7.650799686522991,0.6052350952271566,0.6406756341533716,4.996505700521814,-9.242136006053471,4.786126824084768,4.107228218700304,15.977847523523039,42.10999999930171,33.771776436026954,50.22863903045655,59.396981506347664,1.0,110.999999673762,0.0,30.296875,2211.3125,11.6973947791685,59.2133491516113,13.79839938767854,-3.2738000411275663,32.2768962,2.560330262504354,1889.9828910827641,5.4835785180330285,1077.9093384742737,761.7414832115174,1067.279219627379,-64.8532736,3.0,141.310607910156,3.18548822402954,68.4678955078125,-112.126998901367,100.0,34.6199065446854,0.2374000012559418,-0.46049487565855,1.79652800880235,22.92219852438014,1.80000030994415,112.298858642578,2.0,7.0,3.0,0.0,0.0,26050904.0,5.0,116.35349101691513,93.49075167982619,32.1213575363159,-31.600563697814938
2026-05-09 18:13:54+00:00,CAN,CAN,-18.1333331928659,-8.633333213095499,0.0,0.36666664603938165,8.750000101195322,18.066666846880768,-7.69060090636395,0.60552689905119,1.782264563889904,4.99578648160221,-6.10363590790228,4.893237452221206,4.011694391238456,13.795204282103034,36.20000032433787,32.0281230560238,64.9109550476074,56.14997749328614,1.0,110.999999673762,0.0,30.296875,2211.3125,11.6973947791685,59.2133491516113,28.075332643074333,-0.3083333442850843,32.2770052,0.8538859886338791,1890.3998931248968,5.34134715174635,1088.4362657864888,899.3718028068544,963.5913570721933,-64.8532306,3.0,141.310607910156,3.18548822402954,68.4678955078125,-112.126998901367,100.0,34.6199065446854,-1.31933330283617,-0.46049487565855,1.79652800880235,11.671999851243223,1.80000030994415,112.298858642578,2.0,7.0,3.0,0.0,0.0,26050904.0,5.0,82.8918269119756,93.2677835694657,32.5806358337402,-19.81298103332515
2026-05-09 18:13:55+00:00,CAN,CAN,-15.99999987605815,-9.549999952702624,0.0,-3.3500000007301,2.550000006927195,7.674999900525995,-7.69060090636395,0.60552689905119,6.52627221893022,4.991292857458575,-6.10363590790228,5.056251585003395,3.843735059201575,8.679377510429081,23.67499977658415,32.0281230560238,64.9109550476074,52.8519458770752,1.0,110.999999673762,0.0,30.296875,2211.3125,11.6973947791685,59.2133491516113,32.2199984377351,1.58149999335201,32.2771781,-1.0006543030317818,1890.8758163452148,8.760987082496305,438.4847581386565,614.9396896362305,455.2592039108275,-64.8531005,3.0,141.310607910156,3.18548822402954,68.4678955078125,-112.126998901367,100.0,34.6199065446854,-2.89150007391772,-0.46049487565855,1.79652800880235,-1.89349999306958,1.80000030994415,112.298858642578,2.0,7.0,3.0,0.0,0.0,26050904.0,5.0,65.2627648779845,93.2677835694657,32.5806358337402,-19.81298103332515
2026-05-09 18:13:56+00:00,CAN,CAN,-15.910000180912181,-9.019999898111255,0.0,-2.570000097485713,4.47000003474285,11.829999913696588,-7.75595727898451,0.6100573688637445,4.728846894025656,4.995067433437338,0.41660880248752696,5.2646024928984945,3.8682112128470436,8.599459857516969,27.749999576930996,24.23276497703845,73.79262199401856,52.048436737060534,1.0,110.999999673762,0.0,76.0703125,2257.0859375,30.4121822606688,52.0860271453857,31.707000346157805,-0.0519999750511966,32.2772569,0.9247376415333315,1890.862226486206,6.128158885985612,719.7130262851721,803.2228350639341,749.7474431991586,-64.8530446,3.0,155.968795776367,3.18548822402954,68.4678955078125,-115.126998901367,58.913779258728,22.8115200996399,-1.2165999837455819,3.04475489801911,-2.25821208442842,0.6619999689918898,4.79999780654907,115.298812866211,2.0,7.0,3.0,0.0,0.0,26050904.0,5.0,62.933033797379494,93.26220672000841,33.56239471435545,30.343312454223632
2026-05-09 18:13:57+00:00,CAN,CAN,-15.9000007839673,-7.70000010043554,0.0,0.0999999992253633,8.01999992720197,16.139999629513742,-7.737892709290295,0.609765058111609,2.1930634562803397,4.995786566979576,-1.45524981623814,5.641205804864118,4.154265853212161,7.897173830640734,32.0099998320801,24.3775453506488,73.27046928405764,50.34964622497561,1.0,110.999999673762,0.0,90.28125,2271.296875,32.1913304262412,50.2924369812012,33.91259820274914,-0.4580000049899004,32.2773673,1.907709700045772,1890.8531427383418,5.765014886856077,1364.8859024047858,1238.686299324036,1286.744642257688,-64.8529679,3.0,162.887176513672,3.18548822402954,68.4678955078125,-116.126998901367,58.8148593902588,22.8428676724434,-0.9339999863615919,-1.91266897233607,0.977069446384314,2.34799987295539,5.79999685287476,116.298797607422,2.0,7.0,3.0,0.0,0.0,26050904.0,5.0,59.80380311970566,93.29600249602166,32.6713623046875,31.019355010986324
2026-05-09 18:13:58+00:00,CAN,CAN,-15.9000007839673,-7.670000031298821,0.0,0.16000000409666654,8.010000017992883,16.16999986940518,-7.7403891434319405,0.6096191428593796,4.436602821612038,4.37065982111914,0.23378373492151602,5.739013857646606,4.086717416754849,7.14071928100442,32.07000031186298,22.9848006232179,73.094983291626,49.73292869567867,1.0,110.999999673762,0.0,104.1640625,2285.1796875,35.3639532957122,49.769779586792,35.81679961881642,-0.3687999862575258,32.2774722,0.7160397760366486,1890.871262550354,5.810407921671867,1121.5583205223072,1146.474385261534,1153.1287670135478,-64.8528873,3.0,168.945358276367,3.18548822402954,68.4678955078125,-117.126998901367,58.898264169693,22.8977277874947,-2.85460004095975,-1.03910901511089,-0.0157657858192086,1.2523999373644845,6.79999589920044,117.298782348633,2.0,7.0,3.0,0.0,0.0,26050904.0,5.0,57.16407912248722,93.3018388926674,32.6228937149048,32.58353691101074
2026-05-09 18:13:59+00:00,CAN,CAN,-15.870000544075841,-6.110000022038808,0.0,3.1399999650042356,12.709999864191099,22.58999997975606,-7.429322691835695,0.609180916855014,5.380359258291402,3.9960866975069402,1.1825847692289724,5.75987649971168,4.06784790926695,8.276354855999118,38.46000018232238,22.0029233639881,72.80075569152831,48.9293014526367,1.0,110.999999673762,0.0,117.8828125,2298.8984375,35.7732387213468,48.97506980896,35.86359939199046,-0.6440000099523786,32.2775731,0.2850596779041796,1890.8803462982178,5.656071938574312,865.2019262313845,986.8381977081308,1035.5511426925661,-64.8528032,3.0,176.782470703125,3.18548822402954,68.4678955078125,-118.126998901367,58.8284373283386,22.8507056832314,-2.6563999040770283,1.45886650812537,-0.143845771612239,-1.61179989670424,7.79999494552612,118.298767089844,2.0,7.0,3.0,0.0,0.0,26050904.0,5.0,55.40835577369228,93.2829329290448,32.637344169616696,32.87530426025392
2026-05-09 18:14:00+00:00,CAN,CAN,-15.89000070400348,-6.329999988318095,0.0,2.8799999776904643,12.130000178176918,20.96000026452296,-4.618854808292236,0.60845040677894,4.8722662670665695,3.9903353367163303,1.3795928780189701,5.798078174626386,4.026005999656723,8.470141495394905,36.84999960248858,21.78987951849165,73.2370983123779,48.5758238983154,1.0,110.999999673762,0.0,131.3671875,2312.3828125,31.377243594162,48.40950050354,32.706198965122724,-0.34939999185061243,32.2776748,1.242580948127125,1890.9256458282482,5.819486640393734,1008.1446170806885,1001.4307856559744,1017.7422285079969,-64.8527243,3.0,179.386032104492,3.18548822402954,68.4678955078125,-119.126998901367,58.826494216919,22.8507056832314,-2.18419985576139,-0.332108450160055,-1.44369815208265,-3.5105998821988784,8.79999732971191,119.298751831055,2.0,7.0,3.0,0.0,0.0,26050904.0,5.0,52.940433573723894,93.1817266010181,32.94674835205075,33.193905029296864
2026-05-09 18:14:01+00:00,CAN,CAN,-15.7999999843291,-4.889999914095502,0.0,5.500000010755835,16.16999986940518,26.88000013328712,-4.559226616507795,0.609765031431182,3.6593275928853637,3.9914135674541824,0.028369897748949005,5.850369249138356,3.9693965380420098,10.321414068036473,42.679999776106776,22.299705328708953,74.7002883911133,49.17267402648927,1.0,110.999999673762,0.0,144.921875,2325.9375,26.7952368026683,49.0484825134277,29.495598877828694,-0.819000011264807,32.2777823,2.642132492674516,1890.79873561859,5.855800863355398,1178.7477970123282,1127.297449111938,1142.103648185732,-64.8526552,3.0,166.251983642578,3.18548822402954,68.4678955078125,-120.126998901367,58.8711082935333,22.8448271751404,-1.5356000122237858,0.0286217242890066,0.203884695221598,-3.020799802429952,9.80000114440918,120.298736572266,2.0,7.0,3.0,0.0,0.0,26050904.0,6.0,52.521822207796504,92.91255909111169,33.1365131378174,33.176905059814445
2026-05-09 18:14:02+00:00,CAN,CAN,-15.78999990436528,-5.1499999440979565,0.0,5.089999976579249,15.42000019004396,25.34000011320002,-4.487407604271935,0.608888632783305,2.6226004568371257,3.99141373820891,-2.19180396939739,5.849285383494438,3.972952078391824,11.37236315204056,41.12999967605584,23.01929563984735,76.5678165435791,51.140066528320325,1.0,110.999999673762,0.0,158.8203125,2339.8359375,22.9787524907078,51.2233772277832,27.61499986345732,-0.9187999926691944,32.2778968,4.338005625848318,1890.735268592834,5.674229003489017,1345.4667329788201,1267.457675933836,1355.232977867126,-64.852594,3.0,156.219909667969,3.18548822402954,68.4678955078125,-121.025001525879,58.8439524173737,20.548589527607,-1.639799990819326,0.181448684396656,0.0139341053413784,-0.1885999644948111,10.8000049591064,121.298721313477,2.0,7.0,3.0,0.0,0.0,26050904.0,6.0,53.06023509176593,92.5542985936716,33.1923580169678,32.94085968017578
2026-05-09 18:14:03+00:00,CAN,CAN,-15.769999744437637,-5.819999837522272,0.0,3.720000120593906,13.18999977509544,22.540000262955903,-4.42396069641121,0.6072812171312515,1.1105721638188228,3.991054214126474,-4.24806304815929,5.770171473092913,4.065113101523276,11.73895562649442,38.3000002689392,23.7253263179361,78.2800495147705,52.689398345947254,1.0,110.999999673762,0.0,173.25,2354.265625,24.1777819542198,52.7172191619873,29.60619910653034,-1.1684000137875876,32.2780173,5.160058678311268,1890.635585784912,5.592521745711564,1294.0853595733638,1273.960995674132,1311.0399484634402,-64.8525344,3.0,143.987854003906,3.18548822402954,68.4678955078125,-122.025001525879,58.826494216919,17.7272722125053,-2.469399996772654,-1.47640867506978,-0.467500461952015,4.128399798759276,11.8000087738037,122.298706054688,2.0,7.0,3.0,0.0,0.0,26050904.0,6.0,53.761601945934636,92.192964511105,33.04892807006836,32.35503982543944
2026-05-09 18:14:04+00:00,CAN,CAN,-15.749999584509998,-5.8599999012454385,0.0,3.7800000454239275,13.3900000083339,23.210000156380183,-4.7348805123837145,0.6065502268075015,3.339697279353026,3.990335507471058,-4.890053872589945,5.68563934437754,4.131840890751808,12.31955261255148,38.960000765418634,22.40697942603945,78.36716766357421,53.56220649719239,1.0,110.999999673762,0.0,188.0546875,2369.0703125,33.1255841914831,53.7252353668213,35.860599572906985,-1.090200004041348,32.2781353,2.9559145421073922,1890.71717262268,5.592521652579308,922.7351427078258,942.9095864295965,1023.8185048103329,-64.8524606,3.0,129.296981811523,3.18548822402954,68.4678955078125,-123.025001525879,58.8420152664185,17.690047621727,-2.5919999713836823,1.51295744420535,0.210475681028315,7.607999757504307,12.800012588501,123.298690795898,2.0,7.0,3.0,0.0,0.0,26050904.0,7.0,54.50875224112879,91.93197273763505,32.78018188476565,31.524093017578117
2026-05-09 18:14:05+00:00,CAN,CAN,-15.749999584509998,-6.529999880047116,0.0,2.41000001868385,11.38000015730628,20.13999985466034,-6.21340153017603,0.6065502268075015,3.1577205492963776,3.990335507471058,-2.675661080225145,5.604357873442907,4.220446629665542,11.98538458288024,35.8900001221893,21.0779740239431,77.75620079040525,52.651355438232414,1.0,110.999999673762,0.0,202.8671875,2383.8828125,40.1750668300829,52.668717956543,41.415599938086416,-0.5448000086397452,32.2782426,1.4588709264039887,1890.8441066741939,5.592521652579306,995.3798890113824,974.8578906059256,973.0477690696716,-64.8523674,3.0,117.709892272949,3.18548822402954,68.4678955078125,-124.025001525879,71.5701699256897,17.6077589392662,-1.563800006349086,0.578061801264069,2.24943956021319,2.8543999617737947,13.8000164031982,124.298675537109,2.0,7.0,3.0,0.0,0.0,26050904.0,7.0,52.96455848489131,91.7841162175772,32.7013223648071,31.665552291870096
2026-05-09 18:14:06+00:00,CAN,CAN,-15.83000022422056,-6.489999901701312,0.0,2.489999975375464,11.539999899934738,20.64999983470144,-7.557979123249815,0.6075730476357111,4.713351414610374,3.992132444864326,1.0276031345671819,5.647436901066554,4.181066320232186,10.602938926944011,36.459999898994354,19.9176281905691,76.51552848815915,51.852727661132825,1.0,110.999999673762,0.0,217.3125,2398.328125,40.8309494055117,51.7891628265381,41.30419955272352,0.5543999982667351,32.2783414,0.1812704348021123,1890.807819366454,5.583443026989698,933.1347584724438,1011.1364603042609,951.7305612564081,-64.852267,3.0,105.412590026855,3.18548822402954,68.4678955078125,-125.126998901367,71.5895652770996,17.5940439105034,-2.766600054448034,-1.89522466919586,0.369219535963379,-1.6935999608406558,14.8000202178955,125.29866027832,2.0,7.0,3.0,0.0,0.0,26050904.0,8.0,51.72775602621241,91.86250288358684,32.69213333129885,32.83160888671874
2026-05-09 18:14:07+00:00,CAN,CAN,-15.84000030418438,-6.519999885460666,0.0,2.46999998620256,11.539999899934742,21.069999778087123,-8.535386023667805,0.6074271057030545,5.615667898312168,3.9896164593061862,-0.07144928822639451,5.7111072414904935,4.106681205925151,9.739291388473543,36.909999399252584,19.7040874488106,77.17324905395509,52.0476155090332,1.0,110.999999673762,0.0,231.7734375,2412.7890625,39.9859286466815,52.0637763977051,40.979600276570025,0.17039999563845065,32.2784409,0.6529047890415028,1890.8893823623662,5.701464880257844,839.612090587616,967.3454880714413,874.4508266448972,-64.8521681,3.0,95.2302551269531,3.18548822402954,68.4678955078125,-126.025001525879,71.5876221656799,17.5529003143311,-2.704599951408256,1.99497936858048,-0.837486046319494,0.5322000051621727,15.8000240325928,126.298645019531,2.0,7.0,3.0,0.0,0.0,26050904.0,8.0,50.93379502954151,91.88486833802406,32.70842742919925,34.01592819213867
2026-05-09 18:14:08+00:00,CAN,CAN,-15.83000022422056,-6.489999901701312,0.0,2.5099999218596842,11.559999889107639,21.200000134597822,-8.747316121442726,0.6083040379594611,4.42399032235674,3.9906946900440383,0.459688192964975,5.684826978753131,4.139498301207674,12.329470730245239,37.00999883285292,19.853040214230198,76.86690216064454,51.62869308471678,1.0,110.999999673762,0.0,246.1328125,2427.1484375,38.608805415656,51.5549377441406,40.05279961375046,-0.479800021149451,32.2785409,1.280903346635408,1890.8441066741939,5.646993219852448,1184.96232032776,1153.734970092772,1131.1573505401598,-64.8520709,3.0,81.509880065918,3.18548822402954,68.4678955078125,-127.126998901367,71.6380536556244,17.617554962635,-1.6151999973064661,-0.13118154701419,0.478843538533555,-1.5634000187319024,16.80002784729,127.298629760742,2.0,7.0,3.0,0.0,0.0,26050904.0,8.0,50.61981191641496,91.88044237544185,32.729806137085,34.028389434814436
2026-05-09 18:14:09+00:00,CAN,CAN,-15.83000022422056,-6.499999896287761,0.0,2.46999998620256,11.409999884933521,21.230000032979795,-8.684897157052095,0.607135301879022,3.4308658333093915,3.9903353367163303,-1.4032382992344652,5.735220882845765,4.086443953055953,11.05650617651518,37.059999232672,20.75155159954535,77.97903785705566,52.30511650085448,1.0,110.999999673762,0.0,260.5625,2441.578125,37.6171814764806,52.2746898651123,40.358999726317805,-0.6750000081114158,32.2786444,2.552692616908396,1890.9166097640998,5.665150471031667,1293.931365013124,1326.2844800949101,1292.350959777834,-64.8519778,3.0,71.2004547119141,3.18548822402954,68.4678955078125,-128.024993896484,71.7059433460236,17.5411447882652,-2.3780000274694735,-1.23572625565346,-0.659336089827902,1.6243998992646724,17.8000316619873,128.298629760742,2.0,7.0,3.0,0.0,0.0,26050904.0,8.0,50.19868704087298,91.83541776843315,32.7484348297119,34.616204681396496
2026-05-09 18:14:10+00:00,CAN,CAN,-15.84000030418438,-6.509999890874212,0.0,2.519999916446136,11.510000172307503,20.54000032113728,-8.674763717644735,0.60698797256419,3.5079807180955904,3.9906946900440383,-1.1825866902196749,5.70216635311222,4.117893644466642,10.43280318358724,36.36000046539402,20.231039104598,78.66770553588864,52.82648849487303,1.0,110.999999673762,0.0,275.1796875,2456.1953125,39.6871078704934,52.9955371856689,41.96159843014806,-0.9426000002755158,32.2787478,2.231699211061138,1890.7534360885602,5.78317204490304,1243.408131599424,1290.9537553787238,1228.8041830062841,-64.8518812,3.0,60.506290435791,3.18548822402954,68.4678955078125,-129.126998901367,71.6419339179993,17.5352662801743,-2.126199981075076,0.859463353912773,-0.33738642548033,1.473599930528346,18.8000354766846,129.298690795898,2.0,7.0,3.0,0.0,0.0,26050904.0,8.0,49.86410749230424,91.80328172838824,32.7674446105957,35.150079116821296
2026-05-09 18:14:11+00:00,CAN,CAN,-15.84000030418438,-6.499999896287763,0.0,2.449999954340976,11.579999878280539,20.35999956480754,-8.685485407094362,0.6074271057030545,3.623292795484846,3.113935023980458,-0.3903446107050345,5.6601713618872225,4.166845951757585,9.693896414457063,36.209999265936816,19.6758633996128,78.4753520965576,52.52971961975096,1.0,110.999999673762,0.0,289.828125,2470.84375,41.8147186271415,52.5560497283935,43.151400308091375,-0.6875999889106261,32.2788483,1.4397364075762922,1890.8803462982178,115.99900322034966,1268.6777591705318,1310.15419960022,1345.568680763246,-64.8517803,3.0,48.01123046875,3.18548822402954,68.4678955078125,-130.024993896484,71.6846108436584,17.5431028008461,-2.094400029026016,-0.933982265222346,0.222371762808788,0.8043999803218871,19.8000392913818,130.298751831055,2.0,7.0,3.0,0.0,0.0,26050904.0,8.0,49.28308105810308,91.80883125708885,32.783405685424796,35.3159747314453
2026-05-09 18:14:12+00:00,CAN,CAN,-15.86000046411202,-6.499999896287763,0.0,2.4599999489274262,11.569999798316719,20.930000366140998,-8.690185431016975,0.6170706658004514,3.91301435097193,-0.6382648415125792,0.24954414296726943,5.7008120119771695,4.177511206769195,8.187090772226762,36.79000048874354,19.32509818101315,78.13678092956545,51.78618278503416,1.0,110.999999673762,0.0,304.359375,2485.375,42.9723298235266,51.8274845123291,44.0450001043744,-0.5877999808258118,32.2789458,1.323303965719742,1890.735268592832,1418.997144699098,1270.788049697876,1275.260210037232,1330.5554866790799,-64.8516774,3.0,37.8090782165527,3.18548822402954,68.4678955078125,-131.126998901367,71.6613352298736,17.5685733556747,-2.5556000149946603,-0.494893309144321,0.539211952069301,1.1279999677833246,20.8000431060791,131.298812866211,2.0,7.0,3.0,0.0,0.0,26050904.0,8.0,48.84776236644692,91.82911691892386,32.8011074066162,35.14493682861326
2026-05-09 18:14:13+00:00,CAN,CAN,-15.89000070400348,-6.519999885460666,0.0,2.479999980789012,11.58999978748962,20.69999989301108,-8.692241744843976,0.6185312323853505,5.052441107842806,0.35820016966084756,-0.10770034382346502,5.796452931113381,4.356363893676846,6.551348660826366,36.589998889467225,19.6388377978958,76.8821285247803,50.205485000610345,1.0,110.999999673762,0.0,318.5703125,2499.5859375,43.5109380509063,50.1911533355713,45.46000014944222,-0.5125999982703682,32.2790394,1.2226569661530773,1890.7896518707262,1835.9017610549938,1146.546769142152,1181.6654443740858,1192.910218238832,-64.8515745,3.0,26.0396690368652,3.18548822402954,68.4678955078125,-132.024993896484,71.6749131679535,17.5509408116341,-2.725599880275646,0.723284856510057,-0.364646430829365,2.8145997851375113,21.8000469207764,132.298873901367,2.0,7.0,3.0,0.0,0.0,26050904.0,8.0,48.17224368017324,91.8679806953012,32.82152824401855,34.39705627441408
2026-05-09 18:14:14+00:00,CAN,CAN,-15.779999824401461,-6.59999984215227,0.0,2.2800000463713035,11.290000120650861,20.539999979627844,-8.66786095771479,1.366297274469305,2.0658597527418285,2.74691105232578,-9.161756632353491,4.849255018243342,5.30340761502637,4.159152149200044,36.3200001455388,20.69117443482975,75.62263870239255,47.10668403625488,1.0,110.999999673762,0.0,332.171875,2513.1875,49.6545736810223,47.3199245452881,55.79620055250334,-0.4939999924380352,32.2791242,4.830464612883764,1890.807819366454,1909.4031572341942,1194.39287185669,1214.0526533126838,1219.90234851837,-64.8514706,3.0,13.9842653274536,3.18548822402954,68.4678955078125,-133.126998901367,71.7447400093079,17.5372257828712,-1.8359999708366321,2.06758705422207,-1.16832541531525,19.92739928844104,22.8000507354736,133.298934936523,2.0,7.0,3.0,0.0,0.0,26050904.0,8.0,44.71328903541162,91.92151571801574,32.88976192474365,33.15200248718264
2026-05-09 18:14:15+00:00,CAN,CAN,-8.439999913276322,-3.329999947524171,0.0,1.5200000202420325,6.539999954674849,11.180000020117324,-8.577243984222584,1.35197879673058,-0.36650247203731356,1.8586483872045476,-15.493397061355502,4.2155328208219025,5.934040859395667,-2.162945523691758,19.61999966658938,17.4029471985618,74.2804355621338,41.97651031494138,1.0,110.999999673762,0.0,344.5546875,2525.5703125,76.5933247109836,41.8907661437988,82.89539955625747,-0.654999976249831,32.2791773,6.2457346638671805,1890.7715320587158,1909.557533264162,1427.50623226166,1256.859731674194,1263.5317802429222,-64.8513569,3.0,8.52865695953369,3.18548822402954,68.4678955078125,-134.126998901367,71.6012001037598,19.1888719797134,-0.26779999531084125,1.62023613056927,1.03262193622497,30.420398295221425,23.8000545501709,134.29899597168,2.0,7.0,3.0,0.0,0.0,26050904.0,8.0,25.06088648182418,91.97702808049505,32.86493797302245,35.22431579589844
2026-05-09 18:14:16+00:00,CAN,CAN,12.339999722982943,5.290000039063,0.0,-1.6099999928644348,-8.659999879555617,-13.040000112430784,-8.602945132295694,1.37520933731485,-0.36794404374273326,2.787531681423725,-15.275898224972899,4.049447977284486,6.07488081149653,-9.93386571943536,-25.36000027312764,3.6438070045207565,71.74485969543454,38.47372215270998,1.0,110.999999673762,0.0,355.625,2536.640625,109.869241366099,38.2581848144531,112.1871999326502,0.20840000821739432,32.2791734,2.71424652639384,1890.8078432083119,1908.749461174012,1336.9830369949318,1147.109293937684,1245.13292312622,-64.8512425,3.0,8.7205924987793,3.18548822402954,68.4678955078125,-135.126998901367,71.5100407600403,26.7123818397522,-0.4371999935583796,-1.12229324868224,0.474232040265886,26.8947997871807,24.8000583648682,135.299057006836,2.0,7.0,3.0,0.0,0.0,26050904.0,8.0,-4.516423315083214,92.03077825416844,32.82295303344725,37.193751754760726
2026-05-09 18:14:17+00:00,CAN,CAN,16.50000011764486,5.159999938684406,0.0,-5.439999957859766,-16.24000042915186,-22.119999978060758,-8.63540261811842,1.4092521207161002,0.1913192775808261,6.501267579397715,-9.982368429524175,3.870900002191182,6.250178214186458,-11.102307376032538,-38.64000025563326,-13.209996946815348,68.11725311279301,37.6074659729004,1.0,110.999999673762,0.0,366.15625,2547.171875,133.528026273593,37.6371070861816,133.5885991232286,0.40279999559910323,32.279124,0.6321879800195943,1890.490555763246,1908.731317520142,949.7502446174631,1002.1259069442758,942.4645662307739,-64.8511494,3.0,8.88152313232422,3.18548822402954,68.4678955078125,-136.126998901367,79.0941715240478,26.6790747642517,-0.9631999788783212,0.197776278287998,-0.457260621003991,15.618599380728961,25.8000621795654,136.299118041992,2.0,7.0,3.0,0.0,0.0,26050904.0,7.0,-36.1174003423022,92.08282429564395,32.9398509979248,32.70514114379882
2026-05-09 18:14:18+00:00,CAN,CAN,16.429999899407658,4.879999919509051,0.0,-5.739999880830662,-16.58999981279086,-24.52000004484684,-8.581943581258379,1.40296984078357,1.198857785639979,7.752599728743263,-6.16667940771515,3.7503329053205663,6.387189076861246,-11.569607916213101,-40.949999602745,-23.2038345446164,64.87407188415526,38.33557182312013,1.0,110.999999673762,0.0,376.6015625,2557.6171875,147.391042665915,38.2381416320801,145.05100346381442,0.7842000053445217,32.2790522,-1.7830655565378695,1880.8540344238281,1908.576989173888,885.8307003974917,1004.7123193740833,849.5877027511597,-64.8510791,3.0,16.9776630401611,3.18548822402954,68.4678955078125,-137.126998901367,79.0747761726379,26.6927897930145,-2.080000069264922,-2.35566671761005,1.86622325909316,8.197999694237012,26.8000659942627,137.299179077148,2.0,7.0,3.0,0.0,0.0,26050904.0,8.0,-50.311545671623676,92.13322426152945,33.068854522705095,26.68005958557128
2026-05-09 18:14:19+00:00,CAN,CAN,16.35999968117038,4.889999914095502,0.0,-5.679999913311957,-16.62000005268228,-27.45999999005602,-8.601917615712434,1.588669290742145,2.396661128810322,7.652306938518086,-1.3932561645254768,3.7023769518747995,6.440516803334498,-14.54659760464612,-43.80999924975309,-26.46757469893625,65.28584976196291,40.17826400756836,1.0,110.999999673762,0.0,387.546875,2568.5625,151.380214650661,40.3119003295898,148.92840076883098,1.2961999821684738,32.2789672,-2.6093033591835804,1866.15002155304,1908.440804481506,806.7196726799011,905.4480075836182,863.4220719337466,-64.8510214,3.0,25.1806697845459,3.18548822402954,68.4678955078125,-138.126998901367,79.1543006896973,26.7985880374908,-2.4605999810460117,1.69857904067955,-0.111713166672234,0.6639999644407264,27.80006980896,138.299240112305,2.0,7.0,3.0,0.0,0.0,26050904.0,8.0,-58.85349704387644,92.1852429822483,33.09858283996585,22.37989231109616
2026-05-09 18:14:20+00:00,CAN,CAN,16.2500001676062,4.909999903268402,0.0,-5.689999907898409,-16.539999754481236,-27.529999866783818,-8.608819948755556,2.2164831504159404,3.688155985758648,6.069178628067944,0.04623031549011,3.8527473230566756,6.427116655201852,-16.9216273536003,-43.76000021597186,-31.31054167427495,62.4731128692627,40.90695075988768,1.0,110.999999673762,0.0,398.8125,2579.828125,152.090854852665,40.8537322998047,149.4060003805062,0.44980001871379904,32.278878,-2.856318729998338,1731.638145446776,1907.5783252716058,1053.1377434730525,1077.6794195175175,1015.3617978096014,-64.850965,3.0,32.9922332763672,3.18548822402954,68.4678955078125,-139.126998901367,79.1271448135376,26.7613649368286,-1.0033999963894433,1.44764589470121,-1.77686528156406,0.6614000009063294,28.8000736236572,139.299301147461,2.0,7.0,3.0,0.0,0.0,26050904.0,8.0,-69.15998065989672,92.0330185562162,33.164584922790496,16.313197460174578
2026-05-09 18:14:21+00:00,CAN,CAN,15.040000395758842,4.880000090263779,0.0,-4.959999961578022,-14.930000028421059,-24.000000326351376,-8.598832931528525,2.94467117561557,4.865419002423632,4.206739037642878,1.5035800213617452,4.205778798422938,6.744620986977654,-14.830410918435101,-39.0299999591275,-32.40049130919455,63.1764163970947,42.43862136840818,1.0,110.999999673762,0.0,410.359375,2591.375,153.617320169893,42.544469833374,149.58619989534083,-1.4219999857830152,32.2787852,-4.106682059698794,1187.598645687102,1907.4693679809577,1237.5895023345959,1206.1600923538201,1224.03450012207,-64.8509097,3.0,45.0614852905273,3.18548822402954,68.4678955078125,-140.126998901367,79.1387856006622,26.8103450536728,-1.728800002402894,-1.27051006121881,-1.75856933921171,-0.5656000080650742,29.8000774383545,140.299362182617,2.0,7.0,3.0,0.0,0.0,26050904.0,8.0,-67.98187138279357,91.65189058543496,33.044209098815955,15.279677867889399
2026-05-09 18:14:22+00:00,CAN,CAN,15.510000055944678,7.260000082499596,0.0,-0.9100000089590621,-8.980000090520189,-17.07000023595938,-8.58634948015986,3.228991033308865,4.996947186874288,3.3821034052773795,1.177331953550835,4.261321042979835,6.675705317403238,-11.96938810908938,-32.589999688848984,-29.2385201197343,67.0448226928711,44.33103286743163,1.0,110.999999673762,0.0,422.390625,2603.40625,153.037997184871,44.252363204956,148.8269970483372,-3.120799961737874,32.2786883,-4.2150646967316625,534.031367301941,1907.442164421082,1081.519842147826,1078.2464742660522,1198.688840866088,-64.8508526,3.0,56.4166374206543,3.18548822402954,68.4678955078125,-141.126998901367,79.1426658630371,26.7750769853592,-3.040799962357582,-1.70371843786487,0.0934553373090622,-0.6239999700866671,30.8000812530518,141.299423217773,2.0,7.0,3.0,0.0,0.0,26050904.0,8.0,-62.0092875951568,91.38958058545515,33.038063621521005,19.2999775314331
2026-05-09 18:14:23+00:00,CAN,CAN,16.0500002758772,8.039999916374871,0.0,0.17999999860565383,-7.94999970896472,-16.02000003598578,-8.582971524728464,3.26507951172739,4.406333216135198,4.103210317232362,0.5642356791123858,4.350730268272054,6.586552736469082,-11.14732037171967,-32.06999962884406,-26.043665838288547,71.1940464019775,47.29557472229002,1.0,110.999999673762,0.0,435.0703125,2616.0859375,153.143591909439,47.4479667663574,148.779005407153,-1.5651999816855273,32.2785864,-3.994143722131478,114.16914202272908,1907.4149370193481,735.1803541183474,839.8500919342041,950.824844837189,-64.8507913,3.0,66.510498046875,3.18548822402954,68.4678955078125,-142.126998901367,79.1426658630371,26.7829149961472,-4.169999876984201,-0.820705925715212,2.9829250374444,-0.5279999831033131,31.800085067749,142.29948425293,2.0,7.0,3.0,0.0,0.0,26050904.0,8.0,-56.513154581376895,91.29144442746045,32.97149505615235,25.34609550476074
2026-05-09 18:14:24+00:00,CAN,CAN,16.04000019591338,6.059999963729188,0.0,-3.530000095385288,-13.5400001832628,-23.16999983652494,-6.778990712324575,3.29663797390061,3.002409560778376,5.8437881911183185,1.12532040986673,4.469943109384986,6.4607538854489635,-13.2198458234664,-39.19999995247452,-23.9606852452246,73.6898620605469,49.47373512268066,1.0,110.999999673762,0.0,448.5625,2629.578125,151.742706450292,49.4839530944824,148.60039322828138,-0.6115999937682182,32.2784793,-3.48567413135129,8.258524537086483,1907.5057268142677,620.6799030303954,668.623745441437,860.1820826530457,-64.8507243,3.0,78.994140625,3.18548822402954,68.4678955078125,-143.126998901367,79.2512834072113,26.8123030662537,-2.698599929043176,3.06520811293213,-0.105402858951722,0.9705999445633324,32.8000717163086,143.299545288086,2.0,7.0,3.0,0.0,0.0,26050904.0,8.0,-57.054318665544045,91.33097073218725,32.8726884841919,27.506835708618183
2026-05-09 18:14:25+00:00,CAN,CAN,15.9499994762391,5.02999992368318,0.0,-5.559999978274542,-16.39000026257126,-24.629999558410997,0.21060846951073298,3.323959797797715,2.997004405201324,1.95570667731524,2.8385200040732252,4.553933433344445,6.388009980222118,-12.911236873933518,-40.58999945612327,-26.05398540035085,74.55822830200195,50.70261703491211,1.0,110.999999673762,0.0,462.515625,2643.53125,153.501384538921,50.7333629608154,148.647401322225,-0.8027999978366422,32.278367,-5.023673034077632,7.914045825600621,1907.469367980956,1118.3230400085445,1035.8003139495863,1127.914953231812,-64.8506578,3.0,91.3875350952148,3.18548822402954,68.4678955078125,-144.126998901367,79.2124927043915,26.8142640590668,-1.2881999523483658,-0.0816079406367454,-0.608318578791874,-1.0317999763192083,33.8000564575195,144.299606323242,2.0,7.0,3.0,0.0,0.0,26050904.0,8.0,-59.740832873671636,91.3173547500769,32.918286895752,25.860192146301284
2026-05-09 18:14:26+00:00,CAN,CAN,16.03000011594956,6.489999901701313,0.0,-2.9299999506227206,-12.290000091560142,-21.13999999632436,0.687342640189305,2.32123989615054,2.9980856241469356,2.361553828410412,2.552723011250205,4.603515057190039,6.333861265010631,-12.6175049301866,-37.16000003231014,-25.7189902347711,75.579963684082,52.14378501892088,1.0,110.999999673762,0.0,476.765625,2657.78125,152.9371972531,52.2072132110596,147.6235996788508,-2.112200014267254,32.2782522,-5.153782075973483,7.759937271475789,1907.3604345321662,1197.010111808778,1120.1174974441499,1263.144659996034,-64.8505891,3.0,102.823799133301,3.18548822402954,68.4678955078125,-145.126998901367,79.2144298553467,26.8750011920929,-2.503199956276748,-1.87152327244568,-1.40350078126984,-0.7651999932187062,34.8000411987305,145.299667358398,2.0,7.0,3.0,0.0,0.0,26050904.0,8.0,-59.51824930296144,91.23595255554869,32.774673271179196,26.01206577301024
2026-05-09 18:14:27+00:00,CAN,CAN,16.1100000726412,7.650000042125915,0.0,-0.6500000003009477,-8.959999930592556,-16.96999943632124,0.687342640189305,1.960068670906965,2.9970044478900038,3.208477008367892,2.49598505670173,4.653096766412991,6.2799864403848655,-12.0048646239026,-33.07000011201756,-24.940152301451,77.44668502807615,54.356449356079125,1.0,110.999999673762,0.0,491.5234375,2672.5390625,151.710795806489,54.5944599151611,146.88519885598362,-2.342799964562898,32.2781342,-5.01556474575918,7.832458894699809,1907.4330568313599,973.7206697463996,960.8950257301333,1186.89465522766,-64.8505164,3.0,116.80477142334,3.18548822402954,68.4678955078125,-146.126998901367,65.60178399086,26.8201410770416,-3.410800018188366,0.636226785101399,1.00973343870772,-0.9855999684595194,35.8000259399414,146.299728393555,2.0,7.0,3.0,0.0,0.0,26050904.0,8.0,-59.01011328154484,91.140210378858,32.5388792037964,28.25225910186766
2026-05-09 18:14:28+00:00,CAN,CAN,16.09999999267738,7.049999769297301,0.0,-1.6100000088726891,-10.329999957332621,-19.1200002360876,0.6871957911221496,1.971464628093715,2.995923228944392,2.535899060041358,3.173173873637875,4.740067784926244,6.19466286349942,-11.93162245637576,-35.21999954574606,-24.262461785776,79.0039936065674,55.84673034667968,1.0,110.999999673762,0.0,506.875,2687.890625,150.336752990779,55.8223331451416,145.3433956659554,-1.7307999885135783,32.2780129,-4.72916082659538,7.841524295508864,1907.3150634765618,956.1957478523254,995.8340644836428,1149.93245601654,-64.8504378,3.0,127.378311157227,3.18548822402954,68.4678955078125,-147.024993896484,58.5976123809814,18.8401252031326,-3.169600083876368,-0.89716445066651,0.345750365644981,-2.39239994454188,36.8000106811523,147.299789428711,2.0,7.0,3.0,0.0,0.0,26050904.0,8.0,-58.5363645305236,91.03450978635745,32.23601360321045,29.78246818542478
2026-05-09 18:14:29+00:00,CAN,CAN,16.12000015260502,7.099999912984283,0.0,-1.5499999986653017,-10.489999870715852,-18.77000016942974,0.687048915374568,1.368197000873492,3.9883273464777096,3.7545196832157357,1.3191776136543854,4.812408111350508,6.120824505835445,-11.93963341449858,-34.90000040199856,-22.3968237885173,79.5146587371826,56.65489288330078,1.0,110.999999673762,0.0,522.53125,2703.546875,146.30284326697,56.6662754058838,143.5444030687686,-1.2110000103626661,32.2778933,-3.0584346570209098,8.01376337185502,1907.3967456817638,932.6021790504453,981.6061854362491,1074.2089509963978,-64.8503498,3.0,139.555236816406,3.18548822402954,68.4678955078125,-148.024993896484,58.6073100566864,14.0340909361839,-2.856999998679362,1.52571794512222,0.0863413484429502,-0.15480000499072152,37.7999954223633,148.299850463867,2.0,7.0,3.0,0.0,0.0,26050904.0,8.0,-57.661239712926545,90.89659119154194,31.84357852935795,31.312087783813478
2026-05-09 18:14:30+00:00,CAN,CAN,16.15000005098702,6.990000057910686,0.0,-1.7499999757716864,-10.390000010228704,-19.1300001452967,0.687048888694141,0.1514329945372655,3.9998585840987126,2.675734888956862,1.44263835218339,4.837062959820136,6.089648534255745,-10.952389504883161,-35.29000010549278,-22.22281874299575,79.28873863220215,56.823305740356446,1.0,110.999999673762,0.0,538.296875,2719.3125,147.407858591651,56.8265213012695,143.86799830711402,-1.662199980400522,32.2777746,-3.40257151854052,7.877785246819258,1907.342267036438,1137.533450126646,1129.873299598694,1246.226143836974,-64.8502583,3.0,153.567962646484,3.18548822402954,68.4678955078125,-149.024993896484,58.6228311061859,14.0321314334869,-2.7397999289374697,-1.0660007505337,-1.69667693971741,-0.620399950797925,38.7999801635742,149.299911499023,2.0,7.0,3.0,0.0,0.0,26050904.0,8.0,-58.06955115358558,90.74132733132924,31.66081409454345,31.115860290527344
2026-05-09 18:14:31+00:00,CAN,CAN,16.18999968782338,7.879999917614294,0.0,-0.08999999396674077,-8.399999892241842,-16.579999732826998,0.685580264620456,-0.715847527555854,3.998777365153098,3.283247558787526,1.53037261231988,4.844378860817504,6.091835816960076,-10.536968861826553,-32.77000044517876,-22.3360675483028,80.10917701721195,57.39398780822754,1.0,110.999999673762,0.0,554.140625,2735.15625,146.38554319744,57.386030960083,142.12320189495318,-1.281600015258579,32.277655,-4.114914486705411,7.80526306480169,1907.324123382568,1100.31781196594,1129.8475503921502,1230.8088541030902,-64.8501663,3.0,165.577713012695,3.18548822402954,68.4678955078125,-150.024993896484,58.6073100566864,13.9694362878799,-3.2279999515159523,0.930985413002297,1.82542269719927,-1.90739992962257,39.7999649047852,150.29997253418,2.0,7.0,3.0,0.0,0.0,26050904.0,8.0,-57.12813183688546,90.5853223955916,31.5029319763184,32.05609909057616
2026-05-09 18:14:32+00:00,CAN,CAN,16.149999709477562,6.910000101219079,0.0,-1.8200000819511502,-10.759999809927418,-19.32999986627098,0.686020865182775,-1.35564137895129,3.999497950110534,2.466161163756916,1.845588670641175,4.857925260375752,6.070505221559491,-11.26710225296784,-35.50000110171398,-22.501919055502697,80.6770500183105,57.65634063720704,1.0,110.999999673762,0.0,570.125,2751.140625,145.855575159361,57.6785385131836,141.1536019007568,-0.8212000045242978,32.2775356,-4.667988883992469,7.642089389264586,1907.3513507843022,1246.73902988434,1269.366621971132,1357.34531879425,-64.8500712,3.0,179.92170715332,3.18548822402954,68.4678955078125,-151.024993896484,58.613133430481,13.963557779789,-2.9749999262617504,-0.884343918790131,-0.357328656866063,-0.3808000043072602,40.7999496459961,151.300033569336,2.0,7.0,3.0,0.0,0.0,26050904.0,8.0,-56.7191687961796,90.4065797601069,31.37765522003175,32.98680931091308
2026-05-09 18:14:33+00:00,CAN,CAN,16.19999976778716,7.959999959683264,0.0,-7.993605777301127e-16,-8.129999953030289,-15.789999904365299,0.684405338681082,-1.98608496817725,3.999858413343982,3.4536392207947784,3.081762357046125,4.868491733776494,6.064761800863787,-10.95353424458808,-31.989999672152436,-21.97948044720935,81.6457489013672,58.43791351318358,1.0,110.999999673762,0.0,586.265625,2767.28125,143.674805040402,58.710319519043,138.9981991043754,-1.223199987536438,32.2774161,-4.700964439663734,7.6783505268394965,1907.315039634704,1176.527571678162,1220.775890350344,1323.197102546692,-64.8499729,3.0,192.405990600586,3.18548822402954,68.4678955078125,-152.024993896484,58.5976123809814,13.9400467276573,-3.1206000079499194,2.40006742952677,0.180809768224569,-3.896599826915144,41.799934387207,152.300094604492,2.0,7.0,3.0,0.0,0.0,26050904.0,8.0,-55.84099020100464,90.2228886525686,31.19678936004635,34.292680664062495
2026-05-09 18:14:34+00:00,CAN,CAN,16.29999988440642,9.000000079693075,0.0,1.8900000067037062,-4.7900000109196705,-11.800000015314584,0.685580264620456,-2.76263382763003,3.9976964023395793,2.1239411521391878,1.946456850943065,4.891521424110482,6.040149128812286,-11.138928459795938,-28.090000246643978,-22.53166026046985,81.3077407836914,58.022841796875,1.0,110.999999673762,0.0,602.4140625,2783.4296875,142.837792678374,57.8153457641602,136.8961974590016,-1.935399927271242,32.2773,-5.7162795729942175,7.705545891076324,1907.442140579226,1384.642601013182,1334.972977638246,1517.3285722732558,-64.8498688,3.0,205.007125854492,3.18548822402954,68.4678955078125,-153.126998901367,58.5762798786163,13.9478847384453,-2.809799891042624,-2.2970944303826,0.0510682672122874,-0.09139999064752283,42.799919128418,153.300155639648,2.0,7.0,3.0,0.0,0.0,26050904.0,8.0,-55.4078278000694,89.98048865401944,30.951873207092248,34.59573646545408
2026-05-09 18:14:35+00:00,CAN,CAN,16.3399998627522,9.559999947289072,0.0,3.339999984799306,-3.22000000707321,-9.649999983944499,0.6857271136876115,-2.697909781116225,3.9984170726743797,1.3960041790802413,2.299499510744095,4.871743159953513,6.062300798328471,-11.103451432718519,-25.970000369787964,-21.981262272809047,82.62336387634275,58.72023605346679,1.0,110.999999673762,0.0,618.640625,2799.65625,141.330602154984,58.7285499572754,135.9111994863402,-1.8499999803331337,32.2771838,-5.387149832364228,7.705545984208584,1907.514762878418,1163.239169120788,1209.897565841674,1401.103472709654,-64.8497633,3.0,218.723098754883,3.18548822402954,68.4678955078125,-154.024993896484,58.6732625961304,13.891065120697,-3.6770000243438536,-0.668783948997322,0.1753085310958,-2.565799984713408,43.7999038696289,154.300216674805,2.0,7.0,3.0,0.0,0.0,26050904.0,8.0,-53.05473610646516,89.73529510809975,30.941060256958,37.05259391784668
2026-05-09 18:14:36+00:00,CAN,CAN,16.36999941962474,9.589999845671054,0.0,3.5899999348379437,-3.2100000338310997,-9.889999854019338,0.684111587185918,-2.6812534043297997,3.9980567801956624,3.8576888368551314,1.1452827466213191,4.90750679884398,6.022373390742598,-10.69146449651238,-26.2500002182086,-19.073463766706098,84.11929664611816,58.55956375122072,1.0,110.999999673762,0.0,634.984375,2816.0,132.832822299113,58.6114356994629,131.67400147622558,-0.933999943672909,32.2770749,-2.188330263251564,7.7055460773408395,1907.4966192245502,815.6141638755796,947.7448225021362,1062.523937225343,-64.8496468,3.0,230.18196105957,3.18548822402954,68.4678955078125,-155.126998901367,58.5782170295715,13.8851881027222,-4.297200026689913,-0.0273606772681199,1.33696438674845,-3.8963999371602136,44.7998886108398,155.300277709961,2.0,7.0,3.0,0.0,0.0,26050904.0,8.0,-48.48341207234284,89.52635962138905,32.013746452331546,40.6268419647217
2026-05-09 18:14:37+00:00,CAN,CAN,16.29000014595202,8.230000069649536,0.0,0.7900000205607973,-7.139999891330089,-14.46999993593484,0.6842584629335,-3.533192184293895,3.9984170726743797,4.900885613462572,-0.092466353931692,4.92159585693179,6.007058911340326,-10.503780801894726,-30.769999478831757,-17.6119518409378,84.20239791870115,57.61989624023438,1.0,110.999999673762,0.0,651.125,2832.140625,131.723285389201,57.7600090026855,130.06900264392098,0.3275999836951902,32.2769774,-1.5647353153785537,7.533306907862427,1907.423996925354,750.0576853752139,892.688703536988,952.1130919456489,-64.8495199,3.0,242.324829101562,3.18548822402954,68.4678955078125,-156.024993896484,58.6092531681061,13.894984126091,-2.9703999646104764,2.78449011280896,1.41266123888559,-0.7665999872314458,45.7998733520508,156.300338745117,2.0,7.0,3.0,0.0,0.0,26050904.0,8.0,-46.96563475573927,89.3284685505663,32.8363821029663,42.02598793029782
2026-05-09 18:14:38+00:00,CAN,CAN,16.2300000076786,7.400000092087273,0.0,-0.8200000043201502,-9.09999985480287,-17.19000017099682,0.684111587185918,-4.87443707193953,3.9980567801956624,3.47376975195819,-0.3903446173751415,4.894502033286912,6.039055359394075,-10.223401024201513,-33.42999957562033,-18.26838595414215,83.10700950622555,56.08076179504394,1.0,110.999999673762,0.0,666.9140625,2847.9296875,131.641910515429,55.9087303161621,129.75659798751138,-0.034600006775608226,32.2768832,-1.8316313604991499,7.478915434330702,1907.2333335876458,1138.412547111514,1130.088949203492,1197.66070842743,-64.8493944,3.0,251.822937011719,3.18548822402954,68.4678955078125,-157.126998901367,52.3479759693146,13.8753920793533,-2.351799976766172,-1.88418921793123,-1.2363396920183,0.5841999428607728,46.7998580932617,157.300399780273,2.0,7.0,3.0,0.0,0.0,26050904.0,8.0,-46.8699028243324,89.1306696872973,33.08438816070555,40.681177597045895
2026-05-09 18:14:39+00:00,CAN,CAN,16.26000024757002,7.419999910505448,0.0,-0.7900000098886263,-9.119999843975773,-17.559999714563418,0.683964738118763,-5.35965264336018,3.9976964023395802,4.441116381370312,-1.307097463611865,4.813491464730236,6.068864097856664,-10.021603597437672,-33.81000056518858,-18.155382181871552,83.17573585510254,56.29784271240236,1.0,110.999999673762,0.0,682.4375,2863.453125,134.243679834449,56.2586826324463,131.81000147090322,-0.6745999938138059,32.2767887,-2.2979395809150263,7.460784912109378,1907.2061300277699,1118.520879745482,1168.1683063507098,1237.372374534604,-64.8492728,3.0,263.923522949219,3.18548822402954,68.4678955078125,-158.126998901367,49.4733780622482,13.894984126091,-3.427199900027118,-0.592700604202699,0.399846424366834,3.1695999131216404,47.7998428344727,158.30046081543,2.0,7.0,3.0,0.0,0.0,26050904.0,7.0,-45.76537244308212,88.9529345047152,33.257065773010254,40.992344741821285
2026-05-09 18:14:40+00:00,CAN,CAN,16.2500001676062,7.38000010291437,0.0,-0.7900000098886263,-9.069999956420883,-17.62000053585574,0.682936661246544,-6.0444471961022455,3.9984170726743797,3.4457308008869156,-0.06199455884716451,4.347478927472396,5.6318514339089605,-10.65598781094442,-33.85999891595092,-18.491463347529297,85.02554855346679,57.697063522338865,1.0,110.999999673762,0.0,698.2734375,2879.2890625,138.225939667755,57.673217010498,134.433594610359,-0.6488000000967992,32.2766858,-3.655333597079516,7.442654483020308,1907.0699453353882,1192.549300193788,1251.0539293289219,1307.1602106094401,-64.8491565,3.0,272.288543701172,3.18548822402954,68.4678955078125,-159.126998901367,49.4733780622482,13.8597175478935,-2.773399977342288,0.964535622370517,-0.223613163030651,1.4653999255759462,48.7998275756836,159.300521850586,2.0,7.0,3.0,0.0,0.0,26050904.0,7.0,-45.670780470247706,88.89265467019526,33.32346439361575,41.76499328613282
2026-05-09 18:14:41+00:00,CAN,CAN,16.27999972447876,7.829999944682035,0.0,-0.13999998824333804,-8.009999932615518,-15.349999801051998,0.684111613866345,-6.6212705453315746,3.997336109860862,1.8446289330132501,0.672458644131644,4.265926895669269,5.5005832235335905,-10.43626079609982,-31.63999960549454,-19.32046389766125,86.02433280944825,58.89955078124998,1.0,110.999999673762,0.0,714.4609375,2895.4765625,141.316969097401,58.7557411193848,136.9699990190216,-1.8391999784958082,32.2765742,-4.301220660233522,7.533306907862427,1907.4512243270904,1310.328626632692,1279.7667264938361,1436.9380712509142,-64.8490454,3.0,286.521270751953,3.18548822402954,68.4678955078125,-160.126998901367,32.0473283529282,13.8381659984589,-2.987799999587126,-2.29391903274878,-1.42199415877788,4.623399850953719,49.7998123168945,160.300582885742,2.0,7.0,3.0,0.0,0.0,26050904.0,7.0,-45.87269247343486,88.89323523627475,32.9559202194214,41.58093727111818
2026-05-09 18:14:42+00:00,CAN,CAN,16.34999960120656,9.319999906459522,0.0,2.6500000168247277,-4.050000027324154,-10.44999989237003,0.683964738118763,-6.604322284679835,3.9976964877169436,4.148144723055361,1.142656310434296,4.3044000706034815,5.455186285837736,-10.166561897475953,-26.810000256559363,-17.34801113329375,87.0347900390625,60.407451782226566,1.0,110.999999673762,0.0,731.0703125,2912.0859375,140.867283102825,60.5194931030273,138.0406011185884,-1.9266000609549825,32.2764573,-2.7694584032383176,7.7599371783435345,1907.541990280152,974.0139484405506,1059.3441843986511,1173.7915754318242,-64.8489355,3.0,298.603179931641,3.18548822402954,68.4678955078125,-161.126998901367,32.0628464221954,13.8871476054192,-3.453399950730418,1.99224964079001,1.84651090626168,-3.320199901389588,50.7997970581055,161.300643920898,2.0,7.0,3.0,0.0,0.0,26050904.0,6.0,-45.37349785266072,88.96927231720986,32.5117223739624,42.61569213867186
2026-05-09 18:14:43+00:00,CAN,CAN,16.260000247570023,8.060000076302503,0.0,0.52000000664406,-7.299999975468035,-14.809999922628899,0.683817889051608,-6.604906692740689,3.996975817382144,0.7780668356452873,1.630189903984945,4.368341569537474,5.40322613399105,-11.11375101647746,-31.060000431744584,-18.83952039612305,86.77383041381839,59.68274139404298,1.0,110.999999673762,0.0,747.7890625,2928.8046875,140.888033217524,59.5936820983887,135.69699928981717,0.0584000023757375,32.2763416,-4.777966540951262,7.6148937456309795,1907.49659538269,1377.611589431764,1332.6924324035642,1394.1641807556182,-64.8488219,3.0,309.217346191406,3.18548822402954,68.4678955078125,-162.126998901367,37.83920109272,13.8832286000252,-1.85719996021368,-1.2792521697479,1.37737584130307,-0.4017999972076744,51.7997817993164,162.300704956055,2.0,7.0,3.0,0.0,0.0,26050904.0,6.0,-46.5336949586655,89.053341700609,32.497263336181646,41.2890044403076
2026-05-09 18:14:44+00:00,CAN,CAN,16.28000040749766,8.060000076302503,0.0,0.4800000069539146,-7.139999976707452,-14.9199997777025,0.683377288489289,-6.55289309466375,3.129613253644716,2.621813853832492,1.489921617373274,4.336641978580526,5.43276123800002,-11.583721819114041,-31.200000185200178,-18.684059314198052,86.8325180053711,60.14171173095703,1.0,110.999999673762,0.0,764.3671875,2945.3828125,137.240001861063,60.2239608764648,134.26820021356897,0.49440000565175335,32.2762273,-3.5030739101958526,249.94106190279118,1907.36951828003,1117.7260518074042,1163.645470142365,1275.850510597228,-64.8487077,3.0,324.384948730469,3.18548822402954,68.4678955078125,-163.126998901367,37.8139853477478,13.8675555586815,-4.0613999972470465,-1.98747704610746,0.689610849963131,-2.6575999683142,52.7997665405273,163.300765991211,2.0,7.0,3.0,0.0,0.0,26050904.0,6.0,-45.775030330568526,89.058262851906,32.488551521301304,41.69920852661134
2026-05-09 18:14:45+00:00,CAN,CAN,16.3000005674253,8.060000247057232,0.0,0.49000000154036566,-7.190000120394435,-14.91000003924816,0.70408535483571,-6.544711381811725,0.30194672965559166,5.27617710222073,0.387189870391389,4.371050507939666,5.394201319663348,-12.500012528348199,-31.200000185200178,-16.8319613131953,86.36051101684569,58.95072235107419,1.0,110.999999673762,0.0,781.0390625,2962.0546875,133.529433292562,59.0639007568359,131.7860029182354,1.8038000044899598,32.2761207,-1.9157964305796582,1370.3109979629521,1907.342267036438,862.4456286430365,979.0711045265191,986.2906098365786,-64.8485838,3.0,334.070495605469,3.18548822402954,68.4678955078125,-164.126998901367,37.8469586372376,13.8518810272217,-3.0773999579119176,2.78989556720679,-0.203315374941893,-2.263399869235144,53.7997512817383,164.300827026367,2.0,7.0,3.0,0.0,0.0,26050904.0,5.0,-45.0070008301005,89.03220226512781,32.4795066833496,42.188113174438485
2026-05-09 18:14:46+00:00,CAN,CAN,16.270000327533843,8.060000076302504,0.0,0.5000000174711577,-7.170000131221533,-14.74000038741056,0.9779939498410719,-6.5545003235528245,0.8302198136039987,3.7135397434787643,0.46179009030055396,4.715141094927651,5.069313126507938,-12.22268396691196,-31.0100000319255,-17.6213305444419,83.7191951751709,56.75701835632326,1.0,110.999999673762,0.0,797.0546875,2978.0703125,130.845032344964,56.8681079864502,128.9644025947414,-0.1191999944875998,32.2760234,-1.8686195455860939,1893.3914184570299,1907.4330568313599,1244.574141502378,1180.1769495010362,1254.454183578492,-64.8484581,3.0,348.297119140625,3.18548822402954,68.4678955078125,-165.126998901367,37.8411412239075,13.8107359409332,-2.059000012331484,-1.53708007152824,-1.16079758635454,-3.9429998632679775,54.7997360229492,165.300888061523,2.0,7.0,3.0,0.0,0.0,26050904.0,5.0,-45.869754809072816,88.93700308847616,32.498549079895,39.69616813659668
2026-05-09 18:14:47+00:00,CAN,CAN,16.169999869405178,8.180000011339919,0.0,0.6100000112829722,-7.120000243666641,-15.1599999892868,1.219297889791435,-6.56224383708091,2.419723561363648,1.8036487157998398,4.674652117725955,5.48406176432761,4.2901829464687316,-11.62492083716864,-31.33000054171086,-17.550663699741698,82.45727806091304,54.106682739257806,1.0,110.999999673762,0.0,812.5703125,2993.5859375,125.661355897031,54.1425407409668,121.8189974624568,-1.8996001097225101,32.275937,-3.357209670941528,1890.2367353439338,1907.2424173355103,1304.581069946288,1202.1416187286382,1395.2891826629639,-64.8483293,3.0,357.529663085938,3.18548822402954,68.4678955078125,-166.126998901367,37.8624767065048,13.900862634182,-2.1816000296311904,0.784715044296623,-0.983076704481046,-11.806999337043901,55.7997207641602,166.30094909668,2.0,7.0,3.0,0.0,0.0,26050904.0,5.0,-42.33547205701192,88.7489065089232,32.6157096862793,38.89078170776366
2026-05-09 18:14:48+00:00,CAN,CAN,8.325000349058113,4.274999913523431,0.0,0.699999994577543,-4.04999999530764,-8.17499995001368,1.17171286897846,-6.56326665790912,5.1515369927933,0.906758732016262,11.6367264776395,5.63741189091227,4.13703661565344,-1.06431273331336,-16.52500049898129,-18.0855349598717,81.2773292541504,45.6372138977051,1.0,110.999999673762,0.0,812.5703125,2993.5859375,125.661355897031,54.1425407409668,92.5359971017906,-6.0300000653472,32.2758603,-7.10597385256447,1890.21861553192,1908.25927257538,1456.55143260956,1330.06119728088,1553.93302440643,-64.8481429,3.0,357.529663085938,3.18548822402954,68.4678955078125,-166.126998901367,37.8624767065048,13.900862634182,-1.71499998938302,0.784715044296623,-0.983076704481046,-26.5319978969615,55.7997207641602,166.30094909668,2.0,7.0,3.0,0.0,0.0,26050904.0,5.0,-24.8012279612802,88.6012480643512,32.7827018737793,38.89078170776366
2026-05-09 18:14:49+00:00,CAN,CAN,-13.590000070817714,-5.269999921824052,0.0,1.939999968963793,8.239999978858627,13.240000004159805,1.16980313741435,-6.56531229956554,7.092742239349592,1.466101727513166,16.1732100583151,5.764211108513697,4.017528368858902,8.75204764961289,26.840000154941333,-9.00293872589481,76.4751399993896,42.7447705078125,1.0,110.999999673762,0.0,839.4609375,3020.4765625,82.1356475620446,42.5250034332275,75.88099881829164,-5.888000005615813,32.2758607,-6.071927266944687,1890.3182983398442,1908.477091789246,1440.352082252502,1347.63696193695,1619.4555282592778,-64.8480655,3.0,372.675018310547,3.18548822402954,68.4678955078125,-168.126998901367,38.2271349430084,24.0262538194656,-2.251999984689614,0.378492825102567,2.45616099841574,-28.2247988110466,57.799690246582,168.301071166992,2.0,7.0,3.0,0.0,0.0,26050904.0,5.0,-0.9688135406024323,88.3632671981951,32.9778345108032,41.93921928405757
2026-05-09 18:14:50+00:00,CAN,CAN,-16.2999998844064,-4.7699999790580865,0.0,5.889999970382158,16.66999976948244,25.60999988165684,1.2239975935489351,-6.55523072690719,7.761912179412382,2.009627861849998,9.53108224969237,5.967414358963456,3.7891767887719823,11.760318067652,41.89999968609938,12.33686014115359,71.78738708496095,41.557670974731465,1.0,110.999999673762,0.0,851.0,3032.015625,48.3060723577137,41.5255256652832,49.630600400054426,-5.535199988285051,32.2759027,-0.20066678766431947,1890.2185678482037,1874.3774175643898,1364.6216869354262,1232.678627967836,1520.466351509096,-64.8479558,3.0,364.487823486328,3.18548822402954,68.4678955078125,-169.126998901367,65.4582500457764,24.1849526762962,-2.834200016144898,-1.29536234484414,-0.838009569647204,-20.77719913063348,58.799674987793,169.301132202148,2.0,7.0,3.0,0.0,0.0,26050904.0,5.0,36.54458188809066,88.17936435479251,33.1896200180054,36.151640167236316
2026-05-09 18:14:51+00:00,CAN,CAN,-16.1999997677872,-4.849999935749695,0.0,5.89999979421388,16.5500000051998,27.55000002671145,1.27393241287981,-6.55099323485743,7.7496606983433995,2.87039073395756,-0.579997999811209,6.081073231752789,3.68785434752943,12.18126971252115,43.750001502045905,22.0406738195308,70.4806869506836,42.872202301025354,1.0,110.999999673762,0.0,851.0,3032.015625,48.3060723577137,41.5255256652832,39.625996460441996,-5.014000248241105,32.275957,3.191512184507415,1890.05994796753,1790.3264760971051,1162.61798143387,1115.642547607425,1438.805758953095,-64.8478968,3.0,364.487823486328,3.18548822402954,68.4678955078125,-169.126998901367,65.4582500457764,24.1849526762962,-3.299500036606255,-1.29536234484414,-0.838009569647204,-5.48899977765412,58.799674987793,169.301132202148,2.0,7.0,3.0,0.0,0.0,26050904.0,5.0,48.63799052307235,88.0450316092913,33.3333435058594,33.665211296081495
2026-05-09 18:14:52+00:00,CAN,CAN,-16.2500001676062,-6.825000147234245,0.0,1.90000003864276,10.724999956940849,19.675000234456398,1.27393241287981,-6.55099323485743,5.604677568984745,4.98410429680055,-0.579997999811209,6.148129894589864,3.8170708544554897,12.36056004379985,35.9499988944249,22.0406738195308,70.4806869506836,43.01866207122805,1.0,110.999999673762,0.0,851.0,3032.015625,48.3060723577137,41.5255256652832,36.705001175088896,-1.769499936400405,32.2760983,2.847113769431275,1889.923989772795,962.8225266933459,1047.2469329834,1092.917263507845,1137.830793857575,-64.8477794,3.0,364.487823486328,3.18548822402954,68.4678955078125,-169.126998901367,65.4582500457764,24.1849526762962,-1.8920000728556698,-1.29536234484414,-0.838009569647204,-1.82249990984303,58.799674987793,169.301132202148,2.0,7.0,3.0,0.0,0.0,26050904.0,5.0,51.496824256789154,88.0450316092913,33.3333435058594,33.665211296081495
2026-05-09 18:14:53+00:00,CAN,CAN,-16.28000040749766,-6.780000086217848,0.0,1.970000000747914,10.79999995902796,20.01999991962294,1.304775252654915,-6.55303887651385,4.18003342487495,5.0001004290819875,-1.613381395406925,6.4280080802659,4.128832533931877,12.30772682302252,36.299999985611166,24.6539383469235,69.65214958190916,43.280204315185564,1.0,110.999999673762,0.0,886.6953125,3067.7109375,31.9387978420584,43.2156658172607,35.84180016023544,-0.9329999986423332,32.2761622,3.5893297225256395,1890.1188611984242,657.3185682296752,1152.7361869812,1063.637471199038,1162.12601661682,-64.847731,3.0,335.754608154297,3.18548822402954,68.4678955078125,-172.126998901367,65.4640674591064,24.2202192544937,-1.793599992082532,-0.152220397287681,1.31048833236966,-0.5011999856587938,61.7996292114258,172.301315307617,2.0,7.0,3.0,0.0,0.0,26050904.0,5.0,53.458633195863605,88.0600102141411,33.365265655517604,25.624422454834
2026-05-09 18:14:54+00:00,CAN,CAN,-16.32000004433402,-8.31999993555023,0.0,-0.899999982356098,6.249999946249117,13.529999932544234,1.3056564537795499,-6.5545001101094105,3.8975191276887435,4.876800573524452,-2.287944858380845,6.416086753465926,4.105040509109148,12.24516587607452,29.869999453786953,25.65587160287735,69.8180088043213,44.36534179687503,1.0,110.999999673762,0.0,898.828125,3079.84375,32.7272680496555,44.3211547851562,36.255600340911485,0.3472000032601966,32.2762554,3.5625814210754,1890.0463819503798,181.91060577519235,1088.886642456054,1151.69665813446,1074.5847463607781,-64.8476621,3.0,325.692840576172,3.18548822402954,68.4678955078125,-173.126998901367,65.5067384243012,24.2378532886505,-2.393800047944368,-1.24944981324331,0.463703570464576,0.9519999680794662,62.7996139526367,173.301376342773,2.0,7.0,3.0,0.0,0.0,26050904.0,5.0,55.42932582048206,88.11392089726,33.3509902954102,25.367766380310062
2026-05-09 18:14:55+00:00,CAN,CAN,-16.24000008764242,-8.709999980553913,0.0,-1.9999999524907537,5.2300000715442945,12.870000119083759,1.3033066019008,-5.39661677337464,4.017876324308432,3.010406431635988,-1.3186550508220256,6.36975629966526,4.16356387510666,11.530672935113621,29.099999443743457,25.20560418844895,70.46614723205565,45.424791183471676,1.0,110.999999673762,0.0,911.34375,3092.359375,33.6949282701279,45.4327892303467,36.961198497271,-0.42780000874565705,32.2763501,3.25808497113047,1890.173268318174,5.774093605577944,1006.8857550621029,1037.5552296638489,1027.5382995605432,-64.8475891,3.0,317.211212158203,3.18548822402954,68.4678955078125,-174.024993896484,65.4621303081512,24.2456898093224,-2.127000009670294,0.798700496952459,-2.02975186164502,-0.02180001082346501,63.7995986938476,174.30143737793,2.0,7.0,3.0,0.0,0.0,26050904.0,5.0,56.364544691453624,88.23355849076195,33.01078662872315,25.40929607391356
2026-05-09 18:14:56+00:00,CAN,CAN,-16.2300000076786,-7.109999992948099,0.0,1.39999998915509,10.069999927330159,18.800000067811702,1.1128187090863761,0.657979963772324,3.9955343913351795,2.9920734781960765,-0.5379714856623624,6.304731959615728,4.2275570273462515,11.76642101243014,35.0100005985816,25.063231456521002,69.2899028778076,45.43113304138182,1.0,110.999999673762,0.0,923.984375,3105.0,33.7846359746868,45.3722717285156,36.01199959510622,-0.38599999807711954,32.276445,2.346105818809864,1889.99197483063,5.5743644014000875,1112.1458768844618,1060.7538700103757,1054.257202148438,-64.8475142,3.0,305.650695800781,3.18548822402954,68.4678955078125,-175.024993896484,65.4757082462311,24.2476493120193,-1.5469999608023361,0.14734388234413,1.24424841074694,-2.032199948185897,64.7995834350586,175.301498413086,2.0,7.0,3.0,0.0,0.0,26050904.0,5.0,57.07855217671922,88.4026842198952,32.37213592529295,25.157731475830058
2026-05-09 18:14:57+00:00,CAN,CAN,-16.29000048746148,-7.560000005470492,0.0,0.4500000071863052,8.559999976379782,16.829999853620382,0.440310012474723,0.883273126555173,5.21567947004362,2.9884786215698522,-0.1281890870593454,6.290100840639913,4.239043014964004,10.856997375387479,33.10999974885388,23.6753353096271,69.71239585876465,45.72999343872068,1.0,110.999999673762,0.0,936.59375,3117.609375,31.3879157647402,45.6745365142822,33.22740045540264,1.2169999793668933,32.2765413,2.011052297801404,1890.0735378265363,5.646993219852446,1029.1377186775196,1115.417456626892,986.3642334938055,-64.8474418,3.0,295.795562744141,3.18548822402954,68.4678955078125,-176.024993896484,65.4892861843109,24.2378532886505,-2.3908000154174878,-0.76458989190718,1.57333695679849,-2.6199998623106433,65.7995681762695,176.301559448242,2.0,7.0,3.0,0.0,0.0,26050904.0,5.0,54.9240045200224,88.50823454823404,32.2705965042114,26.20743770599368
2026-05-09 18:14:58+00:00,CAN,CAN,-16.3000005674253,-6.539999960010929,0.0,2.40999993330649,11.73999996241848,21.13999999632436,0.37656975332523845,0.8844423428832885,4.019317280779893,2.98775957340498,-1.84874347098578,6.328303027818807,4.199662449398554,9.509646426689908,37.40999998234878,23.75039311219005,70.98733520507815,46.712864685058584,1.0,110.999999673762,0.0,949.4453125,3130.4609375,29.2429597426948,46.6294303894043,32.25599934032182,2.706399919697966,32.2766422,2.967980583540408,1890.06447792053,5.746857821941374,901.2256383895874,1030.590081214904,937.6621842384336,-64.8473736,3.0,283.810241699219,3.18548822402954,68.4678955078125,-177.024993896484,65.495103597641,24.2202192544937,-2.5336000183667315,-0.413955220634126,2.06855608731057,0.3915999851337537,66.7995529174805,177.301620483398,2.0,7.0,3.0,0.0,0.0,26050904.0,5.0,54.70735774973874,88.48023418773155,32.1769552230835,27.376497344970705
2026-05-09 18:14:59+00:00,CAN,CAN,-16.31000030587966,-6.579999938356737,0.0,2.4199999278929396,11.439999954070238,20.669999653119618,0.38273812117706096,0.8844423162028621,3.9659856269478695,2.988478664258534,-2.109322604980315,6.279263550238584,4.253263554193338,6.6959256655542365,36.9900000389631,23.340729464830098,72.00827407836914,47.63960678100587,1.0,110.999999673762,0.0,962.5546875,3143.5703125,29.380888582794,47.6826278686523,32.845998594035635,3.7963999699513615,32.2767456,3.0254208522902877,1889.9647712707538,5.547128710895774,805.690884590149,954.1433811187748,767.0264720916748,-64.8473051,3.0,273.193939208984,3.18548822402954,68.4678955078125,-178.024993896484,65.4718279838562,24.2594048380852,-2.685800026472524,-0.093771186867429,-0.0373178724484886,0.6215999990268406,67.7995376586914,178.301681518555,2.0,7.0,3.0,0.0,0.0,26050904.0,5.0,53.90029303514524,88.4297693350489,31.988302803039552,28.460350112915044
2026-05-09 18:15:00+00:00,CAN,CAN,-16.22999966616916,-7.479999878024154,0.0,0.48999999086819457,8.569999970966238,16.830000024375142,-0.4777622342105795,0.8838582016266929,3.185107388056648,2.9866809157803083,-2.02631574288397,6.229411109392402,4.306591366043951,6.056201354022287,33.05999969054426,22.62988691847105,72.42189903259276,47.88797882080076,1.0,110.999999673762,0.0,975.8671875,3156.8828125,30.700822639899,48.0241069793701,33.95259988864226,2.4784000089759344,32.2768496,3.0955814519069884,1889.874076843264,5.583443120121957,891.1789536476133,980.1353812217719,845.1987028121948,-64.847234,3.0,260.470153808594,3.18548822402954,68.4678955078125,-179.126998901367,65.485405921936,24.2613643407822,-1.958200016527412,1.01793574884897,-1.76926125330543,1.6365999831601505,68.7995223999024,179.301742553711,2.0,7.0,3.0,0.0,0.0,26050904.0,6.0,53.027078621459,88.37334514231546,31.5659574508667,29.887495422363276
2026-05-09 18:15:01+00:00,CAN,CAN,-16.24000008764242,-6.7199999479444115,0.0,2.1299999568198116,11.1599999348949,20.23999997127956,-2.13972185598534,0.88210487072241,4.325975101398988,2.98775957340498,-1.2309189230556856,6.18362254572501,4.353355707611638,6.361758233524538,36.47000134499602,21.9164318247546,71.37310981750485,47.50007011413576,1.0,110.999999673762,0.0,989.09375,3170.109375,33.4701057634077,47.5473243713379,35.4065996308519,1.90979995137521,32.2769512,2.140262187981708,1889.91038799286,5.510814301669599,934.7990155220032,1010.8440995216366,911.7926955223083,-64.8471593,3.0,249.831939697266,3.18548822402954,68.4678955078125,-180.024993896484,65.4504895210266,24.2496088147163,-2.0239999245572,0.327552980787921,0.383243888680972,1.0169999809161654,69.7995071411133,180.301803588867,2.0,7.0,3.0,0.0,0.0,26050904.0,7.0,52.75639412653792,88.3386409511426,31.013786315918,30.176187286376937
2026-05-09 18:15:02+00:00,CAN,CAN,-16.40000000102564,-7.069999929224927,0.0,1.7999999860565403,10.790000049818854,19.700000092856502,-2.9310469759338,0.881666164470369,4.327416527445957,2.98775957340498,-0.4581146214338671,6.193375885105059,4.330930574396562,9.17395304502227,36.100000435391586,21.56557781369575,70.84516868591305,47.12018623352052,1.0,110.999999673762,0.0,1002.25,3183.265625,34.1362028867403,47.1300533294678,35.76080026384936,2.01499993369826,32.27705,1.833288620523892,1889.9284601211577,5.483578518033026,1208.7428331375118,1219.11187171936,1070.0388550758375,-64.8470814,3.0,236.357925415039,3.18548822402954,68.4678955078125,-181.126998901367,65.4718279838562,24.2280557751656,-1.44119996770504,0.148364568738224,0.243945248807604,-0.9743999950132618,70.7994918823242,181.301864624023,2.0,7.0,3.0,0.0,0.0,26050904.0,7.0,52.81695536485165,88.3379408567527,30.82033596038815,29.67175415039062
2026-05-09 18:15:03+00:00,CAN,CAN,-17.199999567941738,-8.700000071344828,0.0,-0.6700000054821051,7.400000092087273,15.560000114254299,-3.666415664385225,0.8818125599702745,4.924156153342168,2.98775957340498,0.9561557806717045,6.225346719949418,4.305497511248376,10.807406274654419,32.7499996022322,21.8520368012597,70.5575019836426,47.31768058776856,1.0,110.999999673762,0.0,1015.328125,3196.34375,30.9454902612526,47.2688587188721,33.6092011998172,1.901800006932468,32.2771496,2.357802731206922,1889.937567710876,5.438185576349499,1230.8813810348522,1314.563989639284,1115.088295936584,-64.847006,3.0,227.516952514648,3.18548822402954,68.4678955078125,-182.126998901367,65.4582500457764,24.2437303066254,-2.7735999311302377,-2.85753066168919,-1.27487017650851,-2.243599940571902,71.7994766235352,182.30192565918,2.0,7.0,3.0,0.0,0.0,26050904.0,7.0,53.196210497762536,88.3339998376016,30.67634983062745,29.013667259216323
2026-05-09 18:15:04+00:00,CAN,CAN,-17.229999466323697,-8.560000147134513,0.0,-0.6300000218002154,7.630000223707739,16.190000029332783,-4.023010876328305,0.8821043904747341,7.332374986756531,2.987759616093662,-0.42606734049763434,6.247834776282231,4.2841665743383315,10.536563148589838,33.420000861694334,21.985000093832348,71.35071487426754,48.013021774292,1.0,110.999999673762,0.0,1028.578125,3209.59375,29.1019812231311,48.0387599945068,31.579999125711662,0.7443999967949264,32.2772534,2.624756534114686,1889.874076843264,5.492657143622637,743.7866210937502,964.7442817687986,872.6967573165894,-64.8469357,3.0,215.034240722656,3.18548822402954,68.4678955078125,-183.126998901367,65.4679477214813,24.2554858326912,-3.6949999633730477,1.70080514874044,-0.930425337490356,-1.571800004152682,72.7994613647461,183.301986694336,2.0,7.0,3.0,0.0,0.0,26050904.0,7.0,53.24302871244733,88.2693828329587,30.56153755187985,29.065036239624
2026-05-09 18:15:05+00:00,CAN,CAN,-17.2199993863599,-7.469999968815069,0.0,1.5199999882255235,10.969999952374943,20.479999841354402,-4.9265435179005,0.8807897658224915,4.122737443871289,2.988119097487416,-2.136640586896015,6.231307426038092,4.297293173394721,11.51198109792154,37.69999888620484,21.846878300889053,70.92960205078126,48.1519054412842,1.0,110.999999673762,0.0,1041.9609375,3222.9765625,30.2491524753698,48.2410045623779,32.27720024750556,0.39640000162509537,32.2773592,2.271949942726848,1889.9466276168841,5.528971552848814,827.8473734855652,880.3007960319519,903.3789277076712,-64.8468665,3.0,204.207275390625,3.18548822402954,68.4678955078125,-184.126998901367,65.4698848724365,24.2241382598877,-1.3857999725097765,2.75904723126383,0.0660189009700508,1.8735998367163476,73.799446105957,184.302047729492,2.0,7.0,3.0,0.0,0.0,26050904.0,7.0,54.26601961236706,88.16517463679179,30.04348068237305,28.26371612548828
2026-05-09 18:15:06+00:00,CAN,CAN,-17.229999466323697,-7.010000047083588,0.0,2.54999990020549,12.07999994911258,21.479999983018416,-5.4609966423873,0.88210487072241,3.413569104943938,2.987759530716298,-0.90677263251844,6.19066677594814,4.338861533928687,10.667788670282915,38.71000013236106,21.669083354151752,70.36076431274415,48.55254249572754,1.0,110.999999673762,0.0,1055.3125,3236.328125,31.1115765562052,48.5772068023682,33.18840007524188,0.8247999731202281,32.2774633,2.093696732984912,1889.964771270756,5.565285868942736,964.1240477561938,940.719914436341,1008.4351778030411,-64.846794,3.0,189.997039794922,3.18548822402954,68.4678955078125,-185.126998901367,65.4757082462311,24.2378532886505,-2.2898000017924423,-2.83112088148969,1.33224974195214,0.8405999775868706,74.799430847168,185.302108764648,2.0,7.0,3.0,0.0,0.0,26050904.0,7.0,54.370442276473895,88.12685044535885,29.66224308013915,28.055463066101062
2026-05-09 18:15:07+00:00,CAN,CAN,-17.3000000260704,-7.000000052497138,0.0,2.5299999110325877,12.20999996411384,22.06000018129678,-5.4633464409052,0.882543096726775,5.40954790095472,2.98775957340498,-0.8994179061645116,6.204213943902672,4.3208120760280115,8.876406782133333,39.359999865857745,20.797069687721653,71.79439773559571,50.086818237304705,1.0,110.999999673762,0.0,1069.0234375,3250.0390625,33.188695139414,50.0847129821777,34.491000478271204,0.8188000041160015,32.2775684,1.47360701684961,1890.1914119720436,5.67422891035676,621.6436743736265,784.688115119934,793.6630010604858,-64.8467166,3.0,180.697067260742,3.18548822402954,68.4678955078125,-186.126998901367,65.4757082462311,24.273119866848,-3.270400015647416,0.680702308933877,-0.669605652770986,1.2853999269702912,75.7994155883789,186.302169799805,2.0,7.0,3.0,0.0,0.0,26050904.0,7.0,54.404259909092424,88.1144024255965,29.8052799224854,28.977657852172843
2026-05-09 18:15:08+00:00,CAN,CAN,-17.229999466323697,-5.989999830869302,0.0,4.439999986950472,15.1500000800777,25.73999989665806,-5.473039546554505,0.882689011979005,5.0358649217461045,2.986680915780308,-0.2379894305730585,6.147317016701265,4.387540121388641,10.204684256818926,42.959999966036875,20.6899697602149,72.23503875732419,50.8536378479004,1.0,110.999999673762,0.0,1083.0625,3264.078125,33.0775747918071,50.8359649658203,34.4972002409808,0.2511999955995134,32.2776745,1.4838825882247282,1890.019178390504,5.701464787125588,821.2070226669323,903.5001158714301,903.1829953193665,-64.8466347,3.0,166.396713256836,3.18548822402954,68.4678955078125,-187.126998901367,65.4601871967316,24.2789968848228,-2.196599936133502,1.22520456268047,0.819498262892589,-1.3939999587858776,76.7994003295898,187.302230834961,2.0,7.0,3.0,0.0,0.0,26050904.0,7.0,55.233657293215174,88.14992965456435,29.532106590271,28.617719650268537
2026-05-09 18:15:09+00:00,CAN,CAN,-17.2499996262513,-5.8299998321087205,0.0,4.73999999529873,15.459999997635057,25.97000002827854,-5.586568603060931,0.881812586650701,3.74004595741161,2.9866809157803083,-1.92071813682952,6.1169719376341,4.41461413748492,9.094988886518289,43.19999983611166,21.0555257534622,73.09983100891114,52.03217079162596,1.0,110.999999673762,0.0,1097.3203125,3278.3359375,30.8844795964914,51.9903602600098,34.1075994205341,1.1153999976562827,32.2777841,2.799545642664322,1889.7834777832043,5.465421359986066,1117.0547246932979,1110.0248575210558,1105.74736595154,-64.8465543,3.0,153.154174804688,3.18548822402954,68.4678955078125,-188.126998901367,48.0903893709183,24.2809563875198,-2.3053999831020198,-0.830517545818788,0.821553402780822,1.168599950233266,77.7993850708008,188.302291870117,2.0,7.0,3.0,0.0,0.0,26050904.0,7.0,55.45856039616751,88.1923007330805,29.285044670105002,28.85837963104248
2026-05-09 18:15:10+00:00,CAN,CAN,-17.25999970621512,-5.8299998321087205,0.0,4.759999984471638,15.459999997635041,26.209999898353363,-6.01747947482492,0.879913340494188,3.3883445333201623,2.987040439862744,-2.75761705368466,6.070641227701338,4.460284453502308,7.316577100715747,43.44999978615034,21.43940885179995,74.39084815979,53.133594131469714,1.0,110.999999673762,0.0,1111.9375,3292.953125,32.804083772156,53.0501873016357,36.25359909548468,1.7420000259928599,32.2778965,3.06138632327073,1889.756274223328,5.48357842490077,1070.571374893187,1190.8197164535518,1140.718817710876,-64.8464724,3.0,141.44873046875,3.18548822402954,68.4678955078125,-189.126998901367,43.4468030929565,24.2868334054947,-3.2449998227846075,-1.35545904491696,0.000833928567886826,3.245799808691146,78.7993698120117,189.302352905273,2.0,7.0,3.0,0.0,0.0,26050904.0,7.0,55.301509075449,88.2453030010398,29.16350326538085,29.858899383544916
2026-05-09 18:15:11+00:00,CAN,CAN,-17.3000000260704,-6.469999997905774,0.0,3.6700000195956,13.929999886757042,23.96000000649612,-6.663699467012281,0.8810820498942005,3.7191455785513723,2.986680915780308,-1.69796565767557,6.0161831049204535,4.510056468871012,5.754839918217711,41.27000011253034,19.92399307310195,74.57895469665525,53.60170440673828,1.0,110.999999673762,0.0,1126.796875,3307.8125,37.7239714841538,53.5337711334228,39.189799747968046,2.2447999407760504,32.2780059,1.791949839723398,1889.8741006851183,5.583443026989698,899.9384164810181,1097.4972486495979,958.1369042396539,-64.8463808,3.0,128.001190185547,3.18548822402954,68.4678955078125,-190.126998901367,43.4351652860642,19.3260192871094,-3.3806000806410603,-0.175710711844037,-0.849984812252941,1.7964000281327777,79.7993545532226,190.30241394043,2.0,7.0,3.0,0.0,0.0,26050904.0,7.0,54.839509615838004,88.36732091546745,28.799876403808597,30.88752250671386
2026-05-09 18:15:12+00:00,CAN,CAN,-17.249999626251338,-7.030000036256491,0.0,2.299999950166844,11.849999988246818,21.44999974312698,-6.94069245271686,0.8807897391420656,4.7803765731999,2.986680915780308,-0.7712306767298575,5.957660678073948,4.56092319280894,5.0441618940403785,38.68000057548852,19.2036172902089,74.4985382080078,53.69874458312988,1.0,110.999999673762,0.0,1141.703125,3322.71875,39.4507935704947,53.8469913482666,40.80199896569566,1.4744000231565901,32.2781114,1.3702683677970902,1889.9919509887682,5.59252155944705,748.617708683014,915.8816933631895,822.3244071006775,-64.8462822,3.0,117.118522644043,3.18548822402954,68.4678955078125,-191.126998901367,43.4603810310364,19.3260192871094,-3.3041999751515063,1.87781686487902,-0.725546022651302,1.3479999447347801,80.7993392944336,191.302474975586,2.0,7.0,3.0,0.0,0.0,26050904.0,8.0,54.138889984364496,88.5479862492035,28.47315244674685,32.11741584777832
2026-05-09 18:15:13+00:00,CAN,CAN,-17.2199993863599,-6.510000147006307,0.0,3.499999983559886,13.84000019161106,23.90000020973212,-6.94451095534972,0.881666644718045,4.500384750251544,2.986680915780308,0.1103248606873089,5.963892030408484,4.554906735301169,5.556475686040177,41.13999975601966,18.60692513412745,73.59492301940921,52.90486221313476,1.0,110.999999673762,0.0,1156.5234375,3337.5390625,39.9406923038085,52.8486122131348,40.77339754854624,1.115600004805088,32.2782143,0.8307384063889034,1890.137004852292,5.592521652579306,913.5906457901001,991.3817524909964,860.2667331695557,-64.8461814,3.0,104.43424987793,3.18548822402954,68.4678955078125,-192.126998901367,43.4235274791718,19.2868337035179,-2.730400009158286,-0.53127276429366,0.291254474052418,-0.7573999758834901,81.7993240356445,192.302536010742,2.0,7.0,3.0,0.0,0.0,26050904.0,8.0,53.28092328498146,88.74319647077705,28.094226264953598,32.98297508239746
2026-05-09 18:15:14+00:00,CAN,CAN,-17.229999466323697,-6.479999992492225,0.0,3.500000068937252,13.749999984200917,23.87999970829506,-5.652953132594986,0.882397181474545,4.40993648243184,2.98632134900919,1.2629642496506817,6.009951411076464,4.529747221229241,6.101214349709422,41.120000279110926,18.189268457891302,73.24466171264645,52.53558700561524,1.0,110.999999673762,0.0,1171.15625,3352.171875,38.3535202652376,52.5364151000976,38.975800359006676,1.0285999793322032,32.2783165,0.6478277333406184,1890.118861198426,5.637914594262836,927.8881788253782,1037.0208263397221,892.5416111946106,-64.8460825,3.0,93.8535308837891,3.18548822402954,68.4678955078125,-193.126998901367,43.4215873479843,19.3867549300194,-2.7933998384491416,-0.226326188874174,0.124078283679509,-3.435399819602156,82.7993087768555,193.302597045898,2.0,7.0,3.0,0.0,0.0,26050904.0,8.0,52.301499429701536,88.8936211419628,28.00783767700195,33.568946685791005
2026-05-09 18:15:15+00:00,CAN,CAN,-17.3000000260704,-7.030000121633854,0.0,2.480000066166378,12.169999985768019,21.519999961364242,-5.079873580804475,0.8821043904747341,5.192616824046887,2.986680915780308,1.538778334032345,6.009138703942597,4.519628295973866,6.024539072973679,38.81000024898028,17.740250968081,73.75075378417965,52.55659767150878,1.0,110.999999673762,0.0,1185.734375,3366.75,34.478139232064,52.5350074768066,35.156400239289496,1.006800011197421,32.2784225,0.5410997203063578,1890.227651596068,5.683307629078627,907.2251796722412,1037.2842073440538,901.5608906745908,-64.8459903,3.0,81.0263061523438,3.18548822402954,68.4678955078125,-194.126998901367,43.4312880039215,19.3260192871094,-2.926999960784522,0.566192266507909,-1.09021739967939,-3.929599843201378,83.7992935180664,194.302658081055,2.0,7.0,3.0,0.0,0.0,26050904.0,8.0,50.57740668695294,88.92601672919619,28.2268406867981,34.68593353271484
2026-05-09 18:15:16+00:00,CAN,CAN,-17.289999946106583,-6.469999997905774,0.0,3.5900000629039956,13.879999999202141,24.119999578369878,-5.079286397979265,0.8818125599702751,4.6052464247672695,2.986680915780308,1.1305732722356154,6.022956774275082,4.50185238714945,7.268511693488534,41.42000062896866,17.9418311948292,74.16407661437985,52.65903900146484,1.0,110.999999673762,0.0,1200.3359375,3381.3515625,29.2796822547673,52.5971832275391,30.730199966538102,0.6915999611319972,32.2785343,1.296424876819069,1890.0735378265363,5.59252155944705,1072.110319137574,1101.9832849502582,1012.4068856239319,-64.8459077,3.0,69.5665817260742,3.18548822402954,68.4678955078125,-195.126998901367,43.4021919965744,19.2613631486893,-2.65280001018629,-0.633200637773113,-0.0167751463722763,-3.492599943169682,84.7992782592774,195.302719116211,2.0,7.0,3.0,0.0,0.0,26050904.0,8.0,51.27365499735763,88.80186438065286,28.50686244964595,34.289595565795906
2026-05-09 18:15:17+00:00,CAN,CAN,-17.2499996262513,-7.000000052497138,0.0,2.40999997599517,12.070000210658199,21.57000001967384,-5.044184775174095,0.8804974550703566,3.9890478460577823,2.986680915780308,-0.18545341974115842,6.02376931065422,4.498023809987567,6.111514104223072,38.860000648799385,19.074612092260303,74.43158683776855,52.78291397094726,1.0,110.999999673762,0.0,1215.0,3396.015625,27.5509067343238,52.7952495574951,29.33379920959918,0.6019999494463535,32.2786512,1.8000135824018577,1890.091657638548,5.5925217457115615,1143.269085884094,1211.532831192018,1131.0294866561921,-64.8458344,3.0,59.1758499145508,3.18548822402954,68.4678955078125,-196.024993896484,43.4526234865189,19.3083852529526,-2.8061999117745215,0.0803858437034156,-0.228521454362098,-0.4462000060951638,85.7992630004883,196.302780151367,2.0,7.0,3.0,0.0,0.0,26050904.0,8.0,52.4709653022555,88.5902787805442,28.62405309677125,32.4405786895752
2026-05-09 18:15:18+00:00,CAN,CAN,-17.249999626251316,-7.040000030842942,0.0,2.5599999374806215,12.040000141521478,22.04000036287858,-5.05182178043982,0.8803515398181265,3.890312082831278,1.2381947287081903,-0.3619747279638259,6.006429253276214,4.530020514173404,8.250414651305054,39.27999990916614,19.6082539183398,74.0622505187988,52.8353448486328,1.0,110.999999673762,0.0,1229.671875,3410.6875,26.7358295248149,52.9830127716064,29.150399751138416,-0.8200000096562355,32.2787692,2.244238029650768,1890.0282144546502,357.1393050253399,1181.8576812744138,1217.621850967404,1265.321946144104,-64.8457629,3.0,44.7939529418945,3.18548822402954,68.4678955078125,-197.024993896484,43.4293478727341,19.2966297268868,-2.631799910564168,0.701652740274128,-1.03143337658768,0.3197999970424644,86.7992477416992,197.302841186523,2.0,7.0,3.0,0.0,0.0,26050904.0,9.0,53.95398446919175,88.3868552564937,28.5158120155334,30.26364532470702
2026-05-09 18:15:19+00:00,CAN,CAN,-17.3000000260704,-7.040000030842942,0.0,2.429999965168076,12.140000087386,22.21000001471618,-5.0224481250273545,0.885611052283301,4.41750407590012,-0.345292758978846,-0.834798820448343,5.9993850230530885,4.529199952321994,8.425127987443588,39.50000030233224,20.24580255848895,72.8436573028564,51.66371543884278,1.0,110.999999673762,0.0,1244.21875,3425.234375,28.8935033590948,51.6079776763916,30.817599067157595,-1.178799937294286,32.2788858,1.916565104337718,1889.9738073349022,1640.0461912155158,1198.144936561586,1213.844871520996,1277.260041236878,-64.8456913,3.0,31.9988384246826,3.18548822402954,68.4678955078125,-198.024993896484,43.4254676103592,19.2946702241898,-2.7348000170216062,-0.72272872970123,0.164552477256911,2.96619986784642,87.7992324829102,198.30290222168,2.0,7.0,3.0,0.0,0.0,26050904.0,9.0,55.1191047755503,88.23969200063661,28.54649906158445,28.019132652282742
2026-05-09 18:15:20+00:00,CAN,CAN,-17.259999706215137,-7.00000005249714,0.0,2.509999921859684,11.990000253966599,22.04000070438806,-5.0872173148227,0.8914556398199955,3.62653581199145,2.2806720836247827,-3.888191213044455,5.563446406352366,4.978792970947216,7.134997375404606,39.29000067214886,21.565010907994647,71.5017150878906,50.40027946472166,1.0,110.999999673762,0.0,1258.390625,3439.40625,31.8593559118219,50.4188621520996,36.29139872838935,-1.31839999661738,32.2789962,3.4932296439224757,1889.95568752289,1906.5887689590459,1178.8596630096422,1222.2353458404539,1290.5454158782961,-64.8456146,3.0,19.7794704437256,3.18548822402954,68.4678955078125,-199.024993896484,43.4215873479843,19.2378520965576,-2.965800088336566,-0.795924985550201,-0.578365211073606,10.672999933864892,88.7992172241211,199.302963256836,2.0,7.0,3.0,0.0,0.0,26050904.0,9.0,57.04804035565896,88.19932558264185,28.71881275177,26.036354827880842
2026-05-09 18:15:21+00:00,CAN,CAN,-17.17000001106922,-6.980000063324236,0.0,2.499999927273234,12.25999985166872,22.17000003637038,-5.06548087811937,0.8541989322491326,0.8821102334881245,1.8737464776761794,-12.9254367518406,4.543096313697842,6.007332460416582,4.3422576107057225,39.34000038894902,23.3808593875248,71.2547046661377,46.96316757202146,1.0,110.999999673762,0.0,1272.0625,3453.078125,49.2647816152788,46.9687191009521,56.44239723667018,-1.7869999162545258,32.2790911,6.68158337820295,1889.9919509887682,1906.697702407838,1243.257617950438,1187.104058265686,1272.4165439605722,-64.8455231,3.0,6.80039739608765,3.18548822402954,68.4678955078125,-200.024993896484,43.3827936649322,19.2476496100426,-1.2732000245017148,2.42244419646479,1.10456004988448,28.04819914741404,89.799201965332,200.303024291992,2.0,7.0,3.0,0.0,0.0,26050904.0,9.0,48.07396203914918,88.23450105686746,29.06718063354495,28.05380344390868
2026-05-09 18:15:22+00:00,CAN,CAN,-7.66999988188843,-3.000000040793922,0.0,1.489999961777488,5.929999948727968,9.770000047047944,-5.396227666035365,0.855805867653511,-0.3791150126472732,1.4409386596084324,-17.121487055696598,4.473735998808459,6.051088615919073,-4.075634831848864,17.430000467958454,13.660049210284894,71.11659278869625,41.73063766479491,1.0,110.999999673762,0.0,1284.375,3465.390625,81.3204030129011,41.4272151947021,87.49699908689472,-0.7559999898748782,32.2791395,6.42828205622898,1889.9285078048738,1905.245137214662,1374.33443069458,1166.6044235229497,1276.60729885101,-64.8454076,3.0,0.0,3.18548822402954,68.4678955078125,-201.024993896484,43.0355936288834,32.2942793369293,-0.3489999882251732,-0.852519239321839,0.77659933881962,32.23919844100144,90.799186706543,201.303085327148,2.0,7.0,3.0,0.0,0.0,26050904.0,9.0,15.825302078599975,88.27012390848361,29.1029222488403,35.47745830535886
2026-05-09 18:15:23+00:00,CAN,CAN,10.700000183918108,4.616666657584701,0.0,-1.1833333508472255,-7.533333523994673,-12.283333371584254,-6.76826966320518,0.875530226676891,-0.17143313467691368,4.634514297624963,-14.706406870374149,4.316140824277273,6.216814276883514,-10.629666310939927,-22.983332701728767,-1.853354008758095,67.2748935699463,38.66463088989257,1.0,110.999999673762,0.0,1284.375,3465.390625,81.3204030129011,41.4272151947021,112.40499918351968,-1.1113333030244557,32.2791355,4.333782491425377,1890.0674978892,1904.6580394109067,1199.0459760030133,1078.3937374750801,1171.3737646738666,-64.8453139,3.0,0.0,3.18548822402954,68.4678955078125,-201.024993896484,43.0355936288834,32.2942793369293,-0.5009999874034644,-0.852519239321839,0.77659933881962,28.426998023688366,90.799186706543,201.303085327148,2.0,7.0,3.0,0.0,0.0,26050904.0,9.0,-11.753924270651694,88.3046368543597,29.1383857727051,38.3042003631592
2026-05-09 18:15:27+00:00,CAN,CAN,17.1999996533191,6.625000042061812,0.0,-3.5499999725003977,-13.800000213265255,-23.42499991192285,-8.20963295780874,1.62183471500017,5.006495898055671,6.939198455557625,0.693473802186449,3.9603093128607676,6.640016639838907,-14.390480739183424,-40.6125003190608,-29.2105641554614,58.801382446289,39.154790210723874,1.0,110.999999673762,0.0,1337.28125,3518.296875,153.137649644862,39.0169452667236,150.32699948064467,-1.828999902055357,32.2788146,-3.1710421075648867,400.91558794180565,1903.4022092819202,951.4393210411071,953.9747238159176,970.9890087445583,-64.8450193,3.0,26.4956493377686,3.18548822402954,68.4678955078125,-206.126998901367,67.0836985111236,32.4745297431946,-1.92600007863986,-0.150106667182974,-2.9805013875061,0.46933331831405506,95.7991104125976,206.30339050293,2.0,7.0,3.0,0.0,0.0,26050904.0,9.0,-65.89097152689642,88.5260954929136,29.3856777191162,16.126773262023903
2026-05-09 18:15:28+00:00,CAN,CAN,17.333333625949802,10.566666922765494,0.0,3.600000043260883,-2.7666666274481013,-8.51666660958692,-8.21051405221168,2.13831654456361,5.00559506013717,7.05198362620085,2.0126533901923898,4.766348616846041,6.768322027988813,-13.430925818821734,-25.849999524058703,-29.5350442448139,60.2366775512695,40.5011215209961,1.0,110.999999673762,0.0,1348.359375,3529.375,153.891442982043,40.9806793212891,149.52466626576202,-2.81499999864897,32.2787609,-4.266545397757733,118.66556604703277,1903.5534858703597,940.3856197992956,900.382081667582,1055.9133092562363,-64.8449878,3.0,35.2948417663574,3.18548822402954,68.4678955078125,-207.126998901367,67.0352041721344,32.5293898582458,-2.4659999570629467,-0.220132087751045,0.947138063337437,-2.87899979609344,96.7990951538086,207.303451538086,2.0,7.0,3.0,0.0,0.0,26050904.0,9.0,-65.5642084468138,88.4233284666616,29.36753311157225,17.032312774658234
2026-05-09 18:15:29+00:00,CAN,CAN,17.312500126025178,9.649999898567133,0.0,2.15000006338659,-5.124999960299873,-11.649999776352702,-4.32585335327703,3.0367174729133,3.0006978299950076,4.8461551795772095,-2.11615183365498,5.4281132302368045,6.749064878806392,-11.613858363968099,-28.949999695701404,-27.5877538973487,61.5499969482422,41.22224464416502,1.0,110.999999673762,0.0,1359.8046875,3540.8203125,151.258746566461,40.9822689056396,148.1839934776075,-3.367000021409145,32.2786424,-3.5182864703691026,7.308942498639227,1903.3227264881102,1310.8100891113277,1152.9242992401125,1404.74420785904,-64.8449135,3.0,46.2361221313477,3.18548822402954,68.4678955078125,-208.126998901367,67.0992136001587,32.4980407953262,-1.8209999629487001,-1.11804935333014,-0.853865160114301,2.98624995218802,97.7990798950195,208.303512573242,2.0,7.0,3.0,1.0,0.0,26050904.0,9.0,-61.0119385914191,88.3074952885274,29.4188186645508,18.952384614944478
2026-05-09 18:15:30+00:00,CAN,CAN,17.380000665780962,11.87000014817448,0.0,6.629999996666358,1.430000015603122,-3.329999915507661,0.498910434211854,3.45428514324685,2.993761132562626,7.4657398944523665,-1.225141543513205,5.404406219924903,6.742980290161654,-13.589108389621561,-20.700000234520523,-24.684846660465098,64.2086814880371,42.619690475463855,1.0,110.999999673762,0.0,1371.3828125,3552.3984375,154.0521026917,42.7263072967529,150.9289904974844,-2.7864000471443022,32.2785585,-3.0863576656310263,7.560502551496031,1903.447580337524,1067.885088920593,1032.9847097396864,1268.0468320846562,-64.8448625,3.0,55.379077911377,3.18548822402954,68.4678955078125,-209.126998901367,67.0429646968842,32.4804067611694,-4.181799882549045,-1.40370173824182,0.313480149735477,2.307399969212706,98.7990646362305,209.303573608398,2.0,7.0,3.0,1.0,0.0,26050904.0,9.0,-55.09934708733822,88.35463725417881,29.35155658721925,23.10889766693114
2026-05-09 18:15:31+00:00,CAN,CAN,17.289999946106583,10.269999989813904,0.0,3.6500000731113844,-3.51999999407713,-10.389999839473955,0.6525344753946125,3.9238679057612202,2.993400840083908,6.448065186895738,-2.776003816208625,5.398987147837412,6.737237381730144,-15.70702847387528,-27.6799997002032,-23.74728452234405,66.2583148956299,44.74171211242674,1.0,110.999999673762,0.0,1383.515625,3564.53125,156.63156461289,44.7164463043213,154.0597962167806,-1.518399973723766,32.2784593,-2.7742342849494057,7.5423721224069595,1903.447580337524,898.4767079353333,1043.680119514464,1219.3174362182622,-64.8448077,3.0,67.9673843383789,3.18548822402954,68.4678955078125,-210.126998901367,67.1263694763184,32.5529009103775,-3.9477999921506184,1.72932150869037,0.197139950117276,4.611199873779946,99.7990493774414,210.303634643555,2.0,7.0,3.0,1.0,0.0,26050904.0,9.0,-58.31250234840072,88.60650389491755,29.575576400756802,24.55774097442626
2026-05-09 18:15:32+00:00,CAN,CAN,17.25999970621516,9.409999943114938,0.0,1.9300000437464502,-6.010000102854731,-13.919999977547945,0.651653274269975,3.9824555609142998,2.993761132562626,6.087512307215457,-0.9477519599396258,5.397632465192906,6.7358702339904,-15.420926534450157,-31.16999994530874,-26.07087645816825,67.50351905822755,47.19149093627928,1.0,110.999999673762,0.0,1396.2890625,3577.3046875,161.720984450277,47.3460823059082,157.6383973342902,-0.21920000205059634,32.2783517,-3.520354801060172,7.5423721224069595,1903.5383462905897,889.7250413894653,1086.16530895233,1132.43978023529,-64.8447593,3.0,80.567024230957,3.18548822402954,68.4678955078125,-211.126998901367,67.0487821102142,32.4725717306137,-4.429399960245436,-0.435729196697466,0.692380118145601,1.6603999694221305,100.799034118652,211.303695678711,2.0,7.0,3.0,1.0,0.0,26050904.0,9.0,-62.17493470894576,88.82806498630904,30.2199760437012,22.90219917297364
2026-05-09 18:15:33+00:00,CAN,CAN,17.269999786178936,9.799999817363888,0.0,2.479999980789012,-4.830000117331522,-11.770000031555224,0.651506398522393,4.030231666941475,2.9930405476051902,6.044375564493326,0.07302284141470915,5.397090489682265,6.734776208440093,-15.1828886362144,-29.0499993854338,-25.942837731987197,68.21850929260256,48.82177825927734,1.0,110.999999673762,0.0,1409.6328125,3590.6484375,161.845170949766,48.8778751373291,158.6338017831712,-1.2694000060682977,32.2782377,-3.2495336169783,7.542372122406962,1903.4112691879259,823.7314105033875,1009.6732020378113,1041.8831110000606,-64.8447133,3.0,91.8918991088867,3.18548822402954,68.4678955078125,-212.126998901367,67.1186089515686,32.57836997509,-4.039400000619113,1.42256608039916,-0.951955587858117,0.9501998997381585,101.799018859863,212.303756713867,2.0,7.0,3.0,1.0,0.0,26050904.0,9.0,-65.43816960002175,89.0213593398204,30.266791534423852,19.702170181274404
2026-05-09 18:15:34+00:00,CAN,CAN,17.26999978617894,8.82000000638224,0.0,0.8000000098111627,-7.309999970054489,-15.1700000692506,0.651653274269975,4.03256951262833,2.9934008400839076,4.3034376969494215,1.558742496728615,5.39627761179367,6.734776208440093,-14.931882257801558,-32.45000027690284,-26.938441110127798,69.12117347717285,50.392937164306645,1.0,110.999999673762,0.0,1423.40625,3604.421875,163.251397616845,50.3631580352783,159.0284036681282,-1.7210000117481037,32.278119,-4.203002497280059,7.460784912109375,1903.438520431518,996.6855883598334,1066.767764091494,1195.314860343934,-64.8446693,3.0,102.317901611328,3.18548822402954,68.4678955078125,-213.126998901367,67.0933961868286,32.4862837791443,-3.813200015498114,-0.76916281027821,-0.181771891082615,-0.2335999988307782,102.799003601074,213.303817749023,2.0,7.0,3.0,1.0,0.0,26050904.0,9.0,-67.32042630130472,89.13930646150274,30.2088455200195,17.06446334838866
2026-05-09 18:15:35+00:00,CAN,CAN,17.34000034592568,10.920000064820076,0.0,4.8499999784383805,-1.4000000265076848,-7.50000003795178,0.649156573324071,4.059307568794811,2.9941214250413437,4.678370344644064,1.70899582621576,5.396277697171034,6.73532330659261,-15.19967382609972,-24.830000133158922,-26.7292315620766,70.60834465026855,52.00045120239258,1.0,110.999999673762,0.0,1437.6328125,3618.6484375,162.13982531056,52.135400390625,157.331992316048,-0.8249999856051196,32.2779962,-4.681431037788508,7.46985012665391,1903.3295869827282,846.4633464813235,1042.8406000137322,1132.010173797608,-64.8446244,3.0,118.401390075684,3.18548822402954,68.4678955078125,-214.126998901367,67.1108543872833,28.8793116807938,-4.123999918962,1.28941442401582,2.28734006647418,-2.958999909310218,103.798988342285,214.30387878418,2.0,7.0,3.0,1.0,0.0,26050904.0,9.0,-67.0725054608494,89.21352671211869,29.9305772781372,17.907233505249017
2026-05-09 18:15:36+00:00,CAN,CAN,17.249999626251316,8.100000054648309,0.0,-0.5400000011530472,-9.60999983484396,-18.5000004009729,0.648715972761752,4.0508327981387104,2.993761132562626,3.936773505509276,-0.57894897130036,5.395735807037758,6.735323306592612,-15.51209726552932,-35.75000036873374,-25.5283050135227,70.6102569580078,51.94382560729978,1.0,110.999999673762,0.0,1452.1328125,3633.1484375,158.862550282626,51.9680305480957,156.3850002480036,0.38059999982649695,32.2778732,-2.821046096331828,7.3973283171653765,1903.1751871108997,1052.141678333284,1144.2699909210219,1166.232585906982,-64.8445718,3.0,132.992233276367,3.18548822402954,68.4678955078125,-215.126998901367,67.1186089515686,20.1567396521568,-3.0116000498821314,0.251486844868356,-1.22254345694681,1.1417999627939062,104.798973083496,215.303939819336,2.0,7.0,3.0,1.0,0.0,26050904.0,9.0,-67.05171709709153,89.23671178925636,29.76449146270755,18.85669876098634
2026-05-09 18:15:37+00:00,CAN,CAN,17.26999978617894,8.020000097956698,0.0,-0.5300000119026818,-9.40000020466059,-18.08999985453216,0.6478347716371144,2.721860373049405,2.993761132562626,4.908433911646448,-0.0824832920778845,5.396277697171034,6.735323306592612,-14.051449700200521,-35.3800001421482,-25.0784457028972,70.19942321777344,52.422973709106415,1.0,110.999999673762,0.0,1466.578125,3647.59375,159.762099856695,52.4153423309326,157.15019180487138,-0.9255999929366835,32.2777511,-2.643739422742808,7.279480434954166,1903.147983551028,1052.8272271156318,1158.7725877761861,1280.95097541809,-64.8445171,3.0,143.711578369141,3.18548822402954,68.4678955078125,-216.126998901367,67.1050310134888,19.0967872738838,-4.0203998657633395,-0.888353666719752,-2.09920698809782,0.40839999032635993,105.798957824707,216.304000854492,2.0,7.0,3.0,1.0,0.0,26050904.0,9.0,-67.5563109824046,89.24492167663865,29.801450157165498,18.854127273559563
2026-05-09 18:15:38+00:00,CAN,CAN,17.380000324271503,10.609999976507984,0.0,4.060000043254947,-2.3799999922358186,-8.130000038407651,0.6479816473846964,2.06015057904151,2.9941214250413437,5.105067032378838,1.083816525251315,5.356449924969678,6.733408804568256,-13.3762484469685,-25.479999866655596,-25.506505611012948,71.4943885803223,53.78464874267579,1.0,110.999999673762,0.0,1481.3203125,3662.3359375,160.79894989346,54.05625,156.72359458176638,-1.6883999670708,32.2776258,-3.719544973863088,7.388263009488584,1903.057169914246,893.3245182037356,1052.7891635894746,1195.2430009841921,-64.8444638,3.0,158.708740234375,3.18548822402954,68.4678955078125,-217.126998901367,67.1166718006134,19.0948277711868,-4.564999876592428,1.32151876771411,0.756808118647567,-2.022799923019029,106.798942565918,217.304061889648,2.0,7.0,3.0,1.0,0.0,26050904.0,9.0,-67.81388834430842,89.25524209247455,29.731106758117697,19.08768253326416
2026-05-09 18:15:39+00:00,CAN,CAN,17.380000665780962,11.199999913240685,0.0,5.3800000757184225,-0.4799999535930599,-5.709999939759987,0.647394171074796,1.288423059410392,2.9941214250413437,4.374613903007024,-1.1268987571941755,4.805363454240554,6.237598286395764,-13.342297625661137,-23.080000141378978,-24.413940013641202,71.41403045654295,53.67516998291014,1.0,110.999999673762,0.0,1496.28125,3677.296875,157.402979838129,53.5120216369629,156.024202335287,-1.7011999977074939,32.2774999,-2.0487976733908697,7.406393531709912,1903.0299425125118,953.8507223129272,1049.04112815857,1188.6997461319,-64.8444065,3.0,174.039749145508,3.18548822402954,68.4678955078125,-218.126998901367,67.1341300010681,19.0634801983833,-3.52439993790743,-0.542870051978372,-0.347430218654834,1.264999955516292,107.798927307129,218.304122924805,2.0,7.0,3.0,1.0,0.0,26050904.0,9.0,-67.00297003698519,89.23815295917115,29.4512094497681,20.13762016296386
2026-05-09 18:15:40+00:00,CAN,CAN,17.259999706215158,9.91000001394697,0.0,3.270000070718917,-4.199999967465262,-11.26000005151414,0.647981647384696,0.204030990669904,2.9930405476051902,3.7577551011368917,-0.5453262253565054,4.188709728800252,5.615442758201651,-14.006436533758642,-28.52000026999346,-23.790128591460203,72.17054557800296,54.314816665649424,1.0,110.999999673762,0.0,1511.2734375,3692.2890625,159.911202886277,54.3752105712891,157.0399962648786,-0.22239999470203092,32.2773738,-2.865058469305556,7.39732822403312,1903.157043457032,1065.1261329650886,1078.413057327268,1217.226791381836,-64.8443487,3.0,186.639099121094,3.18548822402954,68.4678955078125,-219.126998901367,67.1108543872833,19.1163793206215,-2.800599967740076,1.93305388535739,1.98125474377358,0.8377999628809641,108.79891204834,219.304183959961,2.0,7.0,3.0,1.0,0.0,26050904.0,9.0,-65.5891878146464,89.25165282806569,29.184511184692347,23.277591018676763
2026-05-09 18:15:41+00:00,CAN,CAN,17.2199993863599,9.020000068865992,0.0,1.2500000009892127,-6.479999821737496,-13.9100002390936,0.6466598723781665,-0.31391190573642935,2.9930405476051902,2.345737095316392,0.8747234506018216,3.7348895060977085,5.134400304297836,-14.118588581439699,-31.14000004692674,-23.89658050476945,73.1760486602783,55.11628646850586,1.0,110.999999673762,0.0,1526.421875,3707.4375,162.086727419952,55.119287109375,157.9344040725402,-1.0597999739678754,32.2772447,-3.9473562432979774,7.388263102620842,1903.1025648117059,1260.568976402282,1194.29588317871,1346.059894561766,-64.8442949,3.0,202.066604614258,3.18548822402954,68.4678955078125,-220.126998901367,67.1593427658081,19.0458461642265,-2.303400018335676,-1.17295073404382,-2.33448950264501,0.1315999974864755,109.798896789551,220.304244995117,2.0,7.0,3.0,1.0,0.0,26050904.0,9.0,-65.07309462284674,89.3337687773622,29.1993375778198,24.80646114349364
2026-05-09 18:15:42+00:00,CAN,CAN,17.24999962625134,8.930000032210568,0.0,1.1399999911691427,-6.839999968359192,-14.49000009586248,0.646806721445322,-0.6419177200621945,3.60059048465551,2.01214410354023,0.9860992366115466,3.701022269230294,5.0983015592512135,-14.54392682992594,-31.729999300640536,-23.8086921918507,75.58179359436035,56.496531829833984,1.0,110.999999673762,0.0,1541.96875,3722.984375,160.632443541873,56.4887981414795,157.40179684936518,-1.1840000057693403,32.2771113,-3.575927226515462,7.54237174987793,1903.147959709168,1135.4575276374821,1081.547093391419,1223.1885910034157,-64.8442431,3.0,215.496887207031,3.18548822402954,68.4678955078125,-221.126998901367,67.1961963176727,19.0987467765808,-2.8889999045163757,-0.814612169675944,-1.89119144249097,-0.04759999386830018,110.798881530762,221.304306030273,2.0,7.0,3.0,1.0,0.0,26050904.0,9.0,-63.045613073393156,89.45347467275585,29.29533920288085,27.726801567077636
2026-05-09 18:15:43+00:00,CAN,CAN,17.330000265961864,10.119999814885041,0.0,3.4800000370756656,-3.2799999745919157,-9.859999955637331,0.6472473220076405,-0.730311867185957,4.003461850395352,3.25377059676387,-0.4554882002545855,3.760628647098078,5.034581614578422,-13.72567477773612,-27.189999880089736,-21.53259995283565,76.4493221282959,57.43027908325193,1.0,110.999999673762,0.0,1557.7890625,3738.8046875,160.095713616515,57.4731868743896,157.9093973839508,-1.6183999836213,32.2769771,-2.210839941401966,7.497045863419771,1903.211522102356,799.2501735687255,801.800787448883,969.2000269889832,-64.8441854,3.0,226.93310546875,3.18548822402954,68.4678955078125,-222.126998901367,67.1729207038879,19.0282136201859,-2.958799912833582,0.786737420621181,1.00583233347459,0.7945999875481563,111.798866271973,222.30436706543,2.0,7.0,3.0,1.0,0.0,26050904.0,9.0,-61.02500952443377,89.62493632658524,29.3746587753296,31.2744911956787
2026-05-09 18:15:44+00:00,CAN,CAN,17.289999946106583,8.909999701528207,0.0,1.3300000163777597,-6.79999999001339,-14.559999631080819,0.647100446260059,-0.729289046357748,3.998777365153098,3.055340624015576,-0.052011493658303654,3.7790525701199984,5.017626267605416,-13.348401082703422,-31.84000052175196,-20.89162426527035,77.59158096313475,57.89132171630858,1.0,110.999999673762,0.0,1573.8125,3754.828125,161.220755055843,57.8262496948242,158.88719633722718,-1.091799997198768,32.2768408,-2.439718555960718,7.53330681473017,1903.2478332519524,812.5667333602904,810.3174448013307,941.1571741104126,-64.8441283,3.0,245.128784179688,3.18548822402954,68.4678955078125,-223.126998901367,67.2078371047974,19.151645898819,-2.1574000290716,1.12822089238646,0.475199472528795,1.1317999862167427,112.798851013184,223.304428100586,2.0,7.0,3.0,1.0,0.0,26050904.0,9.0,-59.59119435725931,89.87000009891075,29.3316249847412,33.28964401245116
2026-05-09 18:15:45+00:00,CAN,CAN,17.289999946106576,9.109999764011956,0.0,1.570000003846458,-6.230000042453584,-13.83000011164724,0.6462192451354215,-1.617169829199183,3.999498120865264,2.2662932227449257,0.125034323400326,3.837845813967094,4.95500060461503,-13.596737881679179,-31.139999022398378,-20.930295942577352,78.4072574615478,58.203731689453114,1.0,110.999999673762,0.0,1589.9609375,3770.9765625,161.302553401343,58.2554786682129,158.850001859083,0.3218000013500335,32.2767025,-2.696035534519292,7.388263102620842,1903.120732307434,1016.2786006927493,938.7165188789364,1001.9013762474053,-64.8440741,3.0,261.649597167969,3.18548822402954,68.4678955078125,-224.126998901367,67.2466278076172,19.0713167190552,-1.8064000013748882,0.645036768635363,1.494405049594,-0.4334000274852987,113.798835754395,224.304489135742,2.0,7.0,3.0,1.0,0.0,26050904.0,9.0,-58.742894424608586,90.1711909507408,29.2942834854126,34.11352798461913
2026-05-09 18:15:46+00:00,CAN,CAN,17.05999981448614,8.809999926418428,0.0,1.2600000115839176,-6.689999964185063,-14.27999978266018,0.6448974434484656,-3.22374149932318,3.999498120865264,2.856551041807482,-1.154217712945441,3.814815952878378,4.9615641602753175,-13.48763739176456,-31.33999993865576,-19.949487607952648,78.3471691131592,58.2115333557129,1.0,110.999999673762,0.0,1606.1015625,3787.1171875,161.513073491941,58.1903709411621,159.77340245373358,1.2249999985148319,32.2765647,-1.87300034354238,7.361067365854981,1903.1025886535658,1128.5520792007442,1131.339192390442,1123.17407131195,-64.8440183,3.0,275.531280517578,3.18548822402954,68.4678955078125,-225.126998901367,67.229175567627,19.086991250515,-2.1077999637152502,-0.226362634336698,0.423539496823962,2.075999990321844,114.798820495605,225.304550170898,2.0,7.0,3.0,1.0,0.0,26050904.0,9.0,-57.60027890854631,90.4907208604923,29.32149868011475,34.68307640075682
2026-05-09 18:15:47+00:00,CAN,CAN,15.9499994762391,7.990000028819982,0.0,0.4100000021600746,-7.38000010291437,-15.019999894321739,0.645484919758366,-4.233619972829064,3.9980567801956624,3.401155534948212,-1.3675136351109498,3.8221314269889164,4.968127630558242,-12.88644140894434,-30.97000039508918,-19.72619250228565,79.03904342651364,58.94490509033202,1.0,110.999999673762,0.0,1622.34375,3803.359375,164.403268039232,58.8998199462891,162.34199890999238,1.3168000034599618,32.2764247,-1.967581067909012,7.415458653122189,1903.120732307434,1114.4264936447141,1138.78183364868,1156.34915828705,-64.8439671,3.0,292.182312011719,3.18548822402954,68.4678955078125,-226.126998901367,67.229175567627,19.0360501408577,-2.555800011471294,-0.288202606793038,0.0649085016420344,2.1708000064495163,115.798805236816,226.304611206055,2.0,7.0,3.0,1.0,0.0,26050904.0,9.0,-57.585830326376104,90.8722859633805,29.36072330474855,34.62443412780762
2026-05-09 18:15:48+00:00,CAN,CAN,15.86000012260256,6.8800000320823615,0.0,-1.7700000129693578,-10.789999879064105,-19.15999987292394,0.6450443458764735,-4.69458239628064,3.999498120865264,2.5287099444304624,0.07932853592273556,3.7923282380550254,4.947069730460268,-12.4572879875425,-35.01999999552652,-20.0060176686183,80.08172149658205,59.75511932373048,1.0,110.999999673762,0.0,1638.875,3819.890625,164.778518632233,59.9780387878418,162.72659866592878,1.542599974283354,32.2762809,-2.22103523671,7.388263009488584,1903.1388759613042,1156.456089019776,1174.109649658202,1152.5740623474123,-64.8439212,3.0,256.618927001953,3.18548822402954,68.4678955078125,-227.126998901367,67.234992980957,19.0948277711868,-2.481799821012672,0.296645601061247,0.0289914616386864,-0.2874000835779456,116.798789978027,227.304672241211,2.0,7.0,3.0,1.0,0.0,26050904.0,9.0,-58.376008081265695,91.30331871133251,29.3732666015625,33.186255111694315
2026-05-09 18:15:49+00:00,CAN,CAN,15.84000030418438,6.499999981665127,0.0,-2.6400000222382722,-11.84999998824686,-20.859999806394278,0.6441631180714096,-5.690434435995664,3.9991378283865457,3.714617931527934,-0.17967605020384003,3.570159686714258,4.658553660673012,-11.93124133182008,-36.699999769069215,-19.72706591272575,79.9706428527832,60.42890396118164,1.0,110.999999673762,0.0,1655.515625,3836.53125,164.859715921086,60.5602249145508,162.72859581324218,1.015800034072871,32.2761361,-1.7842174892857323,7.352002151310444,1903.1116485595717,1005.4653406143176,1103.344345092772,1103.1907081604,-64.8438737,3.0,322.595703125,3.18548822402954,68.4678955078125,-228.126998901367,67.2485709190369,19.0713167190552,-2.922999988563148,-0.0192447199945921,-0.692798040345441,-1.3976000047550496,117.798774719238,228.304733276367,2.0,7.0,3.0,1.0,0.0,26050904.0,9.0,-59.34033243734748,91.70269011738691,29.522493553161652,31.237761154174798
2026-05-09 18:15:50+00:00,CAN,CAN,15.779999824401461,5.699999987862222,0.0,-4.209999940707368,-14.340000262443079,-23.700000659512543,0.6437225441895176,-6.32540745449754,3.998777365153098,2.6696241108055263,0.7927665566676005,3.597795058982952,4.643786023291162,-12.252438490748021,-39.48000014240464,-20.52148265376905,80.4373970031738,60.76424926757812,1.0,110.999999673762,0.0,1672.4140625,3853.4296875,162.367625779758,60.6782524108887,160.1549996585112,0.3225999837339216,32.2759902,-2.249598404800074,7.379197794944048,1902.9482364654518,1173.5440731048564,1194.266152381898,1178.178000450132,-64.8438222,3.0,340.002777099609,3.18548822402954,68.4678955078125,-229.126998901367,67.2330498695374,19.0713167190552,-1.480599999309622,1.72377582197114,-2.10498447436201,-1.870599980280284,118.798759460449,229.304794311523,2.0,7.0,3.0,0.0,0.0,26050904.0,9.0,-61.41342599007838,92.0329536694191,29.78825283050535,27.9211809539795
2026-05-09 18:15:51+00:00,CAN,CAN,15.879999941020738,7.090000174529925,0.0,-1.6299999500208238,-10.1399999748127,-18.679999791264862,0.6443099938189916,-7.2680777203441504,3.999137657631816,2.6095919560203544,0.25374795097864,3.6194700666724358,4.623001928401542,-10.565960624287055,-34.54999965232176,-21.2161922933084,79.8399501800537,60.81853134155271,1.0,110.999999673762,0.0,1689.2421875,3870.2578125,161.059548931052,60.8088729858398,159.08620346096,-1.2783999542385514,32.2758458,-1.7552972090237702,7.279480434954166,1902.930092811582,1183.0055356025703,1221.39298915863,1323.62895011902,-64.843766,3.0,354.705871582031,3.18548822402954,68.4678955078125,-230.126998901367,67.2330498695374,19.081112742424,-3.0600000510013095,-3.31629845998308,-0.894623620295265,-2.11279991298371,119.79874420166,230.30485534668,2.0,7.0,3.0,0.0,0.0,26050904.0,9.0,-62.222830727481565,92.22224894717141,29.921142768859852,25.7475421142578
2026-05-09 18:15:52+00:00,CAN,CAN,15.86000046411202,7.010000047083592,0.0,-1.7199999866762485,-10.83000002816462,-19.47999969969038,0.643281943627199,-8.292128409490982,3.9987775359078284,4.200628067392466,0.522731759478906,3.6024010397384343,4.6424187047966905,-10.255063049118014,-35.34999921923784,-20.013500994627698,80.62893333435059,61.61335098266604,1.0,110.999999673762,0.0,1706.28125,3887.296875,156.674130351797,61.603328704834,155.0207956367744,-0.6312000113321916,32.2757028,-1.597219332217336,7.569567579776049,1902.893781661986,892.3670887947083,1007.7213764190686,1081.9302320480322,-64.8437,3.0,367.154937744141,3.18548822402954,68.4678955078125,-231.024993896484,67.2505080699921,19.1124603152275,-2.871400043817818,2.15482116308442,1.18314575187541,-5.38819988857175,120.798728942871,231.304916381836,2.0,7.0,3.0,0.0,0.0,26050904.0,9.0,-62.1361638231411,92.35207376782046,29.793998336792,27.231003341674818
2026-05-09 18:15:53+00:00,CAN,CAN,15.80999972278346,5.569999972860994,0.0,-4.539999932814984,-14.839999821010881,-22.60999979817422,0.6443099938189916,-8.411351069000846,3.998777365153098,1.7137800962529184,1.938577694126925,3.6300367962052684,4.600850685772176,-10.415279821007374,-38.4099990994844,-22.03151368208015,79.57510414123536,61.14964279174802,1.0,110.999999673762,0.0,1723.359375,3904.375,154.016449104232,61.0472213745117,150.6605995800864,-1.220399908797506,32.2755631,-3.0466504462685218,7.3610675521194935,1903.2659769058203,1210.310435295106,1160.3005647659302,1230.425333976746,-64.8436231,3.0,384.222503662109,3.18548822402954,68.4678955078125,-232.024993896484,66.6123569011688,19.1026642918587,-1.92299984689913,-1.80798330325752,-1.86296760673659,-2.9141998874591417,121.798713684082,232.304977416992,2.0,7.0,3.0,0.0,0.0,26050904.0,9.0,-65.03916224305013,92.34871672984335,29.43214473724365,25.61371353149412
2026-05-09 18:15:54+00:00,CAN,CAN,15.979999716130498,8.640000103826122,0.0,1.28000004878159,-5.93000011948269,-13.08000009077658,0.6435756684419355,-8.36225908434138,3.9984170726743797,3.3080516895792074,1.358579640954865,3.627598418671572,4.601944540567754,-9.557736251843405,-29.06999988687092,-20.49459646787495,79.9165454864502,61.80595367431643,1.0,110.999999673762,0.0,1740.390625,3921.40625,148.133429587182,62.0036567687988,146.04180163311898,-1.8603999251841743,32.2754283,-2.101376384244262,7.596763316541912,1903.320479393004,939.9568200111382,978.2338142395029,1106.180000305174,-64.8435355,3.0,398.029022216797,3.18548822402954,68.4678955078125,-233.024993896484,66.6453301906586,19.07719373703,-3.3455998434563883,0.890695087583744,2.18756444963522,-5.948399966087784,122.798698425293,233.305038452148,2.0,7.0,3.0,0.0,0.0,26050904.0,9.0,-60.51727785021602,92.1339038653519,28.57362756729125,29.065973510742158
2026-05-09 18:15:55+00:00,CAN,CAN,15.9499994762391,7.5599998347157635,0.0,-0.39000000231500237,-8.720000060517734,-16.72000016930152,0.643135067879617,-8.381544550349735,3.997336109860862,2.529069127003438,-0.7381324604660485,3.6254307727611077,4.622728464702646,-10.160458611188343,-32.6699996455406,-18.3942791471501,80.14381141662595,61.24662322998048,1.0,110.999999673762,0.0,1757.53125,3938.546875,145.28200319362,61.1057991027832,143.414804327381,-0.532200005162172,32.2753005,-1.6007230058181399,7.515176292508843,1903.238773345948,1065.5277967452992,1059.3601584434502,1125.070309638978,-64.8434331,3.0,413.674194335938,3.18548822402954,68.4678955078125,-234.024993896484,66.5832579135895,19.081112742424,-1.805199937137718,-0.242278495887135,1.21963144848286,0.3734000066057389,123.798683166504,234.305099487305,2.0,7.0,3.0,0.0,0.0,26050904.0,9.0,-57.931500053100194,91.9090472076859,27.72786741256715,32.972890319824224
2026-05-09 18:15:56+00:00,CAN,CAN,15.9699996361667,8.080000065475403,0.0,0.4199999860743543,-7.199999858848796,-14.820000173347458,0.642694493997725,-8.724600192923731,3.9980567801956624,3.572625427693312,-0.700305912347166,3.635455270651204,4.608234376397056,-9.602749930549454,-30.800000401742142,-17.86790037347935,79.91636352539061,60.860578765869136,1.0,110.999999673762,0.0,1774.4765625,3955.4921875,144.167384622965,60.8814239501953,143.295199518787,-0.9440000183006407,32.2751755,-0.9587814761433868,7.442654483020308,1903.229713439942,1101.702380180362,1078.097081184388,1174.3268013000502,-64.8433292,3.0,426.258422851562,3.18548822402954,68.4678955078125,-235.024993896484,66.608476638794,19.0654382109642,-2.679800004107444,-0.866408642442471,-1.33423305813239,-1.0791999363582785,124.798667907715,235.305160522461,2.0,7.0,3.0,0.0,0.0,26050904.0,9.0,-56.494431666824084,91.72492921332444,27.63412742614745,35.013746337890645
2026-05-09 18:15:57+00:00,CAN,CAN,15.969999977676139,7.960000130437993,0.0,0.27999995514233506,-7.8500000192323,-15.289999662778541,0.6425476182501431,-9.988701295545251,3.9984170726743797,3.631579223674586,-0.528514861972856,3.628952930561352,4.614524212226359,-9.370434877064543,-31.240000163545982,-17.1832370884354,80.0252689361572,60.3238430786133,1.0,110.999999673762,0.0,1791.3671875,3972.3828125,142.2096884823,60.4013626098633,141.4197962293174,-0.28040000012243554,32.2750536,-0.8807854969542603,7.406393531709909,1903.238773345948,1051.4543533325207,1042.5519466400165,1130.4324388504042,-64.8432217,3.0,419.873077392578,3.18548822402954,68.4678955078125,-236.024993896484,46.0498481988907,19.0889492630959,-2.147599902895736,1.82291708499093,0.531075809385641,-1.4609999390569648,125.798652648926,236.305221557617,2.0,7.0,3.0,0.0,0.0,26050904.0,9.0,-54.84619978613,91.5730394665617,27.64858303070065,37.318750762939445
2026-05-09 18:15:58+00:00,CAN,CAN,15.989999796094299,7.910000072128374,0.0,0.070000010129925,-7.800000046300047,-15.300000084251838,0.64416311807141,-9.984026031058375,3.998777365153098,4.518403984565142,-2.0221128286668897,3.617573664649382,4.62710448152651,-9.319317912070897,-31.29000022185562,-16.98677096582825,79.2052013397217,59.19519973754884,1.0,110.999999673762,0.0,1807.8984375,3988.9140625,143.469025101088,59.1954414367676,142.54400165349082,-0.5435999964294052,32.2749355,-0.9081547799939308,7.46985021978617,1903.284144401548,1205.057525634766,1158.8046550750737,1255.238389968874,-64.8431137,3.0,407.485260009766,3.18548822402954,68.4678955078125,-237.024993896484,42.8008913993835,19.079153239727,-2.1576000255482355,-0.252087981556596,0.418697346269672,2.59359981513071,126.798637390137,237.305282592773,2.0,7.0,3.0,0.0,0.0,26050904.0,9.0,-53.314083170382936,91.4273549466599,27.9186415672302,38.45954566955566
2026-05-09 18:15:59+00:00,CAN,CAN,15.92999999933038,6.780000086217848,0.0,-1.9399999956442202,-10.94999996320208,-19.42999998289022,0.64284134306488,-9.937564949889836,3.999137657631816,2.8123357268380405,-0.2432422662615145,3.5842484459812893,4.659921064544844,-8.85621349860692,-35.349999902256755,-17.70751301761545,80.44663925170894,59.13801315307616,1.0,110.999999673762,0.0,1824.3515625,4005.3671875,146.437753163456,59.1767234802246,144.04199874225782,-0.6756000082134894,32.2748139,-2.45475628463556,7.4789154343307045,1903.17521095276,1333.16831588745,1286.7234468460078,1364.55774307251,-64.8430135,3.0,394.497131347656,3.18548822402954,68.4678955078125,-238.126998901367,42.7271842956543,19.0713167190552,-1.785799980083402,0.524523790341747,-1.24117205085608,0.8841999885616282,127.798622131348,238.30534362793,2.0,7.0,3.0,0.0,0.0,26050904.0,9.0,-51.623881143277046,91.38959424583355,28.2857565879822,39.91455436706544
2026-05-09 18:16:00+00:00,CAN,CAN,15.94000007929418,7.130000152875731,0.0,-1.4199999996723311,-9.989999970638578,-18.69000021273812,0.6419601419402425,-9.931136034333559,3.998777365153098,3.201287679313586,0.8689441367284285,3.5625733102257597,4.6539047777918086,-8.382046740008459,-34.61999952904958,-17.99711389219765,80.99502525329589,59.14230194091796,1.0,110.999999673762,0.0,1840.765625,4021.78125,146.7357816377,59.1502944946289,144.0767944579656,-1.855399906546608,32.2746897,-2.598868537679092,7.469850219786167,1903.2569169998162,1275.053262710572,1243.927025794984,1370.4845428466801,-64.8429178,3.0,379.454254150391,3.18548822402954,68.4678955078125,-239.024993896484,42.7970141172409,19.1300943493843,-2.530000039098632,-0.781705225389322,-2.38591357001922,-1.5507999258749028,128.79866027832,239.305404663086,2.0,7.0,3.0,0.0,0.0,26050904.0,9.0,-50.59942994891274,91.435452135921,28.5599238395691,40.806471862792954
2026-05-09 18:16:01+00:00,CAN,CAN,15.9499994762391,7.509999947160873,0.0,-0.5600000170063759,-8.810000267927887,-16.95000030092198,0.6424007425025615,-9.936542129061625,3.9984170726743797,2.946779164092502,0.6745605548074345,3.5652827182034557,4.670860124764813,-8.158123939956742,-32.8900007217256,-17.631895993314252,81.34348754882815,58.981902923583974,1.0,110.999999673762,0.0,1857.203125,4038.21875,144.979780983225,58.859211730957,142.3106031612486,-2.521399891782574,32.2745672,-2.7992988167031863,7.49704595655203,1903.1752109527602,1188.6074542999281,1128.717112541198,1292.8923606872581,-64.8428191,3.0,363.1689453125,3.18548822402954,68.4678955078125,-240.126998901367,42.7368819713592,19.0458461642265,-2.1680000557766363,0.768803585016549,-0.225263667571414,-1.29459997033476,129.798721313477,240.305465698242,2.0,7.0,3.0,0.0,0.0,26050904.0,9.0,-49.51397491997646,91.49508310246975,28.729248046875,41.21790641784668
2026-05-09 18:16:02+00:00,CAN,CAN,15.989999796094338,7.630000052953013,0.0,-0.35000000262485703,-8.359999999273402,-16.41000008098946,0.6429881921320355,-9.93128202962707,3.9984170726743797,3.198052133326386,-0.5778970763111981,3.565553791336144,4.676055935043804,-8.433926295622934,-32.37999937564666,-17.3894567211774,81.37097396850585,58.663012390136714,1.0,110.999999673762,0.0,1873.5234375,4054.5390625,143.863427544522,58.6269607543945,142.4510017977518,-2.777000041987752,32.2744469,-1.7918484220863948,7.460784912109375,1903.302311897276,1093.653380870819,1063.5397553443886,1266.169929504396,-64.8427185,3.0,352.401306152344,3.18548822402954,68.4678955078125,-241.024993896484,42.7717983722687,19.1261753439903,-2.5889999388568,-1.18377060746276,-0.30895562965802,1.7503999740610419,130.798782348633,241.305526733398,2.0,7.0,3.0,0.0,0.0,26050904.0,8.0,-48.171981400909104,91.5407838982063,28.884110641479502,41.83923065185546
2026-05-09 18:16:03+00:00,CAN,CAN,16.02000003598574,7.840000024645855,0.0,0.039999999690144075,-8.110000134612122,-16.120000152605,0.6424007425025615,-9.962110515332746,3.9980567801956624,4.4763452164487685,-2.2275275663038503,3.560406261956846,4.662929335987414,-8.451855712948948,-32.12000071168204,-15.48656089576995,81.4890186309814,58.69894592285154,1.0,110.999999673762,0.0,1889.8359375,4070.8515625,145.211460999872,58.6543853759766,144.6625951943968,-2.052799993489768,32.2743276,-0.566576032425814,7.533306814730167,1903.338623046872,964.0609145164483,933.5133314132693,1134.07497406006,-64.8426168,3.0,340.664428710938,3.18548822402954,68.4678955078125,-242.126998901367,42.744642496109,19.0478056669235,-2.136399950793818,1.89046509456142,0.571052052824079,2.6009999835869584,131.798843383789,242.305587768555,2.0,7.0,3.0,0.0,0.0,26050904.0,8.0,-47.054619826284046,91.6530926987288,29.0769018173218,42.82995712280274
2026-05-09 18:16:04+00:00,CAN,CAN,15.979999716130498,7.270000247840772,0.0,-1.0299999760129872,-9.429999932287847,-17.549999976109056,0.641372665630342,-9.952028729230985,3.9984170726743797,3.567592730869438,-1.319180441779587,3.5623025786025337,4.67660320395105,-8.717739950921372,-33.52000029529466,-16.25388483769665,81.85701255798335,58.4088739013672,1.0,110.999999673762,0.0,1906.078125,4087.09375,148.879395527574,58.3967216491699,147.31439428304878,-1.678399972484348,32.2742046,-1.30283894738607,7.442654389888051,1903.2024621963524,1171.136379241944,1078.739070892334,1238.0086660385139,-64.8425227,3.0,324.433898925781,3.18548822402954,68.4678955078125,-243.126998901367,42.7524000406265,19.1242158412933,-1.980599942075586,-1.54259993159467,-0.427348367822875,1.6939999804743526,132.798904418945,243.305648803711,2.0,7.0,3.0,0.0,0.0,26050904.0,8.0,-46.7821130368924,91.86006792114776,29.548151779174802,42.54177612304687
2026-05-09 18:16:05+00:00,CAN,CAN,15.9499994762391,7.119999987534554,0.0,-1.2400000117388454,-9.84000013721916,-18.03000039927762,0.642400742502561,-9.95612001254382,3.9980567801956624,4.156772020373366,-1.211482018946827,3.550922971181106,4.685901055090822,-9.055722299734615,-33.9799998755167,-16.3078160113831,82.09347267150875,58.31818176269532,1.0,110.999999673762,0.0,1922.2890625,4103.3046875,150.584429310462,58.3084259033203,148.893400147448,-1.558999941499474,32.2740788,-1.632912684192378,7.451719697564842,1903.356790542602,1166.1627769470201,1118.819737434386,1247.429704666136,-64.8424346,3.0,309.550750732422,3.18548822402954,68.4678955078125,-244.126998901367,42.7640378475189,19.0419271588326,-2.35899993530238,-0.536015103372618,1.17072857468604,1.754799885874828,133.798965454102,244.305709838867,2.0,7.0,3.0,0.0,0.0,26050904.0,8.0,-46.74182584909196,92.1411472809667,29.881820297241198,41.62453239440917
2026-05-09 18:16:06+00:00,CAN,CAN,15.93999973778474,6.7200000333217815,0.0,-2.2100000202331276,-11.119999956549092,-20.029999658077298,0.641813292873087,-9.919739863703395,3.998777365153098,3.684062439945646,-0.021541589549000505,3.5365636083568956,4.706685406112536,-8.649075546931046,-35.98000015884472,-16.77948496980205,82.3846584320068,58.369114379882795,1.0,110.999999673762,0.0,1938.53125,4119.546875,150.55128923261,58.2619194030762,148.9079948956664,-2.153000021208278,32.2739509,-1.8377360128245779,7.515176292508842,1903.43849658966,1152.492237091064,1110.320615768432,1216.791105270384,-64.8423504,3.0,298.209289550781,3.18548822402954,68.4678955078125,-245.126998901367,42.744642496109,19.1183388233185,-2.137600036375332,0.985651685798141,-1.24034122237657,-1.256599954087258,134.799026489258,245.305770874023,2.0,7.0,3.0,0.0,0.0,26050904.0,8.0,-47.15634115057414,92.457313322552,30.03841495513915,40.57113029479977
2026-05-09 18:16:07+00:00,CAN,CAN,15.989999796094299,7.590000074607208,0.0,-0.40000000757362386,-8.640000103826125,-16.78000030757496,0.6426944673172985,-9.919593868409883,3.999137657631816,3.3723977918441554,0.2316818209106707,3.5509230992471537,4.688362569890334,-8.262265029515032,-32.779999842123644,-17.36935547445,82.10008850097654,58.074680786132795,1.0,110.999999673762,0.0,1954.6875,4135.703125,149.145253810827,58.0896537780762,147.3951981530056,-2.182599969325678,32.2738242,-2.213209163270316,7.5514373369514916,1903.4566640853877,1157.72953033447,1056.248116493226,1234.5939874649061,-64.8422648,3.0,285.300628662109,3.18548822402954,68.4678955078125,-246.126998901367,42.760157585144,19.0967872738838,-2.118999937161508,0.417754540040373,0.557967064560774,-1.2721999407329245,135.799087524414,246.30583190918,2.0,7.0,3.0,0.0,0.0,26050904.0,8.0,-47.56008592675412,92.7292060779373,30.10117092132565,39.56199760437012
2026-05-09 18:16:08+00:00,CAN,CAN,15.999999876058101,7.470000139569794,0.0,-0.52000000664406,-8.710000151308645,-16.559999231389916,0.6418132661926605,-9.925291953724965,3.9984170726743797,2.988838188340968,-0.3357066992025025,3.5590511097368323,4.7085996520048,-9.404766993682342,-32.5300005751039,-17.4902873887997,81.75452041625975,57.7469366455078,1.0,110.999999673762,0.0,1970.7578125,4151.7734375,149.124817884831,57.7529640197754,146.7889997396374,-1.4030000216819674,32.2736997,-2.232610870560606,7.415458839386704,1903.411269187928,1193.36667060852,1141.4941310882582,1284.723997116092,-64.8421769,3.0,268.693756103516,3.18548822402954,68.4678955078125,-247.126998901367,42.7213668823242,19.0928682684898,-1.9511999904348163,-0.381590422612874,1.01212229736994,-0.3723999935400756,136.79914855957,247.305892944336,2.0,7.0,3.0,0.0,0.0,26050904.0,8.0,-47.585350796493955,92.943605715984,30.13411445617675,38.87923988342284
2026-05-09 18:16:09+00:00,CAN,CAN,15.999999876058101,7.56000000547049,0.0,-0.5100000013854383,-8.670000002208113,-16.70000035088334,0.640785216000868,-9.93508132235289,3.998777365153098,3.4428549070481984,0.1287116982499769,3.9743981148164798,5.123461329455236,-9.755337722645375,-32.699999885432035,-17.3349279059386,82.192414855957,57.7068852996826,1.0,110.999999673762,0.0,1986.8125,4167.828125,148.227194424108,57.7261848449707,145.92239899812438,-0.6227999992309875,32.2735758,-2.3484949336041696,7.379197794944048,1903.2478570938122,1239.129185676574,1198.109602928162,1294.6665525436401,-64.8420882,3.0,253.76921081543,3.18548822402954,68.4678955078125,-248.126998901367,42.744642496109,19.0928682684898,-2.0697999501357898,0.446944607438465,-0.752740207388296,-1.9963999198618005,137.799209594727,248.305953979492,2.0,7.0,3.0,0.0,0.0,26050904.0,8.0,-46.76944098692524,93.1417358434277,30.298698234558103,39.75665679931642
2026-05-09 18:16:10+00:00,CAN,CAN,15.9899997960943,7.4499999796421665,0.0,-0.590000000765729,-8.689999991381015,-16.890000162648523,0.6399040148762305,-9.932743263222624,3.9984170726743797,3.958341962247706,-0.32730102418078355,4.241813595823453,5.435496045743692,-9.888852211484028,-32.8799999587429,-17.0868537277364,82.07573318481445,57.097525863647455,1.0,110.999999673762,0.0,2002.7734375,4183.7890625,144.711887303599,57.0627891540527,143.3609960970996,-0.13980000110485272,32.2734553,-1.8656166956061841,7.3338717222213745,1903.1661272048962,1330.6176185607899,1288.785338401796,1397.012329101562,-64.8419951,3.0,241.524185180664,3.18548822402954,68.4678955078125,-249.126998901367,42.7465826272964,19.1124603152275,-2.2295999524197363,0.213305500438602,-0.127463576228176,-1.684799929105757,138.799270629883,249.306015014648,2.0,7.0,3.0,0.0,0.0,26050904.0,8.0,-45.91411415565642,93.3160798370869,30.5976774215698,40.52891052246095
2026-05-09 18:16:11+00:00,CAN,CAN,15.9699996361667,7.449999894264802,0.0,-0.7000000052497144,-9.080000207139436,-17.56999979452724,0.640050890623812,-9.93814893106387,3.997336109860862,3.948636092682392,-1.5629472252147,4.226641013601187,5.42947950285856,-11.06721215652972,-33.53000037525847,-16.726601376379648,82.41952629089354,57.416913528442386,1.0,110.999999673762,0.0,2018.6171875,4199.6328125,146.605584571742,57.3561824798584,144.448597171473,-0.008399999761507865,32.2733378,-1.8653919823824878,7.342936936765909,1903.184318542484,1393.762302398682,1359.0345621109,1436.5261077880862,-64.8418986,3.0,227.448226928711,3.18548822402954,68.4678955078125,-250.126998901367,42.7465826272964,19.1085427999496,-2.581199990890692,-0.177040691081699,-0.0966620044026774,2.4995999770086437,139.799331665039,250.306076049805,2.0,7.0,3.0,0.0,0.0,26050904.0,8.0,-45.40243326606056,93.45194937515134,30.93502292633055,41.29078491210936
2026-05-09 18:16:12+00:00,CAN,CAN,16.009999956021936,7.829999944682035,0.0,-0.12000000974260741,-8.030000007165793,-15.999999705303424,0.640932065068023,-9.929529232331316,3.9984170726743797,3.4446521859509245,0.5952319830328755,4.241271791067544,5.460655559815623,-9.959424116554803,-31.99999975211626,-17.3333467171457,83.78651733398435,58.619737243652345,1.0,110.999999673762,0.0,2034.7109375,4215.7265625,148.387485303549,58.8490081787109,145.31759940749842,-1.1083999822358597,32.273215,-2.967620846014564,7.352002151310446,1903.329563140868,1268.90995502472,1283.2940340042119,1382.6109886169438,-64.8418066,3.0,215.242630004883,3.18548822402954,68.4678955078125,-251.126998901367,42.7407622337341,19.1046237945557,-3.1875999375281983,-0.34830189486723,-0.825323080233288,-0.8323999886427249,140.799392700195,251.306137084961,2.0,7.0,3.0,0.0,0.0,26050904.0,8.0,-45.786266674772115,93.6361527468774,31.05483055114745,41.68204307556152
2026-05-09 18:16:13+00:00,CAN,CAN,16.06000035584102,8.090000145439223,0.0,0.5600000170063759,-7.109999992948099,-14.97000017752156,0.6393165652467565,-9.902791603051655,3.9984170726743797,4.04641366574571,0.6861191025129485,4.405188988694492,5.552543375380276,-9.317791877055587,-31.020000111889317,-16.990329494385797,84.21444854736325,58.76965393066406,1.0,110.999999673762,0.0,2051.0859375,4232.1015625,145.04384815764,58.8093681335449,143.1629943772124,-1.6184000049656402,32.2730911,-1.96003063529102,7.406393531709912,1903.247833251952,1061.3586425781264,1116.5356874465942,1250.458669662474,-64.8417119,3.0,200.341278076172,3.18548822402954,68.4678955078125,-252.126998901367,42.7427023649216,19.1144198179245,-3.4247998996188236,-0.445400050871116,-0.493804694384498,-3.0315998683003045,141.799453735352,252.306198120117,2.0,7.0,3.0,0.0,0.0,26050904.0,8.0,-45.570736640417785,93.8096054008499,30.9696933746338,41.512778778076196
2026-05-09 18:16:14+00:00,CAN,CAN,16.06000035584102,8.089999974684494,0.0,0.5300000012305109,-7.150000056671265,-14.8399998210109,0.6393165385663304,-9.923246738955374,3.9984170726743797,5.29990236194432,-1.040215479076005,4.424967423606194,5.527657154252507,-9.952939193447346,-30.89000043839756,-15.89191725508455,83.2747295379639,58.03891754150393,1.0,110.999999673762,0.0,2067.328125,4248.34375,141.363660270567,58.0492172241211,141.0602031619702,-1.403799943555482,32.2729742,-0.4347800285204804,7.451719697564843,1903.1025886535658,943.5609698295602,986.1592411994931,1097.394323348998,-64.8416078,3.0,188.503784179688,3.18548822402954,68.4678955078125,-253.126998901367,42.744642496109,19.0948277711868,-2.969199985750668,0.556484860150029,1.62627636567309,-0.6583999963938968,142.799514770508,253.306259155273,2.0,7.0,3.0,0.0,0.0,26050904.0,8.0,-45.22709069874476,93.910429238283,30.9973342895508,41.29460472106934
2026-05-09 18:16:15+00:00,CAN,CAN,16.06000035584102,8.030000007165786,0.0,0.4599999964366714,-7.150000056671267,-15.180000149214418,0.6390228404320195,-9.928067571848935,3.9984170726743797,4.816768247984553,-1.7436723764668,4.408440244116784,5.534220539158069,-11.53184226349954,-31.249999902000337,-15.473191654243301,82.4325553894043,57.256522064209,1.0,110.999999673762,0.0,2083.328125,4264.34375,141.940046274246,57.3205867767334,141.796994792269,-1.2951999357522799,32.2728615,0.030648138029096838,7.379197888076308,1903.17521095276,1083.575963974,1083.493185043336,1223.83532524109,-64.8415015,3.0,178.528518676758,3.18548822402954,68.4678955078125,-254.024993896484,42.7465826272964,19.1242158412933,-3.048200002747784,-1.30963007641177,0.202667307383536,1.2127998932750095,143.799575805664,254.30632019043,2.0,7.0,3.0,0.0,0.0,26050904.0,8.0,-45.006173011173104,93.97298694089116,31.11146335601805,40.97299644470214
2026-05-09 18:16:16+00:00,CAN,CAN,16.090000595732484,8.089999974684492,0.0,0.5399999958169621,-7.210000024189975,-14.91000038075758,0.644163144751836,-9.933181249103153,1.4168694891879607,6.138197860385652,-3.2099514541106298,4.394080454405746,5.554457621272536,-10.207760744775836,-30.97999979203406,-14.733938936031649,81.54678268432616,56.33847358703612,1.0,110.999999673762,0.0,2099.15625,4280.171875,140.049559195013,56.4515579223633,142.55100669550362,-2.262400014918018,32.27275,1.7837832066483947,588.7770904228089,1903.429436683654,963.1446361541748,1007.6831459999091,1172.7372884750362,-64.8413963,3.0,165.222625732422,3.18548822402954,68.4678955078125,-255.024993896484,42.7388221025467,19.1202983260155,-3.4773999975020558,0.80297864997212,-0.851025935853692,1.7878000142188544,144.79963684082,255.306381225586,2.0,7.0,3.0,0.0,0.0,26050904.0,8.0,-45.11785684938658,94.06709328727565,31.1960855484009,40.2202812194824
2026-05-09 18:16:17+00:00,CAN,CAN,16.1000006756963,8.080000236230134,0.0,0.5300000012305107,-7.189999949639708,-15.140000170868621,0.653709401333987,-9.93800293577036,0.8518406920443097,7.351785701358788,-3.9323223992932252,4.38432660276151,5.562115031728402,-8.761608889922531,-31.25999998196416,-15.2203833011727,79.68106727600096,54.894038543701186,1.0,110.999999673762,0.0,2114.5625,4295.578125,146.738445411477,54.9083084106445,146.5325917061194,-1.7437999942825697,32.2726394,0.19038709416331462,1309.582114219666,1903.411245346068,836.5842938423157,844.2249059677124,1007.0001482963565,-64.8412969,3.0,154.174987792969,3.18548822402954,68.4678955078125,-256.024993896484,42.7562803030014,19.1163793206215,-3.7822000066669057,0.376951176701702,2.72597417464216,3.7659998638386734,145.799697875977,256.306427001953,2.0,7.0,3.0,0.0,0.0,26050904.0,8.0,-45.52187073501984,94.18303916353119,31.0989149093628,38.72457229614256
2026-05-09 18:16:18+00:00,CAN,CAN,16.100000334186838,8.09000014543922,0.0,0.5100000120576088,-7.269999991708682,-15.120000352450418,0.818494812053979,-9.907904853419055,1.0903925970331514,5.614802684099056,0.8610649665720734,4.531716706276416,5.4237364236723185,-8.203900209283622,-31.210000948182902,-18.131053048047953,78.92047004699711,53.439305191040035,1.0,110.999999673762,0.0,2129.6328125,4310.6484375,147.685669705952,53.2455448150635,145.08860228915736,-0.6438000028035736,32.2725238,-2.480893625664542,1867.210674285888,1903.275060653686,969.1725611686716,975.3663182258595,1144.1563367843619,-64.8412124,3.0,140.135803222656,3.18548822402954,68.4678955078125,-257.024993896484,42.754340171814,19.1183388233185,-2.660000054099858,0.178494334095935,-0.380096638897051,-7.588599928516038,146.799758911133,257.306488037109,2.0,7.0,3.0,0.0,0.0,26050904.0,8.0,-47.73499067894414,94.39046859352985,31.0109487533569,35.80656234741208
2026-05-09 18:16:19+00:00,CAN,CAN,15.950000159257959,8.110000134612124,0.0,0.5500000010755838,-6.990000057910686,-14.879999457847259,1.160256880832205,-9.908635256773426,1.3765103496135196,2.2655738757592743,9.34983250789552,5.5582984927749255,4.40203429507159,-7.403576891400881,-30.84000072159742,-20.03105714211555,76.7471855163574,50.435905380249025,1.0,110.999999673762,0.0,2144.15625,4325.171875,132.761487803421,50.6602935791016,127.83659902691299,-0.5901999892382358,32.2724217,-4.419812722528265,1893.6634063720699,1903.3386468887322,1150.767993927,1122.250103950502,1224.665856361388,-64.8411172,3.0,128.139297485352,3.18548822402954,68.4678955078125,-258.024993896484,42.7427023649216,19.1281348466873,-1.9256000145387842,2.01267980381457,-1.41842421099778,-27.022599115231344,147.799819946289,258.306549072266,2.0,7.0,3.0,0.0,0.0,26050904.0,8.0,-46.40470410411416,94.5746787954451,30.77655544281005,33.70033973693849
2026-05-09 18:16:20+00:00,CAN,CAN,5.440000021892784,2.8499999405702576,0.0,0.6300000111280448,-2.5500000442797885,-5.10000023796996,1.1344079765574349,-9.88788898405633,2.6056644905258914,1.2245346918776208,15.9819792757067,5.743619966468132,4.196107762822385,-0.5100372365885848,-10.539999736926394,-15.66239600510225,74.65814208984375,45.05955619812009,1.0,110.999999673762,0.0,2157.4296875,4338.4453125,99.3831456315124,44.95407371521,95.20259857641194,-3.345599928833752,32.2723668,-4.595260773578078,1891.05257987976,1903.1116485595717,1178.848552703858,1094.5011854171742,1214.848685264588,-64.8409948,3.0,120.707160949707,3.18548822402954,68.4678955078125,-259.024993896484,42.1394616365433,27.4118334054947,-2.034399997474284,-1.38909121655522,-3.26704980785953,-34.50379820371902,148.799880981445,259.306610107422,2.0,7.0,3.0,0.0,0.0,26050904.0,8.0,-22.069527697547386,94.7479026380804,30.4914602279663,37.64887207031249
2026-05-09 18:16:21+00:00,CAN,CAN,-14.72999979518256,-4.429999906986658,0.0,4.75999989909427,13.809999951719615,20.57999995797364,1.170831240966995,-9.899577145273515,7.009501870161005,1.609172632840362,13.635719649574451,5.956576897807398,3.997017652290812,8.822619383928942,35.29000010549278,2.552151516515745,71.76951026916504,41.23546463012696,1.0,110.999999673762,0.0,2169.34375,4350.359375,64.1870988761667,41.2252796173096,62.96980002266277,-3.3000000064535016,32.27238,-2.067373226612366,1890.4542922973658,1903.184318542484,974.3337512016308,929.6331882476807,1121.8884706497179,-64.8408721,3.0,120.735931396484,3.18548822402954,68.4678955078125,-260.024993896484,42.5797700881958,27.5822877883911,-2.0600000160589955,2.19030613025675,1.23117713622282,-28.11359889173582,149.799942016602,260.306671142578,2.0,7.0,3.0,0.0,0.0,26050904.0,8.0,18.328319754203243,94.91574770674424,30.32577781677245,38.35583610534668
2026-05-09 18:16:22+00:00,CAN,CAN,-16.39999965951618,-4.889999914095502,0.0,5.89999979421388,16.580000074336482,27.029999625197057,1.1893367847495049,-9.790582694045746,6.758337970510428,1.8155114310390021,8.030128329344814,6.1313314712130405,3.815430413771582,9.352862337122664,43.429998943203785,16.32405990877665,66.11599731445315,40.02226158142089,1.0,110.999999673762,0.0,2180.5078125,4361.5234375,41.9165635778556,39.7969985961914,42.0816000727328,-2.158399883388726,32.2724403,-0.059103110319832244,1890.22765159607,1660.5096578598022,1029.1048169136045,1003.2684087753287,1085.120487213134,-64.8407776,3.0,123.463226318359,3.18548822402954,68.4678955078125,-261.127014160156,67.9662525653839,27.664577960968,-1.9169999952887777,-2.07349516785413,0.469412968280471,-14.593999117486018,150.800003051758,261.306732177734,2.0,7.0,3.0,0.0,0.0,26050904.0,8.0,44.21673359973278,95.07840524673355,30.3093755722046,31.26061168670654
2026-05-09 18:16:23+00:00,CAN,CAN,-16.250000167606224,-4.94999988161421,0.0,5.819999837522269,16.529999674517402,27.35999987343676,1.216213685855205,-9.80460891439319,7.2311171761790005,3.18762725828488,1.3396663468851062,6.264361870394272,3.6833416415448,9.639727550187528,43.60000030258864,24.18162820449615,64.32925987243655,41.244160995483384,1.0,110.999999673762,0.0,2191.8046875,4372.8203125,29.9803264749218,41.2229278564453,33.32239814147378,-1.8549999776263622,32.2725233,3.0029201174188302,1890.055418014526,1458.2355022430443,895.2442884445196,942.743968963623,980.3803324699393,-64.8407083,3.0,130.345581054688,3.18548822402954,68.4678955078125,-262.127014160156,68.0302560329437,27.7076810598373,-2.39179999780066,1.83690979472276,0.273350013597302,-3.1815999471796284,151.800064086914,262.306793212891,2.0,7.0,3.0,0.0,0.0,26050904.0,8.0,56.59122705868474,95.19757497227735,30.33853225708005,24.565854377746582
2026-05-09 18:16:24+00:00,CAN,CAN,-16.2400000876424,-4.909999903268402,0.0,5.749999875417114,16.41000008098948,27.66000022329448,1.2510213437217952,-9.800810475441015,4.266156987666931,4.559024485597042,-1.642276724134075,6.393598953265212,3.9371265409119998,11.97394094243534,43.90000065244634,27.792081567690552,63.3163547515869,41.57535827636718,1.0,110.999999673762,0.0,2203.3125,4384.328125,27.8616888792958,41.5288455963135,32.18839959206838,-1.816599971093634,32.2726144,4.308936511495474,1890.0644779205318,1189.5503520965574,1235.971641540526,1108.730530738832,1167.0560836792,-64.8406488,3.0,140.201812744141,3.18548822402954,68.4678955078125,-263.127014160156,67.9856479167938,27.7213960886002,-0.6942000007056094,1.44909176037114,0.471184175070473,-0.6331999574222389,152.80012512207,263.306854248047,2.0,7.0,3.0,0.0,0.0,26050904.0,8.0,61.756711297763204,95.12303370277044,30.3461660385132,20.35872688293454
2026-05-09 18:16:25+00:00,CAN,CAN,-16.27500036751575,-5.337499992004303,0.0,5.012499901140375,15.537500233156475,25.587499701738253,1.2754015972424502,-9.793212743763025,3.6470758770286302,5.00297653636412,-2.58162122146341,6.7712860454973836,4.37701136343872,12.377726443618226,41.862500069254,28.4568092380945,63.750112152099604,42.5063455581665,1.0,110.999999673762,0.0,2214.984375,4396.0,27.4671412943427,42.6252983093262,31.8327497636838,-1.0327499222306247,32.2726986,4.404548551738101,1889.980643987655,649.1408944129943,1263.017535209655,1204.0590047836276,1236.3474965095525,-64.8405969,3.0,152.733505249023,3.18548822402954,68.4678955078125,-264.127014160156,68.0205583572388,27.7037620544434,-1.3172499795241346,-1.8206682452067,1.18875440440105,0.46049999830042826,153.800186157227,264.306915283203,2.0,7.0,3.0,0.0,0.0,26050904.0,8.0,62.65851449274888,95.0938175685957,30.3383451461792,19.46170778274535
2026-05-09 18:16:26+00:00,CAN,CAN,-16.2500001676062,-6.00000016696521,0.0,3.45000005331631,13.2999996301691,23.3500005928547,1.2754015972424502,-9.793212743763025,3.09393887678896,4.79807555701879,-2.58162122146341,6.70219612072177,4.41734843296441,9.5729703057682,39.5999990529136,28.4568092380945,63.750112152099604,45.11398658752445,1.0,110.999999673762,0.0,2214.984375,4396.0,27.4671412943427,42.6252983093262,35.51049841944935,-1.25700000040138,32.2728341,4.80608822268886,1889.833331108095,33.52324722800402,1209.78385210037,1185.161352157595,1255.687832832335,-64.8405092,3.0,152.733505249023,3.18548822402954,68.4678955078125,-264.127014160156,68.0205583572388,27.7037620544434,-2.096499992030675,-1.8206682452067,1.18875440440105,4.0379997264619,153.800186157227,264.306915283203,2.0,7.0,3.0,0.0,0.0,26050904.0,8.0,62.7710947932909,95.0938175685957,30.3383451461792,19.46170778274535
2026-05-09 18:16:27+00:00,CAN,CAN,-16.26000024757004,-5.019999843719364,0.0,5.350000006581707,16.03000011594958,26.539999805083603,1.31799316280277,-8.78742469979633,4.191924869597308,3.0093280728320897,-2.604211751978115,6.638255731693514,4.484350198156022,10.155856258970873,42.78999928967092,26.86156135460375,65.9502170562744,45.339856567382796,1.0,110.999999673762,0.0,2239.671875,4420.6875,33.2522193137897,45.3920574188232,37.1788001280006,-1.207200013273588,32.2729014,3.97032582796727,1889.9466276168819,5.365556757897137,1155.4677963256822,1110.282373428344,1157.4345350265519,-64.8404589,3.0,173.083282470703,3.18548822402954,68.4678955078125,-266.127014160156,67.9934024810791,27.7076810598373,-2.0646000417432946,0.0717490494876146,1.5547503045196,1.5226000277991356,155.800308227539,266.307037353516,2.0,7.0,3.0,0.0,0.0,26050904.0,8.0,61.80863302979579,95.1370663264202,29.62326221466065,21.705104255676265
2026-05-09 18:16:28+00:00,CAN,CAN,-16.32000038584348,-5.339999841240526,0.0,4.950000052368937,15.3000004257613,25.330000033236182,1.275989100232775,-1.0200381664528655,4.11228768132799,2.990275729717848,-1.99847130279365,6.085272090545059,4.0147934757378625,8.853137181404746,41.63999897307802,25.0574539702568,66.7751667022705,45.81589347839354,1.0,110.999999673762,0.0,2252.3203125,4433.3359375,34.4704825900045,45.7328327178955,37.765399313545544,0.6822000066682593,32.2729961,3.163055481991028,1889.883184432986,5.265692155808209,1076.130986213684,1102.647328376768,1092.70408153534,-64.8403832,3.0,182.850631713867,3.18548822402954,68.4678955078125,-267.127014160156,67.981767654419,27.7135580778122,-2.214799999705376,-0.50234605938501,1.80966566422746,0.48539999119731353,156.800369262695,267.307098388672,2.0,7.0,3.0,0.0,0.0,26050904.0,8.0,59.27613822141418,95.23879857901301,29.649751281738297,23.074048347473145
2026-05-09 18:16:29+00:00,CAN,CAN,-16.30000022591584,-6.679999884221246,0.0,2.2300000307503676,11.290000120650863,20.489999921318223,0.795583716215538,0.988031366393655,3.479513172653892,2.987759530716298,-1.6207380961124151,5.683742771599758,3.6127853605317464,6.888186440689445,36.76000024885208,23.823407834417452,67.8386432647705,46.38687973022462,1.0,110.999999673762,0.0,2265.1328125,4446.1484375,36.0227284562545,46.3390308380127,38.79959923691218,1.66379999490228,32.2730904,3.01713544862892,1889.8288011550917,5.256613623350856,975.2964615821838,1070.2070951461787,945.2587246894846,-64.8403041,3.0,195.509719848633,3.18548822402954,68.4678955078125,-268.127014160156,67.987585067749,27.719435095787,-2.061999916792318,0.319162893805354,-0.57307170774514,0.8901999505622445,157.800430297852,268.307159423828,2.0,7.0,3.0,0.0,0.0,26050904.0,8.0,57.4939157876963,95.2837070728058,29.777788352966297,24.95938465118406
2026-05-09 18:16:30+00:00,CAN,CAN,-16.28000040749766,-6.619999831325171,0.0,2.340000013890012,11.319999848278101,20.510000081245842,0.13996457581357494,0.9874467982502375,3.2863655401436382,2.98775957340498,-1.651733441205075,5.666673872731798,3.6431411117694923,9.731280088841304,36.7900004887435,23.562761839274252,68.81466865539551,47.321133728027334,1.0,110.999999673762,0.0,2278.140625,4459.15625,35.7676482115112,47.3941371917725,39.15560030777486,1.235199989577914,32.2731858,3.209114179640094,1889.7562503814702,5.2566135302185995,904.9134016036987,974.072265625,874.5920777320862,-64.8402229,3.0,204.046981811523,3.18548822402954,68.4678955078125,-269.127014160156,67.9681897163391,27.7429461479187,-1.778199985905244,0.476382535998235,0.807696176254483,0.56239997472599,158.800491333008,269.307220458984,2.0,7.0,3.0,0.0,0.0,26050904.0,8.0,56.90001717898538,95.3119738106859,29.524071121215798,26.18192642211912
2026-05-09 18:16:31+00:00,CAN,CAN,-16.33999952124274,-6.769999835499306,0.0,2.0200000377131904,10.870000006510441,19.620000136164858,-0.7027645136441045,0.987008598926299,3.24060118095912,2.988478706947216,-1.236174620219877,5.632806721241751,3.6762313292414546,7.735049216161454,35.94000052200833,22.37186115464825,69.0746223449707,47.64237327575681,1.0,110.999999673762,0.0,2291.3515625,4472.3671875,38.5025208419814,47.5777015686035,40.174999894229025,1.7469999805974037,32.2732809,2.0309811462852325,1889.855980873108,5.247535090893504,896.7675328254697,902.4287581443784,798.1789112091067,-64.840138,3.0,216.889694213867,3.18548822402954,68.4678955078125,-270.127014160156,67.987585067749,27.719435095787,-1.7138000105232138,0.165138179318453,0.203318149706244,0.9191999706147232,159.800552368164,270.307281494141,2.0,7.0,3.0,0.0,0.0,26050904.0,8.0,55.96849207431694,95.33398409528624,29.32596015930175,27.22415508270264
2026-05-09 18:16:32+00:00,CAN,CAN,-16.29000014595202,-7.129999982121002,0.0,1.2699999954981995,9.99999987984765,18.850000126121323,-1.7163009269765,0.9868626569936425,3.298257070243362,2.987759616093662,-0.8453063727953201,5.59026958375138,3.7139710272361706,6.861865026062331,35.12000011214576,21.7902270043657,69.50328140258785,47.98527305603028,1.0,110.999999673762,0.0,2304.6328125,4485.6484375,39.2415165743255,48.0817852020264,41.131399181816775,0.9933999911308209,32.2733744,1.9943364343361742,1889.7925376892101,5.274770781397818,785.4731559753419,833.7297081947327,754.9648165702818,-64.8400495,3.0,228.288589477539,3.18548822402954,68.4678955078125,-271.127014160156,67.7237927913666,27.7625381946564,-1.877800002849512,0.0788838290760342,-1.01650514438297,0.9775999359713687,160.80061340332,271.307342529297,2.0,7.0,3.0,0.0,0.0,26050904.0,8.0,55.287505138593716,95.3579683045568,29.276420402526853,28.35672843933102
2026-05-09 18:16:33+00:00,CAN,CAN,-16.28000040749766,-6.269999935422024,0.0,2.890000014965598,12.3900002081794,21.96000006467754,-1.813234331347085,0.987446744889384,3.110154044699352,2.988119097487416,-0.5180072696052396,5.600293740132022,3.709048509901342,7.336413421480664,38.240000472175204,21.602956023928648,69.44931106567385,48.049484710693356,1.0,110.999999673762,0.0,2317.953125,4498.96875,38.9910091412316,48.0130725860596,41.382800003654204,-0.2085999976904168,32.2734674,2.387697444675692,1889.801597595216,5.274770781397818,883.1509113311765,852.0390033721924,797.7467179298402,-64.8399595,3.0,226.128295898438,3.18548822402954,68.4678955078125,-272.127014160156,54.9549043178558,27.6998430490494,-1.5483999788274578,0.532164477506317,-2.01193253843069,-0.2889999846878909,161.800674438477,272.307403564453,2.0,7.0,3.0,0.0,0.0,26050904.0,8.0,54.990257354971526,95.3913542692198,29.04026412963865,28.726966323852537
2026-05-09 18:16:34+00:00,CAN,CAN,-16.2500001676062,-5.559999978274544,0.0,4.35000020642714,14.420000389889442,24.16999997818896,-1.9154549424655,0.9867162881741635,2.9995267940618064,2.988478664258534,-1.413745904942295,5.5956878874425895,3.7164321151488537,8.600604084957675,40.42999954274006,21.6279289030815,70.1041820526123,48.76063179016112,1.0,110.999999673762,0.0,2331.3828125,4512.3984375,38.9492117986057,48.7867847442627,41.55500000093288,-0.7488000099943329,32.2735618,2.503949185340016,1889.7471904754639,5.202142056077716,951.0639786720276,912.1783137321474,890.5767560005188,-64.8398697,3.0,217.440765380859,3.18548822402954,68.4678955078125,-273.127014160156,49.8419165611267,27.7547031641006,-1.322800004480698,-0.121427716714295,-0.29481625762202,0.43199995609932157,162.800735473633,273.307464599609,2.0,7.0,3.0,0.0,0.0,26050904.0,8.0,54.47113975540738,95.41814910133374,28.859899520874052,29.619979019165022
2026-05-09 18:16:35+00:00,CAN,CAN,-16.30000022591584,-6.400000035800618,0.0,2.8799999990348026,12.190000145695636,21.13000025787002,-2.531124565712445,0.9862780354893714,3.2932122071450265,2.9874000493225443,-1.2025509062768,5.594333460930175,3.719167008269892,9.09079275980169,37.42999945925747,20.528980493930398,71.07764625549315,49.6390003967285,1.0,110.999999673762,0.0,2345.0625,4526.078125,39.6638271707074,49.7305618286133,41.717000476724,0.07160001662755479,32.273657,1.8031054382843918,1889.71095085144,5.229377839714287,986.8984937667847,885.190677642822,938.5868906974795,-64.839777,3.0,210.438903808594,3.18548822402954,68.4678955078125,-274.127014160156,49.8399764299393,27.7880102396011,-1.4953999306796402,-0.396004789804245,1.88122982502992,0.3995999999461205,163.800796508789,274.307525634766,2.0,7.0,3.0,0.0,0.0,26050904.0,8.0,53.17812688891604,95.4280494605357,28.8404708862305,31.27401809692382
2026-05-09 18:16:36+00:00,CAN,CAN,-16.31000030587966,-8.160000022167015,0.0,-0.5700000009206566,6.979999977946872,14.490000437371918,-3.730302692560585,0.9861321469175686,3.6578865510365395,2.988478664258534,-0.35304450075045196,5.543668056818032,3.774408809880672,6.965624820310202,30.800000060232698,19.4719455406211,71.5951400756836,49.786968383789045,1.0,110.999999673762,0.0,2358.890625,4539.90625,41.1414942014101,49.7612926483154,42.10459800268714,1.1090000250266168,32.2737516,1.1461119325870759,1889.7200107574458,5.329242441803216,885.8578920364378,879.2822599411011,827.5218367576601,-64.8396813,3.0,201.63932800293,3.18548822402954,68.4678955078125,-275.127014160156,49.814760684967,27.793887257576,-2.028799946718132,-0.33768463260671,1.32971584849177,-0.0651999732947583,164.800857543945,275.307586669922,2.0,7.0,3.0,0.0,0.0,26050904.0,8.0,51.783617411358264,95.40414379844066,28.893030166626,32.65959182739254
2026-05-09 18:16:37+00:00,CAN,CAN,-16.29000048746148,-7.979999778101439,0.0,-0.47000000703137756,7.469999712682975,15.47999998680794,-4.32453149822922,0.9868621767459664,4.677676738933848,2.987040482551426,0.15392876166824393,5.947906570297619,4.228377674575028,7.002245989450968,31.769999962005283,18.972237801885598,71.74713592529301,49.600001678466796,1.0,110.999999673762,0.0,2372.6953125,4553.7109375,40.4584069825171,49.592106628418,41.590600312924835,0.8007999903816148,32.2738458,1.1696123937096081,1889.9013042449963,5.311085190623997,754.3689846992495,826.7984867095945,814.4227266311646,-64.8395852,3.0,195.312438964844,3.18548822402954,68.4678955078125,-276.024993896484,49.7876048088074,27.8369903564453,-2.397400027212472,-0.495312138478661,-0.124182910971815,-0.9929999554888701,165.800918579102,276.307647705078,2.0,7.0,3.0,0.0,0.0,26050904.0,8.0,50.529396604258,95.34469041681025,28.80334911346435,33.78096977233888
2026-05-09 18:16:38+00:00,CAN,CAN,-16.32000004433402,-8.240000149613353,0.0,-0.7600000368014446,6.789999910049569,14.42999978683432,-4.31366253282562,0.987300856317581,5.072620474858786,2.986680915780308,0.10822296001667675,6.021059433101017,4.276782456826628,7.193743661701157,30.73000052501434,18.32372926943945,71.6602684020996,49.21028297424314,1.0,110.999999673762,0.0,2386.453125,4567.46875,39.6721360958327,49.3063110351562,40.569398922567636,1.7016000760381282,32.2739406,0.7792913298149331,1889.856004714968,5.392792634665964,848.8317728042605,906.7622542381289,843.7194347381594,-64.839491,3.0,188.191818237305,3.18548822402954,68.4678955078125,-277.024993896484,49.7876048088074,27.7997642755508,-2.134799914947722,0.819738226648039,1.01033780372756,-0.6165999680495761,166.800979614258,277.307708740234,2.0,7.0,3.0,0.0,0.0,26050904.0,8.0,48.81107605437694,95.22472155913356,28.56145420074465,34.99554199218752
2026-05-09 18:16:39+00:00,CAN,CAN,-16.33999952124274,-10.099999996466867,0.0,-4.360000072947544,1.2299999797997985,6.769999920876664,-4.333490358542755,0.987885477821852,4.7479450420960205,2.986680915780306,1.951711614292335,6.0129317641207995,4.304677290906421,6.930529600807387,23.08000014137898,17.1755548331664,70.5717224121094,48.00328994750978,1.0,110.999999673762,0.0,2399.953125,4580.96875,39.4203684928369,47.9245777130127,39.4253989271606,2.220400029117188,32.2740342,0.1420488248808236,1889.91940021515,5.3837139159441,907.1709632873537,994.1551327705369,828.5443186759951,-64.8393991,3.0,179.735092163086,3.18548822402954,68.4678955078125,-278.024993896484,49.7526913881302,27.8624594211578,-2.4189999881984496,-1.64720651988924,-1.35860978983675,-1.928399879834306,167.801040649414,278.307769775391,2.0,7.0,3.0,0.0,0.0,26050904.0,8.0,46.72732740654078,95.0218376200275,28.16826124191285,36.04130928039552
2026-05-09 18:16:40+00:00,CAN,CAN,-16.28000040749766,-10.380000186396959,0.0,-5.039999918269632,0.4800000069539146,6.030000065347202,-4.35493288366836,0.9867162348133101,5.489185259978766,2.987040482551426,1.0202464872225505,6.083375517767274,4.239863491438049,7.443224944249701,22.310000472844884,17.022939378804352,69.8926025390625,47.39998809814452,1.0,110.999999673762,0.0,2413.203125,4594.21875,37.3462039664441,47.5040279388428,38.113800432918744,1.803799897768252,32.2741279,0.626300983444807,1889.919424057008,5.3201639093458635,828.4818410873413,988.0258202552784,777.4371862411498,-64.8393118,3.0,172.683853149414,3.18548822402954,68.4678955078125,-279.024993896484,49.7643291950226,27.7723342180252,-2.3492000652586102,1.55595092370964,-0.640113162739136,-0.7517999638139565,168.80110168457,279.307830810547,2.0,7.0,3.0,0.0,0.0,26050904.0,8.0,45.95419165664931,94.7259469949934,27.72753953933715,36.32448944091798
2026-05-09 18:16:41+00:00,CAN,CAN,-16.29000048746148,-9.290000008077534,0.0,-2.9600000197594385,3.74999997628721,10.530000019816377,-3.85440637600607,0.987154487498102,4.93712864625541,2.98632134900919,2.269029609969845,6.08229165212336,4.236034914276164,9.053027107088129,26.799999835086044,16.86224893329605,68.39314384460445,46.31974502563478,1.0,110.999999673762,0.0,2426.21875,4607.234375,36.2311755844395,46.2791759490967,36.191399294789015,1.134599947561798,32.2742215,0.11634379613968562,1889.95568752289,5.220299307256936,1104.437685012818,1150.339484214782,1021.672952175142,-64.8392283,3.0,166.167587280273,3.18548822402954,68.4678955078125,-280.024993896484,49.7216552495956,27.8134793043137,-1.9701999758802056,-0.324472725554804,-0.0631327324991105,-2.392599951690687,169.801162719727,280.307891845703,2.0,7.0,3.0,0.0,0.0,26050904.0,8.0,46.749080876028366,94.3901748953956,27.377453327178948,34.311209793090825
2026-05-09 18:16:42+00:00,CAN,CAN,-16.32000004433402,-9.830000228010062,0.0,-3.8800000339771215,2.01999999502451,7.959999874305896,-3.3240661993383798,0.985839836165433,5.387926510250224,2.986680915780308,0.768074008755401,6.13891733543735,4.17477639902552,8.34845262533048,24.29000025473582,17.91506880611385,67.70760040283204,45.7737911224365,1.0,110.999999673762,0.0,2439.0,4620.015625,35.0124888364962,45.7152168273926,35.58280006992749,1.191599999947495,32.2743157,0.7557943371478386,1889.874124526978,5.265692248940466,1059.023964405059,1105.079030990602,1045.8735346794122,-64.8391498,3.0,159.360412597656,3.18548822402954,68.4678955078125,-281.024993896484,33.2848399877548,27.727273106575,-2.7515999771909923,-0.219373469845711,0.466712855763348,0.8372000108036577,170.801223754883,281.307952880859,2.0,7.0,3.0,0.0,0.0,26050904.0,8.0,47.86946344332334,94.03490943590651,27.551711082458503,31.760413055419917
2026-05-09 18:16:43+00:00,CAN,CAN,-16.770000227611142,-10.170000043949434,0.0,-4.12999995199925,2.4099999973395123,9.429999932287847,-2.1511774706056253,0.9864244576697041,4.862897040449971,2.987040482551426,1.469957347955295,6.188499215415034,4.12746495930531,11.417376489237148,26.1999998183895,18.97095970273715,67.53157196044921,45.65316123962402,1.0,110.999999673762,0.0,2451.6953125,4632.7109375,34.4835487418867,45.6661525726318,36.17619939181006,-0.43799999714069954,32.2744098,1.87897692982087,1889.883160591128,5.292928032577036,1002.0884990692135,1010.7117891311646,978.6486625671387,-64.8390729,3.0,153.719177246094,3.18548822402954,68.4678955078125,-282.127014160156,33.1684619188309,27.7135580778122,-2.23259998494662,1.32017055240498,-1.97975765168488,-0.718599960389237,171.801284790039,282.308013916016,2.0,7.0,3.0,0.0,0.0,26050904.0,8.0,48.91475695993992,93.72181697944775,27.53238286972045,30.013422775268538
2026-05-09 18:16:44+00:00,CAN,CAN,-17.190000170996818,-9.17999998224921,0.0,-1.4999999990526196,6.079999910213411,13.390000008333933,-1.8490700927663202,0.9868626569936425,4.723081019083059,2.987400006633862,0.01313209589124735,6.335347172664572,4.304677120151689,13.33616923842832,30.590000088539842,19.60933564954955,66.9176731109619,45.688306503295905,1.0,110.999999673762,0.0,2464.3671875,4645.3828125,33.3560723401198,45.5794292449951,34.9290000191766,0.38259999594234223,32.2745048,1.5534195488815241,1890.0191545486443,5.392792448401451,1075.6476640701285,1098.222470283508,1125.933527946472,-64.838998,3.0,147.580596923828,3.18548822402954,68.4678955078125,-283.127014160156,33.2809627056122,27.7625381946564,-2.360399996016186,-1.67901503101911,2.5947105319558,-0.6023999744161336,172.801345825195,283.308074951172,2.0,7.0,3.0,0.0,0.0,26050904.0,8.0,50.70579716787624,93.4572735076094,27.386777114868153,28.02742286682128
2026-05-09 18:16:45+00:00,CAN,CAN,-17.269999786178936,-10.380000186396959,0.0,-4.159999882397747,2.369999997649368,8.919999952246751,-1.665043879071845,0.9865699193546844,6.2866393861459136,2.987040482551426,-0.126087186388713,6.577023683425907,4.463839396210569,11.616122187479839,26.190000421444644,19.79696521491805,67.33979530334469,46.47476142883299,1.0,110.999999673762,0.0,2477.1484375,4658.1640625,33.4731964240071,46.4701526641846,34.764599414911125,1.6369999547690761,32.2746009,1.2361101763178408,1889.91038799286,5.429106950759889,832.1210384368899,1029.6856164932235,883.0851078033445,-64.8389229,3.0,141.302093505859,3.18548822402954,68.4678955078125,-284.127014160156,33.1762194633484,27.6861280202866,-3.579400036198956,-0.43873794838771,0.703284835320644,-0.22339999442748018,173.801406860352,284.308135986328,2.0,7.0,3.0,0.0,0.0,26050904.0,8.0,52.11716355230558,93.22410792481804,27.68548336029055,26.599437789916983
2026-05-09 18:16:46+00:00,CAN,CAN,-17.320000185998044,-10.450000063124742,0.0,-4.17999987157065,2.2500000199232697,8.890000053864764,-1.275990487614955,0.9861321469175686,5.1637891568812,2.985961824926752,0.7323513073107522,6.539363301002922,4.498570737385355,10.60179418723914,26.209999898353338,19.7319204696784,67.37487258911135,46.75299499511718,1.0,110.999999673762,0.0,2490.140625,4671.15625,32.9164403840027,46.7776977539062,34.07899800338468,1.8239999901394959,32.2746985,1.311972233655526,1889.76535797119,5.42002832517028,878.7449359893797,962.510085105896,870.2895522117615,-64.838847,3.0,134.06330871582,3.18548822402954,68.4678955078125,-285.127014160156,33.2654446363449,27.7547031641006,-2.774400002414142,1.22487703376543,-0.576556171438905,-1.4141999417673747,174.801467895508,285.308197021484,2.0,7.0,3.0,0.0,0.0,26050904.0,8.0,52.9142759982595,93.02938264667554,27.4447154045105,26.026942291259758
2026-05-09 18:16:47+00:00,CAN,CAN,-17.34000034592568,-10.180000123913212,0.0,-3.839999927565265,2.619999947688008,9.610000005598696,-1.277018537806745,0.9864244576697041,3.9515716226103,2.98632134900919,0.388765336232774,6.444264186622624,4.470129317417234,12.18603812371282,26.940000613069998,20.57742787948695,67.58074607849119,47.51632095336912,1.0,110.999999673762,0.0,2503.1640625,4684.1796875,30.0107959488093,47.5569648742676,32.64560016076854,0.5905999555110777,32.2747988,2.557872418931524,1889.9466276168819,5.256613623350859,861.7943406105042,971.4828014373782,922.0993041992191,-64.8387745,3.0,129.063064575195,3.18548822402954,68.4678955078125,-286.127014160156,33.1975549459457,27.723354101181,-3.014999989984916,-0.554574861781658,-2.31022397495807,-1.4974000021676925,175.801528930664,286.308258056641,2.0,7.0,3.0,0.0,0.0,26050904.0,8.0,53.74167965016352,92.8367269158516,27.2463795661926,26.151864051818837
2026-05-09 18:16:48+00:00,CAN,CAN,-17.69999980952846,-9.790000078909534,0.0,-2.369999997649368,5.3700000811319715,13.089999829230962,-1.250288485768195,0.98569394759363,4.627588229674477,4.090269499321399,0.06777000239119924,5.9703946266304255,3.991548122180832,13.4265777203961,30.780000241814502,20.81696944386845,68.68661613464354,48.94479011535644,1.0,110.999999673762,0.0,2516.5859375,4697.6015625,28.5142417375042,48.9421588897705,30.99739969894468,-0.8184000218349032,32.2749045,2.63257560661047,1889.9013042449958,5.347399599850176,652.3547768592833,793.7410593032839,753.7482619285585,-64.838705,3.0,124.978408813477,3.18548822402954,68.4678955078125,-287.127014160156,33.2732021808624,27.8076022863388,-3.19260002019879,0.322478950647395,-0.589855243444007,-1.8657998940863265,176.80158996582,287.308319091797,2.0,7.0,3.0,0.0,0.0,26050904.0,8.0,55.15867069537436,92.6323983917361,27.0424861907959,25.87812114715576
2026-05-09 18:16:49+00:00,CAN,CAN,-18.190000312660878,-8.730000140481545,0.0,-0.2199999876236279,9.100000025557595,18.44000026269946,-1.251463438387995,0.985985724737236,5.443060565626848,5.001897878739445,1.219360402030601,5.689703221556334,3.8411368979299816,13.396060093675038,36.6299998923414,20.702387897899598,68.6106800079346,49.92506446838378,1.0,110.999999673762,0.0,2530.2890625,4711.3046875,25.5219546451419,49.6962982177734,27.333199918680936,-0.9502000051258428,32.2750144,2.15467153925291,1889.910364151002,5.410949699580671,522.9015827178953,659.7533345222474,712.7211570739746,-64.8386383,3.0,119.394218444824,3.18548822402954,68.4678955078125,-288.127014160156,33.1936776638031,27.7566611766815,-2.74039987567869,0.293843942841072,0.650604119860864,-5.645399754457916,177.801651000977,288.308380126953,2.0,7.0,3.0,0.0,0.0,26050904.0,8.0,57.271928492500635,92.4280015657289,26.78174285888675,24.79554622650148
2026-05-09 18:16:50+00:00,CAN,CAN,-18.149999992805597,-7.549999925506678,0.0,2.4700000502355843,12.78999999163744,23.20000007641638,-1.2286987380494598,0.987008598926299,3.7047317449685258,4.995067518814704,0.7817344804769215,4.848713384242158,3.0302834774038336,14.447390985253719,41.340000672277064,21.60599460433565,70.07473526000976,52.24159973144532,1.0,110.999999673762,0.0,2544.46875,4725.484375,19.1411526489282,52.3167125701904,21.466800300937898,-0.994399984186162,32.2751328,2.247095652733454,1889.919447898866,5.456342734396459,876.8163323402412,903.4715652465806,886.0720396041877,-64.8385814,3.0,114.927719116211,3.18548822402954,68.4678955078125,-289.127014160156,33.304238319397,27.9467076063156,-1.345799983491802,1.56191954854888,-1.74574747331401,-6.915599831810113,178.801712036133,289.308441162109,2.0,7.0,3.0,0.0,0.0,26050904.0,8.0,62.0776700830891,92.19748951143009,27.10309810638425,23.29265808105468
2026-05-09 18:16:51+00:00,CAN,CAN,-18.2200005525523,-7.010000047083589,0.0,3.500000026248572,14.23000006586004,24.95000006819632,-1.25557563915517,0.985985724737236,4.092828813892082,4.993989031944758,4.98881926176197,4.473465181807866,2.80494004069343,17.1661262692814,43.17000027923916,23.05166476009775,68.99804763793945,55.32465866088868,1.0,110.999999673762,0.0,2559.328125,4740.34375,10.2219125552266,55.4000358581543,11.259400019395535,-2.4005999708386243,32.275262,1.0626454948091275,1889.765334129334,5.256613623350857,1247.7345466613779,1125.961208343504,1228.672099113464,-64.8385398,4.0,112.884872436523,3.18548822402954,68.4678955078125,-290.127014160156,55.0790429115295,37.8115206956863,-1.844599904709278,-1.31369531962839,-1.19985367524573,-12.915399874232639,179.801773071289,290.308502197266,2.0,7.0,3.0,0.0,0.0,26050904.0,8.0,72.74513192882021,91.9110757738694,27.3650010108948,17.25694089889526
2026-05-09 18:16:52+00:00,CAN,CAN,-18.289999746261138,-6.80000007539075,0.0,3.8700000393906704,14.78999976270126,25.769999795040057,-1.26570987897532,0.9861321469175686,6.382132517063958,4.99398886119003,6.02325247877746,4.35235576791715,2.9539839891384903,18.32236118254868,44.05999919979176,23.197958874382948,68.98113899230955,60.802375946044904,1.0,110.999999673762,0.0,14.515625,4756.3984375,356.812797864375,60.8725799560547,284.1685976899763,-2.9615999915725117,32.2754059,-0.5863075844921642,1889.9194240570098,5.302006658166645,1108.4305763244633,1183.342337608338,1339.8571968078618,-64.838529,4.0,112.386268615723,3.18548822402954,68.4678955078125,-291.127014160156,55.226457118988,45.4584628343582,-4.080400004036774,-2.20843644052172,0.54088139971284,-16.02799989505114,1.00000011920929,291.308563232422,2.0,7.0,4.0,0.0,0.0,26050904.0,8.0,84.65908553958684,91.63358909355385,27.8028636932373,7.072132229804993
2026-05-09 18:16:53+00:00,CAN,CAN,-18.35999996449842,-7.8300000300594,0.0,1.9900000432816671,12.09999993828546,21.78999972982106,-1.300517056594235,0.98569394759363,7.134903545680885,4.9947079093549025,5.410682694196636,4.093881772930004,2.9589067199167323,17.248142497815998,40.16000079881166,22.718645226735397,67.44590606689455,66.5907110595703,1.0,110.999999673762,0.0,32.25,4774.1328125,342.249851006667,66.817000579834,340.82458723633334,-1.5433999601898925,32.275562,-1.6215568970556782,1889.883160591128,5.265692248940466,965.6574130058285,1176.34997367859,1263.877439498902,-64.8385631,4.0,113.89347076416,3.18548822402954,68.4678955078125,-292.127014160156,55.1818430423737,45.3800946474075,-4.12640004743634,1.55778941853513,1.57090391535009,-14.25879990000482,2.00000023841858,292.308624267578,2.0,7.0,4.0,0.0,0.0,26050904.0,8.0,100.97881169333519,91.3645991685658,27.914512252807597,-9.434416236877444
2026-05-09 18:16:54+00:00,CAN,CAN,-18.28000000780678,-9.289999837322805,0.0,-0.9000000037004394,7.620000058366555,15.9999997053034,-1.2925863531942001,0.984817015337224,4.071207337810222,4.9947079093549025,3.529891922264305,3.8448900441902225,2.91733831669408,14.87158483554452,34.29000030533822,22.1054274279571,63.05080490112305,70.00031387329099,1.0,110.999999673762,0.0,51.296875,4793.1796875,330.384173172954,70.1214614868164,329.3761902476976,0.23220000214999698,32.2757184,-1.331616412661355,1889.5568609237682,5.193063430488108,1272.830605506898,1336.726951599122,1442.937278747558,-64.838644,4.0,120.348617553711,3.18548822402954,68.4678955078125,-293.127014160156,55.1896035671234,42.4647331237793,-2.8887999934171082,-0.140909790785125,2.20251509339814,-8.083999824253365,2.99999928474426,293.308685302734,2.0,7.0,4.0,0.0,0.0,26050904.0,8.0,115.37446536166381,91.10383620643304,27.996489143371598,-28.126839866638182
2026-05-09 18:16:55+00:00,CAN,CAN,-19.1100001561238,-11.560000059862398,0.0,-3.970000027943862,3.5200000154214743,10.84000010812846,-1.2643880772883649,0.9843788160132849,3.7227491436687856,4.993629507862322,1.2451019442693472,3.770111254854902,2.9835193492795558,11.453997743755261,29.950000093497522,22.54746019556735,63.4059963226318,72.4141241455078,1.0,110.999999673762,0.0,71.09375,4812.9765625,324.240008203177,72.6868309020996,324.3355980666496,2.546399963626068,32.2758679,0.0008911609278293931,1889.37554359436,5.156749114394186,1123.732662200926,1267.014598846436,1254.059767723084,-64.838758,4.0,132.623229980469,3.18548822402954,68.4678955078125,-294.127014160156,55.1663279533386,31.3969433307648,-3.278000009825573,1.39830407452851,2.95265278526925,-2.6895999248440225,3.99999833106995,294.308746337891,2.0,7.0,4.0,0.0,0.0,26050904.0,8.0,119.07777207303938,90.8571366038014,28.13762397766115,-37.647533798217786
2026-05-09 18:16:56+00:00,CAN,CAN,-20.36999964477136,-14.1899999167595,0.0,-8.17000027288556,-2.060000016058998,4.259999999016986,-1.24323893013195,0.983355995185076,1.9516290543807417,4.994348812159289,-0.5547809680759486,3.703731719896672,3.045598298315562,11.0385769299439,24.62999955841102,23.26094944022975,63.391137313842805,73.33996124267576,1.0,110.999999673762,0.0,91.3984375,4833.28125,322.749906813091,73.2600563049316,324.015797681407,2.7088000481723062,32.2760142,1.3835396601421772,1889.2214059829698,5.32924234867096,1152.6028394699101,1350.137662887574,1131.815814971924,-64.838887,4.0,144.938400268555,3.18548822402954,68.4678955078125,-295.127014160156,55.139172077179,31.179466843605,-1.9147999059797498,1.32857755477791,-1.2901560331493,1.0185999247147917,4.99999761581421,295.308807373047,2.0,7.0,4.0,0.0,0.0,26050904.0,8.0,123.39502809645322,90.64520949423425,28.1268539428711,-44.509298400878905
2026-05-09 18:16:57+00:00,CAN,CAN,-22.260000414535238,-15.329999982633819,0.0,-8.879999973900947,-2.1399999940949463,4.640000049434223,-1.21489332491128,0.984817015337224,1.4723635915833782,4.9939892026994865,-0.7974987038236541,3.6519826208953416,3.111232190059836,12.47328463208812,26.910000373178537,24.3922686771784,61.967443084716805,73.41513107299804,1.0,110.999999673762,0.0,111.75,4853.6328125,321.390917734312,73.3480361938476,324.2225939528694,0.7076000087660177,32.2761591,2.4875270200090918,1889.085483551024,5.338320974260568,1341.680574417114,1424.952030181884,1327.989435195924,-64.8390199,4.0,160.20703125,3.18548822402954,68.4678955078125,-296.127014160156,55.0848603248596,31.1461597681046,-2.562199962756618,-2.3679025746213,-1.9476628062184,0.5619999817727216,5.99999666213989,296.308868408203,2.0,7.0,4.0,0.0,0.0,26050904.0,8.0,127.57293460042081,90.58067786695595,28.0837763786316,-51.28526252746582
2026-05-09 18:16:58+00:00,CAN,CAN,-22.310000131335403,-13.12999997833148,0.0,-4.830000095987181,4.380000136825644,13.84000019161106,-1.19154122830412,0.9848170153372235,2.199910165970408,4.993270154534614,0.03940010630977697,3.6565885589621425,3.098925896722764,12.715517803266819,36.13999973071848,23.414329022005198,60.66874923706055,73.35993713378909,1.0,110.999999673762,0.0,132.203125,4874.0859375,323.821918663702,73.4102188110352,325.0271847729456,-0.6784000202513525,32.2763054,1.3827743801343588,1889.194226264954,5.329242441803215,1285.648107528684,1311.4091157913201,1318.874192237854,-64.8391515,4.0,173.110824584961,3.18548822402954,68.4678955078125,-297.127014160156,55.0693452358246,31.1383217573166,-1.7782000072495863,1.92627705704026,-1.64536204864822,-0.5717999692103661,6.99999570846558,297.308929443359,2.0,7.0,4.0,0.0,0.0,26050904.0,8.0,130.42105791450018,90.64643892828485,28.0686272621155,-54.71698768615723
2026-05-09 18:16:59+00:00,CAN,CAN,-22.349999768171763,-11.699999813317959,0.0,-1.750000034468626,8.279999957204426,18.72000011112012,-1.2169494786557151,0.983502417365408,2.22801731221168,4.993629507862322,1.060699456520715,3.6406030988512774,3.121350603051024,13.600527782894881,41.06999987929188,21.3306978534227,58.21329460144045,72.95961181640624,1.0,110.999999673762,0.0,152.484375,4894.3671875,322.50451177659,73.188720703125,322.697991911247,-0.03499999706083442,32.2764525,0.1393060747077032,1889.049172401426,5.120434705168007,1525.933814048768,1463.682103157042,1494.648146629334,-64.8392795,4.0,187.661071777344,3.18548822402954,68.4678955078125,-298.127014160156,55.0926208496094,31.1324447393417,-1.9783999594882657,-0.0989583220057636,2.31459102715865,-3.321599924750798,7.99999475479126,298.308990478516,2.0,7.0,4.0,0.0,0.0,26050904.0,8.0,132.0048667679238,90.8009890337293,28.06604976654055,-55.36794891357421
2026-05-09 18:17:00+00:00,CAN,CAN,-22.37999966655376,-13.22999992419596,0.0,-4.8099999574038925,3.8499999648404013,12.549999950807859,-1.2289924895446251,0.982771373680805,3.461495389755494,4.993270154534615,0.6566982227456755,3.6723028605629535,3.08525219951386,12.18947131829914,34.92999927585218,20.802197452241003,58.35077476501465,73.44543685913087,1.0,110.999999673762,0.0,172.828125,4914.7109375,320.910181699769,73.6651428222656,320.822798991604,1.4864000038537264,32.2765958,-0.21035488539758324,1889.0401363372816,5.320163816213606,1290.10169506073,1381.3782215118422,1307.817816734314,-64.8394138,4.0,200.254486083984,3.18548822402954,68.4678955078125,-299.127014160156,55.0790429115295,31.1304867267609,-3.2963999418080334,1.56545438488777,2.22328932720215,0.2065999755611542,8.99999809265137,299.309051513672,2.0,7.0,4.0,0.0,0.0,26050904.0,8.0,131.8560150893038,90.900730286179,28.12882719039915,-53.94150260925293
2026-05-09 18:17:01+00:00,CAN,CAN,-22.31000047284486,-13.720000256573641,0.0,-5.699999902484858,2.440000002443206,10.81000003899174,-1.23031423787073,0.9832096263655965,2.2319814686285904,4.992910630452178,-0.5474262483921265,3.71809133885298,3.192180902715842,10.305773788610807,33.10999974885388,21.0828823686354,57.7805088043213,72.68489181518555,1.0,110.999999673762,0.0,193.15625,4935.0390625,321.344581730982,72.655313873291,321.86240296064204,3.729799862571626,32.2767384,0.49299107077798326,1888.9766693115241,5.283849406987427,1278.67066860199,1390.40093421936,1175.77064037323,-64.8395488,4.0,215.741729736328,3.18548822402954,68.4678955078125,-300.127014160156,55.1081359386444,31.0638725757599,-1.9620000136164883,0.664668920104948,2.15464848736446,1.840199982223322,10.0000019073486,300.309112548828,2.0,7.0,4.0,0.0,0.0,26050904.0,8.0,132.81865102262276,90.9652175172277,28.180538463592498,-52.89817291259767
2026-05-09 18:17:02+00:00,CAN,CAN,-22.3999998264814,-14.7000000675553,0.0,-7.509999947160869,-0.450000012522392,6.159999952282398,-1.20784376927503,0.9826254851090019,1.3754292694061234,4.992191923796763,-1.447368631709595,3.768485669832438,3.209409841453786,8.271395797152232,28.549999143847078,23.22509436218175,57.4296947479248,72.05122924804685,1.0,110.999999673762,0.0,213.21875,4955.1015625,321.664398508679,71.9430084228516,323.9758000936272,4.875800036188408,32.2768797,2.127891904309852,1888.9676809310881,5.283849313855172,1123.8615274429305,1357.913208007812,1108.8870763778675,-64.8396819,4.0,228.826370239258,3.18548822402954,68.4678955078125,-301.127014160156,55.0848603248596,31.0873836278915,-3.1001999831350697,-2.34900216052741,0.850235928426645,3.5896000272620427,11.0000057220459,301.309173583984,2.0,7.0,4.0,0.0,0.0,26050904.0,8.0,133.47141220160057,91.1018827723305,27.998727607727048,-52.83603904724119
2026-05-09 18:17:03+00:00,CAN,CAN,-22.369999586589937,-15.78999990436528,0.0,-10.149999884021787,-3.6300000946106494,2.910000004138498,-1.175532385467525,0.9823331743568664,2.0406357040544103,4.993269983779887,-1.6984901148182059,3.7701112548549,3.1971033346733058,7.543551373156535,25.26999989496276,22.88237852151895,56.2134979248047,71.21994598388669,1.0,110.999999673762,0.0,233.1796875,4975.0625,328.07005044064,71.1847526550293,329.1195991651098,3.320399988579672,32.2770257,1.5779227671515814,1889.1216754913319,5.374635476619002,754.6332597732542,996.7138648033135,761.3800644874572,-64.8398049,4.0,225.44416809082,3.18548822402954,68.4678955078125,-302.127014160156,55.0770998001099,31.0834646224976,-2.3832000639280158,2.09403973654729,-4.77511032659509,2.644399828664376,12.0000095367432,302.309234619141,2.0,7.0,4.0,0.0,0.0,26050904.0,8.0,137.5430874073692,91.31967701439464,27.63533849716185,-54.59592864990234
2026-05-09 18:17:04+00:00,CAN,CAN,-22.270000494499037,-13.01000004329406,0.0,-4.689999936989112,4.48999995988273,13.659999947545481,-1.2040252666421751,0.9824795965371984,1.0529159543694686,4.992551106369743,0.10612104934088448,3.7888060802547754,3.1981971894688805,9.66604922094675,35.92000036208074,20.875252301829853,52.04768142700195,70.08544418334962,1.0,110.999999673762,0.0,252.7734375,4994.65625,326.452415758371,70.0112754821777,328.0144035234344,1.002000031725172,32.2771751,1.120267510623952,1888.686561584474,5.274770781397818,1211.712598800661,1184.331488609314,1120.73749303818,-64.8399157,4.0,211.197128295898,3.18548822402954,68.4678955078125,-303.024993896484,55.0693452358246,31.0795456171036,-1.2876000162793169,-2.17588696058862,-0.60986577672144,-1.9225999820119057,13.0000133514404,303.309295654297,2.0,7.0,4.0,0.0,0.0,26050904.0,8.0,141.96576876666023,91.806707068257,27.68712787628175,-58.09505012512208
2026-05-09 18:17:05+00:00,CAN,CAN,-22.33999968820794,-13.819999690173981,0.0,-5.8799999757957035,2.0400000268860934,9.849999961050882,-1.2006473112107798,0.9823331743568665,2.4712536674247163,4.992191923796763,-0.366176593306646,3.82375718276611,3.1569025060772242,9.765612717723263,32.190000246900375,20.9942128528303,51.94047718048095,70.40049362182616,1.0,110.999999673762,0.0,272.234375,5014.1171875,325.963101006231,70.471499633789,327.2867862032288,0.8553999996703388,32.2773211,1.252661645667486,1888.9675855636578,5.329242441803216,1118.3903217315699,1223.581600189208,1140.4236555099499,-64.8400304,4.0,194.449737548828,3.18548822402954,68.4678955078125,-304.024993896484,55.119776725769,31.0991376638412,-2.8252000466302998,-0.0887064681957324,0.272649652403111,0.6367999860491282,14.0000171661377,304.309356689453,2.0,7.0,4.0,0.0,0.0,26050904.0,8.0,141.31212785931703,92.3534807867895,27.71747159957885,-58.31392799377441
2026-05-09 18:17:06+00:00,CAN,CAN,-22.310000131335396,-15.7700004274566,0.0,-9.809999897327714,-3.730000029802992,2.3500000511651478,-1.1975631606353998,0.982771373680805,1.3923659507527861,4.992910630452178,0.4339465973653715,3.828904840211454,3.1443226209752098,11.374651948431413,24.66999987826624,21.534697674684452,52.199054145813,70.21690521240234,1.0,110.999999673762,0.0,291.828125,5033.7109375,326.448918701516,70.052075958252,327.4807908964136,-0.7610000218526599,32.2774677,1.3392967095870254,1889.0763998031603,5.465421266853808,1289.891242980954,1314.6323442459102,1288.693165779114,-64.840146,4.0,180.413772583008,3.18548822402954,68.4678955078125,-305.024993896484,55.0848603248596,31.1010986566544,-1.3012000008060425,0.905726839843061,-4.00286950223958,-2.7688000477075265,15.000020980835,305.309417724609,2.0,7.0,4.0,0.0,0.0,26050904.0,8.0,143.1119154905232,92.86157514405215,27.73396911621095,-57.944457778930655
2026-05-09 18:17:07+00:00,CAN,CAN,-22.32000021129922,-15.810000064292918,0.0,-9.820000148046262,-3.680000099559418,2.380000034924498,-1.22018047829825,-1.1987242394334485,1.9995556166687358,4.73229127304673,1.59131430817866,3.8226733171221916,3.1604580891157186,14.3237942725994,24.69999977664824,18.54467137493735,49.9652006149292,70.3910206604004,1.0,110.999999673762,0.0,311.2890625,5053.171875,321.846300106655,70.4941177368164,322.2949943577626,-2.9807999948388764,32.2776105,0.17775857864802158,1888.8950824737537,26.364668458700123,1481.042361259458,1439.0105962753282,1565.31629562378,-64.840266,4.0,163.122039794922,3.18548822402954,68.4678955078125,-306.024993896484,55.0926208496094,31.1010986566544,-2.641799947839302,-1.94538429779996,-0.0135726130772335,-4.56299999720345,16.0000247955322,306.309478759766,2.0,7.0,4.0,0.0,0.0,26050904.0,8.0,144.925923575582,93.41317780632775,27.776080226898202,-58.94341232299805
2026-05-09 18:17:08+00:00,CAN,CAN,-22.33999968820794,-15.78999990436532,0.0,-9.880000115564968,-3.720000120593904,2.640000022238274,-1.2115154228407352,-4.58164265703354,2.6168353076021282,0.6177410061788062,-0.3619747096210322,3.700480549851746,2.991176503603324,13.424670048560921,24.979999625068878,20.15399713208115,51.48802070617675,70.28893020629883,1.0,110.999999673762,0.0,330.9296875,5072.8125,320.396933964778,70.4737998962402,321.6879981782992,-1.798599968031418,32.2777471,1.0893718862931674,1888.73190879822,1216.9589877128603,1262.356019020082,1271.8195676803598,1426.1979341506963,-64.8403978,4.0,149.390991210938,3.18548822402954,68.4678955078125,-307.024993896484,55.0945580005646,31.0815036296844,-2.89419994097492,1.99996028403272,2.8862351720064,2.5549999188430528,17.0000286102295,307.309539794922,2.0,7.0,4.0,0.0,0.0,26050904.0,8.0,143.1812063936154,93.81896276001285,27.79252195358275,-57.03027374267579
2026-05-09 18:17:09+00:00,CAN,CAN,-22.3499994266623,-15.76999974443766,0.0,-9.859999955637337,-3.7200000779052216,2.5900000066173403,-1.197416311568245,-4.563379798409985,2.678815560404634,-0.060947797672305556,-0.48333359417015204,3.575307173404874,2.949882161721118,11.6882196153017,24.95000006819634,20.8214013828662,48.987731552124046,67.65661148071287,1.0,110.999999673762,0.0,350.09375,5091.9765625,324.056767888124,67.6105567932129,324.7487917265274,-0.04799999107376257,32.2778835,0.7178610673231736,1888.840723037718,1795.301651954652,1219.228124618528,1240.275788307188,1266.112422943116,-64.8405222,4.0,133.149108886719,3.18548822402954,68.4678955078125,-308.024993896484,55.0770998001099,31.1010986566544,-2.263999986731094,0.47848404646763,1.01512960831715,2.4506000291482417,18.0000324249268,308.309600830078,2.0,7.0,4.0,0.0,0.0,26050904.0,8.0,144.27702008744683,94.1912080697785,27.792602634429898,-54.78518806457521
2026-05-09 18:17:10+00:00,CAN,CAN,-22.31000047284486,-15.789999904365299,0.0,-9.860000126392066,-3.760000098939708,2.410000061372536,-1.215774526035915,-3.9098515038107102,3.449243780620462,1.15479658214977,3.0528678820926203,3.2014135682377245,3.324542669066014,13.984286401035018,24.76000025643114,19.4833758621971,46.9022981643677,66.74643676757812,1.0,110.999999673762,0.0,368.6875,5110.5703125,325.507855237672,66.7495239257812,323.8319890946148,1.131600011084448,32.2780212,-0.9633929477306303,1889.520549774168,1905.871558189392,1078.8980841636644,1209.961605072022,1151.341605186462,-64.840635,4.0,119.282752990723,3.18548822402954,68.4678955078125,-309.024993896484,55.0906777381897,31.1010986566544,-3.1596000039125522,-1.48536369340191,1.95565370066049,-6.702399660359035,19.000036239624,309.309661865234,2.0,7.0,4.0,0.0,0.0,26050904.0,8.0,142.8675859635336,94.6637171414654,27.77764749526975,-54.168287200927715
2026-05-09 18:17:11+00:00,CAN,CAN,-22.29000065442668,-15.7999999843291,0.0,-9.859999955637337,-3.7500000616645757,2.46000003430479,-1.233545290874115,-3.725028505860865,3.3786151422908914,2.703774224226284,7.08080268448227,2.8635545897163643,3.6617372409358624,15.4804106519318,24.760000256431123,19.724505445560652,48.41281185150145,66.34674591064451,1.0,110.999999673762,0.0,387.2109375,5129.09375,310.307460485105,66.4317649841308,308.2687965499426,1.646199984793332,32.2781462,-1.6880088960521298,1889.665627479552,1903.70178222656,907.9760670661929,1083.9584350585942,965.258741378784,-64.8407634,4.0,103.526756286621,3.18548822402954,68.4678955078125,-310.024993896484,55.0868034362793,31.1344057321548,-3.095200028530526,1.13635703507012,0.694641337647698,-22.98359953445234,20.0000400543213,310.309722900391,2.0,7.0,4.0,0.0,0.0,26050904.0,8.0,140.06622212451242,95.12534230670991,27.730326461792,-51.34246627807615
2026-05-09 18:17:12+00:00,CAN,CAN,-14.369999862004274,-9.520000064992804,0.0,-6.860000000220775,-2.8099999942409646,1.3499999788702328,-1.235307693123385,-3.6787127796555996,1.70118568632675,1.3384881859440247,8.162519593574466,2.855426536538006,3.6691211876928342,11.718737668909625,15.720000155703545,14.8347132545933,42.06467971801755,63.6834910583496,1.0,110.999999673762,0.0,405.359375,5147.2421875,283.325262621833,63.7216369628906,281.7052073205224,1.282400033181626,32.2782203,-2.3273643773689043,1888.7862443923962,1902.8483867645239,1127.3099660873393,1079.330372810362,1076.8334031105048,-64.8409313,4.0,94.6905288696289,3.18548822402954,68.4678955078125,-311.127014160156,54.9355030059814,35.9443575143814,-0.8273999913495015,2.37798115907189,0.417034141845921,-26.3519995311979,21.0000438690186,311.309783935547,2.0,7.0,4.0,0.0,0.0,26050904.0,8.0,158.986460842473,95.5677336592516,27.752662181854248,-55.455274429321285
2026-05-09 18:17:13+00:00,CAN,CAN,14.369999990070315,11.08000002089197,0.0,5.889999885004785,2.220000020155662,-1.619999976778716,-1.240594899871215,-3.68733311871839,0.09690752702497704,0.00411691119645996,6.7067471611431095,2.841608508894196,3.694007579575326,-6.067669924657648,-15.98999988147168,-1.656358920016205,32.9095613479614,59.5286471557617,1.0,110.999999673762,0.0,422.4921875,5164.375,261.115618459973,59.4005149841308,258.63820502913376,1.611799993170656,32.2782276,-2.5777905739004323,1888.7772321701061,1902.893781661986,1388.345670700074,1257.105255126954,1229.759407043456,-64.8411111,4.0,92.7778701782226,3.18548822402954,68.4678955078125,-312.024993896484,54.681408405304,39.2358928918838,-0.49499999349750584,-0.848050001087976,0.565171366670404,-20.56739996650228,22.0000476837158,312.309844970703,2.0,7.0,4.0,0.0,0.0,26050904.0,8.0,35.04536731810377,95.99687785989809,27.767524623870848,-58.355643081665015
2026-05-09 18:17:14+00:00,CAN,CAN,22.55999973986458,14.980000257485381,0.0,8.029999921788406,0.4899999908681959,-6.989999929844638,-1.206962141263575,-3.72575912265865,0.2810463873141852,1.3650892061041986,2.748157508488455,2.7456966446913524,3.760188185273978,-14.34136715405072,-29.540000230075663,-12.48545859051002,30.59614963531495,56.225455169677716,1.0,110.999999673762,0.0,438.5390625,5180.421875,243.470753644972,56.2275398254394,242.68079582217402,1.6893999707983078,32.2781834,-1.2863816385974358,1876.538968086242,1903.229689598084,1292.178249359132,1191.878747940064,1180.951237678528,-64.8412724,4.0,92.7527923583984,3.18548822402954,68.4678955078125,-313.127014160156,55.1023185253143,42.9858922958374,-0.5832000031662818,0.756587311438306,-0.959625890296042,-10.872199839687388,23.0000514984131,313.309906005859,2.0,7.0,4.0,0.0,0.0,26050904.0,8.0,-165.1877617106946,96.4131300784862,27.68114976882935,-54.751025390625
2026-05-09 18:17:15+00:00,CAN,CAN,22.30000005137158,16.38000001185272,0.0,10.170000129326771,4.12999994132708,-0.49999996411030406,-1.199766163446995,-3.7504502565082403,1.5570458670666156,2.9187404798254883,0.7591438032198741,2.679317067044442,3.8438716629849736,-14.576352128482199,-22.78999987148506,-21.32570498513945,31.329622650146497,54.366032867431635,1.0,110.999999673762,0.0,453.8125,5195.6953125,234.728111507356,54.3781185150146,234.22520194669218,0.7907999957951638,32.2781123,-0.478504104812232,1568.04463863373,1903.384041786192,1177.8755664825462,1125.84879398346,1130.700182914732,-64.841412,4.0,99.726676940918,3.18548822402954,68.4678955078125,-314.024993896484,82.9211533069611,43.0152833461762,-1.9205999745568778,-1.9173692097021,-0.415518160015296,-7.864199897139391,24.0000553131104,314.309967041016,2.0,7.0,4.0,0.0,0.0,26050904.0,8.0,-153.97305281432162,96.81680791881229,27.6459686279297,-50.45819869995118
2026-05-09 18:17:16+00:00,CAN,CAN,22.32000021129922,16.67000011099188,0.0,11.309999939069021,5.719999977035122,0.350000002624856,-1.1940384094977001,-3.75074310086891,2.95880738335299,3.8210228872866225,-1.2366981969084412,2.60047427246428,3.924273149422418,-15.004361151688599,-21.97000014464136,-25.92528329204665,34.60678939819335,53.746053771972655,1.0,110.999999673762,0.0,468.8359375,5210.71875,227.804567311767,53.6455707550049,228.17139764755902,0.7553999791006352,32.2780272,0.06254943834605531,1285.4229927063002,1903.429436683656,1119.402647018432,1114.539504051208,1082.546257972716,-64.8415361,4.0,110.401588439941,3.18548822402954,68.4678955078125,-315.127014160156,93.036562204361,43.0956125259399,-1.4585999599930102,0.856870763514224,0.0545947692529697,-2.784599950788544,25.0000591278076,315.310028076172,2.0,7.0,4.0,0.0,0.0,26050904.0,8.0,-144.50405011130678,97.0837453719547,27.2723759651184,-45.618042068481415
2026-05-09 18:17:17+00:00,CAN,CAN,22.359999506626117,16.4800002992267,0.0,10.970000123129683,5.070000030095028,-0.8199999189427836,-1.1840505384970301,-3.7543955445275703,4.360568387375174,3.8156303675595344,-4.36679457437915,2.556853141263944,3.9644741914619104,-17.935192250955982,-23.18999999645258,-27.6546726757419,37.855247497558594,53.259204254150404,1.0,110.999999673762,0.0,483.6875,5225.5703125,226.606142319997,53.2891056060791,228.1596005448244,1.5386000020619819,32.2779357,1.1873751864363853,677.0193219184873,1903.4929513931281,1349.65579509735,1333.554720878602,1326.259946823122,-64.8416518,4.0,118.679672241211,3.18548822402954,68.4678955078125,-316.127014160156,93.0191040039062,43.07601749897,-1.3096000022350758,-0.0425541762777087,0.690591675800115,1.9005999073437292,26.0000629425049,316.310089111328,2.0,7.0,4.0,0.0,0.0,26050904.0,8.0,-134.734043703645,96.811733088259,27.0985035896301,-39.20156707763672
2026-05-09 18:17:18+00:00,CAN,CAN,22.38999974651758,17.79999958463824,0.0,13.100000250704209,8.420000052169474,5.450000165889626,-1.18669414187094,-3.754687321671175,5.0027125495526965,4.885787394924894,-3.600819701535185,2.516754552062,4.000846314830064,-17.96456616250054,-16.940000050203437,-27.476041030831247,40.2938192367554,54.22819770812988,1.0,110.999999673762,0.0,498.5390625,5240.421875,229.437856787614,54.2387981414795,230.29359206419517,0.9657999757632512,32.2778457,1.1517757922511138,191.1884501576423,1903.411293029784,1211.4998579025262,1245.2680110931378,1251.565265655518,-64.8417693,4.0,128.333435058594,3.18548822402954,68.4678955078125,-317.127014160156,93.0850565433502,43.1896537542343,-2.898799988003558,-1.79861356437673,-0.605098144598213,1.1458000223936728,27.0000667572022,317.310150146484,2.0,7.0,4.0,0.0,0.0,26050904.0,8.0,-132.25884871824843,96.7548102917161,26.72024173736575,-36.96991905212404
2026-05-09 18:17:19+00:00,CAN,CAN,22.33999968820794,17.08999971286812,0.0,12.30000017152394,6.800000075390754,1.430000015603122,-1.18698784000525,-3.2535471642006453,4.995866309438133,4.805264587252324,-3.004010151577345,2.5224441423293045,4.001393498359946,-18.2346461856801,-20.920000286177178,-27.10861698084595,42.36004371643065,55.68854438781741,1.0,110.999999673762,0.0,513.8203125,5255.703125,231.242502049358,55.7433380126953,231.9329904612358,0.9045999973682257,32.2777571,0.7158236218937588,7.8324593603610975,1903.393125534058,1114.9929761886601,1162.2440814971899,1210.522985458372,-64.8418938,4.0,140.627899169922,3.18548822402954,68.4678955078125,-318.127014160156,93.0734157562256,43.1367546319962,-2.193199996030716,1.31365231078096,0.0643973913827272,1.8704000358304804,28.0000705718994,318.310211181641,2.0,7.0,4.0,0.0,0.0,26050904.0,8.0,-130.95726054925402,96.81611806970615,26.7860258102417,-37.02786918640136
2026-05-09 18:17:20+00:00,CAN,CAN,22.280000232953398,15.76000000598332,0.0,9.51000005973419,2.83000000475821,-3.2100000124867583,-1.18669414187094,-2.726253465346195,4.994425139523261,3.5780168802033465,-2.6887940398951997,2.591262140198588,3.9324774872760684,-18.083584257844763,-25.489999605109958,-27.60451262025095,44.9677499771118,56.89290275573728,1.0,110.999999673762,0.0,529.4765625,5271.359375,232.21140536426,56.9843193054199,232.74079420229737,0.5787999792947037,32.2776699,0.48340522978113637,7.696481049060824,1903.4748315811162,1291.860651969912,1330.4557323455779,1345.22078037262,-64.8420248,4.0,148.701675415039,3.18548822402954,68.4678955078125,-319.127014160156,93.1005716323852,43.2268798351288,-2.237600024928526,-0.329648754965631,-1.12381200527722,0.2741999719425718,29.0000743865967,319.310272216797,2.0,7.0,4.0,0.0,0.0,26050904.0,8.0,-127.332225073691,96.97618355290535,27.0479278564453,-34.7244330596924
2026-05-09 18:17:21+00:00,CAN,CAN,22.359999848135583,17.45999993945362,0.0,12.780000082428339,8.050000167093414,3.520000058110154,-1.1869878933661049,-2.72669177139184,4.994785432001979,4.316379027124578,-2.36464788276009,2.627567882665746,3.8955585218874944,-16.74386245969532,-18.83999970464806,-27.34454793647745,47.46093921661375,57.96548629760743,1.0,110.999999673762,0.0,545.4375,5287.3203125,232.262167330171,58.0240447998047,232.73960301730617,-0.27820000152685964,32.2775818,0.3340674818161472,7.687415461987255,1903.429436683654,1123.9229917526259,1185.420370101928,1234.60705280304,-64.8421591,4.0,160.712753295898,3.18548822402954,68.4678955078125,-320.127014160156,93.0850565433502,43.1289196014404,-2.588199995638944,1.8081694259124,-1.19730537435508,0.1059999895739316,30.0000782012939,320.310333251953,2.0,7.0,4.0,0.0,0.0,26050904.0,8.0,-124.55226704752879,97.26385063017875,27.110929298400848,-32.07489532470704
2026-05-09 18:17:22+00:00,CAN,CAN,22.3499994266623,17.22999980783316,0.0,12.67000005660002,7.929999890546545,3.2099999697980777,-1.18728164486127,-2.71018213695086,4.994785432001979,3.1078241391074117,-2.391965864675785,2.667937545000376,3.84934110771759,-17.004025048200017,-19.12000023608762,-27.3593805460338,48.70312900543215,58.5701902770996,1.0,110.999999673762,0.0,561.6171875,5303.5,232.74276676093,58.6761726379394,232.605600169942,0.084600010390354,32.277493,-0.1924385721630194,7.714611291885376,1903.43849658966,1238.599920272824,1264.884328842164,1295.456218719482,-64.8422958,4.0,171.715377807617,3.18548822402954,68.4678955078125,-321.127014160156,93.1044518947601,43.2366758584976,-1.612599979077196,-0.213633456240469,1.70802946116991,-0.28499998978816,31.0000820159912,321.310394287109,2.0,7.0,4.0,0.0,0.0,26050904.0,8.0,-124.1733827938898,97.6094069757626,26.9832286834717,-31.911247100830064
2026-05-09 18:17:23+00:00,CAN,CAN,22.280000232953398,14.97000017752158,0.0,8.179999840585182,0.669999984137763,-6.979999977946872,-1.188162792625055,-2.72698397542227,4.995145724480698,2.7652441765204236,-3.33025925992488,2.6863613826449337,3.834300006636846,-17.381680209297837,-29.2500006432007,-26.8571490523999,49.21562576293945,59.01888565063477,1.0,110.999999673762,0.0,577.953125,5319.8359375,233.806855592104,58.844263458252,233.9005931082736,0.9919999944500398,32.2774042,0.08002947858347029,7.596763502806427,1903.411269187926,1385.8871698379521,1355.153608322144,1396.787571907042,-64.8424344,4.0,179.798583984375,3.18548822402954,68.4678955078125,-322.127014160156,93.0792331695556,43.1681036949158,-1.685600016397914,-1.04517144832951,-0.110120925512721,2.250399906154834,32.0000839233398,322.310455322266,2.0,7.0,4.0,0.0,0.0,26050904.0,8.0,-123.926550685588,97.95653084976105,26.8564910888672,-32.252299118042
2026-05-09 18:17:24+00:00,CAN,CAN,22.270000494499037,14.500000005071541,0.0,7.3499998630229255,-0.25999999798594453,-7.740000164158713,-1.1883096416922099,-2.68768167955584,4.9951457244806985,3.239751249294278,-1.6790523302552751,2.685819449822976,3.8411371113733934,-16.602718308044324,-30.01999962871586,-26.49787000299985,50.29114608764645,61.66701644897461,1.0,110.999999673762,0.0,594.59375,5336.4765625,235.969648653167,61.7070739746094,235.22540392044598,0.031599998261110915,32.2773178,-0.6728219088098661,7.6420895755291,1903.411269187926,1158.7408542633066,1211.0859870910658,1258.61518383026,-64.8425797,4.0,191.923065185547,3.18548822402954,68.4678955078125,-323.127014160156,93.1645810604096,43.3228850364685,-3.357399891709915,-1.22024093614458,0.39644429646908,0.8611999855381445,33.0000686645508,323.310516357422,2.0,7.0,4.0,0.0,0.0,26050904.0,8.0,-126.0637114127338,98.3280794802314,26.85630311965945,-36.358034133911126
2026-05-09 18:17:25+00:00,CAN,CAN,22.275000534480952,13.29999963016905,0.0,5.05000004092213,-4.400000179359395,-13.10000016532685,-1.18933774524485,-2.67424018743437,4.995686163198775,3.869731399512875,-2.82328601418145,2.6984180966008653,3.825275619195965,-16.500484548811748,-35.3749994191474,-25.1326458152822,52.2655437469482,63.6895294189453,1.0,110.999999673762,0.0,594.59375,5336.4765625,235.969648653167,61.7070739746094,236.287990110003,0.378000010945695,32.2772654,-0.534338078487968,7.56956776604056,1903.26595306396,904.888868331909,1038.10691833496,1091.84718132019,-64.8426719,4.0,191.923065185547,3.18548822402954,68.4678955078125,-323.127014160156,93.1645810604096,43.3228850364685,-3.46099985953121,-1.22024093614458,0.39644429646908,4.75299972359129,33.0000686645508,323.310516357422,2.0,7.0,4.0,0.0,0.0,26050904.0,8.0,-127.538305541329,98.5803730077933,26.8568395614624,-39.4386966705322
2026-05-09 18:17:26+00:00,CAN,CAN,22.3000007343905,13.2500000841236,0.0,4.74999998988518,-4.04999994194679,-12.8500003006656,-1.18933774524485,-2.67424018743437,4.99478543200198,2.53338290372849,-2.82328601418145,2.81017994838125,3.69127285720902,-15.0051247668378,-35.1500010350561,-25.1326458152822,52.2655437469482,67.90102500915525,1.0,110.999999673762,0.0,594.59375,5336.4765625,235.969648653167,61.7070739746094,243.0114917251805,-0.7709999977628105,32.2771252,-0.5728952167242041,7.50157842412591,1903.17517518997,1179.2459487915,1142.2530412674,1199.095547199245,-64.8429592,4.0,191.923065185547,3.18548822402954,68.4678955078125,-323.127014160156,93.1645810604096,43.3228850364685,-1.82749998184145,-1.22024093614458,0.39644429646908,2.4184999756625247,33.0000686645508,323.310516357422,2.0,7.0,4.0,0.0,0.0,26050904.0,8.0,-134.37742859877602,98.5803730077933,26.8568395614624,-39.4386966705322
2026-05-09 18:17:27+00:00,CAN,CAN,22.32000021129922,15.00000041741304,0.0,7.909999986751006,0.9800000244250731,-5.500000053444518,-1.18904404711054,-2.6515937347458403,4.995145724480698,2.240770257231786,-0.523784635807505,2.8375444609606744,3.6877175729912963,-14.913571886674621,-27.820000136677702,-22.15732320527085,53.63246612548825,69.18986618041993,1.0,110.999999673762,0.0,649.5859375,5391.46875,244.097655727753,69.1341339111328,243.0589970568958,-1.631199971569314,32.2770725,-1.1608230288092034,7.560502644628289,1903.3386468887318,1216.076183319092,1184.463548660276,1292.902731895448,-64.8430868,4.0,221.234466552734,3.18548822402954,68.4678955078125,-326.127014160156,52.2005617618561,32.0376187562942,-2.24399999755819,-0.566108116442901,-1.02517596281259,-0.3501999769233877,36.0000228881836,326.310699462891,2.0,7.0,4.0,0.0,0.0,26050904.0,8.0,-135.18085282254202,99.23946577213205,26.9480878829956,-52.582087326049766
2026-05-09 18:17:28+00:00,CAN,CAN,22.369999586589937,16.58999981279084,0.0,11.099999967376172,5.599999913931663,0.28000001917535855,-1.189484594312005,-2.63888264597874,4.994064847044544,2.266293180056244,-0.602588663728041,2.88414564638457,3.6354837866909895,-16.38757008126458,-22.1100002396064,-21.508252035991802,54.86084747314455,71.27868026733397,1.0,110.999999673762,0.0,669.046875,5410.9296875,244.780838569294,71.347590637207,243.40259928535798,-1.3607999860436504,32.2769963,-1.261168859722148,7.569567859172821,1903.3749580383278,1112.653231620786,1072.3494529724142,1302.049660682678,-64.8432735,4.0,229.206100463867,3.18548822402954,68.4678955078125,-327.127014160156,52.1578907966614,31.9670855998993,-2.7095999913901636,-0.24268054323324,1.02826769062908,0.23299998272045058,37.0000076293945,327.310760498047,2.0,7.0,4.0,0.0,0.0,26050904.0,8.0,-136.86166675463383,99.49780060201485,26.961998462677002,-55.159882278442375
2026-05-09 18:17:29+00:00,CAN,CAN,22.340000029717395,15.52999987436282,0.0,9.339999895632417,2.530000039098632,-4.090000080375151,-1.188750242254525,-2.63128566135269,4.994064847044544,2.263057612724702,-1.5540161392250964,2.9166583286735204,3.6070421105907764,-17.7703975447754,-26.419999870046162,-20.00725051776345,56.1306386947632,73.16972259521485,1.0,110.999999673762,0.0,689.1640625,5431.046875,244.691281128897,73.1512916564941,244.35999509754555,-0.091199996838932,32.2769185,-0.7825716028690259,7.596763502806425,1903.3749341964722,1239.467811584474,1221.583938598636,1295.645928382874,-64.8434666,4.0,238.944778442383,3.18548822402954,68.4678955078125,-328.127014160156,52.2374153137207,31.9553285837173,-1.885800032669616,1.28098703779708,1.08824166074026,3.1526000205086446,37.9999923706055,328.310821533203,2.0,7.0,4.0,0.0,0.0,26050904.0,8.0,-138.8327609943754,99.70720395668366,26.98172664642335,-58.17342109680173
2026-05-09 18:17:30+00:00,CAN,CAN,22.31000047284486,15.130000090904778,0.0,8.509999747315437,1.539999998742766,-5.259999969926282,-1.189190896177695,-2.6496949421565796,4.99478543200198,2.023288154812662,-1.69166085946312,2.960550020742354,3.562739198445228,-16.61454443908272,-27.569999845129622,-18.52649282646135,56.0827039718628,74.9561489868164,1.0,110.999999673762,0.0,709.703125,5451.5859375,248.900207619999,74.962003326416,247.80500044696518,0.3599999918752226,32.2768457,-0.8113381291694688,7.569567672908306,1902.893781661986,1246.6865539550759,1284.249687194824,1343.959903717042,-64.8436673,4.0,248.229843139648,3.18548822402954,68.4678955078125,-329.127014160156,52.210259437561,31.9984316825867,-2.7544000132412396,-1.86971668741021,-0.294708335297049,2.1753999467564533,38.9999771118164,329.310882568359,2.0,7.0,4.0,0.0,0.0,26050904.0,8.0,-141.75081998140402,99.89268798887915,27.094395732879647,-61.647394866943365
2026-05-09 18:17:31+00:00,CAN,CAN,22.3400000297174,15.12000001094098,0.0,8.489999928897264,1.620000019467398,-5.1199999603386015,-1.189925194874325,-2.63450001240912,4.994064847044543,2.74008111928786,-1.29974172340173,2.999023152987882,3.5214446431196116,-16.04768040212564,-27.45999999005602,-17.704165371148548,57.6374050140381,76.68131698608397,1.0,110.999999673762,0.0,730.8125,5472.6953125,249.387828485224,76.7779335021972,248.99359543048223,0.7128000038698998,32.2767782,-0.6798297629395785,7.487980648875238,1902.9482603073097,1065.773606300354,1183.6814641952499,1208.3089590072639,-64.8438769,4.0,255.586273193359,3.18548822402954,68.4678955078125,-330.127014160156,52.1889269351959,31.9533705711365,-2.828599944044404,1.88884292463354,0.0209099688060195,1.3480000034317186,39.9999618530273,330.310943603516,2.0,7.0,4.0,0.0,0.0,26050904.0,8.0,-142.55567854489578,100.089120814314,27.1311381340027,-64.06918807983398
2026-05-09 18:17:32+00:00,CAN,CAN,22.31999986978978,14.23000006586002,0.0,6.419999939596157,-1.72000000802059,-9.059999961834428,-1.18933774524485,-2.64253519635911,4.993344262087108,2.499232897029438,-2.27743725267301,3.0710926197228696,3.4563576787731263,-16.19912413753556,-31.39000033847484,-16.3947984704632,57.387606811523455,77.28734756469726,1.0,110.999999673762,0.0,752.171875,5494.0546875,252.464555498748,77.2658363342285,252.16599973390004,0.380799993635089,32.276714,0.03621296128419212,7.406393531709912,1902.7575969696059,1217.489290237424,1281.502819061278,1316.922116279604,-64.844091,4.0,264.284027099609,3.18548822402954,68.4678955078125,-331.127014160156,52.185046672821,31.9298595190048,-2.392399987230564,-1.22363778131789,-1.61950540704978,3.4093998507528527,40.9999465942383,331.311004638672,2.0,7.0,4.0,0.0,0.0,26050904.0,8.0,-144.1065904752008,100.29561450839651,27.2394684791565,-64.95476303100584
2026-05-09 18:17:33+00:00,CAN,CAN,22.349999768171763,15.280000265833639,0.0,8.62000011465322,1.7200000507092714,-4.740000037987415,-1.190365795436645,-2.6480874998240997,4.993344262087108,2.657401850139588,-2.235933288016315,3.084097556034668,3.435299821363838,-15.190899765091919,-27.09999984343432,-15.87512267368915,57.74067993164065,78.05908905029297,1.0,110.999999673762,0.0,773.7890625,5515.671875,254.645352938463,78.0782752990723,254.73639662802378,-0.473400019171315,32.2766581,0.24950089533002276,7.451719697564842,1902.65772342682,1228.901767730712,1286.2301826477042,1364.0917539596562,-64.8443108,4.0,270.997222900391,3.18548822402954,68.4678955078125,-332.127014160156,52.1889269351959,31.9141834974289,-2.617799943756348,0.040372327709233,-0.321469576754114,2.3415999216700647,41.9999313354492,332.311065673828,2.0,7.0,4.0,0.0,0.0,26050904.0,8.0,-144.8850817764208,100.5487310737535,27.5935140609741,-65.71858612060548
2026-05-09 18:17:34+00:00,CAN,CAN,22.32000021129922,16.859999581247642,0.0,11.639999845799299,6.499999896287764,1.6299999500208249,-1.189484594312005,-2.6425357299676397,4.994064847044543,2.6822055967331218,-1.181537615851845,3.1163391225022563,3.4033032879327236,-14.777005327805321,-20.69000015455672,-16.1499216745663,57.2131799697876,78.08697784423828,1.0,110.999999673762,0.0,795.5,5537.3828125,255.718539581612,78.1049789428711,255.56919886144777,-1.336799992632864,32.276608,-0.023425381068495083,7.442654483020308,1902.5941848754878,1363.8523340225242,1320.99096775055,1422.27592468262,-64.8445339,4.0,276.169311523438,3.18548822402954,68.4678955078125,-333.024993896484,52.1695256233215,31.8985104560852,-2.416000083737616,-0.380970129378446,0.02140219099093,-0.2942000038041564,42.9999160766602,333.311126708984,2.0,7.0,4.0,0.0,0.0,26050904.0,8.0,-145.91206082379682,100.8441094346,28.20191974639895,-66.18440917968748
2026-05-09 18:17:35+00:00,CAN,CAN,22.35999950662612,18.14999999280558,0.0,14.119999869276961,10.119999985639812,6.209999882525954,-1.19021894636949,-2.63040883581799,4.993704298433732,2.2325023772745096,-1.435285600181015,3.1312408450352462,3.398654447740202,-14.958203245541862,-16.139999971023162,-16.36161058128615,55.890460395813,77.27236221313474,1.0,110.999999673762,0.0,817.109375,5558.9921875,255.355556008361,77.3448760986328,255.0215980070068,-1.262599997796678,32.2765587,-0.2763704568588546,7.460784912109378,1902.748513221742,1386.466264724732,1346.368288993834,1450.4931449890141,-64.844756,4.0,283.22705078125,3.18548822402954,68.4678955078125,-334.127014160156,52.1307349205017,31.8573653697968,-1.896800030983582,0.997936207907232,0.35318022407978,-0.6909999717020943,43.9999008178711,334.311187744141,2.0,7.0,4.0,0.0,0.0,26050904.0,8.0,-147.2532149126154,101.10481092503,28.617049312591547,-66.70443328857422
2026-05-09 18:17:36+00:00,CAN,CAN,22.3999998264814,18.42999949971674,0.0,14.819999831838022,11.260000051514101,8.050000081716053,-1.19036574207579,-2.6394672674830097,4.993344262087108,2.2670119080560003,-1.223039606156985,3.1274476994796823,3.40056869363246,-15.04937483039468,-14.3699998193156,-16.7435043870281,54.1946897506714,76.2273454284668,1.0,110.999999673762,0.0,838.4140625,5580.296875,254.320727707591,76.1938865661621,254.0169973914272,-1.139199973246091,32.2765086,-0.23676611567826122,7.442654576152563,1902.8756380081159,1287.2832059860198,1244.627690315246,1410.1028442382799,-64.8449747,4.0,287.889617919922,3.18548822402954,68.4678955078125,-335.024993896484,52.0938813686371,31.8181812763214,-2.742800046841714,-1.17544257915211,-0.551114783997665,-1.3861999547908728,44.999885559082,335.311248779297,2.0,7.0,4.0,0.0,0.0,26050904.0,8.0,-148.6029258624258,101.297787674745,28.816100120544398,-67.19320678710939
2026-05-09 18:17:37+00:00,CAN,CAN,22.33999968820794,18.549999776263622,0.0,15.130000090904797,11.610000118172024,7.459999888851269,-1.1906595469318102,-2.654662090508765,4.99298396960839,1.915445636332754,-1.4972772508617,3.088161817411602,3.4292835346107955,-15.713131930917601,-14.909999868493419,-16.0281172035501,52.43715534210205,74.91837249755856,1.0,110.999999673762,0.0,859.4453125,5601.328125,252.742407594184,74.8786994934082,253.0179975309672,-1.0699999757031315,32.2764539,0.15190583839494354,7.469850219786169,1902.9936552047718,1291.315031051636,1274.8918533325182,1367.921662330626,-64.8451887,4.0,294.498657226562,3.18548822402954,68.4678955078125,-336.024993896484,52.0744860172272,31.8064272403717,-1.9817999636240764,0.507067641092193,0.57279076285467,-0.3263999931626972,45.999870300293,336.311309814453,2.0,7.0,4.0,0.0,0.0,26050904.0,8.0,-149.76805504803022,101.4084025883535,29.04639587402345,-66.90918548583984
2026-05-09 18:17:38+00:00,CAN,CAN,22.3400000297174,17.40000014268966,0.0,13.01000004329408,8.349999919309582,3.2599999960911874,-1.190659493570955,-2.6445808380155302,4.993344005955014,2.51073623759655,-1.623889908249255,3.057816781033116,3.4599127068587534,-15.306103541294178,-19.0899996546867,-16.08125522151915,50.75177879333495,74.40965606689451,1.0,110.999999673762,0.0,880.1015625,5621.984375,252.84893122448,74.3740287780762,253.07560061435137,-1.446199964998264,32.2763988,0.12108011111185683,7.379197981208565,1902.9664039611798,1156.8104386329637,1131.7958831787103,1357.352328300474,-64.8453987,4.0,300.578704833984,3.18548822402954,68.4678955078125,-337.024993896484,52.0628452301025,31.7731201648712,-3.23319990259713,-1.35250733597846,-0.85453964129484,0.694599972314538,46.9998550415039,337.311370849609,2.0,7.0,4.0,0.0,0.0,26050904.0,8.0,-151.2922390820752,101.452498289635,29.1741668701172,-67.4289569091797
2026-05-09 18:17:39+00:00,CAN,CAN,22.26000041453522,16.26999998602442,0.0,10.770000060645938,4.8300000746428395,-0.7499999995263094,-1.1905126445038001,-2.642681618539445,4.992983713476296,2.535539664024968,-1.52512265144737,2.9995651711872062,3.5236324380881276,-13.584530967594521,-23.020000344615,-15.64916720934045,51.00718002319336,75.28472534179684,1.0,110.999999673762,0.0,900.8984375,5642.78125,255.001424360274,75.1908966064453,254.576400812754,-2.4683999717008023,32.2763457,-0.1720047539200301,7.406393531709909,1902.8574705123879,1016.1569952964788,971.260607242584,1197.6589202880882,-64.8456107,4.0,307.780303955078,3.18548822402954,68.4678955078125,-338.024993896484,52.0861208438873,31.849530339241,-2.579200026124348,0.219488262380492,0.393610008087363,1.5427998480300285,47.9998397827148,338.311431884766,2.0,7.0,4.0,0.0,0.0,26050904.0,8.0,-152.3757584354004,101.4640891206565,29.386602973937947,-68.82186950683594
2026-05-09 18:17:40+00:00,CAN,CAN,22.290000654426684,17.160000272614845,0.0,12.15999990580418,7.33000004460475,2.8299999620695258,-1.190953725313795,-2.621203981972635,4.994064847044544,2.139039093200432,-0.382989874345946,3.03939294338856,3.4787825558561116,-13.571942245935281,-19.4499998013084,-15.761567363643099,51.37594814300535,76.15179107666017,1.0,110.999999673762,0.0,921.9296875,5663.8125,255.280533210518,76.3062149047852,254.4161973597336,-3.2715999518185397,32.2762972,-0.8125271743905171,7.46985021978617,1902.7757644653339,1015.8163785934443,984.0384364128118,1210.817265510558,-64.8458268,4.0,313.446655273438,3.18548822402954,68.4678955078125,-339.024993896484,52.113276720047,31.8162232637405,-2.3200000247171118,1.52611580364138,-0.833367548971682,-1.4023999575468704,48.9998245239258,339.311492919922,2.0,7.0,4.0,0.0,0.0,26050904.0,8.0,-154.0858438261996,101.479258970803,29.602925491333,-70.51733871459957
2026-05-09 18:17:41+00:00,CAN,CAN,22.30000039288104,16.91999971952108,0.0,11.929999944938453,6.660000108491755,1.3199999684304558,-1.190806395998965,-2.61959653964015,4.993344262087108,1.56100330001606,-0.1702175121937348,3.048334215964976,3.474407435494578,-13.946545507757198,-20.970000002977322,-15.767985180142,51.520244979858404,76.70697967529296,1.0,110.999999673762,0.0,943.15625,5685.0390625,254.080223086536,76.8262870788574,252.92719426406538,-2.3947999022614956,32.276247,-1.372277937516958,7.40639362484217,1902.7394533157342,1119.6886062622082,1074.295115470886,1259.9722385406517,-64.8460447,4.0,319.6318359375,3.18548822402954,68.4678955078125,-340.024993896484,52.0667254924774,31.8338543176651,-2.225799933986318,0.708998075117948,1.02871058570808,-1.049800000725765,49.9998092651367,340.311553955078,2.0,7.0,4.0,0.0,0.0,26050904.0,8.0,-155.9977858956532,101.417589192787,29.65242404937745,-72.39160903930664
2026-05-09 18:17:42+00:00,CAN,CAN,22.320000552808683,15.849999701129281,0.0,9.810000068082452,3.58999997752663,-2.200000004302334,-1.191541228304125,-2.623687716231285,4.993704554565825,2.169953938110426,-0.655124664554781,3.0781369780120458,3.4415900840799636,-13.96867071029036,-24.5199997033374,-14.79261581053075,51.223183250427255,76.88638778686523,1.0,110.999999673762,0.0,964.4921875,5706.375,253.467555117986,76.8825302124023,252.605202754137,-2.021800027347244,32.2761932,-0.9458525470304456,7.297610864043234,1902.6486635208119,1118.258833885192,1065.914607048036,1230.5348873138419,-64.8462625,4.0,325.210693359375,3.18548822402954,68.4678955078125,-341.127014160156,52.0841836929321,31.8142622709274,-2.623599841578744,-1.10128881615887,-0.35089432518322,-0.4543999710269232,50.9997940063477,341.311614990234,2.0,7.0,4.0,0.0,0.0,26050904.0,8.0,-156.9256698264748,101.26532378562001,29.62974586486815,-73.09918762207033
2026-05-09 18:17:43+00:00,CAN,CAN,22.32000021129922,15.969999977676139,0.0,9.969999981465676,3.649999955717506,-3.1200000291921888,-1.1918354066861099,-2.6323084821808997,4.993344262087108,2.35076985617329,-0.9256858798974545,3.079220800967278,3.4358467914503104,-13.84240424744416,-25.43999954680034,-14.5023468580704,51.174500083923306,76.81900726318358,1.0,110.999999673762,0.0,985.8984375,5727.78125,252.569439883643,76.8598022460937,251.8831971173534,-1.4415999820026482,32.2761367,-0.6667331260020879,7.38826310262084,1902.675890922546,1146.628379821778,1131.155157089232,1161.268067359922,-64.8464799,4.0,332.3203125,3.18548822402954,68.4678955078125,-342.024993896484,52.0744860172272,31.8221002817154,-2.036399940896286,1.21754493241312,1.44326219391454,-0.12520001018257249,51.9997787475586,342.311676025391,2.0,7.0,4.0,0.0,0.0,26050904.0,8.0,-156.9627085763062,101.083125074415,29.826157379150402,-72.51993896484376
2026-05-09 18:17:44+00:00,CAN,CAN,22.300000392881042,15.069999611121897,0.0,8.220000160440444,1.3499999895424062,-4.910000009990108,-1.191982255753265,-2.63040883581799,4.993704298433732,2.3162603253918,-1.3685645771086352,3.103605131257094,3.4175240832941496,-13.773358206633961,-27.200000301563016,-13.85568503802105,50.12354793548585,75.97216735839844,1.0,110.999999673762,0.0,1007.1015625,5748.984375,252.02665841068,75.9674858093262,252.1261988555682,-1.689999981572554,32.2760783,0.028768746111923406,7.3973282240331155,1902.74851322174,1318.5935020446782,1239.489936828612,1368.628263473512,-64.8466946,4.0,338.638793945312,3.18548822402954,68.4678955078125,-343.127014160156,52.0667254924774,31.8181812763214,-2.143999966316316,-0.38524833575896,-1.25472549404691,0.12679998999977676,52.9997634887695,343.311737060547,2.0,7.0,4.0,0.0,0.0,26050904.0,8.0,-156.32071723961138,100.897299532761,29.9759302139282,-70.6894052124023
2026-05-09 18:17:45+00:00,CAN,CAN,22.37999966655376,17.36999990279822,0.0,12.519999881671138,7.899999992164554,3.4300000001103887,-1.1918354066861099,-2.635961032561265,4.993704042301638,1.74505450793403,-1.039163603263399,3.074885893344484,3.4426837681208076,-12.97723101546786,-18.970000402668198,-14.16080666371845,49.6589910507202,75.27021652221678,1.0,110.999999673762,0.0,1028.1171875,5770.0,251.959558632274,75.2998260498047,251.65979528998065,-2.5436000129531817,32.2760193,-0.1441441454912838,7.497045863419773,1902.721285820006,1273.5686063766461,1223.7857580184939,1415.278100967408,-64.8469069,4.0,347.665252685547,3.18548822402954,68.4678955078125,-344.127014160156,52.0628452301025,31.8652033805847,-1.929200036495572,-0.173509509961229,0.565506792991675,-1.584399952935381,53.9997482299805,344.311798095703,2.0,7.0,4.0,0.0,0.0,26050904.0,8.0,-155.7686822263612,100.7437329745575,29.98408756256105,-69.02168884277344
2026-05-09 18:17:46+00:00,CAN,CAN,22.33000029126304,16.68000019095572,0.0,11.53999989993478,6.050000054520104,0.5499999904034145,-1.1921291581812699,-2.62266489540308,4.994425139523261,1.1443715150091904,0.23903655726975953,3.066486510901342,3.45362274296341,-13.044751192017438,-21.780000332876163,-16.3151610260618,49.8316995620727,74.59083435058594,1.0,110.999999673762,0.0,1048.921875,5790.8046875,250.670565332109,74.5773582458496,249.2396024519322,-2.5337999294660016,32.2759594,-1.3624381322108838,7.4245239607989815,1902.7303934097301,1213.594484329224,1160.6876850128178,1347.5449562072758,-64.8471166,4.0,352.133361816406,3.18548822402954,68.4678955078125,-345.127014160156,52.0841836929321,31.7907512187958,-2.68440005113608,-1.28729375700024,-0.714026908616075,-2.55319988652032,54.9997329711914,345.311859130859,2.0,7.0,4.0,0.0,0.0,26050904.0,7.0,-155.58295845452602,100.57779694376649,29.6033975601196,-68.0442791748047
2026-05-09 18:17:47+00:00,CAN,CAN,22.3699999280994,17.63999967125502,0.0,13.189999945850161,8.539999987206896,3.7000000780601505,-1.192276007248425,-2.61009969520778,4.993344262087108,2.446390156675942,0.11505317086453626,3.014466893720198,3.508317915997174,-13.610470660024399,-18.6899995297192,-15.72633127148865,50.29853439331055,74.31396789550779,1.0,110.999999673762,0.0,1069.625,5811.5078125,247.381583359938,74.4734413146972,246.40840161454062,-1.589599957377413,32.2758926,-1.1215846379001921,7.5514373369514916,1902.975511550902,891.4105415344235,887.1841669082642,1050.458574295044,-64.8473221,4.0,360.161560058594,3.18548822402954,68.4678955078125,-346.127014160156,52.0706057548523,31.8593263626099,-2.543199934622548,2.94502687906093,1.83910463332386,-2.4097998407803174,55.9997177124023,346.311920166016,2.0,7.0,4.0,0.0,0.0,26050904.0,7.0,-155.0407124683944,100.3437810024235,28.70143375396725,-67.53286697387696
2026-05-09 18:17:48+00:00,CAN,CAN,22.3100001313354,15.190000058423498,0.0,8.719999889762992,1.370000000059647,-5.6199999031045555,-1.191982255753265,-2.6071777616251897,4.993344262087108,2.206979817303852,-1.233021740865979,3.038579894745236,3.48698693639845,-15.156186011654238,-27.91999991178748,-15.11948433165865,50.019855880737296,73.37916183471677,1.0,110.999999673762,0.0,1090.1328125,5832.015625,245.810448605538,73.2813011169434,245.6941987858648,-0.4239999796400674,32.2758187,-0.35232195478167183,7.478915434330702,1902.8120756149299,1117.1093821525583,1062.3605966568,1128.595280647278,-64.8475221,4.0,370.130889892578,3.18548822402954,68.4678955078125,-347.127014160156,52.1093964576721,31.8338543176651,-1.576000004867198,0.174301531760473,0.362703748938599,1.0095999938868137,56.9997024536133,347.311981201172,2.0,7.0,4.0,0.0,0.0,26050904.0,7.0,-153.56169237721699,100.0649760955983,28.06937742233275,-65.33830673217774
2026-05-09 18:17:49+00:00,CAN,CAN,22.290000312917222,14.48000018665338,0.0,6.930000005014618,-0.660000005559568,-7.5400001016749645,-1.192716607810745,-2.63201617142876,4.993344005955014,2.13544447136196,-1.331789931482785,3.005254718765826,3.51214653584774,-14.81820400435048,-29.84000023842392,-14.8137266445948,49.947318649292,73.43454940795898,1.0,110.999999673762,0.0,1110.4609375,5852.34375,247.669434852319,73.436922454834,247.48199806903978,-1.2915999458120049,32.2757458,-0.17096889770247037,7.397328224033117,1902.739453315738,1196.929502487182,1121.38967514038,1272.038125991824,-64.8477208,4.0,378.253631591797,3.18548822402954,68.4678955078125,-348.127014160156,52.0764231681824,31.8377733230591,-2.230400023703638,-1.10549760006977,-2.01508957993112,1.106400001461259,57.9996871948242,348.312042236328,2.0,7.0,4.0,0.0,0.0,26050904.0,7.0,-152.723805750975,99.8394569095826,28.049637222290052,-64.2053237915039
2026-05-09 18:17:50+00:00,CAN,CAN,22.31000047284486,14.85000041323892,0.0,7.849999933854934,0.429999964652551,-6.8399999683591926,-1.1928634568779048,-2.622226269192315,4.992983286589473,1.9880594904889317,-0.4029521994278455,2.987101954253954,3.5312900192987255,-14.43520797683118,-29.139999763598723,-16.5782197855293,51.3276048660278,74.39323013305662,1.0,110.999999673762,0.0,1131.0,5872.8828125,248.32390357859,74.3050758361816,247.0353965878936,-1.5511999935333658,32.2756768,-1.1502269081185952,7.424523867666724,1902.83932685852,1061.5668535232548,1038.1423473358154,1216.5731668472301,-64.8479234,4.0,387.119171142578,3.18548822402954,68.4678955078125,-349.127014160156,52.0822405815124,31.8162232637405,-2.853599973199212,-0.560410618097199,0.349164419693356,-0.7703999256235858,58.9996719360352,349.312103271484,2.0,7.0,4.0,0.0,0.0,26050904.0,7.0,-151.810931843873,99.68534735133966,28.161452293396003,-64.16424179077148
2026-05-09 18:17:51+00:00,CAN,CAN,22.35000010968122,15.360000222525262,0.0,8.72000006051773,1.6199999767787159,-5.230000071544292,-1.1928634568779,-2.6210575597923,4.992983713476296,2.168516055224092,-0.4891128613528015,2.996313958453596,3.52363248077681,-14.353955363445781,-27.57000018663906,-16.751218231922,52.823345375060995,75.15736633300779,1.0,110.999999673762,0.0,1151.7890625,5893.671875,247.561681787973,75.2685768127441,246.5048001724104,-1.120399973605168,32.2756059,-1.109401821576712,7.397328317165375,1902.6849746704124,996.1025238037122,1023.9847779273994,1121.928238868714,-64.8481281,4.0,393.594360351562,3.18548822402954,68.4678955078125,-350.127014160156,52.0744860172272,31.8789184093475,-2.252600016808202,1.52241063946006,0.887732973278927,-0.4817999752436247,59.9996566772461,350.312164306641,2.0,7.0,4.0,0.0,0.0,26050904.0,7.0,-150.1507232264692,99.55671439870079,28.1439514160156,-63.170907440185545
2026-05-09 18:17:52+00:00,CAN,CAN,22.30000039288104,14.160000018377499,0.0,6.699999958771512,-1.0799999916339247,-8.690000162135743,-1.193010359305905,-2.6118531328337697,4.993344262087108,2.33207703714148,-1.124797847034374,3.034516060255126,3.4809704362019978,-14.41041285335146,-30.989999188978942,-16.84250627150015,52.96293010711665,75.29723190307617,1.0,110.999999673762,0.0,1172.671875,5914.5546875,247.321313770702,75.2742347717285,246.43999533756536,-0.30819999996044717,32.2755335,-0.8423377751468758,7.370132580399513,1902.757573127748,1129.1440725326538,1130.440998077394,1222.811412811278,-64.8483332,4.0,384.374633789062,3.18548822402954,68.4678955078125,-351.127014160156,52.0764231681824,31.849530339241,-2.481000005860866,-0.437877504634847,0.492793559583071,-0.2791999842435362,60.999641418457,351.312225341797,2.0,7.0,4.0,0.0,0.0,26050904.0,7.0,-149.91053279411682,99.4600228257155,28.2585551261902,-63.047956695556614
2026-05-09 18:17:53+00:00,CAN,CAN,22.31000047284486,14.029999661866842,0.0,6.2900000099722915,-1.9300000437464504,-10.099999996466888,-1.19256970538274,-2.615797993966275,4.993344262087108,2.061032954104916,-0.7728061559114565,3.045895539610506,3.475500863403334,-13.839352518923018,-32.41999901248302,-16.91320214450435,53.399743080139146,75.27932418823241,1.0,110.999999673762,0.0,1193.6328125,5935.515625,246.819486112003,75.2972785949707,245.8545989483332,-0.08819999632856255,32.2754592,-0.7724011363658443,7.361067458987238,1902.7666568756117,1152.98342704773,1125.0093698501582,1225.262641906738,-64.848538,4.0,371.983703613281,3.18548822402954,68.4678955078125,-352.127014160156,52.0744860172272,31.8514883518219,-2.111799978625302,-0.349303184591298,0.9998240081608,0.22899997848256617,61.999626159668,352.312286376953,2.0,7.0,4.0,0.0,0.0,26050904.0,7.0,-149.26371387971622,99.36824557383805,28.25984945297245,-62.985182189941405
2026-05-09 18:17:54+00:00,CAN,CAN,22.349999768171756,14.260000305751458,0.0,6.540000045388294,-1.2399999690501653,-8.68999999138101,-1.1931572083730648,-2.6232490900205248,4.993344262087108,2.42625949744648,-1.5009555745340148,3.048063057454926,3.475500863403334,-13.415921088498319,-31.039999588798036,-16.204254121866448,52.886008644104,75.00843017578126,1.0,110.999999673762,0.0,1214.4921875,5956.375,247.153646286956,75.0566093444824,247.07039994135204,-0.7920000146756097,32.2753845,-0.10886519790185659,7.415458839386704,1902.721285820008,1124.4375705719,1141.2897109985338,1243.0304050445561,-64.8487416,4.0,357.273010253906,3.18548822402954,68.4678955078125,-353.127014160156,52.0764231681824,31.845611333847,-2.4001999778853524,0.435428508291427,-1.53287075400881,1.415199956167055,62.9996109008789,353.312347412109,2.0,7.0,4.0,0.0,0.0,26050904.0,7.0,-148.80427164293081,99.2935369646964,28.3504231452942,-62.36689498901368
2026-05-09 18:17:55+00:00,CAN,CAN,22.369999586589937,15.7200000276375,0.0,9.380000130110329,2.9799999769158263,-2.8800000203791454,-1.192716607810745,-2.6369834265026553,4.993704554565825,2.369462632516414,-0.8931140951278405,3.0274717446546324,3.4949174690437523,-12.329876784991418,-25.250000076544577,-16.8259140344589,52.9763780593872,75.26954223632809,1.0,110.999999673762,0.0,1235.34375,5977.2265625,248.323712333293,75.3461128234863,247.80539933001302,-1.8449999616955701,32.2753135,-0.5052361365384249,7.515176478773358,1902.939152717588,1023.253870010378,1062.6600742340102,1210.4938745498662,-64.848947,4.0,345.316223144531,3.18548822402954,68.4678955078125,-354.127014160156,52.0706057548523,31.8867564201355,-2.8465999684509624,0.588406122762054,-1.1257554075395,-0.06000000887336741,63.9995956420898,354.312408447266,2.0,7.0,4.0,0.0,0.0,26050904.0,7.0,-148.9203903229722,99.26934784975086,28.52410669326785,-63.054221649169925
2026-05-09 18:17:56+00:00,CAN,CAN,22.33999968820794,16.5200002775725,0.0,11.170000014858719,5.3399999693065725,-0.27999997648667607,-1.1924228563155799,-2.61316826441411,4.993344005955014,2.10920254306131,-0.1528816216313296,3.036412633032906,3.4853458980729877,-11.977398725702662,-22.61999987813804,-17.63995134766665,53.272097396850555,75.2550498962402,1.0,110.999999673762,0.0,1256.28125,5998.1640625,247.565834542988,75.2758758544922,246.2195987934274,-1.6215999699361323,32.2752433,-1.2371287496221621,7.424524053931236,1902.72126197815,1023.6405611038208,1037.053632736206,1135.83722114563,-64.8491535,4.0,331.587127685547,3.18548822402954,68.4678955078125,-355.127014160156,52.0512104034424,31.8318963050842,-2.474199997589248,0.527368404048499,1.06421518967427,-2.745599784071182,64.9995803833008,355.312469482422,2.0,7.0,4.0,0.0,0.0,26050904.0,7.0,-149.2870212172402,99.24964616908994,28.6015645980835,-63.96409423828128
2026-05-09 18:17:57+00:00,CAN,CAN,22.31000047284486,15.759999664473842,0.0,9.870000035601151,3.7000000887323194,-2.349999965787786,-1.1931572083730648,-2.59709693601878,4.994064847044543,1.6523099305153657,-0.8710479950753485,3.041560247789572,3.4711254015323396,-12.309659083538719,-24.67000021977568,-17.3129449420949,52.4595125198364,74.35160568237302,1.0,110.999999673762,0.0,1277.078125,6018.9609375,245.207998599986,74.3293075561523,244.50780585533622,-0.19900001740157575,32.2751673,-0.8643865542665182,7.433589268475773,1902.739405632018,1191.6281461715703,1118.262505531312,1282.301831245422,-64.8493556,4.0,320.145324707031,3.18548822402954,68.4678955078125,-356.127014160156,52.0783603191376,31.8377733230591,-1.577800015845592,0.961256277795265,1.7212793878295,-0.014599982918151433,65.9995651245117,356.312530517578,2.0,7.0,4.0,0.0,0.0,26050904.0,7.0,-149.4428478850404,99.1568717095937,28.452365970611552,-63.77668395996092
2026-05-09 18:17:58+00:00,CAN,CAN,22.3000007343905,15.40000020087108,0.0,8.920000123001477,2.010000027118483,-4.77000006443545,-1.19345090650738,-2.615067057003375,4.992983457344202,1.636133673338908,-0.796974153299523,3.035058078454446,3.48097047889068,-12.62551588830936,-27.05999952357904,-17.912830211613347,51.8371129989624,73.81014450073242,1.0,110.999999673762,0.0,1297.6171875,6039.5,246.524012128508,73.7278198242187,244.8767999950568,0.8335999888468735,32.2750909,-1.2918253207102748,7.37919779494405,1902.6032447814941,1397.903752326964,1355.7620763778718,1399.4232892990099,-64.8495547,4.0,307.585327148438,3.18548822402954,68.4678955078125,-357.127014160156,52.0725429058075,31.8671643733978,-1.7145999750854142,-0.327539213687876,0.742224437469974,-0.5095999725803475,66.9995498657226,357.312591552734,2.0,7.0,4.0,0.0,0.0,26050904.0,7.0,-149.3015449314914,99.03574171975805,28.45138664245605,-63.32184997558592
2026-05-09 18:17:59+00:00,CAN,CAN,22.28000057446286,14.509999914280641,0.0,7.310000226186578,-0.10999999914789974,-7.560000005470492,-1.1937446580025348,-2.599434354818805,4.994064847044544,1.713420956368622,-0.7565212240220005,3.009318766699348,3.51816286528947,-12.494290366616301,-29.840000238423904,-18.63216268311065,51.93138942718505,73.53594497680663,1.0,110.999999673762,0.0,1318.0625,6059.9453125,245.61005085529,73.4488288879394,244.06820395205142,0.8314000169317239,32.2750159,-1.4522064760430538,7.342936936765911,1902.712178230286,1460.2046728134142,1461.4914417266841,1445.4463243484497,-64.8497535,4.0,298.256622314453,3.18548822402954,68.4678955078125,-358.127014160156,52.0725429058075,31.8377733230591,-2.30619996900856,-1.27401779024444,-0.176488726419397,-0.75499999148345,67.9995346069336,358.312652587891,2.0,7.0,4.0,0.0,0.0,26050904.0,7.0,-149.26401987219123,98.922746485224,28.305339717865,-63.10905166625976
2026-05-09 18:18:00+00:00,CAN,CAN,22.329999949753578,16.36000036418926,0.0,10.640000045644701,5.010000105265004,-0.17999999860565657,-1.19374465800254,-2.5966582030863146,4.992623164865483,1.742538266243796,-1.252986890738025,2.9922496970766614,3.5214448138743437,-14.357388558032103,-22.50999968155498,-17.56872186613355,51.87880096435545,73.48975433349611,1.0,110.999999673762,0.0,1338.5,6080.3828125,243.920070809332,73.5502876281738,243.19620189694302,1.1660000027071225,32.2749369,-0.9017549247581401,7.433589268475771,1902.757596969604,1396.48129940033,1432.854771614076,1426.926422119142,-64.8499498,4.0,286.698883056641,3.18548822402954,68.4678955078125,-359.127014160156,52.0783603191376,31.8221002817154,-1.881799911037858,0.829731487094855,0.845173317508637,-0.44539996632751555,68.9995193481445,359.312713623047,2.0,7.0,4.0,0.0,0.0,26050904.0,7.0,-148.9302121349986,98.7905857398788,28.1480867385864,-62.82858169555665
2026-05-09 18:18:01+00:00,CAN,CAN,22.369999586589945,16.00999995602192,0.0,10.030000119739091,3.4599999625254023,-2.3399999712013324,-1.19301030594506,-2.61083031200556,4.992622994110754,2.10956189638902,-2.01423164413834,3.004441755499866,3.51050541214492,-15.76348545151678,-24.7100001981215,-17.2133624915434,51.6647289276123,73.25821334838867,1.0,110.999999673762,0.0,1358.859375,6100.7421875,244.15289829776,73.2522010803222,244.02020138256475,2.1920000171709124,32.2748564,-0.2969969010689842,7.406393531709909,1902.812099456784,1389.517998695374,1431.130385398864,1375.842666625976,-64.8501445,4.0,278.151000976562,3.18548822402954,68.4678955078125,-360.024993896484,52.0900011062622,31.849530339241,-2.6077999491698955,-2.00819258297329,-0.236242422929842,1.4437999966064816,69.9995040893555,360.312774658203,2.0,7.0,4.0,0.0,0.0,26050904.0,7.0,-148.4371407788156,98.6555631452714,27.9875421524048,-62.13717773437499
2026-05-09 18:18:02+00:00,CAN,CAN,22.38999974651758,17.379999982762023,0.0,12.57000011073552,7.689999935094356,2.84999999393111,-1.1934509598682248,-2.620035165850915,4.993344262087108,2.5240367290003385,-1.754179021679275,2.97924484614223,3.5392203385006185,-15.263379000488442,-19.540000520982737,-16.97169588455635,52.14953327178955,73.45966827392577,1.0,110.999999673762,0.0,1379.265625,6121.1484375,245.593986250362,73.3574089050293,245.23279491874942,2.3220000321721397,32.2747781,-0.4034107319047786,7.415458746254446,1902.802991867066,1186.210083961486,1335.162615776064,1218.672037124632,-64.8503408,4.0,268.31396484375,3.18548822402954,68.4678955078125,-361.024993896484,52.0570278167725,31.8377733230591,-2.643000012076472,1.10771826532367,0.67920014756415,1.7434000039973463,70.9994888305664,361.312835693359,2.0,7.0,4.0,0.0,0.0,26050904.0,7.0,-147.83362799582878,98.57241925250486,27.836602020263697,-61.60566467285156
2026-05-09 18:18:03+00:00,CAN,CAN,22.33999968820794,15.9399997377847,0.0,10.110000076430712,3.73000002980299,-2.2000000043023333,-1.19403835613685,-2.63771393657873,4.99298396960839,2.603121098833708,-2.48232841362141,2.9871022957634117,3.5241794508632855,-15.8870821641711,-24.539999863265017,-16.7385209102549,51.69633693695065,73.0242938232422,1.0,110.999999673762,0.0,1399.6171875,6141.5,247.995125592702,72.9918251037598,248.2425970067096,1.834200023891264,32.2747051,0.2985637179498795,7.342936936765912,1902.784848213194,1226.784205436706,1303.778576850892,1237.498545646668,-64.8505392,4.0,257.372619628906,3.18548822402954,68.4678955078125,-362.024993896484,52.097761631012,31.845611333847,-2.5460000133614797,-0.441702037044084,-1.1815173920886,3.279199967341038,71.9994735717774,362.312896728516,2.0,7.0,4.0,0.0,0.0,26050904.0,7.0,-147.6201982446442,98.5580895156262,28.037624359130852,-60.88483795166017
2026-05-09 18:18:04+00:00,CAN,CAN,22.33999968820794,18.170000152733202,0.0,14.01999992341246,10.090000087257792,6.390000041214167,-1.19477270819433,-2.626463974685485,4.9929837134762955,2.5369778457320797,-1.2377491122256998,2.9946881599877218,3.518983469829562,-14.86550579642848,-15.98000005763996,-17.6366498049766,51.1161506652832,72.77500305175782,1.0,110.999999673762,0.0,1419.875,6161.7578125,249.121287183054,72.7531677246094,248.8655976854364,0.4549999938073606,32.2746396,-0.422938354799636,7.4789154343307045,1902.7939081192021,1058.273017406465,1162.278366088866,1125.0609874725321,-64.8507402,4.0,248.925491333008,3.18548822402954,68.4678955078125,-363.024993896484,52.0589649677277,31.845611333847,-2.8966000267605803,0.867606540229015,-0.0628150419913189,-1.3974000136144984,72.9994583129883,363.312957763672,2.0,7.0,4.0,0.0,0.0,26050904.0,7.0,-147.86007722037078,98.63428710600681,28.5057861328125,-60.95641662597656
2026-05-09 18:18:05+00:00,CAN,CAN,22.3100001313354,17.88999962129368,0.0,14.05999973100352,9.989999799883828,5.959999847109948,-3.76775464749218,-2.6210575597923054,2.8308833870077086,2.5269125801503742,-1.534578301301315,3.2125221452151522,3.7363961604512483,-14.199078604204256,-16.34999994271604,-18.06098299112645,50.4183574676514,71.68509338378905,1.0,110.999999673762,0.0,1439.9609375,6181.84375,248.903294865503,71.729125213623,248.62300575857142,0.9039999759218122,32.2745744,-0.371917297934933,366.41285307705357,1902.812051773072,1064.0498161315913,1113.760328292848,1064.4451141357417,-64.8509393,4.0,239.124267578125,3.18548822402954,68.4678955078125,-364.024993896484,52.0725429058075,31.8397343158722,-1.911599962353602,1.20678130133312,0.609248231570936,0.6623999632791824,73.9994430541992,364.313018798828,2.0,7.0,4.0,0.0,0.0,26050904.0,7.0,-148.03310776865243,98.70131516742674,28.4730091094971,-60.482421112060536
2026-05-09 18:18:06+00:00,CAN,CAN,22.280000232953398,17.63999967125502,0.0,13.36999984840632,8.779999857281705,4.000000011703214,-4.37123483766989,-2.6308474620287496,-0.27785649370441756,2.736846384385626,-1.89812755295397,3.518952136336746,4.064566003370761,-15.76653752154736,-18.289999746261156,-18.46943257236145,48.5348596572876,69.87915115356442,1.0,110.999999673762,0.0,1459.6328125,6201.515625,250.102758046028,69.8209373474121,249.535999877003,1.8272000404873538,32.2745121,-0.2977269227265015,1435.2190017700218,1902.8301954269398,1195.823907852174,1258.127665519712,1196.566843986508,-64.8511352,4.0,230.954635620117,3.18548822402954,68.4678955078125,-365.024993896484,52.0841836929321,31.8260192871094,-2.444400010306528,-2.11416766370109,-0.171116382430786,0.6719999755845343,74.9994277954102,365.313079833984,2.0,7.0,4.0,0.0,0.0,26050904.0,7.0,-148.6131547537268,98.76449441724935,28.47468366622925,-59.82075302124023
2026-05-09 18:18:07+00:00,CAN,CAN,22.32000021129922,17.190000170996818,0.0,12.24000003325052,7.3200001353956665,2.7600001173582447,-4.346267721489145,-2.6304087290962848,0.7711224555841092,3.484913290966432,-1.8807907185714798,3.487794350135708,4.11789355908928,-14.772427393514102,-19.54999991792764,-18.3818217358777,46.46143741607665,67.9221551513672,1.0,110.999999673762,0.0,1478.7890625,6220.671875,249.764854927409,67.9161689758301,249.688198348316,0.3389999903036694,32.2744521,0.1152352511013073,1846.2062120437618,1903.057169914246,1168.3439970016461,1243.74942779541,1280.868005752564,-64.8513261,4.0,221.627670288086,3.18548822402954,68.4678955078125,-366.024993896484,52.0764231681824,31.8299382925034,-3.058999983240776,-0.387305316596618,-1.73825166086504,-0.3153999905131636,75.9994125366211,366.313140869141,2.0,7.0,4.0,0.0,0.0,26050904.0,7.0,-148.86918849287818,98.83161127112851,28.4682008743286,-58.56341857910154
2026-05-09 18:18:08+00:00,CAN,CAN,22.38999974651758,20.020000261132378,0.0,17.439999779525998,14.9100003807576,13.91000006833885,-3.6699408957706,-4.1515093596178705,2.421885657745412,4.5586650468919725,-4.196052545011815,3.936196055703636,3.67896639311722,-14.45046713170118,-8.490000056963288,-17.62381417197885,44.52757930755615,66.60563461303711,1.0,110.999999673762,0.0,1497.4453125,6239.328125,249.909381730246,66.7260612487793,251.5605990866266,-0.8947999672418977,32.2743931,0.940770277974235,1893.8718795776338,1903.1298160552979,939.831233024596,1063.08159828186,1206.911206245422,-64.8515119,4.0,213.917373657227,3.18548822402954,68.4678955078125,-367.024993896484,52.0744860172272,31.8612843751907,-4.366600042053848,-1.24314864356886,-0.660620592278688,6.018399664056723,76.999397277832,367.313201904297,2.0,7.0,4.0,0.0,0.0,26050904.0,7.0,-149.91665537568878,98.88892338845406,28.462072563171347,-58.073232650756836
2026-05-09 18:18:09+00:00,CAN,CAN,22.30999978982594,22.250000334571418,0.0,22.10999989809696,22.02999994140532,22.299999709862142,-3.52733177526432,-5.009146331618755,3.380056354894446,4.355202206565072,-5.4143628854988055,4.193315922999144,3.41615702093177,-14.138043350762098,-0.029999999767609142,-17.27796242071335,42.6159032821655,64.94534774780274,1.0,110.999999673762,0.0,1515.7890625,6257.671875,260.83033511872,64.9213096618652,261.7203961939938,-1.8687999479575481,32.2743504,0.9902898004592302,1891.1160230636601,1903.3567905426,813.0211353302002,873.5944032669067,1000.5885362625122,-64.8516995,4.0,206.232360839844,3.18548822402954,68.4678955078125,-368.024993896484,52.0764231681824,31.849530339241,-3.0863999701152,2.55120244038623,-0.836911456655566,12.68339969246846,77.999382019043,368.313262939453,2.0,7.0,4.0,0.0,0.0,26050904.0,7.0,-151.66342981063298,98.93998588268906,28.474890518188452,-57.243385848999026
2026-05-09 18:18:10+00:00,CAN,CAN,22.2500003345714,22.070000602770044,0.0,22.15999995640658,21.8899998464403,22.10000015964258,-3.51940053825576,-4.9441293340225805,1.810732198266356,2.2921754135197263,-5.5535832716814095,4.197109239309443,3.40986688628169,-15.122997951722443,-0.12999999365688703,-14.472938197938399,37.4384571075439,61.757829437255836,1.0,110.999999673762,0.0,1533.4140625,6275.296875,273.277863107448,61.6796012878418,274.48779560193185,-1.2767999824254759,32.2743416,1.3211880584922362,1890.889430046082,1903.093481063844,1092.8254246711724,1058.4765076637257,1225.256943702696,-64.8518858,4.0,203.311187744141,3.18548822402954,68.4678955078125,-369.024993896484,51.8979728221893,31.7123830318451,-1.733400028087192,0.101794764831916,0.0587735643645482,12.0983997957177,78.9993667602539,369.313323974609,2.0,7.0,4.0,0.0,0.0,26050904.0,7.0,-162.07423636999837,98.990884452384,28.60306062698365,-57.15417961120603
2026-05-09 18:18:11+00:00,CAN,CAN,22.179999774824758,22.08000068273386,0.0,22.1000008426615,22.13999979647892,22.270000152989617,-3.53232528387783,-4.957133160428635,2.236305746769488,2.64877459551026,-4.34788135368056,4.281099477891535,3.3918175991357478,-15.725338503492779,0.08999999930282697,-3.13543963979449,30.79433441162105,58.42938331604004,1.0,110.999999673762,0.0,1550.1015625,6291.984375,284.736762194952,58.4635734558105,285.7591978004916,-1.378399942791744,32.2743645,1.264008638935632,1890.8350229263299,1902.9300928115838,1234.5323085784921,1195.530581474306,1280.174612998962,-64.8520607,4.0,202.856460571289,3.18548822402954,68.4678955078125,-370.024993896484,51.6322374343872,31.6908299922943,-1.834000006070286,1.4320677273083,-1.02729086685607,9.583799912206704,79.9993515014648,370.313385009766,2.0,7.0,4.0,0.0,0.0,26050904.0,7.0,-175.2556791133468,99.0402018332861,28.70171871185305,-57.25702949523924
2026-05-09 18:18:12+00:00,CAN,CAN,22.1000008426615,22.13000005802458,0.0,22.1000008426615,21.94999964320428,22.15000055946166,-3.55861468199321,-4.905265344201795,1.9876638517812601,1.324468598350595,-0.32257366616128014,4.6484909137235615,4.0224507154390015,-12.842190662368585,0.04999999961268174,-1.0911547364212715,27.049901103973397,54.906074752807626,1.0,110.999999673762,0.0,1565.84375,6307.7265625,291.770026549367,54.8176128387451,291.061397155054,-2.2633999973011902,32.2744089,-0.3308292264316422,1891.0797834396362,1903.2206058502197,1543.7502861022938,1393.792057037356,1465.289521217344,-64.8522195,4.0,203.822708129883,3.18548822402954,68.4678955078125,-371.024993896484,51.6826689243317,31.4322113990784,-0.7321999715963866,-0.987858370508584,-1.48020145777155,0.1816000207780344,80.9993362426758,371.313446044922,2.0,7.0,4.0,0.0,0.0,26050904.0,7.0,-35.28022747082839,99.16185774768775,28.730745792388902,-54.84606468200684
2026-05-09 18:18:13+00:00,CAN,CAN,22.12000031957022,22.16000029791602,0.0,22.1000008426615,21.950000326223158,22.15999995640656,-3.6016469014767,-4.846677262161895,3.0135804632319783,1.871589567969312,7.4170321933110746,4.275680747313506,5.3857236888655295,-11.1072662641247,0.039999999690145255,4.236013794050591,24.6941602706909,52.16924583435059,1.0,110.999999673762,0.0,1580.6953125,6322.578125,288.554919903259,52.2858203887939,284.10980000650625,-2.14180000507334,32.2744576,-4.057939396526694,1891.9409751892101,1903.1298160553001,1512.382483482364,1419.235467910764,1513.451910018924,-64.8523669,4.0,208.287399291992,3.18548822402954,68.4678955078125,-372.024993896484,51.6031444072723,31.4753144979477,-2.686800008855694,-1.12059562650838,-0.789820450618649,-14.600399773134622,81.9993209838867,372.313507080078,2.0,7.0,4.0,0.0,0.0,26050904.0,7.0,169.069298110348,99.46402873166375,28.7444100379944,-50.93400695800782
2026-05-09 18:18:14+00:00,CAN,CAN,21.74999975147524,21.58000009963766,0.0,21.55999959820058,21.73999967151142,21.68000021625692,-3.6205929924606703,-4.735929800194955,4.3533619401592585,2.2803129544126604,10.27656730207825,4.222306063289712,5.654276396369308,-15.266812536584201,-0.0599999941991328,-8.393472621961536,21.5620757102966,49.25147964477536,1.0,110.999999673762,0.0,1594.8125,6336.6953125,267.48493378555,49.3053874969482,262.83639992701177,-3.080599944226752,32.2744779,-5.090131543098138,1891.931915283202,1903.0753612518304,1248.250102996824,1277.589416503908,1454.450058937074,-64.8525141,4.0,212.720352172852,3.18548822402954,68.4678955078125,-373.024993896484,51.6787886619568,31.4420074224472,-3.004600002445196,0.371754576682085,0.915601585835607,-25.5537990361092,82.9993057250976,373.313568115234,2.0,7.0,4.0,0.0,0.0,26050904.0,7.0,-34.58316022074201,99.65600144357066,28.754040241241448,-48.41523124694822
2026-05-09 18:18:15+00:00,CAN,CAN,19.940000645950278,18.329999724606978,0.0,16.96999960707598,14.989999825185018,12.769999660955044,-3.62808314865923,-4.74659556747076,3.7213078456878677,1.6231925139184837,13.321556134076449,4.13425134988727,5.757923577873242,-14.23684391540838,-7.159999965880354,-32.14990447515145,22.3566876411438,46.02857093811036,1.0,110.999999673762,0.0,1608.046875,6349.9296875,242.375409868156,45.9805366516113,234.65540277760337,-1.8563999956514838,32.274449,-7.521611695636719,1893.3007717132562,1903.2206058502202,1304.930043220522,1209.4434976577759,1453.3454895019538,-64.8526495,4.0,207.917846679688,3.18548822402954,68.4678955078125,-374.127014160156,51.5992641448975,31.4674764871597,-2.3273998943525878,1.08609815527964,1.56157227611826,-30.10399934418542,83.9992904663086,374.313629150391,2.0,7.0,4.0,0.0,0.0,26050904.0,7.0,-161.340163154989,99.84203530599436,28.7102554321289,-44.479118957519525
2026-05-09 18:18:16+00:00,CAN,CAN,19.87000008620354,14.13999985844986,0.0,8.739999878935919,2.540000033685083,-3.779999981390899,-3.621180388729285,-4.7480563741794946,3.3364540707473536,1.5171471249309139,13.31209760273645,4.051073818439044,5.840786066846004,-14.66065698265292,-23.65999965663842,-47.702782238894,32.5992739677429,44.10567100524902,1.0,110.999999673762,0.0,1620.484375,6362.3671875,212.13988362018,44.0601299285889,204.7191972756628,-0.05879999499550104,32.2743749,-8.101855134026883,1888.541436195374,1903.3113956451402,1312.067008018494,1250.86269378662,1426.69279575348,-64.8527475,4.0,199.949920654297,3.18548822402954,68.4678955078125,-375.127014160156,51.909613609314,31.7417711019516,-2.044399970716394,0.836932427470752,1.90460934911546,-28.879399701477638,84.9992752075195,375.313690185547,2.0,7.0,4.0,0.0,0.0,26050904.0,7.0,-132.54421948592318,100.0223147340424,28.6202284812927,-33.97208450317383
2026-05-09 18:18:17+00:00,CAN,CAN,19.780000049548082,9.280000098868442,0.0,-0.910000019631234,-11.510000001552765,-21.849999868094496,-3.61031249054274,-4.721465380523576,4.843077624403249,0.8061058947722943,10.815061550676186,3.9749401757044858,5.9118897021436725,-15.084469708388019,-41.630000942170966,-43.259815900787004,49.366948699951195,43.13953742980956,1.0,110.999999673762,0.0,8.453125,6374.484375,185.805597501575,43.2411540985107,178.83279944584422,2.623600033677816,32.2742725,-7.51496182346079,1748.6357450485218,1903.084421157838,1268.462657928466,1301.38018131256,1252.1312952041621,-64.8527909,5.0,188.327514648438,3.18548822402954,68.4678955078125,-376.127014160156,51.8843948841095,31.7535281181335,-0.8227999923456292,2.38278705092664,3.28684625739516,-22.01579929510194,0.800000071525574,376.313751220703,2.0,7.0,5.0,0.0,0.0,26050904.0,6.0,-94.03412806226544,100.1970036522545,28.925935077667248,-10.846639902591704
2026-05-09 18:18:18+00:00,CAN,CAN,19.83999984631208,9.799999988118612,0.0,-0.12999997231254468,-10.019999869020559,-19.88999990462168,-3.5890159607106398,-4.69604277610255,5.005234853035816,0.07960689531313063,6.163522579658135,3.893116985391304,5.990376771934122,-16.99601357781308,-39.74000017240704,-33.06443521539125,59.151465225219695,42.01032348632814,1.0,110.999999673762,0.0,20.265625,6386.296875,167.209027788003,41.9321605682373,162.9803975671836,3.855000004822312,32.2741662,-4.752359990998154,1005.1219820976263,1903.12979221344,1424.352598190308,1315.05079269409,1148.310065269468,-64.8527831,5.0,176.798812866211,3.18548822402954,68.4678955078125,-377.127014160156,51.950341463089,31.7711591720581,0.08279999807793943,-2.26880677504817,-0.791454626738427,-10.340799852448242,1.80000030994415,377.313812255859,2.0,7.0,5.0,0.0,0.0,26050904.0,6.0,-72.13721913797023,100.3662796455495,29.203217124938952,8.115348501205446
2026-05-09 18:18:19+00:00,CAN,CAN,19.140000054505823,10.679999853235776,0.0,2.369999976305028,-6.079999867524728,-14.610000372409342,-3.5884285644420197,-4.7183971314823605,4.997667771831724,6.0799630698805744,4.57746130060102,3.7944956278333977,6.090742474428684,-15.370571818567901,-33.74999940238676,-27.12384232627955,61.66709747314455,41.92319503784178,1.0,110.999999673762,0.0,31.921875,6397.953125,155.226977191212,41.9734107971191,153.46340322298502,1.816599992437974,32.2740663,-2.50637800060887,518.5296058654784,1903.275108337406,996.5938210487369,931.5743565559387,882.059383392334,-64.8527449,5.0,163.087615966797,3.18548822402954,68.4678955078125,-378.127014160156,51.915431022644,31.7809551954269,-1.374799995540156,1.33553175457004,-3.27619500427135,-8.372599563857962,2.79999947547913,378.313873291016,2.0,7.0,5.0,0.0,0.0,26050904.0,6.0,-62.97111620011583,100.5303066384675,29.0360326766968,17.367441387176502
2026-05-09 18:18:20+00:00,CAN,CAN,17.20000025096066,8.579999965552688,0.0,0.3699999971338446,-8.119999873066483,-16.53000035753632,-3.589015960710645,-4.73140031755818,4.998748820022608,4.116151348586735,2.026838359077185,3.7603577447201237,6.119183809019445,-11.941540915579,-33.73999932242296,-28.0273542638408,61.28709754943845,41.79349182128908,1.0,110.999999673762,0.0,43.53125,6409.5625,150.930788203274,41.7190635681152,147.3330024504236,1.264799980383998,32.2739727,-3.4822891749759983,113.25354930013427,1903.4294128417957,1209.026956558228,1080.9272050857544,1057.8116416931139,-64.8526891,5.0,155.05908203125,3.18548822402954,68.4678955078125,-379.127014160156,52.0240545272827,31.7966312170029,-0.11779999447176426,0.636641505650065,0.527518988375357,-4.995200024484598,3.79999852180481,379.313934326172,2.0,7.0,5.0,0.0,0.0,26050904.0,6.0,-63.79846794258212,100.478588446072,29.398948860168453,19.29487884521486
2026-05-09 18:18:21+00:00,CAN,CAN,16.85999992275712,7.769999891785966,0.0,-1.0600000291414484,-10.309999968159742,-18.8800000245033,-1.7907633024624352,-4.7287704812843145,4.9994694049800446,3.4119401048268854,0.45916365578105883,3.727032483363348,6.151453976904178,-12.092602843414358,-35.75000036873372,-25.6818749868212,63.4062950134277,41.91753227233884,1.0,110.999999673762,0.0,55.15625,6421.1875,146.945031313113,41.8936122894287,143.5701938630744,2.206599973408636,32.2738825,-3.59480215546602,7.47891524806619,1903.365874290464,1448.646426200868,1327.953553199768,1290.376734733582,-64.852626,5.0,143.577621459961,3.18548822402954,68.4678955078125,-380.127014160156,51.9581019878387,31.8064272403717,-0.47540001195210707,-1.33727558724251,0.311175334416568,-2.539599955354448,4.79999780654907,380.313995361328,2.0,7.0,5.0,0.0,0.0,26050904.0,6.0,-56.335739734666916,99.98474869360706,29.117156410217248,22.431729583740243
2026-05-09 18:18:22+00:00,CAN,CAN,16.819999602901838,5.8499998212816235,0.0,-4.809999957403892,-15.66999996932788,-26.129999941661758,0.44383525720030903,-5.79840627983864,4.9987486492678785,5.80927866033683,-0.5826244209904906,3.7690276453430775,6.1107057513348,-9.989559935701276,-42.97000004600068,-22.97546716971705,64.37556724548341,42.373842544555664,1.0,110.999999673762,0.0,66.8359375,6432.8671875,144.126499110594,42.2591411590576,142.3800033473676,0.9345999864636655,32.2737956,-1.8663543773808862,7.243219576776026,1903.3840417861943,1278.969144821168,1225.5126953125,1213.85645866394,-64.8525559,5.0,136.162536621094,3.18548822402954,68.4678955078125,-381.127014160156,52.0667254924774,31.8945914506912,-1.7290000629125502,-1.5989033153572,-1.42715458013924,-0.031199997970725018,5.79999685287476,381.314056396484,2.0,7.0,5.0,0.0,0.0,26050904.0,6.0,-53.747713439276296,99.60930685530991,29.1399839401245,25.670292434692396
2026-05-09 18:18:23+00:00,CAN,CAN,16.829999682865658,5.8899998850047925,0.0,-4.650000044020674,-15.449999576161781,-26.680000241558123,0.444422720169996,-6.0993826210400695,4.57858046978521,5.824735976070121,0.7318248741490335,3.7384117492753175,6.141881979046594,-7.740795966574373,-43.49999950295048,-22.70250378217935,65.72667961120605,43.59675407409668,1.0,110.999999673762,0.0,78.7734375,6444.8046875,144.344409465874,43.6708911895752,141.5569928731376,-0.75980000163819,32.273708,-2.803558079980928,7.406393531709912,1903.3749580383278,1124.336624145506,1119.317722320558,1182.991647720338,-64.8524827,5.0,127.774932861328,3.18548822402954,68.4678955078125,-382.127014160156,52.0046532154083,31.8279772996902,-1.9207999923778538,1.0795092638864,-2.01199080848205,-2.2425998728113616,6.79999589920044,382.314117431641,2.0,7.0,5.0,0.0,0.0,26050904.0,6.0,-53.78369419280502,99.2717281706766,29.2274265289307,26.506686401367176
2026-05-09 18:18:24+00:00,CAN,CAN,16.83999976282948,6.920000095805529,0.0,-2.8999999668633665,-12.800000242355981,-21.939999563240463,0.444863320732315,-6.087110051762025,2.998445703182242,3.4155348333870643,0.650918948892919,3.78989003127606,6.09292984251038,-5.7495241527414205,-38.75999984916125,-23.04131190086325,66.6384727478027,44.20677474975586,1.0,110.999999673762,0.0,91.0,6457.03125,142.709931537111,44.3265552520752,139.43239422991343,-1.9679999292598638,32.2736193,-3.05789455981229,7.4789154343307045,1903.3840656280522,1266.648745536804,1107.524108886718,1301.333022117614,-64.852406,5.0,116.927772521973,3.18548822402954,68.4678955078125,-383.127014160156,52.0996987819672,26.7985880374908,-1.5013999957334019,-0.606083506107693,-0.9545746452397,-1.4189999212396232,7.79999494552612,383.314178466797,2.0,7.0,5.0,0.0,0.0,26050904.0,6.0,-53.47553040085128,98.89837978535995,29.199399375915547,26.903116035461444
2026-05-09 18:18:25+00:00,CAN,CAN,16.83999976282948,6.830000144527473,0.0,-2.8799999350017798,-12.850000129910859,-22.539999921446416,0.4428072070085165,-6.100989849929141,3.00024746439661,5.104707849805862,-1.46785823872428,3.83757491158914,6.036320551650402,-4.314434984532065,-39.38999942273026,-21.20653525959565,66.6132179260254,44.41357246398926,1.0,110.999999673762,0.0,103.296875,6469.328125,140.598214630662,44.4818572998047,139.438199890708,-2.5510000106547057,32.2735325,-1.2440043168614718,7.433589268475771,1903.411269187928,1010.6310963630679,918.6564087867743,1122.0199465751643,-64.8523249,5.0,107.585807800293,3.18548822402954,68.4678955078125,-384.127014160156,52.0143508911133,18.822492659092,-2.340199967677964,-0.349537305333356,-0.0363179434261693,0.657599983806932,8.79999732971191,384.314239501953,2.0,7.0,5.0,0.0,0.0,26050904.0,6.0,-51.7430699933505,98.50786713465905,28.996078491210902,28.511938476562477
2026-05-09 18:18:26+00:00,CAN,CAN,16.8499998427933,6.550000039974746,0.0,-3.390000043108928,-13.579999820099138,-23.57000030300192,0.44368839479294053,-6.113408841387516,2.9991665869604556,5.587122915600757,-3.8698042904379246,3.850038043145026,6.019364692413208,-4.62456979832552,-40.430000225759024,-20.034758250872052,66.956217956543,44.47677337646484,1.0,110.999999673762,0.0,115.6484375,6481.6796875,141.598017721368,44.3672595977783,141.3687993048984,-1.329999989697334,32.2734461,-0.7501796174932264,7.433589268475774,1903.4566640853882,834.643113613129,775.0650286674502,983.5465908050526,-64.8522427,5.0,99.6111679077148,3.18548822402954,68.4678955078125,-385.127014160156,52.0764231681824,18.8812702894211,-2.281200025231114,-0.216825248996341,3.26889075728426,4.504799784531041,9.80000114440918,385.314300537109,2.0,7.0,5.0,0.0,0.0,26050904.0,6.0,-49.48284701585302,98.1894573759314,29.05359535217285,30.107131347656242
2026-05-09 18:18:27+00:00,CAN,CAN,16.819999602901838,5.8899998850047925,0.0,-4.71000001153938,-15.599999751090621,-26.270000036626783,0.44398211960767753,-6.106103740626775,2.999526879439174,6.349209639226664,-1.4121694119044914,3.851392725789534,6.028389933627734,-5.756772093356544,-43.09000032254756,-19.30284457092355,69.2956775665283,45.24622421264648,1.0,110.999999673762,0.0,128.1015625,6494.1328125,146.709963522638,45.382540512085,144.58859692492882,0.10559999995571615,32.2733544,-1.8715308283424499,7.433589175343516,1903.3839941024762,840.8413529396059,836.4861249923706,882.069742679596,-64.8521669,5.0,89.368278503418,3.18548822402954,68.4678955078125,-386.127014160156,52.0298719406128,18.7970221042633,-2.120199980054336,1.56748220401932,0.179534096994937,1.0552000096485588,10.8000049591064,386.314361572266,2.0,7.0,5.0,0.0,0.0,26050904.0,6.0,-46.58078774695492,98.00691032507905,29.558890914917,32.06595108032226
2026-05-09 18:18:28+00:00,CAN,CAN,16.80999952293802,6.359999972077448,0.0,-3.94000004418451,-14.250000055032922,-24.70000045966712,0.442954069415885,-7.15835286576201,2.999526879439174,4.506900665342372,-1.623364410569985,3.9161465903479318,6.030304179519992,-6.247342063510976,-41.48000042573266,-19.41746197538555,69.01790199279785,45.13189430236814,1.0,110.999999673762,0.0,140.671875,6506.703125,147.775951146402,45.1086273193359,145.8863957049716,0.48220001088557574,32.2732594,-1.510871632498868,7.4245239607989815,1903.447580337524,1127.687287330628,1112.2852921485883,1129.841232299806,-64.8520944,5.0,80.406867980957,3.18548822402954,68.4678955078125,-387.127014160156,52.0744860172272,18.8322886824608,-1.2254000128124374,-0.685184460494139,0.159629418309426,1.126599939086029,11.8000087738037,387.314422607422,2.0,7.0,5.0,0.0,0.0,26050904.0,6.0,-47.58135855092407,98.0067259099715,29.436625099182102,31.38425354003906
2026-05-09 18:18:29+00:00,CAN,CAN,16.83999976282948,7.000000052497137,0.0,-2.779999989137272,-12.70000012573674,-22.11999997806076,0.443247794230622,-7.294814922736985,2.9991665869604556,6.071336284826752,-1.457875276922072,4.252650886224782,6.330580042133358,-7.313549790120872,-38.95000000243588,-18.86123783636275,68.5626045227051,45.185684738159175,1.0,110.999999673762,0.0,153.1953125,6519.2265625,146.077337741333,45.1838768005371,146.0327994437928,-0.0335999957109775,32.2731644,-0.3527970037765962,7.4517197906971,1903.456616401672,1014.8784041404722,1078.27122211456,1113.343214988708,-64.8520226,5.0,69.8225250244141,3.18548822402954,68.4678955078125,-388.127014160156,52.0492672920227,18.8009411096573,-2.606799966786724,-1.43889791647831,-1.0200591906289,-0.10040000018275999,12.800012588501,388.314483642578,2.0,7.0,5.0,0.0,0.0,26050904.0,6.0,-47.471815977015424,98.02007892979884,29.2673583984375,30.8756977844238
2026-05-09 18:18:30+00:00,CAN,CAN,16.83999976282948,6.890000112046176,0.0,-2.839999956655976,-12.740000274837282,-22.94999978486828,0.44280719366830346,-7.3063570886606595,2.9988062944817377,7.75044377953175,-3.28402709681524,4.237749804022028,6.369413253414194,-8.160412736347611,-39.779999126224496,-18.1570316725561,68.34578247070314,45.3387565612793,1.0,110.999999673762,0.0,165.7890625,6531.8203125,146.307938588091,45.3219680786133,147.1122015590866,-0.7146000095122068,32.2730702,0.7499330903528713,7.39732822403312,1903.447556495666,874.5873332023617,944.5563912391665,978.0062675476072,-64.8519486,5.0,61.019832611084,3.18548822402954,68.4678955078125,-389.127014160156,52.0667254924774,18.8420847058296,-2.8603999387821464,0.476652701996421,-0.701186739945833,2.22099999720275,13.8000164031982,389.314544677734,2.0,7.0,5.0,0.0,0.0,26050904.0,6.0,-48.334214786150916,98.03714415744015,29.235013961792,30.23224296569824
2026-05-09 18:18:31+00:00,CAN,CAN,16.83999976282948,6.810000155354571,0.0,-2.79999997831017,-12.63000007825422,-22.47000004471862,0.442807193668303,-7.30431187389106,0.5725694847358813,6.498032545674707,-1.54718688387001,4.281912270402768,6.3311271402858775,-7.202923777455112,-39.28999998912995,-18.97792051927505,67.90207214355465,45.40162788391114,1.0,110.999999673762,0.0,178.390625,6544.421875,148.712889175987,45.5995376586914,148.0717994242628,-1.1578000084268942,32.2729744,-0.41736221304063176,567.6910555921493,1903.347706794738,1018.9396977424615,1020.7705378532413,1128.4594535827641,-64.8518771,5.0,51.3684272766113,3.18548822402954,68.4678955078125,-390.127014160156,52.0298719406128,18.8068181276321,-2.369199926365464,0.987883129944325,0.382419036616988,-0.5925999683021912,14.8000202178955,390.314605712891,2.0,7.0,5.0,0.0,0.0,26050904.0,6.0,-50.322901544137764,98.05918517789175,29.085706329345697,28.015593681335417
2026-05-09 18:18:32+00:00,CAN,CAN,16.819999602901838,6.780000171595214,0.0,-2.889999929588234,-12.760000093255439,-22.71000025630294,0.4494161620824445,-7.29817537580863,-0.5337050013272081,5.775847445670555,-1.1347789945675861,4.25183843522301,6.348629158524577,-7.681668299590045,-39.55000070215134,-20.3288627814382,67.62344856262204,45.20566406249998,1.0,110.999999673762,0.0,190.9921875,6557.0234375,147.407681006733,45.2455581665039,146.70619872236722,-0.8011999833348838,32.2728776,-0.7740202167003397,1456.250643730164,1903.3386468887318,1117.034506797792,1089.860343933106,1215.041804313662,-64.8518075,5.0,40.0543479919434,3.18548822402954,68.4678955078125,-391.127014160156,52.0628452301025,18.8322886824608,-2.7837997941272783,-2.00230816155991,-0.0373406708728862,-1.5963998802716626,15.8000240325928,391.314666748047,2.0,7.0,5.0,0.0,0.0,26050904.0,6.0,-51.74056741203856,98.02764677939919,29.0526512145996,26.161433830261217
2026-05-09 18:18:33+00:00,CAN,CAN,16.829999682865658,6.95000007956488,0.0,-2.78999998372372,-12.7399999333278,-22.659999514974402,0.502141473875027,-7.30299663558901,0.7938244035596462,7.736783059682264,-1.8524217412972401,4.425780386872152,6.1968502315811165,-6.925213835331097,-39.48999953934954,-20.8386663935407,66.13734169006344,44.23474525451657,1.0,110.999999673762,0.0,203.4296875,6569.4609375,146.797936359147,44.0677963256836,146.4854005631062,-1.364199915474265,32.2727837,-0.549419829866444,1871.1178302764881,1903.3386468887322,1107.545256614686,1120.2447175979619,1174.847197532654,-64.8517361,5.0,31.0852241516113,3.18548822402954,68.4678955078125,-392.127014160156,52.0124137401581,18.753919005394,-2.834400012621532,-1.31004810533331,-2.66028611096004,0.05479997374884542,16.80002784729,392.314727783203,2.0,7.0,5.0,0.0,0.0,26050904.0,6.0,-54.00112711786212,97.91638641291425,29.01912746429445,23.44478404998778
2026-05-09 18:18:34+00:00,CAN,CAN,16.78999970451984,7.339999953813839,0.0,-2.0500000001282013,-11.360000168133386,-20.569999536500358,1.6485934218167202,-7.2391493078882,3.0654706910170337,7.563517040628859,4.38780599717425,5.547461202373599,5.072048019628976,-6.587231571895218,-37.35999958252968,-22.90819578280795,65.7695571899414,43.455991058349625,1.0,110.999999673762,0.0,215.6484375,6581.6796875,147.730038614801,43.6647113800049,142.8144006465046,-0.06940000469176395,32.2726908,-3.9163986243283064,1893.6543226242059,1903.2024383544922,1067.707538604734,1112.483906745912,1198.66917133331,-64.8516668,5.0,20.4864559173584,3.18548822402954,68.4678955078125,-393.127014160156,52.0686626434326,18.8068181276321,-3.1779999785836983,0.277306160550194,3.87786636825777,-9.538199819071743,17.8000316619873,393.314788818359,2.0,7.0,5.0,0.0,0.0,26050904.0,7.0,-52.691754582270775,97.7253152859778,28.937332534790052,22.78707584381104
2026-05-09 18:18:35+00:00,CAN,CAN,16.79999978448366,6.9899999725333215,0.0,-2.6100000171345794,-12.590000099908414,-21.809999889748678,1.6246538222192402,-7.0933358681658305,0.41401564646394,6.459209408922897,12.0675201689706,6.391973624374843,4.224275719091612,-6.284344698716886,-38.600000618796926,-20.69941505806335,65.83542709350584,39.80202346801758,1.0,110.999999673762,0.0,227.3046875,6593.3359375,130.220111017043,39.9404628753662,125.2593965323002,2.6383999650478343,32.2726103,-4.916983088675821,1894.633388519286,1903.247833251952,1089.555835723878,1105.59618473053,1075.7923364639278,-64.8515889,5.0,13.2999687194824,3.18548822402954,68.4678955078125,-394.024993896484,52.0201742649078,18.7637150287628,-1.0084000203630947,3.31907727975822,0.590211640580464,-23.075599108987284,18.8000354766846,394.314849853516,2.0,7.0,5.0,0.0,0.0,26050904.0,7.0,-41.73942262173132,97.4915725522016,28.616487979888902,26.615268058776838
2026-05-09 18:18:36+00:00,CAN,CAN,12.08999994369903,4.38000006212045,0.0,-3.520000058110152,-10.960000213920598,-18.52999961633598,1.60717675551535,-7.12591757805409,2.3926975700349633,2.146947491763954,16.5688052235321,6.536653935713906,4.0629250504226615,-2.3288848841998524,-30.590000088539835,-21.1833160315122,60.9269760131836,34.426284027099584,1.0,110.999999673762,0.0,237.640625,6603.671875,104.382748481313,34.3124244689941,99.55300014183017,-2.372399998057662,32.2725668,-5.6536047326418055,1892.376112937924,1903.8742780685438,1481.248354911806,1251.0021686553941,1276.007342338562,-64.8514938,5.0,9.51232051849365,3.18548822402954,68.4678955078125,-395.024993896484,51.940643787384,29.1516453027725,2.206999987706244,2.63827198437826,-8.05610652696614,-24.918998181063102,19.8000392913818,395.314910888672,2.0,7.0,5.0,0.0,0.0,26050904.0,7.0,-40.8956914026164,97.26321883768054,28.42538423538205,25.8197092437744
2026-05-09 18:18:37+00:00,CAN,CAN,-6.570000029147645,-2.3600000244072574,0.0,1.0200000294513019,4.93999997240512,9.149999913112481,1.588818541047675,-7.146518282364495,6.5291554125336075,-2.2810655665539996,16.3849297008862,6.744734197363148,3.86875788411274,5.318820064954548,15.720000411835647,-14.73660996688395,58.162778091430695,29.78217636108398,1.0,110.999999673762,0.0,246.5234375,6612.5546875,84.8571910783496,29.7182064056396,78.89119842326186,-6.616199770203073,32.2725589,-5.904957743155026,1892.3307657241799,1904.5914888381958,1931.261539459228,1364.966225624084,1624.0118265151982,-64.8514005,5.0,9.55136966705322,3.18548822402954,68.4678955078125,-396.024993896484,51.6826689243317,29.0478050708771,1.7457999910654263,-2.77958838486241,-1.22428141992546,-18.263199108486422,20.8000431060791,396.314971923828,2.0,7.0,5.0,0.0,0.0,26050904.0,7.0,-9.623497825436484,97.04192070857209,28.2807415008545,26.4502939224243
2026-05-09 18:18:38+00:00,CAN,CAN,-17.70999988949226,-9.669999973117402,0.0,-1.459999988690306,6.140000091175528,13.4600002265712,1.6250949030292299,-7.147394894455781,7.7593899613066295,3.1585101831974542,12.8823549067639,6.74175418582827,3.85918622776461,8.964907592265938,31.1499997853811,13.50894280084255,54.5976064682007,27.08994060516356,1.0,110.999999673762,0.0,254.3671875,6620.3984375,54.893246812152,27.0549282073975,60.906998881992116,-8.478200179464508,32.2725802,2.7185421604289077,1892.1404361724883,1885.2900743484502,1242.810976505279,905.2997469902035,1255.529892444611,-64.8513225,5.0,9.10209274291992,3.18548822402954,68.4678955078125,-397.024993896484,64.5970344543457,33.2699835300446,-1.887599867557196,-4.77032919417608,-5.00116568246042,-15.075199519514399,21.8000469207764,397.315032958984,2.0,7.0,5.0,0.0,0.0,26050904.0,7.0,29.16899903926726,96.8274630139175,28.278951930999753,24.53527839660646
2026-05-09 18:18:39+00:00,CAN,CAN,-17.269999444669516,-7.639999962162102,0.0,1.3799999786378438,10.819999948200813,20.50999991049114,1.674442272730635,-7.147248685718855,5.423961734537566,4.955884943357816,5.438001529885986,6.730103505274156,3.8624679629060745,11.595141383142096,37.7900002888981,20.819085094963903,52.1698356628418,26.00276927948,1.0,110.999999673762,0.0,261.7109375,6627.7421875,49.0045684833742,26.0150310516357,51.83859975115796,-11.43060007697974,32.2726204,2.606699008053054,1892.1404123306304,1616.9317722320561,423.03686141967756,218.94875466823578,735.0999474525452,-64.8512609,5.0,12.4928760528564,3.18548822402954,68.4678955078125,-398.024993896484,84.8103940486908,33.2464724779129,-1.6571999190742723,3.00255948343066,1.03558314339528,-6.067399705298618,22.8000507354736,398.315093994141,2.0,7.0,5.0,0.0,0.0,26050904.0,7.0,40.56058251438698,96.60327912988475,28.36924924850465,20.32681159973144
2026-05-09 18:18:40+00:00,CAN,CAN,-17.2499996262513,-5.940000114069144,0.0,4.720000006125831,15.62999999098206,26.64000026321226,1.810001890961525,-7.14608008304055,4.047064582773612,5.001538610789102,3.870851337093345,6.730103505274156,3.86219449920718,12.7921936776441,43.87999980949982,26.672459883469102,49.73700256347655,25.845381889343265,1.0,110.999999673762,0.0,268.890625,6634.921875,44.5543006730445,25.849824142456,46.476999607422,-10.427200208656355,32.2726647,2.2752435880106736,1892.0860290527362,1070.6642866134641,542.7643060684202,190.71289002895338,736.4511489868162,-64.8512057,5.0,17.3598098754883,3.18548822402954,68.4678955078125,-399.024993896484,84.8821640014648,33.2425534725189,-1.24880000612115,-0.968238225230899,1.16070569896586,-4.115399899711986,23.8000545501709,399.315155029297,2.0,7.0,5.0,0.0,0.0,26050904.0,7.0,50.8877697998194,96.39878326613456,28.367162704467752,17.16326374053956
2026-05-09 18:18:41+00:00,CAN,CAN,-17.32000018599804,-7.419999910505446,0.0,1.9000000066262455,11.200000083995414,20.29000037109866,2.355762980588665,-7.14637207362757,4.447413303520878,4.998303491688726,-0.90046881481166,6.723600823674846,3.5977442594510016,12.844454699323716,37.61999961253214,30.75875288934445,49.091670799255354,26.48867225646972,1.0,110.999999673762,0.0,276.1171875,6642.1484375,40.3088599906397,26.4866861343384,44.18619992206716,-9.109399731893369,32.2727133,3.8472583269075584,1892.149448394776,542.399936914444,429.74358797073353,139.3258109688761,631.240451335907,-64.8511547,5.0,23.398645401001,3.18548822402954,68.4678955078125,-400.024993896484,84.8336756229401,33.2543104887009,-1.5705999932763621,0.201400427354417,0.948997368895561,-0.29379998950654596,24.8000583648682,400.315216064453,2.0,7.0,5.0,0.0,0.0,26050904.0,7.0,56.40067366008729,96.4624133084424,28.451271629333498,15.261639175415041
2026-05-09 18:18:42+00:00,CAN,CAN,-17.34000034592568,-8.179999840585188,0.0,0.2599999979859446,8.9500001921382,17.999999817876738,2.497197095114295,-7.146372073627569,0.9102174757789323,4.217164126127796,-2.023163824025425,6.749068635410438,3.444324550314172,14.05409503246606,35.34999921923784,33.28032383467705,49.262209510803245,27.877601966857902,1.0,110.999999673762,0.0,283.671875,6649.703125,40.5105930428706,27.8137470245361,44.663200526152266,-9.95120022728465,32.2727654,4.202051478815497,1891.968178749084,85.94839643919852,398.987168073654,107.75782465934749,566.2518978118896,-64.8511033,5.0,28.9090576171875,3.18548822402954,68.4678955078125,-401.024993896484,84.8647058010101,33.2503914833069,-1.074199987089821,0.472923205266182,-1.10577806471256,0.5641999937085087,25.8000621795654,401.315277099609,2.0,7.0,5.0,0.0,0.0,26050904.0,7.0,62.39408269450346,96.6290528487178,28.5408016204834,13.335064487457279
2026-05-09 18:18:43+00:00,CAN,CAN,-17.289999946106576,-6.649999985839256,0.0,3.0600000029765426,13.440000237398303,24.14000007980698,2.5032186539195997,-4.924551450540385,0.2313180966621014,2.998184192314392,-0.4376259082134675,6.733625406942309,3.45061451420952,17.5651438715368,41.43999873983954,34.21358039230005,48.9773477554321,28.977402763366694,1.0,110.999999673762,0.0,291.5703125,6657.6015625,42.3544265149776,28.9830940246582,44.78660087086796,-10.79079986497064,32.272819,2.906297358589434,1891.8684482574458,5.501735769212246,465.12081027030916,155.5626928806306,620.7481503486631,-64.8510481,5.0,35.774471282959,3.18548822402954,68.4678955078125,-402.024993896484,84.8511278629303,33.2660645246506,-1.446199964998262,-0.704615654991738,0.71836770727703,-0.9141999212946683,26.8000659942627,402.315338134766,2.0,7.0,5.0,0.0,0.0,26050904.0,7.0,65.65828337432808,96.9888808745724,28.522141170501698,11.706682434082019
2026-05-09 18:18:44+00:00,CAN,CAN,-17.48000009938126,-6.269999935422028,0.0,4.349999992983728,15.209999535332221,26.070000144897755,2.5079183576770996,0.7650742483688695,0.23924570513266463,2.989557279194524,-0.040979384117091094,6.7333547606964474,3.4519820888360906,17.3801311223941,43.549999902769585,32.2225221926334,50.02578334808345,30.10094398498534,1.0,110.999999673762,0.0,299.765625,6665.796875,42.2920327369095,30.1429378509521,43.554399227613956,-9.141200068140574,32.2728739,1.8119740974121938,1891.9681549072259,5.54712861776352,280.93057870864857,103.75549346208568,544.0037369728086,-64.8509905,5.0,41.6586532592773,3.18548822402954,68.4678955078125,-403.024993896484,84.8724663257599,33.2699835300446,-2.42119999213011,-0.540698265265719,2.4208642883324,-1.275199946579377,27.80006980896,403.315399169922,2.0,7.0,5.0,0.0,0.0,26050904.0,7.0,63.23520000022302,97.38305450666846,28.52975177764895,12.91878616333008
2026-05-09 18:18:45+00:00,CAN,CAN,-18.230000632516102,-8.139999862239383,0.0,1.43000001560312,11.219999902413601,21.119999836396723,2.50982760899353,0.766097069197079,0.6875211642587358,2.9881190974874157,0.5983829614063945,6.749339964675215,3.438034501041462,17.275226929950783,39.33000030898522,30.816526044439,51.75858135223385,31.636487960815437,1.0,110.999999673762,0.0,308.34375,6674.375,39.2436783291978,31.7362953186035,41.69600037710188,-8.014400025856203,32.2729324,2.3660487332145124,1891.868472099302,5.49265705049038,62.724218517541956,-63.1212033331395,337.9436373710632,-64.8509315,5.0,48.9667549133301,3.18548822402954,68.4678955078125,-404.127014160156,84.9558711051941,33.4306418895721,-2.9359999729877977,-0.370235233117728,-0.0514741898903338,-1.8461999618997198,28.8000736236572,404.315460205078,2.0,7.0,5.0,0.0,0.0,26050904.0,7.0,62.328022470888925,97.65235179016915,28.5518600463867,14.75453842163086
2026-05-09 18:18:46+00:00,CAN,CAN,-18.28000000780678,-7.940000312019817,0.0,1.619999976778714,11.369999906587719,21.349999968017197,2.51805201052787,0.7655129546209105,1.7826249026146983,2.987400006633862,0.34673499511026046,6.737960954895338,3.4454186612418463,17.7429084239323,39.62000057887912,30.5228518157905,52.537798690795896,32.27941406250002,1.0,110.999999673762,0.0,317.234375,6683.265625,37.810598773397,32.2193572998047,40.1852000987355,-7.286600083467482,32.272995,2.253480598946944,1891.9681549072259,5.5289714597165585,69.99721452593806,-105.86648881435391,289.111888408661,-64.850873,5.0,55.6377639770508,3.18548822402954,68.4678955078125,-405.024993896484,84.9306583404541,33.3973348140717,-2.3051999012480238,0.526388431985161,0.967832789470635,-1.1559999547598214,29.8000774383545,405.315521240234,2.0,7.0,5.0,0.0,0.0,26050904.0,7.0,62.71146792485564,97.8390276903747,28.583741855621348,14.96755439758302
2026-05-09 18:18:47+00:00,CAN,CAN,-18.31999964464314,-7.6300000529530125,0.0,2.130000042197176,12.450000004943359,23.129999858179122,2.519667563709985,0.7646365026121805,5.630802743739272,2.986680915780308,-1.2734746834837138,6.7097836071160035,3.481791040742092,17.241276108643397,41.41999994594978,30.48216437890475,53.43853340148925,33.42536155700684,1.0,110.999999673762,0.0,326.3515625,6692.3828125,36.266105171855,33.4487445831299,39.65779952876486,-6.871200101733081,32.2730604,3.1702765287362924,1892.203879356386,5.510814301669596,176.3679087162018,-33.41857455670832,328.54507565498363,-64.8508147,5.0,55.6377639770508,3.18548822402954,68.4678955078125,-405.024993896484,84.9306583404541,33.3973348140717,-1.6612000193616878,0.526388431985161,0.967832789470635,-0.003999988229625773,29.8000774383545,405.315521240234,2.0,7.0,5.0,0.0,0.0,26050904.0,7.0,63.19328722740014,97.99276841840255,28.6186131477356,15.0686317920685
2026-05-09 18:18:48+00:00,CAN,CAN,-18.31999964464314,-7.030000121633854,0.0,3.48000003707567,14.169999927586579,24.78000041635876,2.51702406705778,0.764197823040566,7.248053740131785,2.987040482551426,-2.55325128369382,6.667788018249451,3.520897843787872,16.39250557595884,43.08999963952862,30.48851474728555,54.511102867126496,34.64546264648436,1.0,110.999999673762,0.0,335.7890625,6701.8203125,36.3919889733529,34.5548755645752,39.78359863591707,-5.578999771620862,32.2731288,3.1714916620783233,1892.0678853988659,5.438185576349496,406.8655014038084,172.764840722084,475.2632498741148,-64.8507553,5.0,71.2117156982422,3.18548822402954,68.4678955078125,-407.127014160156,100.0,33.3640277385712,-1.0839999851996363,-0.554123962574732,1.59270427835518,0.290200010238444,31.800085067749,407.315643310547,2.0,7.0,5.0,0.0,0.0,26050904.0,7.0,63.61854026927646,98.14621544829606,28.65517015457155,15.08958606719968
2026-05-09 18:18:49+00:00,CAN,CAN,-18.289999746261138,-7.3599999429867395,0.0,2.799999978310172,13.26999990254176,23.849999809913058,2.5151148157413497,0.7646365026121805,7.754345525095118,2.98775957340498,-2.43662164146933,6.61793523589381,3.5753193396793312,14.238726657053059,42.16999979606568,30.1320044858203,55.790024757385254,35.8011151885986,1.0,110.999999673762,0.0,345.59375,6711.625,36.8263514385253,35.8431495666504,40.3285985543221,-4.468800077227386,32.2731998,3.731061569266056,1892.0134782791142,5.519892927259206,460.8340263366698,279.89253997802746,490.86837768554705,-64.8506936,5.0,80.2173385620117,3.18548822402954,68.4678955078125,-408.127014160156,100.0,43.1112855672836,-0.7693999885971378,0.677303916295826,0.000922903464934854,-0.24739998517022238,32.8000717163086,408.315704345703,2.0,7.0,5.0,0.0,0.0,26050904.0,7.0,63.76416263445682,98.3143405547159,28.69590711593625,15.42105697631834
2026-05-09 18:18:50+00:00,CAN,CAN,-18.329999724606957,-7.31000005543185,0.0,2.849999993931112,13.20999976426834,23.92000002815032,2.9852399379645,0.7637596237166275,6.604108200938036,2.987040482551426,-2.1671123553001204,6.652615179895092,3.714518125388686,12.40767178586422,42.249999752757276,30.0019747594962,56.274399948120106,36.22866668701172,1.0,110.999999673762,0.0,355.625,6721.65625,35.8125430449257,36.2451633453369,39.45919948430626,-2.835199955839388,32.2732726,3.422653598049512,1891.968178749084,5.465421266853808,644.1556572914124,464.23308849334717,575.6839990615847,-64.8506308,5.0,88.0660629272461,3.18548822402954,68.4678955078125,-409.127014160156,100.0,43.1054085493088,0.25839999682440007,1.09418979501199,2.88155819997224,-0.6161999660916626,33.8000564575195,409.315765380859,2.0,7.0,5.0,0.0,0.0,26050904.0,7.0,63.92773883488945,98.4871580010956,28.7383529663086,15.51992946624758
2026-05-09 18:18:51+00:00,CAN,CAN,-18.33999980457078,-7.610000234534837,0.0,2.379999960219304,12.370000048251724,22.61000013968366,3.669205796661175,0.7637595970362006,6.6091534055458325,2.986680915780308,-1.29396346340518,6.742566636830044,4.977425396320653,9.68321519387827,40.940000205800104,29.2483692525174,56.0894193649292,36.09539085388184,1.0,110.999999673762,0.0,365.6875,6731.71875,36.548895494061,36.0644828796387,38.72880091107042,0.09279999399841299,32.2733456,2.507200227318894,1892.1675920486462,5.4835785180330285,812.3077154159544,663.9643192291259,633.8634610176084,-64.8505679,5.0,98.4288787841797,3.18548822402954,68.4678955078125,-410.127014160156,100.0,43.1132435798645,0.3493999691722501,-0.447404924835927,3.52470225915557,-1.3759999317112785,34.8000411987305,410.315826416016,2.0,7.0,5.0,0.0,0.0,26050904.0,7.0,63.362539315033096,98.6335152946306,28.7779209136963,15.907861862182619
2026-05-09 18:18:52+00:00,CAN,CAN,-18.31999964464314,-10.419999993988045,0.0,-2.8999999561911958,4.390000040698644,11.30000002985994,4.40031543527828,0.764197823040566,6.654917551286938,2.988119140176098,-1.1064109777887006,6.699486926187478,5.717995914155276,6.893908602421351,29.610000448312938,29.09499906225205,56.67674331665035,36.263001022338855,1.0,110.999999673762,0.0,375.703125,6741.734375,33.3256336020836,36.2237640380859,37.32860051989623,1.9540000051407218,32.2734198,3.9583375226247504,1892.0044422149658,5.5380500853061685,785.13023853302,736.2188339233401,612.3488306999207,-64.8505073,5.0,107.839195251465,3.18548822402954,68.4678955078125,-411.127014160156,100.0,35.8816623687744,-0.7143999970273166,-0.86301137038233,0.403033668109997,-0.6013999954513914,35.8000259399414,411.315887451172,2.0,7.0,5.0,0.0,0.0,26050904.0,7.0,61.752199274797476,98.71541267787364,28.8023903846741,17.5848091506958
2026-05-09 18:18:53+00:00,CAN,CAN,-18.25000045093426,-11.0400001706122,0.0,-4.52000007170813,2.579999958670034,9.840000051841773,4.6962528044195295,0.765367039368681,5.123790544573228,2.987040482551426,-2.080952667210725,6.680251405937429,4.1676660867221695,9.539401121280696,28.090000246643978,29.5006217989443,57.38438129425045,36.54098190307616,1.0,110.999999673762,0.0,385.8359375,6751.8671875,32.2275031080856,36.5459003448486,37.5132007256131,-0.11219999507543277,32.2734969,5.16585861882235,1892.031645774842,5.783172231167554,957.6668381690977,869.6198344230654,805.3856015205382,-64.8504497,5.0,115.147789001465,3.18548822402954,68.4678955078125,-412.127014160156,100.0,29.8060357570648,0.3949999849339938,2.91671254330006,-1.96540678390844,-0.20359996971470168,36.8000106811523,412.315948486328,2.0,7.0,5.0,0.0,0.0,26050904.0,7.0,61.78040795606968,98.7187526403778,28.3440527915955,18.424756851196282
2026-05-09 18:18:54+00:00,CAN,CAN,-18.26000053089806,-9.1000000255576,0.0,-0.5100000173936944,8.550000067170698,17.50000008855416,4.701980771812234,0.7644901337927015,3.2690684702687234,2.987040482551426,-0.8253421967588356,6.716556508074355,3.883799155948212,12.8036378303532,35.77999992560625,29.07739766476095,56.29814586639405,36.94252601623536,1.0,110.999999673762,0.0,396.0,6762.03125,31.2605020008682,36.870817565918,36.04559797865244,-1.0097999903634522,32.2735747,4.668664389701379,1892.1404123306281,5.71962194517255,1301.954293251038,1076.113724708556,1052.8294563293439,-64.8503923,5.0,123.476028442383,3.18548822402954,68.4678955078125,-413.127014160156,100.0,29.7648906707764,0.800799982710992,-1.7039406324563,0.27189344907637,-1.6787999120767623,37.7999954223633,413.316009521484,2.0,7.0,5.0,0.0,0.0,26050904.0,8.0,62.804176814535865,98.73727269831225,27.52764329910275,17.95280376434324
2026-05-09 18:18:55+00:00,CAN,CAN,-18.329999724606957,-8.790000108000253,0.0,0.01999999984507266,9.029999978075079,18.210000131079,4.732088032230235,0.7634677665317411,5.490986807749723,2.986680915780308,-2.0961885780931997,6.731999565787753,3.866296710822688,10.53160391898823,36.53999917266704,28.3138226429149,57.3440700531006,38.097465820312514,1.0,110.999999673762,0.0,406.4375,6772.46875,31.689297861867,38.1236675262451,35.6797996844443,0.3816000052215368,32.2736553,4.120223507369898,1892.0497655868542,5.592521652579306,1060.7692003250113,982.1972727775574,957.8567743301389,-64.8503351,5.0,134.590347290039,3.18548822402954,68.4678955078125,-414.127014160156,100.0,25.4996091127396,-0.7047999900580492,-0.868850648514162,1.95214554474804,0.2529999825655217,38.7999801635742,414.316070556641,2.0,7.0,5.0,0.0,0.0,26050904.0,8.0,62.056400874013676,98.72811682972986,27.42928218841555,18.50151351928708
2026-05-09 18:18:56+00:00,CAN,CAN,-18.31999964464314,-8.780000198791168,0.0,-0.03999999969014534,8.910000043037666,18.14000059586066,4.7265071273481,0.763905538968857,4.9749654610023875,2.98632134900919,-2.125083906820355,6.736877089251419,4.227010185325828,8.141314673654609,36.4799993759031,27.24186970268465,58.14742813110355,38.567798767089855,1.0,110.999999673762,0.0,417.09375,6783.125,31.4963552630979,38.5070491790771,35.6112006795153,2.410199951127466,32.273737,3.978619257100912,1892.031621932984,5.5471287108957785,1031.420528888703,1015.701806545259,900.6885409355164,-64.8502758,5.0,144.969909667969,3.18548822402954,68.4678955078125,-415.127014160156,100.0,25.4917711019516,-0.5568000040111161,0.236405146850733,2.07503729650267,-0.12779999506131118,39.7999649047852,415.316131591797,2.0,7.0,5.0,0.0,0.0,26050904.0,8.0,60.429414296733,98.68530520401225,27.4574432373047,20.08084316253662
2026-05-09 18:18:57+00:00,CAN,CAN,-18.319999986152602,-10.509999859888758,0.0,-3.2000000819333323,4.11999998942931,11.399999804969728,4.722688838158655,0.7640519077883361,3.733199759985728,2.987040482551426,-2.042601581907925,6.737148247761472,4.268851753426601,6.627642556874326,29.73999943878574,26.5672467957206,59.462357711791995,39.529018707275384,1.0,110.999999673762,0.0,427.9140625,6793.9453125,30.7969917034128,39.5280532836914,35.798198281630846,2.8557999771308724,32.2738206,4.805353550466262,1892.1494722366358,5.5925216525793084,972.7404475212095,980.935001373291,822.7045774459839,-64.8502163,5.0,153.869995117188,3.18548822402954,68.4678955078125,-416.127014160156,100.0,25.4780560731888,-1.2308000030589343,-0.923313616460492,-1.09427229089056,0.47459998735895104,40.7999496459961,416.316192626953,2.0,7.0,5.0,0.0,0.0,26050904.0,8.0,58.83214177441748,98.5857586119539,27.353625011444052,22.27235160827636
2026-05-09 18:18:58+00:00,CAN,CAN,-18.31999964464314,-10.6200002272265,0.0,-3.520000058110154,3.6200000466633475,11.1599999348949,4.7291506240003045,0.763613681783971,3.5382498113082397,2.9866809157803056,-2.1939058533927547,6.733896650829723,4.26830499678354,10.754381979335053,29.439999771946958,26.113813588611897,60.175555801391596,40.53476211547852,1.0,110.999999673762,0.0,439.0390625,6805.0703125,31.5747521743913,40.5181755065918,36.1466000840229,1.568199992868066,32.2739066,4.425792083571109,1892.1132326126121,5.574364494532346,892.4949049949646,877.1364569664001,786.1236691474915,-64.8501553,5.0,163.600677490234,3.18548822402954,68.4678955078125,-417.127014160156,100.0,25.4976481199265,-1.2868000410449478,-0.0200152840608672,-1.01422535530407,0.6061999661691262,41.799934387207,417.316253662109,2.0,7.0,5.0,0.0,0.0,26050904.0,9.0,59.08095600361624,98.46353920694565,27.013313198089598,22.906012115478518
2026-05-09 18:18:59+00:00,CAN,CAN,-18.319999986152602,-10.6000000672989,0.0,-3.5700001164197723,3.6000001001791255,11.07999997820328,2.656108383065515,0.7630290869601265,5.16198735297815,2.987040482551426,-2.11562729647106,6.746088794630289,4.26830499678354,12.10631103307856,29.3999994520917,24.7091817707042,60.3586772918701,41.35290710449219,1.0,110.999999673762,0.0,450.421875,6816.453125,34.8487418813344,41.3742027282715,37.77519926896666,1.1001999986278022,32.2739926,3.2181449703833183,1892.076945304872,5.583443120121954,821.3538765907288,848.8991379737854,731.8395733833313,-64.8500896,5.0,174.77961730957,3.18548822402954,68.4678955078125,-418.127014160156,100.0,25.460422039032,-1.50559998577575,0.566036239374057,-0.390179332133312,1.9333998984718725,42.799919128418,418.316314697266,2.0,7.0,5.0,0.0,0.0,26050904.0,9.0,58.737758122352716,98.36852444540159,26.6508836746216,23.15805221557618
2026-05-09 18:19:00+00:00,CAN,CAN,-18.31999964464314,-10.5699999981622,0.0,-3.55000008455819,3.550000041869506,11.0999999673762,1.09754464519408,0.7630290869601265,3.50077388668153,2.986680915780308,-1.9905910787604602,6.739857527673119,4.2855338928328015,12.427126896696079,29.420000978057136,23.832138523724048,60.8467414855957,41.684413375854476,1.0,110.999999673762,0.0,461.9609375,6827.9921875,36.0883221779487,41.6705348968506,39.36619962856736,1.16720001358344,32.2740773,3.0076876321481842,1892.185735702516,5.601600278168917,944.2016959190369,865.0491118431091,830.9713125228882,-64.8500188,5.0,184.044235229492,3.18548822402954,68.4678955078125,-419.127014160156,100.0,25.4760980606079,-1.1225999988811695,-0.99786491780777,-0.239271958672287,1.88879991578611,43.7999038696289,419.316375732422,2.0,7.0,5.0,0.0,0.0,26050904.0,9.0,57.150482947925376,98.31141723375114,26.4465594291687,24.56959968566894
2026-05-09 18:19:01+00:00,CAN,CAN,-18.33999980457078,-10.609999976508,0.0,-3.5400000899717354,3.61000013745426,11.039999999857502,-0.7980819012601637,0.762737256455667,6.069708906879631,2.987040439862744,0.32256891704536805,6.7149313499387135,4.300575079290912,12.53851601224686,29.360000498274257,22.21630359630115,61.4215461730957,41.95683448791502,1.0,110.999999673762,0.0,473.5859375,6839.6171875,39.495920630341,42.0149803161621,40.60679967242478,1.119599955682118,32.27416,1.636666406749828,1892.10412502289,5.619757436215878,830.2792310714719,829.2165875434875,798.5397577285764,-64.8499435,5.0,193.462219238281,3.18548822402954,68.4678955078125,-420.127014160156,100.0,25.4388719797134,-1.843799982835764,0.489450075262644,0.0820617079895149,-0.40039990447735774,44.7998886108398,420.316436767578,2.0,7.0,5.0,0.0,0.0,26050904.0,9.0,55.086936633616304,98.25085394638066,26.4715292930603,26.42650508880614
2026-05-09 18:19:02+00:00,CAN,CAN,-18.30999956467932,-10.620000056471799,0.0,-3.56000012183332,3.580000111006222,11.0700000689942,-1.526400590513255,0.7625904073885119,5.577110712051161,2.987400006633862,1.042839045449657,6.700571304095584,4.31096695598099,13.822924718686,29.389999372127864,21.742952703799048,62.31069030761715,42.62698196411134,1.0,110.999999673762,0.0,485.2890625,6851.3203125,36.5953715162684,42.5932250976562,39.05219943996788,0.7520000069813371,32.2742429,2.168910669403388,1892.221999168396,5.574364494532347,888.3970737457275,931.552970409393,870.2873587608337,-64.8498669,5.0,201.750228881836,3.18548822402954,68.4678955078125,-421.024993896484,100.0,23.0192005634308,-1.6347999508374162,0.192017588384244,-0.422013589874699,-1.651799950172118,45.7998733520508,421.316497802734,2.0,7.0,5.0,0.0,0.0,26050904.0,9.0,54.105555246120254,98.15154641094325,26.6983368873596,27.467314796447738
2026-05-09 18:19:03+00:00,CAN,CAN,-18.3499998845346,-10.58999998733508,0.0,-3.5400000899717354,3.600000057490442,11.13000003651292,-1.5139169790620248,0.761276236303519,5.378557795897811,2.987040439862744,0.013656613064843497,6.71059614349514,4.3126080796838115,14.921175936277578,29.480000091802218,21.677556203817147,63.85971450805665,43.9219150543213,1.0,110.999999673762,0.0,497.296875,6863.328125,35.2708509871357,43.8792434692383,37.79300010798158,0.5537999981646614,32.2743307,2.407284933111406,1891.968178749084,5.519892927259206,932.5423240661623,928.4512519836424,937.7197742462158,-64.8497925,5.0,212.65705871582,3.18548822402954,68.4678955078125,-422.024993896484,69.5412695407867,21.073667705059,-2.2905999876989798,-1.56209638641536,-0.111144400011378,-0.7639999583300048,46.7998580932617,422.316558837891,2.0,7.0,5.0,0.0,0.0,26050904.0,9.0,53.738672317871966,97.9813141911644,26.8629258155823,28.054199638366697
2026-05-09 18:19:04+00:00,CAN,CAN,-18.29000042928006,-9.559999947289088,0.0,-1.6200000087952255,6.640000162007537,15.1400000001139,-1.5014334209716549,0.762006292812344,5.04090978484444,2.986680915780308,-0.516431803763854,6.664536677449796,4.364021048000618,13.23507970663646,33.43999965558412,21.16908874747105,65.41567039489745,45.138013000488286,1.0,110.999999673762,0.0,509.703125,6875.734375,34.6922007757468,45.1703876495361,37.1382001175362,1.2563999896271354,32.2744219,2.29705635207798,1891.89565181732,5.4835785180330285,949.5241999626162,1011.0410094261173,1008.3170413970936,-64.849717,5.0,222.410537719727,3.18548822402954,68.4678955078125,-423.024993896484,54.6270966529846,21.1108937859535,-2.17300001038118,1.03605634743872,1.21988107055268,-0.7428000089735958,47.7998428344727,423.316619873047,2.0,7.0,5.0,0.0,0.0,26050904.0,9.0,53.46395323020814,97.7735671573693,27.0952875137329,28.45503101348878
2026-05-09 18:19:05+00:00,CAN,CAN,-18.370000044462238,-11.059999989030379,0.0,-4.250000004430538,2.3700000403380495,8.91999995224675,-2.0731901572190052,0.761860377560114,5.091718793683884,2.98632139169787,-0.016813257693926997,6.5867775350701425,4.435397890865081,11.37388884554642,27.28000025825462,20.732312664200748,66.2169204711914,45.716790618896475,1.0,110.999999673762,0.0,522.3125,6888.34375,35.5529514602356,45.6289947509766,37.07239944111012,2.534599872683858,32.2745151,1.7999026985495497,1891.868472099302,5.456342734396459,915.5561089515686,1001.1848330497751,925.4968643188474,-64.8496406,5.0,233.24919128418,3.18548822402954,68.4678955078125,-424.024993896484,53.0714750289917,21.0952192544937,-2.636799993234758,-0.649216737685705,0.862633148657041,-0.44939993237903686,48.7998275756836,424.316680908203,2.0,7.0,5.0,0.0,0.0,26050904.0,9.0,52.83693230213614,97.54490608433565,27.3203647613525,28.93412933349608
2026-05-09 18:19:06+00:00,CAN,CAN,-18.3499998845346,-10.0999996549574,0.0,-2.44999995434098,5.40000006489133,12.9500002465301,-2.0731901572190052,0.761860377560114,5.82178772491488,2.98632134900919,-0.016813257693926997,6.57079309948765,4.44606340200879,12.9661442524071,31.3000009848383,20.732312664200748,66.2169204711914,47.2393432617187,1.0,110.999999673762,0.0,522.3125,6888.34375,35.5529514602356,45.6289947509766,33.8199992791145,1.8909999837508,32.2746498,1.03243303880573,1891.89565181732,5.53805008530617,927.21039056778,989.725947380066,923.895359039306,-64.8495334,5.0,233.24919128418,3.18548822402954,68.4678955078125,-424.024993896484,53.0714750289917,21.0952192544937,-2.82000026630385,-0.649216737685705,0.862633148657041,-1.13999998049697,48.7998275756836,424.316680908203,2.0,7.0,5.0,0.0,0.0,26050904.0,9.0,52.7330594682575,97.54490608433565,27.3203647613525,28.93412933349608
2026-05-09 18:19:07+00:00,CAN,CAN,-18.33000006611642,-10.059999847366342,0.0,-2.40999997599517,5.2600001406810115,13.279999811750878,-3.90081687108607,0.761859897312438,5.552246518283473,2.9859618249267523,-0.11505508268384346,6.523649084779474,4.5023995706793345,12.896334937957118,31.59999996865824,19.817731551315852,68.21608200073246,47.81827743530273,1.0,110.999999673762,0.0,548.3046875,6914.3359375,31.82135273928,47.8225765228271,33.83360023480877,1.5173999486519079,32.2747102,1.66260232123132,1891.850328445432,5.438185576349496,910.814154148102,1006.5880298614509,943.3112025260925,-64.8494887,5.0,256.619018554688,3.18548822402954,68.4678955078125,-426.024993896484,53.0598402023315,21.1069747805595,-3.054799929165406,-0.667023414377899,-0.564040703558502,0.3846000174045926,50.7997970581055,426.316802978516,2.0,7.0,5.0,0.0,0.0,26050904.0,8.0,52.806530447121474,96.97016615624655,27.507561492919898,29.632910156249995
2026-05-09 18:19:08+00:00,CAN,CAN,-18.2999994847155,-10.019999869020547,0.0,-2.4199999705816237,5.330000017408804,13.179999865886382,-4.561723477536255,0.76098395223181,5.263966260777306,2.98632139169787,-0.5447997938623119,6.492761944824302,4.52947324526616,14.013659458805918,31.479999692111342,20.00121946072635,69.3320491790771,48.62444801330566,1.0,110.999999673762,0.0,561.71875,6927.75,32.6957228209738,48.6668209075928,34.482999594677416,1.489999983121828,32.2748123,1.811011510314728,1891.77780151367,5.465421359986066,915.8778071403506,1094.228959083558,928.7516951560971,-64.849413,5.0,270.054748535156,3.18548822402954,68.4678955078125,-427.024993896484,53.0792355537415,21.0893422365189,-3.174799949580182,0.275732388915888,1.04151740384526,0.45000000185021954,51.7997817993164,427.316864013672,2.0,7.0,5.0,0.0,0.0,26050904.0,8.0,52.98226779937132,96.65612430349314,27.699846267700153,29.6808405303955
2026-05-09 18:19:09+00:00,CAN,CAN,-18.33999980457078,-9.989999970638564,0.0,-2.39999998140872,5.400000064891328,13.339999779269581,-4.9632604804443705,0.7617139820602085,5.648099429416045,2.98632134900919,-0.6099452843922475,6.4006434396204295,4.537130826476752,12.898623563593258,31.65999976542222,19.7646959861843,70.10881004333496,49.46592933654784,1.0,110.999999673762,0.0,575.328125,6941.359375,33.3219589603101,49.5166751861572,34.95899957604912,1.7250000053138141,32.2749152,1.7475939082344176,1892.031621932984,5.610678903758527,772.4192261695862,984.7786307334902,867.6011681556704,-64.8493347,5.0,281.657165527344,3.18548822402954,68.4678955078125,-428.024993896484,53.0928134918213,21.0677906870842,-3.714999995234632,-0.0176527789898767,0.187582434395166,0.7495999638843582,52.7997665405273,428.316925048828,2.0,7.0,5.0,0.0,0.0,26050904.0,8.0,53.00101803468082,96.37376769829939,27.95093879699705,29.878378143310538
2026-05-09 18:19:10+00:00,CAN,CAN,-18.2999994847155,-9.870000035601151,0.0,-2.1999999616136536,5.650000100307333,13.92000014830264,-4.964728757672515,0.761568066807979,5.086313638106829,2.9866809584689884,-0.7601985871989645,5.9053699450714365,4.100938126738909,12.18298622443692,32.22000082830128,19.73629520584175,71.04251060485835,50.12944793701173,1.0,110.999999673762,0.0,589.1875,6955.21875,34.0847169207767,50.1388652801514,35.90180064001832,1.616800011808222,32.2750191,1.8325126043124698,1891.859388351438,5.583443026989698,719.046950340271,900.696051120758,775.1258850097654,-64.8492537,5.0,295.595367431641,3.18548822402954,68.4678955078125,-429.127014160156,53.0947506427765,21.0991382598877,-3.0262000061198555,1.51733591562844,-0.412205731711251,0.9457999332294953,53.7997512817383,429.316986083984,2.0,7.0,5.0,0.0,0.0,26050904.0,8.0,52.84564215936572,96.11781660443694,28.03912897109985,30.394657974243138
2026-05-09 18:19:11+00:00,CAN,CAN,-18.329999724606957,-9.290000008077534,0.0,-1.00000000826189,7.449999808887436,16.129999891059338,-4.96164471381884,0.761422151555749,4.5717340162272375,2.98632134900919,-1.1437110677329652,5.869335403803012,4.134302320173952,11.769854719280639,34.460000298685245,19.6122845837237,71.15043754577636,50.19213592529299,1.0,110.999999673762,0.0,603.1171875,6969.1484375,34.97513794702,50.1313430786133,36.75039836891688,2.45959999866284,32.2751227,1.709224573519932,1891.886591911314,5.538050085306168,790.3788566589354,939.525043964386,733.068561553955,-64.8491704,5.0,307.511840820312,3.18548822402954,68.4678955078125,-430.024993896484,53.0869960784912,13.6598750948906,-2.817399970598146,-0.924075075831243,1.68278284084172,0.83259997444719,54.7997360229492,430.317047119141,2.0,7.0,5.0,0.0,0.0,26050904.0,8.0,52.65641723256184,95.8931443618785,27.9307557106018,30.640299911499017
2026-05-09 18:19:12+00:00,CAN,CAN,-18.27000026935242,-9.95000016304749,0.0,-2.360000003062912,5.379999904963695,13.37999992837014,-4.971778793556441,0.7617139820602086,4.181835399532726,2.9859618249267523,-1.0396900614380196,5.853620248428553,4.150984288825427,10.7520933536989,31.659999765422196,19.198096789812247,71.52201919555665,50.4883486175537,1.0,110.999999673762,0.0,617.1015625,6983.1328125,35.8849532954116,50.4334087371826,37.683599602007654,2.8355999914813377,32.2752252,1.616407275930948,1891.9500350952142,5.547128710895776,708.7732791900634,869.9099898338318,696.7495918273927,-64.8490842,5.0,323.143768310547,3.18548822402954,68.4678955078125,-431.127014160156,53.0908763408661,13.5932594537735,-2.80419994700818,0.238700330535695,-0.0312039993676809,1.4055999865503872,55.7997207641602,431.317108154297,2.0,7.0,5.0,0.0,0.0,26050904.0,8.0,52.09171563349596,95.69339889469609,28.03079051971435,31.374564971923803
2026-05-09 18:19:13+00:00,CAN,CAN,-18.339999804570777,-11.94999993411132,0.0,-6.1300000112117115,-0.3199999975211626,5.360000001168158,-4.968694749702765,0.761859897312438,4.1897631147249985,2.985962038370162,-1.285032270693875,5.860123271537324,4.139224495999321,11.85492250558166,23.6999996349842,19.06575931332235,72.06977348327635,50.68684066772458,1.0,110.999999673762,0.0,631.1640625,6997.1953125,37.6276658168566,50.780082321167,39.70239998102614,1.9654000177522999,32.2753266,1.8864107796474638,1891.995358467102,9.668868128210303,606.720507144928,780.8435559272766,635.4565620422363,-64.8489953,5.0,337.368255615234,3.18548822402954,68.4678955078125,-432.127014160156,53.1025111675262,13.5854229331017,-3.2733999201082518,-0.568100557328987,-2.06791490330223,2.050800007379082,56.7997055053711,432.317169189453,2.0,7.0,5.0,0.0,0.0,26050904.0,8.0,51.12796501330448,95.51484750450825,27.9544921875,32.60482498168945
2026-05-09 18:19:14+00:00,CAN,CAN,-18.36000030600788,-13.05000002163986,0.0,-8.290000122545608,-3.5399999619056914,1.270000038186884,-4.98617192312836,0.7596688206514655,5.175680516226192,2.98632134900919,0.1381683336121711,5.82815243669296,4.17559696087693,13.1538267517416,19.619999794655442,18.4585606187501,71.9286849975586,50.391719055175784,1.0,110.999999673762,0.0,645.21875,7011.25,38.9504241571833,50.4146118164062,40.573198556802915,0.2510000177991778,32.2754254,1.7085462290136442,1891.99538230896,6.373288109898566,598.7246334552766,690.1141166687012,674.7475743293762,-64.8489024,5.0,346.492828369141,3.18548822402954,68.4678955078125,-433.127014160156,53.0889332294464,13.5305643081665,-2.406799946991654,2.84373389300918,-2.74128916630862,-0.9049999476328148,57.799690246582,433.317230224609,2.0,7.0,5.0,0.0,0.0,26050904.0,8.0,50.41458453940468,95.3718062678152,27.796579170227048,33.48934936523434
2026-05-09 18:19:15+00:00,CAN,CAN,-18.26000018938862,-10.380000186396979,0.0,-3.7699999868044523,3.9000001405438987,11.760000293100864,-4.966491373365205,0.759961131403601,3.0708761454148643,2.98632134900919,0.40925408613876046,5.848472590983208,4.1586414431492,14.79414671205584,30.03000005018914,18.98829472285065,71.36587600708009,50.1780432128906,1.0,110.999999673762,0.0,659.1796875,7025.2109375,36.5301568700731,50.1628257751465,39.15539881719434,-2.774799952678732,32.2755249,2.3601754962359,1891.7778253555298,5.737779289484024,984.7364068031322,859.652578830719,1084.9370360374442,-64.8488121,5.0,360.897644042969,3.18548822402954,68.4678955078125,-434.127014160156,53.0850529670715,13.5286048054695,-1.5969999550789322,-1.71445880361301,-2.48761017756224,-1.1811999643830065,58.799674987793,434.317291259766,2.0,7.0,5.0,0.0,0.0,26050904.0,8.0,50.58443290255212,95.2257392573199,27.2874255180359,33.20961822509764
2026-05-09 18:19:16+00:00,CAN,CAN,-18.27000026935242,-9.219999960595013,0.0,-0.7900000045525412,7.69000002047172,16.06999992354064,-4.92992104644507,0.7593765365797565,5.034783617423126,2.987040482551426,0.41555974145991104,5.870960647316015,4.129105741498674,14.843355834459581,34.3500001021022,18.3636397723071,71.272220993042,50.58978538513183,1.0,110.999999673762,0.0,673.15625,7039.1875,36.9864988839946,50.5396499633789,37.90299825550791,-2.101199930575926,32.2756258,1.3675512545122372,1891.8231487274159,5.8104079216718665,954.3326854705807,900.8636713027954,1056.7786216735838,-64.8487235,5.0,376.536468505859,3.18548822402954,68.4678955078125,-435.127014160156,53.0966937541962,13.5031342506409,-2.73280000956658,-0.359885548854028,0.722346719355386,-2.133599856046635,59.7996597290039,435.317352294922,2.0,7.0,5.0,0.0,0.0,26050904.0,8.0,50.87020665138762,95.04950330126064,27.30006408691405,32.718627548217775
2026-05-09 18:19:17+00:00,CAN,CAN,-18.31999964464314,-9.279999757358988,0.0,-1.1699999856006653,7.590000074607208,16.33000029505258,-4.951657696591815,0.7602529619080605,5.229012767699769,2.98632139169787,-0.092464432940988,5.87258623233848,4.129106083008137,14.90858721461834,34.63000029203226,18.3147356178498,72.2570835113525,51.7531214904785,1.0,110.999999673762,0.0,687.34375,7053.375,33.7547470668788,51.883332824707,35.5356000476681,-1.0285999686600344,32.2757303,1.8587457174002182,1891.859388351438,5.846722330898048,878.9472699165344,902.9206156730661,1008.8983058929456,-64.8486369,5.0,387.221496582031,3.18548822402954,68.4678955078125,-436.127014160156,53.0772984027863,13.5403603315353,-2.69759990397132,1.90019384526046,1.18573791538714,-1.70659998795399,60.7996444702148,436.317413330078,2.0,7.0,5.0,0.0,0.0,26050904.0,8.0,51.50225186661311,94.83804064455705,27.38366317749025,32.509835128784154
2026-05-09 18:19:18+00:00,CAN,CAN,-16.720000169301517,-7.360000028364107,0.0,1.19000002813442,9.980000061429475,18.9200000028491,-4.91596889096144,0.7601070466558305,3.924545161706109,2.986680915780308,-1.5287980936336352,5.836822508070647,4.171221285562528,13.101565047043081,35.63000009218684,19.14486400296845,73.3460277557373,52.951018524169925,1.0,110.999999673762,0.0,701.875,7067.90625,32.1556153670712,52.8719066619873,34.97099953540192,0.021200001758435193,32.2758405,2.4233734010126917,1891.7234182357781,5.883036740124224,1020.4878330230683,1024.9634504318242,1065.5576467514043,-64.8485539,5.0,373.430450439453,3.18548822402954,68.4678955078125,-437.127014160156,53.0811727046967,13.4874612092972,-2.709199913059528,-1.59729512597278,1.34568013501621,1.1167999569844669,61.7996292114258,437.317474365234,2.0,7.0,5.0,0.0,0.0,26050904.0,8.0,52.32801149198389,94.59426436289016,27.43818969726565,31.99571273803712
2026-05-09 18:19:19+00:00,CAN,CAN,-16.06000035584102,-7.8000000463000445,0.0,-0.10000000989753258,7.89000008295547,15.979999886885242,-6.45030023823558,0.760107046655831,3.842745791677662,2.98632139169787,-2.232781369157765,5.77559063055776,4.227830576422512,11.48451537047634,32.029999992007696,19.03330652325465,74.57306327819825,53.92218795776368,1.0,110.999999673762,0.0,716.765625,7082.796875,34.4345933610106,54.0190338134766,37.315399813287335,0.41259999904500483,32.2759525,2.740302844303792,1891.8140649795519,5.964744091033936,1045.944547653196,1085.553669929504,1041.4657473564162,-64.848467,5.0,364.853576660156,3.18548822402954,68.4678955078125,-438.127014160156,53.0889332294464,13.5364413261414,-2.469799989725924,0.961361718840577,-1.1556983165306,2.600199826925692,62.7996139526367,438.317535400391,2.0,7.0,5.0,0.0,0.0,26050904.0,8.0,52.76524058755092,94.38355644208985,27.510403347015398,31.8097375488281
2026-05-09 18:19:20+00:00,CAN,CAN,-16.08000051576866,-7.670000031298821,0.0,0.25999999798594514,8.320000020927594,16.23000000767862,-6.4476565281399605,0.7605452459797695,3.332130027394206,2.98632134900919,-2.11562633597571,5.711107412245225,4.28772168780132,10.78756986851214,32.31999957888272,19.3824213973961,74.6091739654541,54.03595481872558,1.0,110.999999673762,0.0,731.7421875,7097.7734375,36.6287301601747,53.9024242401123,39.5353998067626,0.40199999368430916,32.2760624,2.827502972975016,1891.659951210026,5.955665558576584,1156.57811164856,1172.966718673706,1154.202198982238,-64.8483746,5.0,349.284484863281,3.18548822402954,68.4678955078125,-439.127014160156,53.0792355537415,13.491378724575,-2.77039998750409,-2.22268506890402,0.172355781620665,2.10420004848017,63.7995986938476,439.317596435547,2.0,7.0,5.0,0.0,0.0,26050904.0,8.0,53.33575740967615,94.2700182075167,27.5650371551514,31.263328399658217
2026-05-09 18:19:21+00:00,CAN,CAN,-16.1000006756963,-7.96000013043799,0.0,-0.3999999969014534,7.34999994840029,15.420000360798701,-6.4517683020203105,0.7587919417559125,4.351920471423609,2.98632134900919,-1.1142902146461169,5.7219452149107415,4.281705144916186,12.18031596198092,31.5200000119666,19.02224930076205,74.92654151916506,54.69680236816406,1.0,110.999999673762,0.0,746.859375,7112.890625,39.6797141907169,54.8052360534668,41.55980025788158,-0.3974000013505446,32.2761696,2.357009874310328,1891.6871786117583,5.801329389214516,960.177719593047,1111.164402961728,1139.89818096161,-64.8482759,5.0,336.200378417969,3.18548822402954,68.4678955078125,-440.127014160156,53.0772984027863,13.5423198342323,-2.52920005319209,2.65622214840388,-0.04874155059832,1.0026000104829051,64.7995834350586,440.317657470703,2.0,7.0,5.0,0.0,0.0,26050904.0,8.0,54.09764657008029,94.24504362081655,27.6127221107483,30.770529098510742
2026-05-09 18:19:22+00:00,CAN,CAN,-16.0500002758772,-6.429999848805243,0.0,2.5200000445121793,11.869999977419706,20.890000046285717,-6.45808366568163,0.7587919417559125,2.366752242699026,2.986680915780308,-1.472060192446015,5.688077636533871,4.3117876032097655,12.468325573241241,36.93999963914403,19.79126286073475,74.9595623016357,54.951698226928706,1.0,110.999999673762,0.0,762.0703125,7128.1015625,38.5717277337466,54.8688503265381,41.55640018971273,0.25539999364598803,32.2762763,2.99107802081323,1891.596484184268,5.774093512445688,1258.5914373397802,1215.2589797973658,1326.908516883852,-64.8481746,5.0,325.071105957031,3.18548822402954,68.4678955078125,-441.127014160156,53.0656576156616,13.5050937533379,-2.34380001097909,-1.95248214500808,2.09362736387616,-0.056399991252151914,65.7995681762695,441.317718505859,2.0,7.0,5.0,0.0,0.0,26050904.0,9.0,55.226157062487594,94.30090773803805,27.65286941528325,29.590372924804683
2026-05-09 18:19:23+00:00,CAN,CAN,-16.1499993679681,-7.430000161223989,0.0,0.6300000111280448,8.960000101347287,17.280000207652257,-6.450006540101265,0.7582078004993175,4.34327191514181,3.372756889039772,-1.83245752524012,5.693496281734534,4.308778904880377,11.3834260094392,33.429999575620336,19.45355525628085,76.4016036987305,56.75638801574706,1.0,110.999999673762,0.0,777.5546875,7143.5859375,40.4294845464767,56.9367485046387,42.64020026381313,1.1993999799301158,32.2763851,2.709712988332246,1891.5692806243921,5.810407921671868,1014.9068832397455,1160.53605079651,1061.3478899002055,-64.8480715,5.0,311.876495361328,3.18548822402954,68.4678955078125,-442.127014160156,53.0695378780365,13.5403603315353,-3.677000024343852,0.929481063837602,0.112875079233609,2.1155999970587223,66.7995529174805,442.317779541016,2.0,7.0,5.0,0.0,0.0,26050904.0,9.0,55.301522735827334,94.37939685688531,27.69058599472045,30.4769352722168
2026-05-09 18:19:24+00:00,CAN,CAN,-16.13999962951374,-7.410000172051086,0.0,0.7500000208706512,8.920000123001481,17.17000001106918,-6.44354411392938,0.7593765365797565,2.935744993488346,4.0007598275596985,-1.802512215010635,5.644727791909632,4.358825237721622,11.0751980137073,33.31999937903728,19.61494323485815,77.41494140625,57.73275466918947,1.0,110.999999673762,0.0,793.4921875,7159.5234375,41.3352256870283,57.6330139160156,44.391200536797,0.17099999574052435,32.2764941,2.848533851137084,1891.66901111603,5.91027271002531,1042.0912384986882,1147.4150180816641,1044.2233324050883,-64.8479616,5.0,299.013854980469,3.18548822402954,68.4678955078125,-443.127014160156,53.0578970909119,13.4894207119942,-3.086399970115198,-1.29727020877839,-1.25703548536855,2.0231999599950004,67.7995376586914,443.317840576172,2.0,7.0,5.0,0.0,0.0,26050904.0,9.0,56.29441845622616,94.50968954549245,27.73063888549805,30.33690216064452
2026-05-09 18:19:25+00:00,CAN,CAN,-16.13999962951374,-7.4400000704330775,0.0,0.5900000114378996,8.770000118827351,17.440000121035478,-9.22640010397939,0.758646026503683,4.365973799084323,3.994289247849486,-0.24376867774538902,5.6000230938861595,4.40449546836164,12.073885734522301,33.57999940903973,18.4728203461898,77.2168201446533,57.82627029418944,1.0,110.999999673762,0.0,809.5859375,7175.6171875,45.7419271357371,57.7963737487793,46.059197618911234,-0.5921999993613045,32.2765991,0.7891366899857917,1891.632771492004,5.8194865472614765,871.1068749427795,1030.3814172744765,974.1003394126892,-64.8478443,5.0,288.671875,3.18548822402954,68.4678955078125,-444.127014160156,53.0481994152069,13.5756269097328,-3.2693999051981977,-0.250918204939525,-0.799115911192213,-0.2595999943605055,68.7995223999024,444.317901611328,2.0,7.0,5.0,0.0,0.0,26050904.0,9.0,56.71294376177004,94.7213127116415,27.76733322143555,29.8533972930908
2026-05-09 18:19:26+00:00,CAN,CAN,-16.1999997677872,-8.019999927201969,0.0,-0.6599999842152255,7.019999956292679,14.810000093383639,-10.022719052706499,0.7593765098993299,5.648819928996115,3.9928513222744697,0.2905235370895205,5.582412304884928,4.421177437013116,11.533343368324399,30.989999871997885,17.7964676938184,76.681628036499,57.47269386291505,1.0,110.999999673762,0.0,825.6015625,7191.6328125,45.183473793724,57.5582244873047,45.31399870876292,-0.2839999940647722,32.2767005,0.1856601083357563,1891.6871786117579,5.892115458846092,816.9955372810366,977.9367446899417,936.5008711814878,-64.8477238,5.0,279.501708984375,3.18548822402954,68.4678955078125,-445.024993896484,53.0617773532867,13.493338227272,-3.2975999206678415,1.02993415006486,0.0186207365236812,-0.4952000166545664,69.7995071411133,445.317962646484,2.0,7.0,5.0,0.0,0.0,26050904.0,9.0,55.96153620966618,94.9608850118743,27.89776926040645,31.070652923584
2026-05-09 18:19:27+00:00,CAN,CAN,-16.199999767787183,-7.3999999213325465,0.0,0.7300000103534078,8.919999952246751,17.150000192651,-10.0218383851904,0.75952242515156,4.396603953171974,3.993929894521778,0.47229766932795747,5.595146338818768,4.410238376793152,10.863863935314821,33.35999969889254,18.00795340241045,77.14094581604,57.43635658264159,1.0,110.999999673762,0.0,841.5234375,7207.5546875,42.6441563093804,57.4024211883545,44.250196745533394,-0.4713999996267203,32.2768034,1.038328591293024,1891.6327476501478,5.7922507636249065,1012.2088670730587,1040.23425579071,1102.99115180969,-64.8476061,5.0,266.912078857422,3.18548822402954,68.4678955078125,-446.024993896484,53.044319152832,13.493338227272,-2.840000042033342,-0.783800119112959,-2.2340447407108,-0.5187999850955708,70.7994918823242,446.318023681641,2.0,7.0,5.0,0.0,0.0,26050904.0,9.0,54.972171014049344,95.14053264742395,28.07814502716065,32.950681457519536
2026-05-09 18:19:28+00:00,CAN,CAN,-16.18999968782338,-7.390000012123457,0.0,0.67000001081819,8.860000155482776,17.32999992445238,-10.01655096499915,0.7579155164276085,3.4629369011798246,3.9932108463569067,0.08720780196187006,5.61925921177776,4.388086792654334,9.715258684859927,33.519999612275754,18.0750053694925,77.81089210510255,57.68619804382324,1.0,110.999999673762,0.0,857.5390625,7223.5703125,42.7197733336816,57.526439666748,44.01119818119089,-0.8722000025284071,32.2769092,1.2363106210256416,1891.58742427826,5.783172231167552,1065.501487255095,1056.1560153961182,1157.453966140746,-64.8474908,5.0,255.882934570312,3.18548822402954,68.4678955078125,-447.024993896484,45.8849757909775,13.5031342506409,-3.0889999670001282,-1.05906309260597,-0.229542087395339,-1.293399946118227,71.7994766235352,447.318084716797,2.0,7.0,5.0,0.0,0.0,26050904.0,8.0,53.75128494519328,95.2603990522631,28.00416584014895,35.0506391143799
2026-05-09 18:19:29+00:00,CAN,CAN,-16.1999997677872,-7.440000070433077,0.0,0.6400000163866665,8.85000007551896,17.480000440890716,-10.0171383612678,0.757623205675473,4.511195146783018,2.0567191306891166,-0.527463893294747,5.603003703062585,4.39465034831462,8.211504941905517,33.7000003686055,17.21118793006635,78.48481407165525,57.779586639404286,1.0,110.999999673762,0.0,873.6171875,7239.6484375,43.1947037074293,58.0610412597656,44.0589999431162,-0.6067999902835843,32.2770156,0.915417629631353,1891.496777534486,384.98377725481913,772.5125312805176,930.4101228713989,963.9657378196723,-64.8473754,5.0,244.587173461914,3.18548822402954,68.4678955078125,-448.024993896484,45.8752781152725,13.5188087821007,-3.475800111066344,1.9457394676368,-0.0686413067451522,1.5307998539926784,72.7994613647461,448.318145751953,2.0,7.0,5.0,0.0,0.0,26050904.0,8.0,52.39796287436857,95.32011539617655,27.9989756584167,36.95695381164548
2026-05-09 18:19:30+00:00,CAN,CAN,-16.2400000876424,-7.399999921332544,0.0,0.770000020715724,9.00000007969309,17.349999742870583,-10.02139783798895,0.768873220929572,5.4783744365604745,0.5760417034479292,0.6992511733912926,5.561008455705494,4.446884134614928,7.023608345231193,33.590000172022464,16.63577693589135,76.5657291412353,55.40541847229002,1.0,110.999999673762,0.0,889.3515625,7255.3828125,44.3271080906824,55.3892383575439,43.84179924449084,-0.0695999976665941,32.2771177,-0.0922899389499714,1891.7415142059322,1168.60566139221,642.0925736427305,757.8953504562378,826.1530160903934,-64.84726,5.0,230.965606689453,3.18548822402954,68.4678955078125,-449.024993896484,45.8326071500778,13.4776651859283,-3.57299989281456,-0.395456693803778,-0.13414379472114,-1.8041999334102066,73.799446105957,449.318206787109,2.0,7.0,5.0,0.0,0.0,26050904.0,8.0,51.28960075699392,95.3519235871413,28.02209672927855,36.8162313079834
2026-05-09 18:19:31+00:00,CAN,CAN,-16.2500001676062,-7.420000081260172,0.0,0.67000001081819,8.959999930592556,17.430000041071658,-10.0208100148335,0.797364234474369,4.1908439921611516,-0.06741857348365152,-0.3551444929368299,5.62928430730941,4.383437824395762,5.499636730069353,33.67000012871406,17.6091693926247,75.3344226837158,53.69549194335938,1.0,110.999999673762,0.0,904.5078125,7270.5390625,41.401020899303,53.7146198272705,43.4593994924861,-0.32480000367383904,32.2772183,1.6030986096444964,1891.596508026126,1779.168748855592,784.9650025367739,888.482868671417,872.2086310386658,-64.8471515,5.0,220.500717163086,3.18548822402954,68.4678955078125,-450.024993896484,45.8326071500778,13.5207682847977,-2.6529999639742443,0.15418759849035,-1.83072249710837,2.4069999061156926,74.799430847168,450.318267822266,2.0,7.0,5.0,0.0,0.0,26050904.0,8.0,50.64586362394722,95.3299030572572,28.0343499183655,36.08848800659178
2026-05-09 18:19:32+00:00,CAN,CAN,-16.19999976778716,-7.500000037951784,0.0,0.5900000114378996,8.76999994807262,17.30000036757988,-10.0166973871795,1.399024979651065,3.120604532950246,2.084039421795726,-6.310626925133635,4.83245719250807,5.193744488278854,5.0193665144285715,33.50000013536706,18.19269038266545,74.44799423217775,51.441847915649404,1.0,110.999999673762,0.0,919.15625,7285.1875,50.3599990335958,51.5337615966797,53.62220051705033,-1.7369999646666119,32.2773119,2.989372010313288,1891.5783643722564,1907.3332071304321,834.4908952713013,961.5767955780027,962.633144855499,-64.8470428,5.0,208.301986694336,3.18548822402954,68.4678955078125,-451.024993896484,45.819029211998,13.497257232666,-2.70640000507533,1.89701289809793,-1.43826057445138,18.63119996794714,75.7994155883789,451.318328857422,2.0,7.0,5.0,0.0,0.0,26050904.0,8.0,46.53422156625054,95.2924838658893,28.0909595489502,35.73863525390624
2026-05-09 18:19:33+00:00,CAN,CAN,-9.870000185011532,-4.4399999442617935,0.0,0.39000000231500237,5.980000081742776,10.410000404944087,-9.998926515619566,1.377692698047535,0.4756354360329972,0.8434911699821102,-12.04388216491365,4.276222722824146,5.725926532177944,0.8392211598286006,20.28000058995565,14.9839887464512,73.16215095520019,46.42519180297851,1.0,110.999999673762,0.0,932.8203125,7298.8515625,74.471478633995,46.2416130065918,77.49299859449552,-1.4447999896618238,32.2773708,3.174685031647396,1891.3970708847041,1905.444884300232,937.5941514968874,852.4918913841245,891.0881757736204,-64.8469182,5.0,199.777145385742,3.18548822402954,68.4678955078125,-452.127014160156,45.2604025602341,13.9380872249603,-1.202600008933632,0.443377781268264,0.8385124956857,27.163398000819804,76.7994003295898,452.318389892578,2.0,7.0,5.0,0.0,0.0,26050904.0,8.0,29.38010652613402,95.2636912034431,28.1246781349182,37.95934020996092
2026-05-09 18:19:34+00:00,CAN,CAN,13.529999847166874,6.39000008390285,0.0,-0.4500000071863064,-7.309999841988434,-12.00999998700739,-9.998191843396981,1.3996095477944852,0.6147303441700289,3.2408295654094936,-14.579795226842801,4.108783111264857,5.8990363960314465,-7.91627232022056,-25.5600003356114,5.1404890550891,70.71504592895505,41.92447494506835,1.0,110.999999673762,0.0,945.015625,7311.046875,103.914689277871,41.7411323547363,105.89739757127714,-1.397399970925814,32.2773744,2.309330287393858,1891.252017021178,1905.5447101593,628.4791946411134,578.7788689136506,658.9125990867614,-64.8467915,5.0,200.11750793457,3.18548822402954,68.4678955078125,-453.127014160156,45.2487647533417,23.9047810435295,-1.388999926808096,-0.049331127991803,-0.0553139734983375,28.253198054596577,77.7993850708008,453.318450927734,2.0,7.0,5.0,0.0,0.0,26050904.0,8.0,1.475695795419504,95.23579329577815,28.1373596191406,40.070586318969745
2026-05-09 18:19:35+00:00,CAN,CAN,16.319999702824582,5.109999880374791,0.0,-5.369999910377244,-16.139999800268438,-22.2899999714078,-10.01890055007365,1.410713194229105,3.126730294829078,6.472869701885557,-12.02234273647915,3.9657279580614277,6.0699580380296085,-8.505642769643885,-38.60999933272291,-9.592420123203446,66.7482467651367,40.09708946228026,1.0,110.999999673762,0.0,956.3203125,7322.3515625,132.126047984178,40.183332824707,131.3574003515902,-0.3919999650803149,32.277328,-0.27994761614977637,1891.2610769271819,1904.8093557357759,358.903521299362,328.576236963272,387.312549352646,-64.8466873,5.0,199.408920288086,3.18548822402954,68.4678955078125,-454.127014160156,74.233341217041,24.0164577960968,-1.7711999811569938,0.397939414206225,1.91202266568586,21.063199300239997,78.7993698120117,454.318511962891,2.0,7.0,5.0,0.0,0.0,26050904.0,8.0,-32.41809543876132,95.2087730674216,28.2179314613342,35.42099166870118
2026-05-09 18:19:36+00:00,CAN,CAN,16.15999978944138,4.949999881614207,0.0,-5.6699999187255035,-16.50999985609926,-26.26999969511734,-10.016550964999151,1.42897605285266,4.768484872345451,6.999500509536716,-4.989346466988535,3.83811671634505,6.166221187399206,-11.367428852629414,-42.43000050908704,-20.5037685581566,63.58899421691895,40.16991989135742,1.0,110.999999673762,0.0,967.421875,7333.453125,148.42006530589,40.2104141235352,145.11200251725361,2.8013999536466114,32.2772508,-2.639105267457004,1822.844767570496,1904.2737007141102,607.6653003692626,569.0329015254972,519.5130467414858,-64.8466135,5.0,205.765243530273,3.18548822402954,68.4678955078125,-455.024993896484,74.3264496326446,24.069356918335,-0.7029999844157422,0.768631016018301,3.66982563632836,7.395799781879819,79.7993545532226,455.318572998047,2.0,7.0,5.0,0.0,0.0,26050904.0,8.0,-49.46795447138676,95.1825895372383,28.32700595855715,28.3144540786743
2026-05-09 18:19:37+00:00,CAN,CAN,16.1000006756963,4.94999988161421,0.0,-5.6499999295526,-16.469999877753416,-26.750000459795398,-10.01728521033495,1.5075807513072248,5.001271208883094,4.073374215324406,2.5007133618763797,4.234498207090277,6.656014735799735,-15.21302462611562,-42.8500011354916,-26.040202078605752,61.70005302429195,40.531887130737275,1.0,110.999999673762,0.0,978.6328125,7344.6640625,151.24896573557,40.5236961364746,146.56139597988698,4.621999939650303,32.2771627,-4.785769946700635,1613.761281967162,1904.3009042739861,1167.4647569656374,1089.6752953529344,901.1131644248962,-64.8465547,5.0,214.37727355957,3.18548822402954,68.4678955078125,-456.127014160156,74.2701947689056,24.0791529417038,0.5825999983951331,1.39004915058632,0.592034500676064,-1.894199970065629,80.7993392944336,456.318634033203,2.0,7.0,5.0,0.0,0.0,26050904.0,8.0,-59.8506117721256,95.11753198539401,28.3746720314026,21.85527282714844
2026-05-09 18:19:38+00:00,CAN,CAN,16.06000035584102,4.939999887027755,0.0,-5.629999940379701,-16.46000013929908,-27.2200001199812,-10.0149356252604,1.550973903599665,5.005234767658452,2.833184921968186,2.166584029495645,4.457750709452325,6.7533719960970044,-16.58364500478706,-43.28000047582223,-28.08934079187965,60.53829689025875,40.815073471069326,1.0,110.999999673762,0.0,989.9140625,7355.9453125,148.892564132294,40.923282623291,145.0355972891226,3.6081999557211404,32.277074,-4.245284271072834,1045.1727390289325,1904.2101383209222,1555.759787559508,1410.9081268310542,1232.8539848327619,-64.846495,5.0,225.126617431641,3.18548822402954,68.4678955078125,-457.024993896484,74.3186891078949,24.067397415638,0.38460000673242256,0.0402651290908288,-3.53979142769259,-1.1975999556115082,81.7993240356445,457.318695068359,2.0,7.0,5.0,0.0,0.0,26050904.0,8.0,-64.1762675621809,94.80519426483845,28.387017917633052,18.62130981445312
2026-05-09 18:19:39+00:00,CAN,CAN,16.16000013095084,7.469999968815069,0.0,-1.140000001841313,-9.49000007056129,-17.54999997610906,-10.015229323394749,1.548928742190925,5.005234767658452,3.982067179282616,1.261386877409448,4.439327042562498,6.73504975751635,-15.5147678694948,-33.699999685586576,-27.830529556302203,61.1393280029297,42.46196937561034,1.0,110.999999673762,0.0,1001.3984375,7367.4296875,147.552426375624,42.5381286621094,144.0193990123322,1.4275999938504877,32.2769852,-3.7952324771787964,503.23632955551165,1904.228329658506,1339.622402191162,1240.12484550476,1212.990498542786,-64.846431,5.0,233.949310302734,3.18548822402954,68.4678955078125,-458.127014160156,74.2760181427002,24.071316421032,-2.154999964630282,-2.85048105269209,-0.691349826797987,-0.2740000048144079,82.7993087768555,458.318756103516,2.0,7.0,5.0,0.0,0.0,26050904.0,8.0,-62.65497816230612,94.36260483681079,28.41710844039915,19.60544105529786
2026-05-09 18:19:40+00:00,CAN,CAN,16.1399999710232,6.780000000840485,0.0,-2.110000026343851,-11.390000066515336,-20.579999957973644,-10.01464192712615,1.5410390199259152,3.928869525224374,5.705749897237634,0.8568611051998515,4.43797235991799,6.751731213903637,-15.58305063666526,-36.73000000896066,-25.8802996661729,63.99221649169925,45.08488243103028,1.0,110.999999673762,0.0,1013.59375,7379.625,148.059390336579,45.127180480957,144.49400426907522,0.3126000083240276,32.2768922,-3.5264475859319155,47.20333414152268,1904.137516021728,907.7758073806765,950.74987411499,1033.6494684219365,-64.8463618,5.0,245.812240600586,3.18548822402954,68.4678955078125,-459.127014160156,74.2857158184052,24.1046234965324,-3.131599984919544,0.0386523740184327,-1.42483957289742,0.350600005561726,83.7992935180664,459.318817138672,2.0,7.0,5.0,0.0,0.0,26050904.0,9.0,-63.932850548464316,93.97821886579541,28.48907833099365,20.2975570678711
2026-05-09 18:19:41+00:00,CAN,CAN,16.18999968782338,8.069999985511592,0.0,0.059999994199133,-7.859999843064027,-15.83999962116548,-5.88750118836299,1.556818037569115,3.00024746439661,5.21506637518825,1.5435065858461399,4.52982047500809,6.677072806652438,-13.98240400089976,-32.0299999920077,-26.546295190441597,64.3737133026123,46.768125915527335,1.0,110.999999673762,0.0,1026.3671875,7392.3984375,147.006188826941,46.8194114685059,143.70680037854999,-0.2993999989080374,32.2767948,-3.215208757436494,7.460784912109373,1903.9922714233421,837.971556186676,833.7887525558472,968.7736630439758,-64.846289,5.0,257.198516845703,3.18548822402954,68.4678955078125,-460.127014160156,74.2604970932007,24.0811124444008,-2.881800031357538,0.919158727011009,0.0118435772025185,-2.0659999210301985,84.7992782592774,460.318878173828,2.0,7.0,5.0,0.0,0.0,26050904.0,9.0,-66.72945511167201,93.53279490926221,28.5230432510376,19.221574287414544
2026-05-09 18:19:42+00:00,CAN,CAN,16.18999968782338,7.879999832236928,0.0,0.0499999996126817,-7.950000050474176,-16.04999993436772,0.6694245460362755,0.943030371562336,2.9980856241469356,3.9195184839864394,1.286081345061705,4.589426682121143,6.615814462156523,-14.537060440753319,-32.25000038517384,-25.9063875737078,65.4992866516113,47.62445320129396,1.0,110.999999673762,0.0,1039.5,7405.53125,144.408326376127,47.5839294433594,141.47599775788402,0.10799999969700089,32.2766969,-3.12471993536859,7.415458839386704,1904.08308506012,1054.944849014283,973.9158153533926,1067.5362348556523,-64.8462105,5.0,267.110809326172,3.18548822402954,68.4678955078125,-461.127014160156,74.2779552936554,24.0967869758606,-2.1756000499547943,0.360501359776813,0.628502641562908,-2.0063999571369338,85.7992630004883,461.318939208984,2.0,7.0,5.0,0.0,0.0,26050904.0,9.0,-65.79788970888748,93.0175186080873,28.5277235984802,19.22442283630368
2026-05-09 18:19:43+00:00,CAN,CAN,16.13999962951374,7.1999999442261595,0.0,-1.4399999941813149,-10.189999862367571,-19.060000097814203,0.676033981357879,-0.349269380490992,2.9991665869604556,3.758473551660208,0.356718061966648,4.643613902524076,6.555649801701452,-15.1352050365618,-35.22000022876498,-25.38224312566925,66.6373260498047,48.62464233398438,1.0,110.999999673762,0.0,1052.84375,7418.875,144.086911334164,48.4740726470947,140.9129989249784,0.1639999976623787,32.2765993,-2.957214241729082,7.333871722221373,1903.974127769472,1102.1336793899527,1137.159132957458,1210.050225257874,-64.8461271,5.0,277.897369384766,3.18548822402954,68.4678955078125,-462.127014160156,74.2760181427002,24.1065829992294,-2.6842000119707663,-2.19272978019504,-0.471113738744658,0.17799998581454254,86.7992477416992,462.319000244141,2.0,7.0,5.0,0.0,0.0,26050904.0,9.0,-64.75963948334302,92.4829777583583,28.5492027282715,20.66260425567626
2026-05-09 18:19:44+00:00,CAN,CAN,16.179999607859564,7.069999843847569,0.0,-1.6600000084853708,-10.450000063124763,-18.799999726302282,0.6754465050479785,-0.954875013480621,2.9988062944817377,5.251373526381918,0.8820781902959625,4.67639718837021,6.526114185428296,-14.65379008121614,-34.97000027872632,-24.19052537966375,68.42841339111325,50.293256149291985,1.0,110.999999673762,0.0,1066.578125,7432.609375,142.274493317145,50.3043262481689,139.77340371856698,-0.20100000351226122,32.2765,-2.662334868890262,7.3248066008090955,1903.8198471069322,939.8523807525635,1073.458409309386,1059.924483299254,-64.8460397,5.0,287.941833496094,3.18548822402954,68.4678955078125,-463.127014160156,74.2798924446106,24.1144195199013,-3.5215999445458657,0.399602271784432,-0.479667270019629,-2.1076000099272982,87.7992324829102,463.319061279297,2.0,7.0,5.0,0.0,0.0,26050904.0,9.0,-63.83379504700728,91.988253496396,28.65488519668575,22.38789722442628
2026-05-09 18:19:45+00:00,CAN,CAN,16.16999952789572,6.570000114525011,0.0,-2.749999962689236,-12.2099999641138,-21.379999866399196,0.6757402298627155,-1.663777359228485,2.9980856241469356,4.49719505190915,0.63516042181723,4.722456483660826,6.478803257972276,-13.65014364306368,-37.560000498787105,-24.1772056570086,69.6899528503418,50.90509574890136,1.0,110.999999673762,0.0,1080.671875,7446.703125,141.339658985823,50.8735656738281,138.3880036643052,-0.572800004954391,32.2764004,-2.9819736347816983,7.424523960798981,1904.273676872254,1107.046890258788,1193.8911437988281,1248.9997863769538,-64.8459467,5.0,300.475189208984,3.18548822402954,68.4678955078125,-464.127014160156,74.2876529693604,24.1085425019264,-2.7553999529357283,0.759043458136013,-0.572409286117355,-0.2239999918615106,88.7992172241211,464.319122314453,2.0,7.0,5.0,0.0,0.0,26050904.0,9.0,-64.03382123496458,91.48114951656295,29.002867698669398,22.458094024658198
2026-05-09 18:19:46+00:00,CAN,CAN,16.199999767787183,7.319999879263575,0.0,-1.2500000276696384,-10.060000018121091,-18.44999965964438,0.6758871056102975,-1.667721740113315,2.9980856241469356,4.963793704775138,2.0357703788817147,4.740067614171517,6.457472150307501,-12.8223542562263,-34.639999688977184,-24.8154646368315,70.9624168395996,52.24387046813964,1.0,110.999999673762,0.0,1094.9296875,7460.9609375,142.700041423193,52.3498672485352,138.0961988584324,-1.50019991015189,32.2762987,-4.662885238578586,7.415458746254444,1904.237365722658,1161.4568948745741,1236.448502540586,1345.2446460723859,-64.8458531,5.0,308.194091796875,3.18548822402954,68.4678955078125,-465.127014160156,74.299293756485,24.1261750459671,-3.315799984239716,0.105471120822782,-1.23563692958572,-1.2525999231689495,89.799201965332,465.319183349609,2.0,7.0,5.0,0.0,0.0,26050904.0,8.0,-63.875538431138736,90.9551020070669,29.1785081863403,23.11205211639406
2026-05-09 18:19:47+00:00,CAN,CAN,16.21999992771478,8.240000064235986,0.0,0.30999998159036996,-7.150000056671272,-14.799999842665102,0.6755933807955605,-1.631780164122795,2.9970044905786835,3.0344910873759723,2.516998240404985,4.801570394062354,6.409340404867974,-12.052929860375082,-31.020000111889317,-26.425890908205297,73.19183807373045,53.31470993041994,1.0,110.999999673762,0.0,1109.6171875,7475.6484375,144.706491454154,53.2506534576416,137.59080037683538,-2.7320000236600417,32.2761915,-6.6058657793662094,7.306676078587772,1904.173851013184,1248.076725006106,1253.378462791444,1442.6766395568861,-64.8457602,5.0,320.851135253906,3.18548822402954,68.4678955078125,-466.127014160156,74.3186891078949,24.0987464785576,-3.6651998053355994,-2.38095122414379,0.941499955621003,0.8157999635849926,90.799186706543,466.319244384766,2.0,7.0,5.0,0.0,0.0,26050904.0,8.0,-63.69706968623977,90.43139383736161,29.2253391265869,23.55689094543456
2026-05-09 18:19:48+00:00,CAN,CAN,16.230000007678605,7.6300000529530125,0.0,-0.46000000710884204,-9.310000168005168,-17.5200002484818,0.6739778542938675,-1.550837993507355,2.997364868434768,6.650809619387999,1.4536704950751398,4.851422664153807,6.345894094648807,-12.324154794014241,-33.7499997438962,-23.591698789466648,74.20752754211425,54.326732025146484,1.0,110.999999673762,0.0,1124.6171875,7490.6484375,139.412261564316,54.5123371124268,136.7027965545394,-1.574599944153396,32.276084,-3.457530294187572,7.560502551496031,1904.083061218264,890.7396674156182,998.4758853912347,1194.3274974822978,-64.8456628,5.0,335.012634277344,3.18548822402954,68.4678955078125,-467.127014160156,74.3089914321899,17.4608156085014,-3.5829999727783757,4.86817891111251,-0.543926756948167,-2.416799962922448,91.7991714477539,467.319305419922,2.0,7.0,5.0,0.0,0.0,26050904.0,8.0,-61.62224946168668,89.9428952928277,29.2491073608398,26.846184883117683
2026-05-09 18:19:49+00:00,CAN,CAN,16.17999994936898,7.030000036256494,0.0,-2.2299999933977745,-10.830000241608065,-18.61000008529178,0.6748590554185045,-3.0446166934101253,2.997364868434768,3.267071621776188,1.981130519708045,4.910757968888906,6.286823459744046,-11.12633990889142,-34.78000012545168,-24.421420778329697,73.43831634521484,53.38697181701658,1.0,110.999999673762,0.0,1139.5859375,7505.6171875,142.503086088287,53.2268920898437,136.76160175121723,-2.80339996110164,32.2759801,-5.375796948057927,7.007523812353609,1904.0740013122559,1537.138032913208,1348.1957197189322,1578.558611869812,-64.8455609,5.0,345.470123291016,3.18548822402954,68.4678955078125,-468.127014160156,74.324506521225,14.0693575143814,-1.879199956841611,-3.57651479353881,-1.64000248458387,2.9491999272086575,92.7991561889648,468.319366455078,2.0,7.0,5.0,0.0,0.0,26050904.0,8.0,-62.02919759658738,89.4632384281744,29.4711393356323,25.94311969757078
2026-05-09 18:19:50+00:00,CAN,CAN,16.369999761134203,10.809999868237039,0.0,5.460000032410031,0.049999994276596404,-5.14000003488887,0.6732430486691361,-3.24361222716604,2.997725246290852,6.96211410307682,1.399557094076095,4.868762550777084,6.332220824326724,-10.565960624287024,-21.53000004132806,-22.7216044061933,75.2470676422119,54.277876510620125,1.0,110.999999673762,0.0,1154.5234375,7520.5546875,142.422394233432,54.5549880981445,138.4779927726576,-1.2185999992047367,32.2758719,-3.856319768124686,7.587698008865118,1903.9831876754783,832.3074579238894,998.2200264930731,1161.873579025269,-64.8454653,5.0,357.981292724609,3.18548822402954,68.4678955078125,-469.127014160156,74.2954134941101,14.0301719307899,-5.863599923202221,-0.372472573638156,4.63841775073562,-1.618799889863182,93.7991409301758,469.319427490234,2.0,7.0,5.0,0.0,0.0,26050904.0,8.0,-56.259938295258124,89.07250379632549,29.0316827774048,31.01400604248048
2026-05-09 18:19:51+00:00,CAN,CAN,16.16999952789572,7.159999880502992,0.0,-1.5700000251908017,-10.769999975268572,-19.6799995914194,0.6720676424820851,-5.627609288792829,2.997364825746088,6.806821897579036,0.46966934049818504,4.922950454198934,6.26877451410756,-12.800610519758319,-35.84999980233404,-19.1536023762379,75.15015449523929,53.013532104492164,1.0,110.999999673762,0.0,1169.5390625,7535.5703125,135.341742026555,53.0413055419922,135.2252026068606,2.0963999724480162,32.2757702,-0.6189771503566598,7.787133101373909,1904.11031246185,577.8648436069491,801.7390847206113,771.7161536216736,-64.8453607,5.0,369.002868652344,3.18548822402954,68.4678955078125,-470.127014160156,74.3342041969299,13.9890283346176,-2.6367999505460737,4.26661768392645,0.614351876984816,-2.7361999656776206,94.7991256713867,470.319488525391,2.0,7.0,5.0,0.0,0.0,26050904.0,8.0,-54.0268222895197,88.86794304577815,29.39582805633545,34.4685154724121
2026-05-09 18:19:52+00:00,CAN,CAN,16.14000031253266,6.130000096589076,0.0,-3.319999952937722,-12.88000002829284,-22.69999949332018,0.6732430486691361,-8.050470340240405,2.997004405201324,5.398758165745488,-2.0420751770941648,4.894230874776866,6.308428714126634,-12.84142790099302,-38.83999980585282,-19.849701105499697,73.0089569091797,51.401999130249024,1.0,110.999999673762,0.0,1183.953125,7549.984375,135.232622924375,51.1303642272949,135.3913947697454,1.5685999004439712,32.2756781,-0.2125989653937323,7.533306907862425,1904.2101860046357,1042.7576065063497,1175.860738754272,1085.9305143356312,-64.8452524,5.0,378.86181640625,3.18548822402954,68.4678955078125,-471.127014160156,74.3264496326446,13.9929473400116,-2.298599996174746,-2.93721762496208,-1.12415426178766,2.9555999585352617,95.7991104125976,471.319549560547,2.0,7.0,5.0,0.0,0.0,26050904.0,8.0,-54.899167903143486,88.60611457413489,30.04242324829105,31.79138832092284
2026-05-09 18:19:53+00:00,CAN,CAN,16.15999978944138,6.060000049106552,0.0,-3.509999978146336,-13.36000010995194,-22.49999994310062,0.672655092111559,-8.05266240407716,2.99664407003392,6.550875926358438,-1.3612098507547041,4.812136696708364,6.38992405535965,-12.29554483912834,-38.6699998125058,-20.30729219026565,74.7354892730713,52.62666709899904,1.0,110.999999673762,0.0,1198.3515625,7564.3828125,139.304986613212,52.8011547088623,138.0567995952242,0.03620002769734361,32.2755826,-1.145082996605125,7.5423721224069595,1904.037690162658,1131.2824487686162,1203.050732612608,1251.1848926544178,-64.8451486,5.0,389.513580322266,3.18548822402954,68.4678955078125,-472.127014160156,74.3710577487946,13.9322102069855,-3.2841999859786055,0.955188081604532,-1.94374355829528,1.5456000174824045,96.7990951538086,472.319610595703,2.0,7.0,5.0,0.0,0.0,26050904.0,8.0,-55.12721425915184,88.37908591631285,30.9047109603882,30.936595001220677
2026-05-09 18:19:54+00:00,CAN,CAN,16.179999949369023,6.670000060389526,0.0,-2.599999958515104,-11.730000053209423,-20.349999826353162,0.673095692673878,-8.04462668651864,2.9970044478900038,4.853434325619106,0.7707004366047895,4.819994146329546,6.385001452647458,-11.30639342843254,-36.52999977572216,-21.58250729132725,76.00805625915524,53.73044082641602,1.0,110.999999673762,0.0,1213.1171875,7579.1484375,141.482437260233,53.7595230102539,138.34820005389798,-1.2765999432601598,32.2754801,-2.7339742898396358,7.497045863419774,1904.0104389190699,1218.7610149383559,1337.368702888486,1400.33438205719,-64.8450485,5.0,399.709075927734,3.18548822402954,68.4678955078125,-473.127014160156,74.3768811225891,13.9831498265266,-3.4672000918163333,-2.10195037626664,-0.520116610779797,-1.6977999775634292,97.7990798950195,473.319671630859,2.0,7.0,5.0,0.0,0.0,26050904.0,8.0,-56.41572193286667,88.2057698661238,31.0620111465454,29.627438735961938
2026-05-09 18:19:55+00:00,CAN,CAN,16.18999968782338,7.060000020015845,0.0,-1.5300000255006538,-10.43000007395186,-19.36999984461678,0.671333290424603,-7.994074322037255,2.997004447890004,5.817546689704495,1.1568412526386644,4.867408465774128,6.333588313575927,-11.225903405667939,-35.559999532440145,-21.8248791153461,77.28504180908205,54.57744071960449,1.0,110.999999673762,0.0,1228.1875,7594.21875,137.371715229018,54.6363796234131,135.16360522885,-1.23459997880367,32.2753763,-2.512263809404422,7.46985021978617,1903.9923191070561,957.3817491531383,1124.084091186523,1213.3093357086182,-64.8449451,5.0,408.935913085938,3.18548822402954,68.4678955078125,-474.024993896484,74.3846356868744,13.959638774395,-4.233599951837055,-0.208709196673794,0.752694103611398,-3.0815999692986082,98.7990646362305,474.319732666016,2.0,7.0,5.0,0.0,0.0,26050904.0,8.0,-55.87353605239972,87.99062573745755,31.1541898727417,29.89830940246582
2026-05-09 18:19:56+00:00,CAN,CAN,16.17999960785954,6.649999985839258,0.0,-2.429999986512414,-11.620000027381085,-19.57000007785528,0.670892716542711,-8.69041125414641,2.9970044478900038,5.2280077053633995,-0.07355118556197301,4.9096743593770835,6.284909555361248,-11.426175138925961,-35.729999525787164,-20.77345686998725,77.39410514831545,54.64113258361816,1.0,110.999999673762,0.0,1243.4140625,7609.4453125,135.292906173989,54.4568939208984,133.7018026785322,-1.9245999040895678,32.2752777,-1.7494617515290058,7.469850219786167,1903.9287090301543,1005.2291870117206,1046.2365865707402,1165.4606103897102,-64.8448329,5.0,420.980407714844,3.18548822402954,68.4678955078125,-475.024993896484,74.3710577487946,13.963557779789,-2.880999917384954,1.10879092518848,-1.73198464213644,0.42519996917204617,99.7990493774414,475.319793701172,2.0,7.0,5.0,0.0,0.0,26050904.0,8.0,-55.81952223342436,87.70782175487315,31.28501987457275,30.26907737731932
2026-05-09 18:19:57+00:00,CAN,CAN,16.35999968117038,9.559999776534335,0.0,2.919999977380609,-3.350000064763124,-9.54000012887089,0.6722144915492405,-9.50976885783078,2.99664407003392,6.260419741337434,-1.017623908024675,4.920511991287873,6.273970495141282,-10.77081029183624,-25.91000023151458,-20.45334810170355,77.1827899932861,54.73145530700682,1.0,110.999999673762,0.0,1258.5546875,7624.5859375,134.84111648115,54.8650085449219,134.0848041702028,-2.932200082620426,32.2751804,-0.835212246996327,7.515176385641098,1904.0558338165279,992.9626822471633,1000.2073884010304,1231.787252426146,-64.8447197,5.0,430.677886962891,3.18548822402954,68.4678955078125,-476.024993896484,74.4079113006592,13.9576807618141,-4.049000002252297,-1.19781379656143,0.419658295188955,-0.4801999820862063,100.799034118652,476.319854736328,2.0,7.0,5.0,0.0,0.0,26050904.0,8.0,-55.02483996877713,87.40917856360355,31.25962772369385,31.458390655517558
2026-05-09 18:19:58+00:00,CAN,CAN,16.28000040749766,7.829999944682035,0.0,0.02000001051724265,-8.569999885588878,-16.50000011764488,0.6725082163639775,-9.534022005799851,2.9966441127226062,6.087152441623564,-2.6404619137808947,4.917803052885679,6.2747907154832365,-10.83108227163862,-32.76999976215982,-19.1008007450854,77.46034927368166,54.753156051635756,1.0,110.999999673762,0.0,1273.796875,7639.828125,134.50906000446,54.8156799316406,134.4696006355874,-0.8783999893536094,32.2750847,-0.020394401247969218,7.560502458363773,1904.128456115722,945.4106330871582,1047.0459103584283,1188.85941505432,-64.8446039,5.0,420.675354003906,3.18548822402954,68.4678955078125,-477.024993896484,74.380761384964,13.9537617564201,-3.23219996290264,1.40741693426349,2.03163101744042,1.2879999665439035,101.799018859863,477.319915771484,2.0,7.0,5.0,0.0,0.0,26050904.0,8.0,-54.097192362500515,87.1574143757023,31.344176101684603,32.9711208343506
2026-05-09 18:19:59+00:00,CAN,CAN,16.209999847750982,5.929999948727962,0.0,-3.81000002918328,-13.879999999202122,-22.86000008972232,0.672067615801659,-9.2914875379014,2.9970044905786835,6.046172416509227,-3.01977156013909,4.924847026976714,6.268774770239652,-11.3723879114763,-39.060000199018944,-19.6202554144851,77.94477767944335,55.01524108886715,1.0,110.999999673762,0.0,1289.0,7655.03125,138.336657034201,54.9221717834473,137.4899977129884,0.21659999549401174,32.2749859,-0.9299896461265021,7.379197794944048,1904.001355171204,1201.8593549728398,1293.01905632019,1312.645435333252,-64.8444917,5.0,410.787719726562,3.18548822402954,68.4678955078125,-478.024993896484,58.6616218090057,13.9439657330513,-3.346799993070924,-1.31294015683828,1.05173216519243,4.961599762636368,102.799003601074,478.319976806641,2.0,7.0,5.0,0.0,0.0,26050904.0,8.0,-53.885778883158935,86.9579489462758,31.6317638397217,33.42650276184082
2026-05-09 18:20:00+00:00,CAN,CAN,16.199999767787162,5.819999922899636,0.0,-4.099999957567727,-13.95999995589376,-23.219999553325103,0.6723613939772485,-8.74899933618631,3.596626840502786,5.309608658396458,0.298927311130852,4.916718674977576,6.279987208781144,-10.88525113590816,-39.44000050556825,-21.26740334415785,79.54886398315429,56.49249366760254,1.0,110.999999673762,0.0,1304.453125,7670.484375,145.790497116949,56.4628120422363,142.10680124471818,-0.9710000068857078,32.2748764,-3.2433574611099987,7.614893838763239,1904.0376663207978,1215.4807329177881,1294.723200798036,1407.3416471481319,-64.8443903,5.0,398.164398193359,3.18548822402954,68.4678955078125,-479.024993896484,52.0298719406128,13.9439657330513,-3.69739996378134,-0.680942752937003,-1.07061657103045,2.732999954016381,103.798988342285,479.320037841797,2.0,7.0,5.0,0.0,0.0,26050904.0,8.0,-56.44343337636726,86.82189157800914,32.1472337722778,31.54716430664062
2026-05-09 18:20:01+00:00,CAN,CAN,16.1999997677872,6.4499999233555085,0.0,-2.799999978310172,-12.33999997911506,-21.73999967151142,0.671773917667348,-8.276057401260761,4.001660131869668,4.217164126127796,2.642558995299505,4.956817349556888,6.24060613095151,-9.904110512580392,-37.93000072537262,-22.6679532702629,81.08951454162596,57.87590034484862,1.0,110.999999673762,0.0,1320.375,7686.40625,145.974502413189,57.9325904846191,141.785399863134,-1.9199999637826337,32.2747566,-4.398755206628434,7.451719697564842,1903.9832115173344,1056.74889087677,1168.813252449036,1271.2063550949101,-64.8442967,5.0,386.160400390625,3.18548822402954,68.4678955078125,-480.024993896484,51.9542217254639,13.9557212591171,-3.9367999724923095,0.548267555609122,-1.02510883485966,-2.2047999624302443,104.798973083496,480.320098876953,2.0,7.0,5.0,0.0,0.0,26050904.0,8.0,-57.284852576448145,86.77615321623215,31.995351219177252,30.483950042724622
2026-05-09 18:20:02+00:00,CAN,CAN,16.2999998844064,8.510000003447528,0.0,0.860000004010295,-6.409999859632346,-13.77999988258288,0.670745840795129,-7.6231130878355255,3.995534476712544,3.4974952678138784,2.489681218984635,5.003418961867604,6.190013809863485,-9.255994032992602,-30.070000370044397,-22.2669946990001,80.82566413879391,58.47004714965819,1.0,110.999999673762,0.0,1336.515625,7702.546875,142.866110642673,58.5054794311523,138.73739789318338,-3.006799963688178,32.274638,-4.105594266696109,7.487980648875238,1904.010438919068,1007.8114390373212,1054.965686798096,1241.8919086456299,-64.8441969,5.0,370.359466552734,3.18548822402954,68.4678955078125,-481.127014160156,51.9658625125885,13.9361292123795,-3.766999932933232,-0.184744810960143,-0.0725702796837095,-3.94859989267979,105.798957824707,481.320159912109,2.0,7.0,5.0,0.0,0.0,26050904.0,8.0,-57.65763405606369,86.6804076244469,31.297192382812497,30.45254219055176
2026-05-09 18:20:03+00:00,CAN,CAN,16.31999970282456,8.80000001720934,0.0,1.870000054883406,-5.340000011995258,-12.329999899151222,0.670011515418073,-7.213288504143245,3.996255147047344,3.2271697847110197,2.512794472414255,5.026177322936816,6.173058206758387,-9.494793838830255,-28.650000626504163,-20.7311660461938,80.6790687561035,58.71223388671874,1.0,110.999999673762,0.0,1352.828125,7718.859375,137.799503637114,58.7705108642578,134.1359950719944,-2.3111999663017864,32.2745242,-3.6934470344878796,7.433589268475773,1903.91969680786,976.4802932739258,1015.2646064758301,1222.84724712372,-64.8440868,5.0,360.111297607422,3.18548822402954,68.4678955078125,-482.127014160156,51.934826374054,13.967476785183,-3.654600034762656,-0.155503450442209,0.968635229976406,-4.803999721595401,106.798942565918,482.320220947266,2.0,7.0,5.0,0.0,0.0,26050904.0,8.0,-53.866430323278124,86.4970136301375,29.52129878997805,33.89255790710448
2026-05-09 18:20:04+00:00,CAN,CAN,16.3399998627522,8.749999958899721,0.0,1.7900000341587698,-5.410000059477778,-12.20000022565942,0.6692771900410175,-7.208759234949875,3.9962552324247085,4.058276124852776,-0.1250362443910305,5.028886602848466,6.158016678790822,-9.390271112452094,-28.53999974690218,-17.958538691312697,80.12367553710936,58.107722167968745,1.0,110.999999673762,0.0,1369.078125,7735.109375,132.231560746476,58.0805763244629,130.7792029817432,-2.09759992996348,32.2744212,-1.4713571418648366,7.46985021978617,1904.055857658388,969.7804450988764,983.7183117866513,1190.700984001162,-64.8439641,5.0,348.732879638672,3.18548822402954,68.4678955078125,-483.127014160156,51.9212484359741,13.9341697096825,-3.686600025977036,-0.695918476300785,-0.052255839673797,-2.131399910811914,107.798927307129,483.320281982422,2.0,7.0,5.0,0.0,0.0,26050904.0,8.0,-51.25873581515354,86.29967580463745,28.84719314575195,37.10771987915038
2026-05-09 18:20:05+00:00,CAN,CAN,16.3999996595162,9.216666657525307,0.0,2.5333333848570097,-4.21666669625715,-10.650000068690296,0.670011515418073,-7.22570749560162,3.9966154679851833,5.396001985201536,-2.07832517881439,4.755059167921657,5.857194714094194,-8.72931131590375,-27.066667381919768,-16.553349359214,79.1853057861328,57.22029790878295,1.0,110.999999673762,0.0,1369.078125,7735.109375,132.231560746476,58.0805763244629,129.96650609316,-1.6607500112810076,32.2743275,0.3493311723586391,7.5015785405412325,1904.2646586894975,800.9443879127502,865.4980212450027,1036.3335460424435,-64.8438348,5.0,348.732879638672,3.18548822402954,68.4678955078125,-483.127014160156,51.9212484359741,13.9341697096825,-3.945499915275443,-0.695918476300785,-0.052255839673797,0.6604999700707278,107.798927307129,483.320281982422,2.0,7.0,5.0,0.0,0.0,26050904.0,8.0,-49.69283981584725,86.139620566722,28.7083242416382,37.4846031188965
2026-05-09 18:20:06+00:00,CAN,CAN,16.32999978278838,8.739999878935905,0.0,1.7399999758491522,-5.75000004617184,-13.100000079949478,0.670892716542711,-7.25229870270095,3.99481372100038,5.165099784805562,-3.220458953096755,4.5945738273023,5.761204459241059,-9.813702713631507,-29.430000375002038,-15.71029398731745,77.9990398406982,56.12495429992674,1.0,110.999999673762,0.0,1400.8515625,7766.8828125,131.347529362202,56.0443256378174,132.17359976117962,-0.7443999914588404,32.2742361,0.6431836849526856,7.460785098373893,1904.0830612182617,865.5742287635803,956.4473748207085,1064.309155941009,-64.8437067,5.0,328.164886474609,3.18548822402954,68.4678955078125,-485.127014160156,51.84366106987,13.9165356755257,-2.9911999823785957,0.53845935060013,-0.475055878473666,3.787399829682036,109.798896789551,485.320404052734,2.0,7.0,5.0,0.0,0.0,26050904.0,8.0,-49.64622035966734,85.92349289081525,28.6704892158508,37.73344116210939
2026-05-09 18:20:07+00:00,CAN,CAN,16.28000040749766,7.989999687310524,0.0,0.16999999334703236,-7.940000055887725,-15.969999636166701,0.67030524023281,-7.25127630875956,3.995534476712544,5.664769872123296,-3.740039767552675,4.564770979877865,5.7874588526369415,-10.140240738980944,-32.2400009882289,-15.51007126066675,77.69731750488279,55.654996948242186,1.0,110.999999673762,0.0,1416.3515625,7782.3828125,136.549893207704,55.6987232208252,137.0483959303148,-0.567199999554963,32.2741398,0.7861319883842833,7.388263102620842,1904.0830373764038,967.4536705017077,1030.670070648192,1099.44534301758,-64.8435876,5.0,316.904357910156,3.18548822402954,68.4678955078125,-486.127014160156,51.828145980835,14.0184164047241,-3.4221999027338916,0.158050657435374,-1.3255316105732,5.161399785954801,110.798881530762,486.320465087891,2.0,7.0,5.0,0.0,0.0,26050904.0,8.0,-48.205482112750204,85.85207643285361,28.7073655128479,38.40309242248534
2026-05-09 18:20:08+00:00,CAN,CAN,16.36999941962474,9.690000133045036,0.0,3.1800000287274086,-3.1000000293471155,-9.320000077214251,0.6698646396704915,-7.24557736967083,3.99481372100038,6.596888776362695,-1.89024642178627,4.556371640123411,5.793201163426902,-9.88389315263714,-25.6699996784208,-16.22537818942195,77.24470138549805,55.52810142517092,1.0,110.999999673762,0.0,1431.78125,7797.8125,139.46728556827,55.5842491149902,139.3684008215418,-1.2415999835519207,32.2740363,0.1529582321413303,7.515176385641098,1904.1465997695918,888.9220714569094,986.1255168914806,1130.92076778412,-64.8434781,5.0,303.383758544922,3.18548822402954,68.4678955078125,-487.127014160156,51.81844830513,13.9263316988945,-3.555599985903954,1.3528015677213,0.596722304963367,-0.6359999908044426,111.798866271973,487.320526123047,2.0,7.0,5.0,0.0,0.0,26050904.0,8.0,-49.96658218645977,85.92247519262895,28.873673629760752,36.91876602172854
2026-05-09 18:20:09+00:00,CAN,CAN,16.2500001676062,8.70000041285429,0.0,1.39999998915509,-6.64999981508453,-14.4999998343168,0.669424065788599,-7.24703817637957,3.99481372100038,4.72618013204159,-2.59527978553444,4.52114980598885,5.82437764727079,-10.3626375040173,-30.7500000019231,-17.1049895875301,77.0921356201172,55.1157440185547,1.0,110.999999673762,0.0,1431.78125,7797.8125,139.46728556827,55.5842491149902,138.982997835359,-0.554000005313466,32.2739732,-0.492120465784708,7.38826300948858,1904.2192697525,1047.70421981812,1116.40703678131,1195.521235466,-64.8434141,5.0,303.383758544922,3.18548822402954,68.4678955078125,-487.127014160156,51.81844830513,13.9263316988945,-2.31300001996886,1.3528015677213,0.596722304963367,1.40199995392143,111.798866271973,487.320526123047,2.0,7.0,5.0,0.0,0.0,26050904.0,8.0,-50.4906468920398,86.0016165945419,28.8798809051514,35.3553943634033
2026-05-09 18:20:10+00:00,CAN,CAN,16.2833337674856,8.316666575562294,0.0,0.8666666866335767,-7.116666513710126,-14.833333271789733,0.670011515418073,-7.1488554877211,3.9954143507605164,7.521098236165863,-1.68640710997006,4.4868313782085165,5.866310313019613,-9.25319650134505,-31.083333154804766,-17.5445361662825,77.0991462707519,55.10168323516842,1.0,110.999999673762,0.0,1462.28125,7828.3125,147.25323676922,54.9629241943359,145.99024599922575,0.11700001990440748,32.2738094,-1.3396756250033999,7.490246905945245,1904.0717184543623,891.8661177158347,1068.799018859864,1156.518653035167,-64.8432684,5.0,283.088653564453,3.18548822402954,68.4678955078125,-489.127014160156,51.8378436565399,13.9851093292236,-5.106499899345002,-3.28722640011116,2.21450613081634,2.5907498493304124,113.798835754395,489.320648193359,2.0,7.0,5.0,0.0,0.0,26050904.0,8.0,-49.52577168120142,86.2028066467338,28.7284326553345,36.25448341369626
2026-05-09 18:20:11+00:00,CAN,CAN,16.19999976778716,6.5899998475658235,0.0,-2.630000006307482,-12.220000044077633,-20.9499998430497,0.669424065788599,-7.057101928062325,3.994092794533484,7.720607293425654,-0.9419727060971885,4.513292868631858,5.841606372565324,-11.016857952911641,-37.14999995234632,-17.28623036470365,77.9303066253662,55.16368354797362,1.0,110.999999673762,0.0,1477.6796875,7843.7109375,148.74216336677,55.2171306610107,147.04400075418621,3.213199870735546,32.2737036,-1.4423825082381188,7.497045863419769,1904.0921211242662,457.7573180198668,658.959949016571,614.4805192947388,-64.8431909,5.0,267.760803222656,3.18548822402954,68.4678955078125,-490.127014160156,51.8378436565399,13.9811918139458,-4.3039998642068,3.15941968691846,3.28951173871876,0.17399998090964747,114.798820495605,490.320709228516,2.0,7.0,5.0,0.0,0.0,26050904.0,8.0,-48.833046723880116,86.4717931566272,28.7436933517456,37.015758819580086
2026-05-09 18:20:12+00:00,CAN,CAN,16.08000051576866,4.929999892441304,0.0,-5.63999993496615,-16.45000005933528,-27.03999970516084,0.6675147877917424,-7.089391220476735,3.99481372100038,4.312424945236694,1.1941432635736344,4.540115789898778,5.812071524688448,-11.0977297832508,-43.11999987942006,-18.3992455484504,75.53071060180665,53.35353080749515,1.0,110.999999673762,0.0,1492.7734375,7858.8046875,145.756933567367,53.3474361419678,144.8534006269744,3.4082000639921177,32.2735889,-1.048223368949746,7.415458653122189,1903.92873287201,770.506250858306,828.9286494255066,680.492639541626,-64.8431046,5.0,253.838775634766,3.18548822402954,68.4678955078125,-491.127014160156,51.8397808074951,13.9518022537231,-1.3011999794617015,2.44171237355681,-2.05558256986895,-3.379000012778449,115.798805236816,491.320770263672,2.0,7.0,5.0,0.0,0.0,26050904.0,8.0,-53.29505153127966,86.8043448220314,28.818142890930197,32.1616413116455
2026-05-09 18:20:13+00:00,CAN,CAN,16.149999709477562,5.69999998786222,0.0,-4.340000041085962,-14.560000143344999,-24.4699999865372,0.668102264101643,-6.9225390905634345,3.9948136356230135,4.674415835869354,-0.983999286947102,4.448538662564,5.902591594871804,-10.24171190759266,-40.61000029906985,-19.53424796490905,73.27494964599609,52.45698532104492,1.0,110.999999673762,0.0,1507.3828125,7873.4140625,144.934838338486,52.4607776641846,143.9118016762994,2.0251999461056878,32.2734811,-0.7309874262557249,7.424523960798981,1904.10122871399,1012.9666090011597,1020.3706264495861,967.0762062072756,-64.8430151,5.0,242.878952026367,3.18548822402954,68.4678955078125,-492.127014160156,51.8514215946198,13.9831498265266,-2.418199980947572,-2.25300961471499,-1.61832880024354,0.47499997764417684,116.798789978027,492.320831298828,2.0,7.0,5.0,0.0,0.0,26050904.0,8.0,-54.829579203803725,86.91565299984049,28.94629497528075,28.713502578735337
2026-05-09 18:20:14+00:00,CAN,CAN,16.2300000076786,7.19000012039444,0.0,-1.6300000247260165,-10.350000117260274,-18.62000033601032,0.6676616635393244,-6.26608875565986,3.9958948545686255,5.579214495692896,-0.5626621259240705,4.441765590850922,5.915992084513911,-9.080136469413366,-34.86999947908818,-19.2392119672948,73.0819095611572,52.423869094848634,1.0,110.999999673762,0.0,1521.984375,7888.015625,143.751863234618,52.3811164855957,143.283399683977,0.31039998121374524,32.2733746,-0.464912055044333,7.397328317165377,1904.110288619994,907.2507500648499,1013.5112881660456,978.08541059494,-64.8429244,5.0,230.177856445312,3.18548822402954,68.4678955078125,-493.127014160156,51.828145980835,13.9361292123795,-3.132200059726812,0.646596613087065,-1.80112942186882,-1.3439999618412384,117.798774719238,493.320892333984,2.0,7.0,5.0,0.0,0.0,26050904.0,8.0,-55.44124381756478,86.98143796683149,28.83875942230225,28.341081848144523
2026-05-09 18:20:15+00:00,CAN,CAN,16.26000024757002,8.439999870587645,0.0,0.8900000304583309,-6.740000022494682,-14.4400002083076,0.6672210629770055,-5.78905553742148,3.9951739281017327,4.854872336571488,-1.5839614227741552,4.423883557962278,5.930212367611148,-8.803189203287545,-30.71000036508672,-19.9682723357175,72.16125869750975,52.127420196533194,1.0,110.999999673762,0.0,1536.46875,7902.5,143.239571726111,52.0854228973389,142.8474013884986,-0.849199980828625,32.2732698,-0.5627480795859067,7.3248065076768425,1903.96502017975,912.3449444770815,985.2356910705555,1063.3279323577901,-64.8428325,5.0,219.536895751953,3.18548822402954,68.4678955078125,-494.127014160156,51.8300831317902,13.959638774395,-3.3301998159347574,-0.972495567517932,-0.490676521105485,0.8295999952811599,118.798759460449,494.320953369141,2.0,7.0,5.0,0.0,0.0,26050904.0,8.0,-57.25937050669264,86.98538240107715,28.7899277687073,26.299288215637198
2026-05-09 18:20:16+00:00,CAN,CAN,16.28000040749766,8.239999978858622,0.0,0.7200000050947865,-7.030000121633854,-14.59999995093608,0.667367938724587,-5.78335766554981,3.99481372100038,5.460587770188111,-2.28899574701767,4.397602782960724,5.9570129200085375,-8.298886113278428,-30.87999967541482,-19.9967917905969,71.63381538391116,52.30918487548828,1.0,110.999999673762,0.0,1550.9921875,7917.0234375,143.511058085241,52.4071060180664,143.68699556203302,-1.0828000063398278,32.2731647,-0.005182783560781379,7.370132673531771,1903.9469003677361,827.0225167274477,920.4689979553225,1011.5446686744715,-64.8427408,5.0,207.095825195312,3.18548822402954,68.4678955078125,-495.127014160156,51.8417239189148,13.9694362878799,-3.5665999628735774,0.212786352700829,0.087520196405012,1.1241999393447428,119.79874420166,495.321014404297,2.0,7.0,5.0,0.0,0.0,26050904.0,8.0,-58.893740518466146,86.9393469260713,28.514022445678698,24.28381473541258
2026-05-09 18:20:17+00:00,CAN,CAN,16.32999978278838,8.590000045516502,0.0,1.3500000108867445,-6.240000037040038,-13.76000006416472,0.6675147877917424,-5.21296280498993,3.9944532577669323,5.960977332557542,-3.18000694429394,4.3940803690283845,5.93841644933271,-8.5247164144106,-30.09000052997202,-19.9522324902254,70.34648895263669,52.19911560058591,1.0,110.999999673762,0.0,1565.4921875,7931.5234375,146.503500564407,52.2808216094971,146.4130032899796,-0.8549999960448993,32.2730583,0.07265186175767271,7.406393531709912,1903.9741277694698,781.1657190322874,869.3926930427554,1004.7686457633966,-64.8426514,5.0,196.383010864258,3.18548822402954,68.4678955078125,-496.127014160156,51.8223285675049,13.9478847384453,-3.612399967107828,0.0566536577411187,0.0137581079083315,3.4885999282596325,120.798728942871,496.321075439453,2.0,7.0,5.0,0.0,0.0,26050904.0,8.0,-60.263611454630905,86.87309067602754,27.93751487731935,23.402966651916504
2026-05-09 18:20:18+00:00,CAN,CAN,16.29000048746148,7.849999933854937,0.0,-0.1500000148463004,-8.30000011713206,-16.209999847750982,0.667955415034488,-4.7736245470072,3.99481372100038,5.690652105586777,-0.333080298033541,4.408169170984101,5.954278112264866,-8.044446028015091,-32.49000025524864,-20.295516090362902,69.7846309661865,52.57730895996092,1.0,110.999999673762,0.0,1580.0390625,7946.0703125,148.549251503852,52.7059822082519,147.52440074342118,-1.5142000263701,32.2729475,-1.0262996836775353,7.424523960798979,1904.06486988068,814.8040890693662,860.373783111572,994.083642959595,-64.842569,5.0,183.236907958984,3.18548822402954,68.4678955078125,-497.127014160156,51.8708169460297,13.959638774395,-3.116799904139138,1.31284346697284,-1.36735574034725,-1.7931999777849228,121.798713684082,497.321136474609,2.0,7.0,5.0,0.0,0.0,26050904.0,8.0,-61.98761950303382,86.859228807107,27.07932558059695,22.10766620635986
2026-05-09 18:20:19+00:00,CAN,CAN,16.660000031028083,9.089999945593783,0.0,1.629999971365168,-5.979999921660214,-13.61999996919966,0.666780462414687,-4.718397131482355,3.9944532577669323,3.542789069653266,0.3645992264848765,4.409794414497105,5.9310325879531,-8.12150302694807,-30.27999965871834,-21.4001335565251,69.66135749816895,52.392224349975585,1.0,110.999999673762,0.0,1594.6484375,7960.6796875,146.938733878698,52.3915878295898,144.9253990170534,-1.980999977717536,32.272836,-2.09249632723828,7.352002244442701,1903.6926984786958,1077.977371215821,1022.4723696708655,1183.0747604370122,-64.8424867,5.0,171.812118530273,3.18548822402954,68.4678955078125,-498.127014160156,51.81844830513,13.9361292123795,-2.532799989771512,-0.210248683960118,-0.556415277597859,-1.9085999458349758,122.798698425293,498.321197509766,2.0,7.0,5.0,0.0,0.0,26050904.0,8.0,-61.80162798778306,86.79409953827636,26.53242874145505,22.466693229675297
2026-05-09 18:20:20+00:00,CAN,CAN,17.119999952759578,10.710000093127247,0.0,4.2400000525327695,-2.10999996764691,-7.949999965096803,0.6669273381622685,-4.71386786228899,3.9944532577669323,5.0888906684806745,-0.977170938726512,4.4100658291392465,5.917906074274076,-7.487500279506475,-25.070000003233737,-19.71851793097955,69.03829879760744,52.08184066772459,1.0,110.999999673762,0.0,1609.140625,7975.171875,144.653980959815,52.0895427703857,144.0410015346392,-3.2993999743349143,32.2727282,-0.6588782430379292,7.379197888076305,1903.7017822265639,921.7088580131531,984.2194676399216,1144.336271286012,-64.8423998,5.0,158.904754638672,3.18548822402954,68.4678955078125,-499.127014160156,51.828145980835,13.9929473400116,-3.514599982486294,-0.756386941435701,-1.28555365958747,-0.9127999649680284,123.798683166504,499.321258544922,2.0,7.0,5.0,0.0,0.0,26050904.0,8.0,-59.59941380690655,86.68835454954626,25.88949165344235,26.711899681091303
2026-05-09 18:20:21+00:00,CAN,CAN,17.849999642947857,11.789999849973402,0.0,5.7900000245176475,-0.6600000269039098,-6.889999919947096,0.667514814472169,-4.083862632469535,3.994813550245648,3.8487022288981003,-1.239850996221063,4.400853440741463,5.952637244694134,-8.52013899238359,-24.7599995734122,-18.90731600005095,69.48423042297365,51.792594680786124,1.0,110.999999673762,0.0,1623.609375,7989.640625,143.93560898367,51.84755859375,142.954796550932,-2.3825998610546995,32.2726226,-1.1369898520967245,7.388263009488585,1903.9650440216083,917.262864112854,887.770676612854,1116.673493385316,-64.8423101,5.0,149.550399780273,3.18548822402954,68.4678955078125,-500.024993896484,51.8048703670502,13.9243736863136,-2.8263999828014237,1.6081937600106,1.87862111965379,0.08699993809448796,124.798667907715,500.321319580078,2.0,7.0,5.0,0.0,0.0,26050904.0,8.0,-56.85918221001354,86.6282044886205,25.60285234451295,31.2522548675537
2026-05-09 18:20:22+00:00,CAN,CAN,18.11999975291414,10.519999939852575,0.0,3.370000075280364,-4.130000026704442,-11.530000161480398,0.667661663539324,-3.4290195264550354,3.99481372100038,4.783336777186184,-1.803036698833695,4.4008537822509215,5.952910452260934,-9.270489743468122,-29.640000346694897,-18.26730166161135,69.5000026702881,51.37099983215332,1.0,110.999999673762,0.0,1637.8828125,8003.9140625,145.736866471586,51.4087474822998,144.4629979423192,-1.52599996790192,32.2725177,-0.9972199345067079,7.49704595655203,1904.01041507721,834.4499468803403,873.4595417976379,1009.0486288070667,-64.842222,5.0,138.877166748047,3.18548822402954,68.4678955078125,-501.024993896484,51.8572390079498,14.0047028660774,-3.361199910143332,-1.07804568241331,0.648847694027113,1.2613999122151667,125.798652648926,501.321380615234,2.0,7.0,5.0,0.0,0.0,26050904.0,8.0,-54.425137065309514,86.64077886688244,25.56171798706055,33.9758603668213
2026-05-09 18:20:23+00:00,CAN,CAN,18.10999967295032,9.440000012251664,0.0,1.239999990394508,-7.279999900917767,-15.579999932672461,0.6658992879704759,-3.372914858508665,3.9937323313000364,4.1416738018356885,-0.5469017045381045,4.370508788561116,5.976703245479942,-9.476101660128682,-33.690000288641706,-18.1576002858045,69.76852912902835,51.23771232604979,1.0,110.999999673762,0.0,1652.1640625,8018.1953125,145.806056287878,51.1651290893555,144.5542000922684,-1.7131999784046297,32.2724116,-1.24411556356758,7.342936936765909,1903.6110162735,794.9479103088379,810.2703928947448,952.0178079605103,-64.8421367,5.0,126.319725036621,3.18548822402954,68.4678955078125,-502.024993896484,51.8242657184601,13.9870688319206,-3.119599982878068,-0.490606511666492,-0.181888057659359,-0.17520000445916933,126.798637390137,502.321441650391,2.0,7.0,5.0,0.0,0.0,26050904.0,8.0,-53.882734667845895,86.75660521482754,25.520663452148447,33.950043869018536
2026-05-09 18:20:24+00:00,CAN,CAN,18.17000015273324,10.390000095606089,0.0,2.7999999996545144,-4.789999968230989,-12.339999808360322,0.666486764280376,-3.367947603434775,3.995534476712544,5.56843065152182,-0.24586868744079599,4.367257533138828,5.9838130455191045,-9.078610434398055,-30.500000393393883,-17.751570299083,69.8238452911377,51.10165557861328,1.0,110.999999673762,0.0,1666.3671875,8032.3984375,144.781295685944,51.1032176971436,143.90759701184638,-2.475400019137736,32.2723061,-1.1611359795392346,7.451719790697098,1903.8470745086659,669.1139340400696,683.8553905487063,851.4314770698551,-64.8420511,5.0,115.532646179199,3.18548822402954,68.4678955078125,-503.024993896484,51.8320262432098,13.965517282486,-3.146399980322588,0.885762997311907,-0.254036319697769,-1.1963999820877893,127.798622131348,503.321502685547,2.0,7.0,5.0,0.0,0.0,26050904.0,8.0,-52.66974019955686,86.88770728085134,25.39462881088255,34.18044296264648
2026-05-09 18:20:25+00:00,CAN,CAN,18.1499999928056,9.02000006886599,0.0,0.21999997161537296,-9.06000004721181,-17.88999962129366,0.6658992879704759,-3.369992711482665,3.9948136356230135,3.2652740440526884,-0.0005264314941935133,4.363193485205303,5.9876419641904475,-9.245694107724225,-36.0300005586638,-18.5114723867029,69.8307014465332,50.8946401977539,1.0,110.999999673762,0.0,1680.515625,8046.546875,146.122389669098,50.9011276245117,143.13899855662018,-1.3259999907955338,32.2722013,-2.592063620209008,7.451719697564842,1903.9832115173363,869.461667537689,859.6050262451174,995.8858013153076,-64.8419654,5.0,102.911422729492,3.18548822402954,68.4678955078125,-504.024993896484,51.8029272556305,13.9772728085518,-2.134399921994452,-0.522833371883022,1.85826032573798,-0.9517999529265332,128.79866027832,504.321563720703,2.0,7.0,5.0,0.0,0.0,26050904.0,8.0,-52.42654926510183,87.01892887518565,25.3225936889648,33.967466812133786
2026-05-09 18:20:26+00:00,CAN,CAN,18.16000007276942,8.27000004799534,0.0,-1.0499999865302305,-10.530000019816379,-19.8600003477492,0.666780462414687,-3.310674119366695,3.9944532577669323,3.73870271533396,0.6582755962375519,4.33474514967065,6.01991221745255,-8.739102221324234,-37.99999855304364,-18.5338182043462,70.52680892944335,51.2948062133789,1.0,110.999999673762,0.0,1694.703125,8060.734375,144.257638742658,51.3193393707275,141.7291928704164,-0.9293999873577198,32.2720964,-2.624821847798622,7.415458653122188,1903.9468765258819,999.442028999328,955.5534005165104,1080.058383941652,-64.841879,5.0,92.3025970458984,3.18548822402954,68.4678955078125,-505.024993896484,51.8824577331543,13.9949053525925,-2.342400014298306,0.425768246247075,-0.146796013127288,-1.3711999842555398,129.798721313477,505.321624755859,2.0,7.0,5.0,0.0,0.0,26050904.0,8.0,-51.70281285838244,87.131691883288,25.498597240448,33.93322586059574
2026-05-09 18:20:27+00:00,CAN,CAN,18.18000023269706,8.310000026341145,0.0,-1.0299999760129872,-10.530000019816379,-19.7500004926756,0.6653118116605755,-3.31330384891885,3.9944532577669323,2.884590035567442,1.507257437899555,4.35696187673868,5.997760889445824,-7.915890939532778,-37.92999935933476,-18.6281200648956,71.07864875793456,51.4840258026123,1.0,110.999999673762,0.0,1708.9921875,8075.0234375,143.149686436634,51.4116725921631,139.7295948852304,-0.6082000003045795,32.2719927,-3.1184304410487482,7.342936936765911,1903.837966918946,1068.933010101322,1071.714043617246,1140.06175994873,-64.8417891,5.0,79.8580551147461,3.18548822402954,68.4678955078125,-506.024993896484,51.8262028694153,14.0007838606834,-2.395400019757448,-1.50399879733523,0.0746368788151011,-3.151399934927128,130.798782348633,506.321685791016,2.0,7.0,5.0,0.0,0.0,26050904.0,8.0,-50.92617595352238,87.215276323256,25.6088244438171,34.26598457336428
2026-05-09 18:20:28+00:00,CAN,CAN,18.2000003926247,8.280000127959154,0.0,-0.980000003080731,-10.5100000306435,-19.900000326095,0.664871211098257,-3.30073928905379,2.040995884475338,3.073674004342312,1.74051666898769,4.3626519365814875,5.989009368062284,-6.845105193254321,-38.080000558792,-18.356029234024447,71.33981437683104,51.22591644287108,1.0,110.999999673762,0.0,1723.28125,8089.3125,139.07655776661,51.2746696472168,135.92419323821701,-0.5817999958133288,32.2718925,-3.252269363872982,334.4121314585209,1903.8743019104,1004.199588298797,1028.249764442444,1098.4112739563002,-64.8416938,5.0,69.5381011962891,3.18548822402954,68.4678955078125,-507.127014160156,51.8126249313354,13.9909878373146,-2.678599939870272,-0.200837537057486,0.64093892193762,-4.034799953590478,131.798843383789,507.321746826172,2.0,7.0,5.0,0.0,0.0,26050904.0,8.0,-49.680058482853426,87.24906868417466,25.495870399475102,34.39090393066406
2026-05-09 18:20:29+00:00,CAN,CAN,18.2200005525523,8.279999957204428,0.0,-1.020000002770877,-10.450000063124799,-20.05000015951438,0.668542864663962,-3.290658463447385,-1.0807163824283226,3.006452178993376,2.01055139947532,4.399770087361734,5.951816768220084,-5.847943336699897,-38.24999918610122,-18.13801813345405,70.98896255493165,49.6778295135498,1.0,110.999999673762,0.0,1737.328125,8103.359375,134.869693992637,49.6954193115234,131.385398663036,0.565599986387228,32.2717998,-3.65377793611868,1419.6810007095323,1903.865170478822,1078.7571549415595,1060.5712771415704,1106.514239311218,-64.8415921,5.0,58.1405220031738,3.18548822402954,68.4678955078125,-508.024993896484,51.8359005451202,13.9988243579864,-1.9685998760010839,0.421467628308347,1.45312221231168,-4.847200070454178,132.798904418945,508.321807861328,2.0,7.0,5.0,0.0,0.0,26050904.0,8.0,-46.80619901598155,87.2045324356916,25.89014225006105,34.44040283203126
2026-05-09 18:20:30+00:00,CAN,CAN,18.200000392624652,8.362500061953035,0.0,-1.012500012167124,-10.5124999652571,-19.97500007204995,0.781484124695369,-3.3273304961531203,-0.18254364909797446,3.029907827671654,3.375438720128695,4.56991895748833,5.800790762910915,-5.095971162739425,-38.1624995109462,-16.34743025479555,70.68779296874999,47.477892494201676,1.0,110.999999673762,0.0,1750.859375,8116.890625,127.512050294159,47.4103660583496,125.41500121895251,0.30950003041942403,32.2717224,-2.41083911809556,1884.915322065355,1903.69725227356,1214.7860825061775,1171.2104082107526,1186.5394413471224,-64.8414905,5.0,49.4499015808106,3.18548822402954,68.4678955078125,-509.127014160156,51.8262028694153,13.9851093292236,-1.475749962021275,0.138771834853205,-3.29380131096094,-8.59899984427636,133.798965454102,509.321868896484,2.0,7.0,5.0,0.0,0.0,26050904.0,8.0,-40.30453135825315,87.1329862041357,26.407414627075198,35.80916662216185
2026-05-09 18:20:31+00:00,CAN,CAN,12.359999712155824,5.979999964348897,0.0,-0.320000002857248,-7.280000028983825,-13.419999949404623,1.023962963904685,-3.47884180774716,2.444948293069979,0.8578700948949909,9.019380698774334,5.807019233759391,4.545335249707774,-2.8110626862984542,-25.77000047805897,-15.05205755794595,68.7000743865967,43.45297599792481,1.0,110.999999673762,0.0,1763.515625,8129.546875,114.913465841747,43.4566989898682,111.23619990960121,-3.255799909999302,32.2716589,-3.24118097864229,1889.8468971252441,1903.5565376281738,1191.9316053390498,1080.255782604219,1204.63981628418,-64.8413711,5.0,41.9309539794922,3.18548822402954,68.4678955078125,-510.127014160156,51.3393461704254,13.9713943004608,-1.6627999911747662,-0.994011303733707,-3.81737138277897,-19.366800242500098,134.799026489258,510.321929931641,2.0,7.0,5.0,0.0,0.0,26050904.0,8.0,-31.4585587037783,87.0852056157969,26.917648029327403,36.4864677429199
2026-05-09 18:20:32+00:00,CAN,CAN,-12.950000161152735,-5.83999997610556,0.0,0.6300000004558746,6.559999906495153,12.899999804022324,1.035272102983785,-4.211704243660015,6.8635601082596,1.598747992586608,14.828287754131601,6.240519814435873,4.111603637882614,7.5271482896666155,25.839999757145204,-5.65212257091974,67.08804702758789,39.19137451171876,1.0,110.999999673762,0.0,1774.9609375,8140.9921875,89.5664084355874,39.0192077636719,86.78479477157006,-4.94480014397644,32.271635,-2.8839820633539457,1890.028214454652,1903.665447235108,1023.4222531318649,889.0628933906555,1120.490026473998,-64.8412543,5.0,39.9360771179199,3.18548822402954,68.4678955078125,-511.127014160156,51.3742625713348,21.1637929081917,-2.4005999708386216,-1.09979834081592,-0.52436749640363,-27.04679881697016,135.799087524414,511.321990966797,2.0,7.0,5.0,0.0,0.0,26050904.0,8.0,0.7429717562147026,87.0389208388863,27.1857822418213,36.8989288330078
2026-05-09 18:20:33+00:00,CAN,CAN,-18.41000002280806,-6.860000128286822,0.0,3.7900000400103786,14.790000104210762,25.629999700075,1.054512052184625,-5.296973704894265,7.760831472730958,2.29900543193501,12.9826967889738,6.41581619259743,3.939040957558992,12.05595682946048,44.02999964291918,13.896468951328874,61.646281814575204,37.56621505737304,1.0,110.999999673762,0.0,1785.515625,8151.546875,60.9837060044849,37.4171779632568,61.06619898022355,-5.903799940713345,32.2716587,-0.44644905053375394,1889.883160591128,1903.7018299102779,861.2082481384277,790.6661510467529,1069.9510097503662,-64.8411472,5.0,38.8172836303711,3.18548822402954,68.4678955078125,-512.127014160156,64.2556488513946,21.2264895439148,-2.911999883527478,-0.432430562173894,-0.701040050961236,-22.59579881036138,136.79914855957,512.321960449219,2.0,7.0,5.0,0.0,0.0,26050904.0,8.0,45.404439975638724,86.99408747717435,27.37696752548215,29.62246879577636
2026-05-09 18:20:34+00:00,CAN,CAN,-18.210000472588497,-6.840000139113923,0.0,3.8600000448042193,14.6200001108637,25.40999998992782,1.07345776964262,-5.89030604823434,7.761191765209676,3.17252959470007,6.304321379869245,6.057907279144858,3.3387634217387587,12.79486359859062,43.62999985946118,26.5171166223073,56.26734981536865,38.17566925048828,1.0,110.999999673762,0.0,1795.96875,8162.0,43.1813541026965,38.1348255157471,44.963999325123936,-6.12399994615795,32.2717172,1.3096098206320097,1889.883184432984,1752.2049188613898,598.7437129020689,624.1560339927672,892.8241610527039,-64.8410605,5.0,42.2921752929688,3.18548822402954,68.4678955078125,-513.127014160156,80.2347004413605,21.2970212101936,-3.7754000410839716,-1.17528676546167,0.0640072701872432,-9.983999990962188,137.799209594727,513.321716308594,2.0,7.0,5.0,0.0,0.0,26050904.0,8.0,66.00088839517159,86.95064747405306,27.4928518295288,18.548218460083
2026-05-09 18:20:35+00:00,CAN,CAN,-18.2200005525523,-6.860000128286825,0.0,3.740000109766806,14.55999997259028,25.78999995496768,1.10004139950084,-5.90593971091426,7.31615934927064,4.534939701791016,0.921480164235593,5.94275899822964,3.17631949591578,13.07104724956728,44.020000245974316,30.5993670099676,54.47230052947995,38.83474731445314,1.0,110.999999673762,0.0,1806.6953125,8172.7265625,36.6153293290231,38.8723960876465,39.20239939792994,-5.607999986440454,32.2717917,2.443051901719098,1890.0282144546497,1365.86842536926,409.9144279956819,365.9210145473482,692.0797467231753,-64.8409875,5.0,49.2395133972168,3.18548822402954,68.4678955078125,-514.127014160156,80.2172422409058,21.2872251868248,-2.8320000122132365,2.38421456046317,0.00073612479464474,-3.234799874410206,138.799270629883,514.321472167969,2.0,7.0,5.0,0.0,0.0,26050904.0,8.0,74.52362439623235,87.1786665093048,27.54270658493045,11.855028419494602
2026-05-09 18:20:36+00:00,CAN,CAN,-18.2400007124799,-6.800000160768116,0.0,3.800000077285514,14.599999950936061,25.730000158203723,1.366019264425745,-5.897903566468919,5.5962092016309875,5.00046020929652,-1.45262243456351,5.909704553873456,3.2025728647832876,15.100466694443123,43.98000060913795,34.266096009281,52.6499485015869,39.05004707336426,1.0,110.999999673762,0.0,1817.5234375,8183.5546875,33.3163172240557,39.1071910858154,37.122800090014586,-6.0743999661789605,32.2718725,3.7943989379679612,1889.9013280868537,886.2479567527769,685.6283307075499,477.903252840042,732.707405090332,-64.840922,5.0,59.9576568603516,3.18548822402954,68.4678955078125,-515.127014160156,80.3316831588745,21.3773503899574,-0.5821999834305122,1.61780831848445,-0.554326306928893,-0.6449999709912098,139.799331665039,515.321228027344,2.0,7.0,5.0,0.0,0.0,26050904.0,8.0,81.8894684198277,88.015211003375,27.5094446182251,6.772723846435545
2026-05-09 18:20:37+00:00,CAN,CAN,-18.300000167734417,-7.680000025885269,0.0,2.2100000415774685,12.080000119867309,21.959999723168103,2.03089143601935,-5.89089066973861,5.108295321290044,4.997224919441419,-2.3394298638490447,6.327219418306982,3.73229394883574,14.860141195099601,40.26000023241198,33.99087524422265,52.0747764587402,38.61830703735352,1.0,110.999999673762,0.0,1828.328125,8194.359375,34.6249575633681,38.449377822876,36.94620145091038,-4.079400021653602,32.2719538,2.64921189837187,1890.0191783905018,305.0273582339286,1073.7288713455214,740.0862812995913,843.2389020919798,-64.840858,5.0,69.8443298339844,3.18548822402954,68.4678955078125,-516.127014160156,80.2540957927704,21.3264107704163,0.6247999960138437,0.0917178345677675,3.51711306521404,-0.8591999353944357,140.799392700195,516.320983886719,2.0,7.0,5.0,0.0,0.0,26050904.0,8.0,77.57781315153309,88.9385876923636,27.4790777206421,7.07470015525818
2026-05-09 18:20:38+00:00,CAN,CAN,-18.33999980457078,-8.489999758142535,0.0,0.4800000069539146,9.86999986484642,19.43000032439968,2.4971970951142897,-5.89249811207109,5.754763420099008,3.375632996321896,-1.8545217043019,6.763970144500019,4.38425830086981,13.379275074544442,37.74999996904281,30.47328684053105,55.7184419631958,39.10079566955566,1.0,110.999999673762,0.0,1839.0703125,8205.1015625,31.4084746341419,39.1286315917969,35.689398832303866,-3.072200049519422,32.2720354,3.7834456624167876,1890.0463581085219,4.221632424741983,1181.3289642334,926.5822291374209,967.0686602592474,-64.840795,5.0,78.0827941894531,3.18548822402954,68.4678955078125,-517.127014160156,80.28125166893,21.3185742497444,-0.44500000989308025,-1.40480694822689,-0.837044645344382,-0.3287999598869543,141.799453735352,517.320739746094,2.0,7.0,5.0,0.0,0.0,26050904.0,8.0,69.61669218705231,89.63093323267651,27.548174858093248,12.311686992645267
2026-05-09 18:20:39+00:00,CAN,CAN,-18.339999804570777,-8.489999928897264,0.0,0.5800000061792779,9.789999908154813,19.330000207780436,2.527157719908555,-0.5126147418740226,4.690649402601818,2.991713484538134,-2.157129286776205,6.744734282740514,4.388907354505746,15.739047376175922,37.679999409296116,29.711748068831298,57.4220952987671,40.29151725769042,1.0,110.999999673762,0.0,1850.0859375,8216.1171875,31.890914800882,40.2348793029785,35.77799868017944,-3.100799972564972,32.2721204,4.0169094683427335,1889.964771270752,5.538050085306166,1251.8054485321022,1062.34574317932,1109.820604324344,-64.8407331,5.0,88.3065490722656,3.18548822402954,68.4678955078125,-518.127014160156,80.2366375923157,21.3009402155876,-1.0007999995045134,-0.586448900038875,-0.160069992191318,-0.38300000557087777,142.799514770508,518.320495605469,2.0,7.0,5.0,0.0,0.0,26050904.0,8.0,68.48028258086995,90.10635538004445,27.60336141586305,15.093998107910181
2026-05-09 18:20:40+00:00,CAN,CAN,-18.289999746261138,-8.489999928897262,0.0,0.5400000064891325,9.799999988118628,19.30999970634336,2.53699831495525,0.8046689083482865,4.698937495650168,2.98632134900919,-2.59948344680346,6.490865969688071,3.9108731720444943,14.63049572105182,37.59999945260452,28.48531332504825,59.1520042419434,41.56439323425293,1.0,110.999999673762,0.0,1861.46875,8227.5,32.2648813183185,41.6172821044922,35.7229992649068,-2.02879990402945,32.2722082,3.6557539525342486,1890.0463581085219,5.556207336485384,1248.7841367721562,1096.1651802063,1152.12893486023,-64.8406693,5.0,97.2452621459961,3.18548822402954,68.4678955078125,-519.127014160156,85.1866960525513,21.3577583432198,-1.342599975832628,0.0968754211338139,2.0312799030284,0.3037999889288253,143.799575805664,519.320251464844,2.0,7.0,5.0,0.0,0.0,26050904.0,8.0,65.98630594129364,90.52881624058804,27.55923929214475,16.872397613525422
2026-05-09 18:20:41+00:00,CAN,CAN,-18.30999956467932,-9.500000150525091,0.0,-1.3199999791026236,6.669999889634797,14.830000082556541,2.5346484097156496,0.804815277167766,4.34471338387746,2.985602471599046,-1.3743438776418149,6.399830305599744,3.942049143624196,13.062273700823662,33.12999990878152,26.124482344095448,61.036997222900396,42.83174514770508,1.0,110.999999673762,0.0,1873.15625,8239.1875,31.351650875342,42.7997543334961,35.08099699990928,-0.2983999778382468,32.272298,3.611634601722644,1890.0372743606542,5.547128617763521,1115.648984909058,1027.070403099062,1084.734582901002,-64.8406029,5.0,107.99333190918,3.18548822402954,68.4678955078125,-520.127014160156,91.5333151817322,21.3303297758102,-1.7107999993406762,-0.912760654027705,1.59567935934725,-1.00100002799766,144.79963684082,520.320007324219,2.0,7.0,5.0,0.0,0.0,26050904.0,8.0,62.48516190104774,90.84210335743819,27.5017430305481,20.059420509338377
2026-05-09 18:20:42+00:00,CAN,CAN,-18.2900000877706,-9.609999834843961,0.0,-1.6800000083304458,6.6899999641850645,14.93999993763014,2.129586709030685,0.8035001722678475,4.204897704020004,2.985961867615432,-2.3667488062601,6.352957961665802,3.981429538434914,11.92854630992834,33.21999994543692,25.6755775524065,62.88886642456055,44.14816955566408,1.0,110.999999673762,0.0,1885.296875,8251.328125,31.6938365225704,44.149397277832,35.23140049750866,0.275999990925092,32.2723921,3.527738448996368,1889.901328086852,5.46542126685381,946.1226224899285,999.4511842727665,902.6037335395815,-64.8405362,5.0,117.594360351562,3.18548822402954,68.4678955078125,-521.127014160156,91.546893119812,21.3362067937851,-1.874000005760432,0.557051605768581,0.102360083047654,0.7961999913777438,145.799697875977,521.319763183594,2.0,7.0,5.0,0.0,0.0,26050904.0,8.0,62.22102482546502,91.0426923529831,27.37651433944705,21.64143081665038
2026-05-09 18:20:43+00:00,CAN,CAN,-18.31999964464314,-9.749999929809007,0.0,-1.860000060296952,6.270000148865436,14.639999929281874,1.1101751590733149,0.8035001722678474,4.006344958621382,2.9848834234341703,-1.508310247527095,6.293893986195481,4.050892391539216,11.916720520399378,32.96000025694396,25.07712833016105,63.04969596862795,45.11542373657226,1.0,110.999999673762,0.0,1897.6640625,8263.6953125,31.4840848282539,45.2120876312256,35.77659917441851,-0.6445999753698987,32.2724871,3.7832664553284383,1889.955663681032,5.4381854832172385,1009.4293594360349,986.9153738021853,905.1897287368774,-64.8404661,5.0,129.081878662109,3.18548822402954,68.4678955078125,-522.127014160156,83.5748255252838,21.3381662964821,-1.543599978010866,0.470645443899689,-1.86067266317547,0.6029999665140797,146.799758911133,522.319519042969,2.0,7.0,5.0,0.0,0.0,26050904.0,8.0,63.19712169560021,91.25090042454724,27.0229914665222,21.060228652954077
2026-05-09 18:20:44+00:00,CAN,CAN,-18.27000026935242,-8.089999974684492,0.0,1.30000004329058,10.979999861584059,20.8799999663219,0.643428325786891,0.802185547615605,3.252132034381984,2.98488342343417,-1.1510648602719644,6.231036182150676,4.109963026443976,14.69343830481968,39.149999552655444,25.08747862807455,62.9170497894287,45.75460281372072,1.0,110.999999673762,0.0,1910.3203125,8276.3515625,33.8575960554009,45.7776638031006,36.51920056362546,-1.821400014598904,32.2725836,2.984731707857228,1889.9375438690217,5.456342827528714,1192.644476890564,1122.08602428436,1138.12735080719,-64.8403935,5.0,138.985931396484,3.18548822402954,68.4678955078125,-523.127014160156,82.2791218757629,21.3342472910881,-1.1899999961179077,0.048761210737557,-0.468489825525462,0.19600001022110058,147.799819946289,523.319274902344,2.0,7.0,5.0,0.0,0.0,26050904.0,8.0,64.84772023684165,91.5117487640446,26.578565311431902,19.239347076416017
2026-05-09 18:20:45+00:00,CAN,CAN,-18.31999964464314,-9.499999809015636,0.0,-1.2000000013765275,6.889999983980134,14.820000173347461,0.27449607131526255,0.8020391521156995,4.794069992580034,2.985602300844314,-0.515905398950087,6.183351301837595,4.143873805767352,14.60303033511608,33.12999956727206,24.30550649169905,62.8351810455322,46.061490097045905,1.0,110.999999673762,0.0,1923.0390625,8289.0703125,34.035273181375,45.9262813568115,35.89599976035624,0.1225999906192808,32.2726792,1.94880216714932,1889.937567710876,5.329242441803214,1123.844003677366,1168.38080883026,1145.180010795592,-64.8403177,5.0,147.586242675781,3.18548822402954,68.4678955078125,-524.025024414062,71.919310092926,21.3597178459167,-2.148800031165932,-1.28922787447411,3.12624503123289,-1.0227999854602707,148.799880981445,524.319030761719,2.0,7.0,5.0,0.0,0.0,26050904.0,8.0,64.44708183069619,91.8155760688943,26.73226146698,18.851168518066398
2026-05-09 18:20:46+00:00,CAN,CAN,-18.2900000877706,-10.280000069777747,0.0,-2.9199999560362677,4.809999957403892,12.700000296491455,-0.3448472065293785,0.802916057691679,3.702569392454668,2.985602300844314,-1.24615478057731,6.209361259838556,4.1315674270529135,13.65736690962044,30.990000555016803,24.30184380275665,64.9736972808838,47.67746498107908,1.0,110.999999673762,0.0,1936.0546875,8302.0859375,32.392636591649,47.8757984161377,35.74039985483634,0.2700000002430181,32.2727779,3.172172119674384,1889.928483963014,5.383714102208613,1031.1941266059864,1146.797060966494,1033.6404085159293,-64.8402422,5.0,159.216583251953,3.18548822402954,68.4678955078125,-525.025024414062,67.8828418254852,21.3479623198509,-2.3946000765395903,1.13295506725493,-1.61037824660624,0.6927999826804851,149.799942016602,525.318786621094,2.0,7.0,5.0,0.0,0.0,26050904.0,8.0,63.795350644244934,92.06949176638406,27.072465133667002,20.733431053161638
2026-05-09 18:20:47+00:00,CAN,CAN,-18.31999964464314,-9.610000005598696,0.0,-1.6299999713651663,6.469999912528408,14.639999929281903,-0.790150647576339,0.8026237469395434,3.7674326254171517,2.984523728597,-0.852134721015908,6.141355883725772,4.201576951422912,14.6076079278978,32.94999915245175,23.54850894202375,65.85315284729005,48.86564323425292,1.0,110.999999673762,0.0,1949.453125,8315.484375,34.1772830595033,48.8626899719238,36.40099935890596,-0.5750000088860524,32.2728795,2.428830039140614,1889.9013042449958,5.420028418302536,1065.320801734926,1072.7764487266547,1073.4490394592278,-64.8401641,5.0,169.629501342773,3.18548822402954,68.4678955078125,-526.025024414062,67.8712069988251,21.3636368513107,-2.8741999944906977,-0.48210281942812,-0.0562322870961605,0.6388000028423049,150.800003051758,526.318542480469,2.0,7.0,5.0,0.0,0.0,26050904.0,8.0,63.57005958654774,92.3057070286398,26.84994306564335,21.99706306457522
2026-05-09 18:20:48+00:00,CAN,CAN,-18.3499998845346,-9.60000026714434,0.0,-1.6499999605380702,6.290000009972292,14.67000016917332,-1.25337311659125,0.803208341763388,4.55623870756669,2.985242947516608,-0.6945266918552625,6.106947354366636,4.224549182790509,14.352404739749463,33.02000039521738,22.6684151618055,67.1213081359863,50.13953750610352,1.0,110.999999673762,0.0,1963.1875,8329.21875,33.8363712425551,50.164631652832,36.29720029107038,-0.8297999917577957,32.2729823,2.4314686265943584,1890.137004852292,5.5289714597165585,918.4485554695127,963.5722637176511,1029.3686866760254,-64.840082,5.0,181.944366455078,3.18548822402954,68.4678955078125,-527.025024414062,67.890602350235,21.3910654187202,-3.0306000139831797,-0.0177829861410366,-0.0117815435435064,-0.916999972352655,151.800064086914,527.318298339844,2.0,7.0,5.0,0.0,0.0,26050904.0,8.0,62.64676144473458,92.5403718379539,26.81993923187255,23.62957237243652
2026-05-09 18:20:49+00:00,CAN,CAN,-18.28000000780678,-10.030000119739098,0.0,-2.419999991925964,5.2499999326511455,12.92999991584775,-1.238538746126775,0.8026237469395434,4.669388816640224,2.985602300844314,-1.37907218281646,6.071725264099986,4.270219071921071,14.297472943349641,31.209999240635618,22.06950148669645,68.816646194458,51.74044601440428,1.0,110.999999673762,0.0,1977.359375,8343.390625,34.0457028802376,51.7884967803955,36.13759926073469,-0.1317999966311511,32.2730891,2.4559373097204196,1890.18235206604,5.64699312672019,908.3209395408633,1047.288060188294,1001.5012621879569,-64.8399987,5.0,192.719024658203,3.18548822402954,68.4678955078125,-528.025024414062,67.9235756397247,21.4243724942207,-2.389599972524658,1.91590199969102,1.72243635784188,0.6375999919659858,152.80012512207,528.318054199219,2.0,7.0,5.0,0.0,0.0,26050904.0,8.0,62.21438588159176,92.7305891912442,26.683697605133048,25.207277069091777
2026-05-09 18:20:50+00:00,CAN,CAN,-18.339999804570777,-10.8199997774461,0.0,-3.9799999798416317,2.9500000678616702,10.179999782403769,-1.251463438387995,0.803208341763388,2.649626960429994,2.984523899351732,-1.153692215266175,5.985838111230651,4.361559789333202,13.89578542014768,28.50999984852018,21.84434173938605,69.8906867980957,52.57875091552735,1.0,110.999999673762,0.0,1991.859375,8357.890625,32.5621277359029,52.5244228363037,35.76520027171266,0.2719999866872092,32.2731987,3.183790186075212,1889.9738311767578,5.565285962074992,1246.1464405059837,1284.226822853088,1240.024733543396,-64.8399138,5.0,207.372833251953,3.18548822402954,68.4678955078125,-529.127014160156,67.8595662117004,21.4576795697212,-1.795000010107654,-0.657091999159583,0.0968819044774401,-1.3091999879374685,153.800186157227,529.317810058594,2.0,7.0,5.0,0.0,0.0,26050904.0,8.0,61.422471892615135,92.90183569411475,26.4500184059143,26.622742195129376
2026-05-09 18:20:51+00:00,CAN,CAN,-18.319999986152602,-10.789999879064121,0.0,-3.9499999960822763,3.0999999866584362,10.3299999573326,-1.2508759353976648,0.8023314628678345,4.003822399006168,2.9848834234341703,-0.7034588050412824,5.954680410406976,4.37742145226536,12.99132050044246,28.65999968193958,21.4150003170273,71.24718589782715,53.69729576110838,1.0,110.999999673762,0.0,2006.609375,8372.640625,32.273074130228,53.7568759918213,34.95620056452726,0.7706000048095423,32.2733119,2.773616110140838,1890.0735616683942,5.5017356760799885,1191.017365455626,1288.213372230532,1234.925222396852,-64.8398305,5.0,214.220108032227,3.18548822402954,68.4678955078125,-530.127014160156,67.8576290607452,21.4224144816399,-3.3077999544196075,-1.46775354473091,1.7876370234937,-0.3283999829419418,154.800247192383,530.317565917969,2.0,7.0,5.0,0.0,0.0,26050904.0,8.0,60.76731331723833,93.0183040798418,26.450672435760502,27.997337837219238
2026-05-09 18:20:52+00:00,CAN,CAN,-18.28000000780678,-11.490000012379861,0.0,-5.2099999969940285,0.9899999816589258,7.139999891330082,-1.26600357710963,0.8026237469395441,3.9785979981371207,2.98380519269632,-0.82901951991516,5.834925679160769,4.365935379270241,12.06549416410804,25.399999909963963,20.58974954074965,71.7623073577881,54.23968116760252,1.0,110.999999673762,0.0,2021.609375,8387.640625,31.8969561032029,54.1651519775391,34.23059951616444,1.9919999973758422,32.2734266,2.3563347101108723,1889.9647474288963,5.556207243353128,1115.24193286896,1286.657738685608,1173.047804832458,-64.8397452,5.0,205.762954711914,3.18548822402954,68.4678955078125,-531.127014160156,67.8789615631104,21.479232609272,-3.149800005802736,-0.561314924471138,1.33134314106153,-0.5896000171506108,155.800308227539,531.317321777344,2.0,7.0,5.0,0.0,0.0,26050904.0,8.0,60.14884651808286,93.09584380239434,26.67277994155885,28.455359573364262
2026-05-09 18:20:53+00:00,CAN,CAN,-18.329999724606957,-12.44000009573426,0.0,-7.109999907570736,-1.780000034236235,3.3600000593495745,-1.2629194265342498,0.802185067367929,3.3811377019061064,2.985602300844314,-1.3338909083436499,5.581599683128425,4.134028771097691,11.16102907364808,21.700000034675078,20.08580196208685,72.58111152648925,54.725551528930666,1.0,110.999999673762,0.0,2036.7734375,8402.8046875,32.5669805853082,54.8957187652588,34.657398912868864,3.145599994416048,32.2735432,2.0840236910162924,1890.037298202514,5.510814394801854,1074.8765707015987,1297.957468032836,1124.68054294586,-64.8396603,5.0,200.085479736328,3.18548822402954,68.4678955078125,-532.127014160156,67.8304731845856,16.7123824357986,-3.438399958850738,0.147698958799478,2.23675397793377,1.1485999570582992,156.800369262695,532.317077636719,2.0,7.0,5.0,0.0,0.0,26050904.0,8.0,58.95777490797288,93.12336263456041,26.21063146591185,30.237396240234357
2026-05-09 18:20:54+00:00,CAN,CAN,-18.30999990618878,-14.439999696043401,0.0,-10.940000224747697,-7.560000090847856,-4.0499999846354715,-1.2777528898642299,0.8027696621917735,4.195888684504759,2.984524070106464,0.8437271316735935,5.53093385212946,4.185715630000214,9.775149369351904,14.270000214960561,18.377696301619,71.53204078674321,54.667609634399426,1.0,110.999999673762,0.0,2051.9609375,8417.9921875,34.738085986591,54.7019199371338,35.19199986826252,3.0921999106262796,32.2736572,0.7314302946542911,1890.0826215743996,5.5471287108957785,857.5117588043213,1128.5296440124519,944.2785263061521,-64.8395702,5.0,191.143325805664,3.18548822402954,68.4678955078125,-533.127014160156,67.8944826126099,16.757445037365,-3.4759999794769323,0.421055602482751,-2.40262960423917,-0.2932000234220158,157.800430297852,533.316833496094,2.0,7.0,5.0,0.0,0.0,26050904.0,8.0,58.801472859006275,93.14456695683864,25.55948810577395,31.352380828857417
2026-05-09 18:20:55+00:00,CAN,CAN,-18.2999994847155,-13.089999829230958,0.0,-8.720000060517728,-3.5200000794544954,1.6600000138214575,-1.92309093387501,0.801454557291855,3.593023488828782,2.9841643752692937,-0.4927883252169102,5.536623399708079,4.19583429912349,12.16429489950902,19.96000012285894,18.557055361676248,71.3547626495361,54.31320648193359,1.0,110.999999673762,0.0,2067.1328125,8433.1640625,34.4772683829449,54.4094741821289,36.14639995948022,1.0861999891312966,32.2737706,1.3741364106457739,1889.910387992856,5.538049992173911,1016.2241339683535,1074.139761924744,995.9185600280769,-64.8394797,5.0,185.489440917969,3.18548822402954,68.4678955078125,-534.127014160156,67.8227126598358,16.7006269097328,-2.7205998829824223,-0.00334502761634422,-1.94969564127012,2.6723998143068513,158.800491333008,534.316589355469,2.0,7.0,5.0,0.0,0.0,26050904.0,8.0,58.13298243738855,93.17125933611504,25.0940926551819,32.00525917053222
2026-05-09 18:20:56+00:00,CAN,CAN,-18.31999964464314,-12.37999995746086,0.0,-7.120000072911912,-1.589999993019362,3.8000000345968283,-3.10684772087688,0.8013086420396256,4.25210344656281,2.984524070106464,0.855810149861957,5.5322887055286945,4.199662449398556,13.2099026048274,22.14000013798838,17.6123573834198,70.96524925231935,53.39449676513673,1.0,110.999999673762,0.0,2082.09375,8448.125,37.5459938298561,53.4110298156738,38.09960115265318,0.26460001166405056,32.2738795,0.42423416975123446,1889.9557113647438,5.538050085306169,1105.785751342774,1138.7900114059441,1092.936968803404,-64.8393855,5.0,176.251937866211,3.18548822402954,68.4678955078125,-535.127014160156,67.9119408130646,16.7163014411926,-2.466600003411092,0.261850883201483,-1.45108425461808,0.2849999897881572,159.800552368164,535.316345214844,2.0,7.0,5.0,0.0,0.0,26050904.0,8.0,55.48451989614598,93.20350124409215,25.040663909912098,33.61351959228514
2026-05-09 18:20:57+00:00,CAN,CAN,-18.2400007124799,-11.629999936590178,0.0,-5.810000013690546,0.47999999628174245,6.860000042909469,-4.225395144407894,0.80087041603526,3.8686913751456986,2.984524070106464,2.7376498494197747,5.571032782840867,4.165478035621558,15.01158475975482,25.099999901615696,16.79631626346425,70.16562309265134,52.361622619628896,1.0,110.999999673762,0.0,2096.796875,8462.828125,37.5716070392437,52.315665435791,36.727800005029,-0.6568000085725647,32.2739844,-0.8440327292780978,1890.0191307067878,5.519892834126948,1268.5579776763898,1274.60584640503,1298.713707923886,-64.8392895,5.0,168.199081420898,3.18548822402954,68.4678955078125,-536.127014160156,67.8130149841309,16.6751563549042,-1.9260000501807384,-0.230529663380214,-0.541956620898588,-3.489999903596074,160.80061340332,536.316101074219,2.0,7.0,5.0,0.0,0.0,26050904.0,8.0,55.29560232785478,93.2044028290626,25.262341403961152,33.11313148498537
2026-05-09 18:20:58+00:00,CAN,CAN,-18.29999982622496,-11.89999987580172,0.0,-5.939999943314412,-0.13000003634556964,5.250000103405878,-4.237878809219975,0.801162700106969,5.83259871908791,2.9834458393686143,2.9104938695041698,5.615737395486974,4.121995941459518,14.74341070086316,23.5499998015648,17.664570764529948,70.296150970459,51.9914115142822,1.0,110.999999673762,0.0,2111.234375,8477.265625,34.1931495889453,51.8914867401123,32.48259974528297,1.0238000025279952,32.27409,-1.785388205053812,1890.2185916900617,5.501735769212247,1213.56084346771,1324.553561210632,1255.654096603394,-64.839199,5.0,162.190536499023,3.18548822402954,68.4678955078125,-537.127014160156,67.8770244121552,16.6614413261414,-3.39379997616498,-1.64705871032673,2.74480842127847,-3.063399857701963,161.800674438477,537.315856933594,2.0,7.0,5.0,0.0,0.0,26050904.0,8.0,56.83796900848928,93.15655052373751,27.52288827896115,30.48855606079102
2026-05-09 18:20:59+00:00,CAN,CAN,-18.25000045093426,-13.119999898367638,0.0,-8.610000034689406,-3.7900000400103786,1.1200000019962395,-4.237585111085664,0.801162700106969,5.742871463112463,2.984164546024026,1.23301888606035,5.663422361177416,4.0585496312403535,13.21676967701892,19.390000004544422,18.4863816867868,71.52970275878906,52.1124870300293,1.0,110.999999673762,0.0,2125.7265625,8491.7578125,32.5014175994652,52.2038108825684,32.129798618046436,1.8985999992732896,32.2741997,-0.5884040897135587,1890.1279449462897,5.492657050490378,1028.908812999725,1188.9335155487038,1107.8135490417478,-64.8391149,5.0,154.968719482422,3.18548822402954,68.4678955078125,-538.127014160156,67.8265929222107,16.7143419384956,-3.275399970251962,1.91439807741314,-0.423253776137158,0.9689999780863389,162.800735473633,538.315612792969,2.0,7.0,5.0,0.0,0.0,26050904.0,8.0,56.245062143245846,93.0246424953916,28.1916741371155,29.97631713867188
2026-05-09 18:21:00+00:00,CAN,CAN,-18.2999994847155,-13.14999979674962,0.0,-8.509999918070166,-3.800000077285514,1.0500000078745688,-4.235382161634925,0.800432216711321,4.443449061726598,2.98380519269632,2.34625621103765,5.6246781131105195,4.111330430315813,13.092791498299459,19.299999967889022,18.49780859326825,70.81194877624515,51.14440956115722,1.0,110.999999673762,0.0,2140.09375,8506.125,33.3740425678261,51.2503074645996,32.315799695562056,1.2250000091869997,32.2743087,-0.8391208734416781,1890.0916576385498,5.501735769212247,1177.893376350402,1276.692867279056,1197.936844825744,-64.8390322,5.0,147.05387878418,3.18548822402954,68.4678955078125,-539.127014160156,67.8401708602905,16.6614413261414,-2.3275998908292204,0.519245281412944,-0.884753036449244,-0.9381999817400224,163.800796508789,539.315368652344,2.0,7.0,5.0,0.0,0.0,26050904.0,8.0,55.31168195919882,92.87785831503345,27.7835783958435,30.562062835693343
2026-05-09 18:21:01+00:00,CAN,CAN,-18.2999994847155,-12.429999845015699,0.0,-7.359999942986741,-1.8400000444436242,3.809999986494598,-4.24081600400649,0.8010163312874901,4.868301598385472,2.983086315286176,2.8863257787346153,5.659900715641358,4.074684843248768,13.90227051400986,22.109999898096937,18.431690654555247,70.18079795837406,50.947426757812494,1.0,110.999999673762,0.0,2154.1796875,8520.2109375,29.7282002869946,50.9346393585205,29.961800269817097,-0.24879998451904745,32.2744169,-0.10115266034887019,1890.200448036192,5.401871073991061,1117.49265193939,1176.145625114442,1163.767957687378,-64.8389526,5.0,141.333633422852,3.18548822402954,68.4678955078125,-540.127014160156,67.8479313850403,16.7084634304047,-3.129999970417786,-0.989380222033027,-2.59626930919044,-2.2981999391884536,164.800857543945,540.315124511719,2.0,7.0,5.0,0.0,0.0,26050904.0,8.0,55.3488511656431,92.6973227548917,27.77257318496705,30.52011909484862
2026-05-09 18:21:02+00:00,CAN,CAN,-18.289999746261138,-10.6499999548538,0.0,-3.9800000652189937,3.380000005833792,10.690000103954322,-2.090667704170575,0.7999939907069564,4.007785957781526,3.7732125876249123,-0.1675910976845598,5.711378314623181,4.018348759955584,14.652621094339679,28.98000121625332,20.077709041694,71.4347774505615,51.75049507141114,1.0,110.999999673762,0.0,2168.4609375,8534.4921875,26.7246911938259,51.8056697845459,28.668198982528743,-0.9401999891950499,32.2745308,1.8540525450111178,1890.0644779205322,5.538050085306168,988.9931917190552,1097.3609447479262,1119.4860935211182,-64.8388814,5.0,136.031860351562,3.18548822402954,68.4678955078125,-541.127014160156,67.8168952465057,16.6790753602982,-3.179200000132186,0.0617778270730422,0.487818247020393,-0.6957999778547702,165.800918579102,541.314880371094,2.0,7.0,5.0,0.0,0.0,26050904.0,8.0,56.189317554334764,92.4623096059299,27.83467597961425,29.43387405395506
2026-05-09 18:21:03+00:00,CAN,CAN,-18.30999990618878,-11.490000012379861,0.0,-5.170000018648222,1.0200000081069613,7.330000044604745,-1.0968113069928052,0.800139905959186,4.30615589879568,5.003335718937094,-1.0901222572786886,5.445047126146944,3.80968733458534,14.660250757152038,25.64000046305776,20.06555557383965,72.20418434143065,52.37670616149901,1.0,110.999999673762,0.0,2182.9140625,8548.9453125,26.3916494623488,52.4497913360596,28.51399960729816,-0.24419998551517583,32.2746478,2.133338083710608,1890.0282382965102,5.5108143016695985,934.3522787094118,1024.836587905884,996.7036604881283,-64.8388127,5.0,131.883544921875,3.18548822402954,68.4678955078125,-542.127014160156,67.8731441497803,16.7025864124298,-2.843799889712032,1.24338673969446,0.512461889710916,0.3157999901365387,166.800979614258,542.314636230469,2.0,7.0,5.0,0.0,0.0,26050904.0,8.0,55.66854431691581,92.2190455884507,27.830484867095947,29.659999465942384
2026-05-09 18:21:04+00:00,CAN,CAN,-18.25000045093426,-11.099999967376181,0.0,-4.780000059021902,2.0600000587476783,8.910000043037668,-1.081537243100515,0.799409395883112,2.576115427317804,4.99794396760629,-1.35437966158469,5.342632537656106,3.748155526390532,15.927493661414378,27.16000066472668,20.4294620764024,73.16019058227539,52.981531677246096,1.0,110.999999673762,0.0,2197.5625,8563.59375,25.7636767474159,53.0446323394775,28.88779878510004,-1.042400003024246,32.2747669,3.165700259303704,1889.9375677108778,5.51081420853734,1111.1891746521,1073.260021209716,1117.900681495666,-64.8387446,5.0,126.352378845215,3.18548822402954,68.4678955078125,-543.127014160156,67.8343534469604,16.688871383667,-1.6923999392921658,0.910291113755922,-0.891034622690688,0.2577999780460276,167.801040649414,543.314392089844,2.0,7.0,5.0,0.0,0.0,26050904.0,8.0,55.395303965207276,91.96603830612051,27.71169691085815,30.66572433471678
2026-05-09 18:21:05+00:00,CAN,CAN,-18.220000552552282,-9.530000048907084,0.0,-1.7500000558129691,6.270000020799385,14.600000292445518,-1.110176119568665,0.7998480754547266,2.4662089750811083,4.99794396760629,-1.74787427682768,5.30172081443347,3.793279000387492,16.151797756776524,32.82000016197892,20.5446489478864,73.6791984558105,53.901023483276376,1.0,110.999999673762,0.0,2212.3671875,8578.3984375,25.8953201059314,54.0007038116455,29.081800063190478,-1.0595999668190719,32.2748879,3.2878742862426122,1889.8922681808479,5.365556757897136,1176.910734176634,1175.5566835403438,1207.984209060668,-64.8386764,5.0,121.361968994141,3.18548822402954,68.4678955078125,-544.127014160156,67.8479313850403,16.6829943656921,-2.213800017322202,-0.921363063843924,0.00487032550149744,0.013200012917796222,168.80110168457,544.314147949219,2.0,7.0,5.0,0.0,0.0,26050904.0,8.0,55.813858640564604,91.7295395910142,27.5297058105469,30.715670242309557
2026-05-09 18:21:06+00:00,CAN,CAN,-18.25000045093426,-8.369999993859851,0.0,0.8199999883118941,10.020000039775267,19.18000003285158,-0.696743008199652,0.7994093958831126,3.626175391446684,4.997224919441419,-0.3493652032425689,5.213124381652483,3.751437517664084,14.44243141414266,37.40999998234878,19.6668108376416,74.8698657989502,55.49244529724122,1.0,110.999999673762,0.0,2227.5390625,8593.5703125,25.8072704297935,55.5407947540283,27.606600096816038,0.3576000101432258,32.2750115,1.9583989244426463,1889.928483963014,5.410949792712926,1064.84377384186,1111.142420768736,1081.3246726989742,-64.8386058,5.0,115.583534240723,3.18548822402954,68.4678955078125,-545.127014160156,67.8382337093353,16.694749891758,-2.614600000130196,-0.499356837766925,1.54281988503029,-3.2761999561584956,169.801162719727,545.313903808594,2.0,7.0,5.0,0.0,0.0,26050904.0,8.0,55.97716641456283,91.5125478961775,27.70199031829835,31.2692163848877
2026-05-09 18:21:07+00:00,CAN,CAN,-18.2900000877706,-9.260000109695545,0.0,-0.9000000090365244,7.419999910505449,15.79999998432912,-0.040535932084195994,0.799993990706956,2.366752242699026,4.997943882228924,1.879211450769323,4.650658218124571,3.2736761158828136,13.32853974637068,34.079999992135924,18.960146659507352,76.25803985595705,56.969398498535135,1.0,110.999999673762,0.0,2243.1796875,8609.2109375,21.5452255575164,56.8166164398193,22.38439967441708,0.9757999916940433,32.2751407,1.1881463681545301,1889.9466276168837,5.39279254153371,1070.2235937118521,1074.513506889342,1102.64220237732,-64.8385388,5.0,111.174217224121,3.18548822402954,68.4678955078125,-546.127014160156,67.8149521350861,17.2668501734734,-2.0848000273928298,-0.244512047787009,-0.29428499697064,-7.572599911564518,170.801223754883,546.313659667969,2.0,7.0,5.0,0.0,0.0,26050904.0,8.0,56.685459763568815,91.25077406604754,28.17835235595705,31.531989440917982
2026-05-09 18:21:08+00:00,CAN,CAN,-18.30999956467932,-7.599999983816295,0.0,1.719999986676249,11.949999934111343,21.959999723168078,2.07862277229096,0.801454557291855,3.5706816839215785,4.997584443523854,5.524160524284285,4.176788658132368,2.86319045525624,14.332949458162881,40.26999962935688,18.8021481623057,76.13223953247065,59.492725982666016,1.0,110.999999673762,0.0,2259.3046875,8625.3359375,10.2888509704137,59.4236068725586,10.073200212465768,0.051399999628517136,32.2752803,-0.047983267532337795,1890.481472015382,5.601600185036661,978.9282917976377,1082.8125238418581,1015.0109291076653,-64.8384908,6.0,108.33219909668,3.18548822402954,68.4678955078125,-547.127014160156,67.8867220878601,27.7057200670242,-2.398400052284326,0.598195864915944,0.390971954242151,-16.990599286858004,171.801284790039,547.313415527344,2.0,7.0,5.0,0.0,0.0,26050904.0,8.0,63.551246513497816,90.9740079706895,27.559903621673598,28.040566635131842
2026-05-09 18:21:09+00:00,CAN,CAN,-18.3099999061888,-7.530000021711137,0.0,2.4900000554167407,12.560000201526433,22.610000139683663,2.894769279930925,0.8020396323633749,3.695002353939258,4.997224748686686,6.2901363576236005,4.11636957313072,2.9140565815526163,14.05638399961164,40.90999996590864,19.30933325063505,74.66257781982421,63.35755554199218,1.0,110.999999673762,0.0,15.328125,8642.3203125,351.749961123238,63.3168663024902,351.31159958230614,0.2819999866097458,32.2754328,-0.7914494827522086,1890.4180288314842,5.510814301669596,1063.2084369659437,1122.678112983704,1080.5840015411382,-64.8384866,6.0,107.848167419434,3.18548822402954,68.4678955078125,-548.127014160156,67.8382337093353,34.7531348466873,-2.8110000406571602,-1.3383202860204,0.61184183582569,-18.342998599125877,1.00000011920929,548.313171386719,2.0,7.0,6.0,0.0,0.0,26050904.0,8.0,75.13311769285626,90.7057898570777,27.00712566375735,19.277842483520523
2026-05-09 18:21:10+00:00,CAN,CAN,-19.360000106162442,-10.099999825712153,0.0,-1.1700000176171774,7.93000014667864,17.03999999606794,2.861430166096735,0.8014550108591045,3.498972082778482,4.997224834064052,4.765014453228165,4.03075298112988,3.004850456944328,14.397418076946058,36.400000785249304,20.9691896010323,72.4809539794922,67.98906188964843,1.0,110.999999673762,0.0,33.6015625,8660.59375,335.297838582618,68.1373306274414,335.2145922370138,0.5633999571091615,32.27559,-0.4270495843992843,1890.300178527832,5.410949699580669,962.1886014938352,1084.10770893097,1055.5064201355,-64.8385416,6.0,111.057662963867,3.18548822402954,68.4678955078125,-549.127014160156,67.8731441497803,37.7664566040039,-3.234199842291622,-0.0285396719725272,0.222555670988276,-13.683799058689482,2.00000023841858,549.312927246094,2.0,7.0,6.0,0.0,0.0,26050904.0,8.0,94.00658600745638,90.44585676292911,26.7253134727478,-0.19901149749757963
2026-05-09 18:21:11+00:00,CAN,CAN,-22.20000027626178,-14.9999997343941,0.0,-7.660000122089732,-0.5099999800410981,6.519999970838024,2.89006946945172,0.800139905959186,2.868359328976692,4.9965057858991795,1.4715309595070438,3.947575449681652,3.068570017418974,14.013659458805922,28.710000081758658,22.39860049147515,67.5752185821533,70.7845166015625,1.0,110.999999673762,0.0,52.953125,8679.9453125,324.835163566696,70.8937660217285,326.0375937813954,1.2799999687403099,32.2757405,0.6387805981681518,1889.5658969879144,5.519892927259205,921.163821220398,1052.0925521850581,1020.3348875045791,-64.8386447,6.0,119.786773681641,3.18548822402954,68.4678955078125,-550.127014160156,67.8343534469604,36.5419268608093,-2.735799956716098,1.13923041027658,-0.382635601638445,-4.685000067761934,2.99999928474426,550.312683105469,2.0,7.0,6.0,0.0,0.0,26050904.0,8.0,109.74943301786759,90.17902176262419,26.47149324417115,-22.792893791198743
2026-05-09 18:21:12+00:00,CAN,CAN,-22.95999986483208,-15.959999897712342,0.0,-9.390000124696774,-2.580000012030884,4.270000078980804,2.95131300097487,0.7991175653786525,1.9400978381040779,4.997584443523854,0.78120992995279,3.862230186945594,3.159363850122,14.909350659012802,27.230000541454462,22.727211137728247,65.2152935028076,71.16976181030273,1.0,110.999999673762,0.0,72.7265625,8699.71875,321.806958217035,71.0553337097168,322.8065864548993,0.8414000221903455,32.2758839,0.9149151624961924,1889.3846035003662,5.474499892443417,1096.600365638734,1157.4826240539537,1095.6680059433,-64.8387698,6.0,133.858337402344,3.18548822402954,68.4678955078125,-551.127014160156,67.8712069988251,33.9537620544434,-2.18299996227895,-1.27231579248063,-0.820776522123586,-3.196199914089524,3.99999833106995,551.312438964844,2.0,7.0,6.0,0.0,0.0,26050904.0,8.0,115.95129396160121,89.8065442264267,26.380235481262197,-37.249133834838865
2026-05-09 18:21:13+00:00,CAN,CAN,-23.800000093112896,-16.819999944411318,0.0,-10.200000113086126,-3.5899999775266282,3.2899999691783677,2.9474944983420146,0.7992634806308825,2.1069397867666497,4.9965057858991795,0.856861105199849,3.8240279997667,3.20284649923691,15.184008104219378,27.11000026490762,21.91591443792495,62.65335731506345,71.14103942871094,1.0,110.999999673762,0.0,92.484375,8719.4765625,318.479235411892,71.0610054016113,319.22240370680004,1.429799955093462,32.2760217,0.5554576850762238,1889.248609542846,5.392792634665964,1194.918632507324,1277.158260345458,1113.805675506594,-64.8389036,6.0,144.758392333984,3.18548822402954,68.4678955078125,-552.025024414062,67.8421080112457,33.9968651533127,-2.126400062929074,-0.388595288534824,0.617143930251471,-3.080799876670364,4.99999761581421,552.312194824219,2.0,7.0,6.0,0.0,0.0,26050904.0,8.0,120.8890808673378,89.47440578746735,26.3212200164795,-43.9510432434082
2026-05-09 18:21:14+00:00,CAN,CAN,-23.36000033130906,-16.100000334186838,0.0,-9.699999871499397,-2.880000020379146,3.979999937152948,2.96688134997086,0.7985329705548085,1.508758841545176,4.9954270428971395,-0.29735565392034347,3.955432813925472,3.3037584461103444,13.706576202778901,27.3400000550186,22.603996232648548,61.65546226501465,71.4304577636719,1.0,110.999999673762,0.0,112.2890625,8739.28125,315.825925485395,71.4227508544922,317.4557944025058,2.40860000065873,32.2761528,1.628842574465964,1889.212369918824,5.3473995067179185,1257.273817062378,1364.97926712036,1198.4226226806638,-64.8390468,6.0,157.824630737305,3.18548822402954,68.4678955078125,-553.025024414062,67.8421080112457,33.9596390724182,-2.229400041320468,0.313776169066888,0.859356525485286,-1.450399965712781,5.99999666213989,553.311950683594,2.0,7.0,6.0,0.0,0.0,26050904.0,8.0,124.196802146516,89.19289954082525,26.276876449585,-47.16641189575192
2026-05-09 18:21:15+00:00,CAN,CAN,-23.14000062116188,-17.780000107729524,0.0,-12.7000001257367,-7.769999977163328,-3.000000040793924,2.985827440954825,0.7985324903071325,1.6658712284237438,4.995786566979576,-0.6824436336462605,3.9256293688594837,3.308134249490802,13.747394096277798,20.160000014587983,22.7382137187075,60.24126091003415,71.73074295043943,1.0,110.999999673762,0.0,132.15625,8759.1484375,314.111138192372,71.8396408081054,316.180199201417,2.123599984190146,32.2762794,2.0215950789834602,1889.2486095428478,5.4472641088068485,1171.539163589476,1331.0815811157202,1130.496311187746,-64.8391968,6.0,174.295455932617,3.18548822402954,68.4678955078125,-554.025024414062,67.8537487983704,29.8275858163834,-2.6986000144205398,0.331924461939288,-0.738053272960359,-0.3713999938146272,6.99999570846558,554.311706542969,2.0,7.0,6.0,0.0,0.0,26050904.0,8.0,128.8195014975374,88.97917609150639,26.20806083679195,-51.877192153930665
2026-05-09 18:21:16+00:00,CAN,CAN,-23.140000621161875,-18.52000021939108,0.0,-14.440000037552839,-10.080000007293995,-5.550000079737627,2.282475957928925,0.7989711965591735,1.1357966714095764,4.996505615144448,-0.9146537636861335,3.9383634881706926,3.307860615037174,16.3020967524816,17.59000029596432,22.2118272610739,58.6091114044189,71.4501109313965,1.0,110.999999673762,0.0,152.0859375,8779.078125,314.920788816585,71.5180160522461,317.0715880654654,1.1611999431935953,32.2764056,2.081262587044318,1889.3754959106438,5.438185483217238,1327.312064170836,1334.985566139222,1276.4619827270478,-64.839348,6.0,188.519165039062,3.18548822402954,68.4678955078125,-555.025024414062,67.8459882736206,24.1516456007957,-1.478600013198936,1.10315964766122,-2.46994538737788,1.3195999578847797,7.99999475479126,555.311462402344,2.0,7.0,6.0,0.0,0.0,26050904.0,8.0,132.3692464318412,88.8859269338628,26.1512975692749,-55.77060676574706
2026-05-09 18:21:17+00:00,CAN,CAN,-23.16000043958006,-17.679999991110282,0.0,-12.77000017321926,-7.619999972989197,-2.48999997537546,0.5535449773105485,0.7975101497265991,1.132553388098707,4.996146091062012,0.6015358007396541,3.9145210907028334,3.333020513307248,17.294681699273177,20.68000041610234,21.105372474025,56.154405212402295,70.70893615722653,1.0,110.999999673762,0.0,171.8046875,8798.796875,315.6789124937,70.6967468261719,316.5791860678208,0.023400004064257785,32.2765329,0.9668418891046242,1889.2848730087298,5.329242348670958,1563.818311691284,1483.421635627748,1497.4633693695082,-64.8394949,6.0,205.241226196289,3.18548822402954,68.4678955078125,-556.025024414062,67.8789615631104,24.1516456007957,-2.083799938287954,-1.56132820357714,-0.426505106264643,-2.044599924504344,8.99999809265137,556.311218261719,2.0,7.0,6.0,0.0,0.0,26050904.0,8.0,135.00627045528063,88.9307602955748,26.1045550346374,-57.441292190551735
2026-05-09 18:21:18+00:00,CAN,CAN,-23.2299996332889,-19.24000017112504,0.0,-15.4600003391445,-11.950000104866081,-8.499999966172409,-0.4165186893472105,0.798240659802673,2.65719408432277,4.997224919441418,0.8552856260182545,3.944866084392636,3.3086811768885864,16.863620947545602,14.730000307446739,19.60316286608715,55.709726715087896,70.93833068847655,1.0,110.999999673762,0.0,191.453125,8818.4453125,314.536467732367,70.9920799255371,314.81458757121857,0.7467999972032209,32.2766588,0.2004644633204796,1889.6565437316901,5.420028418302534,1235.910773277284,1304.9786567687977,1304.3464899063122,-64.8396423,6.0,218.864730834961,3.18548822402954,68.4678955078125,-557.025024414062,67.8110778331756,24.0928679704666,-3.3201999494143557,0.220548929393614,0.863403786094489,-0.8689999721908709,10.0000019073486,557.310974121094,2.0,7.0,6.0,0.0,0.0,26050904.0,8.0,135.0984424920922,88.9985396778034,25.97798223495485,-56.75567321777341
2026-05-09 18:21:19+00:00,CAN,CAN,-23.2399997132527,-18.870000286048956,0.0,-15.180000149214402,-10.940000053992978,-6.640000033941476,-1.5303659422132698,0.7980942643027675,2.52422519953275,4.995426957519774,0.425014484179354,3.9500134857058904,3.2788724384259935,17.498386285608024,16.590000495809758,19.31259381219015,55.293010139465295,70.79273574829101,1.0,110.999999673762,0.0,211.15625,8838.1484375,313.275669453096,70.7492065429688,314.0597751698136,0.33140000046108253,32.2767827,0.5608904709029046,1889.040088653564,5.483578518033026,1087.5418424606319,1210.291576385498,1191.99390411377,-64.8397925,6.0,235.394424438477,3.18548822402954,68.4678955078125,-558.025024414062,67.8343534469604,24.1085425019264,-2.425599871927384,0.00035127996615147,-1.25575845343717,-0.9521999485478461,11.0000057220459,558.310729980469,2.0,7.0,6.0,0.0,0.0,26050904.0,8.0,137.1101408404118,89.033616114286,25.818004131317103,-57.00892936706541
2026-05-09 18:21:20+00:00,CAN,CAN,-23.21999989483454,-17.31000010603422,0.0,-12.00000016317568,-6.309999999145195,-0.650000021645287,-1.532128344462545,0.7976565452265045,2.794487802206562,4.996146091062012,1.031806929238342,3.9502848149706664,3.2794193658237836,18.197620413208377,22.56000008137404,18.955289541233853,54.3222599029541,70.56092697143552,1.0,110.999999673762,0.0,230.7890625,8857.78125,312.951044222224,70.5678153991699,312.8826002625886,0.17659999647087704,32.2769041,0.059290604348632744,1889.457106590268,5.392792634665964,1196.8250274658199,1297.34563827515,1217.513942718506,-64.8399447,6.0,244.085647583008,3.18548822402954,68.4678955078125,-559.025024414062,67.8556859493256,24.1261750459671,-2.218199982496846,0.558357932808199,0.555748053493314,-2.0237999387527355,12.0000095367432,559.310485839844,2.0,7.0,6.0,0.0,0.0,26050904.0,8.0,138.25245173003682,89.10666840255391,25.85074253082275,-57.46802398681642
2026-05-09 18:21:21+00:00,CAN,CAN,-23.26999995314416,-18.170000152733216,0.0,-13.40999999750684,-8.729999798972099,-4.200000042170454,-1.542849553664495,0.7979483490505375,3.072677693185818,4.997944052983657,0.5426960222267757,3.9551618261701504,3.3053993990584436,18.891895481961843,19.06999983626852,18.1862589057882,53.70417079925535,70.37316513061523,1.0,110.999999673762,0.0,250.3359375,8877.328125,311.577657104674,70.2963020324707,311.4253930635448,1.3234000472714587,32.2770229,-0.42391592028850883,1889.402723312376,5.3292422555387,1261.702394485476,1359.0786457061781,1265.1295185089118,-64.8400984,6.0,227.346893310547,3.18548822402954,68.4678955078125,-560.025024414062,67.8421080112457,24.0595608949661,-3.069799921045082,-2.17095022792258,2.09320944167632,0.487799970928279,13.0000133514404,560.310241699219,2.0,7.0,6.0,0.0,0.0,26050904.0,8.0,137.64755105261102,89.1537318210298,25.897436141967752,-55.66327514648437
2026-05-09 18:21:22+00:00,CAN,CAN,-23.3000001930356,-18.18000023269702,0.0,-13.970000035857561,-8.960000015969905,-3.9100000070643026,-1.5374154978495151,0.796925554902755,2.620438744653498,4.997224919441418,0.44708061091227,3.970876127770962,3.270121258551918,17.3202399256379,19.37999992458062,19.01281851706555,54.5692514419556,70.54837646484373,1.0,110.999999673762,0.0,269.9375,8896.9296875,311.857011841728,70.5184455871582,312.27140215074814,2.0764000473081383,32.2771414,0.20222491789862368,1889.221382141114,5.401871260255573,1084.3614816665638,1251.5458106994618,1158.18166732788,-64.8402531,6.0,215.637542724609,3.18548822402954,68.4678955078125,-561.025024414062,67.8498685359955,24.1026639938354,-2.603800019637208,0.550443717911711,-0.864703656470907,0.290799988996176,14.0000171661377,561.309997558594,2.0,7.0,6.0,0.0,0.0,26050904.0,8.0,137.345216827114,89.14917608485345,25.970050621032698,-54.03706375122069
2026-05-09 18:21:23+00:00,CAN,CAN,-23.31000027299942,-17.24999996776078,0.0,-11.839999737528299,-6.300000004558742,-0.8500000200960148,-1.5125951773750699,0.7966332441506194,2.78223593693944,4.997224834064053,0.31889152718797853,3.9342993548598058,3.31168932026511,16.71637333885222,22.45999996475482,18.7470379272138,53.860624694824196,70.48945266723634,1.0,110.999999673762,0.0,289.4921875,8916.484375,312.606966612595,70.440998840332,312.52299899901436,2.632799978324706,32.2772602,0.1379272769597531,1889.5114898681618,5.374635476619004,1099.4390964508061,1255.453276634214,1080.55567741394,-64.8404072,6.0,201.718994140625,3.18548822402954,68.4678955078125,-562.127014160156,67.8421080112457,24.0967869758606,-2.5841999807288922,0.695390310578872,1.65417651449383,0.26099999637737276,15.000020980835,562.309753417969,2.0,7.0,6.0,0.0,0.0,26050904.0,8.0,138.4231272290932,89.17591286035945,25.9784972190857,-54.114566802978516
2026-05-09 18:21:24+00:00,CAN,CAN,-23.240000396271643,-17.5500003176185,0.0,-12.48999981253444,-7.160000136635082,-1.739999997193492,-1.4968800860336349,0.7964873288983896,2.5923311928697457,4.996146176439378,0.11085128884644901,3.9548908384148276,3.2911785183196542,16.570651935928957,21.499999801436598,19.22400967374965,53.8964126586914,70.67341049194336,1.0,110.999999673762,0.0,309.0859375,8936.078125,312.62453385914,70.7580299377441,313.0753973783286,2.391999951588612,32.2773795,0.41192900232816,1889.5205497741676,5.392792541533709,1056.62794113159,1234.409308433532,1004.3152332305906,-64.8405611,6.0,189.896713256836,3.18548822402954,68.4678955078125,-563.025024414062,67.8634464740753,24.1183385252953,-2.767400040354574,-0.104906576339412,-0.070748800300178,0.9039999799238748,16.0000247955322,563.309509277344,2.0,7.0,6.0,0.0,0.0,26050904.0,8.0,139.3294523508186,89.239874166842,26.06843662261965,-55.3908169555664
2026-05-09 18:21:25+00:00,CAN,CAN,-23.140000621161875,-17.56000039758234,0.0,-12.43999992497956,-7.070000014602295,-1.7399999758491518,-1.5172948811325648,0.7964873288983889,2.579358828022552,4.996505700521814,0.487533566870221,3.954078045903598,3.292819556645116,17.201602954849378,21.3799998663992,18.632390640674203,53.5019588470459,70.88446884155272,1.0,110.999999673762,0.0,328.7421875,8955.734375,313.324136475446,70.8361358642578,313.3718002675504,2.045199999311614,32.2775007,0.16695636633736102,1889.2214536666859,5.356478225439786,1057.4875831604022,1187.5903844833379,998.824679851532,-64.8407138,6.0,175.739288330078,3.18548822402954,68.4678955078125,-564.127014160156,67.8343534469604,24.1144195199013,-2.7509999450724076,-0.397958330628575,0.0163507758468696,-0.15919996482927598,17.0000286102295,564.309265136719,2.0,7.0,6.0,0.0,0.0,26050904.0,8.0,140.14818166247682,89.34977532568215,26.1947407722473,-56.37849266052247
2026-05-09 18:21:26+00:00,CAN,CAN,-23.160000439580056,-17.569999794527224,0.0,-12.41999993580666,-7.150000142048631,-1.6700000137439939,-1.52331638657702,0.7970719237222335,3.3472646593778963,4.995786566979576,1.048618319302415,3.945678962281234,3.303484897034088,17.396915629260462,21.49000006298224,18.3170706887723,53.48396015167235,71.056494140625,1.0,110.999999673762,0.0,348.46875,8975.4609375,313.204198353621,71.1814430236816,312.809003608244,1.8481999480104023,32.2776227,-0.2187415772958854,1889.5024299621582,5.420028418302534,957.8249096870431,1144.768691062928,1000.6594419479355,-64.8408666,6.0,163.613403320312,3.18548822402954,68.4678955078125,-565.127014160156,67.8246557712555,24.0517243742943,-2.7333999563078004,0.652255318092714,1.03485818284791,-1.0519999713068944,18.0000324249268,565.309020996094,2.0,7.0,6.0,0.0,0.0,26050904.0,8.0,140.09138727349017,89.4775818254314,26.47031650543215,-56.177210769653335
2026-05-09 18:21:27+00:00,CAN,CAN,-23.18999999645258,-18.11000001445978,0.0,-13.44999980509794,-8.710000065931288,-4.180000063669722,-1.537415497849515,0.796779639650525,2.775029190902746,4.996505700521814,0.54006766004647,3.943240584747538,3.3059465398996437,17.525851842298483,19.0099996979951,18.4729834169562,53.0905208587646,70.93487686157228,1.0,110.999999673762,0.0,368.1875,8995.1796875,312.054185742688,70.9308517456055,311.8554053812346,2.554399865380126,32.2777431,-0.2667617838786368,1889.348340034482,5.3473996929824335,1038.505125045776,1207.590699195862,1069.6847438812242,-64.8410209,6.0,149.307388305664,3.18548822402954,68.4678955078125,-566.127014160156,67.8556859493256,24.1281345486641,-2.7055998911027457,-0.378013377839344,1.2790361650154,0.1542000262329874,19.000036239624,566.308776855469,2.0,7.0,6.0,0.0,0.0,26050904.0,8.0,139.812813910078,89.57336498325711,26.8495765686035,-55.049207382202134
2026-05-09 18:21:28+00:00,CAN,CAN,-23.249999793216524,-18.940000162776762,0.0,-15.180000149214418,-11.15000002568582,-7.009999961706224,-1.528897291459155,0.7959031876417945,3.095019839602486,4.997224834064052,0.46756936415331,3.9237327107043343,3.3283716304260396,16.70645522115848,16.26999998602442,19.3663747217148,53.29699516296385,70.87133468627927,1.0,110.999999673762,0.0,387.890625,9014.8828125,312.575766308466,71.0305595397949,312.43499884174815,2.59780003996081,32.2778626,0.032081547941938175,1889.584040641786,5.329242348670958,926.4356136322012,1102.715444564818,1013.0383133888236,-64.8411761,6.0,137.499847412109,3.18548822402954,68.4678955078125,-567.127014160156,67.8324103355408,24.0967869758606,-2.912599958334746,0.461623884584012,0.104793931578959,-0.1386000022347268,20.0000400543213,567.308532714844,2.0,7.0,6.0,0.0,0.0,26050904.0,8.0,140.1237678343074,89.64388668643744,27.112201309204103,-54.87666778564454
2026-05-09 18:21:29+00:00,CAN,CAN,-23.2399997132527,-18.42999949971674,0.0,-14.189999746004762,-9.81000023883718,-5.009999977198958,-1.52566623845577,0.7959031876417945,2.7285439479400178,4.996146091062012,0.3288745807041523,3.950826619726576,3.283521363995882,16.76710866702602,18.229999949497177,18.91823747253385,52.32254390716555,70.67161972045895,1.0,110.999999673762,0.0,407.5625,9034.5546875,312.301329307615,70.6524307250976,312.4415940724108,2.6369999897113923,32.2779826,0.02855925540553799,1889.438962936402,5.302006658166644,1091.779136657716,1179.284524917604,1094.364988803864,-64.8413303,6.0,121.824485778809,3.18548822402954,68.4678955078125,-568.127014160156,67.8362905979156,24.0928679704666,-1.910199965672818,1.09901116151408,0.154653171931822,0.5565999941942686,21.0000438690186,568.308288574219,2.0,7.0,6.0,0.0,0.0,26050904.0,8.0,141.46431540232737,89.74335131622576,27.23487997055055,-56.112976455688475
2026-05-09 18:21:30+00:00,CAN,CAN,-23.29000011307178,-17.8999997012575,0.0,-13.070000010812759,-8.160000022167015,-3.150000002279372,-1.507895473617575,0.7960491295744505,2.133605570993982,4.996505700521814,0.6887455236922285,3.950284814970666,3.2911789025177915,17.2435645635248,20.13999985466034,19.02961992865015,51.8841619491577,70.62511596679687,1.0,110.999999673762,0.0,427.15625,9054.1484375,312.700348958927,70.6355598449707,312.71258319376886,2.209400009458884,32.2781021,0.00035089163046023164,1889.3754959106438,5.347399599850179,1236.922121047974,1353.988099098204,1214.538335800172,-64.8414839,6.0,109.300491333008,3.18548822402954,68.4678955078125,-569.127014160156,67.8304731845856,24.0830719470978,-2.356000030841546,-0.851892409382931,-1.06543715320547,0.098199996251099,22.0000476837158,569.308044433594,2.0,7.0,6.0,0.0,0.0,26050904.0,8.0,141.8848993268874,89.8809625525286,27.28382320404055,-56.89110580444336
2026-05-09 18:21:31+00:00,CAN,CAN,-23.32000035296324,-17.92999994114892,0.0,-13.079999920021839,-8.21999998968572,-3.19000002331386,-1.5203790850687948,0.7964873288983896,2.720976482537782,4.996146176439378,0.5820960951860195,3.9641026291710646,3.284341883158612,16.633594178187376,20.130000116205984,18.62453080048675,52.10140628814695,70.9980976867676,1.0,110.999999673762,0.0,446.8359375,9073.828125,312.757121491309,70.9373748779297,312.5885961358032,1.8026000042858101,32.2782229,-0.1708505359936414,1889.4843101501478,5.392792541533709,1107.362651824952,1225.762820243836,1096.309280395508,-64.8416372,6.0,98.450798034668,3.18548822402954,68.4678955078125,-570.127014160156,67.8653836250305,24.1536051034927,-2.76739999766589,-0.336480705043789,-0.561308040921116,-0.7539999824198501,23.0000514984131,570.307800292969,2.0,7.0,6.0,0.0,0.0,26050904.0,8.0,141.9581216868656,90.0280062800752,27.366228389739952,-57.05663955688476
2026-05-09 18:21:32+00:00,CAN,CAN,-23.3500005928547,-17.91999986118512,0.0,-13.179999865886339,-8.219999989685718,-3.199999932522946,-1.53271579409202,0.795464534750606,2.7382728267051,4.996146091062012,0.7150134840849576,3.955432557793378,3.297195274648202,15.4941437717865,20.14999993462414,18.73500911031175,52.5363052368164,71.3088926696777,1.0,110.999999673762,0.0,466.6015625,9093.59375,311.774421194284,71.3943786621094,311.5663845604678,1.345199994061898,32.2783428,0.034538820553641235,1889.656543731688,5.392792634665964,1019.0863609313976,1241.112327575684,1074.4460105896,-64.8417929,6.0,84.3384094238281,3.18548822402954,68.4678955078125,-571.127014160156,67.8518116474152,24.0987464785576,-2.671999970763972,0.529543712577442,-0.674176863594723,-1.278999954340625,24.0000553131104,571.307556152344,2.0,7.0,6.0,0.0,0.0,26050904.0,8.0,141.7371350143832,90.16181993119949,27.3959755897522,-56.7112657928467
2026-05-09 18:21:33+00:00,CAN,CAN,-23.260000556199277,-17.9099997812213,0.0,-13.189999945850158,-8.160000022167015,-3.179999986038726,-1.524785037331135,0.7963414136461595,2.90331371851656,4.99650578589918,0.9367160751180725,3.944053121126676,3.308954683276164,15.52427993244242,20.08999979635074,18.90080170713005,52.804114151001,71.25529312133787,1.0,110.999999673762,0.0,486.421875,9113.4140625,310.62276933795,71.3097702026367,310.54660453247703,0.6475999998926512,32.27846,0.06860828971742608,1889.3846035003658,5.456342734396459,1071.9740152359002,1268.752169609072,1142.489123344424,-64.8419519,6.0,69.0340881347656,3.18548822402954,68.4678955078125,-572.127014160156,67.8362905979156,24.1065829992294,-2.5549998974987096,0.502824012544352,-0.672259768232918,-0.19519999363207172,25.0000591278076,572.307312011719,2.0,7.0,6.0,0.0,0.0,26050904.0,8.0,141.27596064162358,90.2466406354073,27.353692817688,-55.69757446289062
2026-05-09 18:21:34+00:00,CAN,CAN,-23.1500007011257,-17.9700002610042,0.0,-13.12999997833146,-8.200000171267543,-3.2099999697980777,-1.5240506852736502,-3.5581764826692703,2.246395152801046,3.0488701350188134,0.935665133120386,3.925900441992168,3.326730634789262,16.78847076667416,19.949999701385682,19.3230841289816,52.239034080505405,70.34759994506837,1.0,110.999999673762,0.0,506.1171875,9133.109375,309.974857593282,70.1563430786133,309.9783874350452,-0.049199991361286624,32.2785751,0.0715942604923018,1889.194178581236,335.4865115135912,1290.9281253814702,1393.722939491272,1345.29538154602,-64.8421115,6.0,57.5975074768066,3.18548822402954,68.4678955078125,-573.127014160156,67.8479313850403,24.1065829992294,-2.024600042053148,-0.601959726035445,-2.07779690637077,-1.4845999074979679,26.0000629425049,573.307067871094,2.0,7.0,6.0,0.0,0.0,26050904.0,8.0,141.5498976726276,90.29535012947329,27.2979543685913,-54.99276306152344
2026-05-09 18:21:35+00:00,CAN,CAN,-23.17999991648878,-17.950000442586,0.0,-13.169999956677259,-8.209999909721905,-3.15000000227937,-1.51186087867844,-4.59523025117022,2.4330565601990197,0.05480308426968825,1.301841739767245,3.9513686806145865,3.299382984239356,17.50181948019432,20.000000101204762,19.536806724526848,51.52790451049805,69.66643386840823,1.0,110.999999673762,0.0,525.5546875,9152.546875,308.903801969154,69.9641510009766,309.47559262155966,-0.23479998302667102,32.2786864,0.36163484434381166,1889.239549636842,1638.8932466506963,1370.8570003509521,1524.7373104095461,1420.12903690338,-64.8422714,6.0,44.4835777282715,3.18548822402954,68.4678955078125,-574.127014160156,67.8440511226654,24.1026639938354,-2.501399945298354,-0.514723642821543,-0.100937009132018,0.09259998951764899,27.0000667572022,574.306823730469,2.0,7.0,6.0,0.0,0.0,26050904.0,8.0,141.6656611828324,90.32856192431245,27.25198516845705,-54.745069427490236
2026-05-09 18:21:36+00:00,CAN,CAN,-23.2299996332889,-17.87999988283932,0.0,-13.14999996750436,-8.140000032994111,-3.119999975831336,-1.5014333676108,-4.55724330032755,3.25321312526155,1.4740100940601768,1.9522362048371,3.9700633352597343,3.2777783701870065,18.487919162369,20.1100002977878,19.180617481952552,50.79224452972415,69.31348983764649,1.0,110.999999673762,0.0,544.828125,9171.8203125,308.257283583077,69.3329452514648,308.0061949008852,-0.05959999924483167,32.2787957,-0.189357701279062,1889.484286308288,1881.649494171144,1207.058954238892,1463.61644268036,1303.9352893829341,-64.8424311,6.0,35.0196228027344,3.18548822402954,68.4678955078125,-575.127014160156,67.8440511226654,24.0987464785576,-3.717999942384148,-1.73927757662272,0.268081216343725,-2.0479999926731782,28.0000705718994,575.306579589844,2.0,7.0,6.0,0.0,0.0,26050904.0,8.0,141.47162097266383,90.34671656712635,27.2167448043823,-54.39360717773436
2026-05-09 18:21:37+00:00,CAN,CAN,-23.199999734906942,-17.92999994114894,0.0,-13.180000036641081,-8.200000171267545,-3.2000000179003103,-0.44501065004714646,-4.34378345362196,4.4466927185634395,2.601323990685712,2.8143520200253653,3.5490263130259536,3.6989298407780624,21.902072888817198,19.9999997596953,18.7080366932794,50.6374660491943,68.45372863769532,1.0,110.999999673762,0.0,564.046875,9191.0390625,306.94856469659,68.6428253173828,304.4041990194304,1.7860000512652294,32.2789011,-1.473981407265662,1889.8741006851221,1910.0841045379639,972.2694873809821,1273.015236854552,1078.08406352997,-64.842593,6.0,21.1048316955566,3.18548822402954,68.4678955078125,-576.127014160156,67.8459882736206,24.1046234965324,-3.328799968664364,2.91139417381415,3.42508117534658,-8.993399939832063,29.0000743865967,576.306335449219,2.0,7.0,6.0,0.0,0.0,26050904.0,8.0,140.3053115303708,90.29987171470385,27.177956199645998,-52.32854553222654
2026-05-09 18:21:38+00:00,CAN,CAN,-18.309999564679366,-13.629999963786144,0.0,-10.629999965680891,-6.620000087457268,-2.4700000288912407,0.706582082462041,-4.00701115819755,2.30333084132599,1.201887897679633,7.701253867035055,3.286758959039832,3.9680293049249036,21.865452146563282,15.829999882711087,15.967691373736649,46.680535697937,65.53521606445315,1.0,110.999999673762,0.0,582.7109375,9209.703125,289.13589579406,65.6566177368164,285.73419384397823,3.00699996016481,32.2789826,-3.1562049303195523,1889.3846035003658,1908.159327507018,1281.1377763748158,1392.028164863588,1217.20130443573,-64.842765,6.0,12.791690826416,3.18548822402954,68.4678955078125,-577.127014160156,67.7528858184814,25.1273512840271,-1.8809999464756622,-0.493322152191807,0.0844445368753502,-24.776998889728,30.0000782012939,577.306091308594,2.0,7.0,6.0,0.0,0.0,26050904.0,8.0,145.45849254969718,90.1956908392936,27.067998504638652,-52.02909805297852
2026-05-09 18:21:39+00:00,CAN,CAN,9.570000027252885,8.420000062841643,0.0,5.089999891201894,3.1300000131064722,1.7600000077107354,0.686314109749836,-3.979543125563525,0.6972505491181574,1.1828355198808356,6.47821415415636,3.24936952168349,4.0049486972003,-1.3225678634262894,-7.810000083575178,8.7091266128025,38.2218441009521,61.85261672973631,1.0,110.999999673762,0.0,600.4453125,9227.4375,263.833924466611,61.843098449707,261.929394518445,2.57360003940122,32.2790013,-2.4621908601697537,1889.058279991148,1907.8688621521019,1382.724356651306,1329.4620037078842,1241.9326543807979,-64.8429495,6.0,11.031397819519,3.18548822402954,68.4678955078125,-578.127014160156,67.3785269260406,33.1622242927551,-0.9411999982586478,3.14009430699215,-3.07453729756472,-20.94439874642084,31.0000820159912,578.305847167969,2.0,7.0,6.0,0.0,0.0,26050904.0,8.0,167.6678662360666,90.0891228127685,27.0474875450134,-56.846851501464826
2026-05-09 18:21:40+00:00,CAN,CAN,23.77999993318528,17.56000005607288,0.0,11.839999908283021,6.049999969142738,0.1600000201049241,0.6720681227297609,-4.013586282490746,0.9837289768746121,-0.22127371385017236,3.167394573104685,3.1762163600593163,4.080701130001806,-14.57368186602616,-23.59999985987444,-4.641686209696885,31.9278539657593,58.06560607910156,1.0,110.999999673762,0.0,617.0546875,9244.046875,248.931407924127,58.1291633605957,246.5838008724266,2.4947999761920543,32.2789653,-2.2502438576766424,1879.4489860534661,1907.8688621521,1475.8785009384142,1195.097064971924,1326.6024589538579,-64.8431204,6.0,11.3119430541992,3.18548822402954,68.4678955078125,-579.127014160156,76.0294854640961,33.2072883844376,-0.8686000125881348,-0.850621247145369,3.0015394373668,-10.167000054111217,32.0000839233398,579.305603027344,2.0,7.0,6.0,0.0,0.0,26050904.0,8.0,-107.106715348736,89.98588450346375,27.061459922790547,-57.7181703186035
2026-05-09 18:21:41+00:00,CAN,CAN,23.44999968494556,15.579999932672441,0.0,8.110000134612122,0.2099999877010914,-6.949999908810156,0.870339389629387,-4.03068032499258,1.7631659284570822,2.648055803477482,0.8290176389450977,3.0895165000561096,4.161376080138142,-15.82871717318496,-30.38000045835646,-7.547655932649574,29.79010162353515,56.10203613281247,1.0,110.999999673762,0.0,632.84375,9259.8359375,237.990319137981,55.9856998443604,238.09399594543,2.850199862341694,32.2789021,-0.4567128891913441,1543.6678886413579,1908.159351348878,1242.4565553665138,1234.941530227662,1166.084408760072,-64.8432709,6.0,17.8885860443115,3.18548822402954,68.4678955078125,-580.127014160156,97.1486747264862,33.2543104887009,-2.14660000588993,-0.510424679069254,-1.23564621437413,-6.3751996189243005,33.0000686645508,580.305358886719,2.0,7.0,6.0,0.0,0.0,26050904.0,8.0,-169.356433798904,89.8858597981635,27.032627677917503,-55.31229560852053
2026-05-09 18:21:42+00:00,CAN,CAN,23.28000003310796,17.749999867838078,0.0,12.09000019983112,6.5099999762515806,1.589999993019362,0.870633141124551,-4.053764656839935,3.164206923819046,4.737683536641723,-2.0914602729185603,2.985205466853536,4.271860110246531,-15.852368410733419,-21.6800002162569,-16.0568919367498,31.61834335327145,56.00155242919921,1.0,110.999999673762,0.0,648.3515625,9275.34375,235.639012855825,55.9047443389893,235.550395249458,2.1663999558975138,32.2788244,0.3743846917664083,1045.3540563583388,1908.3591222763084,960.3987216949465,1045.9069967269916,995.2307820320118,-64.8434083,6.0,25.6311359405518,3.18548822402954,68.4678955078125,-581.127014160156,100.0,33.2562685012817,-2.823000000009956,-0.326988022757941,-1.02717283264947,-0.38080000430725963,34.0000534057617,581.305114746094,2.0,7.0,6.0,0.0,0.0,26050904.0,8.0,-158.931876702702,89.53423824459665,26.9997639656067,-52.85503715515138
2026-05-09 18:21:43+00:00,CAN,CAN,23.28000003310796,17.40999988114402,0.0,12.020000152348597,6.060000049106554,-0.039999946329292865,0.876801468955733,-4.05683269243774,4.539662606847348,4.477783398155876,-2.6520195543519103,2.9754517005866643,4.266117201815016,-15.825665444663802,-23.32000001145382,-18.439168857922752,33.6865161895752,56.60171630859374,1.0,110.999999673762,0.0,663.9921875,9290.984375,235.436128916719,56.5143070220947,236.00620382560518,1.928600004376984,32.2787437,0.6726618742759616,632.9072713851929,1908.486223220824,1030.8226227760322,1132.761001586916,1094.840741157534,-64.8435448,6.0,35.6888618469238,3.18548822402954,68.4678955078125,-582.127014160156,100.0,33.2974135875702,-2.192999999554082,0.125596119799773,0.913265020809228,1.2186000152129925,35.0000381469727,582.304870605469,2.0,7.0,6.0,0.0,0.0,26050904.0,8.0,-154.24954433607476,89.1765446528577,26.99480724334715,-51.206844863891604
2026-05-09 18:21:44+00:00,CAN,CAN,23.29000011307178,16.16000013095082,0.0,9.210000222140653,2.0300000322996423,-4.64000000674554,0.8769483447033145,-4.05697890117466,5.004153719467569,4.6046779822735955,-3.214679759285275,2.9936045931645814,4.256818667656328,-15.987408422323199,-27.9399993886962,-19.4644169646085,35.104906082153306,57.37887405395505,1.0,110.999999673762,0.0,679.7890625,9306.78125,236.325091697575,57.3532642364502,237.28979854425,1.512599990524,32.2786635,1.1219890704764262,134.14013886358586,1908.4770917892463,1278.229331970216,1357.221531867982,1281.688523292542,-64.8436838,6.0,43.1996307373047,3.18548822402954,68.4678955078125,-583.025024414062,100.0,33.2876175642014,-2.456600051513324,-0.589464481918288,-0.838653955306713,1.1643999348445124,36.0000228881836,583.304626464844,2.0,7.0,6.0,0.0,0.0,26050904.0,8.0,-151.3744308464714,88.97830524238725,27.13544425964355,-50.53169174194336
2026-05-09 18:21:45+00:00,CAN,CAN,23.32000035296324,16.30999962286074,0.0,9.659999893153561,2.460000066321302,-4.659999953229762,0.876214019326259,-4.972327556567565,4.9962266019168515,4.532063679886252,-2.998757415940485,3.005796438144372,4.247520816516553,-15.42207024962668,-27.98000005006092,-20.627292529296298,37.56722030639645,58.83769638061524,1.0,110.999999673762,0.0,695.9140625,9322.90625,236.752333690537,58.8676574707031,237.741197550269,1.166999953073784,32.2785832,1.1096257557319533,7.805263530462982,1908.5133790969842,1265.8193349838243,1375.008630752564,1339.117550849914,-64.8438269,6.0,54.3263740539551,3.18548822402954,68.4678955078125,-584.127014160156,100.0,33.3287626504898,-2.963799995504174,-0.334773958164079,0.353411089809811,-0.09859999854251719,37.0000076293945,584.304382324219,2.0,7.0,6.0,0.0,0.0,26050904.0,8.0,-147.0894542970748,88.91817225693444,27.376149559021002,-49.59712326049804
2026-05-09 18:21:46+00:00,CAN,CAN,23.330000432927058,15.14999956781352,0.0,7.58999990385248,-0.3600000025473934,-8.109999963857396,0.8754796939492036,-5.88665360457567,4.9962266019168515,4.6125865729361895,-2.8469276467763898,3.03939294338856,4.21415679383624,-15.042508099712581,-31.450000135238803,-21.12319670643775,40.31030559539795,60.615771789550784,1.0,110.999999673762,0.0,712.5078125,9339.5,237.092395148934,60.6390586853027,238.09419811902922,0.7002000017263482,32.2785009,1.1842522638652953,7.750871963798998,1908.48615169525,1133.197689056396,1282.894825935362,1238.982772827148,-64.8439742,6.0,62.9142913818359,3.18548822402954,68.4678955078125,-585.127014160156,100.0,33.3601087331772,-3.111000006316738,-0.619736787454284,-0.539432065587475,0.8381999825146611,37.9999923706055,585.304138183594,2.0,7.0,6.0,0.0,0.0,26050904.0,8.0,-144.605710646913,88.99834843250665,27.521392250060998,-49.0265860748291
2026-05-09 18:21:47+00:00,CAN,CAN,23.370000069763417,15.510000055944662,0.0,8.219999989685716,0.7299999890090673,-6.280000127443632,0.875626569696785,-4.812927376482159,4.99658689439557,4.852715704341058,-2.380408224104775,3.084368501101308,4.16465790065697,-14.6186948617133,-29.65999982360362,-21.1181509041884,42.239839553833,62.48006927490233,1.0,110.999999673762,0.0,729.6015625,9356.59375,238.427478565618,62.4555999755859,238.89900204100758,-0.1726000035721754,32.2784184,0.6187898671032263,7.705545891076324,1908.431720733644,941.4557456970224,1077.4286985397343,1111.3232612609859,-64.8441277,6.0,73.2825088500976,3.18548822402954,68.4678955078125,-586.127014160156,100.0,33.3601087331772,-3.5226000123063996,-0.102585279187066,-1.73546483696197,0.7361999651620993,38.9999771118164,586.303894042969,2.0,7.0,6.0,0.0,0.0,26050904.0,8.0,-144.7466584306256,89.14262934853394,27.6998342514038,-50.23125411987304
2026-05-09 18:21:48+00:00,CAN,CAN,23.379999808217782,16.51999959455356,0.0,9.959999730747125,3.07000001357125,-3.9199999696342416,0.875773445444367,-4.26780891160638,4.995866309438133,3.9421655556608632,-1.7079468052087798,3.123925541679434,4.1255509695451416,-14.905941882352778,-27.30000007667278,-21.0135303353504,43.6424674987793,64.09525588989257,1.0,110.999999673762,0.0,747.1875,9374.1796875,238.756256551506,64.1326286315918,239.1723953889536,-0.8054000053937422,32.2783358,0.32637689825206073,7.732741814106701,1908.422660827636,1021.9393014907837,1061.9476318359402,1208.962678909302,-64.8442873,6.0,79.5602416992188,3.18548822402954,68.4678955078125,-587.025024414062,100.0,33.3248436450958,-2.498599951936792,1.43303537301462,0.170650715607822,0.07880000184418559,39.9999618530273,587.303649902344,2.0,7.0,6.0,0.0,0.0,26050904.0,8.0,-144.86956631870197,89.29961100132294,28.056798934936502,-51.82234771728514
2026-05-09 18:21:49+00:00,CAN,CAN,23.3500005928547,15.24000028748784,0.0,7.709999838889894,-0.11999999907043606,-7.770000147918056,0.8759202945115225,-4.2003078595864345,4.9962266019168515,3.026942020795814,-1.72055533441662,3.15156112739154,4.099024136978744,-14.62479848951036,-31.12000022850858,-21.03973264855385,45.20826473236085,65.80862182617186,1.0,110.999999673762,0.0,765.2109375,9392.203125,239.693986883035,65.7849792480469,239.4621975833614,-0.16140000077744904,32.2782526,-0.0853287942428369,7.7055461704731005,1908.468031883236,1189.6353006362901,1223.65779876709,1301.722049713134,-64.8444519,6.0,90.4514923095703,3.18548822402954,68.4678955078125,-588.025024414062,100.0,33.3561927080154,-2.761399975300808,-0.993042910975446,1.53215294381573,0.26759998415997205,40.9999465942383,588.303405761719,2.0,7.0,6.0,0.0,0.0,26050904.0,8.0,-145.1286217335422,89.4555134842231,28.219156265258803,-53.70472595214842
2026-05-09 18:21:50+00:00,CAN,CAN,23.330000432927058,15.15000025083242,0.0,7.629999882198288,-0.1499999988380451,-7.919999981337455,0.874745368572148,-4.18263004935398,4.995866309438133,3.5312854942983996,-1.96222114099087,3.185699309325596,4.06730081111443,-14.443982550103161,-31.24999921898142,-20.2862645991321,47.227598190307646,67.89584564208981,1.0,110.999999673762,0.0,783.7578125,9410.75,240.240101488313,67.9388626098633,239.9882041117226,0.8487999985475264,32.2781689,-0.347156045256596,7.687415648251772,1908.4952592849702,1082.2487354278583,1215.99259376526,1203.407502174376,-64.8446227,6.0,99.2836380004883,3.18548822402954,68.4678955078125,-589.025024414062,100.0,33.3346396684647,-3.1275999700094923,0.409237987836454,1.02560092864502,0.7883999740425273,41.9999313354492,589.303161621094,2.0,7.0,6.0,0.0,0.0,26050904.0,8.0,-145.2818310728526,89.60831506124,28.0349678993225,-55.82640907287598
2026-05-09 18:21:51+00:00,CAN,CAN,23.249999793216524,12.990000224875919,0.0,3.2800000599692836,-7.509999947160873,-17.90000004276694,0.8751859691344666,-4.17517809952608,4.9962266019168515,2.992432575391692,-1.677475997300035,3.2092709324815423,4.043234981083348,-14.262021187972138,-41.159999915947296,-19.69420758017615,48.904491233825695,69.43957443237306,1.0,110.999999673762,0.0,802.8828125,9429.875,241.239904579019,69.4351867675781,241.25400208946616,1.24839999182354,32.2780849,-0.10497138109421567,7.596763409674168,1908.259224891664,1193.665766716002,1272.833967208862,1306.522154808044,-64.8448001,6.0,109.83243560791,3.18548822402954,68.4678955078125,-590.025024414062,88.1757318973541,33.4051728248596,-2.413199876932638,-0.321540306564621,0.277296235431556,1.9358000482905537,42.9999160766602,590.302917480469,2.0,7.0,6.0,0.0,0.0,26050904.0,8.0,-145.1430607534474,89.7752141487039,28.1960909843445,-57.01984497070309
2026-05-09 18:21:52+00:00,CAN,CAN,23.28000003310796,12.61999982753566,0.0,2.7000000324456637,-7.61999980223447,-17.72999970791046,0.874157918942674,-4.1712330249501655,4.9962266019168515,2.666388799606076,-1.195721597560859,3.2566847823506224,3.993736087904076,-13.559735331850618,-41.01000076554679,-19.2139342909502,49.6105052947998,70.55293579101563,1.0,110.999999673762,0.0,822.3125,9449.3046875,243.730819927809,70.4624565124512,243.11999337825938,0.15639999814813801,32.2780036,-0.3116292538477684,7.578633073717356,1908.4044933319099,1167.975187301634,1206.2567234039302,1320.3857421875,-64.8449829,6.0,118.916213989258,3.18548822402954,68.4678955078125,-591.025024414062,72.9492783546448,33.4208458662033,-2.836799927652462,-0.828347253210016,-2.05251026540291,0.8768000068683632,43.9999008178711,591.302673339844,2.0,7.0,6.0,0.0,0.0,26050904.0,8.0,-145.0821819113376,89.98811456022776,28.454696273803698,-57.68879974365234
2026-05-09 18:21:53+00:00,CAN,CAN,23.34000017138142,14.3999997176976,0.0,5.780000029931196,-2.730000069565869,-11.100000138130895,0.874304768009829,-4.133100292257395,4.9962266019168515,2.7659631393079303,-0.46442031344060397,3.277818113350238,3.971311125443728,-12.627041752569939,-34.4500002187214,-19.6345023353201,51.256967926025354,72.227548828125,1.0,110.999999673762,0.0,842.140625,9469.1328125,243.035725236356,72.3464950561523,242.3676015958964,-0.6277999911881278,32.2779239,-0.7062780590026957,7.705545984208584,1908.3681821823138,953.0243992805488,1093.9263105392442,1171.431207656862,-64.8451715,6.0,127.954772949219,3.18548822402954,68.4678955078125,-592.025024414062,69.7138965129852,33.4776639938354,-3.2921999731100278,0.325369481368059,0.625399227719636,-1.6111999397077281,44.999885559082,592.302429199219,2.0,7.0,6.0,0.0,0.0,26050904.0,8.0,-145.2289517482982,90.2356679365057,28.68405561447145,-59.10267700195311
2026-05-09 18:21:54+00:00,CAN,CAN,23.370000069763417,14.2999999425878,0.0,5.66000009489378,-3.3700000272555988,-12.160000076558921,0.874011043195092,-4.14800291125272,4.995866309438133,2.6944278787434017,-0.9188556373665899,3.310059509063098,3.9406817397523604,-12.679684752578881,-35.540000055531415,-19.375048208187103,52.0825819015503,72.94737579345704,1.0,110.999999673762,0.0,862.34375,9489.3359375,241.861725001057,72.8873382568359,241.3821965439604,0.1575999956842433,32.2778398,-0.6596468527629674,7.678350433707237,1908.4317445754998,954.7602415084837,1008.9312195777902,1118.606781959534,-64.8453618,6.0,138.252960205078,3.18548822402954,68.4678955078125,-593.025024414062,69.5800602436066,33.444356918335,-2.9656000918599306,0.10459538251546,0.725197949807896,-0.2833999752864008,45.999870300293,593.302185058594,2.0,7.0,6.0,0.0,0.0,26050904.0,8.0,-145.4666723842474,90.43798155481605,28.779137134552002,-60.00222656250001
2026-05-09 18:21:55+00:00,CAN,CAN,23.35000025134524,14.820000002592721,0.0,6.780000171595214,-1.41999999967233,-9.689999962290297,0.8748922443197296,-4.158229838874345,4.995145724480698,3.2059605959229316,-0.754943850530124,3.34392674593051,3.9034892252875246,-12.211621280268021,-33.05000063510884,-19.0121337906013,52.290335083007804,73.36379470825193,1.0,110.999999673762,0.0,882.65625,9509.6484375,241.566251017562,73.3707298278808,241.11979706850244,0.5791999989283989,32.2777534,-0.5670614881210728,7.741806842386724,1908.622407913208,965.7308220863335,983.3369612693775,1068.468141555784,-64.8455524,6.0,147.359268188477,3.18548822402954,68.4678955078125,-594.127014160156,69.6285545825958,33.4521949291229,-2.662599965607426,1.24691741388682,0.167118240486669,-0.26380001641936357,46.9998550415039,594.301940917969,2.0,7.0,6.0,0.0,0.0,26050904.0,8.0,-145.6779410635784,90.6066086801399,28.8889892578125,-60.69034561157226
2026-05-09 18:21:56+00:00,CAN,CAN,23.3000001930356,14.27000004420582,0.0,5.559999892897175,-3.560000015111618,-12.160000076558907,0.874745368572148,-4.148294901839735,4.995866309438133,2.506422567593204,-1.58658885780964,3.367498155643048,3.88297876485153,-12.140286443066959,-35.439999255893255,-18.67723510144355,51.7797918319702,73.23036575317383,1.0,110.999999673762,0.0,903.0234375,9530.015625,241.977100556517,73.0391899108887,241.656595295752,0.7985999757777835,32.2776662,-0.21132801526555953,7.651154790073633,1908.4861755371098,1195.9243297576882,1242.850208282472,1254.171919822694,-64.8457428,6.0,158.255325317383,3.18548822402954,68.4678955078125,-595.127014160156,69.5761799812317,33.4619909524918,-2.1771998937018218,-1.3009658747279,-0.261854324976494,0.6401999915189602,47.9998397827148,595.301696777344,2.0,7.0,6.0,0.0,0.0,26050904.0,8.0,-146.160261702008,90.7555033889516,29.082942581176752,-61.071196289062485
2026-05-09 18:21:57+00:00,CAN,CAN,23.330000432927058,14.9900003374492,0.0,7.050000025429393,-1.0499999865302319,-9.330000157178066,0.8728361172557175,-4.156476828135175,4.996226601916852,3.080503852002864,-1.688508993965425,3.378877891130526,3.880517164674656,-11.964429050242462,-32.65999956557677,-18.21952448836715,51.9621494293213,73.72743667602542,1.0,110.999999673762,0.0,923.421875,9550.4140625,241.83273767822,73.7358741760254,241.946594199608,0.044200003072705114,32.2775796,0.05270191039054765,7.578632980585096,1908.3318471908601,1270.8437204360982,1319.532084465028,1383.402609825132,-64.8459342,6.0,167.558700561523,3.18548822402954,68.4678955078125,-596.127014160156,69.6072161197662,27.5097966194153,-2.827200011396644,-0.283112888561762,-0.689023613777068,0.8771999464607804,48.9998245239258,596.301452636719,2.0,7.0,6.0,0.0,0.0,26050904.0,8.0,-146.6759928937814,90.89953158797965,29.0163740158081,-62.14237701416014
2026-05-09 18:21:58+00:00,CAN,CAN,23.366666823611965,16.0333334759375,0.0,9.166666542297454,2.0666666862314096,-5.266666661443041,0.8731298420704545,-4.155307798570044,4.995986406931039,3.0564193670176167,-1.95223988673595,3.379148580065067,3.875412480502837,-12.070986205383136,-28.616667254297735,-17.564072214856,51.9657234191894,74.07108421325685,1.0,110.999999673762,0.0,943.9609375,9570.953125,242.358990093391,74.0299301147461,242.477999309489,-0.3165000071532288,32.2774843,0.05606682342897967,7.592230918817225,1908.3499908447302,1349.8655855655675,1427.4066686630251,1429.290622472765,-64.8461464,6.0,179.769866943359,3.18548822402954,68.4678955078125,-597.127014160156,69.5781230926514,27.4941235780716,-2.5842500438810725,0.272354033278096,-0.0796041205487796,0.002250037068363797,49.9998092651367,597.301208496094,2.0,7.0,6.0,0.0,0.0,26050904.0,8.0,-147.24558695735024,91.0735989589774,29.1451114654541,-63.07724761962888
2026-05-09 18:21:59+00:00,CAN,CAN,23.38999954667214,15.94999981774854,0.0,8.970000010556372,1.820000039262468,-5.350000091959072,0.8738641674475105,-4.1528241710330995,4.9962266019168515,3.0693600141738497,-2.43977356032788,3.382129103864132,3.8676640293171602,-12.310422015669,-28.749999718595,-17.40369681182315,51.5592275619507,73.99245712280273,1.0,110.999999673762,0.0,964.515625,9591.5078125,242.966931571035,73.8949424743652,243.24559782502038,-0.06519999997518444,32.2774079,0.21168170467223776,7.660220004618168,1908.386325836182,1373.114466667176,1419.305491447448,1493.33975315094,-64.8463212,6.0,187.661926269531,3.18548822402954,68.4678955078125,-598.127014160156,69.5819973945618,27.4608165025711,-2.91879997717646,-1.19850513977148,-0.188064002752291,0.9197999590441108,50.9997940063477,598.300964355469,2.0,7.0,6.0,0.0,0.0,26050904.0,8.0,-147.9968995698242,91.1695733620999,29.269639778137197,-63.706356353759745
2026-05-09 18:22:00+00:00,CAN,CAN,23.330000432927058,15.810000064292918,0.0,8.970000010556372,1.820000060606808,-5.089999976579253,0.8728361172557175,-4.15297016632661,4.995506016959416,3.26743088972653,-1.73474019657971,3.350700031087,3.887354184033838,-12.39816006442604,-28.430000233338056,-16.838847851426003,51.22013797760005,74.23001998901367,1.0,110.999999673762,0.0,985.1015625,9612.09375,243.454060662641,74.1430686950684,243.6970022951908,-0.5278000026349354,32.2773242,0.3622011190528372,7.578633073717354,1908.3499908447297,1334.657430648806,1366.883230209352,1459.5815181732162,-64.8465164,6.0,199.484924316406,3.18548822402954,68.4678955078125,-599.127014160156,69.5897579193115,27.4725705385208,-2.850599983361012,0.0722283299981725,0.0279684957356582,0.2315999860396672,51.9997787475586,599.300720214844,2.0,7.0,6.0,0.0,0.0,26050904.0,8.0,-148.8834745165462,91.29247578602511,29.378404426574697,-64.6759149169922
2026-05-09 18:22:01+00:00,CAN,CAN,23.32000035296324,15.86999951954746,0.0,9.00000007969309,1.860000017608272,-5.150000029475324,0.87327669113761,-4.15545422075038,4.99478543200198,2.9985435456421,-1.62336446393084,3.371562288953934,3.8824314105669138,-12.063611080953859,-28.48000063315714,-17.114982154285798,51.0407552719116,74.34224533081053,1.0,110.999999673762,0.0,1005.7421875,9632.734375,243.544929499358,74.2982574462891,243.46679759940503,-1.3377999750160359,32.2772409,-0.009667030868540944,7.687415648251772,1908.42263698578,1296.243095397948,1337.27397918701,1478.161406517032,-64.8467127,6.0,207.956878662109,3.18548822402954,68.4678955078125,-600.127014160156,69.5936381816864,27.5000005960464,-2.8093999834667196,-0.396415134762975,-1.08271913263119,-0.4041999816077147,52.9997634887695,600.300476074219,2.0,7.0,6.0,0.0,0.0,26050904.0,8.0,-149.52060822270317,91.39575166137024,29.611422729492197,-65.22936630249022
2026-05-09 18:22:02+00:00,CAN,CAN,23.340000512890878,15.86000046411202,0.0,8.940000112174385,1.910000033229208,-5.159999938684406,0.8725423657605544,-4.131493063368325,4.9962266019168515,3.1089026259773562,-1.7888527438051098,3.3680402592197316,3.87012520260721,-11.8473177729598,-28.5000004515753,-16.83985018168665,50.75779209136965,74.36166778564453,1.0,110.999999673762,0.0,1026.3984375,9653.390625,242.871281601898,74.3265953063965,243.29479157949882,-1.579200012526374,32.277157,0.3329088709575444,7.633024267852306,1908.350014686584,1191.824460029602,1271.777844429016,1394.98677253723,-64.8469086,6.0,219.651718139648,3.18548822402954,68.4678955078125,-601.127014160156,69.5839405059814,27.4392634630203,-2.903799985296782,0.282795364806636,0.325803198380355,0.1761999908444058,53.9997482299805,601.300231933594,2.0,7.0,6.0,0.0,0.0,26050904.0,8.0,-150.0724465265052,91.4684692703688,29.75590496063235,-65.60734405517579
2026-05-09 18:22:03+00:00,CAN,CAN,23.330000432927058,15.40999993932542,0.0,8.180000011339917,0.38000001306463815,-7.400000006709914,0.872101791878662,-4.15209334079191,4.996947186874288,3.214947331946012,-2.3110608865748103,3.3712915146420244,3.85316994101157,-12.07352919864762,-30.73000052501436,-16.047293813418598,50.20990047454835,74.17674591064454,1.0,110.999999673762,0.0,1047.0390625,9674.03125,243.167957698687,74.1768653869629,244.0808097491834,-1.468799951056094,32.2770724,0.8754080783485385,7.578633073717354,1908.33184719086,1185.8138084411619,1202.3712396621722,1295.8342075347878,-64.847104,6.0,228.72590637207,3.18548822402954,68.4678955078125,-602.127014160156,69.5858776569366,27.466693520546,-2.789999898346358,0.184373939692339,0.112759926513071,1.4615999818477206,54.9997329711914,602.299987792969,2.0,7.0,6.0,0.0,0.0,26050904.0,8.0,-150.52402311744282,91.52253021764946,29.88529472351075,-65.6815264892578
2026-05-09 18:22:04+00:00,CAN,CAN,23.370000069763417,15.829999541201662,0.0,8.610000034689396,1.4199999783279886,-4.779999845578493,0.8719549161310804,-4.16845697993938,4.995145724480698,3.477364736650464,-2.404575354378985,3.3799614579536614,3.8714927772337737,-11.977398896457398,-28.15000004340796,-15.2840927444296,49.47974739074705,74.01908935546874,1.0,110.999999673762,0.0,1067.609375,9694.6015625,244.868456235967,73.9959480285644,245.9853998030144,-2.3398000174133804,32.2769908,1.0757667471080548,7.578632980585098,1908.3954095840459,1104.668283462522,1107.5052499771114,1264.524364471436,-64.8473004,6.0,239.36164855957,3.18548822402954,68.4678955078125,-603.127014160156,69.5781230926514,27.4568974971771,-3.2673999404318566,-0.80765145985976,-1.38643331247274,1.5465999931954717,55.9997177124023,603.299743652344,2.0,7.0,6.0,0.0,0.0,26050904.0,8.0,-150.9506230726236,91.59596499651084,30.0484451293945,-65.69457962036132
2026-05-09 18:22:05+00:00,CAN,CAN,23.42999952501796,18.499999717954,0.0,13.769999802619079,9.040000058038892,4.009999958264897,0.87195491613108,-4.170064208828445,4.994785432001979,3.3432802685255703,-1.38380048799111,3.358015590574906,3.8545370887513117,-10.78683186657234,-19.419999902926417,-16.41404850486525,49.5487277984619,73.91932800292969,1.0,110.999999673762,0.0,1088.1875,9715.1796875,246.000573751275,73.8733955383301,246.1408002670108,-3.0763999755287457,32.2769144,0.25504734777748894,7.614893931895496,1908.431744575498,859.9670171737671,891.5459752082827,1076.8759727478023,-64.8474995,6.0,247.709243774414,3.18548822402954,68.4678955078125,-604.127014160156,69.5917010307312,27.4725705385208,-2.750200001854552,1.99813598319409,0.191325871648222,-0.8741999646267103,56.9997024536133,604.299499511719,2.0,7.0,6.0,0.0,0.0,26050904.0,8.0,-151.37549362390618,91.7046708722462,30.23880043029785,-65.73286148071288
2026-05-09 18:22:06+00:00,CAN,CAN,23.370000069763417,17.40000014268966,0.0,12.03000006155768,6.240000037040036,0.7700000207157242,0.8715143155687615,-4.16159029194599,4.995506016959416,2.657401978205634,-1.473637592618315,3.371562331642618,3.8597332405397657,-11.44334128261222,-22.610000139683656,-17.076296816600497,48.65001869201655,73.10697555541992,1.0,110.999999673762,0.0,1108.6015625,9735.59375,245.224391053994,73.106453704834,245.2737979103746,-2.49880003379079,32.2768383,-0.0359684098294153,7.569567859172824,1908.3227872848518,1053.4564733505244,971.7264652252192,1169.877791404726,-64.8476972,6.0,257.155426025391,3.18548822402954,68.4678955078125,-605.127014160156,69.5839405059814,27.458855509758,-2.138799972546456,-0.0843397361602728,0.423577969998896,-0.6319999838985174,57.9996871948242,605.299255371094,2.0,7.0,6.0,0.0,0.0,26050904.0,8.0,-151.8938667328508,91.78966233118325,30.42654819488525,-65.28055435180664
2026-05-09 18:22:07+00:00,CAN,CAN,23.330000432927058,16.83999976282948,0.0,10.700000013163422,4.26999999360344,-1.8600000602969498,0.872395516693399,-4.15925265970255,4.994785432001979,3.245862219544688,-1.842965130947945,3.36831120428637,3.88243166669901,-11.548245304300801,-25.189999938271143,-16.5859225313658,47.84223346710205,72.71865005493166,1.0,110.999999673762,0.0,1128.828125,9755.8203125,244.77239645548,72.6076606750488,245.0775966283526,-1.7492000058734043,32.2767611,0.30503841745143967,7.596763502806428,1908.431720733644,1109.5147371292119,1085.1758718490619,1218.214678764344,-64.8478922,6.0,265.318237304688,3.18548822402954,68.4678955078125,-606.127014160156,69.6013987064362,27.4608165025711,-2.784199957835276,-0.565078732229786,-0.349278878722806,-0.0779999859221681,58.9996719360352,606.299011230469,2.0,7.0,6.0,0.0,0.0,26050904.0,8.0,-152.549021210114,91.83058199450079,30.262501716613748,-65.45831451416015
2026-05-09 18:22:08+00:00,CAN,CAN,23.32000035296324,17.43000004107164,0.0,11.8800002281383,5.669999961414186,-0.4899999908681939,0.872689241508136,-4.156768818722195,4.99478543200198,3.514390167612728,-1.54613684900683,3.338236984908476,3.908138449678186,-11.38612086057624,-23.81999957002162,-16.3559099346501,47.5502597808838,72.40293869018555,1.0,110.999999673762,0.0,1149.015625,9776.0078125,243.822262500418,72.3923904418945,244.360000561697,-1.897000006115876,32.2766826,0.26415428045572653,7.6420895755291,1908.4498167037982,1159.624695777892,1137.836718559264,1266.897821426392,-64.8480856,6.0,275.173004150391,3.18548822402954,68.4678955078125,-607.127014160156,69.5606648921966,27.466693520546,-2.1484000168683197,1.62349904000183,0.386002431332011,-0.6682000291882659,59.9996566772461,607.298767089844,2.0,7.0,6.0,0.0,0.0,26050904.0,8.0,-152.65801736888938,91.84621971260555,30.28326930999755,-65.18695907592772
2026-05-09 18:22:09+00:00,CAN,CAN,23.32000035296324,16.269999986024423,0.0,9.810000068082445,2.979999966243658,-3.7299999017369436,0.871514315568761,-4.12871680491413,4.995506016959416,3.26275805849455,-1.87816328353599,3.3460941783975686,3.908958840774872,-11.53641968552658,-27.05999952357908,-17.00657851442125,47.15168266296385,72.12966201782226,1.0,110.999999673762,0.0,1169.0703125,9796.0625,243.868352616937,72.2184768676758,244.0053989965952,-1.769800005820554,32.2766032,0.11896814291581077,7.633024454116823,1908.3500146865858,1392.6722764968858,1344.1499710083,1454.2737483978258,-64.8482772,6.0,283.566864013672,3.18548822402954,68.4678955078125,-608.127014160156,69.5800602436066,27.4529784917831,-2.022399974088466,0.63271398679475,0.139479039576779,-0.24739996916196655,60.999641418457,608.298522949219,2.0,7.0,6.0,0.0,0.0,26050904.0,8.0,-152.7234259924568,91.8380064101286,30.4713758468628,-64.68307800292968
2026-05-09 18:22:10+00:00,CAN,CAN,23.330000432927058,16.75999980613788,0.0,10.610000147262706,4.319999966535698,-1.5999999982779847,0.871808067063925,-4.117904615458,4.99478543200198,3.4457305447548237,-2.4339942597946953,3.325502780219908,3.901027966620114,-12.48589777167366,-24.950000068196317,-16.4366658225281,46.724312782287555,72.14109466552733,1.0,110.999999673762,0.0,1189.09375,9816.0859375,243.461491908458,72.2354164123535,244.2193970195188,-1.7687999807486983,32.2765231,0.7760493058201922,7.569567766040564,1908.386278152468,1397.251200675966,1391.052651405334,1506.141877174376,-64.848468,6.0,293.543670654297,3.18548822402954,68.4678955078125,-609.127014160156,69.5703625679016,27.4333864450455,-2.568200006466042,-0.204071017979679,-0.740210705603584,0.49559998559545154,61.999626159668,609.298278808594,2.0,7.0,6.0,0.0,0.0,26050904.0,8.0,-153.059370212822,91.8194078050187,30.5833505630493,-64.79818176269532
2026-05-09 18:22:11+00:00,CAN,CAN,23.37999980821778,18.19999970960572,0.0,13.37000001916104,8.370000079237213,3.600000014801762,0.8704862653769689,-4.131493063368325,4.995145724480698,3.568671260428066,-2.797018067128935,3.3241481402640822,3.8996605627482737,-12.757123046822283,-19.7800000495481,-15.4932169151161,46.314121055603,72.16757034301759,1.0,110.999999673762,0.0,1209.140625,9836.1328125,243.478130249276,72.2050186157226,244.69599669149937,-1.709999970745456,32.276442,1.285333876906582,7.587698288261893,1908.4135293960578,1207.505321502686,1272.2651243209862,1378.875494003296,-64.8486585,6.0,301.196533203125,3.18548822402954,68.4678955078125,-610.025024414062,69.5819973945618,27.4451404809952,-3.232999906120496,-1.40883889427132,1.34358892319142,0.6999999465527766,62.9996109008789,610.298034667969,2.0,7.0,6.0,0.0,0.0,26050904.0,8.0,-153.66933342646058,91.7978790487548,30.78527755737305,-65.25074981689454
2026-05-09 18:22:12+00:00,CAN,CAN,23.3999992851265,19.33999960472534,0.0,15.290000004288022,11.26000005151413,8.129999953030309,0.871661164635917,-4.164366336956775,4.995506016959416,4.263536244082401,-2.48285391130068,3.3219808358630702,3.89966064812564,-12.20742498279668,-15.259999764396593,-14.54261936096405,45.74450912475585,71.97732971191404,1.0,110.999999673762,0.0,1229.171875,9856.1640625,244.261880796156,72.051683807373,245.90939892208198,-2.5569999903311045,32.276362,1.61566302009917,7.587698288261888,1908.46800804138,954.2489528656,1006.5840601921085,1164.197373390196,-64.8488493,6.0,309.855133056641,3.18548822402954,68.4678955078125,-611.025024414062,69.5664823055267,27.4333864450455,-3.2133999952782277,0.790183090974894,-2.05176214624539,0.9627999779209239,63.9995956420898,611.297790527344,2.0,7.0,6.0,0.0,0.0,26050904.0,8.0,-154.0987474195794,91.7761829528562,30.936325836181652,-65.35584777832032
2026-05-09 18:22:13+00:00,CAN,CAN,23.359999989799597,20.5700002195193,0.0,17.94000002111272,15.199999967632579,12.55000029231732,0.871514315568762,-4.160129271793835,4.994425139523262,3.770695833670492,-2.16080761044852,3.3482613974212123,3.9029422125123725,-11.864102450580862,-10.820000118955539,-15.5192501811376,44.834468650817854,71.1610757446289,1.0,110.999999673762,0.0,1249.0703125,9876.0625,244.840725667937,71.0162292480469,246.10519585690537,-3.233999973881032,32.2762852,1.2750956581284882,7.614894025027752,1908.458924293518,938.8479232788084,912.446975708008,1137.07821369171,-64.8490405,6.0,319.281005859375,3.18548822402954,68.4678955078125,-612.025024414062,69.5470869541168,27.4255484342575,-2.6611999475822996,0.225979289969531,0.431094833304333,-0.05499999823992803,64.9995803833008,612.297546386719,2.0,7.0,6.0,0.0,0.0,26050904.0,8.0,-154.3827521494198,91.77789391524334,31.268061447143552,-64.7167868041992
2026-05-09 18:22:14+00:00,CAN,CAN,23.330000432927058,20.31999992797118,0.0,17.84999964294788,15.110000272486621,12.51999988167116,0.8710737150064429,-3.055136251949005,4.995145724480698,3.0143605989012388,-2.036822281374745,3.3339021199743684,3.9193508882196824,-11.953366192843779,-10.83000019891938,-16.1296804089609,43.950896644592305,70.2889961242676,1.0,110.999999673762,0.0,1268.7109375,9895.703125,244.86793714159,70.2512168884277,245.7686095987584,-3.19439986042245,32.2762099,0.9179046722628827,7.578632887452841,1908.313703536988,987.6829504966738,942.4904584884646,1177.2546052932742,-64.8492295,6.0,327.603424072266,3.18548822402954,68.4678955078125,-613.025024414062,69.5393264293671,27.400079369545,-2.41139990864293,-0.52126632371618,0.34975861947072,-0.2644000091843193,65.9995651245117,613.297302246094,2.0,7.0,6.0,0.0,0.0,26050904.0,8.0,-154.7163877658452,91.77192091481415,31.337937927246102,-64.05543731689453
2026-05-09 18:22:15+00:00,CAN,CAN,23.34000017138142,20.4299997830448,0.0,17.77999976622008,15.13999982935916,12.509999972462058,0.8709268392588609,-2.7871789661861204,4.9951457244806985,2.8536750199027177,-2.2401371627287503,3.3095177043071855,3.9401348977319346,-11.91560071088492,-10.81999994820084,-16.349889122896748,43.1771432876587,69.78636337280271,1.0,110.999999673762,0.0,1288.15625,9915.1484375,245.575872588683,69.7275260925293,246.25779867541738,-2.53659996551625,32.2761361,0.7472500373004161,7.614893838763239,1908.5497379302979,1004.7894477844238,968.7313079833981,1230.922198295594,-64.8494169,6.0,337.336456298828,3.18548822402954,68.4678955078125,-614.025024414062,69.5567846298218,27.4079144001007,-2.71779997499822,-1.21502416572257,0.943055851369591,0.8785999538137329,66.9995498657226,614.297058105469,2.0,7.0,6.0,0.0,0.0,26050904.0,8.0,-155.4399042404734,91.7450270449572,31.30579776763915,-64.13230316162107
2026-05-09 18:22:16+00:00,CAN,CAN,23.3500005928547,20.34000042940828,0.0,17.87999988283932,15.1599999892868,12.5400000415988,0.8703393896293875,-2.79521511063146,4.995506016959416,2.9769750462149878,-2.16238314299097,3.2848623862620485,3.9639271786867583,-12.10671708782472,-10.82000011895558,-16.13126586662205,42.828919601440404,69.22097946166993,1.0,110.999999673762,0.0,1307.484375,9934.4765625,245.86145645826,69.1835105895996,246.81260674547062,-2.412399976403466,32.2760645,1.0525685645449776,7.569567766040564,1908.3500146865838,958.733057975769,974.4364023208602,1153.6359071731579,-64.8496041,6.0,345.223236083984,3.18548822402954,68.4678955078125,-615.127014160156,69.4830775260925,27.3608922958374,-2.66359999067928,-0.313696261189684,-0.0804131377796692,0.08619999687766397,67.9995346069336,615.296813964844,2.0,7.0,6.0,0.0,0.0,26050904.0,8.0,-155.13283259576798,91.7223474018182,31.20894470214845,-63.432325744628905
2026-05-09 18:22:17+00:00,CAN,CAN,23.399999626635957,21.879999766476462,0.0,20.320000269480637,18.50000005946346,18.27000009859772,0.8707799901917059,-2.10735230884818,4.994425139523262,3.295829364880246,-2.2338323645163003,3.2978674079512116,3.947518673734178,-11.8877535173746,-5.1100000618016965,-16.52450376280175,41.6889781951904,67.76966766357421,1.0,110.999999673762,0.0,1326.53125,9953.5234375,245.878477289672,67.7955184936523,246.95699694452483,-3.1309998674235944,32.2759942,1.0327765332879613,7.560502644628289,1908.431720733644,851.9000887870786,867.6302194595337,1097.039270401004,-64.8497887,6.0,354.209259033203,3.18548822402954,68.4678955078125,-616.025024414062,69.467556476593,27.325627207756,-2.8185999921466336,-0.133310164796854,-0.867433437622238,-0.030199964227731614,68.9995193481445,616.296569824219,2.0,7.0,6.0,0.0,0.0,26050904.0,8.0,-154.9910160119932,91.72396957174605,31.1706453323364,-61.74867233276366
2026-05-09 18:22:18+00:00,CAN,CAN,23.36000033130906,23.15000001810674,0.0,23.040000163033177,22.68000035792092,22.63999969655622,0.8701925405622319,-1.3398618810604148,4.99478543200198,2.538056289913344,-0.9708671810506935,3.2604780559722335,3.9912747438593015,-10.754025443460378,-0.7199999944226152,-18.45629555726655,40.65713882446285,66.27259231567385,1.0,110.999999673762,0.0,1345.1484375,9972.140625,245.921343556903,66.2017044067383,245.8042030805612,-3.7156000273532177,32.2759259,-0.010567662013737178,7.560502551496031,1908.3500146865858,848.350179195404,777.7469635009766,1062.063312530516,-64.8499694,6.0,361.635131835938,3.18548822402954,68.4678955078125,-617.127014160156,69.467556476593,27.325627207756,-2.238400010835064,-0.430234496273176,0.494625651106222,-2.091399996499134,69.9995040893555,617.296325683594,2.0,7.0,6.0,0.0,0.0,26050904.0,8.0,-154.72234095872597,91.72806427015351,31.1069091796875,-60.076797637939464
2026-05-09 18:22:19+00:00,CAN,CAN,23.3000001930356,21.91000000636792,0.0,20.91999994466774,19.46999996123602,18.05000021769578,0.8691644636900124,-1.182068342894695,4.994785432001979,1.7777665036807018,-0.471250542631256,3.3750844467541796,4.160829238117719,-11.005032504892139,-5.260000012614964,-20.3118188981381,39.8533515930176,64.96862091064453,1.0,110.999999673762,0.0,1363.375,9990.3671875,244.020447269375,64.7952896118164,243.1459972744678,-3.0281999708862,32.2758562,-0.6319983217079495,7.6148939318954945,1908.313703536988,970.7488536834724,908.9760303497314,1125.899434089662,-64.8501448,6.0,370.878570556641,3.18548822402954,68.4678955078125,-618.127014160156,69.4714367389679,27.3393422365189,-2.3246000290570676,-1.9961296151254,1.66906931509222,-2.5127999579099276,70.9994888305664,618.296081542969,2.0,7.0,6.0,0.0,0.0,26050904.0,8.0,-154.8405578728806,91.69044358820506,30.85992279052735,-58.69679397583006
2026-05-09 18:22:20+00:00,CAN,CAN,23.34000017138142,22.57999989979222,0.0,21.65000031787492,20.65999957315578,20.71999971142922,0.8700456648146505,-1.19828604010951,4.994425139523262,3.377429976403846,-1.580285073453395,3.45419852791044,4.283619561563176,-11.368573080070082,-2.630000038323993,-19.18751341169335,38.570726966857904,63.611611633300754,1.0,110.999999673762,0.0,1381.2421875,10008.234375,242.550672522258,63.5827766418457,242.6247991992822,-2.58119994820201,32.2757828,-0.012930032682079562,7.642089575529096,1908.41352939606,838.0330324172974,829.2714118957522,1031.66184425354,-64.8503138,6.0,377.377746582031,3.18548822402954,68.4678955078125,-619.127014160156,69.4636821746826,27.3001581430435,-2.552200032203192,0.965484591778326,-0.70582016952404,1.1471999763857723,71.9994735717774,619.295837402344,2.0,7.0,6.0,0.0,0.0,26050904.0,8.0,-155.37591083210182,91.56953899461205,30.36811122894285,-57.97305450439452
2026-05-09 18:22:21+00:00,CAN,CAN,23.330000432927058,23.099999959797138,0.0,23.099999959797138,22.94999978486826,22.82999984983086,0.8701925405622319,-1.18119146399914,4.993704554565825,3.0664846325993222,-0.8190383990623765,3.4317103862002662,4.315342545918028,-11.33500389558258,-0.4900000015403658,-19.89495623139295,37.4595405578613,62.419836730957,1.0,110.999999673762,0.0,1398.734375,10025.7265625,243.038976406401,62.3287078857422,242.6026038165554,-2.758599981939246,32.2757112,-0.4514766113755401,7.596763409674168,1908.431673049928,966.9054269790644,869.8478341102598,1113.073587417604,-64.8504794,6.0,368.835144042969,3.18548822402954,68.4678955078125,-620.127014160156,69.5044100284576,27.3471772670746,-2.0748000754950637,0.23502222030679,0.00233488520171715,-1.3071999591381,72.9994583129883,620.295593261719,2.0,7.0,6.0,0.0,0.0,26050904.0,8.0,-155.4224162241224,91.44092653254074,30.165296745300303,-57.151557998657225
2026-05-09 18:22:22+00:00,CAN,CAN,23.31000027299942,22.940000729432878,0.0,23.010000264651183,23.010000264651175,22.959999523322598,0.869898815747495,-1.174763188773105,4.994425139523262,2.924492086076022,-0.7144908812319599,3.5433365946926103,4.475872311226112,-11.01571338396146,-0.3399999973662354,-20.740619881778798,37.14234294891355,61.768624877929696,1.0,110.999999673762,0.0,1415.9609375,10042.953125,242.263531369551,61.7835113525391,241.19119713400977,-2.015600008505528,32.27564,-1.0773012344824635,7.651154696941376,1908.540654182434,1030.0871610641473,998.6811161041251,1169.9846744537379,-64.8506421,6.0,360.202453613281,3.18548822402954,68.4678955078125,-621.127014160156,69.4656193256378,27.3119121789932,-2.16659999506283,0.421687848548227,0.463860611454633,-1.5587999343506658,73.9994430541992,621.295349121094,2.0,7.0,6.0,0.0,0.0,26050904.0,8.0,-155.8237663359794,91.29635533347366,29.7655282974243,-56.7840612030029
2026-05-09 18:22:23+00:00,CAN,CAN,21.420000186254462,21.1200001779062,0.0,21.23999977143416,20.91000020621332,20.939999763085883,0.8698987890670684,0.2436256439792145,4.9940645909124495,1.829531013296346,-0.2558517392894436,3.5533611779600704,4.526191851634157,-10.69909364706054,-0.48000000695391465,-22.0936137620139,37.2468521118164,61.23305648803712,1.0,110.999999673762,0.0,1433.03125,10060.0234375,241.757305069026,61.1637245178223,239.41640253101482,-0.7701999851758469,32.2755677,-2.13152189372162,7.605828810483217,1908.4226369857781,1091.858172416684,1121.27332687378,1182.407140731812,-64.8508023,6.0,348.981750488281,3.18548822402954,68.4678955078125,-622.127014160156,82.8474462032318,27.3099541664124,-2.4837999992224296,-2.04519129082042,1.93719233966418,-2.9965998232147046,74.9994277954102,622.295104980469,2.0,7.0,6.0,0.0,0.0,26050904.0,8.0,-156.39730824888798,91.1026033572879,29.326181602478,-56.59813888549802
2026-05-09 18:22:24+00:00,CAN,CAN,19.93000022447698,19.660000456020178,0.0,19.169999952887743,18.529999957845458,17.84000007524822,0.868430138312957,0.32982683347194097,4.995145724480698,2.332076930419776,2.440820606983305,4.032378822284436,5.018173109625842,-11.78361242781632,-2.109999935630399,-21.89775381869555,38.4678949356079,60.98289779663086,1.0,110.999999673762,0.0,1450.0390625,10077.03125,236.321539999206,61.0266082763672,232.9005987722704,0.8042000275344503,32.2754897,-3.363200942126732,7.623959239572288,1908.3681821823138,1040.9204125404358,1086.731779575349,1108.6848020553582,-64.8509578,6.0,338.143157958984,3.18548822402954,68.4678955078125,-623.127014160156,100.0,27.3413002490997,-2.17679998612592,1.52851490758734,2.56160460504875,-9.478799926360306,75.9994125366211,623.294860839844,2.0,7.0,6.0,0.0,0.0,26050904.0,8.0,-155.1764665762618,90.83959326291824,27.7710247993469,-56.008016510009746
2026-05-09 18:22:25+00:00,CAN,CAN,19.79999986796626,14.90999986849342,0.0,10.20999985154048,4.580000108595936,-1.1499998897060537,0.8672552123735825,0.425380219465067,4.994425139523262,0.41140240541532247,6.052146953730965,4.320385359959616,5.3083303884932915,-17.38244279991868,-20.939999933840618,-28.62573091532635,39.9411289215088,59.43645126342771,1.0,110.999999673762,0.0,1466.796875,10093.7890625,225.056741227536,59.4174270629883,219.67200586704342,2.5893999318100662,32.2753957,-5.116652228494286,7.732741907238962,1908.540654182434,1235.35280227661,1301.101422309876,1210.901594161986,-64.851097,7.0,327.590789794922,3.18548822402954,68.4678955078125,-624.127014160156,100.0,30.2409887313843,-1.81160001648909,-1.37738950168141,1.87340221479767,-17.29499947382432,76.999397277832,624.294616699219,2.0,7.0,6.0,0.0,0.0,26050904.0,8.0,-148.6379838573974,90.54945365716526,28.24761514663695,-52.06827529907226
2026-05-09 18:22:26+00:00,CAN,CAN,19.80999994793008,11.33000026975136,0.0,2.959999998415096,-5.659999966827736,-13.799999871755778,0.865345961057152,0.5101213493009971,4.994064847044544,1.537277805504715,7.760092104753305,4.307922228403724,5.3091508649673385,-18.04162264916932,-33.60999999044062,-32.670831904090946,42.50581684112545,57.17440406799316,1.0,110.999999673762,0.0,11.265625,10109.9921875,204.5154663931,57.041760635376,200.0844002935838,2.0279999821559342,32.2752769,-3.9692363701059734,7.778067607432604,1908.540606498716,1047.4543571472186,1083.411991596221,1022.6240277290337,-64.8511953,7.0,313.912994384766,3.18548822402954,68.4678955078125,-625.127014160156,100.0,34.9471002817154,-2.5364000117282997,-0.646432635186132,-2.57861732561078,-20.45699952083384,0.800000071525574,625.294372558594,2.0,7.0,7.0,0.0,0.0,26050904.0,8.0,-136.38730192054962,90.2681318256308,28.486928272247297,-43.233615417480486
2026-05-09 18:22:27+00:00,CAN,CAN,19.83999984631208,12.579999849189857,0.0,5.45000003782358,-1.920000027815658,-9.589999845671063,0.865345961057152,0.498141277538074,4.994424883391167,2.57544192797696,6.54913713095048,4.239646632931904,5.37669895991519,-16.714870697234836,-29.430000375002077,-34.1473173120672,48.460552597045904,55.80323890686034,1.0,110.999999673762,0.0,26.9140625,10125.640625,185.01794008649,55.7950527191162,181.45339549829183,0.7193999943205416,32.275141,-3.8508746559409857,7.714611105620859,1908.5497856140119,744.0165996551514,767.7600860595704,788.8437271118164,-64.8512366,7.0,298.228149414062,3.18548822402954,68.4678955078125,-626.127014160156,100.0,25.4917711019516,-2.432400008265052,0.615230356705956,0.339746229158143,-16.37820008625172,1.80000030994415,626.294128417969,2.0,7.0,7.0,0.0,0.0,26050904.0,8.0,-118.98033942452919,89.99536822112636,28.58454608917235,-30.214038963317858
2026-05-09 18:22:28+00:00,CAN,CAN,19.8200000278939,10.87000000651046,0.0,2.0099999630854604,-7.339999868436467,-16.510000197608683,0.864905360494834,0.4984331080425335,4.994064847044544,1.9014258726485092,5.39387125077171,4.20388239639988,5.41471203623144,-18.39219269511342,-36.299999985611144,-33.50681803019655,56.1352512359619,54.40957099914548,1.0,110.999999673762,0.0,42.28125,10141.0078125,170.432781453601,54.5175178527832,167.496190797316,0.8806000039574411,32.2750029,-3.401734393480372,7.696480769664051,1908.3500146865858,934.9349617958065,856.1049699783327,845.6492424011233,-64.8512308,7.0,283.292083740234,3.18548822402954,68.4678955078125,-627.127014160156,76.2389659881592,25.20572245121,-0.9063999923383639,2.4074295196784,-1.28170559504211,-11.095399834970195,2.79999947547913,627.293884277344,2.0,7.0,7.0,0.0,0.0,26050904.0,8.0,-103.28051167758633,89.7309306172201,28.70464725494385,-15.09856842041016
2026-05-09 18:22:29+00:00,CAN,CAN,19.940000645950285,12.770000002464519,0.0,5.480000021582934,-1.5999999982779856,-8.589999960139137,0.8653459610571526,0.482361299399523,4.994064847044543,2.757335820645582,2.52120211511742,4.622209711835186,5.939237096561486,-16.47759675565778,-28.519999928484005,-30.7730348148989,60.98178062438965,53.31399787902832,1.0,110.999999673762,0.0,57.140625,10155.8671875,161.801293814538,53.213200378418,159.3703994360974,-0.11019998828741669,32.2748726,-2.532903467137438,7.696480769664051,1908.7222576141362,1027.2493839263911,895.4036355018616,996.4010119438169,-64.8511924,7.0,267.301818847656,3.18548822402954,68.4678955078125,-628.127014160156,72.8115618228912,25.1802504062653,-2.507399989007774,-3.05092426638693,-0.265731391145402,-6.166799789799268,3.79999852180481,628.293640136719,2.0,7.0,7.0,0.0,0.0,26050904.0,8.0,-86.35742573708886,89.47456629691285,28.86023597717285,2.209226131439208
2026-05-09 18:22:30+00:00,CAN,CAN,19.9500007259141,13.97999977431194,0.0,8.109999963857394,1.9699999794035719,-4.029999974118228,0.8653459610571526,0.017162317713111497,4.994064847044543,3.8116759014735093,1.298164349909857,4.661495935412724,6.147077618570856,-16.426479619909397,-23.99999998484192,-26.4841831576768,68.1130302429199,53.68125503540038,1.0,110.999999673762,0.0,72.03125,10170.7578125,156.330694779951,53.7565635681152,154.0604027375788,0.5418000014592689,32.2747473,-2.3123909591939635,7.678350433707237,1908.60424041748,701.5673756599425,813.6488080024719,821.8786120414732,-64.851136,7.0,254.933441162109,3.18548822402954,68.4678955078125,-629.127014160156,72.7960407733917,25.1763314008713,-2.9419999526641982,1.23428423196494,2.42433658575171,-4.149599809480664,4.79999780654907,629.293395996094,2.0,7.0,7.0,0.0,0.0,26050904.0,8.0,-73.5741802902764,89.22372759964415,29.007610702514647,16.295206661224352
2026-05-09 18:22:31+00:00,CAN,CAN,19.9500007259141,12.97000006494826,0.0,6.2700000207993885,-0.7300000103534081,-7.500000037951786,0.866080286434208,-1.2478160640103542,4.994064847044544,4.645298312550766,-0.752841939854332,4.707013340570063,6.106330417529852,-16.71982975608172,-27.4799998084742,-24.679969905397698,68.63321228027345,52.92087478637694,1.0,110.999999673762,0.0,86.8359375,10185.5625,153.393549512305,52.8612464904785,152.2192023033968,0.9533999914406751,32.2746268,-1.220002135655718,7.669285126030443,1908.6133003234859,855.7403326034546,934.8248481750486,919.3772435188296,-64.8510681,7.0,241.010238647461,3.18548822402954,68.4678955078125,-630.127014160156,72.7979838848114,25.1880884170532,-2.518200033533786,-0.490240029328839,-0.558726389497409,-0.06419999491365003,5.79999685287476,630.293151855469,2.0,7.0,7.0,0.0,0.0,26050904.0,8.0,-71.01066959287367,88.96622263774546,28.9506860733032,21.62581134796142
2026-05-09 18:22:32+00:00,CAN,CAN,19.990000021240938,13.480000044989358,0.0,7.099999998361648,0.7400000262841997,-5.2399999700812065,0.865492836804734,-2.22306777294095,4.992623420997577,4.148144893810088,-0.796445840835267,4.670436567658906,6.14653163032408,-16.619884963994757,-25.21999983665316,-24.5472875043547,68.4517833709717,52.67627655029296,1.0,110.999999673762,0.0,101.4921875,10200.21875,153.771122369624,52.6469478607178,152.3337992172914,-0.2660000043427688,32.2745084,-1.438632862449832,7.542372122406958,1908.468031883238,1064.6486878395085,1078.883576393128,1074.34959411621,-64.8509986,7.0,229.624877929688,3.18548822402954,68.4678955078125,-631.127014160156,72.7921664714813,25.1802504062653,-2.652599971020972,-0.0494887993069352,-1.88362423322083,-0.12639998637433664,6.79999589920044,631.292907714844,2.0,7.0,7.0,0.0,0.0,26050904.0,8.0,-70.5911033665003,88.7318446963765,28.9224666595459,21.65022399902344
2026-05-09 18:22:33+00:00,CAN,CAN,19.81999968638442,14.570000052554082,0.0,9.58000027797144,4.309999971949244,-1.0899999968925456,0.8649053604948336,-2.883901595187785,4.994064847044543,4.809578876241559,0.397695561778623,4.642801280767574,6.168682531443986,-16.5138356903371,-20.91999960315826,-24.398608800275497,69.8559185028076,53.33791374206542,1.0,110.999999673762,0.0,116.1875,10214.9140625,152.725570671856,53.4175735473633,150.2579927134222,0.03740000413923661,32.2743896,-2.2207922100415938,7.587698195129633,1908.595132827758,957.4424505233767,1053.42400074005,1143.893694877624,-64.850929,7.0,216.07405090332,3.18548822402954,68.4678955078125,-632.127014160156,72.7999210357666,25.1684963703156,-3.444599977692456,0.081151065014295,1.74787465035365,-4.138000013835869,7.79999494552612,632.292663574219,2.0,7.0,7.0,0.0,0.0,26050904.0,8.0,-67.34184304246618,88.52143047371044,28.86901817321775,23.74551658630372
2026-05-09 18:22:34+00:00,CAN,CAN,18.33000006611644,12.249999942459599,0.0,6.8299999737727415,0.8799999878471126,-4.980000036128287,0.865052236242415,-3.824963991815085,4.994425139523261,4.017295843606346,-0.6567020297090245,4.678023114902132,6.14051483130685,-16.02021484543516,-23.32000035296324,-23.250580359296002,70.91856422424316,52.75346649169923,1.0,110.999999673762,0.0,130.9765625,10229.703125,149.14712528266,52.6881362915039,147.232000345053,0.6917999789529726,32.2742735,-1.8596712507214401,7.6420895755291,1908.5315942764296,1176.097679138184,1210.1567983627324,1215.85826873779,-64.8508521,7.0,206.143524169922,3.18548822402954,68.4678955078125,-633.025024414062,72.7941036224365,25.1587003469467,-2.394599991162228,0.127735169629177,0.798868797082476,-0.9465999831690588,8.79999732971191,633.292419433594,2.0,7.0,7.0,0.0,0.0,26050904.0,8.0,-64.7517246601328,88.34938142361244,28.6995858192444,25.406363754272462
2026-05-09 18:22:35+00:00,CAN,CAN,17.980000340967997,12.48000007408008,0.0,7.070000014602296,1.5800000197772535,-3.940000022840175,0.8651990853095706,-4.707293164882625,4.994064847044544,5.719769287395904,-3.2157306479221104,4.660682972146764,6.155282212556606,-15.75013448074614,-21.930000166295578,-21.71982397572215,70.18039283752441,52.52661735534667,1.0,110.999999673762,0.0,145.5546875,10244.28125,147.605510605853,52.5881538391113,147.5017982814202,0.6572000121980042,32.2741617,-0.35213927656984323,7.623959146440029,1908.5225343704199,1166.295289993286,1298.5495090484621,1359.8434448242201,-64.8507704,7.0,195.493377685547,3.18548822402954,68.4678955078125,-634.025024414062,72.8231966495514,25.1959234476089,-3.01680004365199,0.338167494964518,1.3541620560266,0.9287999765834755,9.80000114440918,634.292175292969,2.0,7.0,7.0,0.0,0.0,26050904.0,8.0,-63.02453510961449,88.17938484536,28.5114312171936,27.0208008956909
2026-05-09 18:22:36+00:00,CAN,CAN,17.91999986118514,10.779999799100281,0.0,3.719999949839174,-3.449999983947207,-10.10999999105334,0.865639712552316,-5.708405517475615,4.994064847044544,5.194936185534296,-3.54040347667525,4.68181608970297,6.135865521538823,-15.68032550780568,-28.030000449880003,-21.27066817458115,70.40093994140625,52.681385192871105,1.0,110.999999673762,0.0,160.140625,10258.8671875,149.512786290066,52.5914291381836,149.1725991561884,0.3921999902384076,32.2740496,-0.3331688610410838,7.660220097750428,1908.576989173888,1226.0889530181862,1368.558502197268,1373.3123302459721,-64.8506894,7.0,184.672805786133,3.18548822402954,68.4678955078125,-635.025024414062,72.7824628353119,25.1782923936844,-3.3077999971082916,-1.73846553116343,-1.35428094400684,2.037999976742386,10.8000049591064,635.291931152344,2.0,7.0,7.0,0.0,0.0,26050904.0,8.0,-62.536385587747155,88.08027538540856,28.4492074012756,27.505198745727522
2026-05-09 18:22:37+00:00,CAN,CAN,17.9600001810404,11.849999988246799,0.0,5.920000039518873,-0.37999999172029575,-6.819999979186288,0.864758484747252,-6.5045323671323,4.993704298433732,6.6364301928830995,-3.24042220865853,4.634402026390478,6.179621591663947,-15.89356708727856,-24.79999989326748,-20.71364490342545,71.57882881164551,53.72959007263182,1.0,110.999999673762,0.0,174.9296875,10273.65625,150.493191643529,53.7156154632568,150.3679970081188,0.2166000021641182,32.273934,-0.1764605358808151,7.569567766040564,1908.658695220948,1080.926370620728,1289.5901679992662,1281.8974494934077,-64.8506114,7.0,171.128204345703,3.18548822402954,68.4678955078125,-636.025024414062,72.8096187114716,25.1587003469467,-4.447600109194674,0.142872309572953,0.0614086233318913,0.5085999833603148,11.8000087738037,636.291687011719,2.0,7.0,7.0,0.0,0.0,26050904.0,8.0,-61.46801286192512,88.05565255345064,28.3816526412964,28.481910095214857
2026-05-09 18:22:38+00:00,CAN,CAN,17.9500001010766,11.51999991076184,0.0,5.300000119026816,-1.159999991014216,-7.460000059605977,0.8649053604948336,-7.3164384478756,4.993344262087108,6.261857923044548,-2.394067748671155,4.67179142105814,6.147351594533937,-15.90081494251634,-25.41999972838218,-20.33704107919565,71.8632579803467,54.107359085083,1.0,110.999999673762,0.0,189.9375,10288.6640625,150.655709164641,54.1157718658447,150.5637994070932,0.05039999790203585,32.2738163,-0.07032898012150143,7.678350433707237,1908.704066276552,1051.5372753143322,1149.3938922882057,1202.058315277098,-64.8505332,7.0,159.915115356445,3.18548822402954,68.4678955078125,-637.025024414062,72.7863430976868,25.1528203487396,-3.7750001761967495,0.601235886065982,0.167818254835316,-0.4635999837089013,12.800012588501,637.291442871094,2.0,7.0,7.0,0.0,0.0,26050904.0,8.0,-62.23875463051252,88.0814706685133,28.312793254852302,27.557629623413078
2026-05-09 18:22:39+00:00,CAN,CAN,17.980000340967997,12.43999992497952,0.0,6.880000117459727,1.329999984361246,-3.610000078757321,0.865052209561989,-7.6375772940635,4.994064847044544,5.795618623506264,-1.2697963598114002,4.704032816770998,6.092656293434122,-15.986645148683479,-21.590000179601482,-20.8651256926116,71.6947757720947,54.17327293395996,1.0,110.999999673762,0.0,204.9609375,10303.6875,150.217866718086,54.1424446105957,149.6455952203632,-0.7661999809379639,32.2736984,-0.4788163084903251,7.6058289036154765,1908.5406541824323,1059.2179775238042,1107.230639457702,1290.9411191940299,-64.8504546,7.0,146.562423706055,3.18548822402954,68.4678955078125,-638.127014160156,72.8057444095612,25.1606583595276,-3.4766000115955165,-0.489949746289113,-0.497377150124679,-1.5375999556457873,13.8000164031982,638.291198730469,2.0,7.0,7.0,0.0,0.0,26050904.0,8.0,-62.697651818202516,88.07658708325675,28.23186521530155,25.656525535583476
2026-05-09 18:22:40+00:00,CAN,CAN,18.0000005008956,13.17999986588634,0.0,8.579999965552688,3.690000136834552,-1.0800000129782643,0.863877283622615,-8.974001562258985,4.994785432001979,5.92179407408174,-1.82352731970459,4.692111746103116,6.0934771967949946,-16.00037826853816,-19.109999814614362,-19.856256379555653,72.03171615600584,53.96810188293456,1.0,110.999999673762,0.0,220.0234375,10318.75,146.374218743797,54.0487689971924,147.120799401214,-0.7641999948272786,32.2735826,0.35505506831826594,7.578632980585098,1908.486199378968,1056.5684318542483,1126.1225223541283,1282.271432876588,-64.8503716,7.0,135.382736206055,3.18548822402954,68.4678955078125,-639.025024414062,72.7960407733917,25.1606583595276,-3.23940000681621,1.41944404361823,0.0467860987884465,-2.3295999316347777,14.8000202178955,639.290954589844,2.0,7.0,7.0,0.0,0.0,26050904.0,8.0,-60.376006315537,88.04090959012714,27.90940103530885,27.598224449157705
2026-05-09 18:22:41+00:00,CAN,CAN,18.0900001960416,14.159999847622739,0.0,10.099999996466881,6.020000028072066,2.9999999767608996,0.8651990853095706,-9.536652055517123,4.994064847044544,6.806103276300982,-4.59322452343177,4.711077217748858,6.109338432840328,-16.1342738819325,-15.100000021768082,-17.97264730081705,70.96823959350584,52.89124671936035,1.0,110.999999673762,0.0,234.84375,10333.5703125,144.878065806105,52.762328338623,147.1824022433762,-0.851000002479187,32.2734725,2.1212305275340437,7.750872243195772,1908.649587631226,1022.4650740623489,1137.2118473053001,1205.3090572357182,-64.8502824,7.0,122.872512817383,3.18548822402954,68.4678955078125,-640.127014160156,72.8464722633362,25.1782923936844,-4.39119990750066,-3.21383623092278,-0.611925719086434,1.5186000128890826,15.8000240325928,640.290710449219,2.0,7.0,7.0,0.0,0.0,26050904.0,8.0,-57.5020259543168,88.01137926725059,27.67304563522335,31.19625274658204
2026-05-09 18:22:42+00:00,CAN,CAN,18.1499999928056,14.7500001258649,0.0,11.779999940764316,8.479999934310811,4.770000043091109,0.8651990853095706,-9.569671751285906,4.992983713476296,7.433026618045227,-4.044748380248695,4.667185739123436,6.144343408468736,-16.185772142236562,-13.36999984840628,-17.1002511437934,72.1493076324463,53.1930322265625,1.0,110.999999673762,0.0,249.546875,10348.2734375,147.668184421677,53.2110683441162,148.557597995018,0.38739998842130124,32.2733626,1.0420552205444293,7.669285219162704,1908.6586952209461,630.5993437767031,861.704432964325,862.2628808021549,-64.8501951,7.0,112.701278686523,3.18548822402954,68.4678955078125,-641.025024414062,72.7766454219818,25.1822113990784,-5.09159986301496,1.64875163674554,1.83559135476954,0.8752000163789898,16.80002784729,641.290466308594,2.0,7.0,7.0,0.0,0.0,26050904.0,8.0,-54.490801137952175,88.10101866991785,27.75615034103395,35.06328163146972
2026-05-09 18:22:43+00:00,CAN,CAN,18.08999951302268,12.84999995915614,0.0,8.060000076302504,2.7400000107914675,-2.570000006772265,0.865052209561989,-9.542642131419225,4.9929837134762955,5.595750639805588,-0.848983749312497,4.676668432257622,6.132310322698468,-16.146480454507657,-20.66999999462906,-18.24286409853475,73.24306182861329,53.211399307250964,1.0,110.999999673762,0.0,264.359375,10363.0859375,147.924261874039,53.1385929107666,147.34119867742737,1.8388000068868777,32.2732491,-0.5071915449926052,7.705545984208584,1908.5406541824318,691.627633571625,882.8244090080261,875.2155780792239,-64.8501124,7.0,98.4763412475586,3.18548822402954,68.4678955078125,-642.127014160156,72.8173792362213,25.1743733882904,-3.4853999419448,0.876880816543982,0.462065232198272,-3.7587997358817615,17.8000316619873,642.290222167969,2.0,7.0,7.0,0.0,0.0,26050904.0,8.0,-54.482479235467416,88.28824098525709,27.877872848510698,35.30988418579102
2026-05-09 18:22:44+00:00,CAN,CAN,18.069999353095042,13.100000079949499,0.0,8.219999989685714,3.2800000172805994,-1.129999985910522,0.863877310303041,-9.502755961100469,4.992623420997577,4.71575581195295,1.87973785558309,4.686692759392995,6.127661269062534,-16.218960372923142,-19.199999680515017,-19.199559304068302,72.6243873596191,52.27551177978516,1.0,110.999999673762,0.0,277.578125,10376.3046875,141.848357814828,52.2870941162109,140.69959103039878,1.531400000837098,32.2731404,-1.10702783992029,7.732741814106701,1908.5588216781598,837.3651623725893,967.1799302101132,910.0314021110535,-64.850024,99.0,89.2686004638672,3.18548822402954,68.4678955078125,-643.127014160156,72.8328943252564,25.2096384763718,-3.363999988882262,-0.638184541433106,-1.18325610211919,-9.554399789811232,0.0,643.190002441406,3.0,7.0,8.0,0.0,0.0,26050904.0,8.0,-54.914274232530786,88.427242165056,28.016359806060798,32.253968353271475
2026-05-09 18:22:45+00:00,CAN,CAN,18.20000039262468,16.2699999860244,0.0,14.13999985844986,12.009999901630081,10.969999952374948,0.862849233430822,-9.48873016763985,4.993344005955014,5.451601119542397,3.0239714861484153,4.665288910213558,6.1539154063263215,-16.596996658576558,-7.220000018776429,-18.292807295519502,72.5884380340576,50.76097434997558,1.0,110.999999673762,0.0,277.578125,10376.3046875,130.073699081994,50.7655082702637,128.943996721577,1.184200034262486,32.2730472,-1.081119918542224,7.651154883205891,1908.5679292678822,687.2850894927977,858.4735393524168,854.4575452804569,-64.8499194,99.0,78.3713150024414,3.18548822402954,68.4678955078125,-644.127014160156,72.8154420852661,25.1449853181839,-3.453000043154514,1.14519188476153,0.38057536578876,-13.21499912123134,0.0,643.190002441406,3.0,7.0,8.0,0.0,0.0,26050904.0,8.0,-48.64516734434274,88.54419890930875,27.9840462684631,32.88661056518553
2026-05-09 18:22:46+00:00,CAN,CAN,18.28000000780678,17.82999982452972,0.0,17.39000006272586,16.840000104338902,16.8599999227571,0.862261783801348,-9.495596215303005,4.993704298433732,4.45765261086037,2.684062959956205,4.611372336056489,6.214079554517202,-16.68358979687402,-1.3999999944911727,-16.19429741360385,71.57633628845215,47.890167846679674,1.0,110.999999673762,0.0,277.578125,10376.3046875,116.016322826651,47.7831493377686,115.48280035812721,1.5435999566665282,32.2729796,-0.5531599027177252,7.67835043370724,1908.6495876312263,824.3530869483945,889.5038485527035,887.4488592147827,-64.849798,99.0,73.0399627685547,3.18548822402954,68.4678955078125,-645.127014160156,72.7242767810822,25.0235110521317,-2.129399924701228,0.35237282101469,0.89026804067806,-13.584599440240959,0.0,643.190002441406,3.0,7.0,8.0,0.0,0.0,26050904.0,8.0,-41.59464446793242,88.657521992923,27.90774450302125,34.83059532165528
2026-05-09 18:22:47+00:00,CAN,CAN,18.2999994847155,18.04999987618634,0.0,17.999999476367258,17.910000122730743,17.620000194346318,-0.133650313553608,-9.50728480340701,4.994064847044544,3.490305255740652,3.4369048731301053,4.484573374587152,6.342339664204735,-16.657268638379,-0.6700000001460195,-11.6353156166891,71.1116798400879,44.98448524475098,1.0,110.999999673762,0.0,277.578125,10376.3046875,101.36395513233,44.8944831848144,101.61479382959813,0.9236000041579562,32.2729418,0.30701766486664983,7.705546077340844,1908.731317520144,920.2508926391602,974.0231513977051,929.6767354011533,-64.8496692,99.0,72.5332946777344,3.18548822402954,68.4678955078125,-646.127014160156,72.6505696773529,25.003919005394,-2.272799959769056,-1.24082275071306,-2.11969221952257,-14.17199980697556,0.0,643.190002441406,3.0,7.0,8.0,0.0,0.0,26050904.0,8.0,-27.301498620176705,88.76732411402014,27.882910251617403,38.17172653198238
2026-05-09 18:22:48+00:00,CAN,CAN,18.27999966629734,18.00999955633108,0.0,18.03999945471306,18.01999963629488,17.86000006442116,-4.592418561109705,-9.50567757451794,1.7444277580364016,4.95229038555237,3.510980622556425,4.390016747981684,6.424381762080809,-16.54244598673246,-0.41000000216007493,-6.98789311530647,69.6013858795166,41.83634742736818,1.0,110.999999673762,0.0,277.578125,10376.3046875,87.215334379864,42.0028369903564,88.98820013743781,-3.6403999647564937,32.2729345,1.708196075096976,220.59650048613554,1909.4213962554918,346.20508402585995,490.99388718605024,619.0882623195646,-64.8495415,99.0,72.4849624633789,3.18548822402954,68.4678955078125,-647.127014160156,72.2897887229919,24.6904388070106,-4.064000122198022,0.193958509366865,-5.12971581905558,-9.811199876187539,0.0,643.190002441406,3.0,7.0,8.0,0.0,0.0,26050904.0,8.0,-19.28762947077372,88.87372480091055,27.869100093841553,39.26336997985842
2026-05-09 18:22:49+00:00,CAN,CAN,18.1499999928056,18.11999975291414,0.0,18.0399997962225,17.990000079422362,17.979999999458578,-4.53939921767748,-9.482739664850925,-1.6832216858319804,4.697063120987186,4.37940203636993,4.198734568199808,6.621283565379682,-16.768657412420342,-0.170000004019203,-5.88141869146368,64.6291248321533,36.078839950561516,1.0,110.999999673762,0.0,277.578125,10376.3046875,77.1597386384744,36.044257736206,79.7528008323401,-6.754599978732406,32.2729466,1.929919106004786,657.6013147830962,1909.784579277038,174.32039156556135,141.54326766729366,391.96789860725397,-64.8494271,99.0,75.58447265625,3.18548822402954,68.4678955078125,-648.127014160156,72.2878456115723,26.7025858163834,-1.6973999899462473,2.69470620895208,-2.73842027341381,-9.718599842647157,0.0,643.190002441406,3.0,7.0,8.0,0.0,0.0,26050904.0,8.0,-15.111061171619479,88.97680601586441,27.830616188049348,34.7159632873535
2026-05-09 18:22:50+00:00,CAN,CAN,14.589999614840156,14.259999878864656,0.0,14.650000265377756,14.59999960942661,14.479999759766574,-4.534699407198275,-9.4776259875967,-3.357407746427458,1.9125695717393065,7.63243117341071,4.066245973774488,6.755286754253452,-12.467586632150425,-0.11999999907043613,-1.2223336420732436,59.675252151489246,31.006646575927743,1.0,110.999999673762,0.0,277.578125,10376.3046875,67.8578542719958,30.7666522979736,69.87399770742715,-11.022400139158913,32.272971,1.437751315146661,1159.0790510177608,1910.583472251892,499.64333176612854,235.59881150722475,630.3789734840394,-64.8493327,99.0,80.2859497070312,3.18548822402954,68.4678955078125,-649.127014160156,72.3596155643463,35.6504708528519,-0.391000011378601,-0.254600877521352,-5.20145414968187,-9.54559985946195,0.0,643.190002441406,3.0,7.0,8.0,0.0,0.0,26050904.0,8.0,1.924706377667374,89.0766941173813,27.7373190879822,30.55493682861328
2026-05-09 18:22:51+00:00,CAN,CAN,-11.359999767926968,-11.029999770483297,0.0,-9.689999855568612,-9.4400002150229,-9.960000072256577,-4.538811607965444,-9.484638884327008,-2.420137342761304,-2.470508664540994,11.29103865091415,4.075186947530126,6.742706399575934,21.792209637527,1.4100000104219639,13.259120094212872,53.9457378387451,27.476752738952644,1.0,110.999999673762,0.0,277.578125,10376.3046875,62.8476646289813,27.4879594802856,60.69419887424901,-12.5441999249194,32.273001,-2.102000706223086,1655.6523561477657,1911.8090629577641,533.2641005516051,193.66026818752277,808.8919878005984,-64.8492542,99.0,84.5518798828125,3.18548822402954,68.4678955078125,-650.127014160156,72.4565982818604,45.8640277385712,-1.5081999826606811,-1.35461519638935,0.517385388885438,-9.7169998708341,0.0,643.190002441406,3.0,7.0,8.0,0.0,0.0,26050904.0,8.0,33.2447771396701,89.17348131301495,27.62107429504395,24.10252555847168
2026-05-09 18:22:52+00:00,CAN,CAN,-18.50000005946344,-17.979999999458563,0.0,-18.13999991284176,-18.030000057768177,-17.91999986118512,-4.18779666057427,-9.48142442654887,-0.5484792647929668,0.3028406840240688,15.92891895113945,4.243439266223282,6.585184564200963,35.31111495229294,0.6000000113604358,23.21583006434625,48.6041868209839,24.64861026763916,1.0,110.999999673762,0.0,277.578125,10376.3046875,49.4727403849382,24.4092916488647,49.165398947760536,-11.94099996459676,32.2730363,-0.728627850695558,1897.434639930724,1911.2099170684821,406.99962973594654,65.0920920073986,655.1104784011843,-64.8491897,99.0,90.0947036743164,3.18548822402954,68.4678955078125,-651.127014160156,72.4178075790405,59.3769609928131,-2.131799882420838,-0.615302500579065,0.691036705313224,-12.03699963941911,0.0,643.190002441406,3.0,7.0,8.0,0.0,0.0,26050904.0,8.0,48.06032488345232,89.2672632254138,27.647807121276898,17.18342742919922
2026-05-09 18:22:53+00:00,CAN,CAN,-18.170000152733223,-15.270000015115121,0.0,-13.089999829230958,-9.969999981465662,-6.219999914465,-3.755711209716445,-9.48566170515522,6.732032436073132,1.222018322121341,6.084194201316665,4.9790344181343755,5.845708584180836,38.00085779084121,11.950000019488707,31.7435261487823,45.5681373596191,23.5813674545288,1.0,110.999999673762,0.0,277.578125,10376.3046875,38.3995728157164,23.5676719665527,40.54239850175968,-10.75179999707407,32.2730796,1.6539424844652177,1896.8997001647938,1911.6547584533703,398.0849862098694,175.183480978012,663.5613560676575,-64.8491409,99.0,95.4992446899414,3.18548822402954,68.4678955078125,-652.127014160156,72.5070297718048,72.6175546646118,-1.846799994018302,1.70214642713871,3.23820357111704,-5.8351999112559465,0.0,643.190002441406,3.0,7.0,8.0,0.0,0.0,26050904.0,8.0,59.735514205364964,89.37173779895829,27.757033538818348,12.700982036590542
2026-05-09 18:22:54+00:00,CAN,CAN,-18.0999995929865,-8.199999915135441,0.0,0.669999957457336,9.78999990815483,19.369999844616803,-3.71165072659775,-9.492966592472545,7.757227864924866,0.41284018691603663,5.61714928096578,5.762856682001287,5.060288312180239,32.2482945454286,37.480000200586,35.1344179584647,44.2620723724365,23.474449882507322,1.0,110.999999673762,0.0,277.578125,10376.3046875,33.004935729984,23.3751502990723,34.42500104334028,-7.307999749156046,32.2731268,1.2889449498960015,1896.401095390318,1911.400532722476,453.70731353759754,194.7233885526658,646.1252570152282,-64.8490997,99.0,102.181381225586,3.18548822402954,68.4678955078125,-653.127014160156,72.4430203437805,75.7033705711365,-1.083599992246366,0.296747787094533,4.81611408661679,-6.441399861416817,0.0,643.190002441406,3.0,7.0,8.0,0.0,0.0,26050904.0,8.0,63.07709751339122,89.68270606658524,28.2597438812256,10.6229189300537
2026-05-09 18:22:55+00:00,CAN,CAN,-18.0999995929865,-6.920000095805529,0.0,3.810000071871964,14.670000169173317,25.64000012154828,-3.714147587626215,-9.506554826939464,7.332375584398084,0.162645533797368,-0.088787069764026,6.526087974577356,4.302762703504699,24.677646958060983,43.750000136008055,36.9585343819852,47.072871208190904,24.476516647338862,1.0,110.999999673762,0.0,277.578125,10376.3046875,27.6255999755397,24.4846698760986,30.49540060249734,-4.726000071179595,32.2731789,3.078494324971684,1896.2197542190581,1911.573076248166,362.30611205101025,90.3869256377219,389.62060213089,-64.8490647,99.0,108.313774108887,3.18548822402954,68.4678955078125,-654.127014160156,72.5671589374542,75.7641077041626,-0.7477999635781369,0.898652684853632,1.83708801997141,-1.0301999404731093,0.0,643.190002441406,3.0,7.0,8.0,0.0,0.0,26050904.0,8.0,64.32456053132668,89.98049889930314,30.35003871917725,10.5612027168274
2026-05-09 18:22:56+00:00,CAN,CAN,-18.0999995929865,-6.880000117459725,0.0,3.690000136834552,14.53999981266262,25.519999845001383,-3.7132664932232853,-9.508015633648206,6.596180314991036,-0.2266658813956337,-3.810963491398735,6.7525910493427785,4.058549289730892,23.640049015582242,43.620000462516266,38.03911128981625,47.6034490585327,25.38975345611572,1.0,110.999999673762,0.0,277.578125,10376.3046875,27.976506066791,25.455411529541,31.2890002821611,-3.3097999191859544,32.2732346,3.342529161160278,1896.0384368896498,1911.76371574402,256.2691509723662,86.62457019090654,236.5559130907058,-64.8490306,99.0,115.623901367188,3.18548822402954,68.4678955078125,-655.127014160156,72.5244879722595,75.8072078227997,-0.49580000074838476,0.71756878858755,1.97101970530231,2.296199931733426,0.0,643.190002441406,3.0,7.0,8.0,0.0,0.0,26050904.0,8.0,66.06555526019541,90.14992515675996,30.48787593841555,10.348180904388421
2026-05-09 18:22:57+00:00,CAN,CAN,-18.0999995929865,-6.850000133700371,0.0,3.75000010435326,14.53000007420828,25.599999801693,-3.7178198815221553,-9.50918444976992,5.813140107784099,-0.6023172330776418,-4.88269797229725,6.736877174628786,4.0749579654382,22.6508979463959,43.710001182190624,37.09166501419255,48.26695976257325,25.604767913818364,1.0,110.999999673762,0.0,277.578125,10376.3046875,31.8316458343592,25.6525045394897,34.4938015388498,-1.617799994191396,32.2732904,3.0778966834193104,1896.0384607315082,1911.76371574402,262.2948974370955,31.529182754457004,88.22647929191587,-64.8489934,99.0,121.864929199219,3.18548822402954,68.4678955078125,-656.127014160156,72.9066073894501,75.7601857185364,-0.09179999910879069,0.541799686630237,1.43025740701313,3.6961998568554875,0.0,643.190002441406,3.0,7.0,8.0,0.0,0.0,26050904.0,8.0,64.55874449532327,90.3826911734848,30.6251346588135,10.6694080924988
2026-05-09 18:22:58+00:00,CAN,CAN,-18.0999995929865,-6.820000149941021,0.0,3.75000010435326,14.49000009586248,25.650000201512103,-3.719288372193705,-9.502463116739804,2.8643955567579242,-0.6774474036292486,-4.9657048343935895,6.7357938212490565,4.07550472208126,20.50627523758198,43.7500015020459,36.33720231847295,48.55765628814695,25.169338188171402,1.0,110.999999673762,0.0,277.578125,10376.3046875,34.507666139846,25.0698034286499,38.0389982501855,-1.0936000081771575,32.2733441,3.461245447520548,1895.984077453614,1911.781883239748,289.14418816566484,17.66286930069329,60.466501116752625,-64.8489525,99.0,127.406349182129,3.18548822402954,68.4678955078125,-657.025024414062,84.6823751926422,75.8385598659515,0.04900000122125359,-0.796915362979852,-0.160679613255168,3.4377997986661057,0.0,643.190002441406,3.0,7.0,8.0,0.0,0.0,26050904.0,8.0,62.366772866126084,90.65905770277644,30.5620491027832,11.61251501083376
2026-05-09 18:22:59+00:00,CAN,CAN,-18.0999995929865,-6.840000139113923,0.0,3.740000109766806,14.53999981266264,25.67000036143974,-3.7169383602324,-9.502463543626629,2.48062276597527,-0.5214353442177118,-3.631290456083085,6.735522577361644,4.07550472208126,21.075427729420543,43.7700002959357,35.48468201193405,48.479984664917,24.80130786895754,1.0,110.999999673762,0.0,277.578125,10376.3046875,37.1887578607916,24.7797369003296,40.73979984801893,-1.58980001788707,32.2733948,3.399229378913586,1896.138191223146,1911.827254295348,186.90343797206882,-40.881242847535766,-7.696341443806891,-64.8489091,99.0,133.990188598633,3.18548822402954,68.4678955078125,-658.025024414062,84.655225276947,75.7915377616882,-0.2402000026216342,-0.276297640430559,0.0835110421148798,2.167400002313712,0.0,643.190002441406,3.0,7.0,8.0,0.0,0.0,26050904.0,8.0,61.07011609371252,90.96737244191084,30.36987590789795,12.285274486541741
2026-05-09 18:23:00+00:00,CAN,CAN,-18.0999995929865,-6.920000095805529,0.0,3.720000120593904,14.53000007420828,25.699999918312237,-3.7138538894919053,-9.502901529507156,4.127061892766916,-0.192156510696703,-3.916036666990975,6.7360646382496485,4.07523134375973,21.62627053315098,43.7999998528082,35.01243419498285,48.4202756881714,24.5994873046875,1.0,110.999999673762,0.0,277.578125,10376.3046875,40.2335434946619,24.6334625244141,43.048200247846,-1.345999937279754,32.2734432,3.000233932084312,1896.0384607315077,1911.672949790956,156.8768903613092,-13.838534662500019,73.6354872584343,-64.8488635,99.0,140.960723876953,3.18548822402954,68.4678955078125,-659.025024414062,84.7269892692566,75.8013308048248,-0.241600000636438,1.26072122619942,0.555068663114309,2.122599916429608,0.0,643.190002441406,3.0,7.0,8.0,0.0,0.0,26050904.0,8.0,60.18881268699228,91.31061335336605,30.471688270568848,12.75769878387452
2026-05-09 18:23:01+00:00,CAN,CAN,-18.0999995929865,-6.850000133700371,0.0,3.7700000935261597,14.53999981266264,25.73999989665806,-3.714147587626215,-9.503924350335366,1.48930003814229,-0.1921561238305194,-3.58610992866221,6.736606357628195,4.07523134375973,20.898425767645858,43.82999940968074,34.7786470649771,48.588826560974155,24.43245529174806,1.0,110.999999673762,0.0,277.578125,10376.3046875,41.2719269088952,24.4745899200439,44.70599780847264,-1.41480000590247,32.2734899,3.417588671270488,1895.9931612014777,1911.672925949098,149.2569550871852,-9.19628068804742,85.4282863438131,-64.8488164,99.0,146.730361938477,3.18548822402954,68.4678955078125,-660.025024414062,84.6590995788574,75.8032917976379,-0.14299999275577135,-0.913258724228587,-0.375812642863998,1.3762000028931083,0.0,643.190002441406,3.0,7.0,8.0,0.0,0.0,26050904.0,8.0,59.25220660460026,91.6837636631968,30.462468338012698,13.227532196044919
2026-05-09 18:23:02+00:00,CAN,CAN,-18.0999995929865,-6.870000122873274,0.0,3.690000136834552,14.53000007420826,25.59000006323866,-3.706657217984235,-9.50114830532458,1.740464108547594,-0.195751092514535,-4.437718404946915,6.735522748116372,4.07523134375973,20.559681169721237,43.67000017931644,34.13830316991005,48.4056449890137,23.994152297973642,1.0,110.999999673762,0.0,277.578125,10376.3046875,43.386365645729,23.9828023910522,46.58039979221006,-1.5455999854658962,32.2735351,3.330021547997422,1896.020317077638,1911.763691902162,181.62319362163538,-57.1260951459407,26.147396909072995,-64.8487683,99.0,153.424224853516,3.18548822402954,68.4678955078125,-661.025024414062,84.6823751926422,75.7778227329254,-0.09399999687060308,0.00630943310278223,-0.0235107050722673,3.176000077850378,0.0,643.190002441406,3.0,7.0,8.0,0.0,0.0,26050904.0,8.0,57.73649132210712,92.0629723508213,30.39726448059085,13.67463506698608
2026-05-09 18:23:03+00:00,CAN,CAN,-18.0999995929865,-6.95000007956488,0.0,3.7000001314210005,14.5100002557901,25.6699996784208,-3.708713531811235,-9.50582399669827,2.1613526168556056,-0.1946726803497842,-8.347448672899855,6.7355224919842795,4.07550472208126,18.206394132706702,43.75999953295294,32.23827602395405,47.97502040863035,23.11314422607422,1.0,110.999999673762,0.0,277.578125,10376.3046875,48.2844445637069,23.1072263717651,51.88499927524661,-1.9131998701336521,32.273577,3.7396451960620594,1895.91155052185,1911.618423461914,149.26999211311346,-6.316408514976509,47.62787688523534,-64.8487188,99.0,158.955551147461,3.18548822402954,68.4678955078125,-662.025024414062,84.6765577793121,75.7836997509003,0.3435999819704227,0.699439011931103,-0.286931764720593,6.270199718455246,0.0,643.190002441406,3.0,7.0,8.0,0.0,0.0,26050904.0,8.0,52.928452055881884,92.44196930258155,29.55344066619875,14.418623714447019
2026-05-09 18:23:04+00:00,CAN,CAN,-18.0999995929865,-6.91000010121908,0.0,3.720000120593904,14.510000255790121,25.690000179857897,-3.71135702846344,-9.506992812819991,2.16459567605089,-0.18640461362952201,-6.76874158658814,6.734709614095685,4.07550472208126,18.2998546847051,43.76999961291678,29.38486716798555,46.604647636413546,22.118807716369624,1.0,110.999999673762,0.0,277.578125,10376.3046875,54.570848222949,22.1196001052856,56.973599489932816,-1.4123999841498338,32.2736125,2.811442124651192,1895.8843231201158,1911.6275310516362,154.4007316231726,-3.04451719857752,-5.191062390804279,-64.8486668,99.0,164.961227416992,3.18548822402954,68.4678955078125,-663.025024414062,84.664922952652,75.7758617401123,0.42139999342730794,0.363695887276396,0.605396325044166,3.9287998572948424,0.0,643.190002441406,3.0,7.0,8.0,0.0,0.0,26050904.0,8.0,49.30369183694252,92.82376663190149,28.4006598472595,14.93887664794922
2026-05-09 18:23:05+00:00,CAN,CAN,-18.0999995929865,-6.90000010663263,0.0,3.75000010435326,14.52000033575392,25.69000017985788,-3.716204114896625,-9.50436276310271,2.187297986880224,-0.18568573355133539,-4.77499954946449,6.735522406606913,4.07550472208126,18.18274289515822,43.770000295935674,28.7911188234363,46.24511489868165,21.159957389831558,1.0,110.999999673762,0.0,277.578125,10376.3046875,56.9950360386429,21.1502592086792,60.094001465085526,-0.9692000119155713,32.2736432,2.9671461478672443,1895.811867713926,1911.600303649902,208.186426758766,-50.190911814570484,62.47047670185559,-64.8486139,99.0,169.562576293945,3.18548822402954,68.4678955078125,-664.025024414062,84.6590995788574,75.7778227329254,0.3705999865637476,0.0227411615323037,0.546571000652314,2.811399862855702,0.0,643.190002441406,3.0,7.0,8.0,0.0,0.0,26050904.0,8.0,47.79930442318786,93.24805798314276,28.53579168319705,14.91384841918944
2026-05-09 18:23:06+00:00,CAN,CAN,-18.08999951302268,-6.90000010663263,0.0,3.75000010435326,14.51999999424444,25.65000054302154,-3.7229606660896453,-9.500272333563526,2.44458796857475,-0.1849668508051064,-4.105690956561545,6.7355225773616425,4.07550472208126,16.12967238348866,43.729999293061496,28.7942487576235,45.41292972564695,19.817015419006317,1.0,110.999999673762,0.0,277.578125,10376.3046875,60.8656871658162,19.8223537445068,63.004999402550425,-0.8962000066113633,32.2736699,2.3361015126665,1895.911526679992,1911.600279808044,233.38540196418757,-42.45275929570198,19.10704718902709,-64.8485621,99.0,174.501861572266,3.18548822402954,68.4678955078125,-665.127014160156,84.6610426902771,75.7151246070862,0.4979999673274488,0.529524075783578,-0.47872401022308,2.448799868759462,0.0,643.190002441406,3.0,7.0,8.0,0.0,0.0,26050904.0,8.0,46.5327988378464,93.71167073343571,28.7388628005981,14.330933933258041
2026-05-09 18:23:07+00:00,CAN,CAN,-18.08999951302268,-6.91000010121908,0.0,3.75000010435326,14.550000234135918,25.690000179857897,-3.72222599386705,-9.499103944328624,2.153785578340194,-0.1939536108405696,-2.720841394202605,6.735793650494327,4.07523134375973,16.109454682035977,43.780000375899505,28.56842648196355,44.11093654632565,18.32746364593504,1.0,110.999999673762,0.0,277.578125,10376.3046875,62.0116904557068,18.3539571762085,64.22059958800776,-1.0662000213027356,32.2736929,2.21451261949605,1895.947813987732,1911.6547584533703,193.13244819641122,-42.964943125843995,-64.43983255885556,-64.8485128,99.0,178.310150146484,3.18548822402954,68.4678955078125,-666.025024414062,84.6940159797668,75.736677646637,0.41840000892519436,-0.763581745313516,0.677046236737216,0.638399985876653,0.0,643.190002441406,3.0,7.0,8.0,0.0,0.0,26050904.0,8.0,44.99760112376474,94.19857784389296,28.6152837753296,13.66869163513184
2026-05-09 18:23:08+00:00,CAN,CAN,-18.059999273131222,-6.95000007956488,0.0,3.75000010435326,14.5300000742083,25.7899996134582,-3.7223730563776147,-9.50012591138319,1.785147291475186,-0.18568573088329302,-1.200974493280276,6.735251760361052,4.07523134375973,15.52580545519354,43.8599996495722,28.36171422182775,43.0518510818481,17.03992298126222,1.0,110.999999673762,0.0,277.578125,10376.3046875,62.7556278299154,17.0060823440552,64.4871996298052,-0.7910000136161395,32.2737136,1.9791266275829322,1897.9241609573342,1911.6002798080438,169.05952990055061,-23.070963285863378,-25.553025584667928,-64.8484665,99.0,182.200378417969,3.18548822402954,68.4678955078125,-667.127014160156,84.6610426902771,75.6759405136108,0.2516000018929954,-0.747018163050265,-0.104602719632732,-0.36199997398384454,0.0,643.190002441406,3.0,7.0,8.0,0.0,0.0,26050904.0,8.0,43.907176449188384,94.6553399144484,28.553362941741952,13.031707248687757
2026-05-09 18:23:09+00:00,CAN,CAN,-18.0499991931674,-6.95000007956488,0.0,3.75000010435326,14.55999997259028,25.73999989665806,-3.7172322718101203,-9.49778870602658,1.769652068192002,-0.1964699752607642,0.23063277655831899,6.7355225773616425,4.07550472208126,15.647875962077858,43.81000061579094,28.8208267312313,42.16875286102295,16.19227283477782,1.0,110.999999673762,0.0,277.578125,10376.3046875,61.2779164029832,16.143310546875,63.74799967480491,-0.9817999927147814,32.2737333,2.546090470679298,1898.0964422225939,1911.618447303772,191.5459901094436,-43.64398792386054,-0.46858629211782965,-64.8484233,99.0,186.16682434082,3.18548822402954,68.4678955078125,-668.127014160156,84.6532821655274,75.6818175315857,0.11040000043880185,-0.397042738434249,-0.360961010163614,-0.8543999959428243,0.0,643.190002441406,3.0,7.0,8.0,0.0,0.0,26050904.0,8.0,43.53673772445814,95.0712608688617,28.46302871704105,12.40729637145996
2026-05-09 18:23:10+00:00,CAN,CAN,-18.0499991931674,-6.95000007956488,0.0,3.75000010435326,14.53999981266264,25.729999816694242,-3.71605726582947,-9.498226691907105,1.7674902706310078,-0.205456922059213,0.1486759159746275,6.734980687228368,4.07550472208126,16.1590462950332,43.7800003758995,29.00688449931705,41.856838989257795,15.94246948242186,1.0,110.999999673762,0.0,277.578125,10376.3046875,59.6530690409505,15.9432872772217,62.6656004725033,-1.3205999578603582,32.2737532,3.0016229364294,1898.05107116699,1911.600303649902,54.2756397277117,-92.4416065216064,-41.747177392244325,-64.848382,99.0,189.083145141602,3.18548822402954,68.4678955078125,-669.127014160156,84.6494019031525,75.6818175315857,0.021799998817272882,0.239582705599096,-0.503771541209133,-1.1720000037278617,0.0,643.190002441406,3.0,7.0,8.0,0.0,0.0,26050904.0,8.0,43.435077871870625,95.4409414425941,28.4116230010986,12.10247451782226
2026-05-09 18:23:11+00:00,CAN,CAN,-18.0499991931674,-6.95000007956488,0.0,3.75000010435326,14.61999976935422,25.74000023816752,-3.71458813482768,-9.49895709526147,1.7660483963528797,-0.19251575196661902,0.112951275196484,6.7352513334742286,4.07550472208126,17.55865860691988,43.82000001273583,29.171978709292702,41.8279329299927,16.093153152465838,1.0,110.999999673762,0.0,277.578125,10376.3046875,58.5769180957016,16.1310178756714,61.580799775689556,-1.6799999869861018,32.2737741,2.967663620074236,1898.042035102842,1911.672925949098,86.78484410047533,-30.868542939424536,-34.8726890981198,-64.8483414,99.0,191.664978027344,3.18548822402954,68.4678955078125,-670.127014160156,84.664922952652,75.6857395172119,-0.15639999814813793,0.890702344659737,-0.00630101751264704,-1.1053999603811502,0.0,643.190002441406,3.0,7.0,8.0,0.0,0.0,26050904.0,8.0,43.6501038382642,95.7635722582288,28.3080382347107,12.019489631652819
2026-05-09 18:23:12+00:00,CAN,CAN,-18.0499991931674,-6.960000074151333,0.0,3.75000010435326,14.570000052554082,25.780000216513322,-3.7138538894919053,-9.49997991608968,1.764607226438002,-0.1982674596027722,-0.540595999191154,6.735793650494325,4.07550472208126,17.74901222248406,43.84000017266348,28.947866542246253,41.7378261566162,16.15457908630372,1.0,110.999999673762,0.0,277.578125,10376.3046875,59.0584122812417,16.1897844314575,61.04799994118004,-1.2943999285014018,32.2737952,2.3179808500437282,1898.042011260984,1911.600303649902,97.3008319735527,-21.60452269017697,-8.606459200382222,-64.8483006,99.0,195.611953735352,3.18548822402954,68.4678955078125,-671.127014160156,84.664922952652,75.670063495636,0.013599998533947683,0.123458310610199,0.335631547111313,0.12899999659948028,0.0,643.190002441406,3.0,7.0,8.0,0.0,0.0,26050904.0,8.0,43.808140755279965,96.05315861865901,28.25097198486325,11.873397560119619
2026-05-09 18:23:13+00:00,CAN,CAN,-18.0499991931674,-7.00000005249714,0.0,3.75000010435326,14.59999995093608,25.75999971507624,-3.7138538894919053,-9.498665104674455,1.76532781139544,-0.200424379981809,-1.7967329144774502,6.735251589606321,4.07550472208126,16.88307537535856,43.809999932772044,29.2094320516065,41.65385799407955,15.91971645355224,1.0,110.999999673762,0.0,277.578125,10376.3046875,59.1980350082551,15.9429697036743,61.58080114172736,-1.293199992330274,32.2738163,2.7034123949549995,1897.9513883590657,1911.5548849105821,87.37804405391208,-52.487361431121826,-0.30259005725384824,-64.84826,99.0,199.304595947266,3.18548822402954,68.4678955078125,-672.127014160156,84.6688032150269,75.6720244884491,0.1958000021134667,0.743945538419111,0.118187819149542,0.7653999843592556,0.0,643.190002441406,3.0,7.0,8.0,0.0,0.0,26050904.0,8.0,44.009084237642796,96.3288250535607,28.2358099937439,11.56505802154542
2026-05-09 18:23:14+00:00,CAN,CAN,-18.0499991931674,-7.00000005249714,0.0,3.75000010435326,14.589999870972258,25.769999795040057,-3.71473519733825,-9.49910309055498,1.7646072264380037,-0.20725421430215038,-2.29740136200843,6.735251674983688,4.07550472208126,15.6349061158629,43.82000001273584,29.9431207269655,41.1108484268188,15.49293880462648,1.0,110.999999673762,0.0,277.578125,10376.3046875,59.0363439400334,15.4414609909058,62.14259922737712,-1.264999998204972,32.2738367,3.067044708111262,1898.0329513549782,1911.500430107118,109.0229347348212,-2.8337201569229507,9.830164723098289,-64.8482202,99.0,202.340957641602,3.18548822402954,68.4678955078125,-673.127014160156,84.6532821655274,75.6485104560852,-0.18520000838377002,-2.33131495878484,-0.490537782887969,0.43339998479661546,0.0,643.190002441406,3.0,7.0,8.0,0.0,0.0,26050904.0,8.0,44.51581870424172,96.6245141880143,28.1437153816223,11.07569126129152
2026-05-09 18:23:15+00:00,CAN,CAN,-18.0499991931674,-7.02000004167004,0.0,3.75000010435326,14.53999981266264,25.73999989665806,-3.71488183296199,-9.498519109380945,1.764607226438,-0.1968293205843436,-2.29687597105087,6.734709528718318,4.07550472208126,16.9448742439499,43.7800003758995,30.44092540424355,40.86902561187745,15.34723400115968,1.0,110.999999673762,0.0,277.578125,10376.3046875,59.5041845774225,15.327096748352,62.51700014484486,-1.52119996708533,32.2738567,3.002771688870432,1897.96948432922,1911.4005327224738,76.9719183444977,-55.244253762066364,-1.174646406434499,-64.8481809,99.0,204.971282958984,3.18548822402954,68.4678955078125,-674.127014160156,84.6494019031525,75.6485104560852,0.14360000252949984,0.233697350370793,0.702144567255222,0.4363999933111124,0.0,643.190002441406,3.0,7.0,8.0,0.0,0.0,26050904.0,8.0,45.29050080896132,96.9422784938654,28.058423709869402,10.68944561004638
2026-05-09 18:23:16+00:00,CAN,CAN,-18.0499991931674,-7.050000025429389,0.0,3.75000010435326,14.5800001325179,25.83999967176784,-3.714734983894835,-9.499979489202861,1.76532781139544,-0.21120853364583078,-2.6204976977237697,6.734709528718318,4.07550472208126,16.392124109893658,43.87999980949982,30.55894936555405,40.1683982849121,14.94161224365234,1.0,110.999999673762,0.0,277.578125,10376.3046875,60.7040780598645,14.9177478790283,63.19759980884212,-0.9850000110461263,32.2738757,2.371440655300052,1898.05107116699,1911.59119606018,80.35980314016336,-33.22343043982984,-5.279892339785876,-64.848142,99.0,208.683242797852,3.18548822402954,68.4678955078125,-675.127014160156,84.6629798412323,75.6367564201355,0.05879999833055416,0.360309100623848,0.327629366848834,0.7977999898712455,0.0,643.190002441406,3.0,7.0,8.0,0.0,0.0,26050904.0,8.0,45.24894252295636,97.28552623550985,27.8135624885559,10.424621028900159
2026-05-09 18:23:17+00:00,CAN,CAN,-18.0000005008956,-7.060000020015842,0.0,3.75000010435326,14.630000190827502,25.719999736730422,-3.7172318449233,-9.49895666837465,1.7649675189167198,-0.21120881912639397,-2.75131225547221,6.7347094433409564,4.07523134375973,15.350710482235119,43.75999953295296,30.6082940672128,39.704306602478,14.612697715759278,1.0,110.999999673762,0.0,277.578125,10376.3046875,60.7139954945394,14.6552793502808,64.02400078897595,-1.008000032745909,32.2738939,3.0504286507852756,1898.1598854064941,1911.5821361541741,119.73168849945066,7.268068566918362,22.6655200123787,-64.8481039,99.0,211.932098388672,3.18548822402954,68.4678955078125,-676.127014160156,84.6707403659821,75.6896555423736,-0.27760001209695623,0.817835912242484,-0.416950498709015,0.8493999666330877,0.0,643.190002441406,3.0,7.0,8.0,0.0,0.0,26050904.0,8.0,44.84388908253144,97.63482552475885,27.59356813430785,10.388744316101079
2026-05-09 18:23:18+00:00,CAN,CAN,-18.0000005008956,-7.099999998361651,0.0,3.75000010435326,14.5800001325179,25.81000011489532,-3.7162036880098004,-9.4969123073787,1.7649675189167198,-0.20401907118939003,-2.92835908305199,6.734980516473638,4.07550472208126,15.216433744285098,43.840000172663466,30.29036583682165,39.0631788253784,14.088742904663082,1.0,110.999999673762,0.0,277.578125,10376.3046875,62.2343409622709,14.0652860641479,65.00219999133763,-1.1836000448325839,32.2739114,2.9881431312155584,1898.1417417526238,1911.6366147995002,174.3677780032155,2.4572376511059657,13.3356962352991,-64.8480666,99.0,214.692443847656,3.18548822402954,68.4678955078125,-677.127014160156,84.6416473388672,75.6543874740601,0.2834000073029116,0.194103810969287,-0.267642456730831,0.9679999316701435,0.0,643.190002441406,3.0,7.0,8.0,0.0,0.0,26050904.0,8.0,44.01084096229734,97.98203136102731,27.19922504425045,10.31767908096312
2026-05-09 18:23:19+00:00,CAN,CAN,-18.0000005008956,-7.099999998361651,0.0,3.75000010435326,14.550000234135899,25.77999987500386,-3.7156162917411804,-9.49910309055498,1.7660485030745838,-0.2036593416676698,-2.4607877045264797,6.735251162719498,4.0752313437597305,16.0468939058427,43.7899997728444,30.291528676527847,38.5452438354492,13.93911460876464,1.0,110.999999673762,0.0,277.578125,10376.3046875,62.3650776131741,13.9364378929138,65.39779908391345,-1.0161999629931153,32.2739279,3.196320851126516,1898.1689453125,1911.6547822952282,61.525980383157716,-41.66040085256094,6.49727806448936,-64.8480301,99.0,217.79182434082,3.18548822402954,68.4678955078125,-678.127014160156,84.664922952652,75.6445944309235,-0.35660000374766965,-0.597770418835847,0.635890131480511,-0.08039999821159098,0.0,643.190002441406,3.0,7.0,8.0,0.0,0.0,26050904.0,8.0,43.85753053618722,98.3264129140739,26.916557121276853,10.352893352508541
2026-05-09 18:23:20+00:00,CAN,CAN,-18.0000005008956,-7.099999998361651,0.0,3.700000131421004,14.590000212481721,25.750000318131338,-3.717672819011585,-9.500271906676701,1.77361603250984,-0.2007836319238958,-1.647530526987995,6.734709528718318,4.0752313437597305,15.42509773097628,43.75000013600804,30.1379467503982,38.51580390930175,13.94811670303344,1.0,110.999999673762,0.0,277.578125,10376.3046875,61.259188024279,13.9154574394226,65.26200126283528,-1.3302000235265639,32.2739446,3.870653901937652,1898.15080165863,1911.663866043092,98.87377545237563,-43.32518111914389,15.202639438211937,-64.8479936,99.0,220.2998046875,3.18548822402954,68.4678955078125,-679.127014160156,84.6455216407776,75.662225484848,-0.25579999727142755,-0.826328718866866,-1.30607165457589,-0.020999988398093264,0.0,643.190002441406,3.0,7.0,8.0,0.0,0.0,26050904.0,8.0,43.50094206905596,98.66181618345655,26.7449017524719,10.420980777740478
2026-05-09 18:23:21+00:00,CAN,CAN,-18.0000005008956,-7.099999998361651,0.0,3.7000001314210005,14.549999892626442,25.789999954967698,-3.716350537076955,-9.49954150332233,1.7844265144186777,-0.2018621428062246,-1.74367136261059,6.7349804310962735,4.07550472208126,16.40471214853402,43.76999961291676,29.564234765779247,38.3529556274414,13.982659606933558,1.0,110.999999673762,0.0,277.578125,10376.3046875,62.7314284696861,14.0213673591614,65.25739908137254,-1.166399984988222,32.2739614,2.8502008014927083,1898.18708896637,1911.600279808044,106.3479229807853,24.66891678050159,-6.494043208658702,-64.8479572,99.0,223.295944213867,3.18548822402954,68.4678955078125,-680.127014160156,84.655225276947,75.6602644920349,-0.1036000061327198,1.39843416828786,0.635741361422652,-0.03720000032548494,0.0,643.190002441406,3.0,7.0,8.0,0.0,0.0,26050904.0,8.0,43.02478499333334,98.97026411127976,26.561079025268548,10.53183385848998
2026-05-09 18:23:22+00:00,CAN,CAN,-17.9600001810404,-7.11999998753455,0.0,3.7400001097668083,14.590000212481701,25.75999971507622,-3.7162036880098004,-9.49705787578539,1.785147099376114,-0.202221864323817,-1.7767686984203301,6.734709443340954,4.07550472208126,15.702807758477661,43.7199998961166,29.21408341043125,38.25235176086425,13.904716930389421,1.0,110.999999673762,0.0,277.578125,10376.3046875,62.524125398187,13.8970767974854,65.43859990193948,-1.324599994114752,32.2739776,3.0520042046720723,1898.06921482086,1911.6093635559077,129.6569533646107,-10.68249307572842,-34.26926881074908,-64.8479206,99.0,225.738922119141,3.18548822402954,68.4678955078125,-681.127014160156,84.6474647521973,75.6406724452972,-0.029800000956437183,0.260019592091126,-0.652946554581061,0.3339999856733257,0.0,643.190002441406,3.0,7.0,8.0,0.0,0.0,26050904.0,8.0,42.497883027172136,99.25665394317835,26.54214906692505,10.529978885650658
2026-05-09 18:23:23+00:00,CAN,CAN,-17.9600001810404,-7.1099999929481,0.0,3.75000010435326,14.54999989262644,25.68999983834842,-3.71429443669337,-9.50144114968524,1.7844265144186777,-0.20294065368855357,-2.380932761288685,6.735251589606324,4.07523134375973,15.78253484911194,43.67000017931644,28.874512018107602,38.804883384704596,14.25516826629638,1.0,110.999999673762,0.0,277.578125,10376.3046875,62.1129138592064,14.2969636917114,65.76260085352169,-1.0768000053190916,32.2739944,3.7691008137445623,1898.1870651245122,1911.5548849105821,28.20654846727848,-86.32744550704953,1.2120064347982193,-64.8478839,99.0,227.992034912109,3.18548822402954,68.4678955078125,-682.025024414062,84.6416473388672,75.6524324417114,-0.2125999965922143,0.620742105922745,0.292867732717863,0.275399998827146,0.0,643.190002441406,3.0,7.0,8.0,0.0,0.0,26050904.0,8.0,41.60558916305844,99.52178822637995,26.696833133697503,10.92145849227904
2026-05-09 18:23:24+00:00,CAN,CAN,-17.9500001010766,-7.099999998361651,0.0,3.75000010435326,14.550000234135899,25.75999971507624,-3.715322380163455,-9.502609538920135,1.7732556333094158,-0.2018622361877172,-2.3840856406425903,6.734709614095683,4.0752313437597305,15.74782109567426,43.72999997608042,27.73111615293265,39.4329116821289,14.57257083892824,1.0,110.999999673762,0.0,277.578125,10376.3046875,61.9577319612637,14.5639623641968,65.7181964276896,-1.252199946223938,32.2740116,3.6624909096220897,1898.0873346328722,1911.418700218202,155.031242966652,14.529909752309312,30.6485924869776,-64.8478463,99.0,231.111343383789,3.18548822402954,68.4678955078125,-683.025024414062,84.664922952652,75.670063495636,-0.06499999882947553,-0.512170592814986,0.13238480756645,-0.294199990463943,0.0,643.190002441406,3.0,7.0,8.0,0.0,0.0,26050904.0,8.0,39.73778309300248,99.75372437512065,26.82864418029785,11.588447742462181
2026-05-09 18:23:25+00:00,CAN,CAN,-17.9500001010766,-7.099999998361651,0.0,3.75000010435326,14.5100002557901,25.68999983834842,-3.712825732578405,-9.49881067308114,1.764607226438,-0.2018622361877172,-2.1545029189577747,6.7355225773616425,4.07550472208126,14.96390081859274,43.61999977949734,25.69110257238995,39.67380924224855,14.47987197875976,1.0,110.999999673762,0.0,277.578125,10376.3046875,63.3215294932185,14.4628383636475,65.61539934860524,-0.9506000087512806,32.2740286,2.5947644050728775,1898.1961011886601,1911.3551855087303,193.56814920902258,-3.1830053776502494,-35.04164849873632,-64.8478079,99.0,233.642807006836,3.18548822402954,68.4678955078125,-684.025024414062,84.6610426902771,75.662225484848,0.5012000016670494,0.349272955668136,-0.235909024320981,0.02739999846373344,0.0,643.190002441406,3.0,7.0,8.0,0.0,0.0,26050904.0,8.0,37.52498553400702,99.9117681223256,26.87231826782225,12.06185222625732
2026-05-09 18:23:26+00:00,CAN,CAN,-17.9500001010766,-7.1099999929481,0.0,3.75000010435326,14.59999995093608,25.82999959180402,-3.7138538894919053,-9.50129430061809,1.764246933959282,-0.20150270143311003,-2.43819802778543,6.734980687228368,4.074684501739306,14.117037616233919,43.77999969288059,25.0059304382528,39.5192419052124,14.121342258453382,1.0,110.999999673762,0.0,277.578125,10376.3046875,63.1873777477303,14.1330725669861,65.86679948742372,-0.7881999882380641,32.2740452,2.8301712290629664,1898.168921470642,1911.5185737609859,147.9818850755692,-9.671612404054027,-31.11772760748862,-64.8477704,99.0,236.734985351562,3.18548822402954,68.4678955078125,-685.025024414062,84.655225276947,75.6543874740601,0.3011999978802376,0.371265524465342,0.970423672321891,0.5939999943314411,0.0,643.190002441406,3.0,7.0,8.0,0.0,0.0,26050904.0,8.0,36.204255076844824,99.999307241823,26.8701364517212,12.04350986480712
2026-05-09 18:23:27+00:00,CAN,CAN,-17.929999941148957,-7.060000020015844,0.0,3.75000010435326,14.58999987097224,25.7300001582037,-3.714147587626215,-9.499979489202861,1.764246933959282,-0.2004242866003164,-3.029228170488385,6.734980345718908,4.07523134375973,12.48625430754832,43.6599994163337,24.7022832796425,39.277243995666495,13.71906394958496,1.0,110.999999673762,0.0,277.578125,10376.3046875,62.5265569455315,13.7221229553223,66.6323981235661,-0.6506000004030206,32.2740612,3.6166970525580924,1898.1598615646358,1911.4913463592518,130.4908245801925,-41.29557125270368,12.990751489996914,-64.8477336,99.0,239.198852539062,3.18548822402954,68.4678955078125,-686.025024414062,84.6474647521973,75.6524324417114,0.06660000094984804,-0.156069635771806,-0.735826311125817,0.9251999652988626,0.0,643.190002441406,3.0,7.0,8.0,0.0,0.0,26050904.0,8.0,35.45184348693299,100.061718095364,26.90341558456425,11.762105884552001
2026-05-09 18:23:28+00:00,CAN,CAN,-17.90999978122132,-6.95000007956488,0.0,3.75000010435326,14.54999989262646,25.74000023816752,-3.717084995856145,-9.498665104674455,1.762805764044408,-0.20473794593149117,-2.94201850089666,6.734438455585634,4.07550472208126,12.3485438627478,43.669999496297535,24.654434389412,38.6241874694824,13.073271102905258,1.0,110.999999673762,0.0,277.578125,10376.3046875,64.6159254730168,13.0545610427856,67.317000278417,-1.1041999495048302,32.2740764,2.869857104084312,1898.1235980987537,1911.5639925003038,147.52184897661218,38.58104329556228,14.05052840709686,-64.8476981,99.0,242.185195922852,3.18548822402954,68.4678955078125,-687.025024414062,84.6590995788574,75.6583094596863,0.42119999428263116,-0.11874349239112,-0.271807244618525,0.1690000029597323,0.0,643.190002441406,3.0,7.0,8.0,0.0,0.0,26050904.0,8.0,35.059452534210344,100.12602432639949,26.717083168029752,11.169573211669919
2026-05-09 18:23:29+00:00,CAN,CAN,-17.8999997012575,-6.95000007956488,0.0,3.75000010435326,14.569999711044641,25.819999853349678,-3.71590998987549,-9.498226691907107,1.7638866414805618,-0.2040190658533044,-2.051007196898685,6.734438455585634,4.0752313437597305,12.35159593277842,43.73999937302533,24.665873248724452,37.918848037719755,12.640879268646241,1.0,110.999999673762,0.0,277.578125,10376.3046875,64.7666199366748,12.6419239997864,67.26120173101151,-0.6649999975167089,32.2740903,2.587174912310574,1898.1870651245122,1911.5730524063079,63.60461022704847,-29.048845637589682,19.50268875807526,-64.8476639,99.0,244.450057983398,3.18548822402954,68.4678955078125,-688.025024414062,84.6494019031525,75.6524324417114,0.04400000025946948,0.0704577101775524,0.772806769561264,-0.07619999478734281,0.0,643.190002441406,3.0,7.0,8.0,0.0,0.0,26050904.0,8.0,35.054031413066085,100.19430572753251,26.59445514678955,10.682439250946022
2026-05-09 18:23:30+00:00,CAN,CAN,-17.8999997012575,-6.95000007956488,0.0,3.75000010435326,14.540000154172082,25.74000023816752,-3.7162036880098004,-9.49954150332233,1.7638866414805618,-0.20186223885576,-2.42138679780391,6.734980516473639,4.07550472208126,10.346209533025618,43.65000070240772,24.62583382603615,37.68063697814945,12.45285289764406,1.0,110.999999673762,0.0,277.578125,10376.3046875,64.3722653045657,12.4742666244507,67.28600214788784,-0.13839999775396405,32.2741041,3.294108925605684,1898.214268684386,1911.5185737609838,107.70429121330392,-12.573167681694036,35.543854068964734,-64.8476305,99.0,247.305892944336,3.18548822402954,68.4678955078125,-689.127014160156,84.6590995788574,75.6406724452972,-0.043800001615050474,0.551556505137894,-0.767840154817607,0.13879999737733936,0.0,643.190002441406,3.0,7.0,8.0,0.0,0.0,26050904.0,8.0,34.0101360361726,100.2563443357635,26.472026252746552,10.544130477905261
2026-05-09 18:23:31+00:00,CAN,CAN,-17.8999997012575,-6.970000068737784,0.0,3.75000010435326,14.519999994244461,25.750000318131345,-3.71693814678899,-9.495888632776845,1.7649675189167198,-0.20114317201458842,-2.1560793052738703,6.73525150422896,4.07550472208126,10.516344764118232,43.63999925640608,22.595815373570098,37.2485601425171,12.083216686248779,1.0,110.999999673762,0.0,277.578125,10376.3046875,62.1197850295114,12.0500741958618,66.89520058018505,-1.50099993874711,32.2741183,4.5713925921461005,1898.1870412826538,1911.5367412567139,158.61826911568647,-40.0726605206728,28.437935980036816,-64.8475981,99.0,249.399841308594,3.18548822402954,68.4678955078125,-690.127014160156,84.6610426902771,75.6250023841858,0.41800000029717543,-0.19889452166139,-0.212895302222218,-0.8925999739824076,0.0,643.190002441406,3.0,7.0,8.0,0.0,0.0,26050904.0,8.0,30.430254941212684,100.2552685809695,25.9616074562073,10.8092322921753
2026-05-09 18:23:32+00:00,CAN,CAN,-17.8999997012575,-6.980000063324235,0.0,3.75000010435326,14.500000175826298,25.800000034931504,-3.71370704042475,-9.501002310031069,1.7757780008255601,-0.2000647518457092,-2.19915965624667,6.734709699473048,4.07550472208126,12.31611958871988,43.67999957626135,21.73749709019955,36.89136714935305,12.31020332336426,1.0,110.999999673762,0.0,277.578125,10376.3046875,63.1529604245026,12.3755776405334,66.5413981472162,-0.7665999845634042,32.2741326,3.4111516875532537,1898.2233047485358,1911.545801162718,103.35164368152618,-17.327344208024435,30.151880159974137,-64.8475663,99.0,251.624267578125,3.18548822402954,68.4678955078125,-691.127014160156,84.6513450145721,75.6230413913727,-0.43639999864719803,0.444739950440432,1.11230270963892,0.3485999792636484,0.0,643.190002441406,3.0,7.0,8.0,0.0,0.0,26050904.0,8.0,30.033763142912342,100.1522864037585,25.5534224510193,11.261909179687501
2026-05-09 18:23:33+00:00,CAN,CAN,-17.8999997012575,-7.00000005249714,0.0,3.75000010435326,14.52000033575392,25.7700001365495,-3.7162036880098004,-9.49968749861584,1.778300475063412,-0.200064754513752,-2.345208097165175,6.7344386263403635,4.0752313437597305,10.928713678653699,43.66000009935264,20.431303666157348,36.813223457336406,12.21398574829102,1.0,110.999999673762,0.0,277.578125,10376.3046875,63.3575245901444,12.1774580955505,66.90519997712991,-0.6653999851338926,32.2741465,3.4291246900239125,1898.177981376648,1911.6184711456299,153.13959717750555,-54.794663190841675,86.90900448709749,-64.8475337,99.0,254.057891845703,3.18548822402954,68.4678955078125,-692.127014160156,84.6513450145721,75.6210803985596,0.19020000034091003,-0.394677145103898,-0.609909319177399,0.11879999753226671,0.0,643.190002441406,3.0,7.0,8.0,0.0,0.0,26050904.0,8.0,28.39028917199414,100.03167550829995,25.3537965774536,11.2630495262146
2026-05-09 18:23:34+00:00,CAN,CAN,-17.869999461366042,-7.00000005249714,0.0,3.75000010435326,14.559999972590258,25.73999989665806,-3.71590998987549,-9.50012591138319,1.778300475063412,-0.1993457783860304,-3.075459479824375,6.7344386263403635,4.07550472208126,11.04277322741522,43.59999961956974,20.0932827267753,36.5324592590332,12.167012500762961,1.0,110.999999673762,0.0,277.578125,10376.3046875,64.6585936647618,12.1949735641479,67.20699871579612,-0.583799992596185,32.2741603,2.799075426828648,1898.214221000672,1911.5458250045763,163.5824158787728,-49.8161729425192,10.67021265625954,-64.8475015,99.0,256.956115722656,3.18548822402954,68.4678955078125,-693.127014160156,84.6532821655274,75.5897343158722,0.00600000035372823,0.394453109563036,0.359054773735372,0.6803999716774836,0.0,643.190002441406,3.0,7.0,8.0,0.0,0.0,26050904.0,8.0,28.313059540029883,99.87867244070225,25.12482175827025,11.2102906036377
2026-05-09 18:23:35+00:00,CAN,CAN,-17.8499993014384,-7.04000003084294,0.0,3.75000010435326,14.62999984931804,25.819999511840216,-3.71693814678899,-9.496181050250685,1.7786608742638361,-0.2050973846365632,-2.8837031995367397,6.7344386263403635,4.0752313437597305,10.083376852819663,43.699999736188985,20.40319146130725,36.0218095779419,11.804743480682381,1.0,110.999999673762,0.0,277.578125,10376.3046875,64.4789118782663,11.7947047233582,68.038600201964,-1.253600006937742,32.2741734,3.281477387198072,1898.1598615646362,1911.59119606018,134.412983059883,-52.7368001639843,-67.9311089217662,-64.8474694,99.0,258.814819335938,3.18548822402954,68.4678955078125,-694.127014160156,84.6397042274475,75.6210803985596,0.2857999970390364,0.166893337831948,-1.05418601737346,0.9931999839820161,0.0,643.190002441406,3.0,7.0,8.0,0.0,0.0,26050904.0,8.0,28.73316808342334,99.7507737333992,24.8978150367737,10.71277713775636
2026-05-09 18:23:36+00:00,CAN,CAN,-17.8499993014384,-7.099999998361651,0.0,3.75000010435326,14.559999972590282,25.839999671767863,-3.7178198815221553,-9.498957095261474,1.7779401825846939,-0.20689468221558577,-0.6015386822257095,6.734167211698219,4.0752313437597305,12.69797036427016,43.70999981615278,20.981419054741203,35.27660179138185,11.53130029678346,1.0,110.999999673762,0.0,277.578125,10376.3046875,66.5668665565934,11.5293720245361,68.62439957235718,-1.4105999945157806,32.2741857,2.415938483969038,1898.2595920562758,1911.7092132568382,143.708860874176,-52.05389261245726,-37.319706007838235,-64.8474382,99.0,260.943725585938,3.18548822402954,68.4678955078125,-695.127014160156,84.6203088760376,75.5897343158722,0.08639999802337295,-0.129388048727894,0.832675405348836,-0.3439999976020539,0.0,643.190002441406,3.0,7.0,8.0,0.0,0.0,26050904.0,8.0,29.846618691729656,99.66871242561605,24.56394567489625,10.23894418716428
2026-05-09 18:23:37+00:00,CAN,CAN,-17.8499993014384,-7.099999998361651,0.0,3.75000010435326,14.54999989262646,25.769999795040043,-3.718260642167035,-9.49983392079617,1.7743366174672779,-0.2018620520927746,3.8424816127671697,6.734980687228368,4.07550472208126,15.058123619702538,43.619999096478445,21.5539109968197,35.1215143203735,11.621753482818601,1.0,110.999999673762,0.0,277.578125,10376.3046875,66.107816372666,11.6511829376221,66.9556013090533,-0.358000005764537,32.2741976,1.2812203527902615,1898.1598854064937,1911.5821599960323,126.2666061520575,-68.19894239306451,-15.60558769851924,-64.8474069,99.0,263.168121337891,3.18548822402954,68.4678955078125,-696.127014160156,84.6261262893677,75.5897343158722,-0.0228000008772597,-0.139704956087705,0.218895089799545,-2.7492000194713784,0.0,643.190002441406,3.0,7.0,8.0,0.0,0.0,26050904.0,8.0,31.290193516209122,99.63460587599559,24.56826038360595,9.974596996307364
2026-05-09 18:23:38+00:00,CAN,CAN,-17.8499993014384,-7.1099999929481,0.0,3.75000010435326,14.6200001108637,25.86000017320494,-3.720023257859715,-9.497057448898559,1.766408795553304,-0.1971889460524002,5.15430642105833,6.735522748116372,4.0752313437597305,14.742266644177182,43.69999973618898,22.531894194448952,34.9338232040405,11.552977352142321,1.0,110.999999673762,0.0,277.578125,10376.3046875,60.8092015013802,11.5349209785461,63.59039988989606,-1.300199965062016,32.2742109,2.7144514320689397,1898.196125030518,1911.57305240631,170.73886990547197,-35.32307893037795,-14.839316904544845,-64.8473764,99.0,265.011901855469,3.18548822402954,68.4678955078125,-697.127014160156,84.6377670764923,75.5721032619476,-0.033199999589408155,-0.0870454849174829,-1.59332091637119,-3.7879999471779877,0.0,643.190002441406,3.0,7.0,8.0,0.0,0.0,26050904.0,8.0,31.85526257945238,99.57438751317815,24.3799959182739,9.735262413024902
2026-05-09 18:23:39+00:00,CAN,CAN,-17.83999956298404,-7.1099999929481,0.0,3.75000010435326,14.53999981266262,25.78999995496768,-3.717672819011585,-9.49705787578539,1.773255547932052,-0.1766987814168018,4.10621453325011,6.734980516473638,4.07550472208126,16.912448945393642,43.619999779497356,22.5147324903856,34.149540138244646,11.653611602783199,1.0,110.999999673762,0.0,277.578125,10376.3046875,57.6739397666692,11.6359007835388,60.11039938324486,-1.478199998901324,32.2742259,2.320368470734152,1898.1145620346058,1911.6093635559082,143.21867078542698,-65.38478061556813,-59.30895060300827,-64.847347,99.0,267.311981201172,3.18548822402954,68.4678955078125,-698.127014160156,84.608668088913,75.5583882331848,-0.05520000005264823,-0.214049737594083,0.75696820120624,-2.6119999178679,0.0,643.190002441406,3.0,7.0,8.0,0.0,0.0,26050904.0,8.0,32.54227988919378,99.4203530870161,23.63697080612185,9.741771297454832
2026-05-09 18:23:40+00:00,CAN,CAN,-17.8000006091666,-7.020000041670038,0.0,3.7500001043532576,14.53999981266266,25.819999853349678,-3.714147587626215,-9.498080269726774,1.771454042849778,-0.1935941721354978,-2.348360976519075,6.734709699473048,4.07550472208126,15.8428071704238,43.65000001938882,22.9797915332353,34.58294563293455,12.13369680404664,1.0,110.999999673762,0.0,277.578125,10376.3046875,55.6617899428456,12.183696269989,59.007797847416214,-0.5532000033986728,32.2742425,3.5825741531723097,1898.2686281204242,1911.691093444826,15.029839426279082,-101.22773572802545,1.9086986081674744,-64.8473178,99.0,270.301330566406,3.18548822402954,68.4678955078125,-699.127014160156,84.6183657646179,75.5936503410339,-0.163000004607036,1.80298147035096,0.982306707373832,-0.3145999859303273,0.0,643.190002441406,3.0,7.0,8.0,0.0,0.0,26050904.0,8.0,32.97759448273646,99.20054052405214,23.67630014419555,10.03728961944579
2026-05-09 18:23:41+00:00,CAN,CAN,-17.8000006091666,-6.95000007956488,0.0,3.6600001530752,14.5400001541721,25.72999981669424,-3.718700975925085,-9.50202513085928,1.7707333725149759,-0.200424379981809,-2.567436199217765,6.735251674983688,4.07550472208126,14.156710940782679,43.53999982280574,23.24606048161275,35.00058746337895,12.388553009033199,1.0,110.999999673762,0.0,277.578125,10376.3046875,54.9279134372844,12.3231033325195,58.648200681955515,-0.7071999904663453,32.2742604,4.092054569260979,1898.2595682144179,1911.57307624817,85.28520148247483,-36.28180511295788,12.02405188232659,-64.8472882,99.0,272.789978027344,3.18548822402954,68.4678955078125,-700.127014160156,84.6203088760376,75.585812330246,0.08699999879245784,-1.66909631568378,-1.15575946806801,-0.30899998853502764,0.0,643.190002441406,3.0,7.0,8.0,0.0,0.0,26050904.0,8.0,33.064338568214495,98.9724190359629,23.7132845878601,10.25004776000978
2026-05-09 18:23:42+00:00,CAN,CAN,-17.8000006091666,-6.95000007956488,0.0,3.7000001314210005,14.57000005255406,25.81000011489532,-3.71826042872362,-9.500125911383195,1.7692923306661519,-0.20725421430215038,-2.3215675317872897,6.73525150422896,4.0752313437597305,14.826189861528078,43.599999619569715,23.18665918017475,35.3899824142456,12.781498088836662,1.0,110.999999673762,0.0,277.578125,10376.3046875,54.9200177386039,12.8303592681885,58.44140031237938,-1.343399983083506,32.274279,3.5964063534586423,1898.2051849365241,1911.5094900131219,117.09070801734927,23.165536858141436,8.499322086572656,-64.8472578,99.0,275.034545898438,3.18548822402954,68.4678955078125,-701.127014160156,84.6377670764923,75.5818963050842,0.1997999993060496,1.93976924197198,-0.772685640425202,0.1381999765979353,0.0,643.190002441406,3.0,7.0,8.0,0.0,0.0,26050904.0,8.0,33.396959218529275,98.74563626495095,23.72089691162105,10.56516414642332
2026-05-09 18:23:43+00:00,CAN,CAN,-17.8000006091666,-6.95000007956488,0.0,3.7000001314210005,14.61000003089988,25.82000019485914,-3.71341334229044,-9.498519109380945,1.7703734215457179,-0.2061759889003842,-2.80384825629895,6.734980260341544,4.0752313437597305,14.884935977069858,43.59000022262482,23.0251789940437,35.289649772644054,12.98926345825194,1.0,110.999999673762,0.0,277.578125,10376.3046875,55.2153175522748,12.9849480628967,59.07060007079664,-1.5252000033397262,32.2742976,3.557242817154068,1898.123621940612,1911.545801162718,197.3224520683288,-25.25679692626,-23.3635769225657,-64.8472267,99.0,278.046691894531,3.18548822402954,68.4678955078125,-702.127014160156,84.6183657646179,75.5936503410339,-0.2297999817313814,-1.64139947171255,0.440935214907617,0.9244000114088363,0.0,643.190002441406,3.0,7.0,8.0,0.0,0.0,26050904.0,8.0,33.79487306221482,98.5324797213332,23.58819751739505,10.66741956710814
2026-05-09 18:23:44+00:00,CAN,CAN,-17.77000036927514,-6.95000007956488,0.0,3.710000126007452,14.5400001541721,25.729999816694242,-3.71179778910832,-9.499395081142001,1.780102364343826,-0.208332727852522,-3.0549708333050454,6.734709699473048,4.07550472208126,15.3625362717641,43.52999974284192,23.38000732142585,35.75659961700435,13.40199440002442,1.0,110.999999673762,0.0,277.578125,10376.3046875,56.9261023544446,13.389474105835,59.74519873058913,-1.1459999708455384,32.2743164,2.783395468272754,1898.25053215027,1911.5185737609859,177.90361940860763,-57.32861417345705,6.571723148226747,-64.8471943,99.0,281.459136962891,3.18548822402954,68.4678955078125,-703.127014160156,84.6416473388672,75.5995273590088,0.03780000242859086,0.422974805598246,0.65291976743291,0.2661999951498126,0.0,643.190002441406,3.0,7.0,8.0,0.0,0.0,26050904.0,8.0,34.82379051727738,98.3686439737121,23.65207357406615,10.836076526641838
2026-05-09 18:23:45+00:00,CAN,CAN,-17.7500002093475,-6.980000063324236,0.0,3.7300001151803563,14.559999972590258,25.85999949018602,-3.71488183296199,-9.50071031944405,1.78046276354425,-0.20294065102051081,-2.306857972357725,6.734709699473048,4.0752313437597305,14.410769389226157,43.62000046251627,23.604484903592898,35.684211730957,13.56780950546264,1.0,110.999999673762,0.0,277.578125,10376.3046875,57.600289836849,13.5973843574524,59.896199186721944,-0.624599999537209,32.2743347,2.173600426697906,1898.141717910766,1911.500453948974,56.06767591089001,-141.7096212506294,29.105391353368752,-64.8471608,99.0,284.024230957031,3.18548822402954,68.4678955078125,-704.127014160156,84.6300065517426,75.6014883518219,-0.2509999879504504,0.168718332361663,-0.161390032970129,0.384600001396337,0.0,643.190002441406,3.0,7.0,8.0,0.0,0.0,26050904.0,8.0,36.22892025597558,98.25839789031895,23.64741468429565,10.598126392364518
2026-05-09 18:23:46+00:00,CAN,CAN,-17.77000036927514,-7.00000005249714,0.0,3.7400001097668083,14.53999981266266,25.810000114895296,-3.7173786939904554,-9.499249512735311,1.7797419651434019,-0.2004242866003166,-2.510697390895645,6.7357938212490565,4.0752313437597305,14.960467282497001,43.569999379678265,25.05754703158425,35.458027267456046,13.497867107391361,1.0,110.999999673762,0.0,277.578125,10376.3046875,57.5902357983907,13.4689953804016,60.58940054973787,-1.219800026089308,32.2743531,2.9854767961183137,1898.105454444884,1911.545825004578,12.584733776748186,-174.88512694835663,8.030736260116115,-64.8471271,99.0,287.239715576172,3.18548822402954,68.4678955078125,-705.127014160156,84.6474647521973,75.5838572978974,-0.036200001267046325,-0.842829815571382,-0.416798687082541,0.6995999696077628,0.0,643.190002441406,3.0,7.0,8.0,0.0,0.0,26050904.0,8.0,38.18898374020764,98.20944592453745,23.53121280670165,10.104068641662604
2026-05-09 18:23:47+00:00,CAN,CAN,-17.83999956298404,-7.00000005249714,0.0,3.7400001097668074,14.61999976935424,25.829999933313502,-3.7156160782977654,-9.50158714497875,1.780102364343826,-0.2061759889003842,-2.701402675824745,6.735251760361052,4.07523134375973,16.31506694020598,43.66999949629752,26.394833184275598,35.33139953613285,13.71896215438844,1.0,110.999999673762,0.0,277.578125,10376.3046875,58.3411672863095,13.6942408561707,61.07280035805634,-1.3403999932453081,32.2743715,2.7607594743113935,1898.15080165863,1911.52763366699,153.8619160652162,-66.25383384525774,86.25457584857936,-64.8470933,99.0,289.898712158203,3.18548822402954,68.4678955078125,-706.127014160156,84.6300065517426,75.5897343158722,-0.22799999476537303,-0.576033288441428,0.0647353056537644,0.42499997536345296,0.0,643.190002441406,3.0,7.0,8.0,0.0,0.0,26050904.0,8.0,39.958583301320395,98.24468970065475,23.42681007385255,9.840944709777832
2026-05-09 18:23:48+00:00,CAN,CAN,-17.8499993014384,-7.010000047083589,0.0,3.7400001097668074,14.60000029244554,25.800000034931497,-3.71370704042475,-9.494719816655126,1.780102364343826,-0.2083326291349438,-2.48495483480069,6.734167638585044,4.07550472208126,16.30133450337022,43.65000001938883,26.57680564546405,35.5558450698853,13.973354015350361,1.0,110.999999673762,0.0,277.578125,10376.3046875,57.7468247153024,13.9329171180725,61.51859860895606,-1.8545999846730958,32.2743899,3.3982495882771504,1898.1235980987537,1911.4459514617943,152.157998085022,-62.0496340095997,7.890044525265699,-64.8470584,99.0,293.004791259766,3.18548822402954,68.4678955078125,-707.127014160156,84.6280694007874,75.6132423877716,-0.21859999627893184,0.0656846619277565,-1.63056945973156,0.3385999953493678,0.0,643.190002441406,3.0,7.0,8.0,0.0,0.0,26050904.0,8.0,40.33418906415771,98.33965665087456,23.498261547088603,9.92221572875977
2026-05-09 18:23:49+00:00,CAN,CAN,-17.8499993014384,-7.010000047083589,0.0,3.75000010435326,14.5300000742083,25.7799995334944,-3.7120912737992153,-9.496911453605055,1.7811835619450982,-0.19790773274909462,-3.02607529113448,6.734709699473048,4.07523134375973,17.99734902145982,43.61999909647844,26.2764164870878,36.06779251098635,14.493964347839357,1.0,110.999999673762,0.0,277.578125,10376.3046875,58.7778212799484,14.5277332305908,62.04560097889812,-1.8243999830927642,32.274409,3.4335679415224143,1898.241424560548,1911.40058040619,100.0356040894985,-89.4018396735191,-20.14581467956304,-64.8470229,99.0,295.828338623047,3.18548822402954,68.4678955078125,-708.127014160156,84.6144914627075,75.6073653697968,-0.4859999973024828,0.563295946134706,1.42961931793426,0.6358000156721486,0.0,643.190002441406,3.0,7.0,8.0,0.0,0.0,26050904.0,8.0,39.75621777357234,98.44404243195984,23.492880821228,10.667771129608159
2026-05-09 18:23:50+00:00,CAN,CAN,-17.8499993014384,-7.010000047083589,0.0,3.75000010435326,14.60999968939042,25.78999995496768,-3.71076963219482,-9.497788279139755,1.780823162744674,-0.1896397594103252,-3.060749920394815,6.734709699473048,4.07550472208126,18.12704816662814,43.639999939425,26.141942868935,36.79464454650875,15.063235015869159,1.0,110.999999673762,0.0,277.578125,10376.3046875,58.9548119719109,15.1102128982544,62.41559915642686,-0.5733999890482092,32.2744283,3.3506640872164937,1898.141717910766,1911.4732027053801,98.75408113002774,-79.18547466397287,-28.103610314428796,-64.8469855,99.0,299.075103759766,3.18548822402954,68.4678955078125,-709.127014160156,84.6300065517426,75.5936503410339,-0.2422000074086185,0.17601940437801,0.820045318356425,0.25279999142497267,0.0,643.190002441406,3.0,7.0,8.0,0.0,0.0,26050904.0,8.0,40.50720526904225,98.55494079841881,23.71506814956665,11.0690884780884
2026-05-09 18:23:51+00:00,CAN,CAN,-17.8499993014384,-7.0300000362564905,0.0,3.75000010435326,14.559999972590258,25.720000078239877,-3.71870076248167,-9.498664677787636,1.782264652824664,-0.1975484834750502,-2.5989579491242,6.735251589606323,4.07550472208126,16.517627469854837,43.560000665752305,26.1818064142521,36.935503005981445,14.84004501342774,1.0,110.999999673762,0.0,277.578125,10376.3046875,59.6810591561692,14.859034538269,62.60600160784362,-0.4075999937476514,32.2744478,3.157356329458888,1898.1598377227779,1911.43686771393,207.01325535774222,4.530680738389499,-47.08195924758911,-64.8469474,99.0,301.886016845703,3.18548822402954,68.4678955078125,-710.127014160156,84.6125483512878,75.6093263626099,0.48759999179392055,1.19899296468861,-0.916094853559729,0.005600000063341793,0.0,643.190002441406,3.0,7.0,8.0,0.0,0.0,26050904.0,8.0,40.3798386334755,98.69308478947684,23.886581897735603,10.95490688323974
2026-05-09 18:23:52+00:00,CAN,CAN,-17.8499993014384,-7.0300000362564905,0.0,3.75000010435326,14.580000474027361,25.769999795040057,-3.718113366213055,-9.497642710733064,1.7815438544238162,-0.19359426284894782,-2.30318076926332,6.735793565116964,4.07550472208126,16.252887630077844,43.59999961956974,26.474036057891098,36.49088287353515,14.637619857788081,1.0,110.999999673762,0.0,277.578125,10376.3046875,58.5321530358814,14.6042358398438,62.57280005828816,-1.185400013122292,32.274467,3.766746532915022,1898.1780052185059,1911.455035209654,252.335560321808,-92.82443411648266,-5.1240500062704,-64.8469103,99.0,305.326110839844,3.18548822402954,68.4678955078125,-711.127014160156,84.6203088760376,75.5995273590088,0.027599998025292193,-1.84527336136144,0.516590472259925,0.18359999329837784,0.0,643.190002441406,3.0,7.0,8.0,0.0,0.0,26050904.0,8.0,40.17483187157544,98.81976772310765,23.70657777786255,11.02154462814334
2026-05-09 18:23:53+00:00,CAN,CAN,-17.8499993014384,-7.050000025429389,0.0,3.75000010435326,14.560000314099721,25.82999993331348,-3.71370704042475,-9.496473467724524,1.771814228606792,-0.20797328381136443,-2.6241751142615897,6.735251674983688,4.07523134375973,16.34444085175054,43.660000099352615,26.43777372981385,36.83934173583985,15.0480010986328,1.0,110.999999673762,0.0,277.578125,10376.3046875,58.9484598959828,15.0556125640869,62.89399926627287,-1.4631999856773081,32.2744864,3.661080560935846,1898.168921470642,1911.5458250045758,169.89346146583557,-141.2062048912046,-116.51320308446884,-64.8468727,99.0,308.073181152344,3.18548822402954,68.4678955078125,-712.127014160156,84.6144914627075,75.5779802799225,-0.13659999792715632,0.507412992532102,-0.85807885322367,0.3123999980069218,0.0,643.190002441406,3.0,7.0,8.0,0.0,0.0,26050904.0,8.0,40.79064924035188,98.94744444926275,23.7545588493347,11.263511123657238
2026-05-09 18:23:54+00:00,CAN,CAN,-17.83999956298404,-7.050000025429389,0.0,3.75000010435326,14.550000234135899,25.749999976621883,-3.71429443669337,-9.50012591138319,1.7671296793315157,-0.204019159234797,-3.2010202347189,6.734709443340954,4.07577827115752,16.37572072758298,43.58999953960592,26.17338820610005,36.80776290893555,15.095251235961902,1.0,110.999999673762,0.0,277.578125,10376.3046875,60.5959766558707,15.0978498458862,63.54859913217554,-1.3303999986588582,32.2745057,2.986600106104686,1898.105454444884,1911.491322517392,93.76757135614741,-127.40724384784707,-60.750928334891896,-64.8468342,99.0,310.580291748047,3.18548822402954,68.4678955078125,-713.025024414062,84.6183657646179,75.6073653697968,-0.13740000494875046,-0.484899568449829,0.93696481673382,1.2048000021931204,0.0,643.190002441406,3.0,7.0,8.0,0.0,0.0,26050904.0,8.0,40.430089018218226,99.09409202583745,23.643799495697053,11.355072727203382
2026-05-09 18:23:55+00:00,CAN,CAN,-17.82000008607532,-7.050000025429389,0.0,3.75000010435326,14.5400001541721,25.77999987500386,-3.712972795088975,-9.498519109380945,1.7671296793315157,-0.2068944927845578,-3.56719681468533,6.735793821249056,4.07523134375973,15.1641722103413,43.619999779497356,25.553054203980253,36.804012107849104,14.960486755371079,1.0,110.999999673762,0.0,277.578125,10376.3046875,61.6184218236758,14.9905563354492,64.89739620267518,-0.8076000093254032,32.2745241,3.208232487595608,1898.132681846618,1911.545825004578,42.17075118795041,-138.77340257167816,-35.02500522881742,-64.8467953,99.0,313.783203125,3.18548822402954,68.4678955078125,-714.025024414062,84.6300065517426,75.5936503410339,0.22560000369522654,1.15929867999684,0.061583026609458,1.1495999394414702,0.0,643.190002441406,3.0,7.0,8.0,0.0,0.0,26050904.0,8.0,39.26297088152749,99.24656575377429,23.61380252838135,11.632045097351059
2026-05-09 18:23:56+00:00,CAN,CAN,-17.8000006091666,-7.060000020015842,0.0,3.75000010435326,14.53999981266264,25.800000034931504,-3.71899510094622,-9.50217112615279,1.7692923306661519,-0.2104898429986722,-3.564569539732405,6.735251504228958,4.07550472208126,14.42526509970168,43.60999969953354,24.9982567207203,36.23398303985595,14.242758350372322,1.0,110.999999673762,0.0,277.578125,10376.3046875,63.3415077965408,14.2411196708679,65.92099840452559,-0.8187999934438317,32.2745414,2.590272445787856,1898.205184936524,1911.6093635559077,216.2588477134706,0.04457396571523027,4.101803153753281,-64.846757,99.0,316.9453125,3.18548822402954,68.4678955078125,-715.025024414062,84.608668088913,75.6073653697968,0.779799986809029,0.46308378415825,-0.411868037553732,1.0581999701382867,0.0,643.190002441406,3.0,7.0,8.0,0.0,0.0,26050904.0,8.0,38.298281793344,99.39699384005459,23.449655628204347,11.42444005966188
2026-05-09 18:23:57+00:00,CAN,CAN,-17.8000006091666,-7.099999998361651,0.0,3.75000010435326,14.570000052554098,25.739999896658084,-3.7176728190115904,-9.498372687200611,1.7660483963528797,-0.21012964123340358,-3.5619430118314153,6.73525150422896,4.07550472208126,13.19807698605318,43.539999139786836,24.9262921400778,35.282417678833,13.40251058578492,1.0,110.999999673762,0.0,277.578125,10376.3046875,64.1413161181601,13.3882046699524,66.99479703262435,-0.6567999979003941,32.2745568,2.65540184268456,1898.1870651245117,1911.464118957522,118.77442076802242,-61.309164389967904,16.422358388081186,-64.8467204,99.0,319.465454101562,3.18548822402954,68.4678955078125,-716.025024414062,84.6183657646179,75.6171643733978,0.14120000178769904,-0.995028361589804,0.023796625862269,1.2866000018796337,0.0,643.190002441406,3.0,7.0,8.0,0.0,0.0,26050904.0,8.0,37.53187992695522,99.5470086998902,23.3439688682556,10.92187580108642
2026-05-09 18:23:58+00:00,CAN,CAN,-17.8000006091666,-7.099999998361651,0.0,3.75000010435326,14.61000003089988,25.81000011489532,-3.716056838942645,-9.497642283846245,1.7667691947537278,-0.20689496769614882,-3.580855378756355,6.735251674983688,4.07550472208126,12.642275464985278,43.62999985946118,24.78817376222905,34.9424629211426,12.910908107757582,1.0,110.999999673762,0.0,277.578125,10376.3046875,66.0256491969507,12.9248760223389,68.4635977947654,-1.2069999527639301,32.274571,2.5946435961019345,1898.123621940612,1911.536717414856,24.62911903858184,-21.75913918763404,6.692654639482498,-64.8466853,99.0,322.311340332031,3.18548822402954,68.4678955078125,-717.025024414062,84.6183657646179,75.5838572978974,-0.041399999038970084,0.293923850718276,0.0405531876499995,1.321399922422556,0.0,643.190002441406,3.0,7.0,8.0,0.0,0.0,26050904.0,8.0,36.63050669237782,99.70494657916299,23.3666530609131,10.6654104423523
2026-05-09 18:23:59+00:00,CAN,CAN,-17.8000006091666,-7.060000020015844,0.0,3.75000010435326,14.61000003089986,25.79000029647712,-3.7187014028119103,-9.49939550802882,1.7671295939541518,-0.20977029590982438,-3.383319904657245,6.734167638585044,4.07523134375973,11.90718318575182,43.62000046251628,24.2961610853672,34.53927154541015,12.38519702911376,1.0,110.999999673762,0.0,277.578125,10376.3046875,66.6150330506203,12.429358291626,69.65959806938048,-0.8496000378149169,32.2745839,2.964778121282,1898.141717910766,1911.57305240631,54.43639364093534,36.824653483927264,96.93140536546714,-64.8466511,99.0,324.572387695312,3.18548822402954,68.4678955078125,-718.025024414062,84.6280694007874,75.5583882331848,0.05040000707343269,0.976311722273266,0.482951256989083,1.157799987082552,0.0,643.190002441406,3.0,7.0,8.0,0.0,0.0,26050904.0,8.0,35.24064925666378,99.87067087408965,23.329569911956803,10.466640987396222
2026-05-09 18:24:00+00:00,CAN,CAN,-17.8000006091666,-6.95000007956488,0.0,3.75000010435326,14.559999972590258,25.749999976621883,-3.7187011893685,-9.49574306437016,1.766769301475432,-0.2058162647147494,-3.125369059471835,6.734167638585044,4.07550472208126,11.242281857788178,43.54000050582468,23.1778064012368,33.78135566711425,11.402366294860819,1.0,110.999999673762,0.0,277.578125,10376.3046875,69.6440580229809,11.3663194656372,70.75019896283742,-0.5168000043209708,32.2745954,1.617018556517322,1898.141717910766,1911.5821361541741,227.6883095502852,69.31744797620917,64.16134610772131,-64.8466185,99.0,327.006439208984,3.18548822402954,68.4678955078125,-719.025024414062,84.5931529998779,75.4839360713959,0.47159999885477344,-0.478129837126142,0.478664993119783,0.8853999620853499,0.0,643.190002441406,3.0,7.0,8.0,0.0,0.0,26050904.0,8.0,33.02738724480474,100.0179331676897,23.266775321960452,9.964528713226311
2026-05-09 18:24:01+00:00,CAN,CAN,-17.8000006091666,-6.95000007956488,0.0,3.75000010435326,14.550000234135899,25.800000034931497,-3.7223730563776103,-9.497057448898559,1.76532781139544,-0.20401897247181217,-2.9693365895340698,6.734438711717727,4.07550472208126,9.299838212558019,43.590000222624816,21.89259104945665,33.2547431945801,10.754964466094961,1.0,110.999999673762,0.0,277.578125,10376.3046875,70.1249784726306,10.8097065925598,71.66579674938029,-0.014599999593418456,32.2746052,1.73129048147335,1898.141717910766,1911.563968658446,41.6576720774173,-16.236518430559947,-24.25977624952792,-64.8465881,99.0,328.845245361328,3.18548822402954,68.4678955078125,-720.025024414062,84.583455324173,75.3879308700562,-0.09699999204488725,0.682614495097216,-0.22962682442973,1.2465999701729782,0.0,643.190002441406,3.0,7.0,8.0,0.0,0.0,26050904.0,8.0,30.5413582133467,100.12243164689599,23.38625936508175,9.702194938659666
2026-05-09 18:24:02+00:00,CAN,CAN,-17.8000006091666,-6.960000074151333,0.0,3.75000010435326,14.559999972590258,25.72999981669424,-3.72604470994332,-9.498080696613595,1.7671296793315157,-0.20977068010796543,1.876058518054565,6.734980516473638,4.07550472208126,7.167040695631535,43.4900001060056,20.10808716180125,33.082438087463345,10.057960395813,1.0,110.999999673762,0.0,10376.3046875,10376.3046875,71.0181418198257,10.0393504142761,72.23580062429888,-0.16079999400526832,32.2746143,1.5179817953918293,1898.168921470642,1911.50949001312,142.75145381689072,13.39105740189554,94.81254667043692,-64.8465591,99.0,330.912719726562,3.18548822402954,68.4678955078125,-721.127014160156,84.5601797103882,75.3977298736572,0.03659999688835759,-1.2610845068859,0.631032799763574,-1.2907998958724445,0.0,0.0,0.0,7.0,0.0,0.0,0.0,26050904.0,0.0,27.173258403415115,100.168409065294,23.551455116272002,9.397140827178955
2026-05-09 18:24:03+00:00,CAN,CAN,-17.79000052920278,-6.990000057910687,0.0,3.75000010435326,14.55999997259028,25.75999971507622,-3.72721950248056,-9.49472024354195,1.7660485030745838,-0.1982672728397868,7.429641576292565,6.73470918720886,4.07550472208126,7.147585755554398,43.54000050582468,17.82284246929845,33.124704551696794,9.257018623352048,0.0,110.999999673762,0.0,10376.3046875,10376.3046875,67.8343447608726,9.29112482070923,68.95240028271736,-0.29819997402449533,32.2746227,0.5166887522787798,1898.2051849365241,1911.591219902038,162.06686496734625,1.4562388882041006,39.758071675896566,-64.8465323,99.0,332.347442626953,3.18548822402954,68.4678955078125,-722.025024414062,84.5233261585236,75.2194344997406,0.7458000068159212,2.70442706224489,-1.2244908079122,-4.124599951080584,0.0,0.0,0.0,7.0,0.0,0.0,0.0,26050904.0,0.0,23.23177343341634,100.103710098381,24.195681381225597,8.879280166625978
2026-05-09 18:24:04+00:00,CAN,CAN,-17.76000028931132,-7.00000005249714,0.0,3.75000010435326,14.570000052554082,25.84999975173168,-3.7241354586268853,-9.495888632776845,1.766408795553304,-0.18316946251263358,6.964698860102166,6.734709699473048,4.07550472208126,7.994067406470724,43.60000030258864,15.449729100670599,32.304120254516604,8.21243082046509,0.0,110.999999673762,0.0,10376.3046875,10376.3046875,64.6086103404157,8.12748212814331,65.4438004079735,-0.7295999640392864,32.2746319,1.0000000349423162,1898.1598615646358,1911.5185737609838,166.3477554917335,-86.4606609568,-76.2765098363162,-64.846509,99.0,333.883880615234,3.18548822402954,68.4678955078125,-723.127014160156,84.4651341438294,75.1273512840271,0.4071999741139553,-2.14279149240873,0.103511410149837,-2.634199910972464,0.0,0.0,0.0,7.0,0.0,0.0,0.0,26050904.0,0.0,20.29520668279354,99.7962047366635,24.297919464111352,7.95766353607178
2026-05-09 18:24:05+00:00,CAN,CAN,-17.76000028931132,-7.00000005249714,0.0,3.75000010435326,14.559999972590258,25.7300001582037,-3.72340121329111,-9.50056389726372,1.7725349416302758,-0.20150251200208263,5.715917658345569,6.735251504228958,4.075778271157519,8.673464957174058,43.489999422986656,15.5610082501758,32.376357078552246,7.994506530761717,0.0,110.999999673762,0.0,10376.3046875,10376.3046875,59.260544899539,7.96187267303467,63.31559679090542,-0.29559998714472496,32.2746417,1.00000009897534,1898.123621940612,1911.5367174148537,0.17881914973259966,-97.18601256608963,-17.94606558978548,-64.8464881,99.0,335.339324951172,3.18548822402954,68.4678955078125,-724.127014160156,84.5039308071136,75.2840936183929,0.07499999941902255,0.101301090231291,0.166053718151925,-2.2405999507337,0.0,0.0,0.0,7.0,0.0,0.0,0.0,26050904.0,0.0,20.19503307936936,99.3464675156695,24.67389907836915,7.719545860290526
2026-05-09 18:24:06+00:00,CAN,CAN,-17.7500002093475,-7.00000005249714,0.0,3.75000010435326,14.51999999424448,25.819999853349657,-3.724429156761195,-9.49749628855274,1.768931376512858,-0.20797328381136443,6.1451359238558645,6.733896394697629,4.07550472208126,9.624850202892121,43.580000142661014,15.4241167450567,32.4105348587036,7.706665420532227,0.0,110.999999673762,0.0,10376.3046875,10376.3046875,53.8802887771041,7.70609121322632,60.24300067579149,-1.163600012970999,32.2746527,0.999999949564951,1898.1689453125,1911.50951385498,149.39396418631082,-27.8886296786368,52.84590423107146,-64.8464687,99.0,337.0029296875,3.18548822402954,68.4678955078125,-725.127014160156,84.5155656337738,75.2978026866913,0.46800001024852245,0.919046242333115,-1.52679337975138,-3.4581998234809603,0.0,0.0,0.0,7.0,0.0,0.0,0.0,26050904.0,0.0,19.7841705630553,98.8378711395028,24.92825832366945,7.396579055786131
2026-05-09 18:24:07+00:00,CAN,CAN,-17.7500002093475,-7.00000005249714,0.0,3.75000010435326,14.5800001325179,25.800000034931497,-3.7229604526462348,-9.497641856959426,1.7660486097962882,-0.20365962448018998,6.125696138260954,6.734438455585634,4.07577827115752,12.80821491087076,43.5699993796783,15.5591000660764,32.2493637084961,7.742360858917236,0.0,110.999999673762,0.0,10376.3046875,10376.3046875,54.2274536322375,7.75417528152466,57.34359971651831,-1.5355999695351041,32.2746642,0.9999999922536331,1898.1145620346063,1911.391472816468,215.49960374832162,-1.841521263122661,-39.713648520410075,-64.8464505,99.0,338.873992919922,3.18548822402954,68.4678955078125,-726.127014160156,84.5116853713989,75.342869758606,-0.3137999973557466,-0.94021033052834,0.690913921990722,-2.4221999318246037,0.0,0.0,0.0,7.0,0.0,0.0,0.0,26050904.0,0.0,20.32684753412358,98.23828639830779,24.951705551147448,7.3479250717163085
2026-05-09 18:24:08+00:00,CAN,CAN,-17.829999824529683,-7.00000005249714,0.0,3.75000010435326,14.559999972590258,25.77999987500386,-3.71987640879256,-9.498957095261474,1.7660485030745838,-0.18964004755893057,3.90710256611319,6.735251589606323,4.07605182023378,14.65490989073056,43.59999961956972,16.43192310992315,32.99745025634765,8.26375482559204,0.0,110.999999673762,0.0,10376.3046875,10376.3046875,47.5139001875865,8.24901924133301,54.902998273230004,-0.8103999920147977,32.274677,0.9999999922536331,1898.13265800476,1911.5367650985722,114.58332836627942,-138.4231105446814,-39.696816354989984,-64.846432,99.0,340.149353027344,3.18548822402954,68.4678955078125,-727.127014160156,84.5272064208984,75.3761768341064,0.2723999989837872,0.43352411281261,0.653675730635813,-2.559399990739398,0.0,0.0,0.0,7.0,0.0,0.0,0.0,26050904.0,0.0,21.630712205168237,97.6032905413609,25.2451117515564,7.698788051605225
2026-05-09 18:24:09+00:00,CAN,CAN,-17.8499993014384,-7.020000041670039,0.0,3.75000010435326,14.640000270791322,25.849999751731662,-3.7210512013298,-9.50129472750491,1.7667693868527958,-0.20006485056328743,0.82271192692804,6.735793650494327,4.075778271157519,15.1759976583608,43.69999973618898,17.116675187426353,33.58848209381105,8.925850181579587,0.0,110.999999673762,0.0,10376.3046875,10376.3046875,45.7765835155858,8.90467214584351,52.57819995524362,-1.1583999658402855,32.2746922,1.2757684317617344,1898.1417417526238,1911.5458250045758,94.83322948217385,-108.77498537302021,59.92276966571806,-64.8464137,99.0,342.839996337891,3.18548822402954,68.4678955078125,-728.127014160156,84.5310807228088,75.3879308700562,-0.015199999528739521,-0.412985947421793,-0.881316117275406,-2.178199918773676,0.0,0.0,0.0,7.0,0.0,0.0,0.0,26050904.0,0.0,22.987050146020998,96.9498600038441,25.331830787658703,8.139603137969967
2026-05-09 18:24:10+00:00,CAN,CAN,-17.8499993014384,-7.010000047083589,0.0,3.75000010435326,14.53000007420828,25.70999999827608,-3.720316955994025,-9.501732713385435,1.7656882105958638,-0.19107780504726096,-1.2398519300359894,6.734980345718908,4.07550472208126,16.50313210088878,43.57999945964212,19.66323267229015,34.519041252136205,9.667505435943605,0.0,110.999999673762,0.0,10376.3046875,10376.3046875,43.9254144203102,9.68285007476806,50.79079955511598,-1.76239996543035,32.274709,6.6909840236897296,1898.1145620346058,1911.4368915557857,128.36907804012282,-7.9481922090053585,93.53666603565229,-64.8463942,99.0,345.125671386719,3.18548822402954,68.4678955078125,-729.127014160156,84.5407843589783,75.4290759563446,0.21659999949607567,0.448650367142396,-0.530017503590259,-1.0059999986104573,0.0,0.0,0.0,7.0,0.0,0.0,0.0,26050904.0,0.0,25.17034777648174,96.2934139378088,25.36066732406615,8.534005966186522
2026-05-09 18:24:11+00:00,CAN,CAN,-17.8499993014384,-7.04000003084294,0.0,3.7600000989397095,14.5800001325179,25.8199995118402,-3.7144412857605253,-9.49851868249412,1.7667691947537278,-0.20545672996014241,-3.379643448614775,6.735251589606323,4.07550472208126,16.992938626648744,43.66999949629752,20.865014702037648,35.1666440963745,10.4854521560669,0.0,110.999999673762,0.0,10376.3046875,10376.3046875,45.2206710039439,10.4755256652832,50.82639850107009,-2.0589999909871404,32.2747273,6.082593973371496,1898.15080165863,1911.4732027053863,99.64893758296967,-31.3448639586568,72.59534299373635,-64.8463735,99.0,347.315826416016,3.18548822402954,68.4678955078125,-730.127014160156,84.5562994480133,75.4662990570068,0.019799999699879677,-0.25483905368823,0.492513628548807,0.7727999447081804,0.0,0.0,0.0,7.0,0.0,0.0,0.0,26050904.0,0.0,27.221602140851,95.67669566708085,25.42463521957395,8.931735076904294
2026-05-09 18:24:12+00:00,CAN,CAN,-17.8499993014384,-7.010000047083589,0.0,3.680000142248102,14.570000052554082,25.720000078239877,-3.711210179396285,-9.50173271338544,1.7656881038741599,-0.19287538277076122,-5.00983532695128,6.734980345718908,4.0752313437597305,17.23555377615678,43.5700000626972,21.78663603240955,36.45475673675535,11.689938755035401,0.0,110.999999673762,0.0,10376.3046875,10376.3046875,46.2060111690828,11.7394203186035,51.68939836685254,-1.35179998451254,32.2747471,5.525524427684173,1898.123621940612,1911.46411895752,92.75506883859643,-65.50486572086812,-20.373162953183076,-64.8463501,99.0,349.365600585938,3.18548822402954,68.4678955078125,-731.127014160156,84.5756947994232,75.5113661289215,-0.12519999750937047,-0.214599287677791,0.4072230820313,0.9837999254646158,0.0,0.0,0.0,7.0,0.0,0.0,0.0,26050904.0,0.0,29.27327895242046,95.1493435914533,25.65610256195065,9.626113243103026
2026-05-09 18:24:13+00:00,CAN,CAN,-17.8499993014384,-7.02000004167004,0.0,3.710000126007452,14.579999791008438,25.75999971507622,-3.71341334229044,-9.502609965806961,1.7667691947537278,-0.18640461362952201,-5.89874453351048,6.735522406606914,4.07550472208126,17.049778094883738,43.60999969953354,22.322564264313698,37.198663330078105,12.23340751647946,0.0,110.999999673762,0.0,10376.3046875,10376.3046875,48.1036665318496,12.2490906715393,53.10319903070204,-1.44959992644539,32.2747678,4.894408118185826,1898.0782985687242,1911.5367174148537,108.42515677213665,-64.50969986617568,-31.726400984916847,-64.846324,99.0,352.746612548828,3.18548822402954,68.4678955078125,-732.127014160156,84.5795750617981,75.519198179245,-0.12760000025220344,0.548826937429975,-0.347541796198228,1.6653999667153543,0.0,0.0,0.0,7.0,0.0,0.0,0.0,26050904.0,0.0,30.772992467726077,94.72670173089665,25.8485710144043,9.844938411712644
2026-05-09 18:24:14+00:00,CAN,CAN,-17.8499993014384,-7.020000041670039,0.0,3.75000010435326,14.570000394063538,25.73999989665806,-3.7132664932232853,-9.503047951687485,1.7653279181171437,-0.18604517492445,-6.1435632727994705,6.734709101831494,4.07550472208126,16.17888184740186,43.59000022262482,22.76348029599465,37.3312099456787,12.32503040313718,0.0,110.999999673762,0.0,10376.3046875,10376.3046875,51.3896329755023,12.3524119377136,54.8261996262024,-0.7003999768586417,32.274788,3.7382583688397704,1898.196125030518,1911.5639686584461,117.2488868236542,-99.11978766322139,31.680091563612233,-64.8462963,99.0,355.887725830078,3.18548822402954,68.4678955078125,-733.127014160156,84.5912158489227,75.5094051361084,-0.21620000254074268,-0.129003690504522,0.78332942302961,1.9854000069251978,0.0,0.0,0.0,7.0,0.0,0.0,0.0,26050904.0,0.0,31.79847023952264,94.40470612285475,25.9917434692383,9.80858070373535
2026-05-09 18:24:15+00:00,CAN,CAN,-17.8499993014384,-7.050000025429389,0.0,3.75000010435326,14.58999987097226,25.85999983169546,-3.717085422742965,-9.50012591138319,1.7660485030745838,-0.18712368313873617,-6.555444597205575,6.7357938212490565,4.07550472208126,13.543688826924079,43.68999965622516,23.278734399054798,37.39941272735595,12.093197765350341,0.0,110.999999673762,0.0,10376.3046875,10376.3046875,52.614265403118,12.0985196113586,56.968799916003036,-1.3561999923758634,32.2748072,4.322153482492318,1898.1598615646358,1911.5276813507057,128.2819226384164,-97.43308946490303,5.628991033881906,-64.846268,99.0,358.627502441406,3.18548822402954,68.4678955078125,-734.127014160156,84.583455324173,75.5054831504822,0.027799998503990724,0.461103776350886,-1.08160783950889,2.2575999714127457,0.0,0.0,0.0,7.0,0.0,0.0,0.0,26050904.0,0.0,31.9289937885237,94.17641729513079,26.1448928833008,9.738161602020261
