DATETIME,TEAM,BOAT,ANGLE_CA1_deg,ANGLE_CA2_deg,ANGLE_CA3_deg,ANGLE_CA4_deg,ANGLE_CA5_deg,ANGLE_CA6_deg,ANGLE_DB_CANT_P_deg,ANGLE_DB_CANT_S_deg,ANGLE_DB_RAKE_P_deg,ANGLE_DB_RAKE_S_deg,ANGLE_RUDDER_deg,ANGLE_RUD_RAKE_P_deg,ANGLE_RUD_RAKE_S_deg,ANGLE_WING_ROT_deg,ANGLE_WING_TWIST_deg,AWA_SGP_deg,AWS_SGP_km_h_1,BOAT_SPEED_km_h_1,BROADCAST_MODE_unk,CURRENT_DIRECTION_deg,CURRENT_MAGNITUDE_km_h_1,DISTANCE_RACE_LEG_m,DISTANCE_RACE_m,GPS_COG_deg,GPS_SOG_km_h_1,HEADING_deg,HEEL_deg,LATITUDE_GPS_unk,LEEWAY_deg,LENGTH_DB_H_P_mm,LENGTH_DB_H_S_mm,LENGTH_RH_BOW_mm,LENGTH_RH_P_mm,LENGTH_RH_S_mm,LONGITUDE_GPS_unk,PC_BEACON_NUMBER_unk,PC_DTB_m,PC_DTL_m,PC_DTO_m,PC_TTS_s,PER_JIB_LEAD_pct,PER_JIB_SHEET_pct,PITCH_deg,RATE_PITCH_deg_s_1,RATE_ROLL_deg_s_1,RATE_YAW_deg_s_1,TIME_RACE_LEG_s,TIME_RACE_s,TRK_BOAT_RACE_STATUS_unk,TRK_LEG_NUM_TOT_unk,TRK_LEG_NUM_unk,TRK_PENALTY_COUNT_unk,TRK_PENALTY_DISTANCE_m,TRK_RACE_NUM_unk,TRK_RACE_RANK_unk,TWA_SGP_deg,TWD_SGP_deg,TWS_SGP_km_h_1,VMG_km_h_1
2026-05-09 18:06:00+00:00,ITA,ITA,-7.050000025429389,-4.959999876200658,0.0,-1.6800000296747861,0.960000013907829,3.4000000803840598,0.197308537061878,-4.78227989078949,-0.11680698701907602,-0.772159555776553,11.6714016405084,4.384600066460403,0.7312459435797238,-12.745846746012061,10.44999989237,-20.4566991632651,35.77955589294435,2.6192546510696437,1.0,110.999999673762,0.0,0.0,0.0,170.835789935388,2.5544043302536,124.07759895304498,1.43080000150966,32.2698001,0.9999999922536331,1898.215794563292,1897.66345024109,-1149.99997615814,-864.7236227989197,-860.7248902320862,-64.8452504,-2.0,88.7434692382812,-2.01602125167847,121.063293457031,360.670013427734,0.0,0.0,-0.07079999737048423,0.659979995239734,0.0681540354468739,-0.5881999777811441,0.0,0.0,1.0,7.0,0.0,0.0,0.0,26050904.0,1.0,-22.1063416487775,107.7030024746,33.32322578430175,2.434702835083006
2026-05-09 18:06:01+00:00,ITA,ITA,-7.050000025429389,-4.909999903268402,0.0,-1.6399999872959579,0.960000013907829,3.4000000803840598,0.19613647259824002,-4.782719370773901,-0.11680698701907602,-0.7718014510928034,11.6866380849994,4.384600066460403,0.7309736644917638,-12.44067099106548,10.459999972333822,-20.0052962298872,35.826021194458,2.4099739837646483,1.0,110.999999673762,0.0,0.0,0.0,169.498288631738,2.36013450622559,123.94739915501059,1.766999948425962,32.2697912,0.9999999922536331,1898.170614242552,1897.753739356996,-1149.99997615814,-864.5875096321106,-860.5894088745117,-64.8452488,-2.0,89.1372756958008,-2.01602125167847,121.063293457031,359.670013427734,0.0,0.0,0.3593999924401595,-1.24183287165828,-0.00192472617220927,-0.07219999538528735,0.0,0.0,1.0,7.0,0.0,0.0,0.0,26050904.0,1.0,-21.42206017130814,107.529293688533,33.5982496261597,2.266082782745362
2026-05-09 18:06:02+00:00,ITA,ITA,-7.050000025429389,-4.929999892441306,0.0,-1.6900000242612383,0.9500000193213779,3.4000000803840598,0.197308537061878,-4.783012428577975,-0.11680698701907602,-0.7718015471423387,18.3376961525185,4.384600066460403,0.7317906938547146,-12.32890040944956,10.44999989237,-19.03362241950375,36.12129764556885,2.449567251205444,1.0,110.999999673762,0.0,0.0,0.0,165.693627377231,2.45799822807312,123.4018009120344,1.517999980770496,32.2697831,0.9999999922536331,1898.2067584991441,1897.7356672287,-1149.99997615814,-864.6944761276249,-860.6958746910093,-64.8452467,-2.0,89.9073715209961,-2.01602125167847,121.063293457031,358.772003173828,0.0,0.0,-0.13199999710984986,-0.214687946734869,6.936490737243e-05,-0.6746000018179341,0.0,0.0,1.0,7.0,0.0,0.0,0.0,26050904.0,1.0,-20.40185154894678,107.3822670364595,33.8232805252075,2.337894229888916
2026-05-09 18:06:03+00:00,ITA,ITA,-7.050000025429389,-4.919999897854853,0.0,-1.680000008330446,0.9500000193213779,3.4000000803840598,0.196868890324805,-4.781547353001,-0.1160861992903984,-0.772159555776553,25.18996817789155,4.38379000602484,0.7317905871330088,-12.24917314806056,10.44999989237,-18.33091035957805,36.52977275848385,2.595301880836486,1.0,110.999999673762,0.0,0.0,0.0,167.908425498634,2.70570151805878,123.1775985864908,1.40579997235485,32.2697747,0.9999999922536331,1898.1615781784044,1897.690534591676,-1149.99997615814,-864.7396683692932,-860.740864276886,-64.8452445,-2.0,90.3185729980469,-2.01602125167847,121.063293457031,357.772003173828,0.0,0.0,0.10760000140764676,1.05442528743782,0.0481163181499461,0.009999999088773023,0.0,0.0,1.0,7.0,0.0,0.0,0.0,26050904.0,1.0,-19.778414421132283,107.252790555458,34.109728431701654,2.487854690551758
2026-05-09 18:06:04+00:00,ITA,ITA,-7.050000025429389,-4.94999988161421,0.0,-1.669999992399654,0.960000013907829,3.4000000803840598,0.1981873502883485,-4.782719370773901,-0.11680698701907602,-0.7714435385081243,25.538282212352748,4.383519786665804,0.7317904910834738,-12.433041840517339,10.44999989237,-18.54105308222455,36.93608150482175,2.697069697380064,1.0,110.999999673762,0.0,0.0,0.0,161.876712763353,2.67085275650024,123.17899740923299,1.8544000095408002,32.2697658,0.9999999922536331,1898.215794563292,1897.6363182067878,-1149.99997615814,-864.5454049110415,-860.5474948883057,-64.8452421,-2.0,91.1064605712891,-2.01602125167847,121.063293457031,356.772003173828,0.0,0.0,0.20080000236655224,-0.870359053103677,0.275262599967038,-0.15299998550794341,0.0,0.0,1.0,7.0,0.0,0.0,0.0,26050904.0,1.0,-20.05288625594816,107.1300588862625,34.4321994781494,2.55941774368286
2026-05-09 18:06:05+00:00,ITA,ITA,-7.050000025429389,-4.94999988161421,0.0,-1.680000008330446,0.960000013907829,3.4000000803840598,0.194525241645204,-4.78198683298541,-0.1164465931547372,-0.772159555776553,25.51831842318245,4.3845996395735805,0.7326073070030132,-12.3475924173964,10.44999989237,-18.950608300331453,37.080307960510254,2.7708030652999898,1.0,110.999999673762,0.0,0.0,0.0,168.080163775125,2.78991043567657,122.54899988472059,1.467000046799412,32.2697571,0.9999999922536331,1898.161578178404,1897.55506515503,-1149.99997615814,-864.7063732147217,-860.7077240943906,-64.8452392,-2.0,91.9128723144531,-2.01602125167847,121.063293457031,355.772003173828,0.0,0.0,0.0849999973405268,1.09621195789314,-0.768880104479595,-1.013799983929162,0.0,0.0,1.0,7.0,0.0,0.0,0.0,26050904.0,1.0,-20.54029401927162,106.9921334612575,34.4842798233032,2.594710721969604
2026-05-09 18:06:06+00:00,ITA,ITA,-7.050000025429389,-4.94999988161421,0.0,-1.6499999605380702,0.989999997667182,3.4000000803840598,0.20038461680825648,-4.78345190856238,-0.1164465931547372,-0.7718014510928034,25.52567282937125,4.38513939527274,0.7320626634497283,-12.05614927004036,10.44999989237,-19.09009783865605,36.596538734435995,2.2654496526718124,1.0,110.999999673762,0.0,0.0,0.0,169.083313658525,1.9711841583252,121.18539906221402,1.1827999735486798,32.2697481,0.9999999922536331,1898.2067584991441,1897.6724386215221,-1149.99997615814,-864.8154854774477,-860.8163356781006,-64.8452369,-2.0,92.4393310546875,-2.01602125167847,121.063293457031,354.772003173828,0.0,0.0,0.1530000020164571,-1.19883544345087,0.388745819500829,-1.9564000482377,0.0,0.0,1.0,7.0,0.0,0.0,0.0,26050904.0,1.0,-20.3534552190543,106.822406675477,34.48930950164795,2.1172433137893676
2026-05-09 18:06:07+00:00,ITA,ITA,-7.050000025429389,-4.909999903268402,0.0,-1.619999976778714,0.989999997667182,3.4000000803840598,0.19848060819562252,-4.783012428577975,-0.11680698701907602,-0.772159555776553,25.52777482008835,4.385680004745549,0.7323351346367588,-12.073315584481339,10.45999997233382,-18.9872326284347,36.35265598297115,1.719380178451538,1.0,110.999999673762,0.0,0.0,0.0,174.420027325001,1.6066724896431,118.83260106674382,1.413800002174958,32.2697409,0.9999999922536331,1898.215794563292,1897.6273059844978,-1149.99997615814,-864.7335529327393,-860.7347965240479,-64.8452353,-2.0,92.8868026733398,-2.01602125167847,121.063293457031,353.772003173828,0.0,0.0,0.4972000054332947,0.969694229462875,-0.803501372887037,-2.033199890548432,0.0,0.0,1.0,7.0,0.0,0.0,0.0,26050904.0,1.0,-19.94673282190568,106.6109645093415,34.72679271697995,1.6224322700500462
2026-05-09 18:06:08+00:00,ITA,ITA,-7.060000020015842,-4.89999990868195,0.0,-1.58999999301936,0.9999999922536331,3.4100000749705104,0.200970652375129,-4.78301242857797,-0.1150052097964526,-0.772159555776553,25.53092780616395,4.38459963957358,0.7317905871330088,-12.01151774041838,10.48000013226146,-18.6810343941694,36.34078216552735,1.455739867687226,1.0,110.999999673762,0.0,0.0,0.0,172.279295774957,1.42148752212524,117.2272006193164,0.936999992208046,32.2697342,0.9999999922536331,1898.242902755736,1897.6543903350841,-1149.99997615814,-864.8836731910706,-860.8841896057129,-64.8452344,-2.0,93.3425598144531,-2.01602125167847,121.063293457031,352.670013427734,0.0,0.0,0.07919998679332645,-0.722478307218614,0.10451493435962,-1.8453999119601563,0.0,0.0,1.0,7.0,0.0,0.0,0.0,26050904.0,1.0,-19.492867434577224,106.35597988724649,34.92543239593505,1.38245048046112
2026-05-09 18:06:09+00:00,ITA,ITA,-7.080000009188746,-4.89999990868195,0.0,-1.56000000926001,0.9999999922536331,3.42000006955696,0.199505803581786,-4.783744966366455,-0.1160861992903984,-0.772159555776553,25.5267238247298,4.384869944309984,0.7323350385872235,-11.98443313752886,10.48000013226146,-18.653869024292902,36.124384117126496,0.9504757297039035,1.0,110.999999673762,0.0,0.0,0.0,184.866979245454,0.863395571708679,115.4293964750448,0.8537999958407514,32.2697278,0.9999999922536331,1898.1977224349962,1897.6363420486462,-1149.99997615814,-864.9024844169614,-860.9029173851011,-64.8452342,-2.0,93.1886596679688,-2.01602125167847,121.063293457031,351.670013427734,0.0,0.0,0.3074000073838029,0.267915690978058,-0.435491580819544,-1.291599913795494,0.0,0.0,1.0,7.0,0.0,0.0,0.0,26050904.0,1.0,-19.14793127016998,106.067209734422,35.20784969329835,0.9065719270706184
2026-05-09 18:06:10+00:00,ITA,ITA,-7.080000009188746,-4.89999990868195,0.0,-1.55000001467356,1.1599999696698746,3.42000006955696,0.2025818833281645,-4.78345190856238,-0.1164465931547372,-0.772159555776553,25.525148612352503,4.385140249046388,0.732062770171434,-12.00579557868646,10.5000002921891,-18.21273698787945,35.779258918762196,0.3463132989406586,1.0,110.999999673762,0.0,0.0,0.0,196.792202668351,0.230485546588898,113.9753980988728,0.7837999910469116,32.2697224,0.9999999922536331,1898.215794563292,1897.753763198854,-1149.99997615814,-864.9189114570618,-860.9192728996273,-64.8452352,-2.0,93.289909362793,-2.01602125167847,121.063293457031,350.670013427734,0.0,0.0,0.35480000877753304,-0.173848484779217,-0.0762450948799482,-1.7311999601225079,0.0,0.0,1.0,7.0,0.0,0.0,0.0,26050904.0,1.0,-18.378610863948882,105.756907410239,35.43524265289305,0.3314662393927574
2026-05-09 18:06:11+00:00,ITA,ITA,-7.090000003775198,-4.89999990868195,0.0,-1.540000020087108,1.0499999865302305,3.44000005872986,0.2014102924420955,-4.783305486382044,-0.1153656036607914,-0.7718015471423387,25.535653443296,4.385139822159564,0.7320626634497283,-11.98252580720314,10.5000002921891,-17.7926829152446,35.56842269897465,0.07962339565157876,1.0,110.999999673762,0.0,0.0,0.0,204.150406442341,-0.0480204496532679,112.8200005667982,0.24999999356108646,32.269718,0.9999999922536331,1898.1796503067003,1897.6814985275282,-1149.99997615814,-864.984321594238,-860.9843850135803,-64.8452372,-2.0,93.2556915283203,-2.01602125167847,121.063293457031,349.670013427734,0.0,0.0,0.18800000041131293,-0.436354906058463,-0.718773463202411,-0.45879993753558496,0.0,0.0,1.0,7.0,0.0,0.0,0.0,26050904.0,1.0,-17.813457789378823,105.43133278307201,35.4882362365723,0.0768412961438298
2026-05-09 18:06:12+00:00,ITA,ITA,-7.099999998361651,-4.89999990868195,0.0,-1.39999998915509,1.10000004483985,3.45000005331631,0.2014098121944195,-4.783158850758305,-0.11608639138946901,-0.7718014510928034,25.53040102782425,4.384329590969273,0.7315182119955136,-12.0431794238254,10.539999929025498,-16.89269194020045,36.0401086807251,0.47381869733333576,1.0,110.999999673762,0.0,0.0,0.0,221.493117348839,-0.610670703649521,112.48579258052,0.2607999938976423,32.2697139,0.9999999922536331,1898.242902755736,1897.6634025573742,-1149.99997615814,-864.9877190589901,-860.9877705574033,-64.84524,-2.0,91.1966323852539,-2.01602125167847,121.063293457031,348.670013427734,0.0,0.0,0.36100000093882134,0.513073938693573,0.557516378797259,-0.4255999941418255,0.0,0.0,1.0,7.0,0.0,0.0,0.0,26050904.0,1.0,-17.07254687199146,105.113517250802,35.62140769958495,0.459608740210533
2026-05-09 18:06:13+00:00,ITA,ITA,-7.099999998361651,-4.89999990868195,0.0,-1.39999998915509,1.10000004483985,3.45000005331631,0.201703070101694,-4.78301242857797,-0.1164465931547372,-0.7718014510928034,25.52567282937125,4.38513939527274,0.7315181159459783,-12.10497760939784,10.520000110607299,-15.9760686007537,36.7266820907593,0.8711307299137113,1.0,110.999999673762,0.0,0.0,0.0,230.502519354679,-0.915583205223084,112.4379962827464,0.3871999876090968,32.2697105,0.9999999922536331,1898.1796503067003,1897.690534591676,-1149.99997615814,-864.9794936180117,-860.9795808792114,-64.845244,-2.0,87.7500381469726,-2.01602125167847,121.063293457031,347.670013427734,0.0,0.0,0.31519999670457166,-0.236147333889991,-0.241028651310302,0.225399994878895,0.0,0.0,1.0,7.0,0.0,0.0,0.0,26050904.0,1.0,-16.33834149282172,104.820689965611,35.9166721343994,0.8487261092662811
2026-05-09 18:06:14+00:00,ITA,ITA,-7.099999998361651,-4.89999990868195,0.0,-1.3899999945686379,1.10000004483985,3.45000005331631,0.20126342336462,-4.78330527293864,-0.11680698701907602,-0.772159555776553,25.5214714092581,4.384869944309984,0.7323350385872236,-12.07522291480706,10.5499998382346,-15.29839345300435,37.32169647216795,1.199231057167054,1.0,110.999999673762,0.0,0.0,0.0,239.952304637445,-1.26801731586456,112.60219949454441,0.331999994226555,32.2697076,0.9999999922536331,1898.215794563292,1897.663426399232,-1149.99997615814,-864.9854183197019,-860.9854936599731,-64.8452489,-2.0,85.7244110107422,-2.01602125167847,121.063293457031,346.670013427734,0.0,0.0,0.1961999986936064,0.444622529883646,-0.133063997842256,0.26939998713423663,0.0,0.0,1.0,7.0,0.0,0.0,0.0,26050904.0,1.0,-15.802434605258759,104.560135324248,36.1834253311157,1.16971251010895
2026-05-09 18:06:15+00:00,ITA,ITA,-7.099999998361651,-4.89999990868195,0.0,-1.389999994568638,1.10000004483985,3.45000005331631,0.2015566812718945,-4.783744966366455,-0.1164465931547372,-0.772159555776553,25.5004557709556,4.38405988387442,0.7315182119955136,-12.071408424910341,10.539999929025498,-14.554999078834701,37.949271583557106,1.6521870017051679,1.0,110.999999673762,0.0,0.0,0.0,251.100566721497,-1.70636869668961,112.98539359754982,0.08720000010491925,32.2697054,0.9999999922536331,1898.288083076476,1897.753763198854,-1149.99997615814,-864.9981141090395,-860.9981179237363,-64.8452548,-2.0,82.3587951660156,-2.01602125167847,121.063293457031,345.670013427734,0.0,0.0,0.36000000121337183,-0.896364358038266,-0.160214226576682,0.408999971752135,0.0,0.0,1.0,7.0,0.0,0.0,0.0,26050904.0,1.0,-15.23946889877042,104.3313717983765,36.352760696411096,1.6125091481208802
2026-05-09 18:06:16+00:00,ITA,ITA,-7.099999998361651,-4.89999990868195,0.0,-1.370000005395734,1.1100000394262999,3.45000005331631,0.20199584776129148,-4.783598330742715,-0.1160861992903984,-0.772159555776553,25.4967768603139,4.384329761724,0.7309736644917638,-12.0595828061361,10.539999929025498,-14.050606684102199,38.09524040222165,1.7685948300361638,1.0,110.999999673762,0.0,0.0,0.0,252.844942394004,-1.7742266535759,113.3931982381724,0.385800001600485,32.2697035,0.9999999922536331,1898.260974884032,1897.654414176942,-1149.99997615814,-864.9736285209656,-860.9737396240237,-64.8452614,-2.0,82.7498016357422,-2.01602125167847,121.063293457031,344.670013427734,0.0,0.0,0.2731999925609475,1.14401613172894,1.05175233559482,0.447399983620949,0.0,0.0,1.0,7.0,0.0,0.0,0.0,26050904.0,1.0,-14.734488424750362,104.1385965392425,36.3931972503662,1.729836008548738
2026-05-09 18:06:17+00:00,ITA,ITA,-7.099999998361651,-4.89999990868195,0.0,-1.520000009569864,1.059999981116682,3.45000005331631,0.2015566812718945,-4.783158850758305,-0.1164465931547372,-0.772159555776553,25.50098254929535,4.384329761724,0.7317904910834738,-12.148846548399002,10.520000110607299,-13.2765810459392,38.1404062271118,1.7837597393989562,1.0,110.999999673762,0.0,0.0,0.0,256.719380861073,-1.76639095544815,114.2001987489878,0.46500000707011024,32.269702,0.9999999922536331,1898.152542114256,1897.6453781127937,-1149.99997615814,-864.9657964706423,-860.9659433364868,-64.8452681,-2.0,81.0713958740234,-2.01602125167847,121.063293457031,343.670013427734,0.0,0.0,0.3187999919809297,-0.666507468291298,-0.747815107388188,1.2623999799757049,0.0,0.0,1.0,7.0,0.0,0.0,0.0,26050904.0,1.0,-13.935232323925439,103.986802415128,36.401390647888206,1.750112221240998
2026-05-09 18:06:18+00:00,ITA,ITA,-7.099999998361651,-4.89999990868195,0.0,-1.480000009879716,1.10000004483985,3.45000005331631,0.2018494589314925,-4.78345190856238,-0.11608639138946901,-0.772159555776553,25.478916769407952,4.385139822159564,0.7320626634497283,-12.0557678039752,10.5399999290255,-12.681934104627349,37.878176307678245,1.527222926616668,1.0,110.999999673762,0.0,0.0,0.0,246.771975316136,-1.36902716159821,115.60299802714101,0.21960000000644522,32.2697004,0.9999999922536331,1898.143506050108,1897.690510749818,-1149.99997615814,-864.9935364723206,-860.9935760498045,-64.8452747,-2.0,81.9810943603516,-2.01602125167847,121.063293457031,342.670013427734,0.0,0.0,0.41379999658111,0.148945121477461,0.177352625287485,1.192199957360888,0.0,0.0,1.0,7.0,0.0,0.0,0.0,26050904.0,1.0,-13.227815800454142,103.8998916730335,36.363578796386705,1.50451051712036
2026-05-09 18:06:19+00:00,ITA,ITA,-7.099999998361651,-4.89999990868195,0.0,-1.41999997832799,1.10000004483985,3.45000005331631,0.2015566812718945,-4.783598330742715,-0.11680698701907602,-0.772159555776553,25.448446441746903,4.383789835270112,0.7320627594992632,-12.009228773272762,10.539999929025498,-12.1514145287722,36.9412055969238,0.5720465075969694,1.0,110.999999673762,0.0,0.0,0.0,217.177011529281,-0.311057603359222,116.6133988393638,0.35300000313522617,32.2696979,0.9999999922536331,1898.22483062744,1897.699546813966,-1149.99997615814,-864.9833679199219,-860.9834313392637,-64.8452799,-2.0,87.8188171386719,-2.01602125167847,121.063293457031,341.670013427734,0.0,0.0,0.26239999039011197,0.312454900988461,0.154473399218433,1.1527999150841333,0.0,0.0,1.0,7.0,0.0,0.0,0.0,26050904.0,1.0,-12.334055494725659,103.87693199213899,36.3330282211304,0.5647258204221723
2026-05-09 18:06:20+00:00,ITA,ITA,-7.099999998361651,-4.89999990868195,0.0,-1.39999998915509,1.10000004483985,3.45000005331631,0.202142716838767,-4.78345190856238,-0.1157259975251302,-0.772159555776553,25.39801061736825,4.385139822159564,0.7312460396292592,-12.006176873996859,10.5499998382346,-11.44062235505835,36.5862596511841,0.19315688699483863,1.0,110.999999673762,0.0,0.0,0.0,199.46985538905,0.241440010070801,117.6913993998398,0.576799987847933,32.2696945,0.9999999922536331,1898.1073617935158,1897.6814985275282,-1149.99997615814,-864.9553656578062,-860.9555721282959,-64.8452829,-2.0,91.142578125,-2.01602125167847,121.063293457031,340.670013427734,0.0,0.0,0.6407999809488631,-0.33851327329125,-0.396685033956896,0.4619999932195268,0.0,0.0,1.0,7.0,0.0,0.0,0.0,26050904.0,1.0,-11.453609447500941,103.9175682026055,36.39380321502685,0.19164181441068656
2026-05-09 18:06:21+00:00,ITA,ITA,-7.099999998361651,-4.869999924922601,0.0,-1.370000005395734,1.10000004483985,3.45000005331631,0.2015566812718945,-4.783598330742715,-0.11680698701907602,-0.772159555776553,25.3927582018965,4.385139992914294,0.7320629622705044,-11.9623079349957,10.530000019816399,-10.40859357807415,37.38656730651855,0.876210919618606,1.0,110.999999673762,0.0,0.0,0.0,171.982988508384,1.03840584754944,117.3876007817848,0.09879999920881247,32.2696905,0.9999999922536331,1898.1886863708482,1897.66345024109,-1149.99997615814,-864.9970412254336,-860.9970450401306,-64.845284,-2.0,91.4406585693359,-2.01602125167847,121.063293457031,339.670013427734,0.0,0.0,0.002599997551940618,0.174172732001808,-0.038975997586055,-0.7045999882453291,0.0,0.0,1.0,7.0,0.0,0.0,0.0,26050904.0,1.0,-10.635221474546618,104.0004149821435,36.5599147796631,0.8704433548450463
2026-05-09 18:06:22+00:00,ITA,ITA,-7.099999998361651,-4.85999993033615,0.0,-1.33000002704993,1.14000002318565,3.45000005331631,0.202289105668566,-4.782572948593565,-0.1160861992903984,-0.772159555776553,25.385927158952853,4.385139822159564,0.73179078990425,-11.9375122992518,10.5499998382346,-9.792594184756314,37.938582229614255,1.1659246945381159,1.0,110.999999673762,0.0,0.0,0.0,163.983197744898,1.1113298535347,116.09639996448,0.29320000808077096,32.2696861,0.9999999922536331,1898.215794563292,1897.753763198854,-1149.99997615814,-864.9879932403564,-860.9880447387695,-64.8452832,-2.0,92.3813705444336,-2.01602125167847,121.063293457031,338.670013427734,0.0,0.0,0.842399988565262,-0.101392130516429,0.00864740051907632,-2.0687999250639337,0.0,0.0,1.0,7.0,0.0,0.0,0.0,26050904.0,1.0,-10.12589990304484,104.080072063339,36.7802438735962,1.157896585464476
2026-05-09 18:06:23+00:00,ITA,ITA,-7.1099999929481,-4.8499999357497,0.0,-1.2900000060154462,1.1500000177721037,3.45000005331631,0.201703070101694,-4.783158850758305,-0.1164465931547372,-0.7718014510928034,25.376996686612998,4.384869944309984,0.731790587133009,-11.96116336604554,10.5699999981622,-9.45149581826635,37.85255241394045,0.9064483630657196,1.0,110.999999673762,0.0,0.0,0.0,151.143808143108,0.891257661581039,113.89599441769599,0.07119999699385944,32.2696827,0.9999999922536331,1898.2067584991441,1897.690534591676,-1149.99997615814,-864.9964690208435,-860.9964847564695,-64.8452819,-2.0,93.3707809448242,-2.01602125167847,121.063293457031,337.670013427734,0.0,0.0,0.3942000030295194,-0.0127631389440411,-0.46014525535041,-1.778199943216564,0.0,0.0,1.0,7.0,0.0,0.0,0.0,26050904.0,1.0,-9.660879963028139,104.113065292125,36.989464759826646,0.8997040987014768
2026-05-09 18:06:24+00:00,ITA,ITA,-7.129999982121001,-4.8499999357497,0.0,-1.24999996363662,1.160000012358552,3.45000005331631,0.2025823569057335,-4.78359854418612,-0.1164465931547372,-0.7718015471423387,25.3218343713287,4.385140249046388,0.7320629622705044,-12.107647871853882,10.580000078126,-8.721103989842334,38.002701187133795,0.9117169940471646,1.0,110.999999673762,0.0,0.0,0.0,140.500433642504,0.951436400413513,112.3897997358868,-0.3749999997631554,32.2696805,0.9999999922536331,1898.251938819884,1897.7085828781142,-1149.99997615814,-864.9792432785034,-860.9793305397034,-64.8452804,-2.0,94.2154159545898,-2.01602125167847,121.063293457031,336.670013427734,0.0,0.0,0.3395999937407958,-0.182241386546774,-0.542707995068143,-1.3857999618376051,0.0,0.0,1.0,7.0,0.0,0.0,0.0,26050904.0,1.0,-8.923256927952469,104.1054496312,37.0983392715454,0.9065163624286651
2026-05-09 18:06:25+00:00,ITA,ITA,-7.11999998753455,-4.8499999357497,0.0,-1.2500000063252998,1.1700000069450038,3.45000005331631,0.20214223659109098,-4.783744966366455,-0.11680698701907602,-0.772159555776553,24.926236644790748,4.38379000602484,0.7312460396292592,-12.09391509350864,10.590000158089799,-7.977530323207015,38.459090423584,1.3469078421592697,1.0,110.999999673762,0.0,0.0,0.0,133.553666803737,1.42833713293076,111.97119929826222,-0.07860000069847665,32.2696784,0.9999999922536331,1898.2067584991441,1897.6634025573742,-1149.99997615814,-864.9931073188782,-860.9931230545042,-64.845278,-2.0,95.3745498657226,-2.01602125167847,121.063293457031,335.670013427734,0.0,0.0,0.588799995225496,0.70005106091376,0.460358752122826,0.638799970825793,0.0,0.0,1.0,7.0,0.0,0.0,0.0,26050904.0,1.0,-8.27052136218374,104.082425063508,37.125581932067846,1.341362192630766
2026-05-09 18:06:26+00:00,ITA,ITA,-7.129999982121001,-4.8499999357497,0.0,-1.2600000009117518,1.1500000177721,3.45000005331631,0.202289105668566,-4.78359854418612,-0.11680698701907602,-0.772159555776553,24.86739712641205,4.38513939527274,0.7307012893542686,-12.173642184142901,10.580000078126,-7.535194039065475,38.098292541503895,1.09270972251892,1.0,110.999999673762,0.0,0.0,0.0,123.166137529064,1.11976990699768,112.73139935288441,0.24999999272732323,32.2696762,0.9999999922536331,1898.2971191406239,1897.7537393569958,-1149.99997615814,-864.9913787841795,-860.9914064407349,-64.8452752,-2.0,96.0600967407226,-2.01602125167847,121.063293457031,334.670013427734,0.0,0.0,0.35660000708272277,-0.965044578185389,0.153161229165424,0.6825999596008889,0.0,0.0,1.0,7.0,0.0,0.0,0.0,26050904.0,1.0,-7.78421667441125,104.0873598751835,36.982720184326155,1.08855852127075
2026-05-09 18:06:27+00:00,ITA,ITA,-7.099999998361651,-4.8499999357497,0.0,-1.34000002163638,1.1200000340127498,3.45000005331631,0.201996328008968,-4.784038024170535,-0.11572580542605959,-0.772159555776553,24.85216153569465,4.38405988387442,0.731790587133009,-12.1675387271006,10.580000078126,-7.44673284403005,37.76444034576415,0.855474450588226,1.0,110.999999673762,0.0,0.0,0.0,143.127898133181,0.751002162694931,113.50000054018601,0.21159999686676484,32.2696746,0.9999999922536331,1898.1977224349962,1897.744727134706,-1149.99997615814,-864.9930357933042,-860.9930634498596,-64.845273,-2.0,95.8949508666992,-2.01602125167847,121.063293457031,333.670013427734,0.0,0.0,0.41159998197727815,0.325006520846697,-0.311016239033674,0.9617999928697095,0.0,0.0,1.0,7.0,0.0,0.0,0.0,26050904.0,1.0,-7.6586612342576785,104.12668810442449,36.9089178085327,0.8512832415103911
2026-05-09 18:06:28+00:00,ITA,ITA,-7.1099999929481,-4.8499999357497,0.0,-1.35000001622283,1.14000002318565,3.45000005331631,0.20287513456533152,-4.784038024170535,-0.11680698701907602,-0.772159555776553,24.84270513878875,4.384329590969272,0.7309735684422287,-12.177075549483941,10.590000158089799,-7.799133039162275,37.537016487121605,0.6495351076126096,1.0,110.999999673762,0.0,0.0,0.0,161.235699509747,0.653901100158691,114.7011999547974,0.31019999674330345,32.2696726,0.9999999922536331,1898.1977224349957,1897.735691070558,-1149.99997615814,-864.9796009063723,-860.9796762466431,-64.8452718,-2.0,94.0121917724609,-2.01602125167847,121.063293457031,332.772003173828,0.0,0.0,0.1030000021536464,-0.00324846802642598,1.31007830757605,1.366399962094608,0.0,0.0,1.0,7.0,0.0,0.0,0.0,26050904.0,1.0,-7.977126146762882,104.1903113165425,36.88311023712155,0.6440691518783568
2026-05-09 18:06:29+00:00,ITA,ITA,-7.099999998361651,-4.8899999140955,0.0,-1.5200000095698658,1.0200000027708764,3.45000005331631,0.202142716838767,-4.783744966366455,-0.11608639138946901,-0.772159555776553,24.84270599256245,4.383789835270112,0.7315184147667546,-12.333478002231299,10.530000019816399,-8.250572257920155,37.2212762832642,0.44693268477916703,1.0,110.999999673762,0.0,0.0,0.0,186.050760311644,0.46355819106102,116.35079992238221,1.1435999597650741,32.2696701,0.9999999922536331,1898.170614242552,1897.681522369386,-1149.99997615814,-864.8274064064024,-860.8281850814819,-64.8452717,-2.0,93.0649337768555,-2.01602125167847,121.063293457031,331.772003173828,0.0,0.0,0.3331999970987455,-0.241427657087793,-0.531616621629688,1.9247999859435658,0.0,0.0,1.0,7.0,0.0,0.0,0.0,26050904.0,1.0,-8.371873514749181,104.28317798359251,36.800333404541,0.4414542460441588
2026-05-09 18:06:30+00:00,ITA,ITA,-7.070000014602295,-4.89999990868195,0.0,-1.55000001467356,0.9999999922536331,3.45000005331631,0.201849458931493,-4.783158850758305,-0.1164465931547372,-0.772159555776553,24.83009660958095,4.384059542364964,0.7323351346367588,-12.2243776830714,10.5000002921891,-8.513884161273786,37.31798858642575,0.6107093703746795,1.0,110.999999673762,0.0,0.0,0.0,188.779680432252,0.591426819562912,118.347600262084,1.11279996875484,32.2696666,0.9999999922536331,1898.22483062744,1897.717618942262,-1149.99997615814,-864.8368120193481,-860.8375549316409,-64.8452723,-2.0,93.3872680664062,-2.01602125167847,121.063293457031,330.772003173828,0.0,0.0,0.01820000020586175,-0.333323556821657,0.196931962852922,1.8873998764166502,0.0,0.0,1.0,7.0,0.0,0.0,0.0,26050904.0,1.0,-8.699726351513837,104.4206867670585,36.7118059158325,0.601539466381073
2026-05-09 18:06:31+00:00,ITA,ITA,-7.070000014602295,-4.89999990868195,0.0,-1.55000001467356,0.9999999922536331,3.45000005331631,0.201849939179169,-4.783598544186125,-0.11680698701907602,-0.772159555776553,24.8353498788263,4.384600066460404,0.7309735684422286,-12.361706832561541,10.5100002013982,-9.314916794301835,36.9575065612793,0.27054203957319256,1.0,110.999999673762,0.0,0.0,0.0,207.18627526425,0.107856318354607,119.99679861454578,1.2965999537774038,32.2696622,0.9999999922536331,1898.2067584991441,1897.6182699203498,-1149.99997615814,-864.7780656814572,-860.779070854187,-64.8452738,-2.0,93.2008743286133,-2.01602125167847,121.063293457031,329.772003173828,0.0,0.0,-0.14759999792949147,0.574270299222772,0.564214126330397,1.1819999823060579,0.0,0.0,1.0,7.0,0.0,0.0,0.0,26050904.0,1.0,-9.431976589033647,104.5966153646045,36.66590881347655,0.26577992029488107
2026-05-09 18:06:32+00:00,ITA,ITA,-7.050000025429389,-4.89999990868195,0.0,-1.56000000926001,0.9999999922536331,3.45000005331631,0.201117034534821,-4.783305486382044,-0.1160861992903984,-0.772159555776553,24.83009660958095,4.38487020044208,0.7312458368580182,-12.57075211456312,10.5000002921891,-10.25240593477615,36.7309530258179,0.08703550359401564,1.0,110.999999673762,0.0,0.0,0.0,214.54842688758,-0.145464389026165,120.5457982917286,1.633999922242196,32.2696578,0.9999999922536331,1898.251938819884,1897.708582878114,-1149.99997615814,-864.6474599838253,-860.6490850448608,-64.8452767,-2.0,92.5835647583008,-2.01602125167847,121.063293457031,328.772003173828,0.0,0.0,0.3712000026740774,-0.0677097930063454,-0.389931124126091,0.325999987869731,0.0,0.0,1.0,7.0,0.0,0.0,0.0,26050904.0,1.0,-10.326095650448327,104.77913850979499,36.6557601928711,0.084387875820612
2026-05-09 18:06:33+00:00,ITA,ITA,-7.060000020015842,-4.89999990868195,0.0,-1.56000000926001,0.980000003080731,3.45000005331631,0.2011170345348215,-4.783159064201715,-0.11572580542605959,-0.772159555776553,24.827994618863897,4.384329761724,0.7323351346367588,-12.4559296336713,10.5000002921891,-11.2071327651683,36.8243299484253,0.23453183323144922,1.0,110.999999673762,0.0,0.0,0.0,215.504612390247,-0.204816336929798,120.60219926181881,1.1514000144528842,32.2696534,0.9999999922536331,1898.242902755736,1897.699546813966,-1149.99997615814,-864.8218631744385,-860.8226895332339,-64.8452806,-2.0,90.6820449829102,-2.01602125167847,121.063293457031,327.670013427734,0.0,0.0,-0.24880000152781903,0.441376002232921,-0.161218477828085,-0.3211999950572678,0.0,0.0,1.0,7.0,0.0,0.0,0.0,26050904.0,1.0,-11.33088460849418,104.9364377663805,36.6057518005371,0.22633862614631642
2026-05-09 18:06:34+00:00,ITA,ITA,-7.070000014602295,-4.89999990868195,0.0,-1.55000001467356,0.9999999922536331,3.45000005331631,0.199945450318859,-4.783305486382044,-0.11572580542605962,-0.7725176604603027,24.82221542505235,4.3848695174231604,0.7317906938547146,-12.2651948935514,10.5000002921891,-11.97509020714055,36.8043176651001,0.27445029437541957,1.0,110.999999673762,0.0,0.0,0.0,214.098809194896,-0.142460408806801,120.596000182128,1.400799996405968,32.2696485,0.9999999922536331,1898.260974884032,1897.7085828781142,-1149.99997615814,-864.741051197052,-860.742235183716,-64.845285,-2.0,90.3339157104492,-2.01602125167847,121.063293457031,326.772003173828,0.0,0.0,0.21559999710258354,0.258775030238729,0.122103211751039,0.4201999932231605,0.0,0.0,1.0,7.0,0.0,0.0,0.0,26050904.0,1.0,-12.082893729509179,105.05554602022201,36.5474676132202,0.2637433344125746
2026-05-09 18:06:35+00:00,ITA,ITA,-7.050000025429389,-4.919999897854854,0.0,-1.5700000038464599,0.989999997667182,3.45000005331631,0.2003846168082565,-4.78359854418612,-0.1160861992903984,-0.772159555776553,24.8096086033918,4.384600066460403,0.7320627594992635,-12.53985302177688,10.5000002921891,-12.52658828214455,36.61646518707275,0.19590350791811922,1.0,110.999999673762,0.0,0.0,0.0,216.196237345602,-0.225961545109749,121.1356015190134,1.442799982206796,32.2696434,0.9999999922536331,1898.1796503067003,1897.780823707582,-1149.99997615814,-864.724600315094,-860.7258796691895,-64.8452896,-2.0,90.9304046630859,-2.01602125167847,121.063293457031,325.670013427734,0.0,0.0,0.019799986192913732,-0.631627346386483,-0.358935725672573,0.6045999783477953,0.0,0.0,1.0,7.0,0.0,0.0,0.0,26050904.0,1.0,-12.64597520770396,105.162650216597,36.40717735290529,0.1882993903756142
2026-05-09 18:06:36+00:00,ITA,ITA,-7.070000014602295,-4.939999887027758,0.0,-1.58999999301936,0.9999999922536331,3.45000005331631,0.19979906148906001,-4.783744966366455,-0.1160861992903984,-0.772159555776553,24.816963009580647,4.385139822159564,0.7320627594992632,-12.37467684953118,10.5100002013982,-13.251681591319901,36.5637617111206,0.27819681465625756,1.0,110.999999673762,0.0,0.0,0.0,204.173328557195,0.37655191719532,121.7407999926872,1.129400017824958,32.2696376,0.9999999922536331,1898.1796503067003,1897.6363182067882,-1149.99997615814,-864.8310303688053,-860.8317852020264,-64.8452938,-2.0,93.3422241210938,-2.01602125167847,121.063293457031,324.670013427734,0.0,0.0,0.08039999900366623,0.638810891124338,-0.0892063726759325,0.7941999732505456,0.0,0.0,1.0,7.0,0.0,0.0,0.0,26050904.0,1.0,-13.370426222965259,105.26204654449299,36.312473487854,0.2664500024914741
2026-05-09 18:06:37+00:00,ITA,ITA,-7.070000014602295,-4.919999897854853,0.0,-1.56000000926001,0.9800000030807311,3.45000005331631,0.2002382279784575,-4.783158850758305,-0.11572580542605962,-0.772159555776553,24.79122002659885,4.384329761724,0.7315184147667544,-12.461270158583341,10.5000002921891,-13.93752265710885,36.52066268920895,0.2599134644865988,1.0,110.999999673762,0.0,0.0,0.0,207.917624599818,0.256895703077316,122.61759957266841,1.5249999428300662,32.2696312,0.9999999922536331,1898.233866691588,1897.7085590362562,-1149.99997615814,-864.6911501884463,-860.69256067276,-64.8452977,-2.0,92.7559432983398,-2.01602125167847,121.063293457031,323.670013427734,0.0,0.0,0.07519999989772075,-0.568419708590127,0.609117604203059,0.7384000011102717,0.0,0.0,1.0,7.0,0.0,0.0,0.0,26050904.0,1.0,-14.086858766895698,105.3615111742815,36.283763122558554,0.2477942088246344
2026-05-09 18:06:38+00:00,ITA,ITA,-7.050000025429389,-4.929999892441306,0.0,-1.58999999301936,0.9500000193213779,3.45000005331631,0.200385090385826,-4.78345190856238,-0.1157259975251302,-0.772159555776553,24.795424008033,4.385139822159564,0.7315182119955136,-12.9526034023775,10.5000002921891,-14.679842984031499,36.884787368774454,0.5312366867065432,1.0,110.999999673762,0.0,0.0,0.0,201.713586191777,0.59096011519432,123.20159987123421,1.8525999772180661,32.2696246,0.9999999922536331,1898.1163978576637,1897.6814746856703,-1149.99997615814,-864.5481348037717,-860.5502247810361,-64.8453017,-2.0,92.9944839477539,-2.01602125167847,121.063293457031,322.670013427734,0.0,0.0,-0.1974000042338394,-0.272752798931749,0.288439182134329,0.4255999888057402,0.0,0.0,1.0,7.0,0.0,0.0,0.0,26050904.0,1.0,-14.94919303074352,105.455931709368,36.3930547714233,0.5029259705543517
2026-05-09 18:06:39+00:00,ITA,ITA,-7.060000020015842,-4.94999988161421,0.0,-1.59999998760581,0.9500000193213779,3.45000005331631,0.19921254567451202,-4.782426526413236,-0.1160861992903984,-0.772159555776553,24.7922710219574,4.3848695174231604,0.7315181159459783,-13.093747212519059,10.49000021222528,-15.642883435304,37.14746532440185,0.842427842617035,1.0,110.999999673762,0.0,0.0,0.0,197.729318282855,0.943395137786865,123.6353961137246,1.878999960364976,32.2696175,0.9999999922536331,1898.279047012328,1897.690534591676,-1149.99997615814,-864.5338177680972,-860.5359792709351,-64.8453051,-2.0,93.0327911376953,-2.01602125167847,121.063293457031,321.670013427734,0.0,0.0,-0.16780000675764853,0.586353490833906,-0.260053422871859,0.6201999916738871,0.0,0.0,1.0,7.0,0.0,0.0,0.0,26050904.0,1.0,-16.05467451583572,105.53263473374699,36.38892288208005,0.7898684549331664
2026-05-09 18:06:40+00:00,ITA,ITA,-7.050000025429389,-4.939999887027758,0.0,-1.59999998760581,0.9500000193213779,3.45000005331631,0.198626997025422,-4.78301242857797,-0.11608639138946901,-0.772159555776553,24.790169031240303,4.3848695174231604,0.7320627594992635,-12.808026056140182,10.5000002921891,-16.24747726648155,37.8391439437866,1.585994567871094,1.0,110.999999673762,0.0,0.0,0.0,183.914509365696,1.86284050941467,124.2629976078758,1.6189999943955438,32.2696091,0.9999999922536331,1898.251938819884,1897.67246246338,-1149.99997615814,-864.6536827087402,-860.6552839279177,-64.8453078,-2.0,93.5334854125976,-2.01602125167847,121.063293457031,320.670013427734,0.0,0.0,0.033399991897226,-0.70830331681331,-0.00357254995543701,0.2591999894010443,0.0,0.0,1.0,7.0,0.0,0.0,0.0,26050904.0,1.0,-17.003151467005218,105.591063587002,36.3881555557251,1.474108579158782
2026-05-09 18:06:41+00:00,ITA,ITA,-7.050000025429389,-4.919999897854855,0.0,-1.57999999843291,0.9500000193213779,3.45000005331631,0.19701576607238602,-4.782572948593565,-0.1164465931547372,-0.772159555776553,24.781763629693,4.384869944309984,0.7309736644917638,-12.330044978399721,10.5000002921891,-16.543016990547052,39.031855773925756,2.804333724975586,1.0,110.999999673762,0.0,0.0,0.0,171.555364024828,3.09220333099365,123.7685984629182,1.971999986858598,32.2695994,0.9999999922536331,1898.2609748840318,1897.6543903350841,-1149.99997615814,-864.4874453544617,-860.4897975921634,-64.8453079,-2.0,94.4607543945312,-2.01602125167847,121.063293457031,319.670013427734,0.0,0.0,-0.10399998695473218,0.861643198114212,0.298309419134806,-1.030399968966254,0.0,0.0,1.0,7.0,0.0,0.0,0.0,26050904.0,1.0,-17.88689837390104,105.627287495265,36.416996383667,2.596273956298826
2026-05-09 18:06:42+00:00,ITA,ITA,-7.060000020015842,-4.929999892441306,0.0,-1.58999999301936,0.960000013907829,3.45000005331631,0.1935000395889345,-4.78286600639764,-0.11680698701907602,-0.772159555776553,24.78386562041005,4.385409700009145,0.7315180092242727,-12.29037199536042,10.5000002921891,-16.7669942613574,39.92982845306395,3.7118075180053713,1.0,110.999999673762,0.0,0.0,0.0,159.273112953636,3.89333367347717,122.260601977206,1.737599890063492,32.2695879,0.9999999922536331,1898.161578178404,1897.6995468139662,-1149.99997615814,-864.5932197570801,-860.5950832366946,-64.8453053,-2.0,95.947151184082,-2.01602125167847,121.063293457031,318.670013427734,0.0,0.0,0.24559999553617148,-0.674444681715382,-0.919604930462881,-2.282800018388534,0.0,0.0,1.0,7.0,0.0,0.0,0.0,26050904.0,1.0,-18.54345235692528,105.60722039948351,36.44066162109375,3.4329412508010817
2026-05-09 18:06:43+00:00,ITA,ITA,-7.080000009188746,-4.89999990868195,0.0,-1.5000000417413,0.9999999922536331,3.45000005331631,0.197748183798951,-4.782719370773895,-0.11680698701907602,-0.772159555776553,24.778610643617398,4.385680004745549,0.7326073070030132,-11.98443330828356,10.5000002921891,-16.82733727512715,40.06364364624025,3.532059946060182,1.0,110.999999673762,0.0,0.0,0.0,155.948067582647,3.28045363426208,119.13239992602121,1.322199993706458,32.2695768,0.9999999709092924,1898.161578178404,1897.6543664932258,-1149.99997615814,-864.7686958312985,-860.7697606086733,-64.8453004,-2.0,97.1560440063476,-2.01602125167847,121.063293457031,317.670013427734,0.0,0.0,0.23479999703389454,0.425081465389945,-0.281049371019625,-3.4921999502164143,0.0,0.0,1.0,7.0,0.0,0.0,0.0,26050904.0,1.0,-18.53464072987702,105.5087734678815,36.67017116546635,3.2934192180633524
2026-05-09 18:06:44+00:00,ITA,ITA,-7.090000003775198,-4.879999919509051,0.0,-1.4400000101895718,1.0199999814265357,3.45000005331631,0.19979858791149052,-4.7828657929542295,-0.11680698701907602,-0.772159555776553,24.77861064361735,4.385139822159564,0.732062866220969,-11.96230793499572,10.520000110607299,-16.67283924987515,39.7790616989136,3.058788671493528,1.0,110.999999673762,0.0,0.0,0.0,148.401610134753,2.97877399921417,115.72379811883961,0.8477999841478425,32.269568,0.999999949564951,1898.22483062744,1897.753763198854,-1149.99997615814,-864.8993372917175,-860.8998060226443,-64.8452951,-2.0,98.8041305541992,-2.01602125167847,121.063293457031,316.670013427734,0.0,0.0,0.24380000056603518,-0.239363125689451,-0.65750138362296,-3.528999856870022,0.0,0.0,1.0,7.0,0.0,0.0,0.0,26050904.0,1.0,-18.0897877771584,105.31450239731899,36.821979904174796,2.894609498977662
2026-05-09 18:06:45+00:00,ITA,ITA,-7.099999998361651,-4.8499999357497,0.0,-1.35000001622283,1.059999981116682,3.45000005331631,0.2006773944678545,-4.78345190856238,-0.1164465931547372,-0.772159555776553,24.780187563542,4.385680004745549,0.732062770171434,-11.93674936712152,10.539999929025498,-15.7688124868052,39.480717658996596,2.7125765562057502,1.0,110.999999673762,0.0,0.0,0.0,144.392289091956,2.62059674263,111.95719741046359,0.3951999960848622,32.2695607,0.999999949564951,1898.161578178404,1897.7266311645521,-1149.99997615814,-864.9783730506899,-860.9784603118899,-64.8452898,-2.0,99.589599609375,-2.01602125167847,121.063293457031,315.670013427734,0.0,0.0,0.3339999883413684,-0.953613402835726,-0.149328772669533,-3.754199859607848,0.0,0.0,1.0,7.0,0.0,0.0,0.0,26050904.0,1.0,-16.94407033068456,105.04177977395,36.8703472137451,2.6037792491912843
2026-05-09 18:06:46+00:00,ITA,ITA,-7.099999998361651,-4.8499999357497,0.0,-1.35000001622283,1.080000012978266,3.45000005331631,0.2012639036122965,-4.783305486382044,-0.11680698701907602,-0.7718014510928034,24.787542823504502,4.38459963957358,0.7320627594992632,-12.01418783211964,10.5499998382346,-15.025603381516799,39.056550979614244,2.420494980812074,1.0,110.999999673762,0.0,0.0,0.0,132.996815141085,2.33401772975922,108.491197425573,0.4735999916355656,32.2695549,0.9999999282206099,1898.152542114256,1897.67246246338,-1149.99997615814,-864.9699211120605,-860.9700679779053,-64.8452844,-2.0,101.362899780273,-2.01602125167847,121.063293457031,314.670013427734,0.0,0.0,0.16399999966341094,1.09756209419298,0.091747790016559,-3.255399938390376,0.0,0.0,1.0,7.0,0.0,0.0,0.0,26050904.0,1.0,-16.034430176645262,104.69731625863301,36.70288982391355,2.347425942420958
2026-05-09 18:06:47+00:00,ITA,ITA,-7.099999998361651,-4.8499999357497,0.0,-1.32000003246348,1.1000000234955079,3.45000005331631,0.202142716838767,-4.78286600639764,-0.11680698701907602,-0.772159555776553,24.773357374372,4.385139822159564,0.7320627594992635,-11.93789376531694,10.5500000089893,-14.24250212949415,38.485284233093296,1.9872820901870702,1.0,110.999999673762,0.0,0.0,0.0,132.024838241057,1.90901441574097,105.44959670891281,0.08219999797586641,32.2695507,0.9999999282206098,1898.152542114256,1897.762751579286,-1149.99997615814,-864.9947524070737,-860.994756221771,-64.8452793,-2.0,102.030044555664,-2.01602125167847,121.063293457031,313.772003173828,0.0,0.0,0.37660000092469936,-0.651593163269194,-0.470099722457175,-2.976399858909508,0.0,0.0,1.0,7.0,0.0,0.0,0.0,26050904.0,1.0,-15.007858208543642,104.292221154054,36.55732440948485,1.941234054565428
2026-05-09 18:06:48+00:00,ITA,ITA,-7.11999998753455,-4.8399999411632475,0.0,-1.2499999849809602,1.1700000069450038,3.460000047902762,0.202289105668566,-4.78359854418612,-0.1164465931547372,-0.7725176604603027,24.79174424361765,4.3845996395735805,0.7315181159459783,-12.00503264655616,10.6000000672989,-13.25148010073945,38.21247482299805,1.6881812381744379,1.0,110.999999673762,0.0,0.0,0.0,122.581473336111,1.72669211626053,102.69000220874159,-0.3809999901117236,32.2695478,0.999999885531928,1898.215794563292,1897.636365890504,-1149.99997615814,-864.9787187576294,-860.9788060188296,-64.8452748,-2.0,103.535179138184,-2.01602125167847,121.063293457031,312.772003173828,0.0,0.0,0.4082000018538534,0.816759730561384,-0.581605922391366,-1.9045999469331787,0.0,0.0,1.0,7.0,0.0,0.0,0.0,26050904.0,1.0,-13.854869001169998,103.84185897075099,36.54618530273435,1.6618042230606078
2026-05-09 18:06:49+00:00,ITA,ITA,-7.1700001312215305,-4.8299999465767955,0.0,-1.1299999859105199,1.2699999954982,3.5000000262485664,0.20228862542089,-4.7843308685312,-0.1164465931547372,-0.772159555776553,24.7791365681835,4.383789664515385,0.731245740808483,-12.085141203255578,10.679999853235799,-12.272052744987551,37.7176231384277,1.34579768657684,1.0,110.999999673762,0.0,0.0,0.0,99.2073092415196,1.34085592031479,101.92279984418221,-1.0432000102751249,32.269546,0.999999885531928,1898.1886863708482,1897.7808475494398,-1149.99997615814,-864.8549079895022,-860.8555674552917,-64.8452709,-2.0,103.599639892578,-2.01602125167847,121.063293457031,311.772003173828,0.0,0.0,0.4566000056410758,-0.83761352539705,-0.123304497951741,-0.37680000006937686,0.0,0.0,1.0,7.0,0.0,0.0,0.0,26050904.0,1.0,-12.70239803439958,103.380442126276,36.404592132568354,1.33202394247055
2026-05-09 18:06:50+00:00,ITA,ITA,-7.190000291149164,-4.8199999519903445,0.0,-1.0799999916339238,1.3100000165326882,3.5499999991808204,0.202142716838767,-4.7838916019902005,-0.1164465931547372,-0.772159555776553,22.92251442062925,4.383519786665804,0.7309736644917638,-12.14999111734918,10.7299999115454,-11.0904825256546,37.600023078918454,1.295003364086152,1.0,110.999999673762,0.0,0.0,0.0,76.9389527735538,1.32202455997467,101.66699969750042,-0.7741999894137295,32.2695457,0.999999885531928,1898.170614242552,1897.699546813966,-1149.99997615814,-864.9184107780457,-860.9187722206116,-64.8452671,-2.0,101.773338317871,-2.01602125167847,121.063293457031,310.772003173828,0.0,0.0,0.39759998848902983,0.880432674994947,0.0686101173266376,0.3483999814529922,0.0,0.0,1.0,7.0,0.0,0.0,0.0,26050904.0,1.0,-11.45814571763824,102.954921340984,36.318612098693805,1.2871838665008561
2026-05-09 18:06:51+00:00,ITA,ITA,-7.20000037111298,-4.809999957403892,0.0,-1.1100000394262999,1.2900000273597878,3.5499999991808204,0.20258188332816401,-4.7838916019902005,-0.11608639138946901,-0.772159555776553,18.30039563568735,4.383249481929401,0.7312458368580182,-12.114132794961339,10.739999820754498,-10.08713200544795,37.33249740600585,1.0410059809684746,1.0,110.999999673762,0.0,0.0,0.0,81.9955398916001,0.996732795238495,103.09579740771039,-0.7845999769534496,32.2695464,0.999999906876269,1898.22483062744,1897.7085828781142,-1149.99997615814,-864.917254447937,-860.9176278114321,-64.8452635,-2.0,101.759536743164,-2.01602125167847,121.063293457031,309.772003173828,0.0,0.0,0.5547999698756628,-0.658126185849458,0.586752736735234,2.3879998939898757,0.0,0.0,1.0,7.0,0.0,0.0,0.0,26050904.0,1.0,-10.3686552421856,102.58973844682049,36.31211471557615,1.0370057344436636
2026-05-09 18:06:52+00:00,ITA,ITA,-7.170000131221532,-4.829999946576796,0.0,-1.1600000123585539,1.2500000063252998,3.5499999991808204,0.203461170132204,-4.7843306550877855,-0.1164465931547372,-0.772159555776553,17.3500192089097,4.383789835270112,0.7312458475301888,-12.18546780291714,10.7100000931272,-9.55919296043864,36.9548509597778,0.6982264816761016,1.0,110.999999673762,0.0,0.0,0.0,62.2931352306463,0.623784720897674,105.47820017511899,-0.03580000231068133,32.2695471,0.9999999922536331,1898.251938819884,1897.771811485292,-1149.99997615814,-864.9922132492065,-860.9922289848325,-64.8452608,-2.0,101.286415100098,-2.01602125167847,121.063293457031,308.772003173828,0.0,0.0,0.3033999964758134,0.455159057173742,0.648440230554439,1.8179999464300742,0.0,0.0,1.0,7.0,0.0,0.0,0.0,26050904.0,2.0,-9.758072359634317,102.3269366732205,36.243081092834444,0.6952757835388184
2026-05-09 18:06:53+00:00,ITA,ITA,-7.1499999712939,-4.8499999357497,0.0,-1.229999974463716,1.1500000177721,3.53000001000792,0.202142716838767,-4.783158850758305,-0.11608639138946901,-0.772159555776553,17.32480300426765,4.383789835270112,0.7315182119955136,-12.180508744070242,10.6900001039543,-9.694442231949115,36.47174434661865,0.19922704651951798,1.0,110.999999673762,0.0,0.0,0.0,44.8417457691699,0.11880174279213,107.0711969990138,0.17659999713788765,32.2695478,0.9999999922536331,1898.288083076476,1897.672486305238,-1149.99997615814,-864.9953603744507,-860.9953761100769,-64.8452593,-2.0,101.395835876465,-2.01602125167847,121.063293457031,307.670013427734,0.0,0.0,0.3742000005164042,-0.500994589063847,-0.155461842317168,1.6235999347024759,0.0,0.0,1.0,7.0,0.0,0.0,0.0,26050904.0,2.0,-9.75516133301006,102.142770867535,36.248864364624,0.19797168821096414
2026-05-09 18:06:54+00:00,ITA,ITA,-7.1499999712939,-4.8399999411632475,0.0,-1.19999999070436,1.1700000069450038,3.54000000459437,0.204046732121507,-4.783012428577975,-0.11680698701907602,-0.772159555776553,17.3190229566825,4.38459963957358,0.731790384361768,-12.02296155161798,10.7000001839181,-9.514141886446879,36.8490783691406,0.4136470569670199,1.0,110.999999673762,0.0,0.0,0.0,287.984052692429,-0.571207845211029,107.88679945006982,0.10980000000322257,32.2695482,0.9999999922536331,1898.251938819884,1897.708582878114,-1149.99997615814,-864.9977684020994,-860.9977722167969,-64.8452595,-2.0,88.0762405395508,-2.01602125167847,121.063293457031,306.772003173828,0.0,0.0,0.0723999993657918,0.412912549568642,0.414217862752055,-0.04799999749374027,0.0,0.0,1.0,7.0,0.0,0.0,0.0,26050904.0,2.0,-9.617126454223959,102.0103710655685,36.4969184875488,0.40920554548501986
2026-05-09 18:06:55+00:00,ITA,ITA,-7.1499999712939,-4.8399999411632475,0.0,-1.2199999798772638,1.1600000123585519,3.54000000459437,0.2030215233951305,-4.78359854418612,-0.1164465931547372,-0.772159555776553,17.336885608909398,4.384059713119692,0.7320627594992635,-12.08132637184938,10.6900001039543,-9.56270026257744,37.7851547241211,1.2126087355613704,1.0,110.999999673762,0.0,0.0,0.0,288.361516266721,-1.32830382585526,107.29700032089859,0.45959999281123204,32.2695488,0.9999999922536331,1898.2971191406239,1897.6995468139662,-1149.99997615814,-864.9698734283447,-860.9700083732605,-64.845262,-2.0,88.5877380371094,-2.01602125167847,121.063293457031,305.772003173828,0.0,0.0,0.399999991565368,-0.221077588703416,-0.71987472448437,-1.1745999899406205,0.0,0.0,1.0,7.0,0.0,0.0,0.0,26050904.0,2.0,-9.920134136373226,101.885918188702,36.62687644958495,1.195135388374328
2026-05-09 18:06:56+00:00,ITA,ITA,-7.1499999712939,-4.8399999411632475,0.0,-1.19999999070436,1.180000001531456,3.5499999991808204,0.2034606965546345,-4.7838916019902005,-0.1164465931547372,-0.772159555776553,17.3689328564951,4.384329761724,0.7309736644917638,-11.97451484908034,10.7000001839181,-9.68245055420069,38.20336475372315,1.6109851169586178,1.0,110.999999673762,0.0,0.0,0.0,294.488660405086,-1.66019275188446,106.05420095612858,-0.3361999936070511,32.2695499,0.9999999922536331,1898.2338666915882,1897.681498527528,-1149.99997615814,-864.9826407432554,-860.9827041625977,-64.8452661,-2.0,88.3938369750976,-2.01602125167847,121.063293457031,304.670013427734,0.0,0.0,0.07819999807355298,0.331652481672104,0.0843347669308474,-0.9449999686673003,0.0,0.0,1.0,7.0,0.0,0.0,0.0,26050904.0,2.0,-10.14627879696196,101.72329821475299,36.645530891418446,1.582031078338624
2026-05-09 18:06:57+00:00,ITA,ITA,-7.1499999712939,-4.8499999357497,0.0,-1.210000006635152,1.180000001531456,3.54000000459437,0.202874660987762,-4.783598330742715,-0.11680698701907602,-0.772159555776553,17.357898685891,4.384329761724,0.7312460396292593,-12.02982811154534,10.7000001839181,-9.777986971442594,38.30252494812015,1.7269742846488938,1.0,110.999999673762,0.0,0.0,0.0,277.380948987171,-1.83764941692352,106.1762004290456,0.11919999915667426,32.2695512,0.9999999922536331,1898.27001094818,1897.690534591676,-1149.99997615814,-864.9940252304075,-860.9940528869629,-64.845271,-2.0,87.9209976196289,-2.01602125167847,121.063293457031,303.772003173828,0.0,0.0,0.45460000619017693,-0.273671859581512,0.420688746619128,1.0315999905147442,0.0,0.0,1.0,7.0,0.0,0.0,0.0,26050904.0,2.0,-10.27646749593902,101.53552265409101,36.62557353973385,1.6966045761108384
2026-05-09 18:06:58+00:00,ITA,ITA,-7.1499999712939,-4.8499999357497,0.0,-1.19999999070436,1.1600000123585519,3.53000001000792,0.202142716838767,-4.7843308685312,-0.1157259975251302,-0.772159555776553,17.34634200581535,4.385950224104588,0.7320626634497283,-12.091244660297878,10.6900001039543,-9.58393830891477,38.4305585861206,2.0653251457214337,1.0,110.999999673762,0.0,0.0,0.0,289.18963572245,-2.1598573923111,106.41219849128599,0.2519999948462646,32.2695521,0.9999999922536331,1898.27001094818,1897.735691070558,-1149.99997615814,-864.9914503097534,-860.9914660453796,-64.8452766,-2.0,87.2298736572266,-2.01602125167847,121.063293457031,302.670013427734,0.0,0.0,0.2291999963035422,-0.128494307802827,-0.118034593460466,-0.7727999954009901,0.0,0.0,1.0,7.0,0.0,0.0,0.0,26050904.0,2.0,-10.167931862668759,101.370105717677,36.43198757171635,2.0308660769462596
2026-05-09 18:06:59+00:00,ITA,ITA,-7.1499999712939,-4.8499999357497,0.0,-1.19999999070436,1.170000006945004,3.53000001000792,0.202728272157963,-4.78345190856238,-0.1164465931547372,-0.772159555776553,17.3505434259285,4.38703067465392,0.7312460396292592,-12.066449195308719,10.6900001039543,-9.43267096314014,38.43255157470705,2.3312767267227175,1.0,110.999999673762,0.0,0.0,0.0,279.318236522597,-2.44618813991547,105.49899810114141,-0.08519999898649382,32.2695535,0.9999999922536331,1898.215794563292,1897.6724386215221,-1149.99997615814,-864.9972081184385,-860.997200012207,-64.845283,-2.0,86.531852722168,-2.01602125167847,121.063293457031,301.670013427734,0.0,0.0,0.2476000056592408,0.0659754118749448,-0.249573911653076,-0.6831999463627498,0.0,0.0,1.0,7.0,0.0,0.0,0.0,26050904.0,1.0,-10.07895447608678,101.198767007253,36.171172142028794,2.2963030815124497
2026-05-09 18:07:00+00:00,ITA,ITA,-7.1499999712939,-4.8499999357497,0.0,-1.189999996117908,1.19999999070436,3.5499999991808204,0.20272827215796302,-4.78389138854679,-0.11680698701907602,-0.772159555776553,17.35317048743805,4.385140249046388,0.7323349318655179,-12.08285223610998,10.7000001839181,-9.357616575671814,38.5006977081299,2.715232801437376,1.0,110.999999673762,0.0,0.0,0.0,285.327792124211,-2.75122139453888,105.0129959907492,0.026600000801132763,32.2695548,0.9999999922536331,1898.233866691588,1897.6363420486462,-1149.99997615814,-864.9992346763613,-860.9992265701294,-64.8452904,-2.0,85.9209671020508,-2.01602125167847,121.063293457031,300.670013427734,0.0,0.0,0.3308000046945778,0.267093693719702,0.141238120112962,-0.7367999972806849,0.0,0.0,1.0,7.0,0.0,0.0,0.0,26050904.0,1.0,-10.1227723594239,101.012193559885,35.8551898956299,2.6745327901840197
2026-05-09 18:07:01+00:00,ITA,ITA,-7.1499999712939,-4.8499999357497,0.0,-1.19999999070436,1.19999999070436,3.5499999991808204,0.2031679122249295,-4.784184232907455,-0.1164465931547372,-0.772159555776553,17.362100959777848,4.385140249046388,0.7315183187172194,-12.04546822021626,10.7000001839181,-9.29718861142424,38.44490604400635,2.93554708957672,1.0,110.999999673762,0.0,0.0,0.0,277.454332539614,-3.01118602752686,104.26199893301441,-0.02800000079612417,32.2695564,0.9999999922536331,1898.1886863708482,1897.6272821426398,-1149.99997615814,-864.9996519088745,-860.9996438026428,-64.8452987,-2.0,85.1883544921875,250.930053710938,405.895080566406,299.670013427734,0.0,0.0,0.13719999688280568,-0.318082896823272,-0.0216415394290447,-0.20439999297383576,0.0,0.0,1.0,7.0,0.0,0.0,0.0,26050904.0,1.0,-10.150405426503742,100.80919692265701,35.56821670532225,2.890168919563294
2026-05-09 18:07:02+00:00,ITA,ITA,-7.1499999712939,-4.8499999357497,0.0,-1.19999999070436,1.19999999070436,3.5499999991808204,0.2031679122249295,-4.7843308685312,-0.11680698701907602,-0.772159555776553,17.3836425226464,4.385410126895968,0.7320629622705044,-12.03249854475608,10.7000001839181,-9.33089516809143,38.38307018280025,3.2725174283981344,1.0,110.999999673762,0.0,0.0,0.0,285.091822748765,-3.42002592086792,104.7207963999426,-0.03420000019030904,32.2695576,0.9999999922536331,1898.279047012328,1897.645401954652,-1149.99997615814,-864.9997711181641,-860.9997630119321,-64.8453078,-2.0,84.593132019043,250.84538269043,396.806335449219,298.670013427734,0.0,0.0,0.4729999995376196,0.263262891410251,-0.109085558213975,0.5528000024412757,0.0,0.0,1.0,7.0,0.0,0.0,0.0,26050904.0,1.0,-10.30004360140658,100.603283794654,35.204064559936555,3.220983180999754
2026-05-09 18:07:03+00:00,ITA,ITA,-7.1499999712939,-4.8499999357497,0.0,-1.19999999070436,1.229999974463716,3.5499999991808204,0.2033143077248355,-4.7846241397786855,-0.1160861992903984,-0.772159555776553,17.74614029869285,4.384329761724,0.7312460396292593,-11.98748503680476,10.7000001839181,-9.526392257610125,38.402356338500994,3.6237975883483884,1.0,110.999999673762,0.0,0.0,0.0,286.301339967748,-3.71597185134888,105.2233972360558,-0.2489999970039376,32.2695597,0.9999999922536331,1898.1977224349962,1897.654414176942,-1149.99997615814,-864.9914503097536,-860.9914779663086,-64.8453178,-2.0,83.391357421875,250.544647216797,397.50927734375,297.670013427734,0.0,0.0,0.10779999671701268,-0.21101921467586,0.226471410435316,0.7671999739933067,0.0,0.0,1.0,7.0,0.0,0.0,0.0,26050904.0,1.0,-10.62365933031964,100.41214778092049,34.8758377075195,3.55898383140564
2026-05-09 18:07:04+00:00,ITA,ITA,-7.1499999712939,-4.8499999357497,0.0,-1.19999999070436,1.19999999070436,3.5499999991808204,0.203314774632298,-4.7838916019902005,-0.1150052097964526,-0.772159555776553,17.77030806929725,4.384869944309984,0.7320627594992632,-12.03173544187104,10.7000001839181,-9.646078943096725,38.30078086853025,3.821168518066404,1.0,110.999999673762,0.0,0.0,0.0,285.104362976082,-3.78900947570801,106.3122004237232,-0.11599999750059586,32.269562,0.9999999922536331,1898.233866691588,1897.645378112794,-1149.99997615814,-864.9981617927551,-860.9981536865237,-64.8453287,-2.0,82.3700256347656,250.112182617188,398.437194824219,296.670013427734,0.0,0.0,0.3526000021778294,-0.0440271092402646,-0.187991765497691,1.3297999451959321,0.0,0.0,1.0,7.0,0.0,0.0,0.0,26050904.0,1.0,-10.83541380685552,100.241263278076,34.5304670333862,3.7458936309814463
2026-05-09 18:07:05+00:00,ITA,ITA,-7.1499999712939,-4.8499999357497,0.0,-1.2199999798772638,1.19999999070436,3.5499999991808204,0.203461170132204,-4.7843308685312,-0.1164465931547372,-0.772159555776553,12.387465866487826,4.385140249046388,0.7320627594992635,-12.03593156858766,10.7000001839181,-9.49058200267857,37.6055883407593,3.6606157779693596,1.0,110.999999673762,0.0,0.0,0.0,282.081567136244,-3.71086664199829,107.54199920642739,0.08580000175661043,32.2695644,0.9999999922536331,1898.1796503067003,1897.681498527528,-1149.99997615814,-864.9974226951599,-860.9974384307859,-64.8453394,-2.0,81.3299865722656,249.796463012695,399.341156005859,295.670013427734,0.0,0.0,0.37459999613771555,0.280956149609625,0.302806164888334,1.3325999385574945,0.0,0.0,1.0,7.0,0.0,0.0,0.0,26050904.0,1.0,-10.544509732179721,100.1105437026455,34.02232875823975,3.5980993652343742
2026-05-09 18:07:06+00:00,ITA,ITA,-7.1499999712939,-4.8499999357497,0.0,-1.24999996363662,1.1600000123585519,3.5499999991808204,0.203753954461909,-4.784038024170535,-0.11680698701907602,-0.7725176604603027,-7.318264829787481,4.384600066460403,0.7320625567280225,-12.09086319423274,10.7000001839181,-9.19251254729921,36.355491828918446,2.9409077739715577,1.0,110.999999673762,0.0,0.0,0.0,273.072055847377,-2.74326918125153,109.20139912943321,0.10219999715392862,32.269566,0.9999999922536331,1898.22483062744,1897.7266550064098,-1149.99997615814,-864.9982452392578,-860.9982490539551,-64.8453494,-2.0,80.4238967895508,249.331985473633,400.134307861328,294.670013427734,0.0,0.0,0.4207999933252341,-0.695885125767728,-0.304265584214895,1.587799946399018,0.0,0.0,1.0,7.0,0.0,0.0,0.0,26050904.0,1.0,-10.057710880220759,100.04310924497051,33.4905492782593,2.90645700931549
2026-05-09 18:07:07+00:00,ITA,ITA,-7.1499999712939,-4.8499999357497,0.0,-1.24999996363662,1.1500000177721,3.5499999991808204,0.202728272157963,-4.78389138854679,-0.11680698701907602,-0.772159555776553,-20.49324750551385,4.385950480236682,0.732062770171434,-12.11947331987338,10.7000001839181,-9.371457100251199,35.5536666870117,2.366783423423766,1.0,110.999999673762,0.0,0.0,0.0,269.198382361496,-2.25832493305206,110.4595992047438,0.09679999156618879,32.2695664,0.9999999922536331,1898.3061552047723,1897.7808475494398,-1149.99997615814,-864.9985909461975,-860.9985828399658,-64.8453576,-2.0,79.8967895507812,249.174346923828,421.214752197266,293.670013427734,0.0,0.0,0.06000000003547599,0.152717920539821,-0.0520876762809652,1.0173999631972641,0.0,0.0,1.0,7.0,0.0,0.0,0.0,26050904.0,1.0,-10.13239831577594,100.03331816879549,33.2039073944092,2.3380984210968014
2026-05-09 18:07:08+00:00,ITA,ITA,-7.1499999712939,-4.8499999357497,0.0,-1.2199999798772638,1.180000001531456,3.5499999991808204,0.202289105668566,-4.784038024170535,-0.1160861992903984,-0.772159555776553,-21.790886117620552,4.384869944309984,0.7315182119955137,-12.08208930397968,10.7000001839181,-9.78728371267663,35.0527038574219,2.03300057888031,1.0,110.999999673762,0.0,0.0,0.0,268.078504545181,-2.00604085922241,111.3721999042792,0.030399999099167317,32.269566,0.9999999922536331,1898.279047012328,1897.6543903350841,-1149.99997615814,-864.999711513519,-860.9997034072876,-64.8453646,-2.0,80.0526733398438,249.308517456055,411.645355224609,292.670013427734,0.0,0.0,0.48079999819653746,-0.23612783049826,-0.0316296222056039,0.7259999687629294,0.0,0.0,1.0,7.0,0.0,0.0,0.0,26050904.0,1.0,-10.467264220025621,100.0507214908,33.0526376724243,1.999646129608152
2026-05-09 18:07:09+00:00,ITA,ITA,-7.1499999712939,-4.8499999357497,0.0,-1.19999999070436,1.180000001531456,3.5499999991808204,0.202874660987762,-4.78403781072712,-0.11680698701907602,-0.772159555776553,-21.7956143160735,4.384869944309984,0.7315180198964433,-11.9996919508894,10.7000001839181,-10.0919319208872,34.5666429519653,1.746527867317198,1.0,110.999999673762,0.0,0.0,0.0,258.962770154342,-1.61043691635132,112.05119993797261,-0.0342000004821262,32.2695656,0.9999999922536331,1898.22483062744,1897.762775421144,-1149.99997615814,-864.9998068809509,-860.9997987747195,-64.8453711,-2.0,79.638427734375,249.32080078125,412.274353027344,291.670013427734,0.0,0.0,0.15959999646916323,0.157314491108894,-0.201581067181666,0.6973999763482721,0.0,0.0,1.0,7.0,0.0,0.0,0.0,26050904.0,1.0,-10.68029150231334,100.082075474185,32.864479637146005,1.713098487854004
2026-05-09 18:07:10+00:00,ITA,ITA,-7.1499999712939,-4.8499999357497,0.0,-1.19999999070436,1.1600000123585519,3.5499999991808204,0.20258188332816401,-4.784184232907455,-0.1164465931547372,-0.772159555776553,-21.7588388700349,4.384869944309984,0.7320627594992632,-12.08437827112528,10.7000001839181,-10.1936210579108,34.3077432632446,1.72991836309433,1.0,110.999999673762,0.0,0.0,0.0,267.306884414266,-1.81568942070007,112.58700095760362,-0.06039999915859349,32.2695647,0.9999999922536331,1898.2519388198841,1897.717618942262,-1149.99997615814,-864.9995088577267,-860.9995007514954,-64.8453769,-2.0,79.1960067749024,249.580780029297,402.709930419922,290.670013427734,0.0,0.0,0.3719999885806152,0.0150304699313211,-0.0244603048051507,0.40819998584559747,0.0,0.0,1.0,7.0,0.0,0.0,0.0,26050904.0,1.0,-10.76086365810266,100.1279572699345,32.64868240356445,1.6975922513008102
2026-05-09 18:07:11+00:00,ITA,ITA,-7.1499999712939,-4.8499999357497,0.0,-1.19999999070436,1.2099999852908119,3.5499999991808204,0.2034606965546345,-4.784184232907455,-0.11680698701907602,-0.772159555776553,-21.75043346848755,4.384329761724,0.7315184147667546,-11.98252580720316,10.7000001839181,-10.115132792837251,34.3714210510254,2.0039942264556876,1.0,110.999999673762,0.0,0.0,0.0,266.871555477326,-2.04513695240021,112.99779995315801,0.025599999908414862,32.2695643,0.9999999922536331,1898.279047012328,1897.744703292848,-1149.99997615814,-864.9965167045597,-860.9965205192566,-64.8453832,-2.0,78.1087951660156,249.661544799805,403.044586181641,289.772003173828,0.0,0.0,0.11540000081695172,0.483887152987933,0.821792832927743,0.43339999013270053,0.0,0.0,1.0,7.0,0.0,0.0,0.0,26050904.0,1.0,-10.81767819614722,100.1861129156225,32.39745254516605,1.966320905685426
2026-05-09 18:07:12+00:00,ITA,ITA,-7.1499999712939,-4.8499999357497,0.0,-1.270000016842544,1.1600000123585519,3.5499999991808204,0.202289105668566,-4.784184232907455,-0.1171671887843442,-0.772159555776553,-21.7467554116195,4.384599895705676,0.7320626634497281,-12.172879422767341,10.7000001839181,-10.4219500129961,34.2495449066162,2.2476889657974244,1.0,110.999999673762,0.0,0.0,0.0,269.053992162442,-2.31598813533783,113.3849938149414,0.3860000034132048,32.2695641,0.9999999922536331,1898.22483062744,1897.8440284729022,-1149.99997615814,-864.9789571762085,-860.9790325164795,-64.8453902,-2.0,77.4863967895508,249.852127075195,403.598785400391,288.772003173828,0.0,0.0,0.47300000220566235,-0.515207305592144,-0.554264941948069,0.4115999846453208,0.0,0.0,1.0,7.0,0.0,0.0,0.0,26050904.0,1.0,-11.242791560655002,100.2477553728825,32.05790977478025,2.19873414516449
2026-05-09 18:07:13+00:00,ITA,ITA,-7.1499999712939,-4.8499999357497,0.0,-1.259999979567412,1.170000006945004,3.5499999991808204,0.202435494498365,-4.78345190856238,-0.11680698701907602,-0.772159555776553,-21.74360413309115,4.384329761724,0.7315182119955136,-12.156476040456642,10.7000001839181,-11.350701633974701,33.64108085632325,1.961228013038636,1.0,110.999999673762,0.0,0.0,0.0,259.045497405569,-1.90596013069153,114.3437966460984,0.029000000229756368,32.2695635,0.9999999922536331,1898.2067584991441,1897.717618942262,-1149.99997615814,-864.9997591972353,-860.9997510910032,-64.8453975,-2.0,77.6619644165039,249.863006591797,414.282043457031,287.772003173828,0.0,0.0,0.13139999852939402,0.969338526017506,0.223992745457689,1.556399965958882,0.0,0.0,1.0,7.0,0.0,0.0,0.0,26050904.0,1.0,-12.18387192921756,100.304906980762,31.73041076660155,1.9025835084915141
2026-05-09 18:07:14+00:00,ITA,ITA,-7.1499999712939,-4.89999990868195,0.0,-1.269999995498204,1.1500000177721,3.5499999991808204,0.20258188332816401,-4.78359854418612,-0.1164465931547372,-0.772159555776553,-21.7320457454682,4.38459963957358,0.731790587133009,-12.17821994767938,10.7000001839181,-12.82986276855825,33.237553024292,1.877753505706788,1.0,110.999999673762,0.0,0.0,0.0,253.361878431148,-1.84906232357025,116.3846011625466,0.17340000015088375,32.269562,0.9999999922536331,1898.1796503066998,1897.8169679641737,-1149.99997615814,-864.9943828582764,-860.9943985939026,-64.8454047,-2.0,77.8467254638672,250.100143432617,415.119964599609,286.772003173828,0.0,0.0,0.35679998955213355,-1.21210575395627,0.621266856550072,2.431399983193196,0.0,0.0,1.0,7.0,0.0,0.0,0.0,26050904.0,1.0,-13.7367366106064,100.366467475752,31.3955612182617,1.7910600256919842
2026-05-09 18:07:15+00:00,ITA,ITA,-7.1499999712939,-4.89999990868195,0.0,-1.34000002163638,1.1200000340127498,3.54000000459437,0.20287514123543848,-4.782719370773901,-0.11680698701907602,-0.7718015471423387,-16.0255840571417,4.3845996395735805,0.731790587133009,-12.32584868092838,10.669999944026701,-14.386360000679801,32.6048864364624,1.512237532138824,1.0,110.999999673762,0.0,0.0,0.0,245.176989541155,-1.46350346803665,118.74119947527079,0.8761999960941192,32.2695599,0.9999999922536331,1898.22483062744,1897.7537155151379,-1149.99997615814,-864.8963451385498,-860.8968019485474,-64.8454118,-2.0,78.4439849853516,250.051635742188,415.8466796875,285.772003173828,0.0,0.0,-0.09679999323371537,0.392196265650876,0.629501556729022,2.3483999512860243,0.0,0.0,1.0,7.0,0.0,0.0,0.0,26050904.0,1.0,-15.16904657484248,100.447606707997,31.12508811950685,1.417847163677214
2026-05-09 18:07:16+00:00,ITA,ITA,-7.1099999929481,-4.89999990868195,0.0,-1.370000005395734,1.0600000024610226,3.50000002624857,0.202435494498365,-4.783305486382044,-0.11680698701907602,-0.772159555776553,-0.2500715816475598,4.385950309481952,0.73179078990425,-13.08611772046144,10.63999987489,-15.4746874656715,32.035197257995605,1.306810555458068,1.0,110.999999673762,0.0,0.0,0.0,242.89488673567,-1.33119267225265,121.7789998746772,1.510399986592342,32.2695567,0.999999949564951,1898.143506050108,1897.7266311645521,-1149.99997615814,-864.6981000900269,-860.6994986534119,-64.8454186,-2.0,79.9596099853516,250.169952392578,406.674774169922,284.772003173828,0.0,0.0,-0.054399998721488915,-0.418821783778613,0.166621277523484,3.0415998628867538,0.0,0.0,1.0,7.0,0.0,0.0,0.0,26050904.0,1.0,-16.22565634887592,100.56767460341649,30.8111795425415,1.2205571293830861
2026-05-09 18:07:17+00:00,ITA,ITA,-7.099999998361651,-4.939999887027758,0.0,-1.41999997832799,0.9999999922536331,3.490000031662118,0.198920254932696,-4.783158850758305,-0.1157259975251302,-0.772159555776553,7.285169628411865,4.385410126895968,0.7315182119955136,-13.494671803590759,10.6000002380536,-16.94129898142885,31.38577823638915,0.5841460664570322,1.0,110.999999673762,0.0,0.0,0.0,217.791673913069,-0.20772350281477,123.46860016211699,1.441199946360698,32.2695529,0.9999999922536331,1898.161578178404,1897.6363420486462,-1149.99997615814,-864.7247433662415,-860.725998878479,-64.8454254,-2.0,80.2615356445312,250.427825927734,407.559906005859,283.670013427734,0.0,0.0,-0.1916000023577776,-0.240855682105657,-0.0431051470941253,0.9387999925142682,0.0,0.0,1.0,7.0,0.0,0.0,0.0,26050904.0,1.0,-17.38326856978932,100.735734823039,30.76495113372805,0.5462779998779294
2026-05-09 18:07:18+00:00,ITA,ITA,-7.099999998361651,-4.94999988161421,0.0,-1.41999997832799,0.9999999922536331,3.4700000424892137,0.2000918391486585,-4.78227989078949,-0.11680698701907602,-0.772159555776553,14.175268735512311,4.385680431632371,0.7312458368580182,-13.273800732060199,10.590000158089799,-18.31249104693385,31.5407026290894,0.8421097540855399,1.0,110.999999673762,0.0,0.0,0.0,197.088865104761,1.11191285848618,124.6457996580228,2.001200027400094,32.2695461,0.9999999922536331,1898.1706142425523,1897.762775421144,-1149.99997615814,-864.4675135612488,-860.469973087311,-64.8454302,-2.0,87.5468139648438,250.934906005859,418.489166259766,282.670013427734,0.0,0.0,-0.038800003488061494,0.782317221011126,0.87105519879049,1.30720000182678,0.0,0.0,1.0,7.0,0.0,0.0,0.0,26050904.0,1.0,-18.86940025393036,100.8961623062645,30.8092792510986,0.7657469791173931
2026-05-09 18:07:19+00:00,ITA,ITA,-7.099999998361651,-4.939999887027758,0.0,-1.4499999834316821,1.1000000021511664,3.45000005331631,0.197162148232079,-4.78242631296982,-0.1171671887843442,-0.772159555776553,23.103237810973198,4.384869944309984,0.7312458368580182,-14.74398563203656,10.5499998382346,-18.914492821321353,32.54373035430905,2.07025204181671,1.0,110.999999673762,0.0,0.0,0.0,178.487924070121,2.39523968696594,125.45899924852878,2.280200000159258,32.269537,0.9999999922536331,1898.1706142425523,1897.744727134706,-1149.99997615814,-864.3029808998108,-860.306191444397,-64.8454326,-2.0,87.2831497192383,251.806274414062,419.340637207031,281.670013427734,0.0,0.0,-0.17559999941347035,-0.539056298461419,-1.26567108563527,-0.026599998299842054,0.0,0.0,1.0,7.0,0.0,0.0,0.0,26050904.0,1.0,-20.273818286917063,101.0423932413,30.66719341278075,1.85013593673706
2026-05-09 18:07:20+00:00,ITA,ITA,-7.099999998361651,-4.94999988161421,0.0,-1.4599999780181316,0.9500000193213779,3.45000005331631,0.19481849288237202,-4.782572948593565,-0.11680698701907602,-0.7725176604603027,24.72712553142745,4.385140249046388,0.7320629622705044,-13.5015385342728,10.539999929025498,-19.3740791750986,33.463116073608404,3.0842836046218878,1.0,110.999999673762,0.0,0.0,0.0,171.790841626653,3.18052632808685,124.507802516032,1.3150000351702542,32.2695263,0.9999999922536331,1898.1977224349962,1897.68147468567,-1149.99997615814,-864.768719673157,-860.7697606086733,-64.8454318,-2.0,88.2581939697266,253.013381958008,419.735260009766,280.670013427734,0.0,0.0,-0.09500000193213773,1.03559925837286,0.0912084918867123,-1.4499999834316841,0.0,0.0,1.0,7.0,0.0,0.0,0.0,26050904.0,1.0,-21.416948457733277,101.143702022164,30.59493770599365,2.739312000274658
2026-05-09 18:07:21+00:00,ITA,ITA,-7.099999998361651,-4.909999903268402,0.0,-1.39999998915509,0.9500000193213779,3.45000005331631,0.19891977468502,-4.782572735150155,-0.11680698701907602,-0.7721596518260883,24.719246054446252,4.385680175500278,0.731790384361768,-11.77500638946212,10.5499998382346,-20.1537905188588,33.4110803604126,2.869096369743346,1.0,110.999999673762,0.0,0.0,0.0,170.249513817791,2.70912873744965,122.83199921071518,1.169599992647396,32.2695151,0.9999999495649508,1898.1886863708482,1897.663426399232,-1149.99997615814,-864.8179888725281,-860.8188271522524,-64.8454298,-2.0,88.9606170654297,254.360153198242,420.034515380859,279.670013427734,0.0,0.0,0.3762000053033882,-0.6589400989386,-0.572086026070543,-2.20659988803127,0.0,0.0,1.0,7.0,0.0,0.0,0.0,26050904.0,1.0,-22.14013059460152,101.172720080853,30.6983327865601,2.5550754404067977
2026-05-09 18:07:22+00:00,ITA,ITA,-7.099999998361651,-4.879999919509052,0.0,-1.360000010809282,0.989999997667182,3.45000005331631,0.2000918391486585,-4.78271958421731,-0.1164465931547372,-0.7718015471423387,24.736584489654298,4.385950480236682,0.7323349318655177,-10.60885301699164,10.5499998382346,-20.49088426006105,33.0017847061157,2.362666125297546,1.0,110.999999673762,0.0,0.0,0.0,167.677674387715,2.31731336116791,119.8794013230914,1.287599962918466,32.2695053,0.9999999282206101,1898.1977224349962,1897.67246246338,-1149.99997615814,-864.7784471511843,-860.7794642448429,-64.845428,-2.0,89.8597946166992,255.886932373047,420.126129150391,278.670013427734,0.0,0.0,0.11139999983074589,-0.171443911345829,0.756915800848701,-3.469399839615902,0.0,0.0,1.0,7.0,0.0,0.0,0.0,26050904.0,1.0,-22.065038128828583,101.11814345428999,30.792293357849097,2.133817949295044
2026-05-09 18:07:23+00:00,ITA,ITA,-7.099999998361651,-4.8899999140955,0.0,-1.35000001622283,0.9999999922536331,3.45000005331631,0.1995058102518925,-4.783305486382044,-0.11680698701907602,-0.772159555776553,24.73342894225775,4.385679748613454,0.7323351346367588,-10.6557741967781,10.5499998382346,-19.6405385149991,33.05333461761475,1.8931506299972518,1.0,110.999999673762,0.0,0.0,0.0,173.15511727185,1.73748382329941,116.4495972426884,1.2616000047413352,32.269497,1.0000000349423162,1898.1977224349962,1897.68147468567,-1149.99997615814,-864.7731781005859,-860.7742190361021,-64.8454261,-2.0,90.4257049560547,257.126159667969,420.087829589844,277.670013427734,0.0,0.0,0.4198000002698916,-0.0106446780662196,-1.48059664824806,-2.9309998049398436,0.0,0.0,1.0,7.0,0.0,0.0,0.0,26050904.0,1.0,-20.8606787271978,100.98342138800601,31.2519681930542,1.760512046813966
2026-05-09 18:07:24+00:00,ITA,ITA,-7.109999992948099,-4.85999993033615,0.0,-1.32000003246348,1.050000007874571,3.45000005331631,0.20082425687522298,-4.783598330742715,-0.11680698701907602,-0.772159555776553,24.71189079448375,4.386220358086262,0.7323349318655177,-10.408581966752541,10.5699999981622,-19.0577918976555,32.87926654815675,1.720665428638456,1.0,110.999999673762,0.0,0.0,0.0,164.616451903607,1.7373880147934,113.7548007471732,0.2583999968244,32.2694892,1.00000009897534,1898.143506050108,1897.7356672287,-1149.99997615814,-864.9894118309021,-860.9894394874575,-64.8454247,-2.0,91.2522506713867,258.420043945312,420.227600097656,276.670013427734,0.0,0.0,-0.007199999890865188,-0.466969788270017,0.208824256012839,-2.82259987899064,0.0,0.0,1.0,7.0,0.0,0.0,0.0,26050904.0,1.0,-20.086319690425917,100.790560751507,31.272486877441402,1.6358072662353522
2026-05-09 18:07:25+00:00,ITA,ITA,-7.129999982121001,-4.8499999357497,0.0,-1.30000004329058,1.0699999970474738,3.45000005331631,0.20141029244209552,-4.78359854418612,-0.11680698701907602,-0.772159555776553,22.767008088700948,4.385680004745549,0.7320627594992632,-10.44367684474588,10.590000158089799,-18.138927402387353,32.41832485198975,1.4011189770698542,1.0,110.999999673762,0.0,0.0,0.0,168.668079138123,1.27406215667725,111.00339974193062,0.5867999984426399,32.2694825,1.00000009897534,1898.1886863708482,1897.71764278412,-1149.99997615814,-864.9539113044739,-860.9540939331055,-64.8454229,-2.0,91.7022094726562,259.540344238281,420.221038818359,275.670013427734,0.0,0.0,0.31339999873288715,0.165275530153793,-0.114847136273892,-2.509999836482316,0.0,0.0,1.0,7.0,0.0,0.0,0.0,26050904.0,1.0,-18.9481410652485,100.5464258849085,31.06514225006105,1.347598457336426
2026-05-09 18:07:26+00:00,ITA,ITA,-7.129999982121001,-4.8499999357497,0.0,-1.269999995498204,1.0800000129782659,3.45000005331631,0.201849458931493,-4.783158850758305,-0.1164465931547372,-0.772159555776553,18.38918126470835,4.385680004745549,0.7320627594992635,-10.406293170361659,10.580000078126,-17.49648493169785,32.04942626953125,1.0713520646095263,1.0,110.999999673762,0.0,0.0,0.0,165.849943086576,1.00741496086121,108.7933991454004,0.04060000054260634,32.2694768,1.00000009897534,1898.1796503066998,1897.7898836135878,-1149.99997615814,-864.9918079376221,-860.9918236732481,-64.8454216,-2.0,92.2373962402344,260.421966552734,410.311859130859,274.670013427734,0.0,0.0,0.0015999971594807428,-0.221179574633503,-0.738470448108258,-1.904599957605346,0.0,0.0,1.0,7.0,0.0,0.0,0.0,26050904.0,1.0,-18.088633816698138,100.264817185429,31.03204936981205,1.0407383823394776
2026-05-09 18:07:27+00:00,ITA,ITA,-7.1499999712939,-4.8499999357497,0.0,-1.19999999070436,1.150000017772102,3.45000005331631,0.202142716838767,-4.78389138854679,-0.1164465931547372,-0.772159555776553,14.83984784930185,4.385950309481952,0.7323350385872235,-10.397900746173761,10.620000056471799,-16.89461976109365,31.7753911972046,0.7305241298675536,1.0,110.999999673762,0.0,0.0,0.0,172.957916050133,0.630280441045761,107.060596545422,-0.18160000243524102,32.2694722,1.00000009897534,1898.27001094818,1897.699594497682,-1149.99997615814,-864.9951815605161,-860.9951853752139,-64.8454205,-2.0,92.4045639038086,261.065124511719,410.492431640625,273.670013427734,0.0,0.0,0.29060000519274487,0.220321999026483,0.0810151682621956,-1.626599924540674,0.0,0.0,1.0,7.0,0.0,0.0,0.0,26050904.0,1.0,-17.28073581902588,99.95636925760584,31.0635492324829,0.7103388011455536
2026-05-09 18:07:28+00:00,ITA,ITA,-7.1499999712939,-4.8499999357497,0.0,-1.1899999961179077,1.170000006945004,3.460000047902762,0.20287514123543848,-4.78345190856238,-0.11680698701907602,-0.772159555776553,10.718399005994865,4.384599468818853,0.7320627594992632,-10.384930729204081,10.620000056471799,-16.139982895550247,31.8319278717041,0.6035219514369967,1.0,110.999999673762,0.0,0.0,0.0,171.749054529311,0.578819364309311,105.8774001434252,-0.2798000013543828,32.2694682,1.00000009897534,1898.152542114256,1897.717618942262,-1149.99997615814,-864.9894118309021,-860.9894514083862,-64.8454199,-2.0,92.7217559814453,261.544708251953,410.661315917969,272.670013427734,0.0,0.0,0.24539999905953702,0.485644806121301,0.261870386593214,-0.6711999736697413,0.0,0.0,1.0,7.0,0.0,0.0,0.0,26050904.0,1.0,-16.431292854217503,99.63292906455435,31.21622829437255,0.5887914901971818
2026-05-09 18:07:29+00:00,ITA,ITA,-7.1499999712939,-4.8499999357497,0.0,-1.189999996117908,1.1600000123585519,3.45000005331631,0.20258188332816401,-4.783305486382044,-0.1164465931547372,-0.772159555776553,8.57755646537711,4.3845996395735805,0.7320627594992635,-10.42765509925508,10.620000056471799,-15.330393743039501,31.4469120025635,0.1338034558296205,1.0,110.999999673762,0.0,0.0,0.0,193.259259999405,0.0273486630991101,105.34060055013761,-0.1227999977680857,32.269465,1.00000009897534,1898.152542114256,1897.708606719972,-1149.99997615814,-864.9974346160889,-860.9974503517153,-64.8454198,-2.0,92.1826705932617,261.972229003906,430.942047119141,271.670013427734,0.0,0.0,0.413800004585238,0.230536840414928,-0.403744994959457,-0.6633999723427804,0.0,0.0,1.0,7.0,0.0,0.0,0.0,26050904.0,1.0,-15.3594988866402,99.32538272170166,31.325976562500003,0.13110230237245551
2026-05-09 18:07:30+00:00,ITA,ITA,-7.1399999767074505,-4.879999919509051,0.0,-1.2600000222560919,1.1200000340127498,3.4700000424892137,0.20272875240563948,-4.78330527293864,-0.1164465931547372,-0.772159555776553,8.849693400025226,4.3848695174231604,0.7317902883122328,-8.550442663428917,10.6100001472627,-14.36909413623165,31.80941791534425,0.22961708486080162,1.0,110.999999673762,0.0,0.0,0.0,212.625072938061,-0.282329052686691,104.6489974513872,-0.4835999968941872,32.2694629,1.00000009897534,1898.1796503066998,1897.717618942262,-1149.99997615814,-864.9689793586731,-860.9691143035889,-64.8454208,-2.0,91.3213195800781,262.241607666016,421.036224365234,270.670013427734,0.0,0.0,0.4181999857681338,-0.608858323818864,0.00516639527558998,-0.5433999732723442,0.0,0.0,1.0,7.0,0.0,0.0,0.0,26050904.0,1.0,-14.4115857675867,99.03741511610475,31.5799856185913,0.2263021963834762
2026-05-09 18:07:31+00:00,ITA,ITA,-7.11999998753455,-4.829999946576794,0.0,-1.250000006325298,1.1100000394262999,3.460000047902762,0.20258188332816401,-4.784184232907455,-0.1164465931547372,-0.772159555776553,8.846540413949619,4.384869944309984,0.7315183187172194,-5.734051639837228,10.6000002380536,-12.966888316139801,32.01581325531005,0.2773929324746132,1.0,110.999999673762,0.0,0.0,0.0,213.857635215303,-0.326396942138672,104.25359780033541,0.042599997909096715,32.2694607,1.00000009897534,1898.260974884032,1897.780823707582,-1149.99997615814,-864.9934887886045,-860.993504524231,-64.8454223,-2.0,90.4385299682617,262.848968505859,421.450347900391,269.670013427734,0.0,0.0,0.15119999770817127,-0.208392526692314,0.594864013261448,-0.21699999778542978,0.0,0.0,1.0,7.0,0.0,0.0,0.0,26050904.0,1.0,-13.0140715190583,98.7782845691836,31.7604789733887,0.2745960670709608
2026-05-09 18:07:32+00:00,ITA,ITA,-7.099999998361651,-4.8499999357497,0.0,-1.31000003787703,1.10000004483985,3.45000005331631,0.202435494498365,-4.78389138854679,-0.1164465931547372,-0.772159555776553,8.861250080100884,4.3848695174231604,0.7323349318655179,-4.239834719266172,10.5699999981622,-12.07698851870755,32.1172359466553,0.3180336052179336,1.0,110.999999673762,0.0,0.0,0.0,209.429282066925,-0.29940265417099,104.34419889363778,0.40399999046716567,32.2694583,1.00000009897534,1898.1977224349962,1897.6995468139662,-1149.99997615814,-864.977240562439,-860.9773397445676,-64.845424,-2.0,91.5242538452148,262.967620849609,421.601165771484,268.772003173828,0.0,0.0,0.0179999990601526,0.612333716167636,-0.486323182644101,0.2149999996685525,0.0,0.0,1.0,7.0,0.0,0.0,0.0,26050904.0,1.0,-12.16661221193966,98.555613572052,31.80669021606445,0.3156322342157364
2026-05-09 18:07:33+00:00,ITA,ITA,-7.099999998361651,-4.8499999357497,0.0,-1.34000002163638,1.10000004483985,3.460000047902762,0.202874660987762,-4.783159064201721,-0.1171671887843442,-0.772159555776553,8.873333111629465,4.385139822159564,0.7312459435797241,-3.9525879120701135,10.5699999981622,-11.32432387028695,32.39665088653565,0.4929309868812564,1.0,110.999999673762,0.0,0.0,0.0,218.678068542796,-0.571356117725372,104.73959991072782,-0.1210000014639279,32.2694556,1.00000009897534,1898.233866691588,1897.8169679641737,-1149.99997615814,-864.9965167045593,-860.9965085983274,-64.845426,-2.0,90.7375869750976,263.361389160156,421.985992431641,267.772003173828,0.0,0.0,0.2385999987920472,-0.0137617656280445,-0.0306253242634542,0.60320000834744,0.0,0.0,1.0,7.0,0.0,0.0,0.0,26050904.0,1.0,-11.47360038667322,98.37172097393321,31.94647064208985,0.48895270228385923
2026-05-09 18:07:34+00:00,ITA,ITA,-7.099999998361651,-4.8499999357497,0.0,-1.31000003787703,1.10000004483985,3.45000005331631,0.201849458931493,-4.783744966366455,-0.1164465931547372,-0.772159555776553,8.91903860312107,4.3845996395735805,0.7323351346367588,-2.824963337886878,10.580000078126,-10.7522041735182,32.95076007843015,0.9473968434333813,1.0,110.999999673762,0.0,0.0,0.0,228.471398680436,-0.937934696674347,105.00579697136399,0.275999997261693,32.2694526,1.00000009897534,1898.170614242552,1897.699546813966,-1149.99997615814,-864.9873375892641,-860.9873890876772,-64.8454293,-2.0,86.8695297241211,263.704345703125,422.340972900391,266.772003173828,0.0,0.0,0.7354000112720731,-0.391379631158236,0.321223636583141,-0.014200003305095998,0.0,0.0,1.0,7.0,0.0,0.0,0.0,26050904.0,1.0,-11.0488191401138,98.2237141897136,32.0655744552612,0.9388915693759923
2026-05-09 18:07:35+00:00,ITA,ITA,-7.099999998361651,-4.8499999357497,0.0,-1.32000003246348,1.090000028909058,3.460000047902762,0.20214223659109098,-4.78330527293864,-0.11680698701907602,-0.772159555776553,9.06036162035098,4.384600066460403,0.7317902883122329,-3.0889403735996197,10.580000078126,-10.13161190487035,33.1726718902588,1.18791359424591,1.0,110.999999673762,0.0,0.0,0.0,237.171543381036,-1.22665014266968,104.83499716286519,0.4313999986859298,32.2694499,1.00000009897534,1898.1254339218117,1897.645378112794,-1149.99997615814,-864.9742484092712,-860.9743475914001,-64.8454335,-2.0,84.7195053100586,264.012969970703,422.8056640625,265.772003173828,0.0,0.0,-0.144799997064057,0.295896814893058,-0.481845513395481,-0.35719999050953033,0.0,0.0,1.0,7.0,0.0,0.0,0.0,26050904.0,1.0,-10.52219362585922,98.09748546366255,32.0268716812134,1.176662864685058
2026-05-09 18:07:36+00:00,ITA,ITA,-7.099999998361651,-4.8499999357497,0.0,-1.35000001622283,1.10000004483985,3.45000005331631,0.2027287457355325,-4.78389138854679,-0.11680698701907602,-0.772159555776553,9.370323288848976,4.386490662822665,0.7323351346367588,-2.5487793027121226,10.580000078126,-9.787964597159515,33.374351692199696,1.481483838558196,1.0,110.999999673762,0.0,0.0,0.0,240.938310746028,-1.53276754617691,104.93239702646761,-0.006999999078661623,32.2694469,1.00000009897534,1898.143506050108,1897.6634502410902,-1149.99997615814,-864.9994850158691,-860.9994769096375,-64.8454385,-2.0,84.9378128051758,264.387268066406,413.418640136719,264.772003173828,0.0,0.0,0.3159999906152372,-0.175384516950316,-0.0161468540124944,0.4657999803034448,0.0,0.0,1.0,7.0,0.0,0.0,0.0,26050904.0,1.0,-10.26643514333136,97.98124247417815,31.93473415374755,1.466941566467286
2026-05-09 18:07:37+00:00,ITA,ITA,-7.099999998361651,-4.8499999357497,0.0,-1.31000003787703,1.10000004483985,3.460000047902762,0.203021049817561,-4.783744966366455,0.1209913156510986,-0.9050100648505218,9.49798592773886,3.6910794347894615,1.4681928859770987,-2.432049534183264,10.5699999981622,-9.42083083021393,33.3439727783203,1.4483121871948241,1.0,110.999999673762,0.0,0.0,0.0,238.879090673539,-1.41889414787292,104.9582014811518,0.11359999175621491,32.2694441,1.00000009897534,1898.4055042266841,1897.862124443056,-1149.0317583084081,-864.9981260299685,-860.9981179237363,-64.845444,-2.0,83.7160949707031,264.76025390625,414.088287353516,263.772003173828,62.0784997940064,56.0657143592834,0.23760000040061904,0.255911313346643,-0.115211177352526,-0.2857999983730577,0.0,0.0,1.0,7.0,0.0,0.0,0.0,26050904.0,1.0,-9.84259185249972,97.8852817314341,31.92378559112545,1.434812994003296
2026-05-09 18:07:38+00:00,ITA,ITA,-7.099999998361651,-4.8299999465767955,0.0,-1.30000004329058,1.10000004483985,3.45000005331631,0.2030215300652375,-4.782719370773901,0.4939020032358294,-1.128814798679136,9.818456696048571,2.6110998270013424,2.5130405940121237,-2.231014954172352,10.5699999981622,-8.392437848302254,33.5288675308228,1.64182137966156,1.0,110.999999673762,0.0,0.0,0.0,246.709520066365,-1.69252699613571,104.5260007708516,0.2846000075070592,32.2694415,1.00000009897534,1898.76687526703,1897.89824485779,-348.6013822257517,-489.6639883518218,-317.64276698231714,-64.8454495,-2.0,82.4050445556641,264.994506835938,414.574798583984,262.670013427734,62.1294677257538,57.332181930542,0.385799993596357,-0.69306735256998,0.178033256306319,-0.7007999538036548,0.0,0.0,1.0,7.0,0.0,0.0,0.0,26050904.0,1.0,-8.803710858985406,97.80665259370889,31.938290977478,1.6322139000892641
2026-05-09 18:07:39+00:00,ITA,ITA,-7.099999998361651,-4.8499999357497,0.0,-1.30000004329058,1.1000000234955079,3.45000005331631,0.204046732121507,-4.782426526413236,0.509754840282917,-1.1180721917751761,10.27026559879527,2.617851383618536,2.520663426635316,-2.022732518923678,10.5499998382346,-7.049911659857005,34.09611225128175,2.113217082023622,1.0,110.999999673762,0.0,0.0,0.0,254.029652365922,-2.17318754196167,103.7354009102714,0.0733999995914993,32.2694395,1.00000009897534,1898.784947395326,1897.871136665346,111.92131936550152,-683.8738322257997,-3.547036647796537,-64.8454558,-2.0,80.3762130737305,265.325653076172,435.195983886719,261.670013427734,62.0784997940064,57.3419868946076,0.044199998737135975,0.94829460646299,-0.51222475408067,-0.6219999652996824,0.0,0.0,1.0,7.0,0.0,0.0,0.0,26050904.0,1.0,-7.533963153599672,97.7491731367486,32.00222454071045,2.109251060485842
2026-05-09 18:07:40+00:00,ITA,ITA,-7.099999998361651,-4.8199999519903445,0.0,-1.30000004329058,1.1200000340127498,3.45000005331631,0.2031679188950365,-4.783158850758305,0.5075930533940964,-1.129172914035054,11.52535213237285,2.618121560288892,2.5201189751811,-1.8621337046719582,10.530000019816399,-6.43476134443039,34.048974037170396,2.163090677261354,1.0,110.999999673762,0.0,0.0,0.0,258.376330112204,-2.20285341739654,103.1269977118388,-0.0586000008534038,32.269438,1.00000009897534,1898.8210916519183,1897.8440284729018,144.64036822319002,-698.04847240448,-97.1509167924522,-64.8454628,-2.0,79.5364837646484,265.726745605469,435.810150146484,260.670013427734,62.045168876648,60.3042662143707,0.40359999484585407,-0.808339708140345,-0.10785811852525,-0.8037999695476433,0.0,0.0,1.0,7.0,0.0,0.0,0.0,26050904.0,1.0,-6.927187247737041,97.7021711899752,31.90294246673585,2.160857663154604
2026-05-09 18:07:41+00:00,ITA,ITA,-7.099999998361651,-4.8499999357497,0.0,-1.2900000273597878,1.1300000285991998,3.390000043108926,0.202435494498365,-5.805928452548935,0.510115239483341,-1.1270243286212378,13.13610454527955,2.61812134684548,2.520663426635316,-1.5016448153264659,10.49000021222528,-5.954401610622796,34.1384267807007,2.290030446052552,1.0,110.999999673762,0.0,0.0,0.0,255.193079468385,-2.29876019954681,102.6687999355202,0.0447999991727151,32.2694365,1.00000009897534,1898.875308036806,1898.25944900513,33.18014112301178,-768.6257362365725,22.579142265021794,-64.8454699,-2.0,79.2653350830078,265.988250732422,426.319152832031,259.670013427734,62.0608508586884,62.788188457489,0.1667999996950819,0.663206032322949,0.01762063407859,0.08500000200960137,0.0,0.0,1.0,7.0,0.0,0.0,0.0,26050904.0,1.0,-6.418869884797976,97.65358463931429,31.89368476867675,2.286417059898376
2026-05-09 18:07:42+00:00,ITA,ITA,-7.099999998361651,-4.8499999357497,0.0,-1.2900000273597878,1.1100000394262999,3.34999989400839,0.205658436652112,-5.806807625961165,0.5083137450732382,-1.1306052473926862,13.166049802148152,2.6170410243621958,2.5201189751811,-1.4936340066140779,10.44999989237,-5.557706144619155,33.9643346786499,2.1737576723098764,1.0,110.999999673762,0.0,0.0,0.0,262.188286008745,-2.14698214530945,102.8132010628768,-0.1020000020113152,32.2694349,1.00000009897534,1898.8481998443617,1898.2233524322542,231.08598589897178,-783.0902695655823,-61.18688397109507,-64.8454772,-2.0,78.8675003051758,266.47216796875,427.108642578125,258.670013427734,62.0686948299408,62.7862274646759,0.23700000029854543,-0.265223742671426,0.0334426839145919,0.2061999932800574,0.0,0.0,1.0,7.0,0.0,0.0,0.0,26050904.0,1.0,-5.98332135727623,97.616670881945,31.7721965789795,2.170061073303224
2026-05-09 18:07:43+00:00,ITA,ITA,-7.099999998361651,-4.8499999357497,0.0,-1.2900000273597878,1.1200000340127498,3.3099999156625897,0.204925538677871,-5.80710068376524,0.5050712621751627,-1.132037623439006,13.165000941223749,2.618391523515836,2.52120787808953,-1.2399566400376174,10.42000016474276,-4.962482906096049,34.0685983657837,2.39427044391632,1.0,110.999999673762,0.0,0.0,0.0,256.983599898925,-2.31273493766785,102.91039875287939,0.14060000310302287,32.2694339,1.00000009897534,1898.7849473953258,1898.205280303958,-4.346777871251109,-756.2101840972903,-48.24632331728936,-64.8454844,-2.0,77.7613220214844,266.790924072266,417.780700683594,257.670013427734,62.0647728443146,62.8058314323425,0.3895999933534776,0.0182403603539562,0.342737291725653,-0.3235999954655634,0.0,0.0,1.0,7.0,0.0,0.0,0.0,26050904.0,1.0,-5.388687478701128,97.6025289752685,31.6658781051636,2.3914344263076783
2026-05-09 18:07:44+00:00,ITA,ITA,-7.099999998361651,-4.8499999357497,0.0,-1.31000003787703,1.10000004483985,3.2599999427303326,0.205804825481911,-5.807833008110315,0.5032697677650599,-1.1320376234390062,13.1739309866767,2.6181214322228437,2.521207792712166,-1.4448058380113018,10.360000026469319,-4.422824964018285,33.88053131103515,2.1439223241806022,1.0,110.999999673762,0.0,0.0,0.0,262.861742660908,-2.10021107196808,102.7342003628606,0.14659999937131069,32.2694327,1.00000009897534,1898.8481998443622,1898.214292526248,184.61093902587896,-724.4006872177125,5.084377387538562,-64.8454916,-2.0,76.9470291137695,267.174407958984,418.347259521484,256.670013427734,62.0432078838348,62.813675403595,0.0030000003436167415,0.12482368143354,-0.370628582644812,0.2045999947865554,0.0,0.0,1.0,7.0,0.0,0.0,0.0,26050904.0,1.0,-4.738122888560084,97.60391550366995,31.7298837661743,2.142725672721864
2026-05-09 18:07:45+00:00,ITA,ITA,-7.099999998361651,-4.8499999357497,0.0,-1.30000004329058,1.1000000234955079,3.2399999535574304,0.2063908610487835,-5.80710068376524,0.504710766925204,-1.124875913962154,13.153442126714001,2.617311201032552,2.520663341257952,-0.9645354729601289,10.34000003729642,-3.553210614977555,33.717171478271496,1.9801535940170278,1.0,110.999999673762,0.0,0.0,0.0,258.206613571708,-1.94398612976074,103.04959664212637,0.4089999984325615,32.2694315,1.00000009897534,1898.8391637802138,1898.178195953372,68.71065571904174,-709.214103221893,-94.6929071098564,-64.8454983,-2.0,77.5043411254883,267.377502441406,438.914306640625,255.669998168945,62.045168876648,62.8058314323425,0.29319999740860003,-0.0589997009889924,0.547926259594032,0.09040000192775052,0.0,0.0,1.0,7.0,0.0,0.0,0.0,26050904.0,1.0,-3.8035297056051625,97.63296088311546,31.71799793243405,1.9798843860626198
2026-05-09 18:07:46+00:00,ITA,ITA,-7.099999998361651,-4.8499999357497,0.0,-1.330000005705588,1.079999970289584,3.05000005641486,0.20507240775534602,-5.80710068376524,0.5147990096901655,-1.127024392654262,13.154493548959351,2.6173111156551876,2.52093560967374,-1.3044249653361135,10.1500000547765,-3.06940665155928,33.5517946243286,1.8728907680511462,1.0,110.999999673762,0.0,0.0,0.0,245.827824606787,-1.84601404666901,102.737599064992,0.035200000207575514,32.2694302,1.00000009897534,1898.8481998443617,1898.223328590396,187.40497529506678,-691.1646008491514,21.367062209174037,-64.8455044,-2.0,76.9123458862305,267.666381835938,429.325012207031,254.669998168945,62.0530128479004,62.8077924251556,0.2652000024279752,0.227658075762326,-0.349883617268617,-0.15279999219960966,0.0,0.0,1.0,7.0,0.0,0.0,0.0,26050904.0,1.0,-3.276979280742794,97.68760581157014,31.700907325744602,1.8728328323364258
2026-05-09 18:07:47+00:00,ITA,ITA,-7.099999998361651,-4.8499999357497,0.0,-1.300000021946238,1.090000028909058,3.010000078069061,0.20595121431170998,-5.80695426158491,0.5108358351129481,-1.130605332770054,13.1623721721669,2.61758120694818,2.520118889803738,-0.7547271200900235,10.11999981488504,-2.423453783801485,33.48212242126465,1.8441128969192502,1.0,110.999999673762,0.0,0.0,0.0,255.933663219711,-1.90587000846863,103.6459951000736,0.44140000594558365,32.2694282,1.00000009897534,1898.793983459474,1898.2955694198638,56.16995021700857,-665.5319094657898,-90.48837050795562,-64.8455105,-2.0,76.7394104003906,267.891052246094,430.035095214844,253.669998168945,62.0510518550873,62.8019154071808,0.2621999885773923,-0.549923556317732,0.918144337197556,1.2087999824186224,0.0,0.0,1.0,7.0,0.0,0.0,0.0,26050904.0,1.0,-2.578412163803588,97.75841096760105,31.661524772644,1.843934841156008
2026-05-09 18:07:48+00:00,ITA,ITA,-7.099999998361651,-4.85999993033615,0.0,-1.360000010809282,1.0099999868400844,2.620000075754052,0.204486365518367,-5.807833008110315,0.498585794786995,-1.127024392654264,13.16499923367645,2.618121432222844,2.519846621387946,-1.4692198816250381,9.719999860672292,-2.065412599466775,33.479274559021,1.862036039829254,1.0,110.999999673762,0.0,0.0,0.0,246.664823308437,-1.78085664510727,103.9291979657058,0.050999994002045676,32.2694268,1.00000009897534,1898.81205558777,1898.277497291568,160.238879919052,-672.5488185882571,2.7425848878920123,-64.8455168,-2.0,75.4688568115234,268.007873535156,430.536926269531,252.669998168945,62.0549738407135,62.8175973892212,0.04740000039321436,0.214406695019495,-0.621400365404005,0.2106000091475071,0.0,0.0,1.0,7.0,0.0,0.0,0.0,26050904.0,1.0,-2.247645995225824,97.87450027782921,31.5970212936401,1.861800692081454
2026-05-09 18:07:49+00:00,ITA,ITA,-7.099999998361651,-4.8499999357497,0.0,-1.300000000601896,1.039999991943779,2.60000008658115,0.20580482548191148,-5.807247105945575,0.5043504744464858,-1.13955734155007,13.178132833676749,2.61758120694818,2.52039124359689,-0.60366512688764,9.700000042254121,-1.86763017134048,33.1618709564209,1.53575449705124,1.0,110.999999673762,0.0,0.0,0.0,250.405526671556,-1.6853163599968,104.9670001308406,0.4340000115791156,32.2694244,1.00000009897534,1898.757839202882,1898.232340812686,104.24430668354037,-701.4619350433347,-45.482778735458865,-64.8455224,-2.0,77.6461639404297,268.018157958984,431.206634521484,251.669998168945,62.0471298694611,62.8117144107819,0.444800002744275,-0.287240964182668,0.307192933924054,1.1235999792633091,0.0,0.0,1.0,7.0,0.0,0.0,0.0,26050904.0,1.0,-1.9992692823321216,98.00519936269194,31.64614906311035,1.5357311296462999
2026-05-09 18:07:50+00:00,ITA,ITA,-7.099999998361651,-4.869999924922601,0.0,-1.379999999982186,1.0099999868400844,2.569999974755754,0.2044863721884735,-5.80768658592998,0.5021885915081298,-1.1377669568695399,13.166049802148152,2.6178514689959,2.520391158219526,-1.029385360915252,9.660000234663045,-1.9410968599919,33.116677665710455,1.4835257291793822,1.0,110.999999673762,0.0,0.0,0.0,232.836558918612,-1.29767632484436,105.24000005989039,0.36799998967881764,32.2694223,1.00000009897534,1898.748803138734,1898.123979568484,143.5693591833116,-690.9541606903078,-39.47133398614823,-64.8455279,-2.0,76.931884765625,268.270202636719,421.842529296875,250.669998168945,62.0432078838348,62.8038763999939,0.19559999458946842,0.84921412145464,0.513015561920511,0.26420000937263244,0.0,0.0,1.0,7.0,0.0,0.0,0.0,26050904.0,1.0,-2.09566830977752,98.16608788368625,31.6603368759155,1.483149425983428
2026-05-09 18:07:51+00:00,ITA,ITA,-7.099999998361651,-4.879999919509051,0.0,-1.3899999945686379,0.9800000030807311,2.54999990020549,0.20595121431171048,-5.808272701538135,0.49714451815041666,-1.1323956534175619,13.15396890505375,2.61758120694818,2.5201188898037357,-1.6900908337606855,9.630000165526326,-2.019187266546305,32.566269493103,1.0543394136428839,1.0,110.999999673762,0.0,0.0,0.0,230.595710455715,-1.04868997335434,106.43379554944121,0.5302000030432306,32.2694191,1.00000009897534,1898.5952138900761,1898.123979568484,111.61678284406666,-736.1315131187438,-3.980726422742008,-64.8455328,-2.0,80.9173583984375,268.306579589844,432.421051025391,249.772003173828,62.0510518550873,62.7960324287414,0.15199999295285851,-1.57491216917583,-0.816947400681001,1.044399967790589,0.0,0.0,1.0,7.0,0.0,0.0,0.0,26050904.0,1.0,-2.1332655129506763,98.3316926503023,31.5260564804077,1.0536729168891896
2026-05-09 18:07:52+00:00,ITA,ITA,-7.099999998361651,-4.8899999140955,0.0,-1.39999998915509,0.989999997667182,2.54999990020549,0.2033143077248355,-5.80812606591439,0.5068724577644893,-1.132753662051776,13.15081591897815,2.6170409816735125,2.5201188898037357,-0.9256256114821573,9.640000245490143,-2.453332019438885,31.8291847229004,0.2737542594596743,1.0,110.999999673762,0.0,0.0,0.0,195.836263052494,0.0384350292384624,106.77519982302879,0.35039997690182745,32.2694157,1.00000009897534,1898.7759113311781,1898.1962203979522,115.51853343844414,-716.2467718124387,-8.551139105111371,-64.8455362,-2.0,82.907356262207,268.896667480469,432.958648681641,248.772003173828,62.0628118515015,62.7999544143677,0.38939997953456523,1.7539875629391,1.16451523697544,0.7199999650741467,0.0,0.0,1.0,7.0,0.0,0.0,0.0,26050904.0,1.0,-2.5174542195651037,98.51760356932095,31.459458732605,0.2735869030281902
2026-05-09 18:07:53+00:00,ITA,ITA,-7.099999998361651,-4.8899999140955,0.0,-1.40999998374154,0.9500000193213779,2.49999992727323,0.204779149848072,-5.80710047032183,0.5014680705837168,-0.41550451164314844,13.13978388280805,2.618121560288892,2.51930216993373,-1.469601367033492,9.59999992563488,-2.9651633439511897,31.731281089782748,0.2499628338217736,1.0,110.999999673762,0.0,0.0,0.0,206.922711924557,-0.289928448200226,107.884397955558,0.6403999773234235,32.2694111,1.00000009897534,1898.8572359085097,1898.2414007186921,138.09077441692352,-704.4818401336672,-110.15862002968788,-64.8455384,-2.0,85.0783233642578,269.306182861328,433.610198974609,247.772003173828,62.0471298694611,62.8607273101807,0.2930000009319657,-1.64460549847593,-0.407749940412317,1.02699995949436,0.0,0.0,1.0,7.0,0.0,0.0,0.0,26050904.0,1.0,-3.057547458136406,98.70300563924636,31.47173767089845,0.2491043901443482
2026-05-09 18:07:54+00:00,ITA,ITA,-7.099999998361651,-4.89999990868195,0.0,-1.429999994258782,0.930000030148476,2.48999993268678,0.204779149848072,-5.806661203780836,0.4993063050392374,0.4037997271862658,13.104059005241151,2.6181214322228437,2.520391158219526,-1.909054521604666,9.580000107216708,-3.682085825888525,31.765405654907198,0.23581454068422342,1.0,110.999999673762,0.0,0.0,0.0,208.28175564485,-0.260358247160912,109.0285980755076,0.581599988664524,32.2694068,1.00000009897534,1898.803019523622,1898.286533355716,58.929743617773056,-646.8651890754699,17.75890467688442,-64.8455408,-2.0,85.1128921508789,269.766784667969,434.159423828125,246.772003173828,62.0549738407135,62.9117012023926,0.05919999628640321,1.29270230632753,0.0825553892602466,1.1609999627252157,0.0,0.0,1.0,7.0,0.0,0.0,0.0,26050904.0,1.0,-3.7464151088126485,98.8958970115967,31.5344249725342,0.2345746225118636
2026-05-09 18:07:55+00:00,ITA,ITA,-7.099999998361651,-4.89999990868195,0.0,-1.459999978018132,0.9000000463891229,2.44999995434098,0.205365178744838,-5.80768658592998,0.49678421499952785,0.5932279561716047,13.13085170292095,2.617311201032552,2.5198467067653096,-1.6244780195533053,9.55000037958945,-4.12950120945162,31.795115089416498,0.31733556702733057,1.0,110.999999673762,0.0,0.0,0.0,191.301413594578,0.288309842348099,109.59999804109239,0.5207999765423418,32.2694027,1.00000009897534,1898.640394210816,1898.205280303958,155.3220584988594,-727.946150302887,-123.43140095472351,-64.8455432,-2.0,84.5484848022461,270.150054931641,434.563049316406,245.772003173828,62.0471298694611,62.9058182239532,0.2237999980529198,-0.813928670511267,-0.0254829155250019,0.17139999936596378,0.0,0.0,1.0,7.0,0.0,0.0,0.0,26050904.0,1.0,-4.147181922514482,99.09763347892215,31.47253589630125,0.31543985277414344
2026-05-09 18:07:56+00:00,ITA,ITA,-7.099999998361651,-4.879999919509051,0.0,-1.440000010189572,0.910000040975574,2.45999994892743,0.204779149848072,-5.80710068376524,0.5043503783969504,0.277752881602339,13.1345293329022,2.6175812923255437,2.51930216993373,-1.3486754557797802,9.560000288798536,-3.650798650291405,32.14156551361085,0.8258574557304381,1.0,110.999999673762,0.0,0.0,0.0,175.117690167583,0.840690672397614,109.9333959669348,0.9476000082409112,32.2693973,1.00000009897534,1898.7307310104377,1898.2684850692779,99.11228418350221,-763.3939743041992,15.814744308590921,-64.845544,-2.0,85.8876495361328,270.611602783203,425.142761230469,244.669998168945,62.0569348335266,62.8607273101807,0.04679999862361388,1.64884523168151,0.0593025038188275,0.19060000930243462,0.0,0.0,1.0,7.0,0.0,0.0,0.0,26050904.0,1.0,-3.748991883054398,99.30217373890196,31.330865478515598,0.8224866056442262
2026-05-09 18:07:57+00:00,ITA,ITA,-7.099999998361651,-4.8899999140955,0.0,-1.4900000258105082,0.8600000253546366,2.4299999651680757,0.20433998335867498,-5.80724710594557,0.5097549363324523,-1.3425931669877986,13.1366308967325,2.617851383618536,2.5198467067653096,-1.700772129044676,9.49999997977037,-3.2950138829820252,32.547651100158646,1.2547581696510322,1.0,110.999999673762,0.0,0.0,0.0,160.60284150201,1.42416501045227,109.45200013611881,1.0416000704785606,32.269392,1.00000009897534,1898.784947395326,1898.2865571975738,143.4070602059366,-758.7548971176145,-82.13261663913728,-64.8455432,-2.0,86.4349060058594,271.038513183594,425.489654541016,243.669998168945,62.0334088802338,62.8509283065796,0.5334000040322985,-1.43351071149217,-0.554808315513055,-1.0745999693709183,0.0,0.0,1.0,7.0,0.0,0.0,0.0,26050904.0,1.0,-3.463678062082134,99.51734518832484,31.40055656433105,1.2531069803237926
2026-05-09 18:07:58+00:00,ITA,ITA,-7.099999998361651,-4.8899999140955,0.0,-1.510000036327752,0.8500000200960149,2.39999998140872,0.2031679188950365,-5.806807625961165,0.6286540903355824,-2.352041850840158,13.1403085267137,2.6181214322228437,2.520935609673742,-1.8705260861711999,9.479999819842739,-3.40995934996758,33.36831951141355,1.881276769638062,1.0,110.999999673762,0.0,0.0,0.0,151.494210507908,1.85758337974548,108.1427949401622,0.539799988668157,32.269386,1.00000009897534,1898.7849473953258,1898.1420755386382,78.73706370592117,-750.0545144081115,-34.72735951654615,-64.8455404,-2.0,88.0379257202148,271.680938720703,425.423187255859,242.669998168945,62.0510518550873,62.8450453281403,-0.12919999974622146,0.55096942903439,-0.312855214106847,-0.8427999815185307,0.0,0.0,1.0,7.0,0.0,0.0,0.0,26050904.0,1.0,-3.7110530423566943,99.6966137483756,31.47909507751465,1.877906262874604
2026-05-09 18:07:59+00:00,ITA,ITA,-7.099999998361651,-4.879999919509051,0.0,-1.4900000258105082,0.8500000200960149,2.39999998140872,0.20404673212150698,-5.80768658592998,1.7945849480495304,-2.310145513159984,13.14293473444955,2.6173111156551876,2.520391158219526,-1.3990295046513919,9.459999659915107,-3.8661820490219947,32.63603954315185,1.1864088642597193,1.0,110.999999673762,0.0,0.0,0.0,164.580306542519,0.95735764503479,107.4235992432026,0.7863999559153292,32.2693807,1.00000009897534,1898.9837408065819,1898.1601238250762,132.4662700295449,-700.522994995117,-54.02219351381068,-64.8455375,-2.0,88.0524291992188,272.076843261719,445.492370605469,241.669998168945,62.045168876648,62.8313183784485,0.3467999949656824,0.0112827846541168,0.722455201969312,-1.4463999881553253,0.0,0.0,1.0,7.0,0.0,0.0,0.0,26050904.0,1.0,-4.065007660477964,99.83013711646021,31.385985946655303,1.1826819992065438
2026-05-09 18:08:00+00:00,ITA,ITA,-7.090000003775198,-4.879999919509051,0.0,-1.5000000417413,0.8200000043201502,2.35000000847646,0.20419311428120002,-5.806807625961165,-0.2767798571220458,-2.3101455985373485,13.14241051743075,2.618121560288892,2.520391158219526,-1.423443567608438,9.419999852324032,-4.28836714067789,32.24281482696534,0.898563011884689,1.0,110.999999673762,0.0,0.0,0.0,164.552521332975,0.9134321808815,105.52959734862338,0.9039999865939835,32.2693762,1.00000009897534,1899.065065383914,1898.1691360473662,135.3421345353126,-670.780074596405,-51.4536775648593,-64.8455362,-2.0,88.1485290527344,272.728973388672,435.381530761719,240.669998168945,62.0530128479004,62.8430843353272,0.2513999974122332,-0.393444082515299,-0.502499845363041,-1.6889999565006981,0.0,0.0,1.0,7.0,0.0,0.0,0.0,26050904.0,1.0,-4.468004445566442,99.9097805372771,31.4007385253906,0.894005810022354
2026-05-09 18:08:01+00:00,ITA,ITA,-7.080000009188746,-4.89999990868195,0.0,-1.5200000309142039,0.799999993802907,2.34000001389001,0.204925538677871,-5.80651456815709,1.5960596434695045,-2.3072808037560337,13.1466140719781,2.6175811642594957,2.520391158219526,-1.6134154609754119,9.40000003390586,-4.709255990495356,32.5936391830444,1.090236403942108,1.0,110.999999673762,0.0,0.0,0.0,163.474676500812,1.16131453514099,104.53500159414,0.6690000177628473,32.2693717,1.00000009897534,1899.0289211273218,1898.160147666934,78.27490419149399,-703.5401701927187,-41.35793410241604,-64.8455346,-2.0,88.9549942016602,273.347961425781,435.487487792969,239.669998168945,62.0373249053955,62.8509283065796,0.022800000210249017,0.149179642425916,-0.117402934364372,-0.17079999526182596,0.0,0.0,1.0,7.0,0.0,0.0,0.0,26050904.0,1.0,-4.9230195244869135,99.92006680216716,31.488663482666,1.082548055648806
2026-05-09 18:08:02+00:00,ITA,ITA,-7.090000003775198,-4.879999919509051,0.0,-1.550000014673558,0.7600000154571023,2.3100000301306602,0.20419359452887548,-5.806807625961165,1.2894439752561517,-2.313726453275774,13.14923857216665,2.6178512555524875,2.5201188044263736,-1.9048583521993858,9.389999953942045,-4.67887445529349,32.78027801513675,1.11295909166336,1.0,110.999999673762,0.0,0.0,0.0,156.104738461828,1.24028820991516,104.65499572351659,0.7630000052953013,32.2693664,1.00000009897534,1898.983740806582,1898.223328590396,138.2590636610984,-656.288719177246,-67.32544153928757,-64.8455328,-2.0,89.318473815918,273.909210205078,435.673736572266,238.669998168945,62.0392858982086,62.8450453281403,0.25839999682440024,0.462095701245272,0.211554797556324,0.09639999461085592,0.0,0.0,1.0,7.0,0.0,0.0,0.0,26050904.0,1.0,-4.831924352375443,99.90976346180415,31.6144226074219,1.10614085197449
2026-05-09 18:08:03+00:00,ITA,ITA,-7.060000020015842,-4.8899999140955,0.0,-1.5700000038464599,0.750000020870651,2.30000003554421,0.20433998335867448,-5.80651456815709,1.453380649594406,-2.306564658421558,13.14188373909105,2.618931663413136,2.519846621387948,-2.08300466948081,9.34999963408678,-4.348997876166445,32.4058364868164,0.7730177664756773,1.0,110.999999673762,0.0,0.0,0.0,169.622748338794,0.71132156252861,104.41399932884178,0.7747999895158034,32.2693615,1.00000009897534,1898.9024162292499,1898.105931282046,131.7584976553916,-651.3938665390015,-39.641645923256895,-64.8455314,-2.0,89.1918563842774,274.435791015625,435.74609375,237.669998168945,62.0530128479004,62.8254413604736,0.25059998749331175,-0.10754099497652,-0.36413224565091,-0.6903999502556791,0.0,0.0,1.0,7.0,0.0,0.0,0.0,26050904.0,1.0,-4.494987790901495,99.91173055628515,31.6290361404419,0.7704425668716428
2026-05-09 18:08:04+00:00,ITA,ITA,-7.070000014602295,-4.89999990868195,0.0,-1.59999998760581,0.7300000103534078,2.25000006261195,0.203021523395131,-5.807540163749644,1.5657943362093678,-2.30728071837867,13.14345937835515,2.6178514689959003,2.5201188898037357,-1.820172031963504,9.34999963408678,-4.494091584705025,32.2489740371704,0.586696540117264,1.0,110.999999673762,0.0,0.0,0.0,177.418685276312,0.51743803024292,103.56159718457579,0.43339999013270036,32.269357,1.00000009897534,1898.8481998443617,1898.114967346194,78.90440449118601,-654.5467138290403,-29.473177529871457,-64.8455306,-2.0,89.4418563842774,275.352203369141,435.71826171875,236.669998168945,62.0373249053955,62.8293573856354,0.07959999775588322,0.534271964391237,0.276661374684289,-0.8061999486115978,0.0,0.0,1.0,7.0,0.0,0.0,0.0,26050904.0,1.0,-4.607462308888752,99.89879417799715,31.66707973480225,0.5850899505615234
2026-05-09 18:08:05+00:00,ITA,ITA,-7.050000025429389,-4.89999990868195,0.0,-1.59999998760581,0.699999994577543,2.25000006261195,0.204339509781105,-5.80753995030624,1.4494174856893562,-2.32088824812999,13.14451250814785,2.618121432222844,2.519302169933732,-1.8152129944609539,9.309999997250436,-4.60209267029538,32.16277427673335,0.34515330255031584,1.0,110.999999673762,0.0,0.0,0.0,183.447023898143,0.255427515506744,102.84720037852722,0.49759999038243563,32.2693526,1.00000009897534,1898.9295244216942,1898.1691360473662,122.15723693370819,-685.6638550758364,-18.283847533166398,-64.8455303,-2.0,89.5452499389648,275.871795654297,435.752838134766,235.669998168945,62.0432078838348,62.8391623497009,0.12619999056471343,-0.695249437927241,-0.637920138407033,-0.8901999415576014,0.0,0.0,1.0,7.0,0.0,0.0,0.0,26050904.0,1.0,-4.655238799114074,99.85864974115034,31.78982620239255,0.343984135687351
2026-05-09 18:08:06+00:00,ITA,ITA,-7.050000025429389,-4.89999990868195,0.0,-1.57999999843291,0.7200000050947862,2.25000006261195,0.205511567574637,-5.8066612037808305,1.9934702596277099,-2.311936089939584,13.1581703251669,2.6178514689959003,2.5198467067653096,-0.9855162986421855,9.309999997250436,-4.556378427623899,32.13559341430665,0.14058043509721765,1.0,110.999999673762,0.0,0.0,0.0,195.70553323178,-0.113293424248695,101.914203368093,0.4398000001149642,32.2693485,1.00000009897534,1899.019861221316,1898.259425163272,147.10694551467878,-687.2145891189573,-96.69115692377068,-64.8455308,-2.0,89.4612884521484,276.610992431641,445.874114990234,234.669998168945,62.0569348335266,62.8332793712616,0.45299999602398844,0.547776795845086,0.850349106795626,-0.6324000008641698,0.0,0.0,1.0,7.0,0.0,0.0,0.0,26050904.0,1.0,-4.57395954799092,99.79436058558764,31.989423751831048,0.14010009907186038
2026-05-09 18:08:07+00:00,ITA,ITA,-7.050000025429389,-4.89999990868195,0.0,-1.58999999301936,0.699999994577543,2.2100000842661496,0.2044858919407975,-5.80710068376524,2.0889498582334616,-2.313726410587092,13.159748098865201,2.6173111156551876,2.52039124359689,-1.896465928011462,9.279999928113718,-4.50677396533327,32.370690536499,0.2778584888577464,1.0,110.999999673762,0.0,0.0,0.0,197.952255657364,-0.178309245407581,101.46439579615021,0.5499999797312427,32.2693444,1.00000009897534,1899.001812934878,1898.277497291568,90.55210873484619,-723.6346721649168,-23.21530110202728,-64.8455324,-2.0,89.3373107910156,277.009735107422,426.239929199219,233.669998168945,62.0432078838348,62.8254413604736,0.059199994952381985,-0.306401859279949,-0.623075202493686,-0.49459998987206627,0.0,0.0,1.0,7.0,0.0,0.0,0.0,26050904.0,1.0,-4.526616006381614,99.71095373053805,32.12077045440675,0.2770177933573724
2026-05-09 18:08:08+00:00,ITA,ITA,-7.050000025429389,-4.89999990868195,0.0,-1.59999998760581,0.6800000054046411,2.2000000896797,0.204046732121507,-5.807247105945575,2.187311903390662,-2.308713137113668,13.1602727427708,2.61812134684548,2.520391158219526,-1.55543206412047,9.259999768186084,-4.42660397962001,32.58894424438475,0.310334034562111,1.0,110.999999673762,0.0,0.0,0.0,202.523031910315,-0.361130771040916,101.07799970046199,0.3373999951452202,32.2693404,1.00000009897534,1898.793983459474,1898.1420516967803,125.54083168506625,-740.0196075439454,-45.738387480378165,-64.8455341,-2.0,89.4447326660156,277.455505371094,426.436279296875,232.669998168945,62.0490908622742,62.841123342514,0.26399999355268894,0.235401402527432,-0.0596796316466327,-0.24659999659564197,0.0,0.0,1.0,7.0,0.0,0.0,0.0,26050904.0,1.0,-4.491958687381958,99.620761082548,32.276546287536604,0.309452116191387
2026-05-09 18:08:09+00:00,ITA,ITA,-7.050000025429389,-4.89999990868195,0.0,-1.59999998760581,0.6899999999910921,2.2000000896797,0.203900336621601,-5.807393528125905,2.115251870854462,-2.3094292824481437,13.16184795514815,2.6170410243621958,2.5198467067653096,-1.651943917753218,9.24999968822227,-4.720357822660975,32.9014108657837,0.5216976839303967,1.0,110.999999673762,0.0,0.0,0.0,208.928629200763,-0.591778403520584,100.78419501520041,0.537600006080837,32.2693362,1.00000009897534,1898.739767074586,1898.2052564621001,132.5281605124473,-740.3599739074706,-61.824863776564584,-64.8455363,-2.0,89.5121841430664,277.8603515625,436.626800537109,231.669998168945,62.0510518550873,62.8764092922211,0.20060000122084323,-0.131438732984911,0.501542018053653,-0.309999992262541,0.0,0.0,1.0,7.0,0.0,0.0,0.0,26050904.0,1.0,-4.802567516303812,99.517451056257,32.41072883605955,0.519626986384392
2026-05-09 18:08:10+00:00,ITA,ITA,-7.050000025429389,-4.89999990868195,0.0,-1.59999998760581,0.6400000163866665,2.2000000896797,0.20433998335867498,-5.80768658592998,2.112008939725222,-2.3101454704713023,13.15239155824225,2.6173111156551876,2.5195744383495198,-2.560604836108988,9.24999968822227,-4.500473756154165,33.03972702026365,0.6150265574455258,1.0,110.999999673762,0.0,0.0,0.0,209.620281476876,-0.570567226409912,100.569399226182,0.6608000021382769,32.2693321,1.00000009897534,1898.757839202882,1898.1691598892241,75.5762808024884,-766.9951558113098,-35.704684257507324,-64.845539,-2.0,88.7655334472656,278.166900634766,437.074157714844,230.669998168945,62.0353698730469,62.8685712814331,0.11759999999616155,0.146312830604362,-0.895489026607447,-0.22860000020353208,0.0,0.0,1.0,7.0,0.0,0.0,0.0,26050904.0,1.0,-4.6177288516075645,99.40683614264864,32.4133586883545,0.6125438833236692
2026-05-09 18:08:11+00:00,ITA,ITA,-7.050000025429389,-4.89999990868195,0.0,-1.609999982192262,0.650000021645288,2.2000000896797,0.20433997668856801,-5.806954261584905,2.1181340399294784,-2.311577803828936,13.14188416597785,2.6170410243621958,2.520391158219526,-2.4076354925705603,9.24999968822227,-4.724155834726325,32.886704635620106,0.668215116262436,1.0,110.999999673762,0.0,0.0,0.0,209.419350971872,-0.689666157960892,100.4067997428004,0.17039999030236525,32.2693279,1.00000009897534,1898.76687526703,1898.105931282046,135.4896619915962,-793.653702735901,-65.48372581601144,-64.8455418,-2.0,89.24365234375,278.719543457031,437.373870849609,229.772003173828,62.0432078838348,62.8548443317413,0.1865999957264027,-0.340249875568152,0.530189805784243,-0.002400000408295566,0.0,0.0,1.0,7.0,0.0,0.0,0.0,26050904.0,1.0,-4.865397999591936,99.29369064395274,32.2180097579956,0.6655474877357485
2026-05-09 18:08:12+00:00,ITA,ITA,-7.050000025429389,-4.89999990868195,0.0,-1.6299999713651658,0.620000005869423,2.180000015129432,0.204779149848072,-5.80710068376524,2.107685301914556,-2.31444259861025,13.1613216036952,2.6175812923255437,2.5203910728421617,-2.8798949635319735,9.229999869804098,-5.013626295384045,32.79565887451175,0.7596634769439696,1.0,110.999999673762,0.0,0.0,0.0,215.507754277265,-0.805313837528229,100.2349986285694,0.8595999790405136,32.2693234,1.00000009897534,1898.7036228179938,1898.1601238250757,75.03419760614628,-783.0965161323549,-28.185996832326076,-64.8455448,-2.0,88.5724411010742,279.091857910156,447.894104003906,228.772003173828,62.0490908622742,62.8626883029938,0.1800000039417394,0.477694465927406,0.211311792232259,-0.28219999375855054,0.0,0.0,1.0,7.0,0.0,0.0,0.0,26050904.0,1.0,-5.174694749174232,99.17086335210846,32.0500511169434,0.7553615248203277
2026-05-09 18:08:13+00:00,ITA,ITA,-7.050000025429389,-4.89999990868195,0.0,-1.680000008330446,0.5800000061792779,2.14999990330403,0.2034606965546345,-5.80753995030624,2.104082249061328,-2.317307137259472,13.1586949690725,2.617851383618536,2.520391158219526,-4.145611747401658,9.20000014217684,-5.235369027118745,32.868992614746105,0.8117540037631986,1.0,110.999999673762,0.0,0.0,0.0,212.97013409493,-0.801004922389984,100.087197433044,0.5569999844794946,32.2693193,1.00000009897534,1898.694586753846,1898.114943504336,128.0340969562531,-782.0581316947936,-64.96235057711603,-64.8455482,-2.0,87.6900024414062,279.777862548828,428.729736328125,227.772003173828,62.0490908622742,62.8607273101807,0.1645999984314634,-0.582786584622426,-0.619113372609962,-0.05539999452825073,0.0,0.0,1.0,7.0,0.0,0.0,0.0,26050904.0,1.0,-5.417403899160706,99.0371623991054,32.04248600006105,0.8065145874023436
2026-05-09 18:08:14+00:00,ITA,ITA,-7.050000025429389,-4.89999990868195,0.0,-1.7000000401920299,0.5800000061792779,2.14999990330403,0.204632761018273,-5.807393528125905,2.1033619202359857,-2.3105035858272216,13.15396890505375,2.6175811642594957,2.5203910728421617,-3.612316724177318,9.210000051385926,-5.68893691702014,32.794802284240745,0.7732987868785861,1.0,110.999999673762,0.0,0.0,0.0,214.684033463361,-0.816130006313324,100.00379945724012,0.11599999816760635,32.269315,1.00000009897534,1898.721718788148,1898.133015632632,80.23590072989472,-773.8635778427123,-72.02616482973102,-64.8455514,-2.0,88.7251052856445,280.158660888672,429.135650634766,226.772003173828,62.045168876648,62.8724932670593,0.033399999901353915,0.1832181169383,0.0176365339452248,-0.12399999680496492,0.0,0.0,1.0,7.0,0.0,0.0,0.0,26050904.0,1.0,-5.877304014752935,98.89482808699155,32.04200019836425,0.767036590576172
2026-05-09 18:08:15+00:00,ITA,ITA,-7.050000025429389,-4.89999990868195,0.0,-1.6900000242612383,0.5800000061792779,2.14999990330403,0.2046327610182725,-5.80710068376524,2.1037220419599736,-2.3072806756899875,13.16657658048795,2.617311286409916,2.520391158219526,-2.7398955515858483,9.20000014217684,-6.047421316598965,32.80725631713865,0.9411880767345437,1.0,110.999999673762,0.0,0.0,0.0,217.857202747966,-1.02648632526398,99.98859818822324,0.6071999965770665,32.2693106,1.00000009897534,1898.81205558777,1898.1601238250762,137.76539415121061,-719.6710586547853,-14.00358560495078,-64.8455548,-2.0,87.6463851928711,280.649658203125,429.686279296875,225.669998168945,62.0647728443146,62.8862142562866,0.23120000642661118,0.0868760441992351,0.278601068367293,0.135200002434487,0.0,0.0,1.0,7.0,0.0,0.0,0.0,26050904.0,1.0,-6.277801633624106,98.7391544154286,31.87928924560545,0.9321609520912176
2026-05-09 18:08:16+00:00,ITA,ITA,-7.050000025429389,-4.919999897854855,0.0,-1.7000000401920299,0.550000022419925,2.14999990330403,0.20419359452887548,-5.807979643734055,2.1037221273373397,-2.307996821024464,13.16079738667645,2.61812134684548,2.5201188898037357,-3.7496460871108406,9.20000014217684,-6.070309067064265,32.7484468460083,1.083198823928834,1.0,110.999999673762,0.0,0.0,0.0,224.463634920769,-1.09674711227417,100.105398521144,0.3769999965460112,32.2693067,1.00000009897534,1898.7126827240002,1898.1691598892241,94.97970789670948,-746.2600231170654,-73.61440882086757,-64.8455588,-2.0,85.3281478881836,281.154846191406,450.049407958984,224.772003173828,62.0490908622742,62.8803312778473,0.10019999370096562,-0.10341550735698,-0.373577516818965,-0.005200001982428764,0.0,0.0,1.0,7.0,0.0,0.0,0.0,26050904.0,1.0,-6.314341865023208,98.5828352909891,31.6854663848877,1.07426590919495
2026-05-09 18:08:17+00:00,ITA,ITA,-6.009999990796932,-4.32000005191306,0.0,-1.5499999933292161,0.6400000163866666,2.14999990330403,0.20419312095130598,-5.80724710594557,2.1091264718294296,-2.309787397804064,13.16027274277085,2.617851383618536,2.520391158219526,-2.9519927328633377,8.160000022167015,-5.83559986152053,32.867842483520505,1.3691379475593581,1.0,110.999999673762,0.0,0.0,0.0,229.592000496803,-1.48948055505753,99.58260081565517,0.1380000007986312,32.2693029,1.00000009897534,1898.793983459474,1898.096919059756,87.4777764081955,-703.2748818397522,-30.965446308255185,-64.8455632,-2.0,84.9407958984375,281.529266357422,450.550445556641,223.669998168945,62.0471298694611,62.8940582275391,0.2043999863037292,0.249890234789012,0.152064823721078,-1.0169999488996548,0.0,0.0,1.0,7.0,0.0,0.0,0.0,26050904.0,1.0,-6.127596979906973,98.4328375066265,31.5342361450195,1.3611284422874461
2026-05-09 18:08:18+00:00,ITA,ITA,-3.489999988973436,-2.369999997649368,0.0,-1.1000000021511673,0.340000008038406,1.8799999427481482,0.204046732121507,-5.80768658592998,2.106964845023168,-2.3072808037560337,13.15501819286495,2.6175812923255437,2.5201189751811,-3.4410369668232335,5.379999990341058,-5.268180829004665,32.971771430969255,1.773569061756134,1.0,110.999999673762,0.0,0.0,0.0,243.132167507436,-1.85932123661041,98.70500210354069,0.505800000670921,32.2692993,1.00000009897534,1898.7939834594738,1898.0878829956077,146.1453840136529,-739.5249843597412,-39.883328601717956,-64.8455686,-2.0,82.5747756958008,281.853149414062,451.1748046875,222.772003173828,62.0549738407135,62.8509283065796,0.29620001125918277,-0.0617757593399927,-0.143233095639561,-0.6819999915153268,0.0,0.0,1.0,7.0,0.0,0.0,0.0,26050904.0,1.0,-5.637536285732526,98.2704087779744,31.225897979736303,1.767130601406096
2026-05-09 18:08:19+00:00,ITA,ITA,-0.800000025819419,-0.5000000014629019,0.0,-0.2500000087355789,0.12999999899297232,0.3000000030121751,0.20404673212150698,-5.80768658592998,2.106964631579758,-2.316949107280916,13.18391245437505,2.6173112010325523,2.5201189751811,-4.030026334379554,1.0900000075647163,-4.879016286891201,32.73967323303225,1.9715353775024418,1.0,110.999999673762,0.0,0.0,0.0,240.59439706094,-1.9989527463913,98.1605950455557,-0.09079999721555647,32.2692963,1.00000009897534,1898.775911331178,1898.19624423981,111.99323795735813,-727.8391242027282,-19.13732765242458,-64.8455748,-2.0,80.8395004272461,282.248138427734,441.884704589844,221.669998168945,62.0412468910217,62.8372013568878,0.11439999900709386,-0.017912903142559,0.0492687491547738,-0.4104000057855144,0.0,0.0,1.0,7.0,0.0,0.0,0.0,26050904.0,1.0,-5.240969867615521,98.10691795490641,30.79289588928225,1.9682898187637303
2026-05-09 18:08:20+00:00,ITA,ITA,0.07999999938029066,0.0499999996126817,0.0,-0.06999999945775434,0.13999999891550866,-0.199999998450727,0.2031679122249295,-5.807540163749644,2.1084058441833102,-2.30942919707078,13.2017746797151,2.6173112010325523,2.5201188898037357,-3.207196049077742,-0.2699999979084808,-4.725098187388375,32.69223804473875,2.1605472993850716,1.0,110.999999673762,0.0,0.0,0.0,248.901136525726,-2.19809195995331,97.82479972331465,0.19879999691255756,32.2692932,1.00000009897534,1898.7849473953258,1898.1420755386382,82.31142098084081,-676.4793038368223,-69.26197446882726,-64.8455814,-2.0,79.6989364624024,282.574981689453,442.568786621094,220.669998168945,62.0471298694611,62.8450453281403,0.20899999464574978,0.370473702769296,-0.147051011303039,-0.14900000044661704,0.0,0.0,1.0,7.0,0.0,0.0,0.0,26050904.0,1.0,-5.1374776460283815,97.9430651318124,30.552583694458,2.1558425760269158
2026-05-09 18:08:21+00:00,ITA,ITA,0.05999999953521802,0.00999999992253634,0.0,-0.13999999891550866,0.12999999899297232,-0.199999998450727,0.203753954461909,-5.80768658592998,2.1033617494812558,-2.313010265252616,13.2017768141492,2.617311201032552,2.520663341257952,-3.423870780448292,-0.2399999981408718,-4.9735343656165405,32.615450477600106,2.222837934494018,1.0,110.999999673762,0.0,0.0,0.0,247.501029708143,-2.21812591552734,97.90380042333072,-0.19899999338919191,32.2692909,1.00000009897534,1898.748803138734,1898.060798645022,167.88983792066585,-760.0786447525028,25.912941619753838,-64.8455884,-2.0,78.4542236328125,282.862457275391,443.236755371094,219.669998168945,62.0588898658752,62.8626883029938,0.09679999957031696,-0.441111385763436,-0.472275191068677,0.22899999515783293,0.0,0.0,1.0,7.0,0.0,0.0,0.0,26050904.0,1.0,-5.426522116325308,97.7764699877666,30.40492572784425,2.214211049079896
2026-05-09 18:08:22+00:00,ITA,ITA,0.0499999996126817,0.0,0.0,-0.149999998838045,0.16999999868311777,-0.199999998450727,0.20404673212150698,-5.8073937415693155,2.109487063128924,-2.317665337992756,13.1991501795265,2.616770933069204,2.5198467067653096,-2.538479548198472,-0.21999999829579941,-5.0969637813249005,32.550493812561044,2.342932877540588,1.0,110.999999673762,0.0,0.0,0.0,254.120439240369,-2.36686084270477,97.97579744737182,-0.008799999718388468,32.2692887,1.00000009897534,1898.7036228179938,1898.105931282046,82.85317718982711,-666.4036393165588,-108.05294616147876,-64.8455956,-2.0,77.8326263427734,283.143005371094,434.074371337891,218.669998168945,62.0569348335266,62.8685712814331,0.36219999447286255,0.529097562486423,0.202720161308324,-0.17279998887638146,0.0,0.0,1.0,7.0,0.0,0.0,0.0,26050904.0,1.0,-5.567906178370924,97.61109403248764,30.2363456726074,2.3304412937164303
2026-05-09 18:08:23+00:00,ITA,ITA,0.02999999976760902,-0.0499999996126817,0.0,-0.149999998838045,0.11999999907043597,-0.1899999985281906,0.204339509781105,-5.807393528125905,2.126060773282052,-2.31301013718657,13.204927238903899,2.617311072966504,2.5201188898037357,-2.5888335383731467,-0.20999999837326322,-4.867731960608696,32.547748947143546,2.4553205680847165,1.0,110.999999673762,0.0,0.0,0.0,255.482925376003,-2.51129286289215,97.84279863781549,-0.0938000002272159,32.2692869,1.00000009897534,1898.640370368958,1898.0517387390162,145.786339044571,-777.8226971626281,42.51868757419289,-64.845603,-2.0,76.809944152832,283.532745361328,434.979583740234,217.669998168945,62.0549738407135,62.8528833389282,0.2583999968244002,-0.11203543287316,0.196730285509421,-0.02679999857010034,0.0,0.0,1.0,7.0,0.0,0.0,0.0,26050904.0,1.0,-5.29552677200728,97.44851503967385,30.095930099487298,2.445666160583496
2026-05-09 18:08:24+00:00,ITA,ITA,0.01999999984507268,-0.0499999996126817,0.0,-0.149999998838045,0.0499999996126817,-0.1899999985281906,0.203900343291708,-5.807393528125905,2.12245793387224,-2.30799694909051,13.19599762033775,2.617311201032552,2.5198467067653096,-2.4099242889614323,-0.199999998450727,-4.017410334652309,32.5184309005737,2.625778126716612,1.0,110.999999673762,0.0,0.0,0.0,261.350085193801,-2.66698393821716,97.60719399447154,-0.0062000008324266,32.2692852,1.00000009897534,1898.67651462555,1898.0517625808739,122.9799389839172,-769.6735501289367,-98.44058528542521,-64.8456109,-2.0,75.6197128295898,283.598907470703,435.7060546875,216.669998168945,62.0510518550873,62.8528833389282,0.1928000025619254,-0.414285924519917,-0.160641673688763,-0.48780000294478987,0.0,0.0,1.0,7.0,0.0,0.0,0.0,26050904.0,1.0,-4.42663467278259,97.3066725011802,29.90286083221435,2.622082600593568
2026-05-09 18:08:25+00:00,ITA,ITA,0.01999999984507268,-0.0499999996126817,0.0,-0.149999998838045,0.05999999953521802,-0.1899999985281906,0.203900343291708,-5.807540163749644,2.124259524331872,-2.3165911199910423,13.191268994998,2.618391523515836,2.520935609673742,-2.425564568387112,-0.199999998450727,-3.49186132224397,32.10196323394775,2.5767802619934077,1.0,110.999999673762,0.0,0.0,0.0,262.084357850334,-2.57022743225098,97.25380000681508,-0.33360000072418455,32.269284,1.00000009897534,1898.631381988526,1898.1330394744898,87.15839534997943,-813.6502504348755,14.126484841108304,-64.8456189,-2.0,74.9412002563476,283.916656494141,436.615386962891,215.669998168945,62.0569348335266,62.8568053245544,-0.021199999715715147,0.43596619892558,0.114182820335829,-0.19479998867261086,0.0,0.0,1.0,7.0,0.0,0.0,0.0,26050904.0,1.0,-3.863816413002964,97.18066575627714,29.5443202972412,2.57623875617981
2026-05-09 18:08:26+00:00,ITA,ITA,0.0,-0.06999999945775434,0.0,-0.149999998838045,0.0499999996126817,-0.17999999860565422,0.202874660987762,-5.80724710594557,2.1275021139516523,-2.312652149896696,13.203876243545349,2.616500841776212,2.520663426635316,-1.663388006429282,-0.199999998450727,-3.202257886340845,31.77642459869385,2.653210430145264,1.0,110.999999673762,0.0,0.0,0.0,265.892925973047,-2.68826887607574,97.28199912582241,0.15359999945048836,32.269283,1.00000009897534,1898.685550689698,1898.087882995608,173.8734304904938,-773.5670566558838,-30.46156950294972,-64.8456268,-2.0,74.504524230957,284.108642578125,437.459869384766,214.669998168945,62.0530128479004,62.8548443317413,0.2596000023646332,-0.131213069938036,0.281957092488149,0.07119998632168878,0.0,0.0,1.0,7.0,0.0,0.0,0.0,26050904.0,1.0,-3.550693732957084,97.06648889901665,29.12613945007325,2.65276466846466
2026-05-09 18:08:27+00:00,ITA,ITA,0.0,-0.0999999992253633,0.0,-0.09999999922536332,0.01999999984507268,-0.1799999986056542,0.203900336621601,-5.807540163749644,2.127862406430374,-2.3105035858272216,13.20019904045095,2.61758120694818,2.5201189751811,-2.290142749222728,-0.1899999985281906,-2.5997144992964802,31.3944746017456,2.671603903770446,1.0,110.999999673762,0.0,0.0,0.0,268.472142007427,-2.62025063037872,97.10720092458345,-0.08179999701846977,32.2692826,1.00000009897534,1898.7126588821418,1898.0788469314598,57.77126774191861,-778.5521268844606,-67.50332731753585,-64.8456349,-2.0,72.9655685424805,284.273284912109,438.313079833984,213.669998168945,62.0549738407135,62.8607273101807,0.22959999992898142,-0.116496827061648,-0.692389616377415,-0.06720000790962488,0.0,0.0,1.0,7.0,0.0,0.0,0.0,26050904.0,1.0,-2.903270133371922,96.9688410995476,28.723186683654802,2.671197667121886
2026-05-09 18:08:28+00:00,ITA,ITA,0.0,-0.0999999992253633,0.0,-0.0999999992253633,0.0499999996126817,-0.1599999987605814,0.20419312095130598,-5.807247105945575,2.127862406430372,-2.31014542778262,13.60682880315895,2.6170410243621958,2.5201189751811,-1.159085044486207,-0.1899999985281906,-1.95924147096545,31.2141649246216,2.917710614204406,1.0,110.999999673762,0.0,0.0,0.0,267.990750274724,-3.0615373134613,96.88599978416127,-0.08039999900366623,32.2692823,1.00000009897534,1898.631358146668,1898.105931282046,167.8754821419716,-787.5763773918152,11.776867508888246,-64.8456431,-2.0,72.487174987793,284.312774658203,439.194396972656,212.669998168945,62.0647728443146,62.8626883029938,0.3453999902807724,0.311136994643766,0.587663819937491,-0.7249999921327229,0.0,0.0,1.0,7.0,0.0,0.0,0.0,26050904.0,1.0,-2.2492701715217738,96.8929508676796,28.33409814834595,2.91769911289215
2026-05-09 18:08:29+00:00,ITA,ITA,0.00999999992253634,-0.0999999992253633,0.0,-0.12999999899297232,0.01999999984507268,-0.16999999868311777,0.20507240108524,-5.807393528125905,2.114891364932336,-2.3119360045622197,13.9819355353001,2.6170409816735116,2.5201188898037357,-1.944149741107482,-0.16999999868311777,-2.145282910630195,30.931915855407752,3.01409882068634,1.0,110.999999673762,0.0,0.0,0.0,273.496183274078,-2.89542210102081,96.4920016879269,-0.0060000029383944446,32.269282,1.00000009897534,1898.667478561402,1898.033690452578,102.89371255785218,-782.8076243400571,-84.59773510694505,-64.8456523,-2.0,71.7235107421875,284.410186767578,459.841461181641,211.669998168945,62.0569348335266,62.8391623497009,-0.036400001745744724,-0.303025824839258,-0.563921922299968,0.11739999684942093,0.0,0.0,1.0,7.0,0.0,0.0,0.0,26050904.0,1.0,-2.4734827850377137,96.811494031638,27.88667306900025,3.013454704284666
2026-05-09 18:08:30+00:00,ITA,ITA,0.0,-0.0999999992253633,0.0,-0.0999999992253633,0.00999999992253634,-0.1799999986056542,0.20360756563211,-5.8073937415693155,2.11128839745647,-2.315158701256044,13.6047268124419,2.6183917369592478,2.520663341257952,-1.6096008216683,-0.1799999986056542,-2.1450583681612354,30.608437156677198,2.92132631778717,1.0,110.999999673762,0.0,0.0,0.0,273.337695564577,-2.90967600345612,96.70899816389607,-0.3543999944799232,32.2692824,1.00000009897534,1898.66750240326,1898.1240034103419,100.59034691657858,-770.06573677063,25.846471637487422,-64.845661,-2.0,70.606803894043,284.640075683594,460.706451416016,210.669998168945,62.0510518550873,62.8254413604736,0.2951999946917142,0.0623622418040081,-0.0960648230876575,0.434399993860214,0.0,0.0,1.0,7.0,0.0,0.0,0.0,26050904.0,1.0,-2.460224576773756,96.7263557236338,27.693697357177697,2.919623394012452
2026-05-09 18:08:31+00:00,ITA,ITA,0.0,-0.0999999992253633,0.0,-0.0999999992253633,0.0499999996126817,-0.149999998838045,0.2044863721884735,-5.80768658592998,2.106604424478404,-2.307996991779192,9.048803659614855,2.617311286409916,2.5201189751811,-1.338757268716896,-0.149999998838045,-1.892665802856335,30.52016201019285,2.843551182746886,1.0,110.999999673762,0.0,0.0,0.0,269.692341642271,-2.91543803215027,97.70759504319506,-0.166600003885458,32.2692823,1.00000009897534,1898.595237731934,1898.0788707733177,165.74325859546678,-772.7349281311035,-62.358555756509304,-64.8456697,-2.0,70.337776184082,284.797637939453,461.314605712891,209.669998168945,62.0471298694611,62.841123342514,0.2638000004111077,0.139767361605161,0.597504681788451,1.387200001207072,0.0,0.0,1.0,7.0,0.0,0.0,0.0,26050904.0,1.0,-2.1725017907699105,96.66268470019095,27.6417981147766,2.842372040748596
2026-05-09 18:08:32+00:00,ITA,ITA,0.0,-0.0999999992253633,0.0,-0.149999998838045,0.0,-0.16999999868311777,0.204485898610904,-5.80754016374965,2.107325265567932,-2.323036684133418,12.45261178390458,2.616770933069204,2.5198467067653096,-2.129925465069176,-0.16999999868311777,-1.561516994274665,30.10522556304935,2.606354169845582,1.0,110.999999673762,0.0,0.0,0.0,272.667681327756,-2.65439858436584,98.93439810492912,-0.12799999887506294,32.2692824,1.00000009897534,1898.694586753846,1898.02465438843,101.52024477720254,-790.5068278312681,-10.705222212709495,-64.8456778,-2.0,69.0900802612305,284.999176025391,452.127685546875,208.669998168945,62.0490908622742,62.8332793712616,0.25319998171019875,-0.358850828555624,-0.364505691579866,1.0471999611521539,0.0,0.0,1.0,7.0,0.0,0.0,0.0,26050904.0,1.0,-1.806628257759214,96.65020594457735,27.501103591918948,2.606178259849548
2026-05-09 18:08:33+00:00,ITA,ITA,0.0,-0.0999999992253633,0.0,-0.11999999907043597,0.02999999976760902,-0.149999998838045,0.204046732121507,-5.80783322155372,2.107325265567932,-2.333063145702902,16.40226813609425,2.618121560288892,2.5198467067653096,-1.5336883063081221,-0.16999999868311777,-1.42831800681481,29.554463768005398,2.085176582336426,1.0,110.999999673762,0.0,0.0,0.0,259.877523729503,-2.02316343784332,99.82999982965785,0.061599995360677465,32.269282,1.00000009897534,1898.5771417617798,1898.01564216614,149.2626652121543,-809.9583625793456,-27.689220756292343,-64.8456852,-2.0,69.7885513305664,284.784362792969,452.624908447266,207.669998168945,62.0373249053955,62.813675403595,0.43580000121316675,-0.0651615388064422,0.563608213845823,0.7541999682243157,0.0,0.0,1.0,7.0,0.0,0.0,0.0,26050904.0,1.0,-1.6093999287293361,96.680303173155,27.3754397392273,2.085144309997558
2026-05-09 18:08:34+00:00,ITA,ITA,0.0,-0.0999999992253633,0.0,-0.149999998838045,-0.01999999984507268,-0.199999998450727,0.203753947791802,-5.80768658592998,2.10624400393364,-2.3330631457029023,17.5170847822346,2.6173112010325523,2.5195744383495216,-3.7958038651915524,-0.199999998450727,-1.7704172094616,28.452434635162348,1.0764905655384052,1.0,110.999999673762,0.0,0.0,0.0,237.271482708972,-0.845803767442703,100.958799239067,0.2940000073275218,32.2692807,1.00000009897534,1898.694586753846,1898.051762580874,134.53451693058008,-779.5554041862487,-26.87648236751558,-64.8456905,-2.0,71.7549743652344,284.901214599609,463.23779296875,206.669998168945,62.0608508586884,64.4742012023926,-0.05340000441550121,0.00690486268105336,-0.0654388017980624,1.5781999874545178,0.0,0.0,1.0,7.0,0.0,0.0,0.0,26050904.0,1.0,-1.92616363321136,96.73826415845176,27.3065116882324,1.0760622596740723
2026-05-09 18:08:35+00:00,ITA,ITA,0.0,-0.13999999891550866,0.0,-0.08999999930282697,-0.02999999976760902,-0.1899999985281906,0.20228862542089,-5.8073937415693155,2.106964845023168,-2.3280500002955242,18.3587092295,2.617581292325544,2.5206632558805877,-4.477109002352706,-0.1899999985281906,-2.62973584874133,27.54695863723755,0.20344159618020052,1.0,110.999999673762,0.0,0.0,0.0,198.638006650034,-0.147426451742649,102.3460010972318,0.15519999927801156,32.2692782,1.00000009897534,1898.6403703689582,1898.1330394744898,120.79860568046566,-790.4974937438967,-28.214338049292575,-64.845693,-2.0,80.7111663818359,284.653503417969,453.332580566406,205.669998168945,62.0471298694611,64.4565582275391,0.3235999914634994,0.443495495309741,-0.153219032309318,1.331399938353349,0.0,0.0,1.0,7.0,0.0,0.0,0.0,26050904.0,1.0,-2.681973626433436,96.8177334094448,27.317393302917452,0.20302175134420386
2026-05-09 18:08:36+00:00,ITA,ITA,0.0,-0.149999998838045,0.0,-0.10999999914789964,-0.01999999984507268,-0.1799999986056542,0.202435494498365,-5.80710068376524,2.111648988755962,-1.3955899387792507,7.170641016409094,2.6173111156551876,2.520118889803734,-4.130734400106266,-0.1799999986056542,-3.07427390839485,27.6625245094299,0.43925766706466673,1.0,110.999999673762,0.0,0.0,0.0,173.663529232909,0.630832064151764,103.85159882050739,0.3275999970354036,32.2692742,1.00000009897534,1898.685550689698,1898.1420516967798,135.0864559412002,-777.9609084129335,-43.17980092018843,-64.8456938,-2.0,80.3842086791992,284.741760253906,443.575775146484,204.669998168945,76.0978698730469,64.4761621952057,0.2579999918649392,-0.334682044094975,0.1428272596729,1.406799976082366,0.0,0.0,1.0,7.0,0.0,0.0,0.0,26050904.0,1.0,-3.138154704022594,96.91806205816314,27.27457065582275,0.4372843565046784
2026-05-09 18:08:37+00:00,ITA,ITA,0.0,-0.149999998838045,0.0,-0.149999998838045,-0.02999999976760902,-0.1799999986056542,0.2033143077248355,-5.80710068376524,2.110928233043798,-0.07961835789134156,4.939960570751345,2.616771018446568,2.5201188898037357,-4.706753708004238,-0.1799999986056542,-3.6882049283329197,28.22780113220215,1.115329037904741,1.0,110.999999673762,0.0,0.0,0.0,160.220077700923,1.23012027740478,105.1205987909336,0.0650000011640128,32.2692696,1.00000009897534,1898.6494302749638,1898.1601238250762,126.41412168741226,-795.5057978630068,-33.871506527066195,-64.8456929,-2.0,81.2838134765625,285.096496582031,453.679748535156,203.772003173828,76.107668876648,64.5349740982056,0.299599996718693,0.395320410185495,-0.0344615493695808,1.205599934738806,0.0,0.0,1.0,7.0,0.0,0.0,0.0,26050904.0,1.0,-3.9153070747215724,97.04392536909356,27.19132175445555,1.107764822244645
2026-05-09 18:08:38+00:00,ITA,ITA,0.0,-0.149999998838045,0.0,-0.149999998838045,-0.02999999976760902,-0.1599999987605814,0.2017030701016935,-5.80666099033742,2.114891535687062,0.26880064070261056,6.148817182375096,2.618121432222844,2.5195744383495198,-4.4782533151707735,-0.16999999868311777,-4.132989301683384,29.26243686676025,2.199525847434998,1.0,110.999999673762,0.0,0.0,0.0,142.289437771049,2.41146597862244,106.01399982871199,0.14280000161522227,32.2692642,1.00000009897534,1898.631358146668,1898.0788469314598,127.4047538638116,-816.3410663604734,-21.672368980944164,-64.8456897,-2.0,83.0399398803711,285.376403808594,463.801422119141,202.669998168945,76.1586427688599,57.1635842323303,0.35880000234324544,-0.332568580794532,-0.369196137229387,0.6927999613361449,0.0,0.0,1.0,7.0,0.0,0.0,0.0,26050904.0,1.0,-4.552722953068792,97.1752425860762,27.14206953048705,2.179928340911864
2026-05-09 18:08:39+00:00,ITA,ITA,0.0,-0.13999999891550866,0.0,-0.149999998838045,0.0,-0.16999999868311777,0.2003846168082565,-5.807247105945575,2.110928361109842,0.3339727396218398,6.207656914197225,2.6170410243621958,2.5203910728421617,-3.6332977846471257,-0.1599999987605814,-4.0114766078108595,30.65479774475095,3.67021679878235,1.0,110.999999673762,0.0,0.0,0.0,130.382655858911,4.05319890975952,106.63699504328699,-0.11099999887334885,32.2692577,1.00000009897534,1898.6313819885258,1898.07884693146,133.6873143911362,-835.5919837951658,-40.889810770750046,-64.8456832,-2.0,84.4257507324219,285.742919921875,453.495025634766,201.669998168945,76.1625647544861,57.1086883544922,0.0292000001873527,0.157453762934939,0.771474028899466,0.13079999557168043,0.0,0.0,1.0,7.0,0.0,0.0,0.0,26050904.0,1.0,-4.674406529736612,97.3145716149553,27.1051692008972,3.6434465503692643
2026-05-09 18:08:40+00:00,ITA,ITA,0.0,-0.06999999945775434,0.0,-0.12999999899297232,-0.00999999992253634,-0.1599999987605814,0.2009706523751285,-5.806221723796425,2.1134500669514105,0.3296754834168443,6.08629789958103,2.6183917369592478,2.519574438349522,-2.8711211586562717,-0.1599999987605814,-4.054221425740675,31.92629871368405,4.898317909240722,1.0,110.999999673762,0.0,0.0,0.0,123.888074863956,5.02850546836853,106.1874005732468,0.6155999926700159,32.2692503,1.00000009897534,1898.694586753846,1898.0517625808739,182.6109558343888,-793.9822793006895,-11.582205817103375,-64.8456724,-2.0,86.0575332641602,286.348205566406,453.170104980469,200.772003173828,76.1527597904205,57.1008443832398,0.7376000045315636,-0.133819307374711,0.193308587518869,-0.5521999836629033,0.0,0.0,1.0,7.0,0.0,0.0,0.0,26050904.0,1.0,-4.976111097169612,97.4507963228566,27.101815795898453,4.867692918777462
2026-05-09 18:08:41+00:00,ITA,ITA,0.0,-0.0499999996126817,0.0,-0.149999998838045,-0.0499999996126817,-0.1899999985281906,0.19540404820156848,-5.806954048141501,2.1091262583860177,0.3690652857459281,5.8609180921133,2.6165008417762117,2.5201189751811,-4.54958806699448,-0.1599999987605814,-4.26544694681403,33.01375980377195,5.9095137119293195,1.0,110.999999673762,0.0,0.0,0.0,117.999823422001,6.16538786888122,105.40340004144241,0.5807999920858155,32.2692429,1.00000009897534,1898.622298240662,1898.114943504336,97.12474495172509,-790.6806707382202,-40.038866549730315,-64.8456585,-2.0,88.1300201416016,287.198425292969,452.446868896484,199.772003173828,76.1566817760468,57.1243703365326,0.14619999507886047,1.50575778448992,0.590050330722176,-1.254600010665254,0.0,0.0,1.0,7.0,0.0,0.0,0.0,26050904.0,1.0,-5.4181162025137715,97.55220755655836,27.17973890304565,5.863583908081056
2026-05-09 18:08:42+00:00,ITA,ITA,0.0,-0.0499999996126817,0.0,-0.149999998838045,-0.0999999992253633,-0.199999998450727,0.19642972383540752,-5.8059288794357595,2.110928403798526,0.36906529108201336,5.81783859491415,2.618391523515836,2.51957443834952,-4.755963428049521,-0.1899999985281906,-4.465729010733135,33.78545322418215,6.609848098754881,1.0,110.999999673762,0.0,0.0,0.0,112.906189357896,6.79779009819031,103.7775991850016,0.6820000128596677,32.2692356,1.00000009897534,1898.694586753846,1898.1872081756621,178.2596111297608,-762.3406529426576,-22.4155593663454,-64.8456417,-2.0,89.5272521972656,288.082824707031,451.500549316406,198.772003173828,76.1390388011932,57.0910453796387,0.5607999695623807,-1.73967703596746,-0.574261121156074,-1.9913999439129122,0.0,0.0,1.0,7.0,0.0,0.0,0.0,26050904.0,1.0,-5.798934936480398,97.60189035258105,27.2545446395874,6.550928678512572
2026-05-09 18:08:43+00:00,ITA,ITA,0.029999999767608997,-0.04999999961268166,0.0,-0.09999999922536333,0.009999999922536407,-0.1799999986056542,0.197454925891677,-5.8059288794357595,2.1138105301848595,0.41060332664328403,5.90137095468976,2.617581377702908,2.5201188898037357,-4.490460400010152,-0.19999999845072677,-4.60890300922812,35.0049991607666,7.758093280792235,1.0,110.999999673762,0.0,0.0,0.0,108.608238181153,8.02012424468994,101.59140043169059,0.366200005380852,32.2692291,1.00000009897534,1898.631358146668,1898.096895217898,154.06978726387024,-748.664629459381,-37.20762394368648,-64.8456219,-2.0,91.0359878540039,288.912109375,470.377593994141,197.772003173828,76.1566817760468,57.1165323257446,0.3620000073343773,1.18887147811229,-0.37624249121446,-2.1755998792000617,0.0,0.0,1.0,7.0,0.0,0.0,0.0,26050904.0,1.0,-6.20704206910588,97.57917314340159,27.3758113861084,7.679090166091919
2026-05-09 18:08:44+00:00,ITA,ITA,5.189999943788102,5.490000101546748,0.0,5.2699999431683935,5.649999972241282,5.23999995940904,0.19774818379895148,-5.804170319167895,2.1210167212686803,0.4149003907492094,5.38546734332824,2.6192020535269043,2.520391158219526,-6.7323578945870866,0.04999999961268166,-5.545079686164745,36.564244079589855,9.267761192321776,1.0,110.999999673762,0.0,0.0,0.0,103.705794772295,9.59838066101074,99.2370028059173,0.159200002181873,32.2692227,-2.080252316688708,1898.748803138734,1898.0607986450218,157.14564919471738,-776.500606536865,1.7971314489841614,-64.8455979,-2.0,93.0960464477539,289.797058105469,448.890808105469,196.772003173828,76.1625647544861,57.1184933185577,0.27280000294273204,-0.369820565929914,0.0660677461607656,-2.701200096682834,0.0,0.0,1.0,7.0,0.0,0.0,0.0,26050904.0,1.0,-6.730845349195386,97.4731173810642,27.3797141075134,9.15569189071655
2026-05-09 18:08:45+00:00,ITA,ITA,8.740000049690632,8.620000114653221,0.0,8.630000023862307,8.630000023862308,8.510000259579623,0.2041931142811995,-5.8046097991523,2.124619603367182,0.42242030629543176,1.07068535316983,2.618661913629604,2.5201188898037357,-8.522595640673313,-0.21999999829579933,-5.694722087247145,37.084271621704104,9.963479518890363,1.0,110.999999673762,0.0,0.0,0.0,96.4582673836162,10.0493599891663,96.27039893238148,-0.04379999627896515,32.2692177,-2.191309954621329,1898.76687526703,1898.2052564621001,167.5821125507356,-772.0981478691102,-2.9621805995702815,-64.84557,-2.0,95.4477462768555,289.991180419922,447.117523193359,195.772003173828,76.1625647544861,57.1008443832398,0.6606000109977275,-0.565466985795419,-0.680091860776807,-2.8725999799889417,0.0,0.0,1.0,7.0,0.0,0.0,0.0,26050904.0,1.0,-6.97109921692997,97.27751783870801,27.18436603546145,9.845155563354492
2026-05-09 18:08:46+00:00,ITA,ITA,9.80000015887336,9.720000031427023,0.0,9.710000122217936,9.579999936461979,9.720000202181751,0.203314781302405,-5.805196128203865,2.116332833667984,0.43960828524269824,-2.31315903531047,2.6170410243621958,2.5198467067653096,-8.189190884641812,-0.08999999930282707,-5.122464719477965,37.469126129150396,10.295741958618182,1.0,110.999999673762,0.0,0.0,0.0,93.8954711240007,10.3246524810791,93.68719679960165,-0.49180000718267236,32.2692148,-1.241913649317384,1898.748803138734,1898.259472846988,156.14151358604434,-731.4420819282532,18.819047743454572,-64.8455403,-2.0,97.6687088012695,289.646911621094,454.867126464844,194.772003173828,76.135116815567,57.0106625556946,0.4255999994779106,1.0567083848896,0.290873664325763,-2.436599934274376,0.0,0.0,1.0,7.0,0.0,0.0,0.0,26050904.0,1.0,-6.473323055691717,97.000314611243,27.1940314292908,10.220426902770999
2026-05-09 18:08:47+00:00,ITA,ITA,9.790000078909545,9.620000085562513,0.0,9.530000048907088,9.49999997977037,9.75000027131847,0.20565843665211198,-5.806221723796425,2.115972285057172,0.5162391657488334,-3.445836199243545,2.618121560288892,2.5203910728421617,-8.432950090835813,-0.06999999945775433,-3.8951021371848897,37.8418767929077,10.393651599884041,1.0,110.999999673762,0.0,0.0,0.0,91.4454412875821,10.4399325370789,91.73419709700924,-0.5517999960457199,32.2692132,-0.24699530092253283,1898.604273796082,1898.114967346194,173.5012978315354,-705.1461577415466,-13.377007842063922,-64.84551,-2.0,100.385192871094,289.412170410156,452.853271484375,193.772003173828,76.1213898658752,56.9694936275482,0.36539997878666375,-0.9640498251658,-0.362925303199801,-1.381599993139604,0.0,0.0,1.0,7.0,0.0,0.0,0.0,26050904.0,1.0,-5.236225532840665,96.6853336074787,27.4848017692566,10.37386865615846
2026-05-09 18:08:48+00:00,ITA,ITA,11.709999893281793,11.730000053209412,0.0,11.68000016565453,11.769999690045756,11.510000001552754,0.206537243208476,-5.807393528125905,2.1257003100486083,0.524833197911149,-3.744765297962975,2.6183917369592478,2.520391158219526,-9.430111947390241,-0.1999999984507266,-2.682548472229455,37.82684268951415,9.921778163909917,1.0,110.999999673762,0.0,0.0,0.0,88.6932507124713,9.58127889633179,90.77659911122211,-0.7348000004978286,32.2692125,1.173897774456794,1898.486828804016,1897.9885101318382,163.29582631588,-614.6717667579652,47.98205643892288,-64.8454797,-2.0,102.706130981445,289.204040527344,450.649078369141,192.772003173828,76.1233508586884,56.9773375988007,0.24180000244915742,-0.0222155971519698,0.17913067560687,-0.5601999681262856,0.0,0.0,1.0,7.0,0.0,0.0,0.0,26050904.0,1.0,-3.8264352999396722,96.37543767955145,27.870172977447503,9.917860507965084
2026-05-09 18:08:49+00:00,ITA,ITA,17.600000034418677,17.440000121035443,0.0,17.3199998444886,17.56000005607286,17.32000018599806,0.212396618371528,-5.807979643734055,2.118134253372892,0.5105097576131035,-4.482897865150725,2.618661700186192,2.520118804426372,-12.10688442745938,-0.269999997908481,-1.746762023210025,36.8706802368164,8.561606884002686,1.0,110.999999673762,0.0,0.0,0.0,87.7558140790762,8.29034070968628,90.8633998872703,-0.5056000041942867,32.2692129,1.0056568403016,1898.667478561402,1898.1330156326324,149.0290015935898,-618.5466647148132,27.4374959990382,-64.8454527,-2.0,105.16527557373,288.792114257812,438.328521728516,191.669998168945,76.1253118515015,56.9773375988007,0.32399999108687505,-0.484047662433429,-0.234202304121698,0.34560000009762,0.0,0.0,1.0,7.0,0.0,0.0,0.0,26050904.0,1.0,-2.52773911841731,96.09972343332555,28.26963415145875,8.546968803405765
2026-05-09 18:08:50+00:00,ITA,ITA,19.270000069507,19.240000171125022,0.0,19.159999872923983,19.01000003950454,19.220000011197403,0.211663727067394,-5.807393528125905,2.1145313712743943,0.5015577168165734,7.585676180664425,2.6183917369592478,2.5201189751811,-13.171566802072899,-0.02999999976760892,-1.0551975790617105,36.5637016296387,7.704143028259276,1.0,110.999999673762,0.0,0.0,0.0,87.2470606085587,7.5042311668396,90.11959775080727,-0.8564000033978522,32.2692133,1.0000001630083586,1898.586201667786,1898.024678230288,146.73995077610022,-569.5463418960572,-10.211980994790778,-64.8454289,-2.0,107.021713256836,288.713348388672,436.776916503906,190.772003173828,76.1331558227539,56.9538116455078,0.257399985092759,0.241795900333592,-0.836134255833213,-2.15119992485252,0.0,0.0,1.0,7.0,0.0,0.0,0.0,26050904.0,1.0,-1.5763569249400142,95.87042373760451,28.826453018188502,7.683393974304198
2026-05-09 18:08:51+00:00,ITA,ITA,13.339999864646941,13.029999947089593,0.0,13.209999593513633,12.73999989063912,13.219999801543505,0.211517338237595,-5.808272701538135,2.116332662913252,0.5176714991064675,13.3115746663781,2.618661700186192,2.5195744383495198,-8.687008806083554,-0.1299999989929724,-0.019559554029227016,37.7047107696533,6.95771421432495,1.0,110.999999673762,0.0,0.0,0.0,81.5428554439792,6.83431792259216,86.55499988713413,-1.503199985367456,32.2692148,0.9999999495649515,1898.5500812530522,1898.114943504336,126.25517696142208,-588.2465720176698,-53.40967606753111,-64.8454075,-2.0,108.632850646973,287.964080810547,434.978118896484,189.669998168945,76.1900067329407,57.043993473053,0.09960000093600921,0.153500043900853,0.0918120564937593,-4.490999814199852,0.0,0.0,1.0,7.0,0.0,0.0,0.0,26050904.0,1.0,-0.09096834136827803,95.6172764363963,30.72340564727785,6.937387962341307
2026-05-09 18:08:52+00:00,ITA,ITA,-1.8900000013676241,-1.8399999857466842,0.0,-1.6999999975033462,-1.919999985126974,-1.939999974299878,0.215179440210632,-5.80783322155372,6.106294857857487,0.5631486061477048,13.252735147999399,2.6175812923255437,2.5198467067653096,1.75191048106816,-0.04999999961268166,2.35144534053786,39.63713035583495,6.551935729980469,1.0,110.999999673762,0.0,0.0,0.0,70.3246932039618,6.55757188796997,82.47100165406525,-1.9485999722055438,32.269218,0.9999999495649508,1898.4507083892822,1898.1872081756621,127.18723565340046,-689.559280872345,46.117003913968816,-64.8453882,-2.0,110.025505065918,287.198059082031,433.295166015625,188.669998168945,76.2076556682587,57.0871233940124,0.1497999996933678,0.0429266583762591,-0.631896711971875,-3.6721998100838524,0.0,0.0,1.0,7.0,0.0,0.0,0.0,26050904.0,1.0,2.769803882744276,95.31534792413585,33.0560863494873,6.500006532669066
2026-05-09 18:08:53+00:00,ITA,ITA,-1.419999999672332,-1.389999994568638,0.0,-1.4399999888452322,-1.44999996208734,-1.39999998915509,0.22221088650742898,-5.810030408032355,7.756468860153346,0.540947364399184,13.0410155054283,2.617311201032552,2.5201189751811,2.613650433080834,0.019999999845072662,4.347978043545995,40.6377565383911,6.782494382858276,1.0,110.999999673762,0.0,0.0,0.0,65.2821762756057,6.82013826370239,78.99600084588653,-2.655000014117952,32.2692242,0.9999999709092924,1898.3151912689202,1898.223304748538,108.13755244016633,-780.4477930068972,-10.153989493846904,-64.8453696,-2.0,111.201950073242,286.247009277344,431.524597167969,187.669998168945,76.2880325317383,57.2125911712646,-0.015200001363018883,-0.232728077158459,-0.770069411168823,-3.2095998914674437,0.0,0.0,1.0,7.0,0.0,0.0,0.0,26050904.0,1.0,5.108935822279462,94.99129984424835,33.8746467590332,6.665420637130737
2026-05-09 18:08:54+00:00,ITA,ITA,-1.550000014673556,-1.3799999999821861,0.0,-1.39999998915509,-1.4399999675008899,-1.3799999999821861,0.2309999459169535,-5.812374016691315,4.745802155621296,0.42814960770945565,12.5519043783032,2.618121560288892,2.5201188898037357,4.518710062417324,0.16999999868311752,5.82479300814969,41.30415630340575,7.262226734161378,1.0,110.999999673762,0.0,0.0,0.0,61.5488221960334,7.38813400268555,75.89879555919303,-2.9893999714002017,32.2692319,0.9999999495649515,1898.279047012328,1898.1510877609282,97.25628420710561,-715.3557300567629,61.804223805665984,-64.8453508,-2.0,112.301528930664,284.964538574219,429.436584472656,186.669998168945,76.30175948143,57.2223961353302,-0.31600000128740763,-0.84319581766136,0.70036007361285,-3.0707998607395703,0.0,0.0,1.0,7.0,0.0,0.0,0.0,26050904.0,1.0,6.928630808218122,94.63568946020625,34.15277767181395,7.052960615158081
2026-05-09 18:08:55+00:00,ITA,ITA,-1.6099999821922641,-1.350000016222834,0.0,-1.3999999891550858,-1.459999999362474,-1.35000001622283,0.23495482554958952,-5.8135460344642045,5.198699192880147,0.5810530719389057,12.2960544566178,2.6170410243621958,2.5201188898037357,8.407412611170699,0.2599999979859446,7.50112313449475,42.23349151611325,8.165129013061524,1.0,110.999999673762,0.0,0.0,0.0,60.4833741572139,8.33577518463135,72.76699946246697,-2.3028000289057737,32.2692411,0.9999999282206099,1898.080253601072,1898.0607748031641,7.098878733813757,-570.3101396560668,-7.892446359619484,-64.8453304,-2.0,113.799407958984,283.492736816406,427.333160400391,185.669998168945,76.3194024562836,57.2380781173706,-0.609399993838621,1.61411542729929,0.435053461536884,-3.2787999530434275,0.0,0.0,1.0,7.0,0.0,0.0,0.0,26050904.0,1.0,9.165333004780255,94.2602373766252,34.1800546646118,7.809700870513916
2026-05-09 18:08:56+00:00,ITA,ITA,-1.6499999605380702,-1.31000003787703,0.0,-1.34000002163638,-1.44999996208734,-1.34000002163638,0.2356872566163675,-5.8142787856961,5.777340951909943,0.5889308947337218,11.28263453002725,2.61812134684548,2.519846621387946,11.19252324666576,0.3099999975986264,9.603108942367712,42.7367597579956,8.956426334381103,1.0,110.999999673762,0.0,0.0,0.0,59.7182905173349,9.06979665756226,68.92880061309714,-2.276399981725838,32.2692518,2.3752842588781107,1897.8362321853597,1898.1240034103423,82.2251021862029,-518.6292409896848,28.35330329835416,-64.8453083,-2.0,115.613395690918,281.571807861328,424.601959228516,184.669998168945,76.3194024562836,57.2674870491028,0.18360000188614017,-1.40418518756901,0.055028229466161,-4.347599821820704,0.0,0.0,1.0,7.0,0.0,0.0,0.0,26050904.0,1.0,12.0376725838071,93.86701314082384,33.97105350494385,8.47713798522949
2026-05-09 18:08:57+00:00,ITA,ITA,-1.700000018847686,-1.4199999783279877,0.0,-1.500000020396962,-1.3799999999821861,-1.2800000114289962,0.23612691002354702,-5.813399612283876,6.212943950190324,0.5907215142020056,10.13314784365997,2.313760604221622,2.2644876622378343,12.266360636087981,0.42000000208261123,13.783033169593299,44.055898475647,10.315130939483662,1.0,110.999999673762,0.0,0.0,0.0,55.2292852891275,10.6257765769958,64.55659981592383,-2.570400095775066,32.2692643,8.184936872072004,1897.9989290237397,1898.087882995608,17.620722838910307,-493.24162006378157,-47.24072664976118,-64.8452842,-2.0,117.058738708496,279.936553955078,422.741394042969,183.669998168945,76.3742923736572,57.2753310203552,-0.6723999952182298,1.35036745905584,-0.80485006844385,-4.301799902963822,0.0,0.0,1.0,7.0,0.0,0.0,0.0,26050904.0,1.0,15.72547442425724,93.45647437547646,33.906572341918945,9.615451011657715
2026-05-09 18:08:58+00:00,ITA,ITA,-1.5200000309142039,-1.4399999675008899,0.0,-1.389999994568636,-1.329999984361248,-1.290000006015444,0.238910198770114,-5.813399612283875,7.738453723953247,0.5960927002601096,9.835267926030085,1.9613290755965802,1.9326299013646597,12.324343819499541,0.22999999821833553,16.176084714182,45.707981300354,11.828583641052239,1.0,110.999999673762,0.0,0.0,0.0,53.1692660845058,12.1590534210205,60.197599042340585,-3.2378000350031337,32.2692803,6.756032610910819,1898.026013374326,1898.18723201752,56.67241401970383,-486.2298130989076,-1.1679761577397556,-64.8452575,-2.0,118.398681640625,276.963684082031,419.484069824219,182.669998168945,76.4213442802429,57.3223829269409,-0.5253999862183848,-1.66460098399285,-0.0125535842046326,-4.202599686873754,0.0,0.0,1.0,7.0,0.0,0.0,0.0,26050904.0,1.0,19.5021817635484,93.04234976081486,34.2194664001465,10.77439310073854
2026-05-09 18:08:59+00:00,ITA,ITA,-1.520000030914204,-1.459999978018132,0.0,-1.370000005395732,-1.5700000038464599,-1.540000020087108,0.2507758115035865,-5.81354624790762,7.754667056250296,0.6003898604155701,8.530271492639935,2.533321645469372,1.3236348563685163,15.7701599123737,-0.02999999976760902,17.69655141777125,47.749814414978005,13.82964391708374,1.0,110.999999673762,0.0,0.0,0.0,49.9270367572032,14.2504992485046,55.9059992585059,-3.176599960558576,32.2692999,5.565025802220566,1897.944664955136,1898.1962203979522,-27.646715333685286,-477.9282808303834,-4.132622200995683,-64.8452277,-2.0,120.310089111328,275.006164550781,417.072662353516,181.669998168945,76.4448702335358,57.3596298694611,-1.0618000027672445,0.472424174569948,1.22008768377507,-4.467999877877432,0.0,0.0,1.0,7.0,0.0,0.0,0.0,26050904.0,1.0,22.71892014184948,92.6136461073698,34.47564697265625,12.27278972625732
2026-05-09 18:09:00+00:00,ITA,ITA,-1.4699999939489239,-1.44999996208734,0.0,-1.35000001622283,-1.56000000926001,-1.540000020087108,0.259711739990586,-5.816182914370655,7.734490506687348,0.6175779247402013,-1.762581841895365,3.57279221237511,0.28532084592854706,19.6695442793474,-0.0499999996126817,19.0281318011847,49.64688377380375,15.7787477874756,1.0,110.999999673762,0.0,0.0,0.0,48.3312142840485,16.1180265426636,53.231798515414006,-2.11000001033559,32.2693243,5.057028945908304,1897.953724861142,1898.051762580874,25.398775213398025,-502.1042764186858,1.8826027400791603,-64.8451948,-2.0,122.483245849609,271.166290283203,412.095886230469,180.669998168945,76.4683961868286,57.3949158191681,-0.4989999977353886,0.782288833037388,0.793787830031074,-0.3405999867961398,0.0,0.0,1.0,7.0,0.0,0.0,0.0,26050904.0,1.0,25.37589753842086,92.17332088705206,34.617449569702146,13.4654416465759
2026-05-09 18:09:01+00:00,ITA,ITA,-1.4599999780181316,-1.44999996208734,0.0,-1.33000002704993,-1.5700000038464599,-1.5100000363277521,0.2567820557441135,-5.81603627874691,6.853557125465386,0.6139969739522397,-3.4484624069794148,4.2779252328521356,-0.39500069863540077,19.078647538776682,-0.0499999996126817,19.85343978029665,50.6819091796875,17.044006118774398,1.0,110.999999673762,0.0,0.0,0.0,50.3329617297663,17.3271406173706,54.0473996004322,-1.247000016487098,32.2693514,4.413576717127361,1897.97177314758,1898.03366661072,135.9634220600128,-504.67588305473345,55.01979440450668,-64.8451583,-2.0,123.745635986328,267.910736083984,407.701416015625,179.669998168945,76.4644742012024,57.3968768119812,-0.01960000122221318,0.0923619867735445,0.433434813425297,1.3519999809891758,0.0,0.0,1.0,7.0,0.0,0.0,0.0,26050904.0,1.0,27.436822084617024,91.7860730667744,34.6338706970215,13.843190917968718
2026-05-09 18:09:02+00:00,ITA,ITA,-1.44999996208734,-1.44999996208734,0.0,-1.460000020706818,-1.56000000926001,-1.5000000417413,0.24828528707640452,-5.814571416613354,5.056020553854718,0.6168615232736319,-0.23115824755716047,4.208789545809078,-0.31686859057446476,19.0530889709025,-0.0499999996126817,20.6258675810807,50.98530864715575,17.5646894073486,1.0,110.999999673762,0.0,0.0,0.0,51.0201880432963,17.5961992263794,54.66379958434484,-1.130600018029106,32.269379,3.6817575499215445,1897.8814125060999,1898.142027854922,84.44972485303882,-525.4881858825686,3.5213975468650602,-64.8451189,-2.0,125.576370239258,264.061950683594,403.050567626953,178.669998168945,76.4605581760406,57.3929607868195,0.1085999984650535,0.0328496680811507,-0.493919687022477,-0.21099998609252024,0.0,0.0,1.0,7.0,0.0,0.0,0.0,26050904.0,1.0,29.190213606829342,91.50212502750405,34.57908840179445,13.772070236206039
2026-05-09 18:09:03+00:00,ITA,ITA,-1.44999996208734,-1.44999996208734,0.0,-1.540000020087108,-1.530000025500656,-1.4300000156031198,0.24887084239560098,-5.8154503765821755,4.891003098129846,0.6168615232736319,-0.6514454070675391,4.167469718783531,-0.2809331404098586,19.30180723594338,0.03999999969014532,21.228463581926,51.05917625427245,17.80102455139158,1.0,110.999999673762,0.0,0.0,0.0,50.4045182066059,17.9290489196777,54.272199567528105,-1.186999984935368,32.2694068,3.681019547981724,1897.8542804717981,1898.01564216614,143.3857530355452,-528.1146764755248,21.543675288558006,-64.8450787,-2.0,127.243881225586,260.629333496094,398.212188720703,177.669998168945,76.448792219162,57.3929607868195,-0.06599999655389291,-0.671606204506713,0.643031414422877,-0.5399999744726209,0.0,0.0,1.0,7.0,0.0,0.0,0.0,26050904.0,1.0,30.20958382347006,91.27301657707974,34.548354148864746,13.912371997833258
2026-05-09 18:09:04+00:00,ITA,ITA,-1.44999996208734,-1.44999996208734,0.0,-1.480000009879716,-1.5000000417413,-1.35000001622283,0.24945735821014897,-5.8144249944330255,4.427297030377354,0.6161455060052028,-0.876825321256975,4.167469804160898,-0.2885557649257252,19.00502390518474,0.10999999914789964,21.888359747265852,51.2111669540405,18.17835308074952,1.0,110.999999673762,0.0,0.0,0.0,50.3337881826558,18.1915483474731,53.82459882970638,-0.9605999393047082,32.2694357,3.7128927964983154,1897.9266166686982,1898.1600999832178,129.23820763826373,-551.1641621589661,10.313934436999261,-64.8450379,-2.0,129.247817993164,256.933807373047,393.326171875,176.669998168945,76.4625132083893,57.4125647544861,0.21080000295609924,-0.406842352345925,-0.106271140079853,-0.20139999571514317,0.0,0.0,1.0,7.0,0.0,0.0,0.0,26050904.0,1.0,31.409949271983702,91.06791965668259,34.4108585357666,14.25148681640626
2026-05-09 18:09:05+00:00,ITA,ITA,-1.44999996208734,-1.44999996208734,0.0,-1.41999997832799,-1.480000009879716,-1.33000002704993,0.24960327346237898,-5.81808704304521,4.076364557520402,1.1063673819718876,-0.5180034743145775,4.158017761500612,-0.2738549673482068,19.137775461893103,0.11999999907043599,22.326074981547052,51.00336570739745,18.30940280914308,1.0,110.999999673762,0.0,0.0,0.0,51.2933614591509,18.2926174163818,53.84799905780286,-1.1064000174695168,32.2694646,2.9937009842092457,1898.0079412460298,1833.716368675232,167.3370480537414,-546.4077949523924,32.410147448536,-64.8449965,-2.0,130.706634521484,253.681182861328,389.209014892578,175.772003173828,76.4566361904144,65.5152142047882,0.1687999978119593,-0.52447197695359,0.308292967906396,0.06139999488197891,0.0,0.0,1.0,7.0,0.0,0.0,0.0,26050904.0,1.0,32.53112687329806,90.9007097956115,34.277393531799305,14.174270095825202
2026-05-09 18:09:06+00:00,ITA,ITA,-1.44999996208734,-1.44999996208734,0.0,-1.35000001622283,-1.4399999675008899,-1.269999995498204,0.2416935008568945,-5.822481416002465,4.199947695173767,2.4853621915516557,2.605787177798855,4.306822055683168,-0.06967687431384853,19.40022650527922,0.1699999986831178,22.70701512212615,51.0096965789795,18.530831909179682,1.0,110.999999673762,0.0,0.0,0.0,49.955832834744,18.5464736938477,53.04320059997592,-0.8807999684175638,32.2694936,2.4405485946996057,1898.044085502622,1538.301801681518,133.2173347473144,-559.7376823425294,-30.802889727056062,-64.8449545,-2.0,133.062469482422,249.213165283203,383.106628417969,174.669998168945,84.9729478359222,68.1108832359314,-0.1172000037078397,-0.450086094250274,-0.92550600046236,-1.9833999834619163,0.0,0.0,1.0,7.0,0.0,0.0,0.0,26050904.0,1.0,33.50247607894116,90.76658878597456,34.236848831176744,14.35418014526368
2026-05-09 18:09:07+00:00,ITA,ITA,-1.44999996208734,-1.41999997832799,0.0,-1.430000015603122,-1.330000027049932,-1.2499999849809578,0.242425438335783,-5.822335207265545,6.377960979028374,3.8851264751473558,3.955438747652315,4.53151393503543,0.12742309535115223,20.091068379446362,0.19999999845072666,23.0065061106265,51.1462068557739,18.898766098022442,1.0,110.999999673762,0.0,0.0,0.0,48.4105298557853,18.987979888916,50.484200559501126,-1.2292000312458582,32.2695238,1.79395768055163,1898.0983257293678,1160.1923942565918,96.44842892885208,-574.889016151428,-44.08812783658506,-64.8449127,-2.0,134.730743408203,245.793014526367,388.582275390625,173.772003173828,100.0,68.095201253891,-0.1960000005494451,0.676319355199139,0.229618233332414,-2.95779988776173,0.0,0.0,1.0,7.0,0.0,0.0,0.0,26050904.0,1.0,34.63143668081472,90.61579869966815,34.23180713653565,14.49246574401856
2026-05-09 18:09:08+00:00,ITA,ITA,-5.16000013078348,-4.990000052059072,0.0,-4.959999961578012,-5.040000003647,-5.140000120266239,0.2384705587031475,-5.821163189492649,7.75682966489625,4.946856201671342,5.626607812305775,4.321675497316464,-0.026663303906497487,21.73291403326646,0.029999999767608986,23.688392923772902,51.05536708831785,19.33783744812012,1.0,110.999999673762,0.0,0.0,0.0,43.6561171368095,19.4705268859863,46.647798732901926,-1.1401999769736062,32.2695564,2.273549402275736,1897.9266166686982,634.3485414981842,151.88590884208682,-470.24122476577776,33.00664750859141,-64.8448719,-2.0,136.630889892578,241.608978271484,373.424468994141,172.772003173828,100.0,68.1010842323303,-0.2671999965427888,0.257785853428268,-1.22172031243012,-4.088199952002882,0.0,0.0,1.0,7.0,0.0,0.0,0.0,26050904.0,1.0,35.791379703782425,90.4142193266936,33.88330364227295,14.834455718994121
2026-05-09 18:09:09+00:00,ITA,ITA,-18.590000096118878,-18.3499998845346,0.0,-17.62999993280068,-17.57999970373632,-17.150000192651017,0.2416930206092185,-5.819698327359095,7.7099901058703235,4.999137372409016,4.80494480633312,4.341119935977752,-0.03047466289686518,26.40553626145978,1.4300000049309536,24.05993045518585,52.00415325164795,20.90135227203368,1.0,110.999999673762,0.0,0.0,0.0,37.9219650078141,21.4642913818359,42.88999940629016,-2.934999947915944,32.2695939,4.308829192148142,1898.0079412460298,176.78639278747136,118.70128512382534,-495.27695775032043,21.046142932027585,-64.8448332,-2.0,138.445938110352,236.797393798828,367.941955566406,171.772003173828,100.0,68.1148052215576,-0.7313999883578914,-2.24067685439489,-1.90987030232366,-3.496599915391056,0.0,0.0,1.0,7.0,0.0,0.0,0.0,26050904.0,1.0,36.21306533785522,90.11710609779806,33.21387233734135,16.304700736999497
2026-05-09 18:09:10+00:00,ITA,ITA,-18.03000005776814,-14.950000017593961,0.0,-10.929999974029132,-6.669999932323487,-1.9899999258877918,0.2745065700630685,-4.0639099423566405,7.753226569354342,4.998420800187718,2.8143558620067752,4.04162075125038,-0.20225639613275453,26.202213482699523,16.00000021756758,24.06078166751115,54.287920761108396,23.95867023468016,1.0,110.999999673762,0.0,0.0,0.0,34.4926875349962,24.5843776702881,39.5433993243185,-3.960799976575268,32.2696386,4.274941037826392,1897.97177314758,2.338969660922888,30.607323069125425,-485.72930693626404,100.06293505430202,-64.8447936,-2.0,139.659393310547,231.585113525391,372.225738525391,170.772003173828,100.0,68.2010650634766,-1.2533999891167658,0.967068341892122,0.195541725872133,-3.4539999401603176,0.0,0.0,1.0,7.0,0.0,0.0,0.0,26050904.0,1.0,38.41485877907888,89.7530160339013,32.95325431823735,17.94941585540774
2026-05-09 18:09:11+00:00,ITA,ITA,-18.17000015273324,-15.749999926019502,0.0,-12.75000001329162,-9.6000000963896,-6.349999988163166,0.28549290266260796,0.6966118739036735,7.2080919254679685,4.997704825607972,1.0570259086447287,3.5776531299413583,-0.3865612528639096,26.347171953492563,11.829999999073937,24.62471196746505,57.2339080810547,27.36789848327636,1.0,110.999999673762,0.0,0.0,0.0,30.9868709623391,28.1785583496094,36.46579941261864,-5.2503998829157315,32.2696922,4.739509075452138,1898.026013374326,3.5671500489115724,234.5118641853334,-545.157587528229,283.3435922861098,-64.8447522,-2.0,140.784439086914,225.361251831055,365.944610595703,169.669998168945,100.0,62.8979742527008,-0.512199999981014,0.319533645011239,-2.26991625390148,-2.4047999608809723,0.0,0.0,1.0,7.0,0.0,0.0,0.0,26050904.0,1.0,41.026264811998445,89.37792253525174,32.982234191894506,18.471667785644534
2026-05-09 18:09:12+00:00,ITA,ITA,-18.230000291006657,-13.1000000799495,0.0,-7.1000000837390145,-0.08000005807722924,6.570000135869352,0.3106889769228955,0.6926569809308241,4.711213821532256,4.998062812897846,0.199638371950686,3.3459396880562777,-0.2855611805419238,26.33343883363786,24.81000031474074,24.2652177671061,59.554433441162104,30.58821853637694,1.0,110.999999673762,0.0,0.0,0.0,30.8423817255421,31.2903499603271,34.345199845153516,-5.6683999469124275,32.2697541,3.2484233270400322,1898.2067584991441,4.759215004742146,373.6242592334746,-472.7788746356964,350.93165636062616,-64.8447078,-2.0,141.424331665039,218.136032104492,359.095550537109,168.772003173828,100.0,62.8940582275391,-0.25740000376905725,-1.0544451376751,2.0291202825902,-1.8105999273842113,0.0,0.0,1.0,7.0,0.0,0.0,0.0,26050904.0,1.0,43.65232433276337,89.01309822601931,33.03010196685795,18.4223755645752
2026-05-09 18:09:13+00:00,ITA,ITA,-18.1399995713323,-14.73999970439164,0.0,-10.400000004815146,-5.860000007967146,-1.0499999865302279,0.3131795013500775,0.6941218430643801,3.8360448638376896,4.997346838318098,0.068298339868357,3.213338865085158,-0.17829956965092641,26.33877901704044,17.09000005437758,24.51504388883035,61.99161643981935,33.75231742858885,1.0,110.999999673762,0.0,0.0,0.0,29.2283397227764,34.3256698608398,33.06739985900052,-5.276800100850398,32.2698235,3.251828688605472,1898.080253601072,4.578602407127621,261.111018061638,-544.553565979004,315.07394909858715,-64.8446597,-2.0,142.611862182617,210.029754638672,351.470886230469,167.669998168945,100.0,62.8940582275391,-0.5709999993120842,1.32645656759721,-0.319107611961759,-1.4409999285397235,0.0,0.0,1.0,7.0,0.0,0.0,0.0,26050904.0,1.0,46.30774888582692,88.68625318366665,32.993574142456055,18.12749942779542
2026-05-09 18:09:14+00:00,ITA,ITA,-18.16000007276942,-14.40999996841614,0.0,-9.820000148046276,-5.050000126299492,0.2100000143815194,0.31566953218937,0.692803856678406,3.658776994260896,4.997704825607972,0.6787662571290844,3.099372548405804,-0.04245300243310123,26.360141458198022,18.3700003859717,24.92923509783635,63.9750331878662,36.77962074279786,1.0,110.999999673762,0.0,0.0,0.0,27.5381052522719,37.5731941223144,30.96539957966424,-5.838799847835365,32.2699007,3.1006972209066457,1898.2067584991441,4.55151041969657,383.95443558692943,-718.2290077209475,374.5267868041994,-64.8446098,-2.0,144.065689086914,201.18815612793,343.343078613281,166.669998168945,100.0,62.8783702850342,-0.4446000116037262,-0.507451038820213,-1.83470214951696,-2.408399961493414,0.0,0.0,1.0,7.0,0.0,0.0,0.0,26050904.0,1.0,49.448564247351996,88.41181618281556,32.95328006744385,17.3331425857544
2026-05-09 18:09:15+00:00,ITA,ITA,-18.210000472588497,-13.160000047468198,0.0,-7.130000067498367,-0.30000000301217483,6.979999977946872,0.31625556775624253,0.692510612111345,4.678426010685798,4.997346838318098,0.9839992602666735,2.9737932879675038,0.06616964421219843,26.364720758527064,25.189999938271143,24.8069934947134,65.74837760925291,39.701382522583,1.0,110.999999673762,0.0,0.0,0.0,25.3142759132385,40.2983459472656,28.175000584826954,-6.340200022069865,32.2699861,2.4620242035540043,1898.143506050108,4.560541082173586,443.45011711120605,-707.6862096786501,461.5310728549956,-64.8445589,-2.0,146.397506713867,191.433990478516,334.77587890625,165.669998168945,100.0,62.8822922706604,-0.4246000010864826,0.0847456721785324,0.187400433866169,-2.8413998466150536,0.0,0.0,1.0,7.0,0.0,0.0,0.0,26050904.0,1.0,52.275418352355885,88.16436184428055,32.9070001602173,16.46486698150634
2026-05-09 18:09:16+00:00,ITA,ITA,-18.27000026935242,-13.5700002523995,0.0,-8.019999927201972,-1.959999984817122,4.550000183533525,0.309517386036827,0.6932430164976965,3.6198647235404158,4.997704825607972,0.9072971430219294,2.8519953910084483,0.20501084133730219,26.40286634051322,22.819999769867042,25.2140445947158,67.5037799835205,42.48388984680176,1.0,110.999999673762,0.0,0.0,0.0,22.5147196837809,43.0157180786133,25.38780016757796,-6.270199974587341,32.2700799,2.4130464964970897,1898.2429027557362,4.533449187874794,531.602954864502,-721.464967727661,559.0370535850524,-64.8445091,-2.0,149.606781005859,181.000030517578,326.073364257812,164.669998168945,100.0,62.8764092922211,-0.23279999424794262,0.309146981676486,0.0906034331757844,-2.860599935258782,0.0,0.0,1.0,7.0,0.0,0.0,0.0,26050904.0,1.0,55.34321147844544,87.92791094049849,32.9005302429199,16.033707160949703
2026-05-09 18:09:17+00:00,ITA,ITA,-18.26000018938862,-13.15000013825912,0.0,-7.149999971293896,-0.739999962251177,6.130000075244726,0.3127398479428975,0.6914849097970794,3.1784970456005417,4.997346582186006,0.9582576379866455,2.753422698548376,0.2967549374488198,26.42232247587346,24.39999976829998,25.252078503109047,68.65909194946289,44.84256660461428,1.0,110.999999673762,0.0,0.0,0.0,20.2591350877488,45.3119087219238,22.68239980337634,-5.36939996363602,32.2701811,1.7954822641517398,1898.143506050108,4.497326537966726,602.954351902008,-655.3601503372192,603.705298900604,-64.8444609,-2.0,152.689117431641,169.563568115234,328.336944580078,163.669998168945,100.0,62.8626883029938,-0.16439999861977542,-0.508139713987621,1.53122254398472,-2.677199879156468,0.0,0.0,1.0,7.0,0.0,0.0,0.0,26050904.0,1.0,58.206040872826705,87.70469352823329,32.9265043258667,14.577259597778319
2026-05-09 18:09:18+00:00,ITA,ITA,-18.17000015273322,-14.969999836012098,0.0,-11.10999987658524,-7.350000033777664,-3.1099999278840333,0.2985301062821485,0.6929502521783115,2.2460408153935076,4.998062812897846,1.7294865004475,2.630273918237542,0.40837241076954295,26.483356021768298,15.069999781876618,25.856475112574252,69.81400222778319,47.18382865905762,1.0,110.999999673762,0.0,0.0,0.0,17.6999417529205,47.6255504608154,19.79919936979554,-4.640399957010128,32.2702896,1.823500191046978,1898.13446998596,4.5153879560530195,524.0610599517823,-658.1467270851136,501.79057717323303,-64.844416,-2.0,155.056106567383,157.561126708984,320.040954589844,162.669998168945,100.0,62.8764092922211,-0.45099998956947773,-0.281941911325502,-0.240806856925262,-3.65400000264407,0.0,0.0,1.0,7.0,0.0,0.0,0.0,26050904.0,1.0,61.643029629217516,87.4958331736035,32.98358001708985,12.27733205795288
2026-05-09 18:09:19+00:00,ITA,ITA,-18.14999965129612,-15.70000020921934,0.0,-12.469999994116261,-9.239999821701861,-5.450000101856608,0.2869577381157375,0.692070945363952,2.814594256953154,4.997704825607972,2.689319537574465,2.538722959065018,0.5292456175088536,26.46695434700488,12.69000004577289,27.4232257393005,69.35854682922366,49.599724273681645,1.0,110.999999673762,0.0,0.0,0.0,11.6614124888473,50.0812797546387,14.673800144918062,-5.841600054640343,32.270406,1.7786759433686883,1898.215794563292,4.768245760351422,501.3222634792326,-651.4046549797057,477.8435349464418,-64.8443777,-2.0,158.050521850586,144.907836914062,312.593200683594,161.669998168945,100.0,62.8783702850342,-0.5245999896396754,0.377419498227097,-1.28056121819101,-5.696200012117482,0.0,0.0,1.0,7.0,0.0,0.0,0.0,26050904.0,1.0,68.60042287629474,87.31501074551656,32.6933418273926,9.28660308837891
2026-05-09 18:09:20+00:00,ITA,ITA,-18.0999995929865,-13.2900000624694,0.0,-7.359999942986742,-0.4499999911780517,6.319999993731644,0.2894482625429195,0.6916318122250875,2.986096806540224,4.998062812897846,2.70823286499476,2.435018916236244,0.6024774010136785,26.33954263218966,24.41999958671816,28.842683336575348,67.49183921813966,52.07471534729005,1.0,110.999999673762,0.0,0.0,0.0,6.55572399463131,52.7012031555176,9.058800068351989,-6.528400078988769,32.2705309,1.309587430418136,1898.161578178404,4.768245760351421,638.060414791107,-676.9077897071841,661.2617611885072,-64.8443508,-2.0,159.04426574707,128.729888916016,317.028472900391,160.669998168945,100.0,62.8607273101807,-0.5873999985447134,-0.564722335093329,0.405498565987578,-5.753599726619168,0.0,0.0,1.0,7.0,0.0,0.0,0.0,26050904.0,1.0,77.48957257160784,87.14578256354575,32.2253499984741,4.251575453281402
2026-05-09 18:09:21+00:00,ITA,ITA,-18.11999975291414,-13.19999985505928,0.0,-7.280000157049871,-1.2499999849809584,5.319999990805834,0.309663768196519,0.691631305296985,2.2759455820469627,4.997346838318098,0.10192108331092199,2.3772254413289096,0.6558360554372641,26.31970571378318,23.430000208036837,29.3654489401752,67.63853073120114,54.9804467010498,1.0,110.999999673762,0.0,0.0,0.0,3.24283315871383,55.694881439209,5.235800097432739,-4.938800078922676,32.2706641,1.4633528325043281,1898.2519388198841,4.696000646799804,647.0940589904783,-812.170135974884,777.6196002960206,-64.8443361,-2.0,158.122116088867,114.075927734375,312.512420654297,159.669998168945,100.0,62.8587663173676,-0.4709999894145504,0.076289564480726,1.11088661932491,-1.0139999857418818,0.0,0.0,1.0,7.0,0.0,0.0,0.0,26050904.0,1.0,82.7198418379828,87.062129821686,32.054934883117696,-2.00533371090889
2026-05-09 18:09:22+00:00,ITA,ITA,-18.26000018938862,-15.200000309142002,0.0,-11.59999986745344,-8.020000097956698,-3.7800000454239253,0.3188924743431175,0.6914854167251815,0.6935080545179193,4.997346582186004,-0.19070529826931598,2.244354825885576,0.8270735189793441,26.45093140623096,14.490000095862479,29.40724628280105,68.86491737365725,57.80892768859862,1.0,110.999999673762,0.0,0.0,0.0,4.02419121839425,58.3168785095215,5.74480005240198,-5.214199965692031,32.2708052,1.8764307633643358,1898.0621576309181,4.686970077455045,776.2240529060364,-784.5922470092775,816.4955496788023,-64.8443256,-2.0,156.847030639648,98.6218414306641,308.712554931641,158.669998168945,100.0,62.8724932670593,-0.27259999479341096,0.636451380931216,-1.5864155951203,0.9235999668053608,0.0,0.0,1.0,7.0,0.0,0.0,0.0,26050904.0,1.0,85.91099227859634,87.13348139285051,32.0139078140259,-6.742112846374501
2026-05-09 18:09:23+00:00,ITA,ITA,-18.26999958633352,-13.879999999202118,0.0,-8.539999987206873,-2.579999990686546,3.7499999549428695,0.326656345036585,0.6913385409776001,0.540380570755864,4.996988594896132,0.0682983382008301,2.0436981687791738,0.770992703334221,26.37158612317132,22.029999941405315,29.3408039101025,68.96924629211425,59.43750045776365,1.0,110.999999673762,0.0,0.0,0.0,4.04230402629948,59.5884223937988,5.971199991310934,-6.380199915038302,32.2709519,1.662070292183656,1898.1706142425523,4.668908752501013,872.352457046509,-658.7313890457151,799.2367386817933,-64.844313,-2.0,155.933135986328,85.9964447021484,306.187896728516,157.669998168945,100.0,62.8626883029938,-0.049599998321779526,-0.328709977480725,0.173942866787768,-0.5777999862393599,0.0,0.0,1.0,7.0,0.0,0.0,0.0,26050904.0,1.0,88.75427572062972,87.32182727430819,31.961382865905748,-11.688710174560521
2026-05-09 18:09:24+00:00,ITA,ITA,-18.079999433058862,-13.419999735961202,0.0,-7.869999923027839,-1.7800000395723181,4.849999935749695,0.336763864409654,0.6910457499777884,0.5908225102882716,4.997346838318098,0.3498916614171905,1.9489061994681158,0.8140061824861755,26.283848245168986,22.94999978486826,29.1099076576629,68.64233093261714,60.76573654174804,1.0,110.999999673762,0.0,0.0,0.0,3.61009520514977,61.0968933105469,5.049799959068127,-5.95299992773906,32.2711018,1.2372550440887822,1898.152542114256,4.641816765069964,835.4730844497681,-655.6744933128355,802.1364092826843,-64.8443005,-2.0,154.739212036133,66.1993255615234,303.278564453125,156.669998168945,100.0,62.86661028862,-0.2457999986829124,-0.54182225827101,0.907505890678438,-0.7733999821628497,0.0,0.0,1.0,7.0,0.0,0.0,0.0,26050904.0,1.0,91.3508267751234,87.57501555665145,32.03938751220705,-14.210140628814699
2026-05-09 18:09:25+00:00,ITA,ITA,-18.270000269352458,-15.08000003259518,0.0,-11.48000027392551,-7.8699999230278355,-3.7799999813909038,0.3193316475026215,0.690752505410728,0.6088376091357712,4.997704825607972,0.239566797394828,1.93837391970191,0.8224455322081317,26.499378621032783,14.480000186653399,28.92541058780255,68.4185428619385,61.60705307006833,1.0,110.999999673762,0.0,0.0,0.0,3.284838608666,61.6272651672363,4.4733999535012945,-5.066800043780193,32.271255,1.24254195201583,1898.0983257293678,4.677939321845772,731.8989157676696,-794.5530652999878,703.424024581909,-64.8442896,-2.0,154.817779541016,49.3493728637695,301.968811035156,155.669998168945,100.0,62.841123342514,-0.5781999418400325,0.042724450759283,0.310794257885649,-0.2203999792428763,0.0,0.0,1.0,7.0,0.0,0.0,0.0,26050904.0,1.0,93.1314625558971,87.8676618418298,31.84311332702635,-14.761850337982178
2026-05-09 18:09:26+00:00,ITA,ITA,-18.17999989118758,-17.24999962625136,0.0,-16.21999958620534,-15.230000036769303,-14.100000221613518,0.308637625655217,0.690752505410728,0.3382522586793348,4.996630351474166,0.243768691085601,1.88139071867355,0.8692703743108303,26.499378962542238,4.080000011083507,29.28990021776565,67.481982421875,61.03247634887695,1.0,110.999999673762,0.0,0.0,0.0,2.97727967265197,60.8041076660156,4.6216000320743955,-5.274399801621326,32.2714085,1.4305266231881297,1898.1796503066998,4.67793941497803,600.3878116607665,-782.5075507163999,656.9888710975648,-64.8442794,-2.0,155.156066894531,32.2580146789551,301.530578613281,154.669998168945,100.0,62.8430843353272,-0.38439999958361737,1.11932755920028,-0.419569796214436,-0.030999997492026327,0.0,0.0,1.0,7.0,0.0,0.0,0.0,26050904.0,1.0,93.9719118691158,88.1851222042628,31.616032791137698,-12.1461633682251
2026-05-09 18:09:27+00:00,ITA,ITA,-18.26000053089806,-16.77999996606552,0.0,-14.879999970111422,-13.099999738440042,-10.900000075647153,0.3083443544077295,0.690898874230207,0.21935338748872532,4.997346838318098,0.36144828813199903,1.87896002510267,0.8836988928003879,26.487935322097343,7.360000028364108,29.550043340231248,66.4881317138672,59.79669433593748,1.0,110.999999673762,0.0,0.0,0.0,2.97486520078037,59.5866989135742,4.348399807727245,-6.402600118062909,32.2715595,1.30064839899754,1898.026013374326,4.650847427546977,687.1391773223877,-774.031960964203,731.0021996498109,-64.84427,-2.0,157.732864379883,15.4879713058472,301.858367919922,153.669998168945,100.0,62.841123342514,0.18540000052483485,0.346255799643562,-0.425230022004393,-0.23959999684997008,0.0,0.0,1.0,7.0,0.0,0.0,0.0,26050904.0,1.0,93.5621660887311,88.5026269629254,31.426547813415553,-7.779183597564685
2026-05-09 18:09:28+00:00,ITA,ITA,-18.24000037097048,-17.19000017099684,0.0,-16.200000109296603,-15.230000036769301,-14.129999949240784,0.3004341148947825,0.691339021225276,0.38365010884577366,4.996272364184292,0.133441926082855,1.91028732806117,0.8499415899620993,26.56766241273158,4.109999989506777,29.53146351814155,65.7217700958252,58.4506219482422,1.0,110.999999673762,0.0,0.0,0.0,3.00339127240552,58.2588157653808,4.504800040663133,-6.161599966784141,32.2717072,1.2444372548053169,1898.08928966522,4.705031402409081,809.7093701362611,-797.3662257194518,762.6781940460207,-64.8442603,-2.0,161.462615966797,-0.968107342720032,302.321807861328,152.669998168945,100.0,62.8352403640747,0.1574000032096726,-0.112064848043316,0.0187359459401255,0.17099999707454586,0.0,0.0,1.0,7.0,0.0,0.0,0.0,26050904.0,1.0,92.40083039019166,88.7777333223152,31.208992767334,-2.243646361827848
2026-05-09 18:09:29+00:00,ITA,ITA,-18.28000000780678,-17.23999954628754,0.0,-15.829999541201639,-14.599999950936061,-13.059999760094229,0.31742715864231097,0.690606109910822,-0.0814972849020846,4.996272620316384,0.16969299502013901,1.944855470403476,0.8183619008415987,26.64929615067266,5.210000071699215,29.960083501769198,66.12833290100095,58.45638290405274,1.0,110.999999673762,0.0,0.0,0.0,2.04438105963013,58.4915954589844,4.145800004490655,-7.30019984387862,32.2718532,1.887241266617514,1898.1254339218121,4.67793932184577,856.1080574989317,-757.3562383651733,778.7746071815491,-64.8442522,-2.0,167.207717895508,-17.251293182373,316.653015136719,151.669998168945,100.0,62.8313183784485,0.40200000702452277,0.306572640689626,-2.58959898913569,-0.7231999700652783,0.0,0.0,1.0,7.0,0.0,0.0,0.0,26050904.0,1.0,92.11505800739401,89.02217213233165,31.0906167984009,0.18504648238420499
2026-05-09 18:09:30+00:00,ITA,ITA,-18.2900000877706,-14.909999697738701,0.0,-11.16000010564964,-6.810000069977204,-2.169999935165618,0.331783295802966,0.6911921454776946,0.15630073328804278,4.997346582186006,0.407680517942706,1.97537232872827,0.7767096036860333,28.592884194098296,16.11999981109554,29.6617749897689,65.7138324737549,58.47087112426756,1.0,110.999999673762,0.0,0.0,0.0,1.26460514923792,58.4727745056152,3.0607999515304862,-8.78019998182439,32.2719994,1.5460985465866222,1898.1254339218121,4.650847427546978,877.9952883720398,-701.2401938438416,932.3081493377686,-64.8442462,-2.0,171.649719238281,-30.36448097229,318.251617431641,150.772003173828,100.0,62.8274023532867,-0.1347999918054356,-1.28069696820077,0.0517795073503613,-1.3285999449917814,0.0,0.0,1.0,7.0,0.0,0.0,0.0,26050904.0,1.0,92.47843226746566,89.23677667605345,30.98761825561525,-1.4619142699241638
2026-05-09 18:09:31+00:00,ITA,ITA,-18.12999983287796,-15.44999991767124,0.0,-12.33999997911506,-9.189999891458287,-5.529999994515191,0.3414511617688545,0.6908993811583095,0.9100485780073638,4.996630436851528,0.03047275557987965,1.9529572700422158,0.8110115500776075,28.77408296560848,12.58999975839893,29.793923782283002,64.5839401245117,58.006569671630885,1.0,110.999999673762,0.0,0.0,0.0,1.13708284939114,57.7715171813965,2.23179999904008,-7.890399990531374,32.2721452,1.2447734175063563,1898.04410934448,4.677939508110288,746.812343597412,-693.3488607406618,824.2173910140993,-64.8442429,-2.0,179.964874267578,-46.5712394714356,321.369079589844,149.772003173828,100.0,62.8489673137665,-0.5323999909666358,0.0981670672687802,1.38778782436252,-0.15860001275196978,0.0,0.0,1.0,7.0,0.0,0.0,0.0,26050904.0,1.0,93.76918229228502,89.43080527490055,30.90204677581785,-5.589832592010498
2026-05-09 18:09:32+00:00,ITA,ITA,-18.210000472588497,-16.1999997677872,0.0,-13.789999962546721,-11.34000000820574,-8.469999939724364,0.339839450568143,0.691192172158121,1.074705506465766,4.996630607606258,0.0824823382526395,1.9767225717498178,0.7802486875488164,29.37260766144426,9.729999940636109,30.45219350882675,63.720260238647455,58.18060134887694,1.0,110.999999673762,0.0,0.0,0.0,359.646534067986,58.4350296020508,1.552599990214148,-6.805800101279199,32.2722901,1.525275199453618,1898.2067584991441,4.723092634230855,698.6473083496094,-626.4442920684816,679.7950983047486,-64.8442409,-2.0,187.556396484375,-62.6731185913086,325.275421142578,148.772003173828,100.0,62.8254413604736,-0.5381999955107404,0.0248631692393158,0.512855265918427,-0.9148000011045155,0.0,0.0,1.0,7.0,0.0,0.0,0.0,26050904.0,1.0,95.95238669066354,89.65819934784321,30.9362468719482,-11.111629428863534
2026-05-09 18:09:33+00:00,ITA,ITA,-18.29999982622496,-16.15999944793192,0.0,-13.719999915064221,-11.209999993204523,-8.2999997756226,0.347017285694739,0.6903128653437616,1.1766700922120061,4.997704825607972,-0.0478067409930839,1.9834743844991043,0.7709925112351503,30.37396666924368,9.99999987984765,30.6385005788172,63.6465145111084,59.16445449829102,1.0,110.999999673762,0.0,0.0,0.0,359.414990655123,59.2942153930664,1.0943999727393554,-6.433800166059436,32.2724373,1.442190089002598,1898.0621814727758,4.668908752501012,737.5631690025332,-576.8606185913086,669.1603064537048,-64.8442417,-2.0,197.420364379883,-78.8000564575195,317.855163574219,147.772003173828,100.0,62.8332793712616,-0.2069999858567017,0.305019999953064,0.389370915212018,-0.3247999896666137,0.0,0.0,1.0,7.0,0.0,0.0,0.0,26050904.0,1.0,98.10524046044621,89.92395176316465,31.24148654937745,-15.77969141006472
2026-05-09 18:09:34+00:00,ITA,ITA,-18.1399995713323,-16.129999891059377,0.0,-13.6799999367184,-11.12000012730384,-8.240000149613348,0.34159755726876,0.690752505410728,0.8909523829442122,4.996988594896132,-0.08195495626825365,1.9645700857351163,0.7919549380951307,30.68906037112928,9.889999854019324,30.52257519312915,63.7479526519775,60.24636337280276,1.0,110.999999673762,0.0,0.0,0.0,0.410486018144289,60.4930366516113,1.5075999718864341,-6.018600052735626,32.2725869,1.2709104810589018,1898.1254339218121,4.7230925410985956,816.3737654685973,-593.2615637779236,843.1578874588013,-64.8442421,-2.0,206.6953125,-95.1235275268555,323.848815917969,146.772003173828,100.0,62.8254413604736,0.050600000048260894,0.00968633965991203,0.0460118494882686,1.0651999535421994,0.0,0.0,1.0,7.0,0.0,0.0,0.0,26050904.0,1.0,99.67151895034598,90.2361972761664,31.45998401641845,-18.27716411590578
2026-05-09 18:09:35+00:00,ITA,ITA,-18.18000023269706,-16.04000053742286,0.0,-13.6199999691997,-10.840000108128482,-7.8900000829554715,0.335445397776003,0.690606136591249,0.44886436550682934,4.996988851028224,-0.08773422345090345,1.9372934691525778,0.8240788758986051,30.95494529212062,10.299999888195906,30.1147719185444,64.62306518554686,61.72657196044922,1.0,110.999999673762,0.0,0.0,0.0,1.16518011320246,62.0823669433594,2.4341998911773963,-5.9823997940024665,32.2727397,1.343368884378442,1898.0983257293678,4.65084733441472,950.3113269805917,-775.530219078064,921.7388868331911,-64.8442398,-2.0,218.807144165039,-111.70027923584,343.106018066406,145.772003173828,100.0,62.8450453281403,0.033400000860181724,-0.0465853152392319,0.115967140555428,0.6295999914943493,0.0,0.0,1.0,7.0,0.0,0.0,0.0,26050904.0,1.0,100.41381981122962,90.60089864199381,31.5748992919922,-18.02121803283692
2026-05-09 18:09:36+00:00,ITA,ITA,-18.21000047258848,-15.010000155867399,0.0,-11.210000163959261,-6.939999999601066,-2.309999987441978,0.375875475268277,0.6901664698438554,0.011820410754988655,4.996988851028224,-1.456822413933685,1.922170106981016,0.8314293333843024,31.332980553245743,15.910000180912181,30.11126290885825,66.44427909851075,63.62343704223635,1.0,110.999999673762,0.0,0.0,0.0,3.86646891696714,64.0237747192383,4.547399973205188,-6.287000105511458,32.2728965,1.644010396900154,1898.161578178404,4.668908659368752,1020.853829383848,-779.1866183280945,972.7341890335072,-64.8442346,-2.0,230.155395507812,-128.780212402344,350.606750488281,144.768005371094,100.0,62.8626883029938,-0.201600002280314,0.532020670007777,-0.301366569118621,4.229199922629394,0.0,0.0,1.0,7.0,0.0,0.0,0.0,26050904.0,1.0,100.93814611305461,90.9977599535282,32.039205551147454,-16.21568249293736
2026-05-09 18:09:37+00:00,ITA,ITA,-18.25000045093426,-14.899999959284361,0.0,-11.18000009482254,-7.080000009188746,-2.6400000649269577,0.37895202192211896,0.6900201010243765,-0.1528367071344409,4.996988851028224,-1.093798606599445,1.8597856777343762,0.9073836836531477,32.6215865816846,15.61000017256392,30.234670766782102,66.48655586242674,63.875541687011705,1.0,110.999999673762,0.0,0.0,0.0,8.41571257167272,63.7535591125488,8.740399786511812,-6.252399903968736,32.2730556,1.1439656950507868,1898.152542114256,4.677939508110288,978.8221597671512,-811.6298675537107,987.7262949943561,-64.8442172,-2.0,245.121200561523,-146.217620849609,358.607604980469,143.669998168945,100.0,62.8450453281403,-0.044599999361027376,-0.65095902289344,1.74365380688999,3.5491999278969204,0.0,0.0,1.0,7.0,0.0,0.0,0.0,26050904.0,1.0,101.3195233857406,91.50469317863201,32.8164796829224,-14.54777332305908
2026-05-09 18:09:38+00:00,ITA,ITA,-18.249999767915362,-17.18999982948736,0.0,-16.08999991271356,-15.199999967632579,-14.29999985721047,0.36796474216744046,0.689287189709922,-0.3275823586054804,4.996630351474166,-1.5408802180277101,1.8316991287823217,0.9073836943253181,32.3457842260184,3.950000006754452,30.91764870264835,67.02058753967285,63.444835052490234,1.0,110.999999673762,0.0,0.0,0.0,12.6346393134932,63.5846374511719,12.99819969621978,-3.9987999901547275,32.2732128,1.1749384791748496,1898.1163978576637,4.443135717883706,699.547815322876,-820.2843189239504,738.3286952972412,-64.8441856,-2.0,259.142211914062,-164.173736572266,366.091033935547,142.669998168945,100.0,62.8450453281403,-0.9817999980508679,-1.17966427638941,0.649206278958538,5.033399735719916,0.0,0.0,1.0,7.0,0.0,0.0,0.0,26050904.0,1.0,100.16299477433913,92.11088954294354,33.6546712875366,-11.619891300201417
2026-05-09 18:09:39+00:00,ITA,ITA,-18.1899999711514,-18.08999985453216,0.0,-17.81999974456586,-17.820000086075318,-17.80000026765718,0.37265300002199353,0.689287189709922,-0.2353453562896192,4.996988594896132,-1.58553599482125,1.833319633851588,0.9359686549877152,31.76823845621832,0.37000000780601566,32.291387574940046,67.04060325622555,61.6682098388672,1.0,110.999999673762,0.0,0.0,0.0,15.7280080829299,61.2046829223633,17.306599696355942,-4.546399990822014,32.2733655,2.067580202688558,1898.080253601072,4.587625991553068,373.8713264465334,-835.1635336875918,425.3824770450592,-64.8441418,-2.0,276.44189453125,-182.309051513672,373.0244140625,141.669998168945,100.0,62.8646492958069,-0.6189999607872482,1.19641755648469,-3.94475313013924,3.804999775757962,0.0,0.0,1.0,7.0,0.0,0.0,0.0,26050904.0,1.0,98.49562675264748,92.78452036493064,34.1317028045654,-7.734654293060302
2026-05-09 18:09:40+00:00,ITA,ITA,-18.2000003926247,-16.28999980444258,0.0,-13.99000002503048,-11.64000018730874,-9.009999818147445,0.4167447125798425,0.6903128653437616,-0.9163122243300641,4.995914376894418,-2.8794984710506553,1.83548010806343,0.9346073555974492,31.22121133766766,9.200000056799473,33.188908582825604,65.98669853210444,58.398386077880865,1.0,110.999999673762,0.0,0.0,0.0,21.7330728351647,57.6635696411133,22.278200136597683,-6.368399994850826,32.2735089,1.819480368588334,1898.071217536924,5.138501711189746,563.7420535087583,-833.7811946868896,514.3591701984407,-64.8440887,-2.0,295.754821777344,-199.423782348633,379.548431396484,140.669998168945,100.0,59.5592856407166,0.3640000094533187,-0.943902794826672,0.827865671512678,6.446399816021358,0.0,0.0,1.0,7.0,0.0,0.0,0.0,26050904.0,1.0,95.37139030929472,93.5067992092811,34.41556720733645,-3.186260257959367
2026-05-09 18:09:41+00:00,ITA,ITA,-18.25000010942484,-17.68999972956464,0.0,-17.20999998941498,-16.76000048915678,-16.33999986275218,0.420700072460154,0.6892871630294954,-0.6323960308167145,4.996630607606258,-3.6528272164749,1.91973958416487,0.8559306520079956,31.444370693324895,1.9099999585240117,33.408724560884096,64.26962471008301,55.00332023620604,1.0,110.999999673762,0.0,0.0,0.0,29.2920722179217,54.3504501342773,29.978198870995364,-6.06959996536237,32.2736384,1.938203698581188,1898.026037216184,5.102379154413936,504.7851324081419,-830.0793051719666,482.05789923667896,-64.8440203,-2.0,308.534240722656,-215.849853515625,385.171813964844,139.768005371094,100.0,49.9509871006012,-0.10539999881000699,1.09038666030476,-0.0123911495996166,8.014999716465331,0.0,0.0,1.0,7.0,0.0,0.0,0.0,26050904.0,1.0,92.41409871567333,94.22677286478675,33.566921424865754,-0.13485224783420566
2026-05-09 18:09:42+00:00,ITA,ITA,-18.280000007806798,-18.0999995929865,0.0,-17.99999981787672,-18.210000472588483,-18.089999854532138,0.42480182784037146,0.6898732252767945,-1.0579103914618222,4.995914376894418,-4.04789923189019,2.024253516674474,0.7669089759181527,31.46496986084274,0.1699999986831175,33.821920269818605,62.5072700500488,50.70323501586914,1.0,110.999999673762,0.0,0.0,0.0,37.5812751720138,49.7150745391846,37.64239853489629,-5.510799991248826,32.2737511,1.8212612977257319,1898.080253601072,5.093348491936922,444.17351484298723,-816.4243817329409,465.03683328628557,-64.8439383,-2.0,322.854370117188,-230.228759765625,389.297180175781,138.669998168945,100.0,48.3610421419144,0.488999992476767,-0.131257612909986,2.25103312872392,7.58659983568365,0.0,0.0,1.0,7.0,0.0,0.0,0.0,26050904.0,1.0,87.77426242002443,94.92715070756365,33.22178421020505,2.8281395745277402
2026-05-09 18:09:43+00:00,ITA,ITA,-18.13999991284178,-18.0999995929865,0.0,-17.93999933809382,-18.200000051115218,-17.939999679603282,0.402096744914728,0.690752505410728,-1.0766460699306704,4.996988594896132,-3.910254484971735,2.1933129929727975,0.588321214972934,31.31505130667448,0.209999998373263,32.23677679743125,63.43214378356935,45.49078948974608,1.0,110.999999673762,0.0,0.0,0.0,45.3754123546851,44.0097988128662,45.254398478065404,-3.274399945180104,32.2738439,1.516696225723988,1897.7187395095818,-1.0385371046140803,403.4806668758391,-826.6952991485599,265.4662370681764,-64.8438473,-2.0,337.41455078125,-242.443756103516,391.745544433594,137.669998168945,100.0,68.3853507041931,0.2492000081548066,1.95524751784828,1.26151566257726,7.157999659604552,0.0,0.0,1.0,7.0,0.0,0.0,0.0,26050904.0,1.0,76.00744747643395,95.6081956998948,33.66060218811035,10.96577013015748
2026-05-09 18:09:44+00:00,ITA,ITA,-18.230000632516102,-18.0999995929865,0.0,-17.95000010107658,-18.11999975291414,-17.980000340967976,0.378219604195554,0.689726803096462,-1.8826370574423503,4.997346838318098,-3.578752427543935,2.4231359665616696,0.3484799386889852,31.263172604833624,0.2599999979859444,30.776525041564803,62.085237121582,39.22496864318848,1.0,110.999999673762,0.0,0.0,0.0,51.4390528092419,38.0373802185058,51.441800594344976,-1.7445999801891094,32.2739162,1.2796134227219675,1897.3031520843538,-1.5081442194059522,314.7739708423614,-828.1652569770815,197.4547505378722,-64.8437564,-2.0,351.299957275391,-254.031341552734,391.441162109375,136.669998168945,100.0,68.4069156646728,0.7813999906386162,-0.689167314553903,1.97442199328263,5.602200131306738,0.0,0.0,1.0,7.0,0.0,0.0,0.0,26050904.0,1.0,65.47325491575027,96.26911895493105,33.80699157714845,18.54267894744874
2026-05-09 18:09:45+00:00,ITA,ITA,-18.2200005525523,-18.0999995929865,0.0,-17.87999954132986,-18.16000007276942,-18.0000005008956,0.3662071157144995,0.6903128653437616,-2.231767726396252,-0.06959166353513631,-3.0575953334936203,2.719664744707682,0.0925767888858241,31.681262827327338,0.21999999829579941,30.391275051619402,58.8364631652832,33.51506149291994,1.0,110.999999673762,0.0,0.0,0.0,56.4553588866581,32.2688575744629,56.10919943537052,-0.24300001124106743,32.2739714,0.8449822109500943,1896.941852569582,274.80640169233067,131.3227862119674,-832.1136951446537,-28.920481353998202,-64.8436709,-2.0,360.223541259766,-261.497009277344,380.794372558594,135.669998168945,100.0,68.3500647544861,0.4422000005232598,0.380767678302578,0.18480498866199,3.92159977069259,0.0,0.0,1.0,7.0,0.0,0.0,0.0,26050904.0,1.0,59.73986025473382,96.89350069790774,33.77448234558105,20.04699291229248
2026-05-09 18:09:46+00:00,ITA,ITA,-18.2000003926247,-18.0999995929865,0.0,-18.029999716258697,-18.2400007124799,-18.0000005008956,0.3546347608883015,0.6928034031111561,-2.042970582877838,-4.00604793076985,-3.614477198389155,3.12907947436108,0.09421019410803097,30.251895479340483,0.1899999985281906,29.78733947992315,56.10404834747315,28.76729713439942,1.0,110.999999673762,0.0,0.0,0.0,59.5675755631094,27.9700790405273,59.995801103312544,0.519999990635804,32.2740133,0.9225846538491511,1897.1676588058501,808.0102920532223,108.22530090808871,-841.4417624473572,-90.73845520615575,-64.8435939,-2.0,366.828582763672,-267.190856933594,379.463104248047,134.669998168945,100.0,68.269681930542,0.3723999975421398,0.0697118588562724,1.24886412452198,4.1119997034771085,0.0,0.0,1.0,7.0,0.0,0.0,0.0,26050904.0,1.0,53.91144400198421,97.4593647951704,33.7604610443115,19.83116615295412
2026-05-09 18:09:47+00:00,ITA,ITA,-18.1499999928056,-18.0999995929865,0.0,-18.08999951302268,-18.280000007806798,-18.0499991931674,0.352730285368205,0.6985163761041959,-1.959380892201882,-4.006047930769852,-5.186879166323299,4.331667978694829,0.9427744582479569,27.7471653899349,0.0999999992253633,27.3819935948284,54.4313283920288,24.7925466156006,1.0,110.999999673762,0.0,0.0,0.0,64.6270996624989,23.9994707107544,64.83359950375159,1.0564000018485802,32.2740458,1.4590586498844582,1897.050237655642,1284.8441362381,98.60811978578562,-842.2346591949465,-64.6339625120163,-64.8435247,-2.0,375.306274414062,-271.573333740234,368.643280029297,133.669998168945,100.0,67.9893374443054,0.7627999874743256,-0.191182491036505,0.0763285779342958,5.200399653851386,0.0,0.0,1.0,7.0,0.0,0.0,0.0,26050904.0,1.0,45.90645204944548,97.941002414683,33.768381500244146,19.35258110046388
2026-05-09 18:09:48+00:00,ITA,ITA,-18.109999672950316,-18.0999995929865,0.0,-18.0499991931674,-18.21000047258846,-18.03999945471304,0.35053300550808353,0.6970515406510664,-2.099177447529662,-4.007838379483408,-10.577600632670585,4.693281415998483,1.0192730571997743,24.02592840745968,0.0999999992253633,24.06934928605125,52.5113473892212,21.12052505493164,1.0,110.999999673762,0.0,0.0,0.0,70.4700327993105,20.342262840271,71.48980053296093,1.2523999640449122,32.2740693,2.4605340697205222,1897.041177749636,1736.780071258546,185.09202003478998,-765.4878973960878,-68.13390180468568,-64.8434627,-2.0,381.472991943359,-274.061706542969,375.960510253906,132.669998168945,100.0,67.9716885089874,1.0603999954142922,1.04169637614586,-0.625134878054415,8.931199754938282,0.0,0.0,1.0,7.0,0.0,0.0,0.0,26050904.0,1.0,37.214522017359734,98.3394790659561,33.65776462554935,17.891818313598623
2026-05-09 18:09:49+00:00,ITA,ITA,-18.0999995929865,-18.129999832877964,0.0,-18.0499991931674,-18.2500007924437,-18.010000239349957,0.341743952768666,-0.43353223700246246,-1.6693394490738878,-1.8797243019264538,-12.44262775488535,4.20635863879479,1.5245459273493296,20.21199414662578,0.09999999922536332,19.299426061244,50.07586040496825,17.77031673431396,1.0,110.999999673762,0.0,0.0,0.0,80.7587019159376,17.2252304077148,81.30539845333239,0.719000001367273,32.2740829,2.1852923658634777,1897.3935127258342,1905.9355497360223,185.8949989080428,-778.7142634391787,-99.06256347894666,-64.8434079,-2.0,385.721435546875,-275.929168701172,363.737701416016,131.669998168945,100.0,66.1817729473114,0.9063999976744472,-0.0315429941959891,0.228605257581563,9.470799896540194,0.0,0.0,1.0,7.0,0.0,0.0,0.0,26050904.0,1.0,27.87372640468904,98.714422300444,33.38792324066165,16.09021293640136
2026-05-09 18:09:50+00:00,ITA,ITA,-18.0999995929865,-18.13999991284178,0.0,-18.0000005008956,-18.2500007924437,-18.0000005008956,0.342769615062292,-0.43411779232165904,-1.493513069577082,0.09691873013604257,-10.65062431952132,2.450412348356456,3.2908230923507205,18.0826300804177,0.0999999992253633,15.07263264904695,47.64510440826415,15.22396499633788,1.0,110.999999673762,0.0,0.0,0.0,90.5717439795216,14.7437004089355,89.84699943688072,0.7289999852815535,32.2740871,0.5944581532824029,1897.49290943146,1905.9806823730462,194.55857574939722,-791.6500568389894,-106.72238469123855,-64.8433596,-2.0,389.563629150391,-276.286834716797,360.941619873047,130.669998168945,100.0,61.3080322742462,0.8111999779213347,0.06952768387252,-0.616145015085356,7.365799627365729,0.0,0.0,1.0,7.0,0.0,0.0,0.0,26050904.0,1.0,21.56362916072554,99.07765859069445,33.05876426696775,14.379628944396961
2026-05-09 18:09:51+00:00,ITA,ITA,-18.0999995929865,-18.129999832877964,0.0,-17.9900004209318,-18.1499999928056,-18.0000005008956,0.33778905979581697,-0.438952445676117,-1.300392245559322,3.8650733385649745,-5.5598851884078,0.8311177060034212,4.892123761417913,16.928302497476142,0.0999999992253633,12.769729356218651,44.26824016571045,13.221880245208741,1.0,110.999999673762,0.0,0.0,0.0,95.7698867681165,12.8777532577515,95.27139907192141,0.3996000039481844,32.2740858,0.5456401952788292,1897.520017623902,1906.116127967834,186.487489938736,-795.3850388526919,-48.9525221288204,-64.8433177,-2.0,392.171569824219,-276.421447753906,358.30908203125,129.669998168945,100.0,61.2884283065796,0.5309999729415125,-0.755256758571475,0.450494464857447,3.497199819443594,0.0,0.0,1.0,7.0,0.0,0.0,0.0,26050904.0,1.0,17.762290110230616,99.4523217874263,31.367564964294452,12.7675900840759
2026-05-09 18:09:52+00:00,ITA,ITA,-18.0999995929865,-18.109999672950316,0.0,-17.9500001010766,-18.180000232697058,-18.0000005008956,0.3394002907488525,-0.4398307786549115,-1.0121522007918962,5.650139692298492,-5.228383130979995,0.5186552491181904,5.175523080365824,16.65135608512398,0.0999999992253633,11.3009454134184,42.5026273727417,11.713188571929939,1.0,110.999999673762,0.0,0.0,0.0,98.2441159647644,11.4215901374817,97.4055995950808,0.4720000091503194,32.2740822,-0.5131461572718756,1898.5320091247563,1905.9987306594842,147.843760251999,-786.708736419678,-26.34029360488057,-64.843281,-2.0,393.734283447266,-276.393371582031,356.466857910156,128.768005371094,100.0,61.2629413604736,0.2629999918262076,-0.626472047667004,0.417134166764665,1.9651999145539563,0.0,0.0,1.0,7.0,0.0,0.0,0.0,26050904.0,1.0,15.700747431914522,99.87967989360484,31.04223918914795,11.543323974609383
2026-05-09 18:09:53+00:00,ITA,ITA,-18.059999273131222,-18.0999995929865,0.0,-17.9700002610042,-18.190000312660878,-18.0000005008956,0.338081837455415,-0.440124036562186,-0.8082223782970088,6.015746997341944,-11.95351790842074,0.3817335577646682,5.2389543641688165,12.515078730374166,0.07999999938029065,10.204810188431765,40.45263690948485,10.4966528892517,1.0,110.999999673762,0.0,0.0,0.0,101.094661263923,10.2428489685059,101.19359655405106,0.46380000286389855,32.2740779,1.0612080388096161,1898.468804359436,1906.0709238052361,183.1891387701036,-715.0582313537599,-21.042018570005883,-64.8432484,-2.0,395.742218017578,-276.425415039062,345.750183105469,127.768005371094,100.0,61.3492012023926,0.21860000294903856,0.215069250049413,-1.3172581170542,5.728599782841725,0.0,0.0,1.0,7.0,0.0,0.0,0.0,26050904.0,1.0,13.404609782968578,100.306286678975,30.087077522277802,10.411172046661372
2026-05-09 18:09:54+00:00,ITA,ITA,-18.079999433058862,-18.0999995929865,0.0,-17.9600001810404,-18.210000472588497,-18.0000005008956,0.3391070328415785,-0.440124036562186,-0.7372433832795244,7.204239442643987,-16.308753454846652,-0.25480375281600026,4.652827144695508,9.74331932178182,0.0999999992253633,6.801099821224485,36.5823268890381,9.277227458953856,1.0,110.999999673762,0.0,0.0,0.0,107.68271339767,9.10847797393799,107.4331997571002,-0.06820000081905939,32.2740725,1.5623365529420465,1898.486852645874,1906.01680278778,129.8869147896766,-763.1320357322692,-51.941370498388984,-64.8432198,-2.0,397.463439941406,-277.079528808594,343.463470458984,126.768005371094,100.0,61.3746881484985,0.03580000039302585,0.342730221412645,0.32663968311027,6.164999778820878,0.0,0.0,1.0,7.0,0.0,0.0,0.0,26050904.0,1.0,8.036916342096697,100.7377838797905,27.335553359985347,9.239191417694093
2026-05-09 18:09:55+00:00,ITA,ITA,-18.059999273131222,-18.0999995929865,0.0,-17.9500001010766,-18.26000053089806,-18.0000005008956,0.336616988662072,-0.439684863402682,-0.7203088790556593,7.756768193193717,-16.644458960100103,-0.5083924736755936,4.513985876700522,6.3184845455095475,0.05999999953521802,0.2921689723492551,35.78992767333985,8.606361236572265,1.0,110.999999673762,0.0,0.0,0.0,116.003400108741,8.51806669235229,114.2391991291486,0.2949999870426514,32.2740646,0.999999970909292,1898.3874797821038,1906.0167551040638,167.69982427358642,-811.51225566864,-34.17589738965034,-64.843195,-2.0,399.041229248047,-277.386505126953,341.247863769531,125.768005371094,100.0,61.4217400550842,0.1282000006877828,0.560840493128087,0.147420228384403,7.310599831418344,0.0,0.0,1.0,7.0,0.0,0.0,0.0,26050904.0,1.0,-0.1985338876732138,101.15620468344,27.142663478851297,8.573998947143552
2026-05-09 18:09:56+00:00,ITA,ITA,-18.079999433058862,-18.0999995929865,0.0,-17.9600001810404,-18.200000051115204,-18.0000005008956,0.33617782884278147,-0.4412956274482545,-0.725713255564261,7.739580022147379,-16.66231990477965,-0.5470114624764155,4.563260825052379,2.874194402273318,0.07999999938029065,-3.69929438078067,36.72553195953365,7.895924320220947,1.0,110.999999673762,0.0,0.0,0.0,123.177967416706,7.77138948440552,121.2429994135226,0.5947999909101493,32.2740547,0.9999999709092924,1898.369407653808,1906.01680278778,217.52750575542458,-784.0765953063964,-4.20222723623736,-64.8431733,-2.0,400.284545898438,-277.2919921875,339.093231201172,124.768005371094,100.0,61.4374220371246,0.31920000094245415,-0.773379278151929,0.541739335505618,6.4069998697941415,0.0,0.0,1.0,7.0,0.0,0.0,0.0,26050904.0,1.0,-5.0950007849574375,101.561692523896,28.82277860641475,7.809042892456053
2026-05-09 18:09:57+00:00,ITA,ITA,-18.00999955633106,-18.11999975291414,0.0,-18.019999977804382,-18.280000007806798,-18.120000094423556,0.3358845709355075,-0.4390988278358095,-0.665903754273863,7.738863876812909,-16.7054004691959,-0.5659156331743533,4.583406894896154,1.8541442989976638,-0.08999999930282694,-6.186067540004466,37.08651180267335,7.56867233276367,1.0,110.999999673762,0.0,0.0,0.0,131.007303979265,7.51417379379272,127.034794924018,1.044399967790588,32.2740432,0.9999999495649512,1898.387479782104,1905.9896707534779,77.71223410964004,-807.1911454200746,-39.467281149700284,-64.8431547,-2.0,401.340545654297,-276.8740234375,329.236389160156,123.768005371094,100.0,61.443305015564,0.0164000001914572,0.851270808807607,-0.166283916871296,5.79019980755087,0.0,0.0,1.0,7.0,0.0,0.0,0.0,26050904.0,1.0,-8.32993154286762,101.9546094011845,29.57876415252685,7.423464832305903
2026-05-09 18:09:58+00:00,ITA,ITA,-17.8499993014384,-18.16000007276942,0.0,-17.94999975956712,-18.130000174387398,-18.110000355969255,0.3341269444825665,-0.43953800099531304,-0.5884394572868544,7.749248837936454,-16.1873946536739,-0.608585692549274,4.630503269034872,0.48161626449929235,-0.2599999979859447,-11.37284852235845,37.1549772262573,7.459253654479978,1.0,110.999999673762,0.0,0.0,0.0,139.534576591972,7.52426662445068,133.0533991602448,0.584599999847064,32.27403,0.999999970909292,1898.4145879745479,1905.9716224670399,10.399591084569703,-806.681478023529,-47.56948053836822,-64.8431387,-2.0,400.241180419922,-276.177886962891,335.294860839844,122.669998168945,100.0,63.1900906562805,0.0893999885285824,-1.48155767720862,0.280021134064847,5.987199794819054,0.0,0.0,1.0,7.0,0.0,0.0,0.0,26050904.0,1.0,-14.760607751155419,102.33530365495349,29.94095249176025,7.101694507598879
2026-05-09 18:09:59+00:00,ITA,ITA,-17.7999999261477,-18.190000312660878,0.0,-18.079999433058862,-18.240000029461,-18.149999992805583,0.33441972214216453,-0.43909836092834653,-0.3560459099873374,7.740654923168016,-16.931830631691902,-0.635321859741566,4.656366121836584,0.11387929846850087,-0.350000002624857,-17.1164617440148,37.3424880981445,7.808702659606934,1.0,110.999999673762,0.0,0.0,0.0,147.90598428782,7.86976947784424,139.24180189923763,0.9617999821975403,32.2740149,0.9999999922536331,1898.342299461364,1905.9896945953362,38.33855409175158,-806.3029050827029,-33.738802373409285,-64.8431245,-2.0,399.235076904297,-275.292541503906,325.558319091797,121.768005371094,100.0,78.8111686706543,-0.3201999939977972,-0.346991512402793,0.370117012148148,6.31819955586643,0.0,0.0,1.0,7.0,0.0,0.0,0.0,26050904.0,1.0,-22.021654816277422,102.704137285229,30.0500535964966,7.031230001449583
2026-05-09 18:10:00+00:00,ITA,ITA,-17.850000325966782,-18.190000312660878,0.0,-18.1600000727694,-18.29000008777062,-18.29999982622496,0.3326621090294365,-0.43865872086138,-0.005473994412336469,7.752113590029085,-14.621297163787101,-0.6169576688583703,4.633497794721738,-0.17413015062483525,-0.46000000177275674,-21.4824808784797,37.80713424682615,8.66321771621704,1.0,110.999999673762,0.0,0.0,0.0,153.339768602781,8.84030599594116,145.1177972497456,1.8077999767113297,32.2739971,0.9999999922536336,1889.117860794068,1905.9535980224603,62.68068179488188,-805.9874296188354,-39.367676153779044,-64.8431119,-2.0,397.223541259766,-273.861083984375,323.59521484375,120.669998168945,100.0,92.5247013568878,-0.38180000803477304,0.549587009418551,1.06421454934404,5.391399832197904,0.0,0.0,1.0,7.0,0.0,0.0,0.0,26050904.0,1.0,-28.10563352512578,103.061434725996,30.0291091918945,7.255226898193358
2026-05-09 18:10:01+00:00,ITA,ITA,-17.82999982452968,-17.8699998028755,0.0,-17.37999964125256,-16.970000119340177,-16.520000106817797,0.3240194384497105,-0.4374871299753115,1.3488937603650413,7.749248837936456,-14.684866588166049,-0.9321205050649898,4.274689259978113,-3.333462597301274,1.309999995188345,-26.36196546021585,38.2406084060669,9.528260936737059,1.0,110.999999673762,0.0,0.0,0.0,155.065798387178,9.75647392272949,150.19099948596678,1.7377999932618298,32.2739765,-3.259585094115619,1703.9346933364861,1906.052899360656,124.00747984647731,-806.0147285461424,-104.4839546084404,-64.8430996,-2.0,396.798980712891,-272.188232421875,321.575897216797,119.669998168945,100.0,100.0,-0.4013999722378944,0.728362461827727,-0.536164620482418,5.191399940468879,0.0,0.0,1.0,7.0,0.0,0.0,0.0,26050904.0,1.0,-34.2964678114633,103.43888463990899,29.92895164489745,7.314897251129151
2026-05-09 18:10:02+00:00,ITA,ITA,-17.790000187693323,-14.22999989510528,0.0,-9.2500001151091,-3.500000010240312,1.750000098501646,0.323580265290207,-0.436754698908533,2.7493799095786478,7.7499649832709325,-15.7513451317765,-1.178957607942408,3.9177859211261,-6.496228095073353,19.53000027026418,-30.908745551065202,38.745804405212354,10.43099292755126,1.0,110.999999673762,0.0,0.0,0.0,162.569744737677,10.6430903434753,156.3107943407852,2.072999979139306,32.273953,-5.5433840063259225,1502.796268463136,1906.052899360656,135.599096119404,-805.8586478233337,-88.47478777170181,-64.8430884,-2.0,394.672729492188,-270.093231201172,326.584777832031,118.669998168945,100.0,100.0,-0.1884000000346882,-0.863459441464054,1.08370054543755,6.674399726743388,0.0,0.0,1.0,7.0,0.0,0.0,0.0,26050904.0,1.0,-39.79355363663238,103.83147708321249,29.72061138153075,7.448934574127196
2026-05-09 18:10:03+00:00,ITA,ITA,-17.87999954132986,-11.79999992993722,0.0,-4.610000151052234,3.1899999059199815,11.670000000313347,0.3225545763161545,-0.437194352315713,4.14806446833261,7.75676836394845,-17.91372752771555,-1.242692322899276,3.7865677418863997,-10.344876109344936,29.540000230075663,-33.79656319252495,39.032511520385754,11.53592536926268,1.0,110.999999673762,0.0,0.0,0.0,170.198246417881,11.8289408683777,163.1361996463028,2.7992000350923183,32.2739264,-5.458538542682381,1286.4345312118542,1906.034851074218,-8.375671319663532,-805.4707169532774,-108.87923389673229,-64.8430799,-2.0,392.325897216797,-267.441528320312,315.687835693359,117.669998168945,100.0,100.0,-0.7653999523427439,-0.472466756530555,-0.14790209022622,7.499599532734325,0.0,0.0,1.0,7.0,0.0,0.0,0.0,26050904.0,1.0,-44.63767337714826,104.21148148787549,29.448880004882803,7.734811878204345
2026-05-09 18:10:04+00:00,ITA,ITA,-17.83999956298404,-16.520000106817783,0.0,-14.500000175826296,-13.539999841753332,-11.05000005847694,0.32211493624918797,-0.43572950352237,4.99981356113685,7.754619927945022,-17.93159017994245,-1.320740531691214,3.660521381886234,-14.877881416185598,6.7899999740826,-35.4194537053604,39.09477825164795,13.195793724060039,1.0,110.999999673762,0.0,0.0,0.0,174.89445226475,13.6012261390686,172.05979808371438,1.906799982881352,32.2738958,-1.631821251979519,914.2341256141656,1906.0709238052361,-25.31439904123545,-810.6803894042971,-87.80623227357873,-64.843074,-2.0,390.589080810547,-264.243133544922,320.126800537109,116.669998168945,100.0,100.0,-0.749200002947602,0.880532886676676,-1.57778405027841,10.00800008042249,0.0,0.0,1.0,7.0,0.0,0.0,0.0,26050904.0,1.0,-50.43712416366573,104.5796525898015,29.1507625579834,8.00149314880371
2026-05-09 18:10:05+00:00,ITA,ITA,-17.780000449238962,-18.200000392624663,0.0,-18.089999513022683,-18.18999997115138,-18.359999622988937,0.32343338954262546,-0.435436725862772,4.995129502781416,7.754261684523051,-17.1929333957359,-1.237021067421028,3.579122389009194,-15.463818756399998,-0.5699999955845712,-41.688093750118696,38.5979404449463,15.087647495269781,1.0,110.999999673762,0.0,0.0,0.0,186.339991502237,15.4684410095215,182.5210005108512,0.9410000071180977,32.2738603,-1.4133907030889419,381.36153519153595,1906.034851074218,53.68418842554094,-833.9663863182066,-47.84404151141644,-64.8430727,-2.0,387.617401123047,-259.263122558594,316.203674316406,115.669998168945,100.0,100.0,-0.29680000335712864,0.222973393084917,0.272231143233889,10.44439930800538,0.0,0.0,1.0,7.0,0.0,0.0,0.0,26050904.0,1.0,-61.94202662428618,104.9363421437325,28.8701133728027,6.9632756137847895
2026-05-09 18:10:06+00:00,ITA,ITA,-17.85999972291168,-18.1499999928056,0.0,-18.1499999928056,-18.220000211042823,-18.079999433058862,0.325337891743148,-0.4366083167488405,4.993328040387825,7.75676836394845,-15.466601375467901,-1.1308865017761078,3.4753999473583463,-15.466107552790882,-0.21999999829579941,-47.74798443082115,37.6179136276245,16.5392076873779,1.0,110.999999673762,0.0,0.0,0.0,196.185968737999,16.7975910186768,192.4004046924112,1.74359993377291,32.2738212,-2.142785451960184,12.80210594413802,1905.9716463088982,89.38120454549775,-837.713289260864,-33.17763581871984,-64.8430801,-2.0,383.593475341797,-254.985198974609,313.267700195312,114.669998168945,100.0,100.0,-0.2126000059303636,-0.266214733750886,0.906144975486313,9.442799706792451,0.0,0.0,1.0,7.0,0.0,0.0,0.0,26050904.0,1.0,-72.33288220108578,105.2818643383705,28.637506198883052,4.3401436042785635
2026-05-09 18:10:07+00:00,ITA,ITA,-17.84999964294786,-18.2000003926247,0.0,-18.129999832877964,-18.17000015273322,-18.22999994949718,0.32607030946971305,-0.4345574457288385,4.994769210302697,7.745668111264074,-12.59760858913435,-1.0795747483250657,3.4242194189167376,-15.6247988019291,-0.3800000023924658,-53.00453558210335,35.81669998168945,17.957485313415496,1.0,110.999999673762,0.0,0.0,0.0,208.835984514861,18.2182708740234,202.76179893124498,2.145799977294712,32.2737807,-2.8409219254722258,-4.96905101463199,1906.0258150100701,65.80481128767136,-837.7077341079712,-9.947406221181152,-64.8430969,-2.0,379.836395263672,-250.902709960938,302.693542480469,113.669998168945,100.0,100.0,-0.3141999983131436,-1.23675558650573,-0.462801291803046,11.147599384947274,0.0,0.0,1.0,7.0,0.0,0.0,0.0,26050904.0,1.0,-83.02004641049669,105.6165606831735,28.00012063980105,1.3996865701675403
2026-05-09 18:10:08+00:00,ITA,ITA,-17.84000024600296,-18.13999991284178,0.0,-18.12999983287794,-18.160000072769378,-18.17000015273324,0.3265099495366795,-0.43294620143559,4.9944089178239786,6.376699443088674,-5.94812573399261,-1.013679324368607,3.3686829373319496,-15.93455197890268,-0.3399999973662352,-57.704229948090955,33.3914457321167,20.017482604980458,1.0,110.999999673762,0.0,0.0,0.0,215.778776183531,20.4282960891724,211.78640220610177,1.5798000233006193,32.2737394,-1.843308081149475,-4.607663862407209,1905.9806823730462,-29.7183059155941,-838.0169868469236,-18.413275852799398,-64.8431246,-2.0,374.85693359375,-246.235565185547,309.307189941406,112.669998168945,100.0,100.0,-0.21199999515611903,0.917620013457052,-1.90486569465274,6.220999987561624,0.0,0.0,1.0,7.0,0.0,0.0,0.0,26050904.0,1.0,-94.66812671159354,105.9407556121285,27.7274708747864,-2.58690412044525
2026-05-09 18:10:09+00:00,ITA,ITA,-17.980000340967997,-18.10999967295032,0.0,-18.0999995929865,-18.099999934495962,-18.230000632516102,0.3259239273100205,-0.4190301979297915,4.994769210302696,1.5002635376328741,1.0843448643959976,-0.9277997060516974,3.270132656430094,-15.9307376597607,-0.249999998063408,-60.57784250362435,34.1109661102295,21.257487144470183,1.0,110.999999673762,0.0,0.0,0.0,219.234592356369,21.5030799865723,214.89440055772178,0.5882000004595072,32.2736977,-4.043635699744218,-5.420776735991238,1905.9896707534779,149.14504438638662,-838.3106231689455,-24.665036052465435,-64.843161,-2.0,369.9052734375,-240.974884033203,298.857452392578,111.669998168945,100.0,100.0,0.2977999937444288,0.162544321599648,0.0372633976877938,0.7011999825253714,0.0,0.0,1.0,7.0,0.0,0.0,0.0,26050904.0,1.0,-99.07292526959968,106.265828220391,28.5781929016113,-5.708892545700072
2026-05-09 18:10:10+00:00,ITA,ITA,-17.8999997012575,-18.1499999928056,0.0,-18.16000007276942,-18.210000131079,-18.28000000780678,0.32563066940274654,-0.426208019716174,4.994408917823978,1.415397071157634,0.49751663539413504,-0.8908009448437089,3.22929721788275,-16.03335203128478,-0.3699999971338442,-61.2127939643417,33.767560958862305,22.033930435180682,1.0,110.999999673762,0.0,0.0,0.0,217.999940041241,22.1853927612305,215.2180012602188,1.207600016899028,32.2736551,-2.9963160075103477,-5.158775858581066,1906.034851074218,162.6888453960416,-838.1764888763425,5.837575951591142,-64.8432008,-2.0,363.332366943359,-235.681793212891,288.403533935547,110.669998168945,100.0,100.0,0.4239999956483236,0.620973531941732,0.73302054411997,0.48759998512381425,0.0,0.0,1.0,7.0,0.0,0.0,0.0,26050904.0,1.0,-101.50182113468841,106.5398144287575,28.970816802978497,-7.823252935409546
2026-05-09 18:10:11+00:00,ITA,ITA,-16.790000046029323,-17.07000023595944,0.0,-17.1100000435505,-17.13000003272338,-17.139999771177738,0.32592344706234455,-0.424889566422737,4.9954897952601325,1.499189661140624,-0.28421879223792246,-0.5332382312686111,3.4999014153924257,-16.34806495012414,-0.3300000027797842,-62.31417562838455,33.321325492858904,22.72458423614502,1.0,110.999999673762,0.0,0.0,0.0,218.591065593149,22.9097900390625,215.69719913616,1.610000003536604,32.2736107,-2.4465032816840684,-5.962847266346216,1905.926489830016,214.67968821525602,-837.9855036735532,-16.54554056003689,-64.8432411,-2.0,357.621948242188,-230.140258789062,295.229766845703,109.669998168945,100.0,100.0,0.339799992885473,-0.38740430097873,0.126088560430675,0.5489999760037292,0.0,0.0,1.0,7.0,0.0,0.0,0.0,26050904.0,1.0,-104.1974700378122,106.73653753723201,29.469264793396,-9.86502845764161
2026-05-09 18:10:12+00:00,ITA,ITA,-12.730000194873458,-12.8199998900194,0.0,-12.840000220701778,-12.9599998142297,-12.940000166566282,0.32592344706234455,-0.4241571353559585,4.99585008773885,1.55182809346057,0.1507778199803135,-0.39172529742717704,3.5829338906981563,-17.5683861623358,-0.209999998373263,-64.00336678749335,33.23624839782715,23.1154197692871,1.0,110.999999673762,0.0,0.0,0.0,219.538071321571,23.0496288299561,216.5590023528,1.819600003620512,32.2735657,-2.970076811285368,-6.080295983701944,1905.926465988158,220.9954857826232,-837.8600597381594,-28.29857263714074,-64.8432835,-2.0,350.892547607422,-224.564971923828,284.659576416016,108.669998168945,100.0,100.0,0.7234000038945098,0.317426264848026,0.246269113950995,1.289799924161445,0.0,0.0,1.0,7.0,0.0,0.0,0.0,26050904.0,1.0,-106.65484642570179,106.8628823764985,29.86274700164795,-11.420145778656
2026-05-09 18:10:13+00:00,ITA,ITA,-12.740000104082538,-13.0500001923946,0.0,-13.04000011243078,-13.189999945850161,-13.169999785922519,0.3254842872430535,-0.427526473009611,4.995489795260132,1.348434728964134,-1.070157054045786,-0.37282114273749484,3.557343562444328,-17.66299077102022,-0.44000000726376937,-64.68547728933501,32.2752124786377,23.54620090484618,1.0,110.999999673762,0.0,0.0,0.0,219.589502646021,23.7497171401978,217.86879767710099,1.5649999211758718,32.2735204,-1.3685584939714,-6.251951679587364,1905.944538116454,210.07471382617942,-837.9580736160278,33.22701714932917,-64.8433266,-2.0,344.949340820312,-218.945358276367,292.270141601562,107.669998168945,100.0,100.0,0.28839999926005155,-0.326898456566364,0.107816657142554,1.4077999371211927,0.0,0.0,1.0,7.0,0.0,0.0,0.0,26050904.0,1.0,-108.8048943537732,106.9470064014115,30.21819076538085,-12.31637952804566
2026-05-09 18:10:14+00:00,ITA,ITA,-12.71000003494582,-13.0500001923946,0.0,-13.070000010812759,-13.15999987671346,-13.240000004159779,0.326363567376987,-0.426208019716174,4.994769210302697,1.297585955617118,-0.400323883938287,-0.370930578391747,3.553532188821414,-17.809093640008662,-0.5300000172387669,-65.81830172922204,32.6344551086426,24.43955177307128,1.0,110.999999673762,0.0,0.0,0.0,222.880670278727,24.6358022689819,219.14539281788421,2.1421999553379236,32.2734747,-3.201055538259168,-6.125468295067548,1905.935502052306,146.09529078006776,-837.6540899276733,-73.69594350457189,-64.8433726,-2.0,338.085266113281,-213.097442626953,281.576843261719,106.669998168945,100.0,100.0,0.1405999976835612,-0.698024148916706,-0.25901566100484,1.1452000062833423,0.0,0.0,1.0,7.0,0.0,0.0,0.0,26050904.0,1.0,-111.22764441464702,107.0009785562325,30.460312271118198,-13.519902763366678
2026-05-09 18:10:15+00:00,ITA,ITA,-12.79000016239216,-13.08999982923092,0.0,-13.14000005829528,-13.079999920021839,-12.9999997925755,0.326802727196278,-0.425915242056576,4.994769210302696,1.286485404111966,-0.3892908205718285,-0.32664051020349005,3.5116078900543224,-17.89416125555494,-0.23999999814087197,-65.84955325976945,31.988319969177248,25.492105865478482,1.0,110.999999673762,0.0,0.0,0.0,223.307830309419,25.635274887085,220.82239823649462,2.2684000372830964,32.2734285,-2.280091955104324,-5.971881654113529,1905.9896945953358,114.3880777060986,-837.5824213027956,20.27206635102628,-64.8434225,-2.0,332.563201904297,-208.463104248047,280.869506835938,105.768005371094,100.0,100.0,0.22279999632643835,0.0962915266711638,-0.0227833733019936,1.980599984764266,0.0,0.0,1.0,7.0,0.0,0.0,0.0,26050904.0,1.0,-113.7883547344898,107.01556784030001,30.7438402175903,-15.202353172302239
2026-05-09 18:10:16+00:00,ITA,ITA,-12.7100003764553,-13.09999973844,0.0,-13.09999990919474,-13.189999945850161,-13.079999920021839,0.33105039782872503,-0.42576837964920755,4.9944089178239786,1.3043898485588241,-0.3320274283750475,-0.2734381710623627,3.4560710669600825,-17.899120314401838,-0.3700000024699296,-66.32285804849465,31.65919532775875,26.226660690307618,1.0,110.999999673762,0.0,0.0,0.0,224.817971474531,26.4109783172607,222.533994465138,2.1761999540073322,32.2733816,-1.9519872978027077,-6.541062891483309,1905.9716224670399,135.7540667057036,-837.6038312911987,-16.748748905956766,-64.843475,-2.0,326.076599121094,-202.412994384766,299.631500244141,104.768005371094,100.0,100.0,0.1768000016186502,0.0522675723913263,-0.810464217137336,1.0425999674843678,0.0,0.0,1.0,7.0,0.0,0.0,0.0,26050904.0,1.0,-115.709783936701,107.0144442741815,31.170444488525348,-16.08249126434326
2026-05-09 18:10:17+00:00,ITA,ITA,-5.170000114697771,-6.019999857317324,0.0,-6.150000149795002,-6.160000037659733,-6.230000106486601,0.332955353596497,-0.420934673449888,4.99404862534526,1.3144163528169919,2.751312255472205,-0.2310383390506084,3.4171412938798524,-20.77616469848372,-1.0700000290639864,-68.37223923348404,31.481809043884297,26.5815712738037,1.0,110.999999673762,0.0,0.0,0.0,223.074702292668,26.5648366928101,221.4137969959696,1.806199962209572,32.2733339,-2.164962478553662,-5.664701387286186,1905.9987306594842,203.9415508508684,-837.803101539612,-38.15830107778309,-64.8435293,-2.0,318.896057128906,-196.190017700195,278.958648681641,103.768005371094,100.0,100.0,0.4414000039445516,0.737981716056632,1.58212175400989,-3.1864000013570744,0.0,0.0,1.0,7.0,0.0,0.0,0.0,26050904.0,1.0,-117.913620970524,106.979046818808,32.013653755188,-16.256907119750963
2026-05-09 18:10:18+00:00,ITA,ITA,17.319999673733857,16.360000364189297,0.0,15.869999861056911,15.710000118428407,15.830000394975277,0.3289999937161855,-0.41610050034310553,4.9944089178239786,0.2816918303523442,3.5787525342656403,-0.08844523480432052,3.534203308423148,-28.46544993965876,-1.490000004466171,-70.97339383547835,32.6094509124756,27.16885505676268,1.0,110.999999673762,0.0,0.0,0.0,221.222792121868,27.3517204284668,217.9773976849042,2.7285999981798943,32.2732843,-3.6601994665329145,-5.529183614999057,1905.9896707534779,275.1799911260606,-837.2645854949949,22.08761870861054,-64.8435828,-2.0,310.594635009766,-189.942825317383,287.749694824219,102.768005371094,100.0,100.0,0.6461999872036134,-0.509178543071697,1.21407722402717,-3.0673999633254683,0.0,0.0,1.0,7.0,0.0,0.0,0.0,26050904.0,1.0,-119.44253149547481,106.7960558056595,33.38843994140625,-16.22306270599364
2026-05-09 18:10:19+00:00,ITA,ITA,18.260000189388638,18.35999996449842,0.0,18.21999986953336,18.019999977804357,18.1499999928056,0.3313436557359995,-0.40569972306276303,4.994769210302696,0.3418506638022766,3.5172880888115152,0.5410704038537796,4.138298493102599,-28.543651507541938,-0.10999999914789967,-69.8326600365324,32.9407024383545,28.382153549194317,1.0,110.999999673762,0.0,0.0,0.0,217.90086131714,28.6697828292847,215.3137987614416,3.3673999289850465,32.2732308,-3.235510726348076,-5.249120946973561,1905.9896945953358,222.6527869701384,-836.7761611938479,-59.84731242060663,-64.8436354,-2.0,303.423919677734,-183.187484741211,297.293762207031,101.767997741699,100.0,100.0,0.20259999800369943,0.24401958047568,0.532237315070513,-2.597599915418128,0.0,0.0,1.0,7.0,0.0,0.0,0.0,26050904.0,1.0,-119.98918431965899,106.494185350007,33.849992752075195,-16.097950744628925
2026-05-09 18:10:20+00:00,ITA,ITA,18.300000167734417,18.180000232697044,0.0,17.95000010107658,17.87000014438494,17.97999999945856,0.32987880694265603,-0.402184496837307,4.99404862534526,0.23585662918488529,3.463174847895035,0.9056547600029765,4.404274170232531,-28.18774093668578,-0.3000000030121752,-68.46607237230171,33.3135766983032,29.641392059326165,1.0,110.999999673762,0.0,0.0,0.0,214.256805130777,30.0021926879883,212.28680372130256,3.86459992107813,32.2731725,-2.85028404442322,-2.0147098693996686,1906.0077428817742,321.65732979774475,-834.1631412506104,17.004083283245585,-64.8436866,-2.0,294.668640136719,-176.169769287109,275.031646728516,100.767997741699,100.0,100.0,0.004399999859194259,-1.45524576081332,0.318310374139145,-3.5767999112479787,0.0,0.0,1.0,7.0,0.0,0.0,0.0,26050904.0,1.0,-120.34832659452081,106.104167888021,34.197869682312,-16.35903121948242
2026-05-09 18:10:21+00:00,ITA,ITA,18.29000042928006,18.08999951302268,0.0,18.039999796222542,17.9900004209318,17.87000014438494,0.3300251891023485,-0.3969111372308075,4.99404862534526,1.5163776614322297,3.431654058483955,0.9332011477133904,4.345471107988508,-28.14043846158888,-0.440000007263769,-66.45610820901246,34.90257053375245,31.228995437622075,1.0,110.999999673762,0.0,0.0,0.0,211.200363779088,31.5307205200195,208.6365976326104,4.119199832768041,32.2731085,-3.171465365850016,-2.0779584592673936,1906.0077428817742,231.7968785762786,-828.5966873168948,-66.35311767458916,-64.8437358,-2.0,286.975311279297,-168.415466308594,283.827545166016,99.7679977416992,100.0,100.0,-0.16479999957717267,-0.272095233141576,-0.118353544618407,-3.1911999167962977,0.0,0.0,1.0,7.0,0.0,0.0,0.0,26050904.0,1.0,-119.4450176843324,105.62087736272949,34.8143486022949,-15.801529998779298
2026-05-09 18:10:22+00:00,ITA,ITA,18.310000247698238,17.819999403056404,0.0,17.469999677908,16.880000082684763,16.47000021926288,0.33149003789569154,-0.39456748855120705,4.993688332866542,1.8189618718529659,2.55377582087774,0.9974763440770202,4.304363102204599,-25.938594818474826,-1.849999991005308,-63.8387216624556,36.951210021972656,32.99728065490722,1.0,110.999999673762,0.0,0.0,0.0,209.330339946608,33.390266418457,206.39059920707822,4.5470000229405985,32.2730392,-3.358179045539484,-0.11744168587028803,1906.080031394958,331.80534243583696,-827.7233123779297,14.438189193606382,-64.843784,-2.0,277.643249511719,-160.209945678711,282.189880371094,98.7679977416992,100.0,100.0,0.012399998996810518,-0.669048885631925,0.857001177438689,-1.267799970222198,0.0,0.0,1.0,7.0,0.0,0.0,0.0,26050904.0,1.0,-117.82446514525,105.09859328746549,35.2667827606201,-13.788839492797859
2026-05-09 18:10:23+00:00,ITA,ITA,18.310000247698238,17.67000025265592,0.0,17.159999931105382,16.47999995771726,15.8099998935382,0.32929325162346,-0.3923702353715125,4.993328040387825,1.668922999633588,1.8828925492059851,1.074443846187532,4.228953544899426,-24.437511167221658,-2.489999895334182,-59.9897529708025,38.8550308227539,35.550178527832045,1.0,110.999999673762,0.0,0.0,0.0,208.195804544334,36.086706161499,205.44739926006181,5.219399874084525,32.2729638,-2.960949373365386,1.7617647768929623,1906.0167789459222,284.2397987842562,-826.9037246704102,82.2192311286926,-64.8438328,-2.0,268.736602783203,-151.369003295898,280.538757324219,97.7679977416992,100.0,100.0,-0.9319999735704794,1.3537650512811,0.807792332511392,-1.2541999963676438,0.0,0.0,1.0,7.0,0.0,0.0,0.0,26050904.0,1.0,-116.444490993265,104.5938457228965,35.59563961029055,-12.618444328308101
2026-05-09 18:10:24+00:00,ITA,ITA,18.2900000877706,17.06999989444996,0.0,15.4399998377074,13.739999904237095,11.730000309341499,0.3273887627631505,-0.3928093951908035,4.993328040387825,2.114741591690438,2.239612518823125,1.157623149216072,4.137209419439438,-24.52677525099402,-6.5600000932581395,-57.17044895690715,40.2396394729614,37.462059173583974,1.0,110.999999673762,0.0,0.0,0.0,206.098321752115,37.8580181121826,203.93060002654744,6.227599657847148,32.2728825,-2.7135546709196,1.716592232696712,1905.953526496886,374.187642335892,-825.5033016204832,158.4349066019058,-64.8438827,-2.0,259.997314453125,-141.751312255859,267.400451660156,96.7679977416992,100.0,86.4276170730591,-0.373000002980299,-0.841366981150236,0.621788885773902,-2.179599979487482,0.0,0.0,1.0,7.0,0.0,0.0,0.0,26050904.0,1.0,-115.77184849965099,104.1019013479265,35.5593297958374,-13.17912609100342
2026-05-09 18:10:25+00:00,ITA,ITA,18.28000000780678,15.330000324143239,0.0,11.90000004655646,7.929999890546545,3.5199999940771276,0.3275351449228425,-0.392809875438479,4.99224716295167,3.00458915951989,1.600772866199085,1.25808635266104,4.072961415766442,-24.92350405685856,-14.76999977352838,-53.6303226365018,41.5573139190674,39.71714378356934,1.0,110.999999673762,0.0,0.0,0.0,203.354375215333,40.1644706726074,201.2075975818354,7.021800052648435,32.2727946,-2.397711611904674,1.590109081007542,1906.034874916076,483.8880956172944,-824.1778254508972,163.3544802665712,-64.8439305,-2.0,248.21240234375,-131.656524658203,265.188415527344,95.6699981689453,100.0,82.1537792682648,-0.4277999767291454,0.576388618360828,1.50129468275414,-2.113999939868278,0.0,0.0,1.0,7.0,0.0,0.0,0.0,26050904.0,1.0,-115.06700849428918,103.57902304620501,35.14847888946535,-14.51410709381104
2026-05-09 18:10:26+00:00,ITA,ITA,18.29999982622498,12.79999990084652,0.0,5.859999901245442,-2.680000064617102,-10.679999853235763,0.3272423672632445,-0.3919305819643325,4.992967747909106,3.6122637048338815,1.2183113543431952,1.537871391632272,4.1843063058423455,-26.560009185766596,-28.98000019172494,-50.8412234266636,43.513906860351554,42.037100601196286,1.0,110.999999673762,0.0,0.0,0.0,201.709706644328,42.5540760040283,199.639596518227,7.765399844757323,32.2727002,-2.517643074295654,1.590109081007542,1905.926465988158,577.0350217819212,-822.7721571922302,262.9194974899294,-64.8439773,-2.0,239.476028442383,-120.653823852539,274.965545654297,94.7679977416992,100.0,81.6479742527008,-0.6527999936625114,-0.627142686866135,-6.29276031148876e-05,-1.7077999027807738,0.0,0.0,1.0,7.0,0.0,0.0,0.0,26050904.0,1.0,-114.19927257533641,103.028421006643,34.94740505218505,-14.786635665893538
2026-05-09 18:10:27+00:00,ITA,ITA,18.2000003926247,11.5700001398262,0.0,3.5399999619056914,-6.0100001615516625,-15.48999989601704,0.326363087129311,-0.396325115004148,4.992967747909107,4.9604629630263855,1.078563656212321,1.6359039868837257,4.0707836099495855,-27.512157363614982,-33.6900002886417,-47.4587293345657,45.69465351104735,45.0396304321289,1.0,110.999999673762,0.0,0.0,0.0,200.133572191456,45.6767234802246,198.15399758884118,7.379199860875739,32.2725982,-2.283246136463038,1.481695007532836,1905.9806585311878,568.8231825828552,-823.4617590904236,298.13811779022217,-64.8440237,-2.0,229.728851318359,-108.977088928223,273.084686279297,93.6699981689453,100.0,81.6479742527008,-1.1061999783041983,0.220186662563339,-1.06904722834694,-0.9055999210544607,0.0,0.0,1.0,7.0,0.0,0.0,0.0,26050904.0,1.0,-113.57657379097118,102.46854357018799,34.7667417526245,-15.336488685607899
2026-05-09 18:10:28+00:00,ITA,ITA,18.2000003926247,11.070000068994222,0.0,2.520000001823494,-7.180000040430623,-17.300000367579862,0.326363087129311,-0.394127381576778,4.99224716295167,4.3105345196291625,1.276626548981411,1.7760664482519442,3.934120147771458,-27.309596833966122,-35.499999735676155,-44.00766355829545,48.611800003051755,48.88244750976563,1.0,110.999999673762,0.0,0.0,0.0,200.155702004367,49.8307262420654,197.7412000799354,6.1845997750405095,32.2724876,-2.335913938596418,1.5449365600943579,1905.953574180602,696.5127825737,-825.4787802696228,493.0363357067108,-64.8440711,-2.0,218.052947998047,-96.4983367919922,271.376037597656,92.6699981689453,100.0,81.6813051700592,-1.153400021907912,0.0339780266712181,-0.828514539483829,-0.6571999808485032,0.0,0.0,1.0,7.0,0.0,0.0,0.0,26050904.0,1.0,-113.12837404555918,101.912907681207,34.593111419677754,-16.691602821350102
2026-05-09 18:10:29+00:00,ITA,ITA,18.109999672950316,10.9499996216926,0.0,2.25000006261195,-7.409999830541632,-17.69999980952848,0.3269491226961835,-0.9134225553871735,4.992967747909106,2.88677855624356,1.2141094006214594,1.921630095149764,3.7702332591089514,-27.91231936406582,-35.80999948247878,-40.636567344375,52.10468502044675,53.058328170776335,1.0,110.999999673762,0.0,0.0,0.0,198.5122082259,53.9666290283203,196.5429991183698,5.739199894924124,32.272367,-2.26025964707555,1.5359020326286559,1905.7729482650743,854.8037052154541,-832.5311422348022,704.9178838729856,-64.8441212,-2.0,207.553970336914,-82.8739318847656,269.867126464844,91.6699981689453,100.0,81.7146301269531,-0.8949999850628737,-0.247687018534007,0.47966839059754,-1.0529999550240885,0.0,0.0,1.0,7.0,0.0,0.0,0.0,26050904.0,1.0,-112.5420869996592,101.36754781183299,34.450706291198756,-18.07297256469726
2026-05-09 18:10:30+00:00,ITA,ITA,18.019999977804318,10.909999984856281,0.0,2.260000057198404,-7.509999947160873,-17.480000440890723,0.327241900355782,-1.52485803497789,4.991886870472952,2.1355108949516377,1.210956574628415,2.080966669098526,3.622408371364694,-30.460155460342218,-35.51000049865888,-37.538417442519304,55.725301551818845,57.31704299926757,1.0,110.999999673762,0.0,0.0,0.0,197.204937339517,57.9792549133301,195.62880288664442,5.97199997721747,32.2722352,-2.122766850521792,1.608178112655878,1905.953574180602,1031.215488910676,-842.8242087364197,902.6022911071777,-64.8441725,-2.0,193.220397949219,-67.8829040527344,268.906982421875,90.6699981689453,100.0,81.7420780658722,-1.178999997803944,0.253868579856707,-1.70550688021035,-1.2173999616479914,0.0,0.0,1.0,7.0,0.0,0.0,0.0,26050904.0,1.0,-112.0732327621972,100.8210882820025,34.31550407409665,-18.91975410461426
2026-05-09 18:10:31+00:00,ITA,ITA,18.180000232697022,13.0300002032217,0.0,6.999999967119775,0.7400000689728798,-6.45000000873287,0.3266558647889095,-1.517532817175605,4.992967747909106,2.047779633695078,2.17499167219881,2.2135675347583303,3.490373002679482,-30.884731630471816,-24.629999558410997,-35.34052233176445,57.65001182556155,59.116549987792965,1.0,110.999999673762,0.0,0.0,0.0,193.341044684527,59.3042747497558,193.069200423485,2.9936001108529378,32.2720946,-1.305936182042574,1.553971064276994,1905.926465988158,973.829901218414,-835.976159572601,902.9707670211792,-64.8442204,-1.0,183.839492797852,-51.874755859375,268.292419433594,89.6699981689453,100.0,81.7460000514984,-1.585600027844722,-1.62943052568746,-4.07084567929367,-4.459799894269375,0.0,0.0,1.0,7.0,0.0,0.0,0.0,26050904.0,1.0,-110.24145662303222,100.2725899407045,34.168864059448254,-17.51383575439452
2026-05-09 18:10:32+00:00,ITA,ITA,18.380000124426058,17.369999902798202,0.0,16.15999996019606,14.54999989262646,14.069999640212638,0.326363087129311,-1.589750755147685,4.992967747909106,2.3793683704923216,0.5363941255106981,2.283783971171494,3.4342922830838964,-30.6505094174159,-4.300000041395818,-33.42211173165735,62.63967590332035,60.392991027832025,1.0,110.999999673762,0.0,0.0,0.0,187.876237650357,60.7256309509277,187.75859720416798,1.4533999662231498,32.2719479,-1.33209625479489,1.5268675750121479,1905.9174537658678,679.5137286186219,-752.4279594421388,717.5542831420898,-64.8442562,-1.0,172.726699829102,-35.0687789916992,266.947204589844,88.6699981689453,100.0,75.9390711784363,-2.535799808854982,0.494911665277716,3.24031303235351,-4.251199940601662,0.0,0.0,1.0,7.0,0.0,0.0,0.0,26050904.0,1.0,-103.306691792675,99.7343539586345,33.9827110290527,-10.228468723297127
2026-05-09 18:10:33+00:00,ITA,ITA,18.27000026935244,14.969999836012121,0.0,11.179999753313078,6.79999990463603,2.1600000686452097,0.327095504855876,-3.16770502654681,4.992247162951671,2.5627092600809496,-1.135827108440065,2.305118792751628,3.3798447897849058,-30.505550263603936,-16.11999998185027,-31.89728053718845,65.5938652038574,61.425296630859386,1.0,110.999999673762,0.0,0.0,0.0,187.490741773601,61.5519470214844,186.62899319847438,3.657200031647588,32.2717964,-0.9467525872041959,1.472660549916326,1905.863261222838,654.0051221847534,-660.2729678153994,682.1865200996401,-64.8442807,-1.0,162.763229370117,-18.0727767944336,266.063934326172,87.6699981689453,100.0,79.1620910167694,-2.071599918425498,-0.431910000373518,-0.265753669301484,1.335199978131109,0.0,0.0,1.0,7.0,0.0,0.0,0.0,26050904.0,1.0,-99.4624099768304,99.28439475649235,34.0811502456665,-0.47612192630767625
2026-05-09 18:10:34+00:00,ITA,ITA,18.30999956467932,15.049999963458461,0.0,11.390000066515356,7.310000140809218,3.0300000245532757,0.326949122696184,-3.169169888680365,4.993328040387825,3.502689157102168,-1.0916976830994345,2.337796296042988,3.357521298322408,-30.1549798761504,-15.29000017504274,-30.466501047590647,66.87930679321286,62.57900527954102,1.0,110.999999673762,0.0,0.0,0.0,188.694125482709,62.9442718505859,188.05739885582642,2.8385999813195384,32.2716424,-0.33308606367369575,1.52686752844602,1905.9264898300157,592.0158147811891,-686.4745736122132,619.113504886627,-64.8443057,-1.0,156.60774230957,-0.722970902919769,266.257293701172,86.6699981689453,100.0,79.1895389556885,-2.945999924885566,0.187238737141697,-1.51534758352803,0.874200007315391,0.0,0.0,1.0,7.0,0.0,0.0,0.0,26050904.0,1.0,-98.183338209454,98.9475264115328,33.9209592819214,1.5570893883705115
2026-05-09 18:10:35+00:00,ITA,ITA,18.47000016108148,17.43000004107166,0.0,16.369999931888902,14.979999915975942,14.55999980183556,0.327388282515474,-3.16902303961321,4.992607455430388,3.26277031014637,-0.3336019537314005,2.366422814137618,3.340914589817852,-28.745448763551018,-3.899999991133511,-30.0434340077582,68.10970001220704,63.5094772338867,1.0,110.999999673762,0.0,0.0,0.0,188.71024472915,63.6847984313965,187.8646017400866,1.7110000171616542,32.2714859,-0.7633641877801944,1.58107462339103,1905.8542013168321,490.54332971572876,-598.5867857933043,577.4035334587095,-64.8443335,-1.0,151.948577880859,17.0008201599121,266.656555175781,85.6699981689453,100.0,79.1934609413147,-2.375999913292742,1.79674059844027,1.26748268659091,-1.0595999348025602,0.0,0.0,1.0,7.0,0.0,0.0,0.0,26050904.0,1.0,-97.63903633638218,98.66946258023239,33.69485893249515,-1.0610665118694296
2026-05-09 18:10:36+00:00,ITA,ITA,18.31000024769824,15.290000004288038,0.0,11.840000079037736,8.140000289126196,3.7399999710285874,0.3273887627631505,-3.1590623826475097,4.99224716295167,1.875539402333306,-0.90782066634964,2.389378396919116,3.3101516739282104,-26.599681998051164,-14.549999551117008,-29.9593953602103,69.27806854248044,63.5152670288086,1.0,110.999999673762,0.0,0.0,0.0,188.356522892414,63.4686973571777,187.3135967193634,3.331600004714614,32.2713281,-1.1168627467000645,1.5810745768249062,1905.91742992401,845.6039190292358,-575.847864151001,785.5990290641782,-64.8443611,-1.0,147.199951171875,38.1837539672852,256.193603515625,84.6699981689453,100.0,79.1914999485016,-1.210399914211056,-0.336360989970329,1.10148561098433,0.9867999900080082,0.0,0.0,1.0,7.0,0.0,0.0,0.0,26050904.0,1.0,-95.89003389373052,98.41134973149761,33.52690887451175,0.3781573748588561
2026-05-09 18:10:37+00:00,ITA,ITA,18.3199999861526,13.2999999716785,0.0,7.419999995882812,0.5600000063342058,-6.430000062248652,0.3273887627631505,-3.117313384954335,4.99224716295167,2.21070948478882,-1.064378687327525,2.395049502986976,3.275305372131956,-25.00094235110194,-24.7599995734122,-29.1840715592182,69.9938449859619,64.32691360473635,1.0,110.999999673762,0.0,0.0,0.0,190.563452635893,64.6601371765137,189.3670002027548,3.345399975045802,32.2711702,-0.774534007008484,1.590109057724476,1905.9716224670399,1007.3412775993354,-600.3192424774168,926.724362373352,-64.8443909,-1.0,145.211013793945,52.4705085754394,258.517669677734,83.6699981689453,100.0,71.3201880455017,-1.981199995538514,-0.951516321317121,-1.45703068134252,2.4209999102761115,0.0,0.0,1.0,7.0,0.0,0.0,0.0,26050904.0,1.0,-95.33704811814793,98.2305614543565,33.3517164230347,1.2035831022262562
2026-05-09 18:10:38+00:00,ITA,ITA,18.329999724606957,13.06000010160368,0.0,7.100000083739012,0.35000000262485675,-6.629999825911627,0.326802727196278,-3.098416812841845,4.99224716295167,2.58168800790689,-0.8836545766120625,2.366963124789648,3.278572123545924,-22.58089841117756,-24.929999566759257,-28.4575579975823,71.469453048706,66.3331805419922,1.0,110.999999673762,0.0,0.0,0.0,192.98057462089,66.7253402709961,191.6001988537822,2.806999983058426,32.2710095,-0.9939110920519788,1.535902009345594,1905.9716224670399,879.8506021499634,-643.2243108749392,853.3832907676695,-64.8444289,-1.0,144.054458618164,73.889533996582,264.249908447266,82.6699981689453,100.0,64.8074805736542,-2.465199942697286,1.51549176455254,-0.808110469916326,1.680399979939374,0.0,0.0,1.0,7.0,0.0,0.0,0.0,26050904.0,1.0,-95.95057532449569,98.121684823892,33.107107543945304,-4.052467675209043
2026-05-09 18:10:39+00:00,ITA,ITA,18.270000269352458,12.37000004825174,0.0,5.459999947032668,-2.8499999832589413,-10.740000162263948,0.325777064902652,-3.06794787256295,4.992247162951671,1.642066290274616,-0.986100183766687,2.291345460158202,3.130475223517972,-20.87305844506844,-29.010000090106917,-27.92010577971965,72.1457679748535,67.2617381286621,1.0,110.999999673762,0.0,0.0,0.0,194.223846634751,67.345133972168,192.9939945765716,3.3613998212425997,32.2708462,-1.0065467712617728,1.4636260457336898,1905.881285667418,981.0567259788522,-631.8514704704282,907.5005054473875,-64.8444742,-1.0,142.147552490234,92.2500534057617,283.361572265625,81.6699981689453,100.0,64.7682726383209,-1.402400010907722,0.61013140704713,0.283960392307799,1.56479981797753,0.0,0.0,1.0,7.0,0.0,0.0,0.0,26050904.0,1.0,-96.08812850419054,98.0603121591048,32.73723735809325,-6.719796695709226
2026-05-09 18:10:40+00:00,ITA,ITA,18.27000026935244,11.360000168133379,0.0,3.259999942730334,-5.809999928313184,-15.569999852708639,0.327095504855876,-3.00100326751695,4.992607455430388,1.6721456322943897,0.13396738374148298,2.198444087209404,2.991361729795878,-20.520198919714524,-33.85000088504384,-27.7967619548193,72.96699600219725,68.12056411743166,1.0,110.999999673762,0.0,0.0,0.0,196.207743381073,68.458625793457,194.433200129039,3.022399944997756,32.2706822,-1.319389114730904,1.445556944236158,1905.73682785034,1111.61799430847,-684.7778558731077,1010.2833509445194,-64.8445254,-1.0,139.890670776367,107.146987915039,289.898254394531,80.6699981689453,100.0,64.7859156131744,-1.559599952273718,0.235303458681951,-0.900694911415466,0.1550000441560381,0.0,0.0,1.0,7.0,0.0,0.0,0.0,26050904.0,1.0,-96.1195350800321,98.04708549777705,32.736821937561004,-7.129943532943725
2026-05-09 18:10:41+00:00,ITA,ITA,18.29000008777062,11.05000007982132,0.0,2.5499999428941678,-7.339999953813842,-17.24000022930642,0.3262166916294055,-2.965553838672645,4.992607455430388,0.911209678149753,0.895740542987549,2.3585911484805537,3.101345704679656,-19.236171508585784,-35.52999997556758,-27.531631086712352,73.59521484374994,68.11647720336916,1.0,110.999999673762,0.0,0.0,0.0,193.227513280143,68.004052734375,192.4265943697646,1.7905999595556523,32.2705168,-1.3515169372044682,1.463625952601434,1905.935525894164,1094.7106599807742,-636.9522809982301,1052.668404579164,-64.8445778,-1.0,137.772537231445,130.111068725586,289.779815673828,79.6699981689453,100.0,64.770233631134,-1.360800018060162,-0.577176491353759,-0.344109972985841,-2.6597998441798163,0.0,0.0,1.0,7.0,0.0,0.0,0.0,26050904.0,1.0,-95.00705435858795,98.04738944119515,32.5237901687622,-4.767172597646711
2026-05-09 18:10:42+00:00,ITA,ITA,18.28000034931624,10.96999978162024,0.0,2.439999959754526,-7.099999998361646,-17.329999924452423,0.325777064902652,-2.979763086745505,4.99224716295167,1.649228298572244,-0.2269544595561094,2.337256241523052,3.0749385711784596,-17.935741739674683,-35.610000615278125,-26.87054732223055,74.71390457153319,68.45969421386718,1.0,110.999999673762,0.0,0.0,0.0,192.6266342181,68.7337303161621,191.22400023052478,1.561999974026352,32.27035,-1.2620344154447198,1.4636259526014341,1905.8452129364002,965.3980255126944,-716.752028465271,927.9368996620175,-64.8446221,-1.0,136.459533691406,149.024047851562,299.939270019531,78.6660003662109,100.0,57.9811036586762,-1.9099999691961842,0.830689207682538,0.489372702025953,0.5395999121502436,0.0,0.0,1.0,7.0,0.0,0.0,0.0,26050904.0,1.0,-92.89610106728765,98.03175855327956,32.4391164779663,2.3956165266036975
2026-05-09 18:10:43+00:00,ITA,ITA,18.27000026935242,10.92999980327444,0.0,2.3600000030629156,-7.300000146222762,-17.11000021430522,0.326656331696372,-3.03191190122367,4.9918868704729515,1.0981312837385908,-0.313114160985713,2.33590569968073,3.095628452146216,-18.87911653953418,-35.37000006218438,-26.638185994214,77.0889186859131,69.87884628295896,1.0,110.999999673762,0.0,0.0,0.0,194.763376937669,70.1776565551758,192.7537986800678,2.923200027728466,32.2701812,-1.671295700629548,1.535902009345592,1905.7910203933698,1003.2345771789547,-705.2902936935424,989.9969100952158,-64.8446695,-1.0,134.817855834961,164.258026123047,308.702545166016,77.7679977416992,100.0,57.961493730545,-1.4594000099325721,-0.337698639830594,1.82865849931856,1.6522000071584138,0.0,0.0,1.0,7.0,0.0,0.0,0.0,26050904.0,1.0,-91.49828646119052,98.0826707833528,32.52640285491945,6.721251869201657
2026-05-09 18:10:44+00:00,ITA,ITA,18.28000034931626,10.88999999568338,0.0,2.250000019923272,-7.489999957987971,-17.789999846183882,0.327095518196089,-3.469174315307245,4.992607455430388,1.6871852392712523,-0.204889293318545,2.368853593085862,3.07902195708507,-20.6403620962731,-36.07000019550012,-26.03742219161355,78.09426040649416,71.09183853149413,1.0,110.999999673762,0.0,0.0,0.0,195.879375206536,71.3036659240723,194.13440120945617,4.334799876561376,32.2700103,-1.37326726907389,1.526867528446018,1905.890345573424,1049.112796783444,-771.8855023384092,970.3960537910461,-64.8447231,-1.0,132.713806152344,183.603973388672,320.726135253906,76.7679977416992,100.0,57.9693377017975,-1.539999998742766,0.524827146790431,0.720645948891199,1.34339996707525,0.0,0.0,1.0,7.0,0.0,0.0,0.0,26050904.0,1.0,-91.40370336760199,98.20787498102834,32.6969758987427,4.219530694484708
2026-05-09 18:10:45+00:00,ITA,ITA,18.2900000877706,10.8499996758281,0.0,2.220000036163916,-7.4499999796421665,-17.6100001143825,0.3266558647889095,-3.653893579759065,4.992967747909106,1.366339130722312,-0.3378057617427715,2.401261047772916,3.046898296758028,-21.20989605417678,-35.90000088517204,-26.03673746514925,78.6810367584228,72.03736312866211,1.0,110.999999673762,0.0,0.0,0.0,196.845846974092,72.2173645019531,195.4123951729818,4.498799804854644,32.2698378,-1.270428888689396,1.517833024263382,1905.9174299240099,1151.8580675125118,-810.8485460281371,1062.3221397399898,-64.8447818,-1.0,132.763854980469,203.268341064453,334.199005126953,75.7679977416992,100.0,57.9497337341309,-1.7307999031362158,-1.28573551337412,-0.0390969232838654,1.443399939620188,0.0,0.0,1.0,7.0,0.0,0.0,0.0,26050904.0,1.0,-92.22160349429484,98.35961104853475,32.837295341491696,-1.6719148635864247
2026-05-09 18:10:46+00:00,ITA,ITA,18.2900000877706,10.88999982492864,0.0,2.2400000680255014,-7.4499999796421665,-17.540000237654716,0.32606984256225,-3.66605195681192,4.991526577994234,2.1229780100888496,-1.7305345609591298,2.4107131331218885,3.0302918016968805,-21.433056092852944,-35.8299996424064,-25.27887077390205,77.87270736694336,73.34290832519532,1.0,110.999999673762,0.0,0.0,0.0,199.737912993216,73.6413642883301,198.5787998382324,3.94279995216871,32.269664,-0.40110139958967206,1.535902079194784,1905.74584007263,966.9934630393984,-815.206027030945,912.6059174537659,-64.8448462,-1.0,133.734970092773,223.021774291992,348.727935791016,74.7679977416992,100.0,57.9556167125702,-2.44019995623116,-0.852005694473618,-0.897318450087952,4.542199808680598,0.0,0.0,1.0,7.0,0.0,0.0,0.0,26050904.0,1.0,-95.3432212431198,98.51487490874749,32.96097564697265,-9.452592773437502
2026-05-09 18:10:47+00:00,ITA,ITA,18.29000008777062,10.92999980327444,0.0,2.2400000253368177,-7.519999856369961,-17.58000055750996,0.3265099495366795,-3.67469449398952,4.992607455430388,2.487153067152038,-1.691133494154,2.418545012222362,3.011235275091768,-21.077526646552457,-35.85999988229784,-26.2184333036763,76.4175338745117,75.73862548828124,1.0,110.999999673762,0.0,0.0,0.0,205.577902318495,76.3328018188476,203.8646040067106,3.196199956778208,32.2694905,-0.4943313926829556,1.418453385122122,1905.754876136778,688.1748676300049,-761.3149762153625,741.3980007171632,-64.8449267,-1.0,136.80940246582,242.73030090332,364.804107666016,73.7679977416992,100.0,57.9438507556915,-3.0181998909223844,0.588526451485322,-0.60259685461896,5.723599657482447,0.0,0.0,1.0,7.0,0.0,0.0,0.0,26050904.0,1.0,-102.19647596195989,98.6575473152253,33.9678726196289,-20.35346340179442
2026-05-09 18:10:48+00:00,ITA,ITA,18.290000429280077,11.939999854147539,0.0,4.569999959263019,-3.589999998870968,-12.269999760877786,0.327241887015568,-3.679675195998335,4.9918868704729515,2.296292181975904,-1.1321496919022445,2.4820096358862402,2.96958281785365,-20.100200342366684,-30.549999768684597,-26.75780651224305,75.8238876342773,78.26916687011717,1.0,110.999999673762,0.0,0.0,0.0,211.69780645634,78.9573875427246,209.39460109839584,2.914199972836504,32.269319,-0.8523403097099264,1.553971017710864,1905.772924423216,588.4419083595278,-717.1926617622377,615.5183911323545,-64.8450308,-1.0,139.024307250977,262.820281982422,392.595825195312,72.6660003662109,100.0,57.9556167125702,-2.365199954144094,1.17355008314349,1.5235466920181,4.430399558430468,0.0,0.0,1.0,7.0,0.0,0.0,0.0,26050904.0,1.0,-107.64461596851761,98.78744726795514,34.702169609069855,-30.379340286254905
2026-05-09 18:10:49+00:00,ITA,ITA,18.21000047258848,11.089999887412379,0.0,2.5700000601331157,-7.430000075846628,-17.40000014268966,0.326656331696372,-3.66239033508656,4.991166285515517,1.55755785377793,-0.14920233412860748,2.558437104821156,2.881650151393938,-22.452343322695242,-35.609999249240296,-26.570217928009548,75.7259548187256,79.45051162719724,1.0,110.999999673762,0.0,0.0,0.0,213.1022162931,79.475798034668,212.03179997467777,4.094599796566501,32.2691507,-0.9168059402853513,1.472660410217944,1905.56523799896,831.1581015586853,-789.3965363502501,757.4827313423156,-64.8451542,-1.0,137.583480834961,282.956207275391,403.443328857422,71.7679977416992,100.0,57.9497337341309,-1.652600021456022,-1.29461529290367,-0.449541226581407,1.3389999351995445,0.0,0.0,1.0,7.0,0.0,0.0,0.0,26050904.0,1.0,-109.87784603841519,98.89333227556335,34.7122735977173,-35.54043296813963
2026-05-09 18:10:50+00:00,ITA,ITA,18.3099999061888,11.490000012379861,0.0,3.549999956492144,-5.110000051129516,-14.93000019917578,0.326656331696372,-3.630016305637755,4.992607455430388,2.058163997177076,1.5571689385377199,2.6340548975186477,2.8429922625313577,-21.36820583724986,-33.219999262418,-27.4274169141299,75.7118236541748,79.98651809692385,1.0,110.999999673762,0.0,0.0,0.0,212.16769615048,80.2374114990234,210.8367928095682,3.497800022316908,32.2689831,-1.6525968411491898,1.535902055911722,1905.411720275876,853.9662718772886,-827.3811936378479,768.9306139945986,-64.8452824,-1.0,136.139495849609,303.430358886719,424.259033203125,70.6660003662109,100.0,57.9497337341309,-2.064599999054612,1.21189177693618,0.559577975348692,-4.28239988187648,0.0,0.0,1.0,7.0,0.0,0.0,0.0,26050904.0,1.0,-111.48327517263719,98.9746012814027,34.963410758972145,-37.722870483398424
2026-05-09 18:10:51+00:00,ITA,ITA,18.18000023269704,12.2000002256594,0.0,4.859999930336146,-3.370000011247342,-11.75999978083664,0.3262167049696185,-3.557505630026725,4.991526577994234,0.9602678213563178,1.5508632865516252,2.934904538710978,3.0798391892192596,-24.43484124627514,-29.92999959206042,-28.4722300976931,74.28158912658691,79.30135025024413,1.0,110.999999673762,0.0,0.0,0.0,206.582636805782,78.8693046569824,205.9774000830492,4.666800089567427,32.2688101,-1.677255019336042,1.445556990802288,1905.3123712539636,1050.6641745567345,-783.9608192443848,924.8782515525827,-64.8454008,-1.0,135.615371704102,324.326477050781,445.017822265625,69.6660003662109,100.0,57.9458117485046,-1.1533999792192307,-1.949578887724,0.790469478672359,-3.7911999334928197,0.0,0.0,1.0,7.0,0.0,0.0,0.0,26050904.0,1.0,-113.01285232405121,98.91878497550539,35.87209854125975,-36.31447402954102
2026-05-09 18:10:52+00:00,ITA,ITA,18.27000026935244,12.1499998258404,0.0,4.799999962817441,-3.349999979385756,-12.000000163175681,0.326655864788909,-3.563658243086735,4.9918868704729515,2.016983719454008,1.327585229677128,3.106664159542934,3.2848336140901715,-24.5851399004707,-30.260000181809602,-28.54638375396465,73.4726005554199,79.08623794555663,1.0,110.999999673762,0.0,0.0,0.0,203.382529255091,79.2657051086426,202.4727972350076,4.969399753291154,32.2686314,-1.30324495944354,1.5901091042906041,1905.5020093917822,970.0263142585757,-783.2751035690304,877.3426175117493,-64.8455015,-1.0,135.887161254883,345.688507080078,473.8125,68.6660003662109,100.0,57.9575777053833,-2.557799976237642,0.0491871237251175,-0.985297156291534,-3.595599964249756,0.0,0.0,1.0,7.0,0.0,0.0,0.0,26050904.0,1.0,-113.534152852074,98.6756712221879,36.3299554824829,-34.74761627197266
2026-05-09 18:10:53+00:00,ITA,ITA,18.27000026935242,12.1499998258404,0.0,4.829999946576796,-3.199999975211626,-11.86000006821062,0.326070309469713,-3.54505387500468,4.9918868704729515,1.8311363425390517,2.788087914954255,3.0880299520719383,3.2935455203765223,-23.82715999883802,-30.1499986191887,-28.9613612884989,73.2074146270752,78.41234619140627,1.0,110.999999673762,0.0,0.0,0.0,196.604727636013,77.9128349304199,196.7045986620566,4.260599860380846,32.2684471,-1.635965928161762,1.517833024263384,1905.33945560455,874.8337030410764,-781.4898014068601,796.2638854980466,-64.8455874,-1.0,138.14665222168,367.472839355469,493.255767822266,67.6660003662109,100.0,57.9301297664642,-1.837399988861754,1.26746080864122,-0.0664590746455463,-8.504199636049632,0.0,0.0,1.0,7.0,0.0,0.0,0.0,26050904.0,1.0,-113.45205807636398,98.32134832880435,36.2607931137085,-32.746411972045884
2026-05-09 18:10:54+00:00,ITA,ITA,18.3199999861526,12.1499998258404,0.0,4.720000006125831,-3.339999942110624,-11.97000026479368,0.3244585982690015,-3.54197836888747,4.9918868704729515,1.490595362174044,2.69930068510768,3.1166566409213,3.2682272897837534,-23.319423201978402,-30.30999989860976,-28.061654620079,73.67300491333005,74.85307250976561,1.0,110.999999673762,0.0,0.0,0.0,186.211146813734,74.1733703613281,187.4823925503596,2.6237999661214277,32.2682605,-0.8910495303789643,1.4997640391811742,1905.3394794464082,875.665020942688,-792.3390746116637,826.8689751625063,-64.8456404,-1.0,141.075897216797,389.687316894531,511.465759277344,66.6660003662109,100.0,57.8948378562927,-2.066400052721686,-1.11672226891874,-4.43085555893493,-8.867799719250737,0.0,0.0,1.0,7.0,0.0,0.0,0.0,26050904.0,1.0,-106.223245406011,97.93660718795215,34.89247341156005,-22.974816398620604
2026-05-09 18:10:55+00:00,ITA,ITA,18.430000524245138,13.960000126648499,0.0,9.100000025557609,4.290000068153716,-1.1600000763915763,0.3329553669367105,-3.588121419372785,4.990085408079362,2.5895657773408542,1.44421575235569,3.0045807071607897,3.398084511142648,-20.636165628047017,-19.56999956559109,-27.52737160999115,75.85135345458986,71.0459307861328,1.0,110.999999673762,0.0,0.0,0.0,180.617358487277,70.1285820007324,180.32399639827378,-0.5060000051516841,32.268078,-0.7940196189038614,-3.9210125571116805,1905.4839611053442,444.17462348938,-791.2938714027404,558.7704479694369,-64.8456562,-1.0,148.849884033203,409.986236572266,526.9892578125,65.6660003662109,100.0,57.8869998455048,-2.984199977630342,2.22015064183512,4.14452805251247,-6.085999847201125,0.0,0.0,1.0,7.0,0.0,0.0,0.0,26050904.0,1.0,-96.3842540877321,97.56363104794525,34.64552478790285,-5.388276729583728
2026-05-09 18:10:56+00:00,ITA,ITA,18.47999989953582,15.910000180912181,0.0,13.14999996750438,9.750000015186378,6.570000093180667,0.323872562702129,-3.5714216068521,4.991526577994234,1.532133563153958,2.964082679958445,2.934094350209364,3.43265888603257,-23.0348474683233,-11.920000035729368,-27.290520286369002,80.3070545196533,66.74691467285159,1.0,110.999999673762,0.0,0.0,0.0,171.988179452153,65.6727127075195,172.6125980781514,2.76340002544452,32.267905,-1.7761381865825712,2.4212910793721663,1905.56523799896,658.9011132717135,-760.9560847282411,625.1421988010405,-64.8456511,-1.0,159.733428955078,428.90966796875,532.929565429688,64.6660003662109,90.9033894538879,57.1380972862244,-0.10859997045060625,1.58857991131355,0.150813031473114,-8.942600023681944,0.0,0.0,1.0,7.0,0.0,0.0,0.0,26050904.0,1.0,-82.19622724186908,97.20209888989271,34.947130393981894,11.778448390960701
2026-05-09 18:10:57+00:00,ITA,ITA,18.46000008111766,16.60999997271848,0.0,14.71000031827386,12.279999670086859,10.760000151436852,0.32328700738293303,-3.588707321537525,4.9918868704729515,1.44296969106333,2.40772631274218,2.8401126547772817,3.5687775552470242,-23.585689589034878,-7.709999860234246,-24.469680333684103,82.180281829834,62.70842559814454,1.0,110.999999673762,0.0,0.0,0.0,163.481875520198,62.1445976257324,164.1653971391218,1.1419999559354868,32.267746,-0.897937777490944,2.3580424487590763,1905.49302101135,1178.6465883255,-802.9889225959776,1006.4449071884148,-64.8456168,-1.0,162.406433105469,446.236267089844,552.074951171875,63.6660003662109,67.9756104946136,51.936948299408,-0.7007999938242933,-2.17217005701966,-1.80395797395886,-8.885399665326679,0.0,0.0,1.0,7.0,0.0,0.0,0.0,26050904.0,1.0,-69.6467272609085,96.85167944961981,35.2155040740967,25.133069572448722
2026-05-09 18:10:58+00:00,ITA,ITA,18.56999993619124,18.12999983287796,0.0,18.1300001743874,17.82999948302024,17.860000064421136,0.323287007382933,-3.60643230276394,4.9908059930367985,1.2707293423076804,2.2306804456577503,2.773137228502656,3.6166913749633443,-22.80749130293054,-0.7200000157669563,-22.2470445702081,84.15982589721675,60.06960571289062,1.0,110.999999673762,0.0,0.0,0.0,153.535234956448,59.3906410217285,154.07819401432897,1.131999961349033,32.2676007,-1.5063617439672758,2.3941804654896246,1905.592346191404,1216.450238227844,-703.2257318496704,1132.678246498108,-64.8455569,-1.0,142.594711303711,464.683532714844,555.648132324219,62.6660003662109,65.8739805221558,51.815402507782,-0.8655999853973372,1.08737166539473,1.34504460725828,-10.10739965265895,0.0,0.0,1.0,7.0,0.0,0.0,0.0,26050904.0,1.0,-59.12684394653603,96.512072198803,34.9731473922729,32.61588134765624
2026-05-09 18:10:59+00:00,ITA,ITA,18.55999985622742,18.12999983287796,0.0,17.949999418057637,17.87000014438494,17.98999939640344,0.322554589656368,-3.615660742106275,4.99224716295167,0.4750591191449627,0.30943870545923946,2.714263388423354,3.688017247541128,-22.81893562639438,-0.570000011592827,-19.287684112287103,83.73718185424805,56.7893243408203,1.0,110.999999673762,0.0,0.0,0.0,144.431494377791,56.1154140472412,145.3429995149836,2.51439988703432,32.267473,-0.7641544780197627,2.3309389129281035,1905.5020093917822,1442.5289154052741,-783.9525461196898,1314.105319976808,-64.8454729,-1.0,127.185180664062,477.859436035156,569.0400390625,61.6660003662109,65.8112466335297,43.8460648059845,-0.13659999611372112,-0.32394637410189,0.644364155084676,-6.90359987245732,0.0,0.0,1.0,7.0,0.0,0.0,0.0,26050904.0,1.0,-50.40804395025547,96.18296294874055,34.8325532913208,38.119929428100576
2026-05-09 18:11:00+00:00,ITA,ITA,18.4999993764445,18.0999995929865,0.0,17.97999965794908,17.910000122730757,17.79000052920278,0.3250446204956605,-3.62049480849135,1.999595482561928,0.7346724627233348,-0.514327038282432,2.630273960926224,3.767238477289996,-22.32722108728978,-0.7000000052497136,-17.936657326532902,82.43341369628905,54.34783264160156,1.0,110.999999673762,0.0,0.0,0.0,138.845219259421,54.0779067993164,139.6831960441606,2.8399999566559764,32.2673619,-0.21502828492264844,450.47660032287183,1905.474972724912,1358.4609031677242,-783.3046317100527,1238.125371932984,-64.8453743,-1.0,115.976127624512,488.917053222656,566.321533203125,60.6660003662109,65.8210456371307,42.5521492958069,-1.5400000307592792,-1.61722337681506,-0.0184503119647081,-4.747999939741474,0.0,0.0,1.0,7.0,0.0,0.0,0.0,26050904.0,1.0,-46.32897369867276,95.89863583397126,34.78055191040035,39.8174942779541
2026-05-09 18:11:01+00:00,ITA,ITA,18.43000052424516,18.0499991931674,0.0,18.03999979622252,18.0000005008956,18.04999987618636,0.33236885112216197,-3.621373768460165,-0.4666582996273524,2.078933022961836,-0.006303784356246012,2.612449899268158,3.899001791002828,-20.993603087692158,-0.380000007728551,-17.120013442383147,81.1012046813965,52.01481651306152,1.0,110.999999673762,0.0,0.0,0.0,134.650677146712,51.5225486755371,135.3191996702184,2.9811998597261,32.2672631,-0.28082305180101247,1256.6924810409541,1905.4568529128999,799.5998024940495,-775.8091211318971,815.5852794647218,-64.8452687,-1.0,104.131278991699,498.478179931641,569.186828613281,59.6660003662109,65.8132076263428,42.5403863191605,-2.5740000750431697,-0.110883325368503,0.112477754322985,-4.1683999478598075,0.0,0.0,1.0,7.0,0.0,0.0,0.0,26050904.0,1.0,-42.93329460940102,95.77960271221079,34.74322929382325,40.474362030029276
2026-05-09 18:11:02+00:00,ITA,ITA,18.319999986152602,18.0499991931674,0.0,17.8999997012575,17.87999988283932,17.79000052920278,0.3550739340478055,-3.613756186544895,-1.5169324435475648,2.9748684024315457,0.4833335875000455,2.636485548400846,4.080856431428062,-20.565975189041378,-0.5100000120576088,-16.938702655770598,79.08129959106445,48.908851776123036,1.0,110.999999673762,0.0,0.0,0.0,131.854971436399,48.0894104003906,131.66320431318562,3.494600036002074,32.2671747,-0.9554239472464794,1676.2434720993037,1905.4749488830541,600.0972032546996,-746.447801589966,549.0319430828094,-64.8451616,-1.0,95.0397872924805,505.364685058594,577.206787109375,58.6660003662109,65.8112466335297,42.5168603658676,-1.4861999006553872,1.21894778923562,0.417996691590791,-3.3115999728530285,0.0,0.0,1.0,7.0,0.0,0.0,0.0,26050904.0,1.0,-39.9489534176096,95.6667065154197,34.704263877868655,40.2535903930664
2026-05-09 18:11:03+00:00,ITA,ITA,18.349999884534597,18.06999935309504,0.0,18.210000472588497,18.069999694604522,18.029999716258697,-0.4019680118571295,-3.6093620270310547,-0.27533878459073097,2.461728541740308,5.412260041008086,3.180931453086782,3.5061628632479893,-20.71856263962786,-0.3299999974436988,-15.6463369497031,76.50291137695311,44.986438751220724,1.0,110.999999673762,0.0,0.0,0.0,122.262885992464,44.058512878418,123.96860006219461,2.39040002246422,32.267099,-1.0212577927787057,1902.2903680801378,1905.50203323364,758.7218046188356,-756.2714815139769,607.1214079856875,-64.8450553,-1.0,86.2993316650391,514.345275878906,578.6796875,57.6660003662109,65.7092988491058,42.4129545688629,-0.03259998598036917,2.83042526941141,-2.89608024936474,-12.945399601859918,0.0,0.0,1.0,7.0,0.0,0.0,0.0,26050904.0,1.0,-34.41493334450368,95.53748616651225,34.60702800750735,38.736043395996106
2026-05-09 18:11:04+00:00,ITA,ITA,18.24000037097046,18.0999995929865,0.0,18.180000232697058,18.16000007276942,18.059999273131222,-0.41896152251212104,-3.6052604984344603,-0.48791571061819783,-2.302983823693449,6.8186493519666005,4.392432073626928,2.310768042214144,-20.80897112159564,-0.16999999868311777,-12.720222437567099,72.8270816802978,39.86371856689455,1.0,110.999999673762,0.0,0.0,0.0,108.488463983867,38.7077453613281,110.49319827130921,-0.20400000535665241,32.2670483,-0.804229759201165,1901.865768432614,1905.583310127256,1102.765965461731,-761.1611366271974,783.2570314407347,-64.8449454,-1.0,82.4781036376953,518.958374023438,576.550231933594,56.7680015563965,65.1995778083801,42.0718312263489,2.2123999566083983,0.552181787612068,-1.82974727416094,-12.0664000179467,0.0,0.0,1.0,7.0,0.0,0.0,0.0,26050904.0,1.0,-26.170189799266478,95.4090444591701,34.5479061126709,36.05381996154786
2026-05-09 18:11:05+00:00,ITA,ITA,18.2000003926247,18.13999991284178,0.0,18.05999961464068,18.160000072769378,18.200000392624638,-0.4248204240976035,-3.60086591203379,0.168550968714614,-3.128375367235016,8.79242695958973,4.642779594916959,2.082905204851022,-19.067943266309438,2.2204460492503132e-17,-9.192158658122846,69.08094635009765,35.05512565612794,1.0,110.999999673762,0.0,0.0,0.0,97.4016189608325,34.0777393341064,99.06959896747374,-2.674799985469874,32.2670227,-0.5806286610593541,1901.8296241760222,1905.6194067001318,1179.569578170776,-815.0986313819888,810.7275485992429,-64.8448396,-1.0,80.4127197265625,522.157104492188,572.764404296875,55.7680015563965,65.170168876648,43.0755972862244,2.413200004998686,-0.616744257463319,-3.50288556772949,-12.05899950798098,0.0,0.0,1.0,7.0,0.0,0.0,0.0,26050904.0,1.0,-17.47144528744582,95.2846803747625,34.592299461364746,33.52039054870604
2026-05-09 18:11:06+00:00,ITA,ITA,18.2000003926247,18.18000023269706,0.0,18.220000211042837,18.129999832877964,18.26999992784298,-0.42643213529831503,-3.604674382826305,3.0203252750373664,-2.4741495822554342,13.3110504493593,4.692200965449148,1.7589425877055143,-9.84515103900435,0.06999999945775431,-3.326353432256263,65.648405456543,30.87299034118654,1.0,110.999999673762,0.0,0.0,0.0,81.4937190630901,29.9858814239502,84.42140042062171,-4.96659988799564,32.2670177,-0.7322199498997091,1901.9561290740937,1905.565261840818,934.9282383918759,-832.1672677993774,738.1853342056273,-64.8447431,-1.0,80.6795959472656,520.147827148438,567.379943847656,54.7680015563965,69.8125779628754,45.1497793197632,1.7555999571587322,-1.55756605000493,-0.967527031783571,-17.04459910394558,0.0,0.0,1.0,7.0,0.0,0.0,0.0,26050904.0,1.0,-4.845318267960472,95.16425047931685,34.6576612472534,30.541050796508777
2026-05-09 18:11:07+00:00,ITA,ITA,18.2000003926247,18.2000003926247,0.0,18.11999975291412,18.209999789569544,18.14000025435124,-0.410317904777257,-3.61522083523504,6.813924867429025,-1.426743616194614,16.118049450578,4.05971494689012,0.8009384938113786,0.6391631581307815,-0.05999999953521806,3.82667292648976,62.1003673553467,27.36768905639648,1.0,110.999999673762,0.0,0.0,0.0,63.1308852531051,26.8040588378906,66.35019929574221,-5.2745998407866415,32.267034,-0.7651340658849611,1901.9561052322358,1905.547165870664,563.2031142711638,-811.5872740745547,471.7099487781522,-64.8446605,-1.0,79.4051513671875,515.966552734375,561.289306640625,53.7680015563965,95.9222078323364,54.4130325317383,0.6391999664471051,-0.37437496808499,0.157165681030395,-17.880799356481663,0.0,0.0,1.0,7.0,0.0,0.0,0.0,26050904.0,1.0,8.182269256314282,95.04762841433345,34.73920555114745,27.15849460601808
2026-05-09 18:11:08+00:00,ITA,ITA,18.190000312660878,18.18000023269706,0.0,18.240000029461,18.099999934495962,18.219999869533382,-0.40636301180440804,-3.61712539079642,7.731607825348144,-1.1302471960697913,14.597657025296,3.80099515047022,0.35719156216281645,7.516680725942791,0.04999999961268166,11.975286148192355,59.3696365356445,25.56922679901122,1.0,110.999999673762,0.0,0.0,0.0,46.6311972751053,25.314541053772,49.86519963955252,-4.256200023272254,32.2670676,-0.20671058593909156,1901.847696304318,1905.7097673416124,344.90367770194996,-765.3272390365601,253.63167226314536,-64.8445946,-1.0,81.4745788574219,510.657135009766,555.033569335938,52.7680015563965,100.0,61.8648052215576,0.362799993240915,-0.580776908180855,0.639767651216668,-15.42979963320092,0.0,0.0,1.0,7.0,0.0,0.0,0.0,26050904.0,1.0,21.73874325821362,94.93470489678566,34.769926071167,24.258118400573743
2026-05-09 18:11:09+00:00,ITA,ITA,16.4799997869625,16.49000037919054,0.0,16.74000015847442,16.649999780309564,16.70000000937392,-0.4032864518103535,-3.622545359346235,7.492008887377599,0.10228987350546297,9.55787686836295,3.931975297617343,0.24829654354832176,9.533511278404658,0.2500000033994936,22.55536955462625,57.1558862686157,25.681580886840823,1.0,110.999999673762,0.0,0.0,0.0,33.8852719819178,25.6234285354614,36.9675997505611,-3.508199881790584,32.2671142,0.923254279192078,1901.847696304318,1906.459283828736,201.4335006475448,-746.5116143226624,234.68949198722856,-64.8445438,-1.0,85.7823028564453,504.924865722656,548.771911621094,51.7680015563965,100.0,62.9195392131805,-0.13719999821682677,-0.667652805637745,0.445391673217213,-10.491199764198289,0.0,0.0,1.0,7.0,0.0,0.0,0.0,26050904.0,1.0,39.666203393519666,94.82535356817374,34.6881929397583,20.94158214569092
2026-05-09 18:11:10+00:00,ITA,ITA,7.2100000241899735,7.18000004043062,0.0,7.3300002153594805,7.1000000837390145,7.169999960466806,-0.40182160301701,-3.622105665918415,6.4046234762271625,1.6281008586107881,5.994359924814665,3.972214503338826,0.2082777501657882,14.002047454197982,-0.0399999996901454,33.12265745542375,53.81829471588135,26.934417800903322,1.0,110.999999673762,0.0,0.0,0.0,24.2909684340507,27.3617712020874,27.639399006719902,-3.579999940251496,32.26717,1.667252740905088,1901.847696304318,1906.567668914796,189.6800011396408,-548.9129066467286,156.7315459251404,-64.8445044,-1.0,91.1346893310547,498.599670410156,537.082824707031,50.7680015563965,100.0,62.9097402095795,-0.6551999727264656,-0.585064986319154,0.470468926198326,-7.280999755234883,0.0,0.0,1.0,7.0,0.0,0.0,0.0,26050904.0,1.0,58.19591648341998,94.71945831528186,33.92400455474851,15.79627012252806
2026-05-09 18:11:11+00:00,ITA,ITA,7.480000048778882,7.619999972989196,0.0,7.620000143743924,7.619999972989196,7.64999970061646,-0.3953766792048685,-3.6213735550167554,6.059455939161795,1.6202225342239562,5.513656760557865,3.937106477231314,0.2363181579883502,14.0604122744294,0.18999999852819044,39.11545860300375,50.2162004470825,28.67038913726804,1.0,110.999999673762,0.0,0.0,0.0,19.11972122286,28.9511650085449,21.497999239028722,-3.4605999519553037,32.2672339,1.5223246431095379,1901.856732368466,1906.3960790634162,158.2507997751234,-507.97253251075745,201.3904094696046,-64.8444724,-1.0,98.6239700317383,491.497894287109,529.15625,49.7680015563965,100.0,62.9332661628723,-0.672399979209974,-0.265538785146893,-0.238826982520031,-6.612799787411608,0.0,0.0,1.0,7.0,0.0,0.0,0.0,26050904.0,1.0,71.91680483534044,94.61689960979955,32.722246170043945,9.944273614883425
2026-05-09 18:11:12+00:00,ITA,ITA,7.3300000446047475,7.669999860544091,0.0,7.519999856369962,7.639999791407372,7.679999940507908,-0.3971343056578095,-3.623424105871635,5.6389858226291345,1.628816577058442,5.1842555199083655,3.878232807906746,0.32261739004413503,14.48193637452834,0.359999997211308,42.4832097317782,49.01682300567625,30.383670272827146,1.0,110.999999673762,0.0,0.0,0.0,10.8393283590236,30.6976272583008,14.262199626664218,-3.545199912986868,32.2673045,1.4232456628772359,1901.901912689206,1898.8373041152959,266.7550683021546,-537.6752018928526,203.573712706566,-64.8444478,-1.0,106.44987487793,483.912414550781,531.024536132812,48.7680015563965,100.0,62.9371881484985,-0.2925999919704408,0.396690743568156,-0.214461323192642,-7.232199675785083,0.0,0.0,1.0,7.0,0.0,0.0,0.0,26050904.0,1.0,80.25666525344978,94.51758524417295,32.7570556640625,4.970968136787412
2026-05-09 18:11:13+00:00,ITA,ITA,7.410000001296362,7.579999823888668,0.0,7.539999845542863,7.529999936333773,7.659999951335003,-0.4019680118571295,-3.6392455987537398,4.204271631805206,2.5824043239960934,5.818889590272685,3.7802000419005624,0.3887712939719992,14.751254148596539,0.22999999821833553,45.69404067946615,45.0162048339844,31.802586822509777,1.0,110.999999673762,0.0,0.0,0.0,6.86947727189231,32.0424533843994,7.4735997346397625,-2.868400011290938,32.2673809,-0.10790127611605704,1901.784443855282,1508.807349205016,290.086981654167,-574.3516206741332,186.1622035503388,-64.8444318,-1.0,114.985298156738,475.684722900391,517.81884765625,47.7680015563965,100.0,62.954831123352,-0.45280000588395514,-0.782815024407743,1.64554134111393,-6.854199675511556,0.0,0.0,1.0,7.0,0.0,0.0,0.0,26050904.0,1.0,91.15229776463218,94.42140593537545,32.3144989013672,-0.16924803256988596
2026-05-09 18:11:14+00:00,ITA,ITA,-1.0899999221873478,-0.44999986311201245,0.0,0.15000015358451613,-0.4699999483344346,-0.38999992760981605,-0.4041657452845,-3.63382563020392,4.22444809599079,3.982526381438254,5.107025076859155,3.7197061663275,0.4606417674143882,17.833530007802217,0.6899999893189219,49.36874563218285,41.37120552062985,32.38449829101562,1.0,110.999999673762,0.0,0.0,0.0,358.16424641431,32.4485046386719,216.11999480403907,-1.2647999483674863,32.2674608,0.06788110402248718,1901.712155342098,783.5820674896238,156.407704949379,-579.7105431556699,71.70097976922986,-64.8444251,-1.0,123.474540710449,466.297271728516,504.909484863281,46.7680015563965,100.0,62.9489481449127,-0.4450000005549308,1.20927090528559,1.07326647098501,-6.506199317487926,0.0,0.0,1.0,7.0,0.0,0.0,0.0,26050904.0,1.0,99.99320993195104,94.32826264566401,31.844120979309103,-5.777023487091062
2026-05-09 18:11:15+00:00,ITA,ITA,-18.469999819572017,-18.370000044462238,0.0,-18.01000023935002,-18.359999964498417,-17.93999967960328,-0.39772034122468247,-3.624156857103535,3.4959214641630623,4.968699744278593,-2.3856592121736986,3.7178156553426023,0.45247464341953936,23.20500626356854,0.5300000119026818,52.012633312719345,40.060955429077154,32.67659797668456,1.0,110.999999673762,0.0,0.0,0.0,355.963040369355,32.7845970153809,358.11379590502463,-0.6222000098010845,32.267542,2.062216391100324,1901.766371726986,100.88274497538812,203.63325774669661,-551.1236906051637,69.3447936326265,-64.8444296,-1.0,134.818450927734,457.258209228516,502.567810058594,45.6660003662109,100.0,62.954831123352,0.48679998854510587,0.983613728104538,-0.707056273681254,2.964199945768758,0.0,0.0,1.0,7.0,0.0,0.0,0.0,26050904.0,1.0,105.1012024197286,94.45004833365991,31.531856918334952,-9.718700695037843
2026-05-09 18:11:16+00:00,ITA,ITA,-18.05999961464068,-18.219999869533382,0.0,-18.11999975291414,-18.08999985453214,-18.14999999280558,-0.3842434841979615,-3.61844361730623,1.323672693548787,4.9973464114312725,-6.358958197474295,3.6845978840878937,0.4946715841283898,23.072253682331777,-0.11999999907043594,55.8681248350298,37.42921142578125,32.280673370361335,1.0,110.999999673762,0.0,0.0,0.0,3.00522795296202,32.1629493713379,4.51059991714119,-1.1781999905530642,32.2676231,3.4230671233150725,1901.9832134246801,-1.3094702502712603,478.5199642181398,-588.0489468574522,222.3039239645006,-64.8444333,-1.0,141.181976318359,448.716369628906,489.965911865234,44.6660003662109,100.0,63.8899803161621,1.836599917577854,-0.546085790416979,0.14611218045728,7.986199540811052,0.0,0.0,1.0,7.0,0.0,0.0,0.0,26050904.0,1.0,111.16091893060738,94.75841771430765,31.1030382156372,-13.203110446929918
2026-05-09 18:11:17+00:00,ITA,ITA,-18.12999983287796,-18.0999995929865,0.0,-18.079999433058862,-18.079999774568318,-17.91999986118514,-0.384097102038269,-3.622545359346235,0.033798694851876185,4.994481488583917,-5.042405937782135,3.6370667684085043,0.5376850205916626,23.09666819352002,0.21999999829579941,55.9957435045769,37.48778228759765,31.75401969909668,1.0,110.999999673762,0.0,0.0,0.0,9.55241997410292,31.6709541320801,11.75419975494824,-1.604399995469136,32.2677027,3.367439416016184,1901.8657684326142,-0.3341334784636271,365.1935636997222,-640.8588528633118,224.36431944370256,-64.8444252,-1.0,150.845108032227,440.109558105469,482.234313964844,43.6660003662109,100.0,63.9095842838287,0.4275999882566383,-0.677410477919048,-2.07255345552232,5.961599818923027,0.0,0.0,1.0,7.0,0.0,0.0,0.0,26050904.0,1.0,109.96354715400699,95.10126588988561,31.1327974319458,-12.291782169342053
2026-05-09 18:11:18+00:00,ITA,ITA,-18.26000018938864,-18.05999961464068,0.0,-17.95999983953092,-17.92999994114892,-17.810000347620964,-0.3728179917791315,-3.61961563507912,0.6585589423664018,4.9941233305393125,-1.995842000128315,3.90712954536041,0.7151839640058166,23.26375237911036,0.4500000071863056,54.47128626296505,39.216796875,32.206692123413056,1.0,110.999999673762,0.0,0.0,0.0,13.1021247810456,32.4841209411621,15.89860025367796,-4.101599972069484,32.2677809,3.5440565820084897,1901.88384056091,-0.2889803101425061,216.5777117013934,-585.0457191467284,118.05694028735164,-64.8444081,-1.0,161.115524291992,431.162200927734,485.655914306641,42.6660003662109,100.0,63.9644742012024,-0.2284000077289618,-1.04670418546795,-3.73130288838717,2.379799931726159,0.0,0.0,1.0,7.0,0.0,0.0,0.0,26050904.0,1.0,107.17904022185719,95.8219498850649,31.29252490997315,-8.979570064544674
2026-05-09 18:11:19+00:00,ITA,ITA,-18.059999273131222,-15.80000015508386,0.0,-12.430000015770464,-7.98000004490568,-3.989999963755918,-0.3823389953376515,-3.621519977197085,2.4701475663134,4.994481573961278,4.867988679671951,4.087260929058054,0.8594697465429494,24.29868005913306,14.090000141649716,50.6012191169658,40.56281261444095,34.19414428710938,1.0,110.999999673762,0.0,0.0,0.0,14.4118067242063,34.5932109832764,15.479799862265278,-7.080399916764651,32.2678615,1.5759008977551257,1901.8205881118738,3.883229475468398,219.348031282425,-626.1420249938964,302.5466710329054,-64.8443854,-1.0,169.908355712891,420.439147949219,469.732086181641,41.6660003662109,100.0,66.5405452251434,-1.7128000067957025,-2.4146840343506,-1.62117741601426,-4.678999917330806,0.0,0.0,1.0,7.0,0.0,0.0,0.0,26050904.0,1.0,104.949822205078,96.64131303827796,31.38759956359865,-6.660920104980467
2026-05-09 18:11:20+00:00,ITA,ITA,-18.08999951302268,-11.98000000324804,0.0,-4.170000005050248,4.639999964056857,13.51999968182572,-0.407388207190571,-3.62195924373808,7.611628551632973,4.993765172494709,8.5770301139242,4.080239494591277,0.9523028816330716,27.441990147252522,31.609999707112582,41.4898662924793,47.4817651748657,37.1350820159912,1.0,110.999999673762,0.0,0.0,0.0,5.6205387623414,37.8511791229248,6.726599917050725,-6.389199969930265,32.2679484,-1.0129818446604713,1901.7302274703939,3.386537334881722,47.585378028452354,-587.6948952674863,341.40402078628557,-64.8443644,-1.0,178.89811706543,413.147064208984,462.579254150391,40.6660003662109,100.0,69.824343919754,-3.7729999979869944,-1.18894298165517,4.1763191680043,-9.823799440772081,0.0,0.0,1.0,7.0,0.0,0.0,0.0,26050904.0,1.0,91.77469055652257,97.39056771475545,31.993346214294448,-0.7641764545440676
2026-05-09 18:11:21+00:00,ITA,ITA,-18.079999433058862,-11.880000057383539,0.0,-4.449999981536924,3.7299999657699674,12.719999944154887,-0.404458522944098,-3.614635573400535,6.758438032781766,4.9941233305393125,4.5622292316999555,3.9889583705796547,1.041052182585418,27.252017997753462,30.800000401742118,38.13775288180955,51.03357982635495,39.4075099182129,1.0,110.999999673762,0.0,0.0,0.0,356.51683210726,39.725549697876,286.18158978284634,-2.8355999914813377,32.268044,-0.19535908626354642,1901.766371726986,-1.1559494654648015,-48.72922878712417,-496.61981463432323,211.738547682762,-64.8443587,-1.0,187.671051025391,402.1494140625,453.543060302734,39.6660003662109,100.0,69.8400259017944,-3.25140005154637,2.40630979554134,3.21830317463997,-6.598599781438469,0.0,0.0,1.0,7.0,0.0,0.0,0.0,26050904.0,1.0,88.886542333907,98.11080091744955,31.804977035522448,4.0533965456485745
2026-05-09 18:11:22+00:00,ITA,ITA,-18.059999273131222,-14.829999741047061,0.0,-10.920000064820048,-7.140000019396138,-2.629999942274458,-0.3870267862847415,-3.615221048678455,3.8738762998106977,4.99483964662852,-0.5873517923502121,3.8911957385551483,1.1423248061357139,27.20357214898948,15.429999928498319,39.59795170370995,50.90885410308835,40.513104629516576,1.0,110.999999673762,0.0,0.0,0.0,355.10913011932,40.5854290008545,356.0097861840346,-1.356799960461424,32.2681437,1.3617482617603698,1901.919960975644,-2.429275959730152,126.9772410392761,-503.49011421203625,194.957134127617,-64.8443676,-1.0,200.5771484375,391.247039794922,445.037048339844,38.6660003662109,100.0,69.8302209377289,-1.1409999948966538,1.46701300281449,-0.755247527143925,1.093999921089149,0.0,0.0,1.0,7.0,0.0,0.0,0.0,26050904.0,1.0,92.3753770072307,98.14753367480586,31.52655773162845,-2.5921395993232723
2026-05-09 18:11:23+00:00,ITA,ITA,-18.079999433058862,-15.539999271307721,0.0,-12.13000017817692,-8.599999954725591,-4.770000064435452,-0.38951683046424745,-3.6171253907964154,2.538244077426838,4.993407014450105,-1.6443767271593774,3.795863629346786,1.224812552510796,27.371800049756338,13.320000131606122,40.58132135927335,49.52520160675045,40.897170867919904,1.0,110.999999673762,0.0,0.0,0.0,355.487495278582,41.0824367523193,357.14999064331977,-1.6754000039904882,32.268245,1.7053312589713179,1901.766371726986,-0.7134271902032204,400.5373477935792,-491.903394460678,315.0954127311706,-64.844378,-1.0,212.863708496094,380.272674560547,436.787292480469,37.6660003662109,100.0,69.8361039161682,-0.24739998050114784,-1.69732153882033,1.36114048164595,3.3309999352434296,0.0,0.0,1.0,7.0,0.0,0.0,0.0,26050904.0,1.0,96.38946005791749,97.89832739274875,31.27424125671385,-9.983025569915773
2026-05-09 18:11:24+00:00,ITA,ITA,-18.16000007276942,-17.69000007107412,0.0,-17.200000250960642,-17.17000001106918,-16.67999967869152,-0.3565573657581675,-3.6187368885537152,1.5780448994716765,4.9941234159166745,-9.01255200370818,3.796134019460554,1.225356918587644,27.420245215501403,1.4800000205518888,44.58710948672265,45.8152868270874,40.53104804992678,1.0,110.999999673762,0.0,0.0,0.0,6.84490523946637,40.2364105224609,7.6090000813969425,-1.9355999877808963,32.2683471,3.9333454762535327,1901.919960975644,-0.5599064810667199,376.5086472034454,-620.7049667835236,221.8851149082186,-64.8443813,-1.0,223.462387084961,369.544281005859,434.537445068359,36.6660003662109,100.0,69.8262989521027,0.2532000217308376,3.23641406155449,-2.55753509296389,15.18959946782868,0.0,0.0,1.0,7.0,0.0,0.0,0.0,26050904.0,1.0,105.36823139740599,97.7694519683944,30.42437496185305,-14.11812566757204
2026-05-09 18:11:25+00:00,ITA,ITA,-18.24999976791536,-18.1499999928056,0.0,-17.97999999945854,-18.019999636294884,-17.899999701257503,-0.3410296510516575,-3.62459612364453,-0.36000938471935273,4.993765172494709,-8.538676467300466,3.6864885658275184,1.325540383097418,27.65332405489026,0.3600000025473934,46.125734248220354,43.713679504394506,38.77987197875976,1.0,110.999999673762,0.0,0.0,0.0,21.035486832211,38.3906421661377,22.1160002192828,-4.040399940313606,32.2684441,3.8678215078662133,1901.8386602401702,2.934984560124576,488.8220250606538,-714.2192482948304,368.32349896430935,-64.8443592,-1.0,234.583801269531,357.895172119141,412.262542724609,35.6660003662109,100.0,61.6021037101746,0.9868000113523492,-0.534645597083177,-0.533203840198923,13.49819908403288,0.0,0.0,1.0,7.0,0.0,0.0,0.0,26050904.0,1.0,106.082589954395,97.66179111160204,30.125131416320798,-12.76318113327027
2026-05-09 18:11:26+00:00,ITA,ITA,-18.19000031266086,-18.13999991284178,0.0,-17.96999957798526,-18.109999672950316,-17.9900004209318,-0.34059047789215346,-3.62225251498557,0.6603603513991402,4.993407014450105,-8.188786366688214,3.721596506557664,1.298861258656866,27.60258872671646,0.20999999837326316,44.40349521881245,47.0708078384399,36.56157096862792,1.0,110.999999673762,0.0,0.0,0.0,33.630311265485,36.0568645477295,34.61720051752766,-4.218399792726018,32.2685295,3.520599492587184,1901.70311927795,1.3636399351526065,424.537068605423,-778.2279014587402,302.42558717727644,-64.8443131,-1.0,241.085342407227,347.267333984375,402.817932128906,34.6660003662109,88.913506269455,61.5981817245483,1.0110000119119398,-0.142277216001303,0.564036488051124,11.2233997998277,0.0,0.0,1.0,7.0,0.0,0.0,0.0,26050904.0,1.0,94.9070467287606,97.55758291543515,30.72325973510745,-4.4176801729202255
2026-05-09 18:11:27+00:00,ITA,ITA,-18.22000021104284,-18.06999935309504,0.0,-17.919999861185122,-17.83000016603914,-17.840000246002962,-0.3695950496253845,-3.621959243738085,2.8621539953940323,4.9941233305393125,-2.60736073598975,3.86013869764437,1.172270724678918,25.730334495963564,0.3800000023924658,39.866198845625746,50.83586711883545,34.76218070983886,1.0,110.999999673762,0.0,0.0,0.0,40.758528909742,34.5853317260742,42.468998840191055,-3.5447999200336,32.268601,2.5239342334741055,1901.775407791134,2.4924904806539443,472.55531549453735,-818.3325290679934,294.64176297187794,-64.8442514,-1.0,239.914978027344,338.099243164062,406.843994140625,33.6660003662109,70.2007532119751,61.5805387496948,0.5271999998648187,-0.912887973022702,0.66242669706648,4.106199805654712,0.0,0.0,1.0,7.0,0.0,0.0,0.0,26050904.0,1.0,81.75396702895948,97.65759396035715,31.435043334960902,6.646609039306648
2026-05-09 18:11:28+00:00,ITA,ITA,-18.240000029461,-18.02999971625868,0.0,-18.01999963629488,-17.979999657949083,-17.92000020269456,-0.3763337115924765,-3.620787652852015,4.253271921175068,4.993048941782867,-1.740517629483045,3.97923627931506,1.0892382280288502,22.702609650111498,0.32000000819333296,37.09374822188935,53.67260913848875,34.22046272277832,1.0,110.999999673762,0.0,0.0,0.0,43.5360629017682,33.9651844024658,45.57299879907086,-3.192399895656108,32.2686658,2.91331034069711,1901.8205881118738,1.779056194936858,411.78603172302235,-812.4025940895083,293.43202710151684,-64.8441842,-1.0,241.572937011719,328.449768066406,395.222839355469,32.6660003662109,62.6431167125702,61.592298746109,0.5653999872425504,0.917834630807378,-0.530417763347792,2.6967998326874185,0.0,0.0,1.0,7.0,0.0,0.0,0.0,26050904.0,1.0,73.90292275918043,98.37671725731104,31.86264495849605,15.01624305725098
2026-05-09 18:11:29+00:00,ITA,ITA,-18.25999984787918,-17.95000010107658,0.0,-17.9499997595671,-17.99000007942236,-17.9600001810404,-0.38087464013219796,-3.62254535934623,5.07835937055416,4.992690783738262,-0.7454852925097005,4.570943165698716,1.6214628111998621,20.46071207015722,0.29999999767609,35.265694194312346,55.041064453125,33.4060572052002,1.0,110.999999673762,0.0,0.0,0.0,43.8030208454781,33.3102516174316,47.24839912322648,-4.260599945758211,32.2687272,3.4733438469747617,1901.8838405609101,3.567135985940696,575.7664084434508,-804.653000831604,449.0250885486603,-64.8441156,-1.0,243.871871948242,323.783264160156,389.519287109375,31.6660003662109,62.6313507556915,61.5864157676697,1.2140000002008642,0.421249462461303,-2.19537434406431,1.2147999540908905,0.0,0.0,1.0,7.0,0.0,0.0,0.0,26050904.0,1.0,68.66979574165671,98.9756053192107,31.99817333221435,19.7512588119507
2026-05-09 18:11:30+00:00,ITA,ITA,-18.1499999928056,-16.11999998185028,0.0,-13.310000051642328,-10.100000039155578,-7.020000127047398,-0.376040453685202,-3.62342431931505,4.060511517702073,4.993765172494709,-0.955103878178668,4.661143839161008,1.6209178474814578,19.0374485207221,11.119999935204754,34.116166526810005,55.9268835067749,32.80681823730466,1.0,110.999999673762,0.0,0.0,0.0,44.7515223853286,32.6926586151123,48.17179835183937,-6.233799932820956,32.2687872,4.17682169917248,1901.883816719052,3.693564934656024,868.7147498130805,-792.9961919784546,707.5474381446835,-64.8440479,-1.0,245.669479370117,314.648986816406,364.589172363281,30.7679996490478,62.6254677772522,55.4952144622803,2.1872000163543177,0.333615760852086,-1.42648362077499,0.4267999890098874,0.0,0.0,1.0,7.0,0.0,0.0,0.0,26050904.0,1.0,64.80227625621788,99.4597154672029,31.996673011779798,22.151635894775378
2026-05-09 18:11:31+00:00,ITA,ITA,-18.26000018938864,-14.270000044205819,0.0,-9.83000005725535,-5.039999982302655,-0.19000006789729812,-0.368276596331947,-3.6223989371659053,5.0585424304510145,4.993407014450105,-0.36144732763664744,4.868011742232572,1.7619370920480317,17.20257933039122,18.080000286832497,32.71311077505335,56.49655380249025,32.589229202270495,1.0,110.999999673762,0.0,0.0,0.0,43.7059228762372,32.5598373413086,48.17979991845205,-6.567799769083893,32.2688456,4.279131358882196,1902.019333839414,3.74774867668748,1008.1004977226264,-806.3406229019164,853.6575913429263,-64.8439804,0.0,247.817428588867,307.152954101562,369.128295898438,29.7679996490478,62.6293897628784,55.5010974407196,1.987799985989156,-0.818629441485822,-1.69880433020045,-0.297799993744429,0.0,0.0,1.0,7.0,0.0,0.0,0.0,26050904.0,1.0,61.71738033644662,99.83946032467725,32.01559867858885,22.68836643218994
2026-05-09 18:11:32+00:00,ITA,ITA,-18.29999982622496,-13.07000035232224,0.0,-6.6599999804257095,1.329999920328224,8.27999976510535,-0.349380024219461,-3.622691994969975,3.3644121907986717,4.993765172494709,-0.5616092629356835,4.942278694266964,1.76084810376224,17.997562123361945,26.569999703465577,31.73650983695735,58.0564510345459,33.418712081909185,1.0,110.999999673762,0.0,0.0,0.0,42.5967445512567,33.641633605957,46.993200033191634,-8.571400245123453,32.2689062,4.718749868064307,1902.109646797178,3.865161119028926,935.4411005973816,-772.2252011299133,841.7103052139285,-64.8439141,0.0,250.311752319336,299.553100585938,346.368621826172,28.7679996490478,62.6215517520904,55.4795324802399,1.142599988054071,-0.967341015850394,-0.0222671370657556,-1.445799993389335,0.0,0.0,1.0,7.0,0.0,0.0,0.0,26050904.0,1.0,59.627326057968716,100.1107690988885,32.04704875946045,23.2221914291382
2026-05-09 18:11:33+00:00,ITA,ITA,-18.2199995280239,-12.719999773400179,0.0,-6.5800001091114595,-0.4999999854546459,7.159999837814311,-0.3429346201596435,-3.62283863059372,6.091162445685278,4.993765172494709,0.274765016683938,4.916352918347525,1.7717375383890144,18.23445494038332,25.39999956845454,29.5174838284578,58.449116134643546,34.100066986084,1.0,110.999999673762,0.0,0.0,0.0,41.9174788232044,34.239506149292,45.635200648823265,-6.865399990467273,32.2689681,2.922794826755954,1902.03740596771,3.774840570986272,800.7480978965757,-747.398567199707,781.8236470222473,-64.843846,0.0,252.54963684082,291.747985839844,337.036560058594,27.7679996490478,96.7730581760406,55.5010974407196,0.4923999992806184,-0.94774082753169,1.53024486643806,-1.4075999606548784,0.0,0.0,1.0,7.0,0.0,0.0,0.0,26050904.0,1.0,58.01529759497032,100.27267531806899,31.895126724243198,23.1423544692993
2026-05-09 18:11:34+00:00,ITA,ITA,-18.21000047258848,-14.509999914280618,0.0,-10.19999994233138,-5.529999994515192,-0.34000000270232045,-0.360513205886155,-3.623277683691305,7.54173027396908,4.993407014450105,-0.387188896555823,4.8963682971002545,1.8101233722792158,17.39674760660688,17.87000014438496,28.8160182780556,59.082247924804705,34.09164665222168,1.0,110.999999673762,0.0,0.0,0.0,40.8514468032109,33.8735927581787,44.730998349891635,-5.641799945944543,32.2690318,3.422327456516644,1902.1548032760602,3.7025954574346556,730.137073993683,-788.1695985794065,672.4987030029296,-64.8437784,0.0,255.086166381836,283.675476074219,327.365539550781,26.7679996490478,96.796578168869,52.7936816215515,0.9462000222322995,2.51581010765452,1.15890263574669,-0.9117999559044303,0.0,0.0,1.0,7.0,0.0,0.0,0.0,26050904.0,1.0,56.05569924662076,100.3383544171275,31.78967514038085,23.30560581207274
2026-05-09 18:11:35+00:00,ITA,ITA,-18.24000037097046,-12.57999984918986,0.0,-5.319999852067624,3.2000000392446504,11.219999902413587,-0.363735681132439,-3.6232781105781298,5.73662713341851,4.9930488564055,3.513084480903345,4.8534281784488496,1.8542256049292116,16.18329210054894,29.45999993187458,27.310614702907202,58.7105804443359,33.10813545227052,1.0,110.999999673762,0.0,0.0,0.0,39.2929957100999,32.863049697876,42.2065993647332,-5.506600022550819,32.2690956,2.4959567754496996,1902.046442031858,3.729687398299576,1090.6594872474664,-808.932375907898,896.5170979499817,-64.8437135,0.0,257.052612304688,275.556091308594,331.417053222656,25.7679996490478,96.7828571796417,47.1965193748474,2.861200052754732,0.397787015610369,0.414285364230961,-5.195399955378936,0.0,0.0,1.0,7.0,0.0,0.0,0.0,26050904.0,1.0,52.756405054840585,100.2966595273395,31.7123502731323,23.789836463928204
2026-05-09 18:11:36+00:00,ITA,ITA,-18.230000291006657,-11.069999727484738,0.0,-2.530000081787312,6.690000049562428,16.859999581247664,-0.3673982633531525,-3.623131261510975,6.725290697852872,4.9930488564055,2.986147019102794,4.895017968701344,1.81066746087963,17.39903674450726,35.110000715200826,23.5010681555961,60.06089973449705,33.14661712646485,1.0,110.999999673762,0.0,0.0,0.0,31.8685083653098,33.3894836425781,35.6810004317004,-3.7600000135623417,32.2691612,2.087996022315868,1902.1457910537702,3.6664729937911043,1216.2951707839961,-840.460216999054,952.2830128669754,-64.8436549,0.0,259.250335693359,267.571105957031,308.830627441406,24.7679996490478,96.7907011508942,47.2023993730545,1.3173999555372693,-4.26106644767852,3.11540317314255,-4.746800024914694,0.0,0.0,1.0,7.0,0.0,0.0,0.0,26050904.0,1.0,45.76944255280854,100.1116331178185,31.69265727996825,25.00256298065186
2026-05-09 18:11:37+00:00,ITA,ITA,-18.1899999711514,-13.52999993254424,0.0,-7.880000088369018,-2.070000042661959,4.390000035362556,-0.365932947652347,-3.6241564302167104,7.6620701816724335,4.9930488564055,-0.579996092160718,4.726499187253192,1.4989556631285261,14.66122730344864,22.57999989979222,24.416789910072453,62.42852210998535,34.92060768127444,1.0,110.999999673762,0.0,0.0,0.0,27.0608901802468,35.3608737945557,33.54700003308372,-3.590199845937216,32.2692344,5.401475898016235,1902.1548032760597,4.000627622008322,616.7802751064303,-834.7952127456667,597.5967049598693,-64.8436037,0.0,260.555053710938,259.004699707031,299.277801513672,23.7679996490478,96.8240261077881,47.1925973892212,-1.103799956551563,1.46889375943548,-4.19431586269363,-1.1525999506240125,0.0,0.0,1.0,7.0,0.0,0.0,0.0,26050904.0,1.0,45.519340832951265,99.53736788787674,31.6849805831909,26.300902175903342
2026-05-09 18:11:38+00:00,ITA,ITA,-18.04999953467686,-11.520000081516601,0.0,-2.84999999393111,6.690000220317154,16.37999984109802,-0.251526358579921,-3.623717163675715,4.8059721948503356,4.9930488564055,-1.181008329552025,4.2336350419339155,1.182071277741604,20.19406524156396,34.449999535702524,24.037541948860152,63.839942550659146,36.44582313537598,1.0,110.999999673762,0.0,0.0,0.0,27.9366484978894,36.6944149017334,32.51420029849692,-6.696199897649412,32.2693141,4.9137022926853735,1902.073526382444,4.244468919932841,739.1952276229862,-822.6223111152646,620.6336736679076,-64.8435546,0.0,260.788177490234,249.66194152832,289.487152099609,22.7679996490478,96.8455910682678,47.2141623497009,1.4516000926489536,2.5802512349263,-0.796192483505742,-0.8581999663514754,0.0,0.0,1.0,7.0,0.0,0.0,0.0,26050904.0,1.0,46.02279202761614,98.8916554641221,31.68160572052,25.60786502838136
2026-05-09 18:11:39+00:00,ITA,ITA,-17.9900004209318,-10.869999665001,0.0,-2.2800000463713035,7.230000098740244,17.5500003176185,0.329000007056399,-3.623570954938795,3.800014634126182,4.9930488564055,-2.1340112308698247,4.17800238274788,1.2498584506547479,23.27138135890382,35.53000065858654,23.669751629980603,64.25898170471196,37.50462844848632,1.0,110.999999673762,0.0,0.0,0.0,28.4351583921992,37.8550930023193,32.2621997860504,-5.984399929523535,32.2693958,4.025218393468052,1902.028346061704,4.1722238063812265,1186.6607904434181,-775.1985073089601,950.551593303681,-64.8435032,0.0,261.399627685547,240.054565429688,286.086456298828,21.6660003662109,96.8671560287476,47.1945583820343,2.6095999601482878,-0.0122709234292372,2.59257631128358,0.9119999176965115,0.0,0.0,1.0,7.0,0.0,0.0,0.0,26050904.0,1.0,47.21956069851288,98.26435381527514,31.6841651916504,24.6100863647461
2026-05-09 18:11:40+00:00,ITA,ITA,-17.9600001810404,-10.8600000973014,0.0,-2.260000057198404,7.220000018776422,17.520000077727058,1.036969218229546,-3.6232781105781298,1.7945849587217009,4.993407014450105,-3.14585493122682,4.155046799966387,1.330440531562712,21.481143698194963,35.49000033873128,24.21150942834135,66.1867664337158,39.828424987792985,1.0,110.999999673762,0.0,0.0,0.0,29.7132387576177,40.3891067504883,34.099599219959245,-4.255999813352208,32.2694806,4.749186172845578,1902.1457910537697,4.181254375725982,1436.232042312622,-781.3522696495058,1146.170210838316,-64.8434482,0.0,262.441741943359,229.95622253418,275.949340820312,20.7679996490478,96.8534350395203,48.7374544143677,2.602199919758084,-0.0487850797140656,0.625506056147123,2.3165998925152556,0.0,0.0,1.0,7.0,0.0,0.0,0.0,26050904.0,1.0,49.02273473750974,97.71974868180425,31.69343662261965,23.617835884094216
2026-05-09 18:11:41+00:00,ITA,ITA,-17.9500001010766,-10.9000000756472,0.0,-2.2600000571984036,7.270000077086048,17.59000063747378,1.6529455329784901,-3.623570954938795,-0.75165525251597,4.9930488564055,-3.648624408979515,4.263882107786494,1.6168346109852378,19.77711873424672,35.53000065858656,24.448563950091298,68.2070869445801,42.40986877441406,1.0,110.999999673762,0.0,0.0,0.0,32.949314084478,42.8713577270508,36.99299985804658,-4.291400086178831,32.2695695,4.820592727032934,1902.163863182066,4.19028522446752,1518.290209770202,-799.7770309448242,1256.6657781600957,-64.8433862,0.0,263.992401123047,219.363082885742,265.120025634766,19.6660003662109,96.8651950359344,41.816970705986,1.97400001565797,-1.94006059222876,-0.763511895957082,3.7259999295155737,0.0,0.0,1.0,7.0,0.0,0.0,0.0,26050904.0,1.0,51.1235554431763,97.32186967208345,31.711007881164548,22.68218490600588
2026-05-09 18:11:42+00:00,ITA,ITA,-17.9700002610042,-10.879999915719562,0.0,-2.2800000463713057,7.220000189531156,17.48999983783562,1.713883893783965,-3.623863585856045,0.6156831795716294,4.993407014450105,-3.425346378785445,4.117238117061052,1.7260016952442818,18.525516621674264,35.450000018876,25.41628478849255,68.99475173950195,44.7393679046631,1.0,110.999999673762,0.0,0.0,0.0,38.6719505145327,45.1700752258301,41.56020118998584,-4.130199852426348,32.2696594,4.345397683454928,1902.1909236907936,4.262530244886878,1240.9494638443,-787.4400734901428,1041.9057130813592,-64.8433128,0.0,267.480194091797,208.538482666016,253.736236572266,18.6660003662109,81.869512796402,41.7993247509003,0.6222000098010845,-0.187945621700153,0.667938713087533,4.661799878830788,0.0,0.0,1.0,7.0,0.0,0.0,0.0,26050904.0,1.0,56.071344477933565,97.13471565863595,31.79599227905275,21.5125807571411
2026-05-09 18:11:43+00:00,ITA,ITA,-18.000000159386158,-10.83999993737376,0.0,-2.2200000788525998,7.210000194944702,17.5800002160005,1.708171347677745,-3.623863585856045,0.7320602408670077,4.9930488564055,-3.342865974863725,4.230934470513458,2.053503460285598,17.083179085962918,35.590001138369416,25.7856229989928,69.9160652160644,46.52564598083496,1.0,110.999999673762,0.0,0.0,0.0,42.6420491960214,46.8970916748047,45.69759920802373,-3.559999908389912,32.2697476,3.9307309225279297,1902.2000074386578,4.21737711876631,1102.9498338699318,-819.9437618255615,960.4549407958984,-64.8432266,0.0,272.911651611328,197.700225830078,241.247711181641,17.6660003662109,81.8891167640686,41.7914837598801,0.8221999975796402,0.293229732743874,-0.208365112554141,4.23939976428209,0.0,0.0,1.0,7.0,0.0,0.0,0.0,26050904.0,1.0,58.64100029653251,97.24700055349635,31.859822845459,20.115048408508322
2026-05-09 18:11:44+00:00,ITA,ITA,-18.00000015938618,-11.010000101475521,0.0,-2.5200000445121775,6.650000071216624,16.79000038753876,1.717985635823965,-3.6244497014641954,0.9655345948995478,4.9930488564055,-3.97434812636949,4.834253959146606,2.829924701922608,16.85391593175394,34.80000028537934,25.8131128028548,69.9176136016846,46.96589904785154,1.0,110.999999673762,0.0,0.0,0.0,48.7391302567546,46.935046005249,50.918800715256616,-2.343999986111386,32.2698312,3.4065376386368165,1902.1547794342018,4.208346363157036,1096.27854824066,-836.1461162567136,944.1732048988342,-64.8431295,0.0,278.168731689453,187.063598632812,227.902923583984,16.6660003662109,72.2298443317413,41.7836427688599,0.5467999920823878,-1.17868115603575,3.5671796324907,5.594199845354538,0.0,0.0,1.0,7.0,0.0,0.0,0.0,26050904.0,1.0,59.766443350983515,97.5127256480611,31.95171489715575,20.848641586303717
2026-05-09 18:11:45+00:00,ITA,ITA,-18.22000021104282,-13.189999945850161,0.0,-7.279999815540405,-1.2599999849034937,5.650000014929963,1.67975237128435,-3.623717163675715,2.440963144493542,4.9930488564055,-2.903664534107805,5.310913907546848,3.33574225831413,15.38373069026812,23.86999996984068,25.26347381996555,70.5117404937744,47.078866653442375,1.0,110.999999673762,0.0,0.0,0.0,53.3129561891699,47.08190574646,55.9549997186305,-0.1863999905786297,32.2699066,3.488009586471928,1902.199959754942,4.262530244886876,974.4211912155142,-809.9682807922364,831.7267417907715,-64.8430228,0.0,287.898986816406,177.294876098633,214.689498901367,15.6660003662109,72.2082793712616,37.4117791652679,-0.391399988323614,0.226344945213965,0.205380079763008,4.536999772222056,0.0,0.0,1.0,7.0,0.0,0.0,0.0,26050904.0,1.0,58.29948400784269,97.9486419812697,32.042865371704096,23.37031322479248
2026-05-09 18:11:46+00:00,ITA,ITA,-18.2400007124799,-13.330000040815202,0.0,-7.3000000608454005,-0.6499999896287779,6.309999999145194,1.65968372803812,-3.6232781105781298,1.2707086916576111,4.992690783738262,-0.6645803544293627,5.299571353901667,3.382839187405718,14.107333112706439,24.539999863265017,24.649986228715,70.9485294342041,46.80958969116208,1.0,110.999999673762,0.0,0.0,0.0,56.5103897208009,46.7383255004883,59.288798660059726,-0.6327999964854817,32.2699753,3.419378180833032,1902.172875404356,4.3167139403522,1051.5071988105778,-797.7508664131163,944.3737268447878,-64.8429099,0.0,296.436309814453,168.025787353516,209.133499145508,14.6660003662109,72.1965193748474,37.3470842838287,-0.17880000507161284,-0.546986735057186,-1.92375757101018,1.885199891161284,0.0,0.0,1.0,7.0,0.0,0.0,0.0,26050904.0,1.0,56.42320167302678,98.48056345345195,32.11072311401365,27.24948234558106
2026-05-09 18:11:47+00:00,ITA,ITA,-18.249999767915362,-13.11999989836768,0.0,-7.129999982121004,-0.9799999817363879,5.940000092724793,1.006060624543468,-3.62298483933064,1.9423079592534491,4.9930488564055,1.2057018779802096,5.310914249056306,3.388284256900736,13.183795060498678,24.20000055958988,22.7707356644405,70.79108848571775,46.66474319458008,1.0,110.999999673762,0.0,0.0,0.0,58.6252280237011,46.710612487793,59.79419987373262,-0.9051999974702994,32.2700385,1.68731217406811,1902.1277189254738,4.361867159605026,1006.7806839942921,-759.7872614860534,937.2138500213625,-64.842794,0.0,304.233215332031,159.271102905273,196.350173950195,13.6660003662109,72.1769154071808,37.3588442802429,-1.432399994667076,-1.72270849819162,-0.869588682470494,-1.5037999534530164,0.0,0.0,1.0,7.0,0.0,0.0,0.0,26050904.0,1.0,54.21073879330062,99.00533713266775,32.06788330078125,30.711790695190437
2026-05-09 18:11:48+00:00,ITA,ITA,-18.210000472588497,-13.29999997167852,0.0,-7.209999853435247,-0.30999998159037023,6.42000002497352,-0.850803394416711,-3.622691781526565,3.536274990175778,4.9930488564055,0.524836538300541,5.2460989127953805,3.220313470067432,12.10461680465494,24.63999997988426,21.421928690166602,72.5337982177734,47.2571630859375,1.0,110.999999673762,0.0,0.0,0.0,55.5210368195245,47.4007736206055,57.67739994050277,-1.4013999644915278,32.2701026,1.9492880497314018,1902.1457672119118,4.262530338019134,620.3853607177736,-763.9801502227782,680.1572680473328,-64.8426775,0.0,315.074859619141,150.510162353516,170.406799316406,12.6660003662109,72.1710324287414,37.3392403125763,-2.018199962701776,1.00512786349473,0.589845638490487,-0.350600034743444,0.0,0.0,1.0,7.0,0.0,0.0,0.0,26050904.0,1.0,50.68742054391434,99.39280351899885,32.096880340576206,34.13559471130372
2026-05-09 18:11:49+00:00,ITA,ITA,-18.210000131079,-12.09000002907638,0.0,-4.860000101090874,3.05000001372618,11.80000010069196,-0.9060287555487165,-3.6237173771191253,4.421532265340501,4.9930488564055,3.45687090345623,5.056245693965233,3.114685491015514,10.95982638560624,30.01000023177096,19.7693832035022,72.24964027404785,46.4802449798584,1.0,110.999999673762,0.0,0.0,0.0,53.0919722487633,46.3434665679932,55.61499904891748,-0.8787999823068798,32.2701684,0.9033049935015922,1902.1096706390358,4.262530151754616,632.3484778404237,-791.9165134429932,623.5726594924929,-64.8425627,0.0,326.796203613281,141.546966552734,158.041931152344,11.6660003662109,72.1651494503021,37.3215973377228,-0.9388000031864395,0.931407604070369,0.180765238592832,-5.813999772468508,0.0,0.0,1.0,7.0,0.0,0.0,0.0,26050904.0,1.0,47.49256404265718,99.6503050658029,32.0187452316284,35.54458305358886
2026-05-09 18:11:50+00:00,ITA,ITA,-18.08999951302268,-11.20000008399544,0.0,-2.7799999891372678,6.919999925050805,16.560000255918318,-0.8852281348029569,-3.6232781105781298,2.7918952758410365,4.993407014450105,1.851896296978825,4.987919725848282,2.9984398121440825,10.643206819460039,34.62999960901336,18.931056883832248,73.6275764465332,46.64852600097656,1.0,110.999999673762,0.0,0.0,0.0,47.4370776348967,46.7606552124023,50.0937999239026,-0.9711999873540866,32.2702412,1.8046885694122938,1902.0825862884499,4.280591476708652,863.1541490554807,-750.2792596817019,785.5583071708678,-64.8424557,0.0,335.185913085938,132.214172363281,152.093490600586,10.6660003662109,72.163188457489,37.3235583305359,-0.66919998222297,-1.02599836027735,-0.128643064520473,-3.9309999039151804,0.0,0.0,1.0,7.0,0.0,0.0,0.0,26050904.0,1.0,44.049473878280736,99.76429409286125,32.098245048522955,36.18548698425292
2026-05-09 18:11:51+00:00,ITA,ITA,-18.149999992805583,-11.359999997378662,0.0,-3.259999985419016,5.310000070924583,15.070000123386098,-0.882152068396792,-3.62386422618628,3.831720884517568,4.99340709982747,2.5884514106334198,4.87422311626378,2.824752285041522,12.516985889945161,33.20999986547312,17.81715292171985,73.38237190246579,47.08734878540038,1.0,110.999999673762,0.0,0.0,0.0,44.3777983396076,47.2122310638428,46.153799837029425,-0.13340000446280284,32.2703215,1.0167039028878149,1902.1999835968,4.280591476708651,789.1555190086366,-741.5385246276858,745.379114151001,-64.8423548,0.0,344.237152099609,121.993041992188,139.631683349609,9.66600036621094,72.1749544143677,37.3196363449097,-1.521799935170892,-0.679235419087911,1.60310494891382,-4.295999877075376,0.0,0.0,1.0,7.0,0.0,0.0,0.0,26050904.0,1.0,43.42445419563558,99.5229835094847,31.481906890869148,36.0395713806152
2026-05-09 18:11:52+00:00,ITA,ITA,-18.29999982622496,-12.300000171524,0.0,-5.260000140681012,2.459999948927428,10.77000006064596,-0.882884019215894,-3.623717163675715,3.5647391632115744,4.9930488564055,0.366176633327287,4.840465503932544,2.79643948607321,12.51851192496048,29.09000038830798,18.4003289872075,74.3347972869873,48.06783393859864,1.0,110.999999673762,0.0,0.0,0.0,40.0740483322584,48.2001182556152,43.17699917408168,0.5854000177701134,32.2704087,2.3199109120927837,1902.073526382444,4.298652801662684,707.9161643981934,-743.1198000907898,662.1703505516055,-64.8422591,0.0,351.465850830078,109.159523010254,124.202774047852,8.66600036621094,72.1710324287414,37.3196363449097,-1.2400000330831866,1.30254620974711,-0.331074023346342,-0.8646000083502535,0.0,0.0,1.0,7.0,0.0,0.0,0.0,26050904.0,1.0,43.86708801989282,99.16347991761565,31.251705551147452,35.282949142456054
2026-05-09 18:11:53+00:00,ITA,ITA,-18.16999981122376,-12.28000001159636,0.0,-5.140000034888868,2.5600000228579836,10.98999994154788,-0.817697040622836,-3.6232781105781298,1.4400497318322971,4.993407014450105,-2.0914573914325,4.78105165202199,2.8459867882182217,12.0081052071543,29.180000424963417,19.676204909071302,74.9055953979492,48.6833814239502,1.0,110.999999673762,0.0,0.0,0.0,41.4862923959961,48.8792003631592,44.983399794442434,0.329399989337497,32.2705006,3.679932011111128,1902.1006345748879,4.262530244886878,921.68869972229,-743.8461780548096,787.4502062797549,-64.8421658,0.0,359.084381103516,100.143051147461,120.190696716309,7.66599988937378,72.1592664718628,37.3117953538895,-0.44339999539132224,0.11379040462367,-2.29332779449875,3.6146000137281704,0.0,0.0,1.0,7.0,0.0,0.0,0.0,26050904.0,1.0,45.31180690105826,98.811042156443,31.2092176437378,33.42704658508302
2026-05-09 18:11:54+00:00,ITA,ITA,-18.13999991284176,-11.58000021979004,0.0,-3.620000046663346,4.909999945957086,13.9800002865761,-0.7927947045174986,-3.623277683691305,0.7335012560354058,4.992690783738262,-1.6885060591185161,4.729199673296286,2.90560703990776,14.341174201206679,32.12000071168204,19.29367333441555,74.14470977783205,48.493808898925785,1.0,110.999999673762,0.0,0.0,0.0,47.3974898584674,48.2904670715332,48.79999953659994,-0.8208000008988574,32.2705891,2.6548655447686658,1902.172875404356,4.235438257455824,996.6429114341724,-732.9589486122131,882.1944952011111,-64.8420668,0.0,365.9638671875,88.8643951416016,106.390213012695,6.66599988937378,72.1749544143677,37.3157143592834,-0.5207999925505973,-1.85936489539282,0.861261721376896,3.396399930361226,0.0,0.0,1.0,7.0,0.0,0.0,0.0,26050904.0,1.0,45.92591603952326,98.60470214161691,30.95138912200925,32.173439254760765
2026-05-09 18:11:55+00:00,ITA,ITA,-18.26999992784298,-12.49999989249826,0.0,-5.6299999403797,1.7699999809528477,9.82999988650062,-1.373907119060906,-3.6234241058716403,2.460058667209946,4.993407014450105,0.764925958558686,4.731900244716743,2.890361630793468,13.92575372890476,28.09999964358886,18.74982037552695,74.46753616333005,48.841600341796884,1.0,110.999999673762,0.0,0.0,0.0,48.9956550865074,48.880460357666,50.37620024230704,-1.1200000019962397,32.2706712,2.14581327481925,1902.190947532652,4.2444690130651015,717.0847773551942,-778.6339879035952,666.3078427314758,-64.8419608,0.0,372.650482177734,78.2777404785156,92.8791351318359,5.76800012588501,72.1710324287414,37.3274773359299,-1.6562000220684658,0.207431817896869,-1.03778886761038,-0.6340000580546084,0.0,0.0,1.0,7.0,0.0,0.0,0.0,26050904.0,1.0,45.44302508029796,98.50774077615945,30.991731262207047,33.82659324645996
2026-05-09 18:11:56+00:00,ITA,ITA,-18.18000023269706,-11.719999802490879,0.0,-3.8400000556313154,4.909999988645766,13.550000092471901,-2.9558162300720303,-3.6243032792838648,3.9628703349787444,4.9930488564055,2.52908522063667,4.5933583097621336,2.7547874557219116,14.3808468427365,31.729999983659457,18.9211496944412,77.3724655151367,49.44210617065426,1.0,110.999999673762,0.0,0.0,0.0,43.2894350161228,49.5768459320068,46.76019905795928,-2.318599878625944,32.2707548,2.0738199433491644,1902.001285552976,4.271560814231635,593.5812115669252,-777.4655222892761,628.3633470535276,-64.8418546,0.0,367.188385009766,67.5372619628906,79.4835052490234,4.76800012588501,72.2063183784485,37.329438328743,-1.0293999919191694,1.64554219488758,-0.903237342612297,-5.624999815020426,0.0,0.0,1.0,7.0,0.0,0.0,0.0,26050904.0,1.0,44.329552615386305,98.38745431468635,33.38017272949215,35.71163909912106
2026-05-09 18:11:57+00:00,ITA,ITA,-18.190000312660878,-10.91999989406536,0.0,-2.290000040957756,7.240000007949332,17.679999991110282,-2.887553718681335,-3.62342453275846,2.642370396701044,4.9930488564055,0.758621200366874,4.220942245267187,2.38427206211825,15.3165919797836,35.849999802334025,19.358824801361,80.18280601501465,50.33496986389162,1.0,110.999999673762,0.0,0.0,0.0,39.6656030198916,50.5077209472656,42.711598963282924,-2.657799879413468,32.2708472,2.378645053459218,1902.10061073303,4.24446910619736,976.4580726623533,-744.2852258682251,878.7208437919619,-64.8417554,0.0,360.345550537109,56.1304817199707,65.980339050293,3.76799988746643,72.2043573856354,37.3372793197632,-0.024599999515954755,0.174872252762565,0.478504216870023,-2.417199934531376,0.0,0.0,1.0,7.0,0.0,0.0,0.0,26050904.0,1.0,44.04540240251653,98.12236784280896,35.256412696838396,36.26648849487304
2026-05-09 18:11:58+00:00,ITA,ITA,-18.2000003926247,-10.870000006510482,0.0,-2.2500000199232697,7.160000051257718,17.58999995445486,-2.88110826126066,-3.623863585856045,1.5535443278999241,4.993407014450105,1.3901024180577182,4.1942058966480005,2.4104067991376104,16.14590808465524,35.78999932255114,19.8439415484821,81.28123626708984,51.604917984008786,1.0,110.999999673762,0.0,0.0,0.0,37.1140048554204,51.9068195343018,40.033800076536245,-2.80320005000237,32.2709465,2.58048538234878,1902.1457910537702,4.2715609073638925,1109.1531038284322,-729.305911064148,1091.552662849426,-64.8416608,0.0,352.868316650391,43.9208297729492,51.9464530944824,2.76799988746643,72.7728962898254,37.3510032892227,-0.43479998948152543,-1.13246702889439,-0.74263232782947,-3.7773997924069045,0.0,0.0,1.0,7.0,0.0,0.0,0.0,26050904.0,1.0,45.38563578183476,97.7477866083471,35.568467330932606,34.98894813537596
2026-05-09 18:11:59+00:00,ITA,ITA,-18.2900000877706,-10.909999984856281,0.0,-2.25000001992327,7.360000284496197,17.57999987449104,-3.21495051225284,-3.6229850527740552,3.124812142922386,4.9930488564055,2.850080526130295,4.006512810520234,2.260676032482824,17.614566437352103,35.869999962261666,20.356484066441702,83.44918556213375,54.01697868347168,1.0,110.999999673762,0.0,0.0,0.0,31.4858060359248,54.6627948760986,34.621799966914736,-2.985400041867514,32.2710541,1.77568348808292,1902.0915985107404,4.289622139185668,1016.5998578071591,-714.6936655044559,1030.213332176208,-64.8415705,0.0,346.906311035156,38.9243774414062,46.3994750976562,1.76800000667572,87.5725388526916,37.5960648059845,-1.2883999915136861,0.520558065115762,-0.0401271746108398,-6.4103997672082444,0.0,0.0,1.0,7.0,0.0,0.0,0.0,26050904.0,1.0,48.40226327783282,97.35590108962305,36.61803245544435,33.76697731018066
2026-05-09 18:12:00+00:00,ITA,ITA,-18.259999506369702,-10.93999988323826,0.0,-2.2200000361639156,7.290000237013676,17.58000055750996,-4.0484599477323595,-3.623717163675715,2.79910129617013,4.9930488564055,3.120113335627215,3.8406940882283536,2.296611706763012,19.57493967066302,35.84000040538912,21.542339802592053,84.7892635345459,57.05499366760254,1.0,110.999999673762,0.0,0.0,0.0,25.2528332390123,57.7555801391602,27.93260024476832,-2.68699996264365,32.2711744,1.187252381769542,1902.0554542541481,4.235438257455826,1026.6832947731016,-782.7070593833926,1072.8897571563718,-64.8414889,0.0,341.128479003906,17.2298622131348,21.923656463623,0.76800000667572,87.5666558742523,41.8699026107788,-1.918999960055124,-2.21859527969506,0.200458141393433,-6.632999901127194,0.0,0.0,1.0,7.0,0.0,0.0,0.0,26050904.0,1.0,53.910668775513386,96.97265917529364,37.216478347778306,31.66552654266356
2026-05-09 18:12:01+00:00,ITA,ITA,-18.1499999928056,-10.85999992654666,0.0,-2.2700000090961714,7.290000237013674,17.479999757871802,-4.909214901089355,-3.62371716367571,4.046459812211288,4.993407014450105,2.66830443288051,3.5060867066387438,2.15586494405564,19.05728543912856,35.63000009218686,23.110271198271,87.0119316101074,61.950726013183576,1.0,110.999999673762,0.0,6.890625,6.890625,18.7779778303803,63.1675964355469,21.554199743066857,-3.00580006668237,32.2713106,1.340122666220664,1902.0554780960058,4.280591569840908,795.581030845642,-766.4515376091006,947.2349524497984,-64.8414192,1.0,337.640472412109,5.59688901901245,12.336612701416,-0.333999991416931,87.6333117485046,41.9522434473038,-2.6077999064812163,2.34265627445823,-1.00026572930103,-6.18139983141436,0.100000001490116,0.5,2.0,7.0,1.0,0.0,0.0,26050904.0,11.0,61.046521888243625,96.60124373351209,37.61612491607665,26.863232917785638
2026-05-09 18:12:02+00:00,ITA,ITA,-18.1499999928056,-10.8499996758281,0.0,-2.2000000896797,7.20000037111298,17.4999999177994,-5.11971599522386,-3.62401000803638,3.04122304988798,4.9930488564055,0.903621647474816,3.45207429638988,2.27946058949292,22.1037028051916,35.6500016181523,24.7919491492928,88.6558570861816,66.242068862915,1.0,110.999999673762,0.0,6.890625,6.890625,18.7779778303803,63.1675964355469,16.73349986744135,-3.330499917371415,32.2714647,1.424522395987845,1902.0419120788551,4.19931579381228,1069.4801807403585,-809.147447347641,1129.96417284012,-64.8413627,1.0,337.640472412109,5.59688901901245,12.336612701416,-0.333999991416931,87.6333117485046,41.9522434473038,-1.3439999084803849,2.34265627445823,-1.00026572930103,-4.273499953288885,0.100000001490116,0.5,2.0,7.0,1.0,0.0,0.0,26050904.0,11.0,67.64090014319956,96.3244503173973,38.2973304748535,22.2718053817749
2026-05-09 18:12:03+00:00,ITA,ITA,-18.16000007276942,-10.889999995683379,0.0,-2.2300000734390517,7.360000113741466,17.540000237654702,-6.11333498996711,-3.6244497014642,1.9758156933827677,4.9930488564055,1.307096503116514,3.3197436927777977,2.361676131485238,23.12031943106848,35.689999205931905,25.54315725987285,90.13670768737795,70.00844375610352,1.0,110.999999673762,0.0,44.1015625,44.1015625,10.5999934078645,70.952700805664,12.8788001348104,-2.325799879850826,32.2716299,1.1959715878205681,1901.9922256469702,4.244469013065102,1308.646488189698,-766.9741749763486,1340.395998954772,-64.841315,1.0,333.444366455078,5.59688901901245,12.336612701416,-2.33400011062622,87.6372337341309,41.0857111215591,-1.9704000150455219,-2.00408315697046,1.9492301211895,-3.7497997450228233,2.10000014305115,2.49999976158142,2.0,7.0,1.0,0.0,0.0,26050904.0,5.0,72.95749617049428,95.87255134153091,39.26170692443845,3.4862985849380452
2026-05-09 18:12:04+00:00,ITA,ITA,-18.230000632516102,-10.9000000756472,0.0,-2.220000036163916,7.250000087913146,17.56000005607286,-6.725648855897475,-3.6247425458248603,2.2932400692566,4.9930488564055,-0.7791080459574244,3.168238314910596,2.375288186236884,20.68310951821254,35.78999932255114,26.490590728891902,92.3068164825439,74.38361709594724,1.0,110.999999673762,0.0,64.43359375,64.43359375,11.3787732845766,75.2133636474609,12.68639968230666,-0.8901999949184528,32.2718079,1.931175263170514,1901.9470930099458,4.1722238063812265,1077.587175369264,-745.1651334762574,1166.973853111266,-64.8412756,1.0,331.391723632812,5.59688901901245,12.336612701416,-3.33400011062622,87.6627206802368,41.0425812005997,-2.4735999654706617,1.94475314563197,-0.657492899247351,2.986799846449226,3.09999918937683,3.4999988079071,2.0,7.0,1.0,0.0,0.0,26050904.0,4.0,77.93044898819169,95.60224319003311,39.617349815368655,-0.15173694133758636
2026-05-09 18:12:05+00:00,ITA,ITA,-18.26000053089806,-10.85999992654666,0.0,-2.2200000788526015,7.200000029603525,17.420000644126763,-7.021697855942975,-3.6244497014641954,1.5740813193519798,4.9930488564055,0.24324227293162148,3.02753599112151,2.436813932638808,20.751010477808357,35.68999988895082,26.835230975353348,91.6991626739502,76.2618081665039,1.0,110.999999673762,0.0,85.515625,85.515625,13.1516812185686,76.4671714782715,14.4688000424524,-0.6976000021733753,32.2719928,1.5471897333395566,1901.9832134246801,4.21737702563405,1177.901673316958,-776.0823369026186,1174.428725242614,-64.841229,1.0,329.427612304688,5.59688901901245,12.336612701416,-4.33400011062622,95.426207780838,37.9215031862259,-1.3266000229141222,-0.748412482136299,1.5596126521567,-0.7859999629620628,4.09999847412109,4.49999809265137,2.0,7.0,1.0,0.0,0.0,26050904.0,2.0,81.87230552048128,95.54397484622375,39.637005043029745,-6.90228904724121
2026-05-09 18:12:06+00:00,ITA,ITA,-18.1899999711514,-11.949999934111341,0.0,-4.589999948435922,3.1200000185200176,11.78999967921867,-8.467227992827075,-3.623717163675715,1.6807298567319422,4.9930488564055,1.1773338211806885,2.96515151918619,2.491533737042272,19.47346833129656,30.010000914789856,26.07899499177045,92.56269493103031,79.2163229370117,1.0,110.999999673762,0.0,107.18359375,107.18359375,10.2946754142284,80.297232055664,12.22339994149172,-0.35999999987935155,32.2721823,1.0324215982388716,1901.9922256469702,4.2534994892775995,1211.682558059694,-774.8497605323789,1241.9979572296138,-64.8411799,1.0,326.544219970703,5.59688901901245,12.336612701416,-5.33400011062622,95.4477727413178,35.4807078838348,-2.210599945630008,-0.407907488330477,-2.79815070459239,-1.8143997337082407,5.09999752044678,5.49999713897705,2.0,7.0,1.0,0.0,0.0,26050904.0,2.0,84.04760465791442,95.5706979613514,39.58457450866695,-8.067143325805663
2026-05-09 18:12:07+00:00,ITA,ITA,-18.18000023269706,-10.87000000651048,0.0,-2.2099999988887857,7.390000182878185,17.350000084380003,-9.70152428434475,-3.6240100080363753,2.2763059812473876,4.992690783738262,1.522495269772735,2.907087952985864,2.5544206547684114,18.662463963589737,35.54000005553142,26.13747507144415,93.7519031524658,82.65545013427734,1.0,110.999999673762,0.0,129.859375,129.859375,7.47018643297941,83.4048110961914,9.326999996585151,-2.076999994049358,32.272382,0.8451525814812026,1901.9470691680879,4.3076834641397,1074.98891353607,-756.8619489669798,1202.5901556015,-64.8411385,1.0,325.108520507812,5.59688901901245,12.336612701416,-6.33400011062622,95.4458117485046,34.7102403640747,-2.40120000295721,-0.423749391738807,-0.900868440909066,-4.327400006925898,6.09999656677246,6.49999618530274,2.0,7.0,1.0,0.0,0.0,26050904.0,2.0,87.67676693377385,95.60373900146135,40.0380163192749,-8.866524782180804
2026-05-09 18:12:08+00:00,ITA,ITA,-18.22000021104286,-10.89999990489246,0.0,-2.2400000680255014,7.220000018776423,17.620000194346318,-10.0350744380282,-3.6240100080363753,2.3685426487238983,4.9930488564055,1.0617542404998002,2.7923114478049023,2.6695770038445943,20.06550981157218,35.82999964240643,26.22915157803135,94.23338241577144,85.4153187561035,1.0,110.999999673762,0.0,153.42578125,153.42578125,5.21269066464019,85.6483772277832,6.2644000340762584,-2.273600031052958,32.2725914,0.7089726059828628,1901.314616203308,4.208346363157034,1089.721369743346,-743.0167675018308,1178.279209136962,-64.8411088,1.0,324.572235107422,5.59688901901245,12.336612701416,-7.33400011062622,95.4497337341309,34.688675403595,-2.2313999207094435,-0.694588723846748,0.501538923124185,-2.325399929586242,7.09999561309814,7.49999523162842,2.0,7.0,1.0,0.0,0.0,26050904.0,2.0,91.26787139557798,95.6549790806148,40.511779403686546,-14.814807529449439
2026-05-09 18:12:09+00:00,ITA,ITA,-18.280000007806798,-11.22999981162268,0.0,-3.1300000984838343,5.520000042617417,15.239999945978392,-10.0712560844959,-3.62342431931505,2.7047024896231697,4.992690783738262,1.027605055557888,2.7185844649130777,2.731647159012048,19.19270725829292,33.5099995323119,25.930883193392397,93.34887657165525,86.92235321044924,1.0,110.999999673762,0.0,177.44140625,177.44140625,3.1227398635282,87.2117729187012,3.94579981394086,-1.207200013273587,32.2728066,0.37677664669210925,1900.7183313369758,4.262530151754616,1030.5501699447616,-760.0709080696108,1115.7667636871322,-64.8410882,1.0,324.524261474609,5.59688901901245,12.336612701416,-8.33399963378906,95.451694726944,34.6239805221558,-2.6417999478393037,-0.0315187316831903,1.25806470949911,-1.5275999924088384,8.09999465942383,8.49999618530274,2.0,7.0,1.0,0.0,0.0,26050904.0,2.0,94.19904571185108,95.7209382174296,40.4090383529663,-22.75261825561526
2026-05-09 18:12:10+00:00,ITA,ITA,-18.190000312660878,-12.1899999749409,0.0,-4.839999898474561,3.200000017900308,11.300000200614665,-10.087369781408452,-3.6241564302167104,2.394123926977074,4.992690783738262,0.5279884304786631,2.7210148596631796,2.705512464681368,18.48393682057342,29.480000091802218,26.2795703269371,92.58217163085939,87.56371444702145,1.0,110.999999673762,0.0,201.79296875,201.79296875,2.6598054363972,87.4627075195312,3.3738000296807598,-1.2029999378538772,32.2730254,0.7033877710739121,1900.7003068923962,4.289622139185669,924.0180492401123,-798.1139302253724,1009.4327926635744,-64.8410748,1.0,325.373718261719,5.59688901901245,12.336612701416,-9.33399963378906,79.9933314323425,34.5122337341309,-2.191799978005594,0.972001019133341,-0.0239089054343844,-0.32819998313025345,9.09999847412109,9.5,2.0,7.0,1.0,0.0,0.0,26050904.0,2.0,96.78451546743538,95.8244326588282,40.051903724670396,-27.90798225402832
2026-05-09 18:12:11+00:00,ITA,ITA,-18.26000018938864,-13.14000005829532,0.0,-7.339999911125156,-1.8700000442112326,5.009999833124665,-10.09352250119015,-3.623570954938795,2.6445325784601765,4.991974723781152,0.7938194196559876,2.6980595330137804,2.68237225334887,17.801868324395137,23.27999969159852,25.8510869470928,89.86294555664065,86.44081008911135,1.0,110.999999673762,0.0,225.8359375,225.8359375,2.16829755320367,86.5821189880371,2.782799982498834,0.09459999830669841,32.2732427,0.15815863578924158,1900.628018379212,4.2444690130651015,1002.4552822113034,-800.9560227394104,1016.0944223403919,-64.8410621,1.0,326.645935058594,5.59688901901245,12.336612701416,-10.3339996337891,58.0948114395142,34.4632208347321,-2.215999935876502,-0.246808298689029,-1.27449056740105,0.40439994606783636,10.1000022888184,10.5000038146973,2.0,7.0,1.0,0.0,0.0,26050904.0,2.0,98.17075290288929,95.9719647449005,39.4945930480957,-27.49530178070068
2026-05-09 18:12:12+00:00,ITA,ITA,-18.12999983287796,-12.0300000615577,0.0,-4.660000038607126,4.259999934983968,12.33000024066067,-10.08649124832645,-3.62342453275846,1.882498169814444,4.9930488564055,0.0782814017221645,2.64053619208812,2.6192131098956217,18.07614515731022,30.460000073538623,26.70715468313185,89.16697540283201,85.89954391479492,1.0,110.999999673762,0.0,249.828125,249.828125,3.03571279477508,85.5065505981445,3.7579999634186345,-0.9421999966500765,32.273459,0.9598854374845018,1900.618958473206,4.271560907363894,1137.9854798316937,-785.041606426239,1167.6355838775642,-64.8410509,1.0,328.166381835938,5.59688901901245,12.336612701416,-11.3339996337891,58.0105066299438,34.457340836525,-1.4090000440470458,-0.192327188052716,1.80247198092756,0.395400004567689,11.1000061035156,11.5000076293945,2.0,7.0,1.0,0.0,0.0,26050904.0,2.0,99.3906082961996,96.16056334335744,39.0251232147217,-24.589926795959464
2026-05-09 18:12:13+00:00,ITA,ITA,-18.21000013107902,-12.639999645953818,0.0,-5.980000092414944,0.8599999773298684,8.930000032210566,-10.09542727019495,-3.62459612364453,2.106604467167084,4.992690783738262,0.39454650439580796,2.642426873827746,2.615401864338756,17.78126881536786,27.15000024325342,26.08243484579125,87.3363201141357,84.461397857666,1.0,110.999999673762,0.0,273.375,273.375,5.32481248873418,84.5006149291992,5.260799955832818,-0.18719999374406834,32.2736716,0.3895984432207012,1900.447416305542,4.145131912082434,1153.699088096616,-795.7167387008666,1207.8051567077641,-64.8410343,1.0,229.508407592773,5.59688901901245,12.336612701416,-12.3339996337891,46.6691493988037,34.4102889299393,-2.497800008718934,-0.110095805891222,-0.927954089671281,2.229599920403226,12.1000099182129,12.5000114440918,2.0,7.0,1.0,0.0,0.0,26050904.0,2.0,99.08602284035206,96.3918062278974,38.2628917694092,-19.59188512802124
2026-05-09 18:12:14+00:00,ITA,ITA,-18.21000013107902,-13.3699996776516,0.0,-7.679999855130535,-2.039999898820048,4.500000146568255,-10.10802427345855,-3.62459612364453,2.782887622363622,4.993048941782867,0.7165927919077519,2.642966885659002,2.614040778391904,17.170917646984183,22.71999999475728,25.4085154483117,85.9578517913818,82.97963333129883,1.0,110.999999673762,0.0,296.5546875,296.5546875,6.12428997306558,82.9261161804199,6.087399694471516,0.8605999680937945,32.2738802,-0.15042194444619317,1900.5647897720337,4.253499582409858,870.5970406532299,-799.1421818733215,956.3998341560355,-64.8410093,1.0,283.309844970703,5.59688901901245,12.336612701416,-13.3339996337891,46.6417044401169,34.375,-2.671799931598654,-0.0937423986872945,0.512797476114746,0.7369999617408064,13.1000137329102,13.5000152587891,2.0,7.0,1.0,0.0,0.0,26050904.0,2.0,98.16812601213454,96.64628541599375,37.547535896301255,-11.209352817535379
2026-05-09 18:12:15+00:00,ITA,ITA,-18.26000018938864,-15.199999967632579,0.0,-11.51999991076184,-7.649999871371184,-3.399999995006694,-10.11051515807145,-3.62459612364453,2.359895458479932,4.9930488564055,0.951429343126909,2.6478279739799797,2.6445313404883883,16.178714849276638,14.869999719392883,25.7541221665407,85.7133716583252,80.74726226806641,1.0,110.999999673762,0.0,319.234375,319.234375,7.31753085125598,80.1610427856445,7.454399987505488,0.8473999591780602,32.2740842,0.2619048336917982,1900.655126571656,4.208346456289293,791.0989761352541,-807.1940541267395,798.9236831665037,-64.840981,1.0,307.937866210938,5.59688901901245,12.336612701416,-14.3339996337891,46.647584438324,34.3926429748535,-1.8997999567887582,0.764295339999224,-0.626599953631383,0.4982000171649359,14.1000175476074,14.5000190734863,2.0,7.0,1.0,0.0,0.0,26050904.0,2.0,95.57956901104542,96.87599492306501,37.01196613311765,-0.37765820503234976
2026-05-09 18:12:16+00:00,ITA,ITA,-18.280000007806798,-15.030000657304459,0.0,-11.39000006651536,-7.400000092087272,-3.05000005641486,-10.1119793798748,-3.624742972711685,2.201363523504082,4.992690783738262,1.039688140447315,2.671593574508356,2.632824951203858,16.215335933040045,15.23000020752402,25.556336109876398,85.45216827392579,78.13394439697261,1.0,110.999999673762,0.0,341.140625,341.140625,7.61923311350013,77.6579658508301,7.587799899920817,0.3276000023714888,32.2742815,0.13680692283112464,1900.5557537078862,4.190285131335263,921.3756084442142,-812.796354293823,891.8536901474001,-64.8409511,1.0,325.617828369141,5.59688901901245,12.336612701416,-15.2320003509522,46.647584438324,34.3671590089798,-1.432599948455028,0.681279193114479,-0.864396884927638,0.39840000374403683,15.1000213623047,15.5000228881836,2.0,7.0,1.0,0.0,0.0,26050904.0,2.0,91.6642067825463,97.0123664800335,36.67147579193115,13.098201656341555
2026-05-09 18:12:17+00:00,ITA,ITA,-18.2200005525523,-14.40999996841612,0.0,-9.950000163047491,-5.190000007821124,0.20999998236500755,-10.1093429268552,-3.6244497014642,2.35268960890557,4.992690869115629,1.227767911331635,2.748561567538714,2.552786958896308,16.08639903698312,18.42999984122622,25.273635433903202,84.21710929870599,75.80015579223632,1.0,110.999999673762,0.0,362.37890625,362.37890625,8.03964150219817,75.2889701843262,7.731599970630597,0.08680000765190857,32.2744725,-0.07908856132836259,1900.5377054214478,4.226407688111069,1088.993787765502,-823.0143547058105,1059.099745750426,-64.8409205,1.0,327.73095703125,5.59688901901245,12.336612701416,-16.2360000610352,46.6436624526978,32.5674414634705,-1.598800008746006,-0.358050175638425,2.68946083711292,-0.622399960920994,16.100025177002,16.5000267028809,2.0,7.0,1.0,0.0,0.0,26050904.0,2.0,89.48023193882935,97.05596357750571,36.148564338684096,18.4475569152832
2026-05-09 18:12:18+00:00,ITA,ITA,-18.14999965129612,-13.56999974013532,0.0,-8.099999969270943,-1.9700000861252769,4.1000000002564,-10.0963053763901,-3.6241564302167104,2.0882291025212942,4.992332711071024,0.6031150818820215,2.9619107651797476,2.52828574699432,17.2979468712059,22.25000033457142,25.765400516407702,86.2608169555664,75.99911682128904,1.0,110.999999673762,0.0,383.4140625,383.4140625,5.5472939481163,76.1739189147949,7.009800007918274,-0.6262000353833098,32.2746606,1.07615524479959,1901.079750061038,4.235438350588086,1148.753809928894,-809.5196962356569,1168.543267250062,-64.8408931,1.0,326.817352294922,5.59688901901245,12.336612701416,-17.2360000610352,46.6358214616776,28.548464179039,-1.4383999956878137,1.88459241253568,-2.15220733506642,-0.4270000348453117,17.1000289916992,17.5000305175781,2.0,7.0,1.0,0.0,0.0,26050904.0,2.0,87.23356825287223,97.0162118765362,36.2218156814575,18.36061111450196
2026-05-09 18:12:19+00:00,ITA,ITA,-18.04000013773196,-11.5300001614804,0.0,-3.629999955872434,4.9199999405435335,13.909999726829401,-10.046939330390199,-3.62459612364453,1.1020881617351694,4.992690783738262,0.13712024975517115,2.933824216227692,2.56612678792085,18.406116377245958,31.94999935229718,25.63581731370055,87.0794734954834,75.91825744628906,1.0,110.999999673762,0.0,404.50390625,404.50390625,3.95866964057314,76.0443901062012,5.647999879408895,-0.3978000383265183,32.2748503,1.175523773025866,1901.1610746383703,4.3167139403522,1404.3900012969957,-813.6528611183167,1393.3196306228642,-64.8408726,1.0,326.865936279297,5.59688901901245,12.336612701416,-18.2360000610352,46.6417044401169,28.522977232933,-1.7697999738040402,-3.37801989130472,2.72226580880967,-1.451999950866071,18.1000328063965,18.5000343322754,2.0,7.0,1.0,0.0,0.0,26050904.0,2.0,85.85050412330668,96.89481892441759,36.1957986831665,18.0638779449463
2026-05-09 18:12:20+00:00,ITA,ITA,-18.22999994949718,-13.76000040567418,0.0,-8.369999993859846,-2.99999998743307,3.3199998995768696,-10.0753580399793,-3.62459655053135,2.4982508012041538,4.992690783738262,0.04675864963221435,2.98054514340547,2.520390859398754,17.11026420111664,21.550000201255678,24.8732053485275,88.05944366455074,76.93239166259767,1.0,110.999999673762,0.0,425.78125,425.78125,6.56930539890906,77.2278923034668,6.850399870521548,0.42999998466287065,32.2750409,0.9745775052264868,1901.215291023258,4.235438257455828,886.9113564491279,-801.4270544052124,965.9294962883002,-64.8408534,1.0,327.190948486328,5.59688901901245,12.336612701416,-19.2360000610352,46.6495454311371,28.4935683012009,-3.2227999150574123,2.34208253856795,-3.28644861231942,2.6939999247032187,19.1000366210938,19.5000381469727,2.0,7.0,1.0,0.0,0.0,26050904.0,2.0,85.16957661022926,96.714273118992,35.9480157852173,15.615946197509738
2026-05-09 18:12:21+00:00,ITA,ITA,-18.079999433058862,-11.45000003403408,0.0,-3.4799999516983022,5.449999952446216,14.099999880104079,-10.080631372905401,-3.624303279283865,2.1815468822217103,4.992332711071024,0.8694724892133245,2.936254824421206,2.5655822937779518,16.98170877112486,32.189999222372016,24.63388918038855,88.2491432189941,76.8107647705078,1.0,110.999999673762,0.0,447.1484375,447.1484375,5.23881400378137,76.6443740844726,6.806999909384277,-1.4010000142269399,32.2752326,0.8192592916490031,1900.7183551788341,4.21737711876631,779.2120218276979,-794.9086546897888,829.581093788147,-64.8408281,1.0,326.977478027344,5.59688901901245,12.336612701416,-20.3299999237061,46.647584438324,28.4759253263474,-1.7893999806958458,-1.0529463380391,0.873143155603251,-2.30259974961662,20.100040435791,20.5000419616699,2.0,7.0,1.0,0.0,0.0,26050904.0,2.0,84.45596937404898,96.5791583168309,35.76543674468995,13.130116081237798
2026-05-09 18:12:22+00:00,ITA,ITA,-18.18000023269706,-11.419999964897361,0.0,-3.3800000485224744,5.70000015861695,14.93999993763014,-10.081217061626749,-3.624303279283865,2.608862854670798,4.991616565736548,0.7386569976499645,2.93166369932717,2.562043316636874,16.76350813280506,33.09000027194519,24.33511706929835,88.63481826782225,76.68284408569336,1.0,110.999999673762,0.0,468.484375,468.484375,4.59868397901272,76.4892333984375,5.467999976852774,-1.529799964990998,32.2754241,0.6524054435162372,1900.682210922242,4.235438257455827,871.1159944534302,-814.6948456764219,891.0509824752808,-64.840807,1.0,326.854034423828,5.59688901901245,12.336612701416,-21.3299999237061,46.647584438324,28.4837663173676,-1.654800004043342,0.710729634794252,0.224404744602858,-0.9416000258964722,21.1000442504883,21.5000457763672,2.0,7.0,1.0,0.0,0.0,26050904.0,2.0,83.46316722724178,96.37154447172455,35.75173473358155,13.867646484375001
2026-05-09 18:12:23+00:00,ITA,ITA,-18.25000010942484,-11.48999984162516,0.0,-3.650000073111382,4.599999943022373,14.020000264921899,-10.02232973192382,-3.62503581707235,2.433036411140968,4.992332711071024,1.7988338379774649,2.931123687495912,2.5538761606255123,16.45871333165946,32.24999970215492,23.7523491076136,88.0989292144775,75.93267288208006,1.0,110.999999673762,0.0,489.59765625,489.59765625,2.20814701125564,75.9329887390137,3.1325999246140364,-0.19240000027050724,32.2756146,0.13915159337105795,1900.59187412262,4.244469013065102,1070.27817964554,-816.0383820533752,1030.8187603950491,-64.8407903,1.0,326.986877441406,5.59688901901245,12.336612701416,-22.3299999237061,46.6436624526978,28.4582823514938,-1.47839997403362,-1.61939206859824,0.293630952996759,-3.4099998615271,22.1000480651855,22.5000495910645,2.0,7.0,1.0,0.0,0.0,26050904.0,2.0,82.30086573995372,96.10227792407514,35.6778430938721,14.511237258911141
2026-05-09 18:12:24+00:00,ITA,ITA,-18.12999983287796,-11.26999996072324,0.0,-2.929999993311402,6.309999956456512,15.500000146735582,-5.78608355135888,-3.624449701464195,1.7672021006810539,4.992690783738262,1.9301738934051649,2.9762240242270623,2.5244742453053615,15.80411073368108,33.639999888822615,23.57008636338545,91.12467041015626,77.45568695068357,1.0,110.999999673762,0.0,510.9375,510.9375,355.477659806177,77.9098480224609,286.2199861715133,-0.9519999840877233,32.2758061,1.1580462367464726,1900.5105972290044,4.217377025634052,1122.008204460144,-819.9936032295227,1115.312194824218,-64.840789,1.0,327.727569580078,5.59688901901245,12.336612701416,-23.2360000610352,51.3233244419098,28.4622013568878,-2.031999975721644,0.461637918488323,-1.37777092505787,-6.066999797722713,23.1000518798828,23.5000534057617,2.0,7.0,1.0,0.0,0.0,26050904.0,2.0,79.82387714688109,95.71269417910139,35.45799465179445,18.20649250030516
2026-05-09 18:12:25+00:00,ITA,ITA,-18.21000013107902,-11.010000101475521,0.0,-2.5599999801693,6.68000014035334,17.069999552940523,-4.80872510259531,-3.62401000803638,2.265857157855104,4.992332711071024,3.7631568629637,2.9710929299904523,2.53318610890303,17.14230769209828,35.29000010549279,21.49189629425055,93.22461776733394,78.94735427856445,1.0,110.999999673762,0.0,532.765625,532.765625,348.778856155039,79.1810623168945,350.5057957206338,-2.3763999702790324,32.2760009,0.12572927113599106,1900.817704200746,4.271560814231636,1220.333194732666,-806.3278913497923,1206.496691703798,-64.8408132,1.0,330.379791259766,5.59688901901245,12.336612701416,-24.3299999237061,74.9941170215607,29.3581396341324,-1.951400008255792,-0.790112281123108,-1.1140115375919,-10.281399575538671,24.1000556945801,24.500057220459,2.0,7.0,1.0,0.0,0.0,26050904.0,2.0,76.73982953660467,95.29428703583015,34.9595277786255,21.583560676574717
2026-05-09 18:12:26+00:00,ITA,ITA,-18.179999549678097,-11.07000006899422,0.0,-2.440000045131888,7.0800000091887485,17.009999756176523,-5.51361834074378,-3.624303279283865,2.982133674651686,4.9930488564055,3.69013029462692,2.916269989730524,2.586816839643334,18.24094020500026,35.18999930585462,20.833360190329202,95.0171058654785,81.63835647583008,1.0,110.999999673762,0.0,2.28125,555.12890625,336.658193699231,82.5247856140137,339.2787952158302,-3.165199947947,32.276194,0.0882558638075179,1900.88999271393,4.289622139185669,1202.6447296142578,-792.6366329193118,1268.353247642516,-64.8408739,2.0,321.951812744141,5.59688901901245,12.336612701416,-25.3299999237061,100.0,33.7182402610779,-2.605000041185696,0.325175941554625,-0.142402654026236,-11.04379997560218,0.200000002980232,25.5000610351562,2.0,7.0,2.0,0.0,0.0,26050904.0,2.0,78.0366188146882,94.88850891233426,34.48630199432375,19.18810220718384
2026-05-09 18:12:27+00:00,ITA,ITA,-18.137499892850823,-11.087499867421425,0.0,-2.7750000985657524,6.050000193258318,16.0124997625695,-5.50321831051538,-3.62401000803638,2.7160521509339546,4.992601265571453,2.85901259929567,2.8984459494168,2.6003604324207226,20.94021978055452,34.14999986886372,20.9014904735264,93.9863479614258,84.91681137084962,1.0,110.999999673762,0.0,2.28125,555.12890625,336.658193699231,82.5247856140137,329.265000232161,-2.559599987216032,32.2763722,-0.2353662190490784,1900.6912469863903,4.235438350588086,1214.633965492248,-783.5535258054734,1373.9675879478475,-64.8409748,2.0,321.951812744141,5.59688901901245,12.336612701416,-25.3299999237061,100.0,33.7182402610779,-2.708999959271578,0.325175941554625,-0.142402654026236,-8.507499962112242,0.200000002980232,25.5000610351562,2.0,7.0,2.0,0.0,0.0,26050904.0,2.0,86.52313227352363,94.5918840419644,33.9381477355957,13.165357303619366
2026-05-09 18:12:28+00:00,ITA,ITA,-18.179999891187585,-11.99000025396664,0.0,-4.350000035672414,4.040000054082043,12.220000044077631,-5.497651492898405,-3.62503581707235,2.996905794345178,4.992690783738263,2.696149833466185,2.7447804175028763,2.75505955338297,18.58845920544212,30.4000006182841,21.435795681729047,89.71347312927244,87.43814346313476,1.0,110.999999673762,0.0,49.75,602.59765625,321.08069054221,87.9695343017578,322.2832027191794,-1.7321999211613381,32.2765599,-0.012927535060658902,1900.6641149520879,4.19028513133526,1016.0984754562375,-809.3629002571106,1194.212460517882,-64.8411235,2.0,277.428375244141,5.59688901901245,12.336612701416,-27.3299999237061,100.0,39.9172693490982,-3.1749999887455,1.48860461816308,0.292150669576717,-7.074799759286795,2.20000004768372,27.5000686645508,2.0,7.0,2.0,0.0,0.0,26050904.0,1.0,97.1988552330558,94.1134873472129,33.07515964508055,-24.71226453781125
2026-05-09 18:12:29+00:00,ITA,ITA,-18.19000031266086,-10.86999983575574,0.0,-2.18000001512943,7.319999964640937,17.739999787874304,-5.524019224745835,-3.62459612364453,2.9068310098070262,4.992690783738262,2.4676169332011453,2.738028775508318,2.728924688297564,16.39577040638212,35.92999975902564,21.0892762794722,86.50366973876956,88.51736206054686,1.0,110.999999673762,0.0,74.24609375,627.09375,313.404295575546,88.7074928283691,314.6723939610014,-0.522200003905615,32.2767254,-0.3498133837140424,1900.58286190033,4.109009355306628,958.6180925369263,-799.6305942535403,1090.7090663909921,-64.8412939,2.0,262.790557861328,5.59688901901245,12.336612701416,-28.3299999237061,100.0,39.9211883544922,-2.5527999362557336,0.299053562908794,2.50811355167697,-7.203599880805579,3.1999990940094,28.500072479248,2.0,7.0,2.0,0.0,0.0,26050904.0,1.0,103.8769251619498,93.7435950376163,32.6318338394165,-26.919962539672838
2026-05-09 18:12:30+00:00,ITA,ITA,-18.26000018938862,-10.85999992654666,0.0,-2.250000062611954,7.30000014622276,17.570000136036697,-5.459418655245615,-3.62488939489202,2.358093953397658,4.992690783738262,1.27137370662285,2.7366785751754543,2.7251135281180603,14.079867214506539,35.84000040538914,21.53108535838715,85.4689155578613,89.76348083496092,1.0,110.999999673762,0.0,99.09765625,651.9453125,308.51508224311,89.9168128967285,309.5868044937016,0.6402000021911303,32.2768743,0.4443687910240223,1900.6189823150642,4.19028513133526,1003.5360932350162,-829.0146589279173,1035.314702987672,-64.8414899,2.0,245.256683349609,5.59688901901245,12.336612701416,-29.3299999237061,100.0,39.9270713329315,-2.201399936950094,0.961821582670789,0.142280017446079,-3.392599869239126,4.19999837875366,29.5000762939453,2.0,7.0,2.0,0.0,0.0,26050904.0,1.0,108.56540333279182,93.0575298562452,32.32071990966795,-34.8023487854004
2026-05-09 18:12:31+00:00,ITA,ITA,-18.159999731259923,-11.9300001156932,0.0,-4.499999997157862,3.329999947524172,12.01999981083912,-5.449018411573805,-3.62459612364453,1.840343031997748,4.9930488564055,1.17365648468415,2.735868386673846,2.723208076094354,13.39131464899442,30.20999978199052,21.4045953776004,83.98664360046385,90.2043882751465,1.0,110.999999673762,0.0,124.13671875,676.984375,305.39882209467,90.2738342285156,306.548588818794,0.1889999974687196,32.2770116,0.5926729099200487,1900.483512878418,4.199315793812277,1118.033838272094,-838.6537909507755,1127.9524326324479,-64.8417004,2.0,227.508346557617,5.59688901901245,12.336612701416,-30.3299999237061,90.8916234970093,39.9211883544922,-1.9919999973758422,-0.203523028700918,-2.25979882274998,-2.7545998816518256,5.19999742507935,30.5000801086426,2.0,7.0,2.0,0.0,0.0,26050904.0,1.0,112.13977519716738,92.02641034819425,32.085615921020505,-45.403924026489264
2026-05-09 18:12:32+00:00,ITA,ITA,-18.10999967295032,-11.22999998237742,0.0,-2.720000021618564,6.639999820498079,16.48000012847198,-5.4216250841338205,-3.62488939489202,2.0990382824253238,4.991616565736548,1.0402145185806575,2.7355982953808544,2.7226635392627743,12.60472428021166,34.58999997217704,21.173498488354,81.8746559143066,89.99700347900392,1.0,110.999999673762,0.0,149.15234375,702.0,302.557709286755,89.929515838623,303.70539416921963,-0.5946000104417708,32.27714,0.416804209930815,1900.5196332931519,4.1722238063812265,1193.2117462158221,-822.4316954612734,1226.7270088195799,-64.8419188,2.0,214.918426513672,5.59688901901245,12.336612701416,-31.3299999237061,76.8624544143677,39.913347363472,-2.202599958498582,-0.207818684080327,1.03282460074425,-2.661999869455815,6.19999647140503,31.5000839233398,2.0,7.0,2.0,0.0,0.0,26050904.0,1.0,115.50762672972239,91.0330344654968,31.879524421691897,-53.500568389892564
2026-05-09 18:12:33+00:00,ITA,ITA,-18.31000024769824,-12.7899999916374,0.0,-6.209999967903317,0.5999999953521793,8.410000057583016,-5.42001358637652,-3.62503581707235,1.838180978304662,4.992332711071024,0.44392967922949955,2.736948581091082,2.7234803445101443,12.38347123035178,26.719999536884977,21.3524238313989,79.86466941833496,89.57934860229493,1.0,110.999999673762,0.0,174.1015625,726.94921875,301.976460188387,89.2969505310058,302.7766031892756,-0.31439998811967146,32.2772607,0.8643232149341369,1900.5377054214482,4.226407688111069,1214.965653419496,-812.1595144271853,1241.129398345946,-64.8421423,2.0,204.564346313477,5.59688901901245,12.336612701416,-32.3300018310547,68.8460648059845,37.9254221916199,-1.922800021177224,0.802544932959824,-0.549278637049695,-0.06319999652222179,7.19999551773071,32.5000762939453,2.0,7.0,2.0,0.0,0.0,26050904.0,1.0,118.9378570139294,90.09382539801206,31.66074542999265,-59.62418220520018
2026-05-09 18:12:34+00:00,ITA,ITA,-21.72999993305708,-15.52999987436282,0.0,-7.570000170811674,1.1700000069450078,10.290000064364207,-5.396136098811805,-3.62459612364453,1.7690034990416237,4.991974638403787,0.561084752432194,2.7361384779668376,2.722935722301198,14.918337992677419,32.00999949057064,21.2069578775506,76.78911209106445,88.2250323486328,1.0,110.999999673762,0.0,198.74609375,751.59375,301.848107273504,87.9507614135742,302.39959860369646,-1.1663999636438809,32.277378,0.6821140396662094,1900.58286190033,4.35283649712801,1310.85958480835,-812.4677300453186,1376.62601470947,-64.8423653,2.0,189.452682495117,5.59688901901245,12.336612701416,-33.3300018310547,68.8146948814392,34.5259577035904,-1.83539998140673,0.229390595933982,1.01729904715228,-0.5473999935184829,8.19999504089356,33.5000610351562,2.0,7.0,2.0,0.0,0.0,26050904.0,1.0,122.32863612549059,89.2629841118988,31.44869384765625,-64.22619094848635
2026-05-09 18:12:35+00:00,ITA,ITA,-22.28999997140778,-16.769999544592203,0.0,-10.239999920677223,-3.5100000635237016,4.04999998463547,-5.405072120680295,-3.6247425458248603,1.8515119707719658,4.992690783738262,0.3740577778351945,2.736408441193782,2.72211908780856,14.99539447934624,26.3399995718451,20.9924890838385,73.37835845947265,86.48102279663087,1.0,110.999999673762,0.0,222.90625,775.75390625,302.645381594942,86.1389030456543,302.98079852470244,-0.19159999435364966,32.277494,0.6002867832560412,1900.573825836182,4.307683371007442,1371.57573699951,-809.8023295402527,1388.2648229599,-64.8425837,2.0,175.841018676758,5.59688901901245,12.336612701416,-34.3300018310547,68.802934885025,30.5579513311386,-1.8615999680770021,0.53922651958214,0.122332850181454,1.8656000256757381,9.19999885559082,34.5000457763672,2.0,7.0,2.0,0.0,0.0,26050904.0,1.0,125.41009236199599,88.54556494714275,31.33922538757325,-65.62951446533205
2026-05-09 18:12:36+00:00,ITA,ITA,-22.279999891443957,-16.090000254223,0.0,-8.660000263753751,-0.6199999631807419,7.7500000306791055,-5.406097502829439,-3.624742972711685,1.349614323978138,4.992332711071024,0.5190563039524315,2.7369486664684457,2.723480259132778,14.442263732998521,30.030000050189138,21.4969916153714,71.1348918914795,85.12185607910155,1.0,110.999999673762,0.0,246.65234375,799.5,303.514618789474,84.891007232666,304.2188003645998,-0.2673999903513804,32.2776107,0.7945241991287963,1900.5106210708618,4.181254561990504,1413.401055335996,-807.5317025184634,1422.7587699890141,-64.8427959,2.0,164.355667114258,5.59688901901245,12.336612701416,-35.3300018310547,68.7794089317322,30.5442273616791,-1.9151999629660459,-1.33528255938704,-0.533328544512128,0.627599976702205,10.2000026702881,35.5000305175781,2.0,7.0,2.0,0.0,0.0,26050904.0,1.0,127.49943903287581,87.96208579201065,31.25521087646485,-64.92898223876956
2026-05-09 18:12:37+00:00,ITA,ITA,-22.22999983313436,-16.490000037681064,0.0,-9.440000183006386,-1.6600000511740536,6.579999852979372,-5.406097716272855,-3.62459612364453,2.1044426696060943,4.992690783738262,0.8132590985291934,2.7374886782997017,2.724024710586992,14.54640499331156,28.82000061985118,20.927166008390202,69.03201599121095,84.2262272644043,1.0,110.999999673762,0.0,270.12890625,822.9765625,305.17984622988,83.9429626464844,305.1398049288896,-0.6305999898857774,32.2777296,0.3829197428440024,1900.555777549744,4.172223806381228,1283.960342407226,-798.7598180770875,1319.3926095962538,-64.8430028,2.0,150.424560546875,5.59688901901245,12.336612701416,-36.3300018310547,68.7950909137726,30.5285453796387,-2.000000005851608,0.893400322742745,-0.137446844855289,0.679599980434859,11.2000064849854,36.5000152587891,2.0,7.0,2.0,0.0,0.0,26050904.0,1.0,129.5984299308638,87.48931717313525,31.20321464538575,-64.34272567749024
2026-05-09 18:12:38+00:00,ITA,ITA,-22.23999991309818,-16.1000006756963,0.0,-8.820000177136972,-0.9000000037004415,7.789999966336232,-5.41034566704978,-3.6253286614330147,1.85727722672867,4.992690783738263,0.949851996315459,2.736678617864138,2.723208076094354,13.888751008321501,30.040000471662403,20.972601280522753,67.0991397857666,83.27434295654294,1.0,110.999999673762,0.0,293.3203125,846.16796875,305.020839426002,83.2455436706543,305.3269958253586,-0.7241999951371325,32.2778496,0.44413024933530243,1900.36609172821,4.181254468858242,1413.697171211242,-795.8030462265017,1431.49037361145,-64.843205,2.0,140.116973876953,5.59688901901245,12.336612701416,-37.2360000610352,68.7872469425201,30.5305063724518,-1.556200012170932,0.467452277101855,-1.26932246207688,0.24339999427255302,12.2000102996826,37.5,2.0,7.0,2.0,0.0,0.0,26050904.0,1.0,131.4523372489778,87.114838391511,31.25984058380125,-64.02406860351559
2026-05-09 18:12:39+00:00,ITA,ITA,-22.289999971407777,-16.04000019591338,0.0,-8.790000108000255,-0.8100000204058695,7.919999981337459,-5.399359094326405,-3.62503581707235,1.705590848848462,4.991974723781152,0.8957404896266945,2.746670843110408,2.73926986356919,14.610110509209699,30.219999861954317,20.77782477596145,65.26317329406734,82.3937544250488,1.0,110.999999673762,0.0,316.31640625,869.1640625,305.944772775408,82.0275718688965,305.9833933970508,-0.9707999837286486,32.2779691,0.3715001094468198,1900.483512878418,4.2444690130651015,1535.2877378463718,-746.5470790863037,1548.135685920718,-64.843405,2.0,128.303634643555,5.59688901901245,12.336612701416,-38.2360000610352,68.7794089317322,30.5030584335327,-1.9033999574012,-0.331648399566858,1.04452535512271,0.9985999849006802,13.2000141143799,38.4999847412109,2.0,7.0,2.0,0.0,0.0,26050904.0,1.0,133.4875751612526,86.81938489858375,31.1690179824829,-64.2472819519043
2026-05-09 18:12:40+00:00,ITA,ITA,-22.260000414535238,-16.039999854403938,0.0,-8.780000028036437,-0.8900000091139896,7.699999929680802,-5.38632175730473,-3.624010648366615,1.9570803564233779,3.172890244696502,0.47492599148762304,2.756123141902788,2.7455311833587084,12.8004179084237,29.97000127795352,21.192819385968647,63.8050815582275,81.3047854614258,1.0,110.999999673762,0.0,338.9765625,891.82421875,305.938652925912,81.2931015014648,306.8193976231578,-0.2788000016289336,32.2780897,0.6669637676165374,1900.4112005233758,339.46675155311897,1461.3620519638039,-719.3690896034241,1474.565124511718,-64.8436,2.0,115.954658508301,5.59688901901245,12.336612701416,-39.2360000610352,68.7813699245453,30.5010974407196,-1.758199954043662,1.56207258747497,-0.192231685466255,0.766399953402214,14.2000179290772,39.4999694824219,2.0,7.0,2.0,0.0,0.0,26050904.0,1.0,134.80181284058978,86.61898714833555,31.1684909820557,-64.18779098510741
2026-05-09 18:12:41+00:00,ITA,ITA,-22.249999651552542,-16.08000051576866,0.0,-8.780000198791168,-0.690000010663263,8.060000076302503,-5.379144082260691,-3.61492820431779,1.2699883414879278,-0.31309136789740066,1.6906108779607898,2.7917713079076,2.7076900997434956,13.194094473502858,30.309999215590842,21.874596062314602,62.53596153259275,80.3321630859375,1.0,110.999999673762,0.0,361.390625,914.23828125,307.23403928314,80.133137512207,307.9757978270028,-0.9259999832219125,32.2782099,0.913315435309276,1900.4292726516717,1766.7081594467181,1553.9126157760622,-729.624271392822,1552.459383010864,-64.843792,2.0,101.325668334961,5.59688901901245,12.336612701416,-40.2360000610352,68.7696039676666,30.5030584335327,-1.767999930809136,-1.44825367481564,-1.07604827896791,1.3539999884442024,15.2000217437744,40.4999542236328,2.0,7.0,2.0,0.0,0.0,26050904.0,2.0,135.8444985909814,86.488557855945,31.19346599578855,-62.62882553100584
2026-05-09 18:12:42+00:00,ITA,ITA,-22.289999971407802,-16.02000003598576,0.0,-8.719999889763002,-0.5800000061792779,8.059999905547775,-5.46352039728562,-2.382829206000425,3.0250092053267483,1.648512003827382,3.2572345058570997,2.728846696074978,2.790178422415788,14.1256439960976,30.360000298428837,19.44295224136805,59.93101387023925,79.3683462524414,1.0,110.999999673762,0.0,383.48046875,936.328125,309.534966089977,79.1991485595703,308.5816028214748,-1.0621999850483432,32.2783347,-0.9276120412681654,1901.12490653992,1898.8825798034638,1134.4967365264886,-731.2531471252443,1328.021335601806,-64.8439757,2.0,88.7446517944336,5.59688901901245,12.336612701416,-41.2360000610352,68.7774479389191,30.5030584335327,-3.8343998981534595,-1.62480616745424,1.504736671209,-2.1053999419626104,16.2000255584717,41.4999389648438,2.0,7.0,2.0,0.0,0.0,26050904.0,2.0,137.05773416494802,86.43707188998145,31.2248233795166,-62.50231521606446
2026-05-09 18:12:43+00:00,ITA,ITA,-22.16999969486094,-16.0500002758772,0.0,-8.790000278754983,-0.8300000095787714,7.939999799755631,-5.47523929435407,0.03654336885049615,3.6634606684181863,3.2362717374876615,4.36416623220916,2.648098193339016,2.83945307194687,14.56814838827012,30.120000428354018,19.516392996644953,58.789376449585006,78.94111541748046,1.0,110.999999673762,0.0,405.515625,958.36328125,300.816256935212,78.5008094787598,301.9251955205528,-0.08700000108530667,32.278454,-0.8675562956499331,1901.5133857727062,1897.627305984496,712.8275632858279,-800.2546906471252,916.0735368728634,-64.8441624,2.0,74.6629791259766,5.59688901901245,12.336612701416,-42.2360000610352,68.7950909137726,38.46455514431,-3.5299999673192417,3.56544689887563,-0.486217794959642,-10.580800064032555,17.2000293731689,42.4999237060547,2.0,7.0,2.0,0.0,0.0,26050904.0,2.0,138.9481720668188,86.41173871834985,31.4448932647705,-62.433650665283224
2026-05-09 18:12:44+00:00,ITA,ITA,-22.19999993475238,-16.08000051576866,0.0,-8.880000144655678,-0.8500000200960146,7.909999730618916,-5.483881618088249,0.1198940257506165,2.010404539735994,1.741256431835658,7.036674753245521,2.6794256243635637,2.824752285041524,15.699588007302902,30.1100003483902,16.875299717252652,51.4034414291382,75.24582138061521,1.0,110.999999673762,0.0,426.80859375,979.65625,283.39960240076,74.3457595825195,285.7829887154086,-0.8063999824408279,32.2785395,-1.933491188218996,1901.016497612002,1896.5073108673118,1015.6780123710626,-821.5390920639038,1051.0821104049685,-64.8443656,2.0,66.1310653686524,5.59688901901245,12.336612701416,-43.3300018310547,68.5265064239502,43.8146948814392,-1.0901999933691797,1.32548582696142,-2.04940423687785,-21.35099854167386,18.2000331878662,43.4999084472656,2.0,7.0,2.0,0.0,0.0,26050904.0,2.0,148.3914194925112,86.38267967852605,31.62859325408935,-62.76182052612306
2026-05-09 18:12:45+00:00,ITA,ITA,-10.600000131331921,-7.639999983506456,0.0,-4.660000017262783,-0.39999999690145327,4.210000116798183,-5.501167332773675,0.1029024127409553,1.391769312384444,0.6243815402054746,6.630044990537515,2.601647442831596,2.9173132584375603,9.785662759376198,14.81000060564781,-13.289012844002276,41.254980468750006,70.20902252197267,1.0,110.999999673762,0.0,446.73046875,999.578125,262.55238973302,69.1996948242187,263.7769934738414,-2.007800039195076,32.2785636,-3.129141629082528,1901.314640045166,1896.0557460784942,1470.824337005614,-767.6688313484192,1444.731926918028,-64.8445762,2.0,63.264232635498,5.59688901901245,12.336612701416,-44.2360000610352,68.1422531604767,43.724513053894,-0.747199995492575,0.767663156868569,-0.854203201117364,-20.45599992264884,19.2000370025635,44.4998931884766,2.0,7.0,2.0,0.0,0.0,26050904.0,2.0,-96.2757647289934,86.35456661990224,31.4792169570923,-64.12452346801757
2026-05-09 18:12:46+00:00,ITA,ITA,18.440000091944746,14.090000056272334,0.0,8.330000186268766,2.6100000171345803,-3.169999948763592,-5.485053635861145,0.09499215988779484,1.136316865020064,-0.029486084728471796,4.28903970086772,2.473367568284152,3.023757871982118,-11.458004759609226,-21.609999656510233,-27.03346440940825,44.110883331298794,65.77857284545901,1.0,110.999999673762,0.0,465.3359375,1018.18359375,248.424225397119,64.9834510803223,247.21720529529657,-2.374399962824004,32.2785293,-3.452147678234776,1901.8295764923103,1896.119046211242,1614.4408702850337,-826.7069697380068,1606.440234184268,-64.8447714,2.0,63.317569732666,5.59688901901245,12.336612701416,-45.3300018310547,68.2559609413147,43.7950909137726,-0.5109999997768659,-0.963584411806887,1.36612043660282,-12.561799785618,20.2000408172607,45.4998779296875,2.0,7.0,2.0,0.0,0.0,26050904.0,2.0,-148.31857415897542,86.32737563681646,31.21691493988035,-58.133187103271474
2026-05-09 18:12:47+00:00,ITA,ITA,25.41000033143726,19.24999990957938,0.0,11.899999875801742,3.670000104972966,-5.0999998857883355,-5.46586400594458,0.08971834004393925,1.09524260463952,0.2462412835981694,0.815360048709634,2.3864076488283024,3.140275691203296,-14.565075827671961,-30.50000005188442,-27.45019132614365,42.2461772918701,63.88060913085936,1.0,110.999999673762,0.0,483.15234375,1036.0,237.523325444048,63.8332992553711,237.32440301466082,-0.05440000480796074,32.2784616,-2.493053432788258,1901.8296003341661,1896.9228506088261,1572.8161334991441,-815.3405785560606,1537.58387565613,-64.8449443,2.0,69.9602127075195,5.59688901901245,12.336612701416,-46.2360000610352,68.2834088802338,44.6047693490982,-1.1983999762026012,0.627803827833451,2.77917366431375,-7.177399744724925,21.200044631958,46.4998626708984,2.0,7.0,2.0,0.0,0.0,26050904.0,2.0,-147.881783561553,86.30106916322819,31.06583919525145,-53.822261810302734
2026-05-09 18:12:48+00:00,ITA,ITA,25.34000045470946,18.65999997284668,0.0,10.41999982323331,0.9400000354070983,-8.45999994513792,-5.44769997162058,0.0686235442512462,2.090751384660074,0.8929472784295334,-2.3346986771883396,2.314570792723234,3.168043996028712,-15.75602381135798,-33.79000040526092,-23.48046830505935,40.591152191162095,64.08647506713866,1.0,110.999999673762,0.0,500.90625,1053.75390625,235.833591284901,64.1115760803223,235.3233980105062,2.2689999413356383,32.278374,-0.4293531070515316,1729.014849662782,1897.555041313172,1490.234684944152,-825.0534415245056,1462.9368066787702,-64.8451023,2.0,78.7164306640625,5.59688901901245,12.336612701416,-47.3300018310547,81.0284674167633,45.3771948814392,-1.4964000197845178,-2.09185343568266,0.98431670398052,1.9531999552011627,22.2000484466553,47.4998474121094,2.0,7.0,2.0,0.0,0.0,26050904.0,2.0,-149.9642781866576,86.2911585587425,31.04247093200685,-55.17405326843264
2026-05-09 18:12:49+00:00,ITA,ITA,25.370000011582,19.599999634727777,0.0,12.959999814229729,5.739999998224539,-2.059999973370314,-5.443598016137165,0.06276464266576365,3.485832933249494,2.189224249636558,-0.4659938716314985,2.302688056492068,3.2067014153157842,-16.125667502068822,-27.43000009167402,-21.145282123119003,39.8166606903076,65.17285949707032,1.0,110.999999673762,0.0,518.890625,1071.73828125,236.789052787515,65.5651702880859,236.2680022444162,2.330600008733466,32.2782846,-0.6189798424116877,1198.1479406356796,1897.491836547852,1220.7361698150619,-831.126177310944,1290.9941673278822,-64.8452609,2.0,90.2121124267578,5.59688901901245,12.336612701416,-48.3300018310547,81.0284674167633,45.3830778598785,-2.91799990589256,0.665952035173559,-0.427592813889968,-1.012200001443915,23.2000522613525,48.4998321533203,2.0,7.0,2.0,0.0,0.0,26050904.0,2.0,-153.92078001056558,86.22083151595339,31.05677375793455,-58.138985824584935
2026-05-09 18:12:50+00:00,ITA,ITA,25.330000033236182,19.999999759695278,0.0,13.11999989836768,4.620000113622183,-3.259999996091186,-5.43993618096839,0.0667195323035593,4.767059753375126,2.151624933373626,-0.6887464841875794,2.301337856159204,3.2028902124476004,-16.009319327671157,-28.5999998851756,-20.11733694548475,40.495135116577146,66.3501901245117,1.0,110.999999673762,0.0,537.23828125,1090.0859375,236.042758998043,66.5106948852539,235.60339751741716,2.2314000060868127,32.2781937,-0.6234654410830471,617.5272405147551,1897.5911855697639,1100.645089149474,-834.8402857780457,1142.269802093504,-64.8454229,2.0,99.5654602050781,5.59688901901245,12.336612701416,-49.3300018310547,81.0343503952026,45.3909188508987,-2.29019999474571,1.91823728405692,-1.23078365329361,0.1831999982607006,24.2000560760498,49.4998168945312,2.0,7.0,2.0,0.0,0.0,26050904.0,2.0,-155.070669678094,86.06885297673145,31.224713516235347,-60.39891265869138
2026-05-09 18:12:51+00:00,ITA,ITA,25.36000027312764,20.290000029589198,0.0,14.689999987591502,8.560000104445828,2.0700000426619605,-5.44096134967413,0.07389736076004845,5.005217692185528,1.8844916459010783,0.230108259384723,2.34454776728282,3.159604699667608,-15.325726674779599,-23.29000011307184,-19.572062453475148,40.595002555847145,67.2509536743164,1.0,110.999999673762,0.0,555.8359375,1108.68359375,234.83266804317,67.559243774414,234.5650011258248,1.0284000255442516,32.2780999,-0.7197338518327385,141.898205364123,1897.600197792054,1096.29340171814,-839.859771728516,1135.73615550995,-64.845586,2.0,112.37321472168,5.59688901901245,12.336612701416,-50.3300018310547,81.0186624526978,45.3791558742523,-2.0105999685236218,0.786049652588273,-0.171699923377785,-2.1473999064191043,25.2000598907471,50.4998016357422,2.0,7.0,2.0,0.0,0.0,26050904.0,2.0,-156.22085987394578,85.865709490437,31.5836093902588,-61.546981201171874
2026-05-09 18:12:52+00:00,ITA,ITA,25.34999985165436,19.869999744694077,0.0,12.949999734265907,4.390000110067763,-3.3799998991120956,-3.32628030120738,0.007538794615975102,5.002335608487877,1.365264613899824,-0.2238016002125275,2.339416758423576,3.152798672291786,-15.42567180837602,-28.740000321650097,-19.3698359200767,41.16469860076905,67.66838607788084,1.0,110.999999673762,0.0,574.63671875,1127.484375,232.750143365233,67.620581817627,232.5565976607606,1.160999994741727,32.278001,-0.6650833578410945,2.9182173311710358,1897.6453542709357,1188.4023666381822,-840.0022149086002,1172.842955589294,-64.8457478,2.0,121.173370361328,5.59688901901245,12.336612701416,-51.3300018310547,81.022584438324,45.3732758760452,-1.352399952598104,-0.242712826549239,0.255730313333637,-1.2569999790570372,26.2000637054443,51.4997863769531,2.0,7.0,2.0,0.0,0.0,26050904.0,2.0,-156.09259165340862,85.59917501845555,31.581995773315448,-61.88928634643554
2026-05-09 18:12:53+00:00,ITA,ITA,25.330000033236182,18.65999997284668,0.0,10.929999974029155,2.469999964858219,-6.740000214593766,-1.24089718910284,-0.6264548387919465,4.999813305004758,1.9056188297304442,-0.6750869996418409,2.362912096904234,3.1307472784903503,-15.3100862245992,-32.07999936729842,-18.90970229739225,41.25217895507815,67.53772567749022,1.0,110.999999673762,0.0,593.3828125,1146.23046875,231.900577115511,67.5665634155274,232.13859554770698,0.48760001180423956,32.2778981,0.04206908160197042,2.864010306075214,1897.645378112794,1177.55925655365,-840.0698065757749,1201.460409164428,-64.845906,2.0,135.243057250977,5.59688901901245,12.336612701416,-52.3300018310547,81.0245454311371,45.3771948814392,-2.1266000167170263,-0.457906927654203,-1.50790641259242,-0.5747999813934215,27.2000675201416,52.4997711181641,2.0,7.0,2.0,0.0,0.0,26050904.0,2.0,-154.6352232619004,85.32265480990759,31.43276710510255,-60.96485412597654
2026-05-09 18:12:54+00:00,ITA,ITA,25.380000091545817,22.28000023295344,0.0,18.689999871228657,14.7299999659373,10.909999984856245,-1.241483197989285,-2.0057730951815147,4.99873276907806,2.0359626807233577,-0.9635085860349295,2.367503179309586,3.112507685198652,-14.87025158261854,-14.46000002672576,-19.659511072966097,42.10292243957515,67.78081329345702,1.0,110.999999673762,0.0,612.203125,1165.05078125,231.514862672702,67.6909149169922,231.25199874438022,0.05620001045026811,32.2777931,-0.24037219275782723,2.8640103526413436,1897.48284816742,1082.9948067665123,-822.3770141601562,1133.94696712494,-64.8460628,2.0,147.6220703125,5.59688901901245,12.336612701416,-53.3300018310547,81.0304284095764,45.3811168670654,-1.6166000366759299,1.07616770055668,1.91900888198972,-0.27860000648632005,28.2000713348389,53.499755859375,2.0,7.0,2.0,0.0,0.0,26050904.0,2.0,-153.69877973801022,85.07758079229835,31.36571960449215,-59.932635040283195
2026-05-09 18:12:55+00:00,ITA,ITA,25.350000193163822,19.6600001145107,0.0,12.73000019487346,4.300000036059733,-3.690000003432421,-1.24133682916981,-3.13049693071293,4.999453183280768,1.506709208496958,-1.0638532696895404,2.3723643956966116,3.1288416984006,-17.29182053302988,-29.04999972694328,-19.59599116745865,42.5120035171509,68.1294039916992,1.0,110.999999673762,0.0,631.06640625,1183.9140625,232.354730053803,68.2588806152344,232.11579364418216,0.8563999927256821,32.2776878,-0.036845802323177725,2.936286479234696,1897.5008726120002,1288.966226577758,-837.2319459915161,1305.27265071869,-64.84622,2.0,156.83366394043,5.59688901901245,12.336612701416,-54.3300018310547,81.0421884059906,45.4046428203583,-1.66859997437453,-2.2447271565727,-1.11756088808278,1.0361999361577643,29.2000751495361,54.4997406005859,2.0,7.0,2.0,0.0,0.0,26050904.0,2.0,-153.0544442803924,84.858693719967,31.40596733093265,-59.55515579223633
2026-05-09 18:12:56+00:00,ITA,ITA,25.370000011581983,20.06000023947818,0.0,13.99999993423954,7.45999995288429,0.569999990248486,-1.2413363489221299,-3.1303506152543,4.99945301252604,2.418400126834592,-0.842150685326533,2.3734445474251684,3.1250302394003198,-16.08179924608656,-24.79999989326748,-18.962871051212552,43.43743515014645,69.29861297607422,1.0,110.999999673762,0.0,650.2265625,1203.07421875,230.87110368305,69.5178520202637,231.59279239905558,-0.13779999773526666,32.2775818,0.18040937373088242,2.9091828502714643,1897.600197792054,1085.645365715028,-836.6239190101627,1187.906002998354,-64.8463798,2.0,171.314788818359,5.59688901901245,12.336612701416,-55.3300018310547,81.0461103916168,45.3889578580856,-2.4197999314163057,1.78812367447206,0.28264536744916,-1.2225999447456801,30.2000789642334,55.4997253417969,2.0,7.0,2.0,0.0,0.0,26050904.0,2.0,-153.04183301910922,84.67846893343241,31.55121688842775,-60.72173767089846
2026-05-09 18:12:57+00:00,ITA,ITA,25.35999959010872,19.940000304440797,0.0,13.209999935023086,5.159999922676146,-2.490000018064144,-1.24089718910284,-3.13635637924715,5.000533889962194,2.0524347491238997,-1.424776073482485,2.3812762984596003,3.123669025387418,-15.4790773990058,-27.82000013667772,-18.622026682382348,43.680887031555145,69.58079406738281,1.0,110.999999673762,0.0,669.55078125,1222.3984375,231.972731233903,69.5478927612305,231.78460050340377,0.7352000094593537,32.2774729,0.12185340425225195,2.9001482762396313,1897.3021984100342,1059.59300994873,-805.3681135177611,1081.35287761688,-64.8465399,2.0,184.771759033203,5.59688901901245,12.336612701416,-56.3300018310547,81.0519933700562,45.3987598419189,-2.088200052872982,-0.77205262062736,-0.697239104048977,0.9916000014967707,31.2000827789307,56.4997100830078,2.0,7.0,2.0,0.0,0.0,26050904.0,2.0,-153.349707894061,84.47592650378485,31.4887990951538,-61.92312423706054
2026-05-09 18:12:58+00:00,ITA,ITA,25.399999909964,20.05999989796872,0.0,14.22999989510528,7.88999995488942,1.21999997987726,-1.24075028667483,-3.1369423881336,4.99909289080205,2.598875965509814,-0.7418069955178095,2.4320479120133376,3.0681327999347303,-14.68562047029568,-24.1900001381166,-18.56519267829865,43.910618019104,69.74919387817383,1.0,110.999999673762,0.0,688.91796875,1241.765625,232.106302413311,69.7579444885254,232.16939696878822,-0.4833999817412544,32.2773652,0.15024163278818997,2.9272519052028656,1897.6092338562019,940.5807495117191,-792.9263353347778,1042.55895614624,-64.8467018,2.0,196.112365722656,5.59688901901245,12.336612701416,-57.3300018310547,81.0382664203644,45.4085648059845,-2.241199961507944,0.982818758118172,-0.551249733594626,-0.2751999943463836,32.200080871582,57.4996948242188,2.0,7.0,2.0,0.0,0.0,26050904.0,2.0,-153.3868559269188,84.29487867945535,31.4867082595825,-62.58823516845702
2026-05-09 18:12:59+00:00,ITA,ITA,25.360000273127643,20.630000357792742,0.0,14.86999989014762,8.219999904308363,1.250000006325298,-1.241043557922315,-3.14177613435356,4.99909289080205,1.723710465598516,-1.16104507399025,2.3904582925155777,3.07657222436188,-14.0935791607748,-24.10999983991552,-18.56182027239595,43.1937292098999,69.23842712402346,1.0,110.999999673762,0.0,708.1875,1261.03515625,232.983298702741,69.1687339782715,232.6663943177062,-0.5230000071544293,32.2772583,0.22273618675154103,2.96339001506567,1896.7152118682839,1056.6202163696287,-736.5676999092103,1135.8209371566759,-64.8468636,2.0,209.376007080078,5.59688901901245,12.336612701416,-58.3300018310547,81.0461103916168,45.3869968652725,-1.396999999316888,-1.35863529632443,-0.207937892225685,1.0105999762699898,33.200065612793,58.4996795654297,2.0,7.0,2.0,0.0,0.0,26050904.0,2.0,-153.5637851471786,84.1199199687709,31.53379669189455,-62.163739929199224
2026-05-09 18:13:00+00:00,ITA,ITA,24.90000035139614,19.400000426017698,0.0,13.05999993084896,5.98000000703758,-1.560000009260008,-1.2417759889890951,-3.1325478017329296,4.99945301252604,2.2490244768107237,-0.9792709550920264,2.409903072686322,3.0847392523071924,-13.914288573363981,-26.469999928355783,-18.661253312559353,43.663367271423354,69.37436096191405,1.0,110.999999673762,0.0,727.42578125,1280.2734375,232.885408431556,69.4299751281738,232.98979557867943,-1.0037999893427105,32.2771532,0.18420318629711,2.818837761878966,1897.0403194427483,1000.0663876533508,-802.8966546058656,1103.761124610902,-64.8470263,2.0,220.42350769043,5.59688901901245,12.336612701416,-59.3300018310547,64.8015975952148,45.5007046461105,-2.357399963489306,-0.117448717976153,-1.39492825353123,0.09799999177033658,34.2000503540039,59.4996643066406,2.0,7.0,2.0,0.0,0.0,26050904.0,2.0,-152.9531334504714,83.97466575078681,31.365000343322748,-61.49593322753908
2026-05-09 18:13:01+00:00,ITA,ITA,23.080000141378957,20.09000013786018,0.0,16.47000021926288,12.370000048251727,8.429999961378549,-1.2413363489221299,-3.13459877947464,4.99909289080205,2.217870724690168,-1.043889080312844,2.401260877018184,3.09889567313569,-14.28393260558426,-14.6600000892095,-19.09543477771875,44.56571044921875,69.88390136718749,1.0,110.999999673762,0.0,746.8203125,1299.66796875,233.460237152105,69.8546104431152,233.2221968633024,-0.7821999658729826,32.2770481,-0.001434956043553487,2.755596162751318,1897.473812103272,854.0641665458683,-764.1654372215271,999.4443178176874,-64.8471905,2.0,233.422607421875,5.59688901901245,12.336612701416,-60.3300018310547,64.79572057724,45.483061671257,-2.019600087448606,1.25338464253547,1.59537648314624,0.5855999768941509,35.2000350952148,60.4996490478516,2.0,7.0,2.0,0.0,0.0,26050904.0,2.0,-152.30349230190623,83.8636000446932,31.30225296020505,-60.52951263427734
2026-05-09 18:13:02+00:00,ITA,ITA,23.29999985152618,18.67999979126484,0.0,13.28000015326034,7.14999988591654,0.6700000268264457,-1.242068726628055,-3.138846943694975,4.998372305844613,2.088601497241446,-0.5736923211446856,2.408282482239688,3.0828333307079823,-16.71923450509554,-22.599999718210398,-19.44532402455735,45.1103988647461,69.96337646484375,1.0,110.999999673762,0.0,766.2265625,1319.07421875,234.391547105814,70.1080032348633,234.1467968391716,-0.9570000240696312,32.2769446,-0.0983057034336649,2.7465616352856137,1896.615862846372,1043.601512908937,-770.3228235244749,1058.0202817916868,-64.8473568,2.0,244.488418579102,5.59688901901245,12.336612701416,-61.3300018310547,64.7839546203613,44.3949967622757,-1.661799987447252,-1.09228555961573,-1.01501659003073,0.41839997824270403,36.2000198364258,61.4996337890625,2.0,7.0,2.0,0.0,0.0,26050904.0,2.0,-151.4676246795828,83.7941780019692,31.21819038391115,-59.808753204345706
2026-05-09 18:13:03+00:00,ITA,ITA,23.32000001145378,20.500000001282057,0.0,17.19999990945118,13.3999997467883,9.580000021839352,-1.240896708855165,-3.1381144059064896,4.99945301252604,2.3911854515300877,-0.689271928505995,2.405852087489586,3.093178762111708,-16.75013325637232,-13.75000015495566,-19.343111951175402,45.861535835266096,70.4967874145508,1.0,110.999999673762,0.0,785.77734375,1338.625,233.607796558934,70.6523139953613,233.75800061500922,-1.0410000170156315,32.2768414,-0.04340222563846656,2.8369067702442416,1897.0674276351922,995.9354281425464,-804.6404719352721,1099.9202489852898,-64.8475249,2.0,253.850036621094,5.59688901901245,12.336612701416,-62.2360000610352,64.7839546203613,44.3851947784424,-1.85019999815411,2.05620433052683,0.114960061178822,-0.30539996924628604,37.2000045776367,62.4996185302734,2.0,7.0,2.0,0.0,0.0,26050904.0,2.0,-150.98882841876497,83.76464767909265,31.1559476852417,-59.631303405761706
2026-05-09 18:13:04+00:00,ITA,ITA,23.32000001145378,19.710000514329778,0.0,15.739999846055678,11.20999999320452,6.42000002497352,-1.24162962016962,-3.13415908604682,4.9998134757594865,2.0789331083392018,-1.1773309930554836,2.432858313958362,3.077660913826898,-17.41350923233956,-16.90999998106674,-19.533665691282252,46.07237548828125,70.4712551879883,1.0,110.999999673762,0.0,805.359375,1358.20703125,233.538975572857,70.47861328125,233.57139984688462,-0.2671999925407247,32.2767369,-0.12855811671071377,2.845941251143812,1896.5526580810517,1194.540309906004,-790.6628131866455,1219.270586967468,-64.8476927,2.0,266.808654785156,5.59688901901245,12.336612701416,-63.2360000610352,64.7898375988006,44.3538278341293,-1.6072000101750419,-0.525611124441102,1.42412357697334,-0.16979998619822662,38.1999893188477,63.4996032714844,2.0,7.0,2.0,0.0,0.0,26050904.0,2.0,-150.5827408876998,83.7349158656356,31.030861473083498,-59.74876647949213
2026-05-09 18:13:05+00:00,ITA,ITA,23.229999974798382,18.799999726302218,0.0,13.53000010329896,7.689999849716992,1.0100000241926805,-1.241922357808575,-3.1326942239132602,4.99873276907806,2.511144875007988,-1.43948552619034,2.4207053583681537,3.069493672438172,-17.75187304721796,-22.22000009468,-18.63009569711305,46.52252311706545,70.88187606811525,1.0,110.999999673762,0.0,825.0078125,1377.85546875,233.544549007219,70.9112892150879,233.9934017187158,0.11839999990992325,32.2766318,0.39781622667526284,2.755596209317444,1897.4286317825322,1265.4442548751817,-810.7539176940916,1331.9771766662602,-64.8478606,2.0,277.780700683594,5.59688901901245,12.336612701416,-64.2360000610352,64.7761106491089,44.3577468395233,-1.6269999815269682,0.529438218171277,-0.135365157942742,0.30419999839060746,39.1999740600586,64.4995880126953,2.0,7.0,2.0,0.0,0.0,26050904.0,2.0,-150.13671860659522,83.72343773273535,30.847815513610847,-59.95657287597656
2026-05-09 18:13:06+00:00,ITA,ITA,23.25999987318038,18.639999812919022,0.0,13.29999997167854,7.01999978553795,0.709999999836164,-1.241482771102465,-3.11423723850689,4.999813305004758,2.067116198056162,-1.858723604662785,2.426646726483738,3.0708551852718498,-17.74882131869676,-22.560000081374056,-18.87704204032855,47.0943426132202,71.13898361206051,1.0,110.999999673762,0.0,844.7421875,1397.58984375,233.343358955027,71.2371780395508,233.71380109485222,-0.03319999975616081,32.2765261,0.2595655872825612,2.7194580994546382,1897.5099086761481,1455.375909805298,-818.7607049942018,1472.9559659957881,-64.8480293,2.0,290.944671630859,5.59688901901245,12.336612701416,-65.3300018310547,64.7819936275482,44.373431801796,-1.6768000006712718,0.157769712544905,0.432353082215496,0.3672000251166198,40.1999588012695,65.4995727539062,2.0,7.0,2.0,0.0,0.0,26050904.0,2.0,-149.6107230065366,83.72978297847435,30.77223472595215,-59.97646087646483
2026-05-09 18:13:07+00:00,ITA,ITA,23.27999969159854,18.09000053755108,0.0,12.11000001824928,5.309999900169858,-1.7000000188476883,-1.2419224111694298,-3.13401277058819,4.999453183280768,2.6457853205313238,-1.6422749098650749,2.4452810620207783,3.058059807701524,-17.313182632678,-24.979999966578298,-17.8457628766057,47.31166763305665,71.87262725830075,1.0,110.999999673762,0.0,864.609375,1417.45703125,234.335922045214,72.3036964416504,235.1778002340066,-0.5256000080414234,32.2764204,0.8808898387660029,2.7736651711165896,1897.0674037933343,1333.734631538392,-762.0790958404542,1443.716502189634,-64.8481995,2.0,302.089111328125,5.59688901901245,12.336612701416,-66.2360000610352,64.7937595844269,44.3773537874222,-2.643999994459646,0.296216419721447,-2.13892752632921,0.8489999950241593,41.1999435424805,66.4995574951172,2.0,7.0,2.0,0.0,0.0,26050904.0,2.0,-149.71800342179222,83.7625166600716,30.9667682647705,-60.82744400024417
2026-05-09 18:13:08+00:00,ITA,ITA,23.280000033107978,19.91000040605882,0.0,15.920000260876,11.600000038208199,7.230000013362878,-1.241922357808575,-3.14485313457465,4.99909289080205,2.3260134940171175,-2.240135241738045,2.4336688012807457,3.0705828314786934,-16.1020176305582,-16.049999592858303,-17.85971695308005,48.2276012420654,72.94274505615235,1.0,110.999999673762,0.0,884.7890625,1437.63671875,236.621986360417,73.2047744750976,236.3760011955722,-0.17820000496953933,32.2763158,0.5947588603647411,2.710423665121198,1897.3834991455078,1133.694434165952,-817.8763866424559,1239.8469448089581,-64.8483743,2.0,315.205688476562,5.59688901901245,12.336612701416,-67.3300018310547,64.7859156131744,44.3675488233566,-2.350999948170958,-0.293203959451927,1.9840167015192,2.348199976153732,42.1999282836914,67.4995422363281,2.0,7.0,2.0,0.0,0.0,26050904.0,2.0,-150.1140806276102,83.81889304148089,31.1639471054077,-63.27098602294923
2026-05-09 18:13:09+00:00,ITA,ITA,23.25999987318032,17.96000018104036,0.0,11.410000055688274,3.3500000861074595,-4.080000075116528,-1.2417759889891,-3.14529229439394,4.999813305004758,2.2275397539226502,-0.840575196139777,2.470397033636748,3.033558553110852,-17.668712420487918,-27.340000055018578,-17.93578818496105,48.6391576766968,73.54476562499998,1.0,110.999999673762,0.0,905.20703125,1458.0546875,238.215005040917,73.4192413330078,238.10039993079582,0.4747999971757987,32.2762157,0.2730612958648454,2.737527200952172,1896.78747653961,1185.040402412412,-820.3047156333923,1286.473512649536,-64.8485559,2.0,329.263946533203,5.59688901901245,12.336612701416,-68.3300018310547,64.7819936275482,44.3616688251495,-1.9285999616883038,-0.720785914408332,-1.3889449010966,0.4419999987105393,43.1999130249023,68.4995269775391,2.0,7.0,2.0,0.0,0.0,26050904.0,2.0,-150.57854988362482,83.9187230863898,31.283437156677252,-64.70677139282225
2026-05-09 18:13:10+00:00,ITA,ITA,23.300000193035622,17.89999970125746,0.0,11.699999813317971,4.910000106039644,-2.2499999452180774,-1.24236151762787,-3.105741016787925,4.99909289080205,2.2540377716284903,0.4129333436260026,2.4987536311931158,2.996806500470116,-16.339291230625822,-25.55999982334722,-18.98483437826235,49.604152107238804,73.86272644042968,1.0,110.999999673762,0.0,925.6953125,1478.54296875,235.448150049658,73.8844985961914,235.752202750751,-0.9349999847530196,32.2761165,-0.5852109816126628,2.8098032344132635,1896.5165376663178,1156.187129020692,-813.0259394645689,1250.303053855898,-64.8487394,2.0,339.564086914062,5.59688901901245,12.336612701416,-69.3300018310547,64.7898375988006,44.3597078323364,-2.506199988803626,0.654825230128785,1.10452547205181,-3.8578000835612394,44.1998977661133,69.49951171875,2.0,7.0,2.0,0.0,0.0,26050904.0,2.0,-150.24860803350262,84.01258696105876,30.9883083343506,-65.00395706176758
2026-05-09 18:13:11+00:00,ITA,ITA,23.229999974798382,18.1399995713323,0.0,11.88000022813832,4.459999933434691,-2.940000030586534,-1.242654788875355,-3.08772276431402,4.99909289080205,1.7362431797065738,1.6165332609046201,2.480119252967392,2.982922262680046,-16.111935065233062,-26.170000261517004,-20.46231016366825,50.839950942993156,73.76215759277343,1.0,110.999999673762,0.0,946.20703125,1499.0546875,232.050731994224,73.7275726318359,231.58259629266323,-0.3801999962010578,32.2760097,-1.4048449624984947,2.701389091089366,1896.399164199826,1179.625439643858,-821.8290567398069,1242.6921129226678,-64.8489175,2.0,348.907440185547,5.59688901901245,12.336612701416,-70.3300018310547,64.7761106491089,44.3538278341293,-1.4919999692325148,1.20269972969551,0.60128108270838,-5.534599700034372,45.1998825073242,70.4994964599609,2.0,7.0,2.0,0.0,0.0,26050904.0,2.0,-148.31095713201302,84.03051620763,30.7164722442627,-62.41070297241212
2026-05-09 18:13:12+00:00,ITA,ITA,23.34000017138142,17.0600001559956,0.0,9.660000063908317,1.0500000132106573,-7.680000025885269,-1.242654788875355,-3.059890703941565,4.999453183280768,0.7386116089084952,1.3648872139316701,2.48849110121044,2.9867336789916417,-17.5569425218909,-31.01000037343498,-22.27702141670165,52.0389919281006,73.02602966308594,1.0,110.999999673762,0.0,966.55078125,1519.3984375,227.460653626679,72.9167541503906,226.2003990304658,0.06440000072843358,32.2758928,-1.966555194840018,2.845941251143812,1896.4984893798799,1477.357578277588,-819.7017431259155,1415.45078754425,-64.8490849,2.0,364.191223144531,5.59688901901245,12.336612701416,-71.3300018310547,64.7800326347351,44.3459838628769,-0.9158000028309962,-0.884163719189919,-0.0325716180169504,-4.459999976123378,46.1998672485352,71.4994812011719,2.0,7.0,2.0,0.0,0.0,26050904.0,2.0,-145.2841260164136,84.0006341300112,30.2020751953125,-58.824087066650385
2026-05-09 18:13:13+00:00,ITA,ITA,23.18999999645258,16.469999877753438,0.0,8.400000062996565,-0.779999988621749,-10.21999976074957,-1.24206877998891,-3.0204859552375902,4.99873276907806,0.7017286300791088,1.603401155008215,2.489571381005042,3.0191301626873424,-16.2565120699609,-33.4100000987116,-22.7662926263854,53.45671234130855,73.06005569458009,1.0,110.999999673762,0.0,986.8359375,1539.68359375,222.546810632096,73.0205612182617,221.3613985167326,-0.3669999899533682,32.275766,-2.488047480423848,2.7917341794818618,1896.471405029294,1506.082320213318,-836.1292362213135,1506.073331832888,-64.8492405,2.0,379.486022949219,5.59688901901245,12.336612701416,-72.3300018310547,64.7859156131744,44.3538278341293,-1.519200002318986,0.07574536382252,-0.389513362008809,-4.865600002436642,47.1998519897461,72.4994659423828,2.0,7.0,2.0,0.0,0.0,26050904.0,2.0,-143.392338469163,83.8772672532224,29.50340995788575,-56.8234938812256
2026-05-09 18:13:14+00:00,ITA,ITA,23.30000019303562,16.030000115949598,0.0,7.509999947160869,-1.870000028202977,-12.120000268967853,-1.242654788875355,-3.024733585849395,4.99909289080205,0.9914214027221456,-0.03835012480744754,2.466616097044324,3.021580322297356,-14.909924565657821,-35.429999858948364,-21.3877231028032,53.8919340133667,73.16407974243161,1.0,110.999999673762,0.0,1007.12890625,1559.9765625,218.676852769124,73.2547622680664,218.09759262184238,-0.39379999540201593,32.2756288,-1.413125809143023,2.755596162751316,1896.471381187436,1337.1879816055302,-849.1869926452637,1392.8583860397341,-64.8493835,2.0,368.498565673828,5.59688901901245,12.336612701416,-73.3300018310547,64.778071641922,44.3538278341293,-2.083599963155658,-0.453472320613867,0.807195331289251,-1.3253999986975888,48.199836730957,73.4994506835938,2.0,7.0,2.0,0.0,0.0,26050904.0,2.0,-142.16719104528403,83.66927774771176,29.02014541625975,-55.55023887634276
2026-05-09 18:13:15+00:00,ITA,ITA,23.2900001130718,16.70000035088336,0.0,8.870000235446591,0.06999999945775434,-9.129999923939588,-1.24206877998891,-3.04260541614297,4.999093061556779,1.8909370392887261,-1.0580739958367849,2.4744480188334843,3.033014058967958,-14.35984520632184,-32.430000458484656,-20.467239852701702,54.6421457290649,73.98908843994141,1.0,110.999999673762,0.0,1027.59765625,1580.4453125,220.35013983275,74.2538246154785,219.10859449071182,0.834199999621118,32.2754859,-0.7026826367514304,2.692354610189796,1896.4985132217378,1126.6043424606319,-828.0470252037046,1190.22285938263,-64.8495208,2.0,353.611785888672,5.59688901901245,12.336612701416,-74.3300018310547,64.7878766059876,44.3538278341293,-2.10380003418256,0.658037233307689,1.41649265484485,2.625599849033772,49.199821472168,74.4994354248047,2.0,7.0,2.0,0.0,0.0,26050904.0,2.0,-141.33154745316523,83.4416480332427,29.141170120239252,-55.05090270996094
2026-05-09 18:13:16+00:00,ITA,ITA,23.21999989483456,16.01000029753142,0.0,7.320000135395664,-2.600000001203786,-12.800000071601222,-1.241922357808575,-3.03117947015689,4.99945301252604,2.115099771079384,-1.2703199364999649,2.480659478242058,3.021035870843138,-15.71864047848322,-36.01000039873618,-20.0862971508017,55.26581382751465,74.80577362060546,1.0,110.999999673762,0.0,1048.32421875,1601.171875,222.253836497838,74.8739135742188,221.60559690409042,1.8913999980484022,32.2753451,-0.3504350002976222,2.7375271543860418,1896.4081764221162,1149.2047309875481,-779.4350624084475,1147.640752792358,-64.849665,2.0,332.916259765625,5.59688901901245,12.336612701416,-75.3300018310547,64.7859156131744,44.3420648574829,-1.7466000089884741,-0.335304738567783,0.640876596461444,2.1133998650610137,50.1998062133789,75.4994201660156,2.0,7.0,2.0,0.0,0.0,26050904.0,2.0,-141.148323530566,83.3059799857588,29.3778825759888,-55.92452041625978
2026-05-09 18:13:17+00:00,ITA,ITA,23.280000033108003,15.870000544075841,0.0,7.25000025866787,-2.46999998620256,-12.64000032897278,-1.241922357808575,-2.25699753805578,4.99909289080205,2.233984635046108,-1.4647035451013801,2.521978878380782,2.977749931176322,-16.22065391832782,-35.910000282116926,-19.67310144186715,55.5239891052246,75.41284927368162,1.0,110.999999673762,0.0,1069.2109375,1622.05859375,225.15060168711,75.6534828186035,224.25240449049699,1.962399985225418,32.2752075,-0.15565890794895706,2.737527107819914,1896.390128135678,1275.5073785781858,-832.2046160697937,1280.0787448883061,-64.8498163,2.0,314.957763671875,5.59688901901245,12.336612701416,-76.3300018310547,64.7917985916138,44.3577468395233,-1.878799985232682,0.627190818355442,-1.04958439086358,3.2565997891841363,51.1997909545898,76.4994049072266,2.0,7.0,2.0,0.0,0.0,26050904.0,2.0,-141.34526520509422,83.24790288724614,29.5652561187744,-58.354479904174795
2026-05-09 18:13:18+00:00,ITA,ITA,23.25000013472602,16.65000029257376,0.0,8.999999908938358,0.58000000617928,-8.450000035928833,-1.24206877998891,-1.754108905518575,4.99873276907806,1.8909371033217461,-2.06046103248363,2.516847912210218,2.981016725278976,-15.148343588449219,-31.69999974376798,-19.35328381039685,55.49747428894045,75.9720506286621,1.0,110.999999673762,0.0,1090.27734375,1643.125,228.61059793572,76.0959159851074,227.7201980830636,1.35080000212937,32.2750758,-0.07312684138348763,2.7646306902170177,1896.44429683685,1353.8876771926898,-837.7526164054871,1381.250023841858,-64.8499773,2.0,300.204681396484,5.59688901901245,12.336612701416,-77.3300018310547,64.7976815700531,44.3714708089828,-1.9738000618700162,-0.373877671616475,0.494177900189615,3.9061998285483233,52.1997756958008,77.4993896484375,2.0,7.0,2.0,0.0,0.0,26050904.0,2.0,-142.576281127508,83.2683934547562,29.75343990325925,-60.77513122558594
2026-05-09 18:13:19+00:00,ITA,ITA,23.30999993148998,17.599999692909243,0.0,10.84000010812844,3.339999942110622,-4.590000012468946,-1.24192241116943,-1.76509526479854,4.99873276907806,1.994066214977136,-1.694810857330965,2.55951742730444,2.952976280103818,-14.85689975807426,-27.92000025329694,-17.966763092847053,54.3876611709595,75.9852520751953,1.0,110.999999673762,0.0,1111.41015625,1664.2578125,232.342954807674,75.8716506958008,231.8111999921078,1.4455999969127011,32.2749528,0.11104491103570054,2.7013891376554957,1896.263623237608,1277.536964416504,-837.989008426666,1327.5255680084217,-64.8501488,2.0,283.818725585938,5.59688901901245,12.336612701416,-78.3300018310547,64.7976815700531,44.3557858467102,-2.642399979957888,-0.367621111615038,-2.2646207228606,3.4486000779798696,53.1997604370117,78.4993743896484,2.0,7.0,2.0,0.0,0.0,26050904.0,2.0,-145.1902600926882,83.3471865170215,29.5913984298706,-63.595987701416014
2026-05-09 18:13:20+00:00,ITA,ITA,23.25999953167092,20.18999991296996,0.0,16.5400000959907,12.499999721743512,8.750000129654442,-1.2417759889890951,-1.75864980737787,4.999093061556779,1.845101624792499,-1.0670051618676641,2.584363350316102,2.913501714059918,-15.027798604316061,-14.500000175826278,-18.97771049095805,54.10266036987305,75.1103984069824,1.0,110.999999673762,0.0,1132.37890625,1685.2265625,234.284504381142,74.9019081115722,233.4857984520544,0.908399978449047,32.2748388,-0.5763489712471296,2.8549757786095116,1896.3539838790862,1044.8224067688,-815.1215076446534,1126.0388374328602,-64.8503273,2.0,270.820251464844,5.59688901901245,12.336612701416,-79.3300018310547,64.7996366024017,44.3499058485031,-1.8306000019344784,2.55125089204066,2.46847348161174,1.170600023055336,54.1997451782227,79.4993591308594,2.0,7.0,2.0,0.0,0.0,26050904.0,2.0,-145.0799416092898,83.4727322241555,29.306462860107402,-63.01172790527344
2026-05-09 18:13:21+00:00,ITA,ITA,23.30999993148998,19.03000019943218,0.0,14.0299996618668,8.36999990848249,2.6400000275743585,-1.24236151762787,-1.75894259837768,4.998372305844612,1.6384856062909208,-1.6223106404471,2.57275070537793,2.9352807113795123,-16.66888064298694,-20.659999914665256,-18.49179375793045,52.9769153594971,73.7847331237793,1.0,110.999999673762,0.0,1152.94921875,1705.796875,236.867053547837,73.8003707885742,236.24980115631578,1.9521999301293083,32.2747319,-0.058451311503834494,2.77366517111659,1896.245622634884,1253.456044197082,-830.9107184410093,1211.69364452362,-64.8505073,2.0,256.203521728516,5.59688901901245,12.336612701416,-80.3300018310547,64.7917985916138,44.3577468395233,-1.6726000106289258,-0.308364951696946,-0.825324734419727,3.082599908993096,55.1997299194336,80.4993438720703,2.0,7.0,2.0,0.0,0.0,26050904.0,2.0,-144.74058775849142,83.66755654004089,28.90142440795895,-59.75490783691406
2026-05-09 18:13:22+00:00,ITA,ITA,23.29000011307182,21.589999838092023,0.0,19.690000012892682,17.39000006272584,15.34000006259765,-1.2422156290560649,-1.7328681911386,4.997291599163184,1.4744813664407341,-0.377733226691561,2.49740321741684,3.008512804377284,-17.8274040111356,-7.939999970510364,-19.719918973532998,52.9869421005249,73.42665435791014,1.0,110.999999673762,0.0,1173.3828125,1726.23046875,238.299289575275,73.3610137939453,237.10960176149078,2.479599966491402,32.2746327,-1.1353754781894512,2.836906723678112,1896.390128135678,1246.09134197235,-838.1799936294556,1233.9099168777477,-64.8506907,2.0,246.073669433594,5.59688901901245,12.336612701416,-81.2360000610352,64.8015975952148,44.3675488233566,-1.570599971932022,1.32449331509765,3.21634974053734,-1.0486000005216192,56.1997146606445,81.4993286132812,2.0,7.0,2.0,0.0,0.0,26050904.0,2.0,-144.94395800706621,83.9317243514749,28.8224515914917,-60.0276200866699
2026-05-09 18:13:23+00:00,ITA,ITA,23.28000003310798,19.549999917927618,0.0,14.949999676084502,9.530000048907084,4.099999914879044,-1.24104355792232,-1.6564025691938649,4.490709701914859,0.9004670072127701,-0.692423834024333,2.480659222109964,3.0071516757417482,-22.353924053359382,-19.179999691342122,-20.08839060378225,52.17456493377685,72.56788604736326,1.0,110.999999673762,0.0,1193.609375,1746.45703125,236.655918740214,72.3701774597168,236.15320042484683,4.158199956796722,32.2745353,-1.0501518942062382,48.4618827700614,1896.38109207153,1464.5411968231178,-766.2911176681519,1346.4609384536761,-64.8508734,2.0,234.74560546875,5.59688901901245,12.336612701416,-82.2360000610352,64.7917985916138,44.3401038646698,-1.2888000058112958,-1.9808731069537,0.894054580160038,-0.20640000042886236,57.1996994018555,82.4993133544922,2.0,7.0,2.0,0.0,0.0,26050904.0,2.0,-144.68742703014317,84.17584897278955,28.85009593963625,-59.119203186035136
2026-05-09 18:13:24+00:00,ITA,ITA,23.25999953167092,18.969999719649323,0.0,14.1400000292046,8.660000092999026,2.730000016205018,-1.23855304683535,-1.68862910924528,0.7716930325118997,1.832569038750486,-2.42716305676848,2.48498029859969,3.0063347851170117,-21.50172032608852,-20.53999997962784,-19.566214957771948,52.273033332824696,72.92483047485351,1.0,110.999999673762,0.0,1213.80859375,1766.65625,238.847726444871,73.0295082092285,237.85880247947398,4.9633999443694865,32.2744372,-0.535711266676258,1326.9730210304272,1896.43528461456,1236.926317214966,-731.7075848579406,1211.6813421249378,-64.8510543,2.0,221.158981323242,5.59688901901245,12.336612701416,-83.2360000610352,64.7917985916138,44.3538278341293,-3.085399902354664,-1.59381802607672,0.968137159775524,4.17599989934928,58.1996841430664,83.4992980957031,2.0,7.0,2.0,0.0,0.0,26050904.0,2.0,-144.76816806235962,84.4166268014108,28.9746431350708,-59.12481582641605
2026-05-09 18:13:25+00:00,ITA,ITA,23.29999985152616,19.63999961307362,0.0,15.63999990019116,11.240000233095936,6.609999922116086,-1.2303500430030199,-1.698444357886855,1.210178274572491,3.459360742196452,-2.288467367852345,2.3178118455504526,2.839725553806074,-20.411861532684917,-16.69000027091952,-18.08726043641075,50.3884677886963,72.95006881713866,1.0,110.999999673762,0.0,1234.109375,1786.95703125,245.79965690665,72.8644111633301,244.2650008265692,4.490599906623948,32.2743486,0.01926183848970464,1758.729815483094,1897.166752815246,818.4415817260742,-763.7917280197141,895.2790141105654,-64.8512429,2.0,210.372802734375,5.59688901901245,12.336612701416,-84.2360000610352,64.8015975952148,44.34794485569,-3.532799917992122,2.25115948722356,-2.78058836724559,6.5717998693713096,59.1996688842774,84.4992828369141,2.0,7.0,2.0,0.0,0.0,26050904.0,2.0,-148.4447441453994,84.6981364631475,29.5381559371948,-61.699798278808586
2026-05-09 18:13:26+00:00,ITA,ITA,23.32000001145378,21.499999801436598,0.0,19.540000179473317,17.18999982948738,14.950000017593918,-1.90887597619089,-1.7133860903873401,0.9889539968844769,3.5069859010429782,-4.4124983583234645,2.6275733895057662,2.591989341901784,-20.0536611409095,-8.37000007923722,-14.8028619480594,45.91796951293945,71.0614956665039,1.0,110.999999673762,0.0,1254.03125,1806.87890625,252.633397775031,70.7118255615234,252.04419833646898,1.5501999571223288,32.274278,1.385596891775844,1902.6517152786262,1897.528004646302,730.7312965393069,-725.9962797164918,846.765661239624,-64.8514388,2.0,199.531112670898,5.59688901901245,12.336612701416,-85.2360000610352,64.8015975952148,44.3420648574829,-2.998200029815532,-1.31668747609339,-3.5686859026461,11.123599807751129,60.1996536254883,85.499267578125,2.0,7.0,2.0,0.0,0.0,26050904.0,1.0,-153.6733495776928,85.04271609168,30.0071399688721,-64.4659648132324
2026-05-09 18:13:27+00:00,ITA,ITA,23.110000381270417,20.76999976973886,0.0,17.789999846183882,14.53000007420826,11.02999991989368,-1.966738243909775,-1.717487832427345,2.283872358088224,3.020345338718052,-5.274089796410375,2.9381451219626875,2.344525313035924,-18.18636699353184,-12.080000119867321,-9.025816231076325,39.970850372314445,68.64156600952147,1.0,110.999999673762,0.0,1273.37109375,1826.21875,269.099016769451,67.8448127746582,266.81579927709333,-2.225399898344366,32.2742394,1.348786697149804,1901.251411437992,1896.787452697752,576.0043859481813,-770.50199508667,771.722638607025,-64.8516395,2.0,193.971588134766,5.59688901901245,12.336612701416,-86.2360000610352,64.6153569221496,44.8694318532944,-2.723199986589056,4.3848819825184,-1.66068963347596,16.96639958511918,61.1996383666992,86.4992523193359,2.0,7.0,2.0,0.0,0.0,26050904.0,1.0,-166.023670314153,85.3956524566621,30.4944162368774,-65.73465637207032
2026-05-09 18:13:28+00:00,ITA,ITA,3.0500000137261756,1.960000112883164,0.0,2.1600000259565357,1.40000001049943,1.8799999854368301,-1.9850492340226351,-1.69917630870596,0.8524002979807431,1.4418952996388446,-4.5238752649111,2.961370710659812,2.3374473160650857,-7.578076527995752,-1.1600000337028962,4.6210173635773435,33.51462993621825,63.704267578125,1.0,110.999999673762,0.0,1291.515625,1844.36328125,284.499536064699,62.7045707702637,282.98019053666184,-3.94400001640588,32.274249,1.6133380237056962,1901.133966445926,1896.45330905914,942.9554700851437,-795.0462222099304,1006.0713291168215,-64.851834,2.0,192.993865966797,5.59688901901245,12.336612701416,-87.2360000610352,64.4389092922211,45.5379545688629,0.6018000103326345,3.1570797067975,-1.55256901957513,14.11779935308112,62.1996231079102,87.4992370605469,2.0,7.0,2.0,0.0,0.0,26050904.0,2.0,34.02035809728461,85.737834688796,30.77490234375,-63.15444305419918
2026-05-09 18:13:29+00:00,ITA,ITA,-21.45000008463644,-19.3999999137535,0.0,-16.59000015430028,-13.860000180783938,-10.579999992748624,-2.023575236201215,-1.66812183978829,-0.7977736402820883,-0.8853153264365812,-0.527985562332821,2.766655677801086,2.545436864264412,16.1279790088387,10.870000177265174,13.10053163942165,30.078925323486352,59.45466110229493,1.0,110.999999673762,0.0,1308.30859375,1861.15625,292.308764550341,58.7074836730957,291.7019978652336,-4.32859968696493,32.2742939,0.31646721023902036,1901.007461547854,1897.184824943542,1643.4194326400761,-826.7115116119385,1507.769823074342,-64.8520072,2.0,194.563323974609,5.59688901901245,12.336612701416,-88.3300018310547,64.2918765544891,46.447616815567,0.8814000032041924,-3.10712861240649,0.167954938659995,3.355399771530086,63.1996078491211,88.4992218017578,2.0,7.0,2.0,0.0,0.0,26050904.0,1.0,167.52889920721358,86.08510882695609,30.893106651306148,-58.38626472473144
2026-05-09 18:13:30+00:00,ITA,ITA,-22.9500008093967,-20.870000227867543,0.0,-18.060000297659595,-14.91000003924816,-11.55999988910764,-2.0540447100886396,-1.66768214636047,0.3533848762908286,0.23299198392860082,2.546423015514515,2.6418865204870343,2.628741522608564,20.66174707705496,11.39999997572444,16.48670805725585,28.6913761138916,57.111242980957044,1.0,110.999999673762,0.0,1324.34765625,1877.1953125,291.435948336683,56.7057163238525,291.17339586498804,-4.298999866913575,32.2743486,-0.5013924996098317,1901.242375373844,1897.284173965454,1513.41395378113,-833.6312174797058,1518.808603286744,-64.8521668,2.0,198.487869262695,5.59688901901245,12.336612701416,-89.3300018310547,67.8991556167602,46.4946687221527,-1.0306000081315707,-0.159624989358636,0.574363253828507,-3.77419978474773,64.199592590332,89.4992065429688,2.0,7.0,2.0,0.0,0.0,26050904.0,1.0,163.83625578717,86.43415881430039,30.91352920532225,-54.94303619384764
2026-05-09 18:13:31+00:00,ITA,ITA,-22.9500008093967,-20.82000016955792,0.0,-18.03999945471304,-14.979999915975942,-11.629999936590158,-2.07206200206719,-1.6678285685407999,0.9673360853075866,0.47076215475713123,5.009309615828601,2.645937505683766,2.617851853194036,19.644367177538356,11.33000009899666,13.2967356535194,25.64760274887085,54.89652214050292,1.0,110.999999673762,0.0,1339.80078125,1892.6484375,283.157677100358,54.4739021301269,283.96659552829226,-4.4709998250269525,32.2743944,-1.1866491800162957,1901.3688564300578,1897.3834753036504,1297.604775428772,-833.7804794311521,1404.12769317627,-64.8523235,2.0,203.250457763672,5.59688901901245,12.336612701416,-90.3300018310547,67.8971946239471,48.6806005239487,-1.154400004291086,0.231385117893332,-0.850032730298837,-10.25179941397786,65.199577331543,90.4991912841797,2.0,7.0,2.0,0.0,0.0,26050904.0,1.0,167.8095680726632,86.68423594547676,30.9613952636719,-53.14531723022458
2026-05-09 18:13:32+00:00,ITA,ITA,-22.91000048954142,-20.839999987976103,0.0,-18.0499991931674,-14.939999937630159,-11.629999765835418,-2.085392503614645,-1.6523004002670398,1.0221016733228292,0.08402748045534816,9.4859046037576,2.6462076823541216,2.6159463157929723,15.144168293809619,11.27000013147796,-9.02621798493775,22.0950945854187,52.04328277587886,1.0,110.999999673762,0.0,1354.53125,1907.37890625,269.865418635839,51.2736190795898,269.8100012129896,-4.7639997432495935,32.2744169,-3.0395947968228763,1901.5133619308497,1897.31125831604,1253.408217430114,-833.4197878837583,1288.2953166961659,-64.8524793,2.0,206.138320922852,5.59688901901245,12.336612701416,-91.3300018310547,67.8913116455078,53.719025850296,-0.8145999820571429,0.275831213215441,0.351076392413283,-19.245400118682817,66.1995620727539,91.4991760253906,2.0,7.0,2.0,0.0,0.0,26050904.0,1.0,-33.0433951591626,86.918084547185,30.931624031066903,-51.33443115234377
2026-05-09 18:13:33+00:00,ITA,ITA,-22.86000008972232,-20.86999954484864,0.0,-18.05999961464068,-15.03000065730446,-11.679999824145039,-2.11425069318819,-1.63574791706119,0.12135153142359072,0.22869491840527773,15.677270876454099,2.653499208113886,2.6129518754834717,1.4497863292447497,11.18000026557728,-41.37201820853985,29.47579822540285,48.22516090393066,1.0,110.999999673762,0.0,1368.2421875,1921.08984375,242.454476137988,47.4043785095215,243.25119858013977,-5.029400147696686,32.2744006,-5.370795883547644,1902.1458148956322,1897.3925352096562,1159.4365596771217,-833.0432176589966,1268.8324928283698,-64.8526249,2.0,200.624084472656,5.59688901901245,12.336612701416,-92.3300018310547,54.740434885025,54.0542662143707,-1.0310000117570113,-1.09640245613796,-0.700527413247515,-32.38259860413534,67.1995468139648,92.4991607666016,2.0,7.0,2.0,0.0,0.0,26050904.0,1.0,-148.70784030015278,87.14465558233265,30.696492576599148,-43.25362632751464
2026-05-09 18:13:34+00:00,ITA,ITA,-7.169999800384231,-6.710000060079689,0.0,-6.3200001004533535,-5.390000006271845,-5.070000094128064,-2.114397008646815,-1.626665633094925,-0.6039321912862516,1.2592710596447487,15.056821614892002,2.659170613002522,2.612951875483472,-8.327282966262228,2.09999997306046,-45.26709921482705,43.294010353088396,46.08942352294922,1.0,110.999999673762,0.0,1381.1328125,1933.98046875,207.961679319965,45.8855529785156,209.68140074164458,-4.899399961940728,32.2743308,-5.364384214219022,1902.850461006166,1897.347378730774,1001.6363859176624,-812.0614767074583,1130.147528648376,-64.8527327,3.0,189.927520751953,5.59688901901245,12.336612701416,-93.3300018310547,49.886292219162,54.2561948299408,-2.077199990525994,-0.830164296972651,1.16180119727571,-32.61659781151482,68.1995315551758,93.4991455078125,2.0,7.0,2.0,0.0,0.0,26050904.0,1.0,-118.67640693476619,87.36415737168934,30.76048450469975,-27.05544250488282
2026-05-09 18:13:35+00:00,ITA,ITA,20.13999968390562,16.86999983196619,0.0,14.279999953414906,11.6000000382082,8.820000177136972,-2.09813688955395,-1.6268119485535548,-0.19499187763465908,2.804776414974126,11.94774042215655,2.6586305157939063,2.612951960860836,-17.63399900855974,-11.309999939069005,-37.9581120764491,58.6585670471191,46.7806901550293,1.0,110.999999673762,0.0,11.609375,1946.8671875,177.764279187936,47.1087020874023,179.36619897096278,-2.4574000587642013,32.2742235,-4.5537295521977175,1899.887132644654,1897.491884231568,705.2055835723876,-794.4814205169678,878.2041668891907,-64.8527776,3.0,181.273025512695,5.59688901901245,12.336612701416,-94.3300018310547,49.8745292425156,54.4287145137787,-2.344400000408994,1.82732234356218,4.30083949298915,-28.204998775661643,1.00000011920929,94.4991302490234,2.0,7.0,3.0,0.0,0.0,26050904.0,1.0,-89.21540911225397,87.57681531149775,32.3956552505493,-6.47437079429626
2026-05-09 18:13:36+00:00,ITA,ITA,23.230000316307837,18.55999951471798,0.0,12.93999999581155,6.60000013030087,0.8099999990615266,-2.0830482546254503,-1.6380915790810051,1.10821333664462,2.003018426528393,7.125459741936285,2.654579573285854,2.617307401739822,-21.89272645795696,-22.42000015716376,-29.892891515809197,68.20413093566896,47.07596282958984,1.0,110.999999673762,0.0,24.75,1960.0078125,154.710259720122,46.8603664398193,155.78320047646082,0.40759999374765143,32.2741082,-3.367692175704158,1889.5334243774419,1897.518968582154,903.9420962333683,-808.8743686676023,873.5921502113335,-64.8527566,3.0,164.710205078125,5.59688901901245,12.336612701416,-95.3300018310547,49.9568700790405,54.5306622982025,1.034799958486785,4.69454056137197,0.607156432776766,-16.867399408194455,2.00000023841858,95.4991149902344,2.0,7.0,3.0,0.0,0.0,26050904.0,1.0,-67.52050303266184,87.78283430743281,33.502474594116194,13.1429606437683
2026-05-09 18:13:37+00:00,ITA,ITA,23.25999987318036,15.90000044245782,0.0,7.240000093326694,-2.3099999874419783,-10.820000118955555,-2.08187719734791,-1.6051325546019601,2.5123026774496697,-1.8482126905820728,1.7867508031138395,2.649448393671882,2.616218584208758,-21.332729493191398,-34.079999309116985,-24.41382390042535,72.01597480773924,44.769759521484374,1.0,110.999999673762,0.0,37.37890625,1972.63671875,149.472501834341,44.2271324157715,147.123801952373,1.0477999825985687,32.274005,-2.974358998385508,1317.2517657279946,1897.302222251892,1641.760015487672,-826.5617012977598,1282.593822479248,-64.852697,3.0,154.62614440918,5.59688901901245,12.336612701416,-96.3300018310547,49.9647110700607,54.5012533664703,2.944599906860444,-3.50430560674662,-0.121892049515937,-1.8245998728476933,2.99999928474426,96.4990997314453,2.0,7.0,3.0,0.0,0.0,26050904.0,1.0,-52.488765458251486,87.98510011441894,34.4611707687378,25.27231784820558
2026-05-09 18:13:38+00:00,ITA,ITA,23.34000017138142,15.970000319185601,0.0,7.429999990469263,-2.190000009715884,-12.459999914152458,-2.06034331844215,-1.6127495495478499,3.9109871935149507,0.3905505102260206,0.3194198663326625,2.7836695082688583,2.7634990204988,-18.08146382561692,-35.79000000557006,-22.1956866702915,74.00375518798825,45.2157618713379,1.0,110.999999673762,0.0,49.80078125,1985.05859375,150.761549776019,45.6634265899658,147.7788007013234,0.4040000171475918,32.2739073,-2.908699237299752,641.3697123527526,1897.347354888916,1472.343897819518,-692.2526955604551,1265.0147438049303,-64.8526323,3.0,146.65559387207,5.59688901901245,12.336612701416,-97.3300018310547,49.9588310718536,54.5404613018036,0.1936000004746544,-1.42018469225636,-0.0274524312546655,0.5899999527409625,3.99999833106995,97.4990844726562,2.0,7.0,3.0,0.0,0.0,26050904.0,1.0,-47.657035680890004,88.29044372126441,34.769246292114246,31.0720584869385
2026-05-09 18:13:39+00:00,ITA,ITA,23.32000035296324,16.00999995602192,0.0,7.270000247840774,-2.4699999435138817,-12.70000012573674,-2.06341935816789,-1.610552309708365,4.95225401479504,1.9464406078994478,-0.314690580652344,3.227112283055946,3.2088795626421023,-16.206540015426903,-36.01000108175508,-21.38026112113495,75.22302474975584,46.54399040222166,1.0,110.999999673762,0.0,62.6640625,1997.921875,150.17702218685,46.7254474639893,148.0024019702198,1.546999971474506,32.2738066,-2.359647223792284,249.91643682587898,1897.329306602478,1001.6257166862491,-714.4449949264526,906.0473561286926,-64.8525664,3.0,134.253662109375,5.59688901901245,12.336612701416,-98.3300018310547,49.9529480934143,54.5188963413238,-0.20299999896109605,1.31592313523658,1.51458441660998,0.4785999782566209,4.99999761581421,98.4990692138672,2.0,7.0,3.0,0.0,0.0,26050904.0,1.0,-47.07182643884114,88.6718927109367,34.6433618545532,32.4379337310791
2026-05-09 18:13:40+00:00,ITA,ITA,23.26999995314416,15.950000159257979,0.0,7.310000055431848,-2.4999999272732323,-12.629999907499478,-2.063566207235045,-1.614800473928705,4.995850343870947,1.9177938553694038,-0.11820507554910886,3.5709017013902162,3.5562547449132635,-21.0016138750602,-35.90000020215308,-21.0144447269255,74.66933097839356,46.514574508666975,1.0,110.999999673762,0.0,75.59765625,2010.85546875,151.23275086648,46.4742141723633,149.1216022317694,1.8228000112796898,32.2737048,-1.7602312309584818,2.8820793610066184,1897.329306602478,1209.9274158477801,-715.7669544219971,974.3432044982912,-64.8524992,3.0,122.752006530762,5.59688901901245,12.336612701416,-99.3300018310547,49.9647110700607,50.854766368866,0.8267999912474255,-0.680420937156584,-2.29217648073678,1.3605998641690096,5.99999666213989,99.4990539550781,2.0,7.0,3.0,0.0,0.0,26050904.0,1.0,-47.59945240505438,89.0626785692044,34.4208543777466,31.88947700500488
2026-05-09 18:13:41+00:00,ITA,ITA,23.34999990983578,16.5400000959907,0.0,8.700000071344826,0.1300000256734001,-8.950000021383481,-2.063859051595715,-1.6126031807283652,4.9918868704729515,2.0406176253974513,-0.007880210692983206,3.935756404964498,3.91914726320505,-20.35273360956848,-32.30999949891888,-21.63151133730115,74.7795513153076,47.381066207885745,1.0,110.999999673762,0.0,88.62890625,2023.88671875,152.447937142474,47.6959968566894,150.17339399036223,0.1291999930761147,32.2736014,-2.0198410010272383,2.574891876429318,1897.2841262817383,1299.7033119201642,-705.4046511650087,1103.068208694458,-64.8524344,3.0,113.014282226562,5.59688901901245,12.336612701416,-100.330001831055,49.9705940485001,41.6405260562897,-0.8452000406237662,-2.71802575543897,-0.0866806834466955,0.6959999796674893,6.99999570846558,100.499038696289,2.0,7.0,3.0,0.0,0.0,26050904.0,1.0,-49.450409764465725,89.44363578525645,34.21753520965575,30.53803092956544
2026-05-09 18:13:42+00:00,ITA,ITA,23.31000027299942,16.90999998106676,0.0,9.349999975596248,0.51000002272978,-7.930000146678637,-2.063859051595715,-1.610552309708365,4.991166285515517,2.9580380052316677,0.6167736059324089,3.892005969745442,4.502007688575704,-20.29017249186574,-31.239999822036545,-21.83868207388505,76.1994449615478,49.24449028015136,1.0,110.999999673762,0.0,102.1875,2037.4453125,152.490175032301,49.4872867584228,150.1017999474824,0.7857999878297666,32.2734937,-2.4363817524190723,2.6381475385278437,1897.32027053833,945.103406906127,-803.5771965980532,972.4632143974297,-64.8523691,3.0,100.834022521973,5.59688901901245,12.336612701416,-101.330001831055,49.9588310718536,37.5725388526916,-1.547600014265264,1.1924287260094,0.461464869242398,-0.1150000231215523,7.99999475479126,101.4990234375,2.0,7.0,3.0,0.0,0.0,26050904.0,1.0,-50.54264375615324,89.77773107341301,33.947771072387695,29.797557220458977
2026-05-09 18:13:43+00:00,ITA,ITA,23.269999953144183,15.89000070400348,0.0,7.26000016787696,-2.449999997029658,-12.76000026401018,-2.06415178923467,-1.56763172112912,4.991166285515517,2.0814397664202557,1.26244163345747,4.277655098870462,4.225142384719923,-20.03496998673628,-36.0500000355725,-21.632562332659703,76.85739555358884,50.18025146484372,1.0,110.999999673762,0.0,116.0546875,2051.3125,152.091169041367,50.3453567504883,150.1117993444272,0.4963999875102454,32.2733829,-2.279967816416164,2.629113057628274,1897.3925352096558,993.1703686714178,-822.657310962677,914.1653776168823,-64.8523022,3.0,91.613037109375,5.59688901901245,12.336612701416,-102.236000061035,49.968633055687,37.5784188508987,-1.0531999941894046,-0.396148357178948,-0.588212316144354,-0.4818000019240502,8.99999809265137,102.499008178711,2.0,7.0,3.0,0.0,0.0,26050904.0,1.0,-51.00558100073726,90.0780783968806,33.9076915740967,30.29882354736328
2026-05-09 18:13:44+00:00,ITA,ITA,23.3300000914176,15.980000057639979,0.0,7.4499999796421665,-2.0699999412763423,-12.14000008738602,-2.06415178923467,-1.5677780899486,4.991526577994234,2.547311452370804,0.4497089397420425,4.250919006383361,4.2202421508772625,-18.7757385528609,-35.49000033873124,-21.1904834612725,77.72883110046385,51.162271957397465,1.0,110.999999673762,0.0,130.1640625,2065.421875,151.759945847757,51.4747959136963,149.7846032303516,-0.23599999540376312,32.2732707,-1.880206406560152,2.629113057628272,1897.3473787307744,920.3708291053779,-789.2955780029295,931.4566969871519,-64.8522327,3.0,80.9536743164062,5.59688901901245,12.336612701416,-103.236000061035,49.9803960323334,37.5627338886261,-1.974199905412896,-0.533234415967629,-1.38955310809785,-0.4669999993506441,10.0000019073486,103.498992919922,2.0,7.0,3.0,0.0,0.0,26050904.0,1.0,-50.99881638138328,90.3546327563744,34.0009620666504,31.1669213104248
2026-05-09 18:13:45+00:00,ITA,ITA,23.35000025134524,17.080000315923222,0.0,9.720000031427023,1.56000000926001,-6.8800000320823615,-2.064152216121495,-1.817830621771685,4.991526577994234,2.826261628782048,0.9188575850377205,4.24551777816508,4.219969967838838,-18.477047208757618,-30.22999925889922,-21.17438982804065,78.86466636657715,52.21390594482422,1.0,110.999999673762,0.0,144.609375,2079.8671875,150.778638909323,52.4056949615478,148.762796002215,0.40599999392012903,32.2731567,-2.0996406624214363,2.5929679162800303,1897.3382949829102,790.3683423995974,-723.9469408988955,846.1032867431643,-64.8521603,3.0,68.0390014648438,5.59688901901245,12.336612701416,-104.236000061035,49.968633055687,37.5627338886261,-1.6634000232933517,2.26062442186591,1.68756087833126,-1.5267999217919468,11.0000057220459,104.498977661133,2.0,7.0,3.0,0.0,0.0,26050904.0,1.0,-51.117505261609516,90.60697751035511,34.031165885925304,32.33693298339847
2026-05-09 18:13:46+00:00,ITA,ITA,23.300000193035622,17.1000001343414,0.0,9.63000016552633,1.429999994258782,-7.300000146222762,-2.06195492292116,-3.6968141683383102,4.395950773643906,2.023429838549254,0.617298143116325,4.244977766333827,4.221058699992538,-19.74276390724994,-30.60999888242962,-20.91032361567055,78.31175537109375,51.78917518615723,1.0,110.999999673762,0.0,159.0703125,2094.328125,147.672979214474,51.5482875823975,146.95319748728443,1.2456000198063157,32.2730436,-1.511984590479782,90.92472353950147,1897.4015474319458,1081.0626029968264,-831.2563896179201,994.172132015229,-64.8520837,3.0,57.1753997802734,5.59688901901245,12.336612701416,-105.236000061035,49.9705940485001,37.5686168670654,-0.8749999852178002,-0.922931766197206,-0.349810459539304,-1.678999919225566,12.0000095367432,105.498962402344,2.0,7.0,3.0,0.0,0.0,26050904.0,1.0,-51.105148766382044,90.80303467538576,34.018438911438,32.19072898864746
2026-05-09 18:13:47+00:00,ITA,ITA,23.289999771562343,17.0499997345223,0.0,9.670000143872132,1.350000016222832,-7.160000136635081,-2.0562414696804447,-4.07826582605324,-0.7729128402646406,2.85813167564747,-0.681917202152065,4.2460578753737,4.2202421508772625,-18.48620273583058,-30.460000415048064,-20.53596265480945,77.456607055664,50.797180480957024,1.0,110.999999673762,0.0,173.2421875,2108.5,147.59985520922,50.6605236053467,146.24799684793481,1.4428000035511381,32.2729349,-1.1893806687149173,1197.0457434654236,1897.2931385040279,1072.4517941474937,-834.9344253540039,1021.2755799293521,-64.8520036,3.0,44.9252700805664,5.59688901901245,12.336612701416,-106.236000061035,49.968633055687,37.525486946106,-1.9839999889000761,-0.948189699026207,0.590779133250957,-0.48400002453200897,13.0000133514404,106.498947143555,2.0,7.0,3.0,0.0,0.0,26050904.0,1.0,-50.243732138449204,90.95940161114939,34.03289279937745,32.8654515838623
2026-05-09 18:13:48+00:00,ITA,ITA,23.3000001930356,17.0499997345223,0.0,9.600000267144338,1.350000016222832,-7.259999997122234,-2.048331256847925,-4.065228275588154,-0.48611426423286375,2.931897377174148,1.754179021679275,4.2468677650545335,4.221058699992538,-17.992198717316178,-30.55000045170346,-20.8364004782835,77.3271331787109,50.146956024169924,1.0,110.999999673762,0.0,187.25390625,2122.51171875,145.470803282657,49.8075897216797,144.29079521296478,2.0169999838419703,32.2728281,-2.00546287652715,1777.919435501098,1897.2841501235962,930.2806019783022,-831.05685710907,916.948413848877,-64.8519239,3.0,34.635986328125,5.59688901901245,12.336612701416,-107.236000061035,49.974513053894,37.5352889299393,-2.068599928587298,0.0872419929283596,-0.442483133208698,-4.431399967700462,14.0000171661377,107.498931884766,2.0,7.0,3.0,0.0,0.0,26050904.0,1.0,-49.301185840536064,91.11225441458515,34.028889656066895,34.20470764160158
2026-05-09 18:13:49+00:00,ITA,ITA,23.31000027299942,17.09000005437758,0.0,9.840000137219164,1.5700000038464599,-7.090000089152559,-1.256132139489962,-4.05541414752449,1.202611919075994,1.1496959649642904,10.77041046963768,4.248218093453446,4.219697614045682,-18.306149045534717,-30.4100006982479,-20.1988330551141,76.66451683044431,47.36467048645018,1.0,110.999999673762,0.0,200.7734375,2136.03125,131.228847995184,46.4181976318359,132.4293958097482,1.0077999989166788,32.2727306,-3.049287795750474,1897.9627370834319,1897.3021984100337,902.1228432655337,-803.9350271224977,849.8481512069702,-64.8518365,3.0,23.5016040802002,5.59688901901245,12.336612701416,-108.236000061035,49.9666720628738,38.411620259285,-0.7090000094488633,3.40105726560153,-3.05020346798608,-20.787199722861523,15.000020980835,108.498916625977,2.0,7.0,3.0,0.0,0.0,26050904.0,1.0,-43.96063224170855,91.23435770637745,34.06428451538085,34.242261657714835
2026-05-09 18:13:50+00:00,ITA,ITA,17.570000136036704,12.920000177393385,0.0,7.649999914059869,1.0900000022286311,-5.89000005575952,-0.06797933868461649,-3.995940275326605,2.1808264253303222,-1.672033617192,16.21681654729735,4.256050442129427,4.218336357344098,-11.54917568278744,-23.45999942339994,-16.1622006471467,73.05754737854,40.7474230957031,1.0,110.999999673762,0.0,212.65234375,2147.91015625,103.643728843307,39.3974498748779,106.14520093247874,-2.91699998754241,32.2726694,-3.515550360620618,1897.971796989438,1897.3202466964717,1145.940637588502,-802.1916866302493,965.1598334312439,-64.851731,3.0,18.5431385040283,5.59688901901245,12.336612701416,-109.330001831055,49.4196981191635,38.0077630281448,0.8460000051859626,-1.33445077041218,-3.54608075125771,-28.15259893038716,16.0000247955322,109.498901367188,2.0,7.0,3.0,0.0,0.0,26050904.0,1.0,-30.36893179529698,91.3491902617983,34.2460172653198,33.78009223937988
2026-05-09 18:13:51+00:00,ITA,ITA,-11.11000009002868,-7.3699998148432355,0.0,-3.049999971037496,0.500000001462901,3.910000049752996,0.38070964837506,-4.47934606006061,7.203047916143279,-0.2103204649794262,15.53490070584705,4.253889967917589,4.219425601761986,11.55720839079387,15.029999974285568,-6.54193352253192,70.7541091918945,36.374077606201176,1.0,110.999999673762,0.0,223.03125,2158.2890625,75.5171191242214,35.7019786834717,79.32600006959788,-4.536600035400878,32.2726587,-2.3351383599439917,1898.161578178404,1897.3834991455078,994.4619417190554,-831.1814069747925,952.2533774375916,-64.8516214,3.0,18.345853805542,5.59688901901245,12.336612701416,-110.236000061035,49.7314155101776,38.2763475179672,-0.6427999984090504,-1.41706660417854,-0.265897503480451,-24.868199332130065,17.0000286102295,110.498886108398,2.0,7.0,3.0,0.0,0.0,26050904.0,1.0,-9.160409334851,91.46040623205366,34.5806642532349,34.62560279846192
2026-05-09 18:13:52+00:00,ITA,ITA,-21.189999713124543,-14.22999972435058,0.0,-5.53999998910164,4.409999960502438,14.1800000075504,0.416598317079936,-5.15025441133322,7.689453093073931,1.005386834385975,10.354848953929416,4.1561271651383525,4.1197862898856545,19.36894594642788,35.3700007452033,6.871721629364895,69.72194023132326,35.52520523071288,1.0,110.999999673762,0.0,232.890625,2168.1484375,55.1996559285079,35.6328506469727,58.71080004871762,-4.87539987248041,32.2726894,0.038147290867459535,1898.2429027557362,1779.43253517151,728.2383680343628,-757.351899147034,843.912720680237,-64.8515247,3.0,19.8786525726318,5.59688901901245,12.336612701416,-111.330001831055,54.4855713844299,38.3410453796387,-1.7851999266204739,-1.85188156938343,0.250931998719998,-15.63799916702852,18.0000324249268,111.498870849609,2.0,7.0,3.0,0.0,0.0,26050904.0,1.0,14.956496722777738,91.56812514545385,34.8445077896118,34.416436157226556
2026-05-09 18:13:53+00:00,ITA,ITA,-20.02999965807728,-13.149999796749682,0.0,-4.460000061500736,5.069999987406346,15.53000021587232,0.4240694101138065,-5.164170494880295,7.731247703624159,2.410522015891172,4.792335530073335,4.04621140676891,4.020692112482452,19.49444964789846,35.550000818514135,19.39211172828105,68.38749961853026,37.19961433410646,1.0,110.999999673762,0.0,243.05078125,2178.30859375,43.8000941094188,37.7095344543457,47.734199743038246,-4.97339993895594,32.2727453,1.836732316526044,1898.1796503067003,1474.246549606322,379.17402386665356,-632.6316595077515,566.2788033485415,-64.8514419,3.0,24.8315448760986,5.59688901901245,12.336612701416,-112.330001831055,68.6539351940155,38.411620259285,-2.8643999536922005,0.8589626690301,-0.653684481815687,-7.1767997552950025,19.000036239624,112.49885559082,2.0,7.0,3.0,0.0,0.0,26050904.0,1.0,39.33782087558488,91.6669067563252,34.949186897277855,30.715512313842783
2026-05-09 18:13:54+00:00,ITA,ITA,-17.28999960459714,-10.4199998232333,0.0,-1.780000018227978,7.770000062540691,17.73999978787426,0.44999742185298297,-5.16402407269997,6.646384681334206,3.78808489765579,1.0102673073707895,4.057014375469665,4.032125934530421,19.3319433965993,35.03000007549034,27.587183576553002,65.56852111816406,38.207480163574225,1.0,110.999999673762,0.0,253.63671875,2188.89453125,39.0465283339,38.1916488647461,42.918598774382836,-5.89099982469928,32.2728149,2.88650833688452,1897.971796989438,1329.7902584075941,406.96906447410583,-749.5457768440247,522.2172915935516,-64.8513669,3.0,32.3016700744629,5.59688901901245,12.336612701416,-113.330001831055,68.6304092407226,38.3998602628708,-1.0766000101764786,2.69989331073988,-1.05431386997699,-3.1933998353505957,20.0000400543213,113.498840332031,2.0,7.0,3.0,0.0,0.0,26050904.0,1.0,55.36358866481525,91.75656323446535,34.80067749023435,23.225796661376958
2026-05-09 18:13:55+00:00,ITA,ITA,-17.310000106034217,-10.28000024053246,0.0,-1.7100000134341382,7.74999964648097,18.230000632516102,0.5046372410060055,-5.158311259789485,4.385862413485072,4.910331338197876,-0.6383114135309625,4.700032801860947,4.692846076816258,21.411335066763918,35.55000081851418,31.0147005681123,64.25480003356935,38.98930572509764,1.0,110.999999673762,0.0,264.3515625,2199.609375,36.4296335609634,39.2809535980225,40.69499790517716,-6.712599950242894,32.2728902,3.448224673707614,1898.2067584991441,747.1790194511407,787.7364754676815,-720.847201347351,790.7010793685913,-64.8512968,3.0,42.9548301696777,5.59688901901245,12.336612701416,-114.330001831055,68.6519742012024,38.3978992700577,0.339200006123612,-0.684344400587081,-0.00473199416048484,-1.3899999251995268,21.0000438690186,114.498825073242,2.0,7.0,3.0,0.0,0.0,26050904.0,1.0,62.304820318278395,92.0369083489485,34.781226539611794,18.20591812133788
2026-05-09 18:13:56+00:00,ITA,ITA,-17.17999974952358,-10.360000026469319,0.0,-1.699999997503348,7.729999828062797,18.11999975291414,0.5332016790843805,-5.155674593326445,5.727619394563731,4.997704569475878,-1.6774740229484748,4.9790073535097905,4.965900220492538,23.89775478504252,35.309998899382606,32.69695908521355,63.6253349304199,40.318944625854485,1.0,110.999999673762,0.0,275.4453125,2210.703125,37.4531374080898,40.600545501709,40.429400535149874,-5.456999786439739,32.2729694,3.1331491572006662,1898.387479782104,248.28302497044206,974.8971223831162,-756.470024585724,915.3077006340029,-64.8512267,3.0,53.1231880187988,5.59688901901245,12.336612701416,-115.330001831055,68.6382532119751,38.4135812520981,0.13799999946461003,-0.209593252604061,2.51806897927909,0.17539999226466535,22.0000476837158,115.498809814453,2.0,7.0,3.0,0.0,0.0,26050904.0,1.0,67.67116334537403,92.43523132096536,34.757803344726554,15.559062423706061
2026-05-09 18:13:57+00:00,ITA,ITA,-17.239999546287542,-10.54000027053492,0.0,-2.130000042197176,6.849999962945648,16.99000010851308,0.5334944700841919,-3.720252069196915,4.6798673940440825,4.994123415916674,-2.68143653877692,5.116199301574948,5.084868028568996,23.66124343408628,34.249999985482944,33.806536976260446,63.239100265502955,41.396629943847636,1.0,110.999999673762,0.0,286.8515625,2222.109375,38.3846522674745,41.5907398223877,41.355798899827285,-2.409799958174194,32.2730503,3.34976523432172,1898.378443717956,5.581002682447432,1226.143169403076,-824.4969010353088,1127.955389022828,-64.8511536,3.0,60.7237358093262,5.59688901901245,12.336612701416,-116.330001831055,68.636292219162,38.411620259285,-0.0639999984370154,-1.38238653211121,3.50982375926575,2.0309999293054517,23.0000514984131,116.498794555664,2.0,7.0,3.0,0.0,0.0,26050904.0,1.0,71.04948555792689,92.980044775206,34.696545982360846,12.91480379104614
2026-05-09 18:13:58+00:00,ITA,ITA,-17.4899998378356,-12.30999990997832,0.0,-5.949999937900861,0.8599999880020404,7.9600002158153575,0.5121078404519865,0.6492972325322905,4.663653762926256,4.993765172494709,-1.40428735359198,5.090543403505089,5.063906007251498,20.924960711061903,25.44999996827358,32.6355249487239,64.10742530822755,43.22853767395019,1.0,110.999999673762,0.0,298.6796875,2233.9375,42.4387349549977,43.6777954101562,44.442799883900754,-0.298599994325201,32.273132,3.2490371902916864,1898.3874797821038,5.454573966562749,1162.872219085692,-849.8722791671751,1077.048254013062,-64.8510751,3.0,72.4551620483398,5.59688901901245,12.336612701416,-117.330001831055,68.6460971832275,38.411620259285,-1.5777999731569081,0.0179360800955068,0.342972586406475,2.661399986747619,24.0000553131104,117.498779296875,2.0,7.0,3.0,0.0,0.0,26050904.0,1.0,71.10329925235958,93.6174141228895,33.9558151245117,13.29887964248656
2026-05-09 18:13:59+00:00,ITA,ITA,-17.45000020099928,-12.030000061557681,0.0,-5.390000070304877,1.830000055193258,9.909999843192226,0.501561147919414,0.6488575924653239,3.535554661350436,4.993765172494709,-0.29945468311008,5.299841914770164,4.856188770156643,19.19499571317432,27.32999997505478,31.18208118391265,66.1592010498047,45.52270133972168,1.0,110.999999673762,0.0,311.1015625,2246.359375,41.2990974014135,46.115153503418,45.25339717233304,-0.8686000125881341,32.2732146,3.641466221318958,1898.4326362609859,5.472635105252266,1113.48865032196,-852.0763278007511,1118.8957452774061,-64.8509884,3.0,81.6216354370117,5.59688901901245,12.336612701416,-118.330001831055,68.663740158081,38.4233832359314,-1.9836000172911479,-0.978311793761316,-1.42029312150943,0.088799985758466,25.0000591278076,118.498764038086,2.0,7.0,3.0,0.0,0.0,26050904.0,1.0,70.04507482160633,94.2944395488941,33.375228881835895,15.6093451309204
2026-05-09 18:14:00+00:00,ITA,ITA,-17.49000017934506,-12.000000163175681,0.0,-5.42000005406423,1.8100000660203581,9.749999929809011,0.5740718768912975,0.649150356784709,3.974399608920362,4.9941233305393125,-0.9677124073865135,6.126773259093066,4.042743122085742,20.63046651820358,27.239999596889938,29.3649657042914,69.0688064575195,48.38032218933107,1.0,110.999999673762,0.0,324.32421875,2259.58203125,42.9335821603651,48.8995422363281,45.91559972180088,-1.619199969527838,32.2733024,3.4477338819270678,1898.251938819884,5.3913595154881495,1082.942390441894,-851.9070982933044,1143.7716960906978,-64.8508965,3.0,92.9760665893555,5.59688901901245,12.336612701416,-119.330001831055,68.6872661113739,38.4508311748505,-2.448799932792486,0.229145642938788,0.109386780228543,0.9825999626130638,26.0000629425049,119.498748779297,2.0,7.0,3.0,0.0,0.0,26050904.0,1.0,68.73461013876667,94.92579491501334,33.1962736129761,18.510187568664556
2026-05-09 18:14:01+00:00,ITA,ITA,-17.530000157690857,-11.06999989823948,0.0,-3.3100000010399517,5.40999997410041,14.77000011503782,0.5623531399054069,0.6488575924653239,3.5542898702437795,4.993407014450105,-0.8946876799991605,6.051155210263479,4.128497769285181,18.50644331841698,32.29999941895508,27.981831053022653,70.84740715026855,50.33913162231444,1.0,110.999999673762,0.0,338.15625,2273.4140625,43.5796702445241,50.6000198364258,46.50499928490554,-0.9689999834224265,32.2733927,3.038186646603772,1898.2971191406239,5.310083925724032,1044.8019504547142,-844.335401058197,1117.459750175476,-64.8507975,3.0,102.983108520508,5.59688901901245,12.336612701416,-120.330001831055,68.6833441257477,38.4527921676636,-2.5062000314923103,-1.2320646339281,0.932141529241028,0.5987999898119478,27.0000667572022,120.498733520508,2.0,7.0,3.0,0.0,0.0,26050904.0,1.0,67.7847166063633,95.5299456376685,32.9507755279541,21.049278717041
2026-05-09 18:14:02+00:00,ITA,ITA,-17.68000033261974,-11.7599999515914,0.0,-4.839999941163244,2.650000059513408,10.880000086474261,-0.11075305651885756,0.6476855213315795,3.910266736623562,4.993407014450105,-0.16496181836459525,5.989311006291507,4.16525007805801,16.51974824359214,28.55999990682982,26.47738711945265,72.47540245056149,52.13931221008299,1.0,110.999999673762,0.0,352.48046875,2287.73828125,44.8068913138353,52.5658653259277,47.09979947858694,-0.5065999972496292,32.2734848,2.447628256529052,1898.152542114256,5.2829917520284635,873.9979743957522,-812.3316764831542,978.9427161216734,-64.8506929,3.0,111.855522155762,5.59688901901245,12.336612701416,-121.236000061035,55.7187080383301,38.4449511766434,-3.175599978175402,-0.0211325219156868,-0.864416361638943,0.05919998161216862,28.0000705718994,121.498718261719,2.0,7.0,3.0,0.0,0.0,26050904.0,1.0,66.69397091289594,96.10349369774744,32.698749160766596,23.6604988861084
2026-05-09 18:14:03+00:00,ITA,ITA,-17.740000129383724,-10.75000024222776,0.0,-2.5899999852729962,6.689999964185063,15.990000137603781,-0.5622243801673815,0.6482715568984515,3.943053693696374,4.993407014450105,0.087211610592745,5.913423506499164,4.252365725826937,15.93686229038948,33.730000266987496,25.3906118149498,74.3758312225342,53.50167182922362,1.0,110.999999673762,0.0,367.25,2302.5078125,43.4056984961747,53.658373260498,46.154198037058,-0.837600003756927,32.2735794,2.3749850112151,1898.215794563292,5.355236865580082,840.2768492698673,-816.5454149246218,983.3211541175833,-64.8505843,3.0,124.156890869141,5.59688901901245,12.336612701416,-122.236000061035,55.6991040706634,33.7790161371231,-2.9605999238119756,-0.435831276009046,1.1238486108223,-1.5483999361387781,29.0000743865967,122.49870300293,2.0,7.0,3.0,0.0,0.0,26050904.0,1.0,64.9795661104661,96.62250952749295,32.6812774658203,26.88234157562254
2026-05-09 18:14:04+00:00,ITA,ITA,-17.7500002093475,-10.419999993988021,0.0,-1.8700000548834061,7.58999990385248,18.16000007276942,-0.9239001055946116,0.6481251613985459,4.276331322831946,4.993765172494708,-0.5206308493191045,5.87102365581111,4.305724273528815,15.35702806570794,35.930000442044566,24.70230120888905,76.64851455688475,55.07869125366208,1.0,110.999999673762,0.0,382.3984375,2317.65625,42.6195471378008,55.4703723907471,45.364600165228964,-0.662600018452754,32.2736784,2.7669428018783218,1898.27001094818,5.319114401936532,858.3028674125674,-847.7315187454224,968.8529610633848,-64.8504756,3.0,134.913284301758,5.59688901901245,12.336612701416,-123.236000061035,55.7010650634766,27.4525552988052,-2.82979992290421,1.3772417988406,-1.39936723616151,-0.149399998735972,30.0000782012939,123.498687744141,2.0,7.0,3.0,0.0,0.0,26050904.0,1.0,63.428737508468814,97.03508027411834,32.89209995269775,30.3069637298584
2026-05-09 18:14:05+00:00,ITA,ITA,-17.740000129383702,-10.389999924851299,0.0,-1.720000029364932,7.740000078781338,18.020000319313777,-1.83665803821882,0.6484179523983575,2.9248459325637084,4.993765172494709,-0.5941810477052996,5.693862977515599,4.24991590772638,16.95157226895946,35.759999082659704,24.4092007161309,78.16376953124995,56.3124826812744,1.0,110.999999673762,0.0,397.953125,2333.2109375,41.5985704606673,56.4703067779541,44.88880030839994,-1.1123999758015721,32.2737818,3.018756722094472,1898.1796503066998,5.328145064413548,1145.035743713378,-822.9894638061521,1194.313120841982,-64.8503655,3.0,148.318023681641,5.59688901901245,12.336612701416,-124.236000061035,55.6795001029968,27.4290293455124,-2.02819999997691,-1.32355309686972,0.184202664694773,-0.6136000012232449,31.0000820159912,124.498672485352,2.0,7.0,3.0,0.0,0.0,26050904.0,1.0,62.90480599157765,97.38696478996826,32.9203056335449,30.24225151062012
2026-05-09 18:14:06+00:00,ITA,ITA,-17.77000036927514,-10.330000128087338,0.0,-1.7400000185378321,7.889999912200741,18.129999832877964,-3.0169009596969802,0.6482715568984515,3.479347497877838,4.9941233305393125,-0.09456443596628901,5.59880091691155,4.269789196890181,16.58116496309942,35.91000028211692,23.6092378614816,79.13870315551755,57.76819793701172,1.0,110.999999673762,0.0,413.85546875,2349.11328125,42.351930080836,58.1003448486328,44.6831979540042,-0.6196000022439836,32.273888,2.605681224489358,1898.233866691588,5.310083739459516,1180.7808876037602,-818.3461785316467,1263.2247209548939,-64.8502538,3.0,159.91764831543,5.59688901901245,12.336612701416,-125.236000061035,55.6951880455017,26.6546428203583,-2.92599997840135,-0.334569452695376,0.344904836250501,0.06679999646765454,32.0000839233398,125.498657226562,2.0,7.0,3.0,0.0,0.0,26050904.0,1.0,62.809436060196774,97.7063376053689,32.6848222732544,29.17773262023926
2026-05-09 18:14:07+00:00,ITA,ITA,-17.79000052920278,-10.38000018639696,0.0,-1.710000013434136,7.81999969396349,17.97999999945856,-3.5783843443806953,0.6488575924653239,3.632475131050282,4.993765172494709,-0.1959581439629321,5.57017456957165,4.287484594859756,16.794025418016663,35.76999916262354,22.91178248589585,80.3062099456787,59.27590393066406,1.0,110.999999673762,0.0,430.2109375,2365.46875,41.8775631976948,59.5114562988281,44.381399898356946,-0.03260000265563469,32.2739965,2.321047647669742,1898.0983257293678,5.310083832591776,1131.698060035706,-836.3027572631836,1254.026389122008,-64.8501383,3.0,173.954650878906,5.59688901901245,12.336612701416,-126.236000061035,49.541249871254,26.6330778598785,-3.001399888064318,-0.228000358953194,0.964849811072338,-0.45100000324319656,33.0000686645508,126.498641967773,2.0,7.0,3.0,0.0,0.0,26050904.0,1.0,62.75040273520036,98.0073816081318,32.48883304595945,28.699670104980505
2026-05-09 18:14:08+00:00,ITA,ITA,-17.56999979452724,-10.74000016226394,0.0,-2.570000017444436,5.989999916246669,15.79999981357437,-4.446757093096365,0.6481251613985459,3.175975297070294,4.993407014450105,0.7360306031511081,5.521833478834063,4.34111566710952,16.17642639439522,33.37000046187526,21.945421708913052,80.44733963012689,59.96875259399415,1.0,110.999999673762,0.0,446.8515625,2382.109375,43.6981740266238,59.7897125244141,44.24279965066229,1.6420000054231565,32.2741072,1.351196499946774,1898.1886863708482,5.382328853011135,1136.673092842104,-826.1354923248291,1183.1186532974239,-64.8500203,3.0,186.189270019531,5.59688901901245,12.336612701416,-127.330001831055,49.4412630796432,26.5076071023941,-3.3046000107934583,-2.00822011717338,1.25636484616942,-0.5935999907060013,34.0000534057617,127.498626708984,2.0,7.0,3.0,0.0,0.0,26050904.0,1.0,62.642824523697,98.29186581725199,32.117895126342745,28.042478599548343
2026-05-09 18:14:09+00:00,ITA,ITA,-17.669999911146483,-13.550000263226618,0.0,-8.760000124240896,-4.430000120430062,0.4399997938203583,-6.471055262132545,0.6485648014655125,5.026115424347464,4.990542518489567,2.78283315160499,5.476732629838726,4.378139646656583,15.999042966555441,18.110000185214503,20.076016008553502,80.3384822845459,60.25526504516599,1.0,110.999999673762,0.0,463.5859375,2398.84375,42.3547372885848,60.3905891418457,42.18680001236716,3.019199958682924,32.2742167,-0.6361006653915711,1898.152542114256,5.093341413885356,650.4210531711578,-834.0560436248779,795.2949285507202,-64.8498993,3.0,200.328536987305,5.59688901901245,12.336612701416,-128.330001831055,49.2863863706589,26.5076071023941,-4.989200130185566,-1.03901061769816,-0.835179203288175,-2.870199894203284,35.0000381469727,128.498641967773,2.0,7.0,3.0,0.0,0.0,26050904.0,1.0,61.763234128420606,98.53148251371435,31.9128164291382,29.695031433105463
2026-05-09 18:14:10+00:00,ITA,ITA,-17.620000194346318,-15.910000180912201,0.0,-13.87000008999306,-11.729999882454681,-9.429999932287847,-7.259738913141205,0.6504688234183595,6.389490679856812,4.98660371914995,3.7095680525094252,5.458638861085815,4.393656897299842,15.513812326029921,8.190000091303734,20.2117233296252,78.24367790222165,57.52730690002444,1.0,110.999999673762,0.0,479.87109375,2415.12890625,39.7911897081606,56.5091468811035,39.844000730823176,1.2473999657511705,32.274327,-0.644665547853973,1898.3242273330682,6.764037115499383,237.13587224483499,-816.049325466156,502.52029299736023,-64.8497835,3.0,216.319076538086,5.59688901901245,12.336612701416,-129.330001831055,49.2589384317398,26.5193700790405,-4.799200062288269,1.24119115404141,-2.84444423268286,-2.747799881384337,36.0000228881836,129.49870300293,2.0,7.0,3.0,0.0,0.0,26050904.0,1.0,60.12955942990455,98.65098008833834,31.8105749130249,31.25505020141602
2026-05-09 18:14:11+00:00,ITA,ITA,-17.54000023765468,-14.050000334058641,0.0,-9.619999914807776,-4.579999879144269,0.19000000386427357,-7.21974815555078,0.6490039612848035,6.014778561895004,4.993407014450105,1.9401549875775252,5.508329767958124,4.359355175023852,18.26077609887836,17.710000231001736,20.0825781127986,78.2930065155029,56.240406188964826,1.0,110.999999673762,0.0,495.5078125,2430.765625,34.9953928730037,56.3167728424072,36.1159981044656,-1.3479999874234618,32.2744382,0.14088368665589085,1898.360347747802,5.960289482027296,462.6755297183992,-822.5634455680847,663.1220757961272,-64.849681,3.0,229.120574951172,5.59688901901245,12.336612701416,-130.330001831055,49.2667824029922,26.4978051185608,-3.023999959499514,1.61563268979039,0.234080588016254,-2.632999892092017,37.0000076293945,130.498764038086,2.0,7.0,3.0,0.0,0.0,26050904.0,1.0,57.09710706861849,98.59933019783469,31.690508079528797,33.10622589111326
2026-05-09 18:14:12+00:00,ITA,ITA,-17.690000071074103,-14.14999993841368,0.0,-10.25000000064101,-6.619999927374698,-2.539999969652059,-7.1604211324200495,0.647831916831485,5.923982978956003,4.993048941782867,3.416418147601475,5.564232731880564,4.2918402064934735,18.66627862424122,15.149999909322982,18.98177103841965,76.6306205749512,55.53537712097168,1.0,110.999999673762,0.0,510.9921875,2446.25,35.7917314585246,55.3012310028076,34.18639999600746,0.23379999313962885,32.2745516,-1.6107283044733705,1898.2338666915882,5.915136262774469,851.6333937644958,-813.6589884757997,983.5428714752212,-64.849585,3.0,240.627029418945,5.59688901901245,12.336612701416,-131.330001831055,40.1329189538956,26.4860421419144,-2.922799992086514,-2.22076173032242,0.754102830127714,-3.0295999248783,37.9999923706055,131.498825073242,2.0,7.0,3.0,0.0,0.0,26050904.0,1.0,57.4168166123452,98.4038570139781,31.48163738250735,32.27372451782228
2026-05-09 18:14:13+00:00,ITA,ITA,-17.73999978787426,-14.92000011921196,0.0,-11.54000007068948,-8.260000053408877,-4.189999972878806,-7.198214276645025,0.647539125831674,6.879138403718564,4.993407014450105,3.01294137096908,5.5896184959687485,4.274144723146534,18.12115815299736,13.5400001832628,19.4316832830112,76.4988395690918,55.89924842834474,1.0,110.999999673762,0.0,526.46484375,2461.72265625,31.4406892213623,56.0502204895019,31.111599778848365,0.4261999835717286,32.2746666,-1.2087059099030162,1898.170614242552,5.879013705998662,850.2930998802187,-796.6964960098264,1021.6990232467642,-64.8494932,3.0,253.362564086914,5.59688901901245,12.336612701416,-132.330001831055,37.9077792167664,26.4546751976013,-3.60539991967089,1.03558015518752,0.12678393238512,-2.21199996365513,38.9999771118164,132.498886108398,2.0,7.0,3.0,0.0,0.0,26050904.0,1.0,58.71270908659064,98.1669245818595,31.31385555267335,28.622588996887202
2026-05-09 18:14:14+00:00,ITA,ITA,-17.449999859489843,-12.67999996580908,0.0,-6.8099999845998385,-0.14999998282978932,6.330000052351112,-7.173164984750825,0.648564347898263,5.431453171396598,4.9930488564055,3.20469861175207,5.565313182429896,4.21915299183674,17.02100011734428,23.77000019473092,20.11430519526695,77.51903343200681,56.36313926696778,1.0,110.999999673762,0.0,542.07421875,2477.33203125,27.3274092843026,56.4728885650635,28.204800700175696,0.1209999957943374,32.2747877,-0.15742653322521377,1898.152542114256,5.860952567309145,1116.7297124862657,-815.2693033218382,1195.0325012207038,-64.84941,3.0,271.110961914062,5.59688901901245,12.336612701416,-133.330001831055,37.9097402095795,26.480159163475,-2.949799943318986,-0.726803791314789,0.42794376821943,-3.975599715846216,39.9999618530273,133.498947143555,2.0,7.0,3.0,0.0,0.0,26050904.0,1.0,58.47898957545764,97.8735918626696,31.5289232254028,28.20516551971436
2026-05-09 18:14:15+00:00,ITA,ITA,-17.49999991779942,-11.450000034034058,0.0,-4.089999920292594,4.069999931119691,12.71000003494582,-7.102412335799135,0.6476855213315791,5.261391535592306,4.992690783738262,0.741283445509672,5.329008444696049,3.975228238932732,14.655886437027139,30.20000038504562,20.648449040250398,79.29675521850585,57.93153717041016,1.0,110.999999673762,0.0,558.00390625,2493.26171875,23.9907338087044,58.3114128112793,25.29679950820914,1.153800009525097,32.2749158,0.8374741041606175,1898.27001094818,5.915136262774471,1094.308567047118,-795.7488059997555,1136.1652374267583,-64.8493365,3.0,286.681854248047,5.59688901901245,12.336612701416,-134.330001831055,37.9038572311401,26.4644771814346,-3.5628000298175246,0.337475991671907,1.50632767839879,-1.1121999793249382,40.9999465942383,134.499008178711,2.0,7.0,3.0,0.0,0.0,26050904.0,1.0,58.94267199368014,97.47477028684341,31.73921012878415,28.947974166870118
2026-05-09 18:14:16+00:00,ITA,ITA,-17.560000397582318,-11.370000077342459,0.0,-3.940000001495828,4.300000062740156,13.09999990919474,-7.066816164609375,0.6473927303317679,3.9070236774282763,4.9930488564055,0.428169257843533,5.27688633198867,4.004357544327638,12.38461614081138,30.67000004523144,20.9765312006164,80.3175224304199,59.41557312011719,1.0,110.999999673762,0.0,574.40625,2509.6640625,24.3181201435488,59.6487373352051,25.27660058977666,1.859799999787294,32.2750502,1.3035767785711598,1898.170614242552,5.888044275343417,1001.5622496604932,-829.7765374183655,1047.8483915329002,-64.8492666,3.0,302.576568603516,5.59688901901245,12.336612701416,-135.330001831055,37.9136592149734,26.4527142047882,-3.390000043108926,0.0432727035072554,-0.121730232729546,0.39420001370169,41.9999313354492,135.499069213867,2.0,7.0,3.0,0.0,0.0,26050904.0,1.0,60.299260943984905,97.0774035413104,31.5810293197632,26.112214393615716
2026-05-09 18:14:17+00:00,ITA,ITA,-17.669999569637042,-11.2999998591052,0.0,-3.88000003397712,4.330000046499512,13.119999898367642,-7.0370794419538445,0.6476855213315795,3.663821217028996,4.9930488564055,-0.13659286110067906,5.217742357927692,4.049820820235804,12.091264980110699,30.81000048170592,20.95757913321695,80.94551811218261,60.30467605590818,1.0,110.999999673762,0.0,591.1015625,2526.359375,25.5713454505775,60.3984512329102,26.484199550130825,1.351199973738298,32.2751868,1.4997632476205138,1898.215794563292,5.951258912682536,923.4125256538389,-828.1672716140749,1008.2812070846569,-64.8491941,3.0,320.237976074219,5.59688901901245,12.336612701416,-136.330001831055,37.9058182239532,26.4781981706619,-3.400399902582598,0.200840165079491,0.493047557242831,1.9973999556058248,42.9999160766602,136.499130249023,2.0,7.0,3.0,0.0,0.0,26050904.0,1.0,60.77713512926482,96.7382744037355,31.401176261901902,25.89754875183106
2026-05-09 18:14:18+00:00,ITA,ITA,-17.77000036927516,-11.310000109823761,0.0,-3.840000012942634,4.42999982160929,13.150000138259099,-7.021991127190465,0.647831916831485,3.782360003848214,4.9930488564055,-0.17494486354313651,5.17804342016956,4.094195705499731,12.056170102117301,30.910000598325194,20.77171773306985,81.24993896484375,60.55787109374999,1.0,110.999999673762,0.0,607.90234375,2543.16015625,27.0601388594381,60.7129898071289,28.14739979039094,1.2220000300209701,32.2753229,1.42949863702936,1898.233866691588,5.879013799130918,889.5938634872437,-815.6925678253174,997.8771448135383,-64.8491167,3.0,335.958465576172,5.59688901901245,12.336612701416,-137.330001831055,37.9018992185593,26.4723181724548,-2.973999901189894,1.13774441724528,-0.274754978173488,1.8157999798510098,43.9999008178711,137.49919128418,2.0,7.0,3.0,0.0,0.0,26050904.0,1.0,60.61659016678583,96.46305876131899,31.4487659454346,28.210571823120127
2026-05-09 18:14:19+00:00,ITA,ITA,-17.79000052920278,-10.53000001981638,0.0,-2.0599999520259735,7.330000044604754,17.10000013434138,-6.99928565739864,0.6479787658986405,2.4384409690764697,4.9930488564055,-0.6950502418633999,5.173451996254745,4.097462670357113,12.312899325280982,34.8899996390158,21.7603585871252,82.24606590270994,60.989022674560545,1.0,110.999999673762,0.0,624.78125,2560.0390625,26.2501552635028,61.2187042236328,29.749000262074002,0.5797999803541748,32.2754585,3.07554863513739,1898.279047012328,5.91513626277447,1106.1285972595213,-820.3740239143372,1169.011950492858,-64.8490362,3.0,351.837524414062,5.59688901901245,12.336612701416,-138.330001831055,37.9195421934128,26.4429122209549,-2.314999984735202,-0.671286572997897,-1.97236738700292,0.41519998725879603,44.999885559082,138.499252319336,2.0,7.0,3.0,0.0,0.0,26050904.0,1.0,60.50312843033142,96.2435740474352,31.50519104003905,29.7451915740967
2026-05-09 18:14:20+00:00,ITA,ITA,-17.81000034762096,-10.440000153915662,0.0,-1.7600000077107343,7.749999987990428,17.749999867838078,-6.926481817261825,0.6479787658986405,2.3667412290189884,4.9930488564055,-0.8689451239042054,5.17642329929843,4.0977346826408105,12.9083738293882,35.55999953244014,21.6405869511608,83.37196884155276,62.11661544799806,1.0,110.999999673762,0.0,641.95703125,2577.21484375,27.9725240665049,62.1583648681641,30.2492009697129,-0.1997999979720281,32.2755963,2.871906758476868,1898.143506050108,5.888044275343416,1212.783050537108,-809.7831606864927,1274.407362937928,-64.848955,3.0,365.172241210938,5.59688901901245,12.336612701416,-139.235992431641,37.9038572311401,26.4723181724548,-2.7309999558995055,-0.54493026114763,0.603994908964697,1.1131999723802797,45.999870300293,139.499313354492,2.0,7.0,3.0,0.0,0.0,26050904.0,1.0,60.51713441624344,96.0590394115344,31.666906356811502,30.125505981445322
2026-05-09 18:14:21+00:00,ITA,ITA,-17.5199997362176,-10.33000012808734,0.0,-1.750000034468626,7.7699998064086016,18.06999935309504,-7.10285160234013,0.6476855213315791,2.499331764017674,4.9930488564055,-1.479412997809235,5.154548252443632,4.1165192396509065,11.97148378188144,35.600000535314344,21.4868684212478,84.37111358642575,62.9311376953125,1.0,110.999999673762,0.0,659.3671875,2594.625,29.5292198009992,63.0698593139648,32.00819939421486,-0.18680000020716508,32.2757344,2.935045197919198,1898.2067584991441,5.824829917401077,1116.266798973084,-792.4864649772644,1241.792035102842,-64.8488683,3.0,383.447296142578,5.59688901901245,12.336612701416,-140.235992431641,37.9136592149734,26.4742791652679,-3.0159999723680917,-0.282113413106693,-0.490750052360768,2.488199879019702,46.9998550415039,140.499374389648,2.0,7.0,3.0,0.0,0.0,26050904.0,1.0,60.388124437162425,95.90978611779124,31.825346374511753,30.883055877685543
2026-05-09 18:14:22+00:00,ITA,ITA,-17.49999991779942,-10.36000019722406,0.0,-1.7400000185378321,7.670000031298818,17.9099997812213,-8.038755285153364,0.64665984569774,3.2584835980459084,4.9930488564055,-0.7938175120054936,5.128621793505274,4.16606671255065,12.85687505681992,35.39999961905692,21.081224340214348,84.71001777648925,63.37046722412113,1.0,110.999999673762,0.0,676.9609375,2612.21875,33.4175064766094,63.2674140930176,34.87860005329108,-0.5643999928531862,32.2758703,2.2231119984158236,1898.035049438474,5.788707360625268,1049.442362785338,-788.7020945549009,1183.775854110718,-64.8487731,3.0,373.134490966797,5.59688901901245,12.336612701416,-141.235992431641,37.9018992185593,26.4605551958084,-2.8091999443014037,0.184191565637372,-0.494880075652804,2.257999889660821,47.9998397827148,141.499435424805,2.0,7.0,3.0,0.0,0.0,26050904.0,1.0,60.57111066917838,95.83972203728524,32.060582542419404,30.967341613769538
2026-05-09 18:14:23+00:00,ITA,ITA,-17.50999999776322,-10.38000001564222,0.0,-1.79000001281443,7.68999984971699,17.97000026100416,-8.721235897870681,0.6469530902648011,2.889175909953552,4.9930488564055,-1.167874356025765,5.082711140206472,4.167155786213808,12.9259214391396,35.48000025876746,20.93174565022865,84.9063262939453,63.4014678955078,1.0,110.999999673762,0.0,694.58984375,2629.84765625,35.1366685057962,63.2665832519531,36.70480002601791,0.07419999483618639,32.2760024,2.1059246499012536,1898.251938819884,5.91513626277447,1121.7385768890379,-789.6752715110782,1212.20691204071,-64.8486697,3.0,356.305053710938,5.59688901901245,12.336612701416,-142.235992431641,37.8960162401199,26.4742791652679,-2.444000017353258,-0.202423741770516,1.99369379891264,1.9203999140472212,48.9998245239258,142.499496459961,2.0,7.0,3.0,0.0,0.0,26050904.0,1.0,60.289581199893135,95.84910330211031,32.201300239563,31.0922046661377
2026-05-09 18:14:24+00:00,ITA,ITA,-17.75000020934754,-12.130000178176939,0.0,-5.739999966208024,0.7799999992939188,8.519999998033985,-8.81586646127391,0.6472458812646125,3.2534393325891218,4.9930488564055,-0.9456472678293759,5.095404193005289,4.174777935818081,11.987886993437401,26.26999969511732,20.29759332164425,85.0928672790527,63.456085052490195,1.0,110.999999673762,0.0,712.17578125,2647.43359375,38.2824794676803,63.7324241638184,39.00259928923414,1.23379999289713,32.2761312,1.7327597832298678,1898.22483062744,5.84289124235511,1004.3572902679462,-788.8889670372012,1115.320134162904,-64.848561,3.0,342.834564208984,5.59688901901245,12.336612701416,-143.235992431641,37.9097402095795,26.4566332101822,-3.459199976618862,0.556614953909376,-0.477498898401562,3.7366000415979763,49.9998092651367,143.499557495117,2.0,7.0,3.0,0.0,0.0,26050904.0,1.0,59.31067029181993,95.89780596598706,32.1276798248291,33.246298828125
2026-05-09 18:14:25+00:00,ITA,ITA,-17.8000006091666,-11.599999867453459,0.0,-4.509999906366948,3.8300001037335476,11.899999875801743,-8.83769275765351,0.6470999660123831,3.2736163517275756,4.9930488564055,0.4901619190453664,5.112958462191142,4.159805307383769,11.80440027930998,29.70000048496832,19.68972697608065,84.64509201049805,62.74119232177732,1.0,110.999999673762,0.0,729.73046875,2664.98828125,41.9047541807806,62.3884391784668,42.66999969614296,0.6089999968832883,32.2762533,1.2352195409944136,1898.215794563292,5.797738023102284,937.1942758560181,-817.4806952476499,1038.8486862182629,-64.8484426,3.0,327.690368652344,5.59688901901245,12.336612701416,-144.235992431641,37.897977232933,26.4683961868286,-2.844799957472568,-0.074393166459736,-0.262745958147872,1.5001999421684027,50.9997940063477,144.499618530273,2.0,7.0,3.0,0.0,0.0,26050904.0,1.0,58.06884627806321,96.0014301809799,31.96739101409915,35.69829414367676
2026-05-09 18:14:26+00:00,ITA,ITA,-17.70000015103792,-11.009999930720781,0.0,-3.2499999481438797,4.999999939923823,14.509999572771198,-9.623154266921219,0.64665984569774,4.076364813652496,4.992690783738262,1.0160465345327996,5.088652892520194,4.1777728030144035,11.824617980762678,32.19999998535474,19.094560513504952,84.81946563720706,61.95854690551755,1.0,110.999999673762,0.0,746.94921875,2682.20703125,41.4909710755775,61.9889419555664,42.69260010908762,0.839799997016418,32.2763695,0.983800917976479,1898.215794563292,5.84289124235511,913.5860562324522,-823.7083673477173,1042.5843715667722,-64.8483208,3.0,315.588317871094,5.59688901901245,12.336612701416,-145.235992431641,37.9038572311401,26.4762401580811,-3.3663999892905556,-0.38930995043759,-1.85300129352049,0.34639999667632826,51.9997787475586,145.49967956543,2.0,7.0,3.0,0.0,0.0,26050904.0,1.0,55.533310669463084,96.1183937554218,32.328084182739246,39.619742431640624
2026-05-09 18:14:27+00:00,ITA,ITA,-17.4499995179804,-10.56000008895308,0.0,-2.1100000316799337,7.459999888851252,16.8399997628295,-9.61275316947576,0.6462206858784495,3.3658530192040863,4.9930488564055,0.2027893069685104,5.1429357355715055,4.122236278740935,12.7710448506528,34.29000030533821,18.748818045266248,85.69227447509765,61.390846252441385,1.0,110.999999673762,0.0,764.1171875,2699.375,43.8360550553989,61.0325889587402,44.17819903847342,-0.12840000183349165,32.2764846,1.1856922278248923,1898.2067584991441,5.806768592447042,955.7058930397034,-842.0743465423586,1084.20066833496,-64.8481992,3.0,301.430938720703,5.59688901901245,12.336612701416,-146.235992431641,37.9077792167664,26.4703571796417,-2.6021999197580845,0.60998594536215,1.52111813288134,1.7109999557966726,52.9997634887695,146.499740600586,2.0,7.0,3.0,0.0,0.0,26050904.0,1.0,53.13361044798156,96.1662358154631,32.7409761428833,44.07343025207517
2026-05-09 18:14:28+00:00,ITA,ITA,-17.48999983783564,-10.31000030966918,0.0,-1.70000001884769,7.69999992968081,18.04000013773198,-9.625204604332694,0.6465139571259371,3.543841217606224,4.9930488564055,0.9645633433335965,5.128352001033059,4.145104435101058,12.412462992812241,35.52999997556763,18.0022937369095,85.582884979248,60.571002502441374,1.0,110.999999673762,0.0,780.93359375,2716.19140625,43.501205031339,60.675910949707,44.388000593170865,0.8237999907370576,32.2765947,0.7726126000897656,1898.260974884032,5.824829917401076,958.116984367371,-814.1149282455447,1027.3962259292598,-64.8480759,3.0,289.877197265625,5.59688901901245,12.336612701416,-147.330001831055,37.9018992185593,25.7587045431137,-3.5304000456498743,-1.7933133375808,0.770704245235664,-0.5998000270567447,53.9997482299805,147.499801635742,2.0,7.0,3.0,0.0,0.0,26050904.0,1.0,50.813109685020905,96.1790014390219,33.12171421051025,45.82079132080078
2026-05-09 18:14:29+00:00,ITA,ITA,-17.6100001143825,-10.370000106433139,0.0,-1.8000000287452198,7.5899999038524815,18.030000057768177,-9.619345582685295,0.6465134501978345,4.729588652569518,4.9930488564055,0.462318416105025,5.181554052025582,4.078406271818048,11.914263359845439,35.63999948913174,17.7345511752186,87.01473312377931,61.07055358886716,1.0,110.999999673762,0.0,797.87890625,2733.13671875,43.2523539191188,61.1389366149902,44.17080057756442,1.210599996065056,32.2767053,0.7828425052469815,1898.351335525512,5.87901379913092,579.8530101776122,-808.8939070701597,747.663414478302,-64.8479529,3.0,276.379364013672,5.59688901901245,12.336612701416,-148.235992431641,37.9038572311401,23.7158879637718,-3.6347999566890246,1.88610743387095,0.2931485442062,0.1440000031533913,54.9997329711914,148.499862670898,2.0,7.0,3.0,0.0,0.0,26050904.0,1.0,49.56006845159031,96.1200022649713,33.62268047332765,46.183995895385735
2026-05-09 18:14:30+00:00,ITA,ITA,-17.67999964960086,-10.46000014308856,0.0,-1.860000060296954,7.560000176225216,17.380000665780962,-9.60747983654969,0.647246361512289,3.741646270734144,4.9930488564055,0.5968093631948586,5.1469861231266885,4.126320219600416,11.868486919763859,35.050000235417954,17.97253716401665,87.21371612548825,60.6700552368164,1.0,110.999999673762,0.0,814.765625,2750.0234375,42.4102120850237,60.6176765441894,43.84739863357242,0.9202000213664878,32.2768165,1.137203765083791,1898.233866691588,5.897074937820436,675.1852989196778,-781.581211090088,716.7339801788328,-64.8478305,3.0,264.748718261719,5.59688901901245,12.336612701416,-149.330001831055,37.9038572311401,23.7139269709587,-2.581999934108548,-0.0678904661841268,-0.411574899708377,-0.6747999422656725,55.9997177124023,149.499923706055,2.0,7.0,3.0,0.0,0.0,26050904.0,1.0,49.1914547534063,96.03754480621635,34.07507858276365,43.88617652893064
2026-05-09 18:14:31+00:00,ITA,ITA,-17.740000129383738,-10.41999999398804,0.0,-1.890000044056304,7.4899997872332404,17.43000004107162,-9.52090590815931,0.6460742903785439,3.325499493191368,4.9930488564055,-0.1113758056031634,5.163729221971233,4.10508558835767,11.78914214896836,35.16999982894592,18.4766145162737,87.7586860656738,60.759338378906214,1.0,110.999999673762,0.0,831.62890625,2766.88671875,42.6273574591167,60.7975227355957,44.029800201395446,0.6209999989247662,32.2769288,1.561011560276088,1898.1977224349962,5.879013799130921,771.0546016693116,-742.2317385673522,818.9582943916322,-64.8477102,3.0,250.936187744141,5.59688901901245,12.336612701416,-150.235992431641,37.897977232933,23.6904010176659,-2.6527999674976064,-0.301150377623135,0.153323432817998,0.6919999754296071,56.9997024536133,150.499984741211,2.0,7.0,3.0,0.0,0.0,26050904.0,1.0,49.21262970587116,95.9400950822332,34.476364517211906,41.87918586730958
2026-05-09 18:14:32+00:00,ITA,ITA,-17.66999991114648,-10.6800001947452,0.0,-2.389999986822268,6.760000011667584,16.62999979113666,-9.519587681649496,0.645781526059159,3.584915456642424,4.992690783738262,-0.341483111579523,5.165890293824625,4.079223162442784,11.461077405584719,34.29999901926422,18.59558787387885,88.1385040283203,60.8228901672363,1.0,110.999999673762,0.0,848.5390625,2783.796875,43.9066997019843,60.826203918457,45.102600255837544,0.6099999792664604,32.2770404,1.539797312879146,1898.152542114256,5.851921904832128,814.1309499740601,-760.1890087127683,832.6289653778074,-64.8475883,3.0,238.255081176758,5.59688901901245,12.336612701416,-151.330001831055,37.897977232933,23.6747175455093,-2.771999959317162,0.39250442457632,0.319284263065254,1.4719999800596117,57.9996871948242,151.500045776367,2.0,7.0,3.0,0.0,0.0,26050904.0,1.0,49.40515088196851,95.86968266207955,34.876362991332996,40.04941085815426
2026-05-09 18:14:33+00:00,ITA,ITA,-17.50999999776322,-10.6200000564718,0.0,-2.2300000307503676,6.870000037495908,16.65999968951864,-9.531453000898281,0.6462206858784495,3.9927749095331277,4.9930488564055,0.392444607060229,5.175612811976042,4.096101755164987,11.102877696828239,34.17000002879132,18.512334698085603,87.74691696166995,60.28361114501952,1.0,110.999999673762,0.0,865.33984375,2800.59765625,45.1280399784201,60.1940505981445,46.124400653784946,0.7501999960029446,32.2771488,1.170739588366072,1898.170614242552,5.8609524741768855,911.6532444953924,-746.1162805557252,921.7833757400509,-64.8474638,3.0,223.530349731445,5.59688901901245,12.336612701416,-152.330001831055,37.9077792167664,23.6845195293426,-2.4224000136786,0.869363179506178,0.231341175230976,0.34099997974940754,58.9996719360352,152.500106811523,2.0,7.0,3.0,0.0,0.0,26050904.0,1.0,49.38027874810588,95.84369037719304,35.12231941223145,39.07071510314942
2026-05-09 18:14:34+00:00,ITA,ITA,-17.56000005607286,-10.5700001689169,0.0,-2.1400000367836283,6.820000107252338,16.650000292573736,-9.55606302625148,0.6466603259454164,3.125533154766646,4.992690783738262,0.501720430065293,5.148066402921292,4.131220282688346,10.592089512956917,34.21999974559148,18.7604139989296,87.3467502593994,59.49880416870117,1.0,110.999999673762,0.0,881.9296875,2817.1875,44.587987166031,59.3979469299316,45.922000975090995,1.7073999738605259,32.2772551,1.331402521018626,1898.170614242552,5.906105600297452,1029.8073768615727,-760.1220130920409,1034.225702285766,-64.8473396,3.0,213.743286132812,5.59688901901245,12.336612701416,-153.235992431641,37.8901362419128,23.6413896083832,-2.605800027092234,-1.44262058301938,1.4692819062794,-0.3746000051423599,59.9996566772461,153.50016784668,2.0,7.0,3.0,0.0,0.0,26050904.0,1.0,49.080479205809766,95.8301631875418,35.39770374298095,39.33233802795406
2026-05-09 18:14:35+00:00,ITA,ITA,-17.75000020934754,-11.30000002985992,0.0,-3.75999997087366,4.720000091503193,13.23000026570546,-9.57334852749349,0.6459279215590645,3.8414494217731914,4.9930488564055,0.5479507255450831,5.117549288464401,3.9735947138153564,9.699450553535396,30.980000475052982,18.626284451556202,87.66509284973145,59.48189071655272,1.0,110.999999673762,0.0,898.4453125,2833.703125,45.2038619083965,59.517951965332,46.386399197138516,0.848199983771217,32.2773612,1.3965575097803762,1898.22483062744,5.924166832119228,822.6194262504575,-786.1449360847473,907.9050898551941,-64.8472168,3.0,202.725067138672,5.59688901901245,12.336612701416,-154.330001831055,37.8999382257462,23.6002191901207,-3.324599957277678,1.3275842958622,-2.39235273085924,1.2005999801342626,60.999641418457,154.500228881836,2.0,7.0,3.0,0.0,0.0,26050904.0,1.0,48.290110888642346,95.79234784520204,35.4864492416382,40.720698852539044
2026-05-09 18:14:36+00:00,ITA,ITA,-17.740000129383702,-10.35000011726024,0.0,-1.7400000185378341,7.7999998755453195,18.139999912841738,-9.568368038928085,0.6460742903785439,3.8706334113701417,4.9930488564055,1.484668721653855,5.0386909125151975,3.9542658761057736,10.77672096678922,35.88000072524442,17.8906397807736,86.46912117004395,58.39233947753903,1.0,110.999999673762,0.0,914.79296875,2850.05078125,46.9151862955107,58.0779945373535,46.91839921649624,0.27060000001158696,32.2774638,0.13612325991533022,1898.2971191406243,5.942228157073261,837.6745939254761,-787.7506971359251,934.4690561294556,-64.8470919,3.0,190.10871887207,5.59688901901245,12.336612701416,-155.330001831055,37.8901362419128,23.5864967107773,-2.302399950575138,0.0281052812794637,1.32541112176737,-0.9129999367652706,61.999626159668,155.500289916992,2.0,7.0,3.0,0.0,0.0,26050904.0,1.0,47.82935930459268,95.7660482018029,35.512066268920904,41.016659545898435
2026-05-09 18:14:37+00:00,ITA,ITA,-17.58999995445484,-11.170000014858719,0.0,-3.5100000635237025,4.710000011539378,13.72999982427326,-9.594003446430435,0.6459279215590645,4.526379425704237,4.992690783738262,2.1045951535793153,5.0705580992389025,3.931942256577236,10.42500583963076,31.32999985869194,17.52832556606115,86.24899635314941,57.8502149963379,1.0,110.999999673762,0.0,930.83203125,2866.08984375,43.1100332673832,58.1368949890137,44.53320153567938,0.6332000081150494,32.2775646,0.1113732433650851,1898.342299461364,5.915136355906727,756.6474199295044,-814.9357676506045,867.7653312683105,-64.8469694,3.0,176.275909423828,5.59688901901245,12.336612701416,-156.330001831055,37.8920942544937,23.5610097646713,-3.426600038663262,-0.91125224943819,-1.24039180846511,-2.1185999548804095,62.9996109008789,156.500350952148,2.0,7.0,3.0,0.0,0.0,26050904.0,1.0,46.632578339355454,95.6882421018727,35.52873973846435,41.55607452392578
2026-05-09 18:14:38+00:00,ITA,ITA,-17.4899998378356,-10.369999935678399,0.0,-1.73000002395138,7.850000104609668,18.00999989784054,-9.234524613997134,0.6460742903785439,3.90882552402001,4.9923327110710245,0.163913727837489,5.121330139679462,3.876133634642708,10.64816570755218,35.49000102175019,18.23043059292435,86.87789154052734,58.11159896850584,1.0,110.999999673762,0.0,947.01171875,2882.26953125,43.0741235478219,57.9965171813965,44.30199963227446,-0.09999999989237396,32.2776703,1.1943589374688461,1898.2067584991441,5.869983136653903,648.1241106986997,-809.5157980918882,794.4399476051333,-64.8468519,3.0,167.083587646484,5.59688901901245,12.336612701416,-157.330001831055,37.8862142562866,23.5649302601814,-2.438799938206036,1.33548234242026,-0.847234807338364,0.33220000137535916,63.9995956420898,157.500411987305,2.0,7.0,3.0,0.0,0.0,26050904.0,1.0,46.93504985165488,95.53749641179596,35.602118110656704,41.04443504333493
2026-05-09 18:14:39+00:00,ITA,ITA,-17.4999999177994,-10.360000026469319,0.0,-1.7100000134341382,7.690000020471724,18.09999993449596,-8.752583904840101,0.6456351305592535,3.4278246915814465,4.993048941782866,0.2653083696490577,5.084871870550405,3.892467946665428,11.089144918482981,35.610001298297036,18.525383774494898,86.2555366516113,57.722908172607426,1.0,110.999999673762,0.0,963.05078125,2898.30859375,43.2713418450114,57.7477180480957,44.284398917802235,0.0019999954488348513,32.2777764,1.229473964520258,1898.242902755736,5.869983136653902,910.0300669670105,-782.8425288200378,922.4620223045347,-64.8467359,3.0,154.410751342773,5.59688901901245,12.336612701416,-158.330001831055,37.8881752490997,23.5531687736511,-2.5516000427732903,-0.873828575758632,0.242436444011692,0.240600003579031,64.9995803833008,158.500473022461,2.0,7.0,3.0,0.0,0.0,26050904.0,1.0,47.411165946242484,95.4089146855759,35.57502479553225,38.61231536865232
2026-05-09 18:14:40+00:00,ITA,ITA,-17.59000063747378,-10.370000106433139,0.0,-1.7300000452957243,7.669999689789361,17.990000079422362,-8.76547503312485,0.6457815260591591,4.287860767528294,4.9930488564055,1.6454296301684024,5.09972548293843,3.890561982377534,10.70958259781422,35.58000105840561,18.44927924544165,85.9021030426025,57.73900039672852,1.0,110.999999673762,0.0,979.09375,2914.3515625,43.3284251509998,57.6364677429199,44.1643993242743,-0.009799996775794994,32.2778815,0.8130025929093481,1898.1977224349962,5.842891242355112,888.6416196823118,-805.0959706306456,895.957565307617,-64.8466191,3.0,140.151565551758,5.59688901901245,12.336612701416,-159.330001831055,37.8881752490997,23.551207780838,-2.5823999697505,0.414729886815968,-1.70438694262988,-1.9200000051372939,65.9995651245117,159.500534057617,2.0,7.0,3.0,0.0,0.0,26050904.0,1.0,48.09146918002974,95.3063730555665,35.52755184173585,37.41505210876466
2026-05-09 18:14:41+00:00,ITA,ITA,-17.6499994097094,-10.33000029884208,0.0,-1.760000029055076,7.829999773927308,18.090000196041597,-8.751558095804125,0.64607431705897,3.347837925692672,4.992690783738263,0.31679343097940454,5.115118594893522,3.876405817681134,11.39699110664032,35.76000044869752,19.3848896570074,86.5961368560791,58.13083602905273,1.0,110.999999673762,0.0,995.203125,2930.4609375,38.8675603021727,58.1839370727539,41.49160013600008,-0.32299999803153223,32.2779899,1.812868788160444,1898.2519388198841,5.906105600297452,1045.3471660614014,-815.3476238250732,1047.8117704391473,-64.8465061,3.0,131.746032714844,5.59688901901245,12.336612701416,-160.330001831055,37.8862142562866,23.5629707574844,-1.9453999858907138,0.213393305722034,0.130248305717771,-1.5652000030298674,66.9995498657226,160.500595092773,2.0,7.0,3.0,0.0,0.0,26050904.0,1.0,48.764087767981856,95.182435857982,35.79792881011965,36.705184249877945
2026-05-09 18:14:42+00:00,ITA,ITA,-17.67999964960084,-10.44000015391568,0.0,-1.8800000067811742,7.339999953813842,17.74000012938372,-8.713178409084176,0.646953597192904,2.528155717267996,4.9930488564055,-0.38193512038233446,5.106476954178256,3.883484113472746,11.490451487884002,35.420000462003465,20.028733170250398,87.1928695678711,58.771091766357436,1.0,110.999999673762,0.0,1011.44921875,2946.70703125,38.7262436882452,58.9987380981445,41.17780007194328,0.2673999956874657,32.2781038,2.50506314650496,1898.242902755736,5.869983136653905,1182.0828914642339,-842.0839071273804,1201.506066322326,-64.8463982,3.0,115.94295501709,5.59688901901245,12.336612701416,-161.330001831055,37.8901362419128,23.5590502619743,-2.5542000396582223,-0.413368277932755,0.910709035955762,0.4741999964067135,67.9995346069336,161.50065612793,2.0,7.0,3.0,0.0,0.0,26050904.0,1.0,49.57587692442428,95.02885222430515,35.8854331970215,35.953320465087884
2026-05-09 18:14:43+00:00,ITA,ITA,-17.8100000061115,-11.09000005816712,0.0,-3.349999979385756,5.1000000565430685,14.33999992093364,-8.709224156441564,0.6456351305592535,3.22749797530064,4.9923327110710245,-0.161809927853999,5.095674497741696,3.897368095130724,10.97355916395146,32.12999942560804,20.09107486812605,87.42506561279295,59.435436401367156,1.0,110.999999673762,0.0,1027.9296875,2963.1875,40.2491880429558,59.4948875427246,42.08619815608202,0.6499999789566058,32.2782187,2.132774635792766,1898.161578178404,5.84289124235511,1090.350723266604,-835.246694087982,1028.047168254853,-64.8462879,3.0,105.563758850098,5.59688901901245,12.336612701416,-162.330001831055,37.8822922706604,23.5433652997017,-2.645799920060676,1.52736999712772,-0.619912398021147,0.7537999779390906,68.9995193481445,162.500717163086,2.0,7.0,3.0,0.0,0.0,26050904.0,2.0,50.77854141461258,94.9217992543489,35.892962265014646,34.53384841918944
2026-05-09 18:14:44+00:00,ITA,ITA,-17.539999896145222,-11.13000020726766,0.0,-3.29999996376482,5.200000173162306,14.46999959442542,-8.70072782800089,0.645488735059348,3.151834932599896,4.992690783738262,0.2558517501283669,5.063266616167816,3.9373869418741103,10.39486984972958,32.009999832080084,20.106202883364,86.75851135253905,59.277400817871104,1.0,110.999999673762,0.0,1044.4296875,2979.6875,42.1306763479572,59.1498344421387,42.923000148284,0.14119999078202314,32.2783318,1.4965008504521384,1898.143506050108,5.84289114922285,990.9591674804693,-830.6623101234436,1055.5453062057481,-64.8461742,3.0,91.6365280151367,5.59688901901245,12.336612701416,-163.330001831055,37.8960162401199,23.5472872853279,-2.498200044360884,-0.612538408399325,0.643312892921875,1.110599944812861,69.9995040893555,163.500778198242,2.0,7.0,3.0,0.0,0.0,26050904.0,2.0,51.92837439157076,94.88135087408409,35.90039005279545,32.498880386352525
2026-05-09 18:14:45+00:00,ITA,ITA,-17.560000397582318,-11.06000033053988,0.0,-3.2899999691783677,5.25000014609456,14.570000394063541,-8.748189104996015,0.6453418859921924,4.557365091138188,4.992690869115629,1.9643230249862298,5.054354585338787,3.943103980964138,9.772311084242322,32.12000071168207,19.95668235846965,84.69550895690915,58.394378814697276,1.0,110.999999673762,0.0,1060.71875,2995.9765625,42.1777636720952,58.3146125793457,42.52319912333078,0.17659999980593039,32.2784409,0.2156749384184049,1898.288083076476,5.897075030952694,901.4770984649658,-829.5189499855039,1018.1205511093146,-64.8460578,3.0,76.8599395751953,5.59688901901245,12.336612701416,-164.330001831055,37.8881752490997,23.521800339222,-3.096199925536336,0.456241375352925,-0.0572748380997262,-1.8211999754335904,70.9994888305664,164.500839233398,2.0,7.0,3.0,0.0,0.0,26050904.0,2.0,53.62764895895124,94.90536923430045,35.627012443542455,29.721201553344702
2026-05-09 18:14:46+00:00,ITA,ITA,-17.639999671255044,-11.0500004213308,0.0,-3.249999948143884,5.210000082371392,14.4600001974805,-8.76400995754788,0.6457815260591591,4.029885888614746,4.991974638403787,1.84769252898809,5.0648878469446865,3.938203747121478,8.51002775109103,32.109999948699326,20.71247779485105,83.3211536407471,57.84562271118166,1.0,110.999999673762,0.0,1076.83203125,3012.08984375,39.0129067277106,57.6412467956543,40.14859916403014,-0.05119999981682928,32.2785505,0.5054785869096192,1898.3151912689198,5.888044368475678,968.9636468887327,-825.6794214248655,973.8453745841991,-64.8459454,3.0,63.2125053405762,5.59688901901245,12.336612701416,-165.330001831055,37.8960162401199,23.5257208347321,-2.424400021133626,0.0796096767475869,-0.985830658098736,-2.3465999403076316,71.9994735717774,165.500900268555,2.0,7.0,3.0,0.0,0.0,26050904.0,2.0,55.31522819341588,94.93782629323636,35.294722366333,27.1347057723999
2026-05-09 18:14:47+00:00,ITA,ITA,-17.669999911146498,-11.010000101475521,0.0,-3.349999979385756,5.300000119026816,14.46000019748052,-8.750240296181135,0.6509084634853259,4.337942361221133,-0.009074994873761755,1.2939624495489754,5.090273440278144,3.9134303094923815,9.768496935855026,32.109999948699326,21.6876213413328,82.11979522705076,57.189450531005875,1.0,110.999999673762,0.0,1092.79296875,3028.05078125,37.1036161376928,56.8687705993652,38.52619974179599,-1.0680000322811272,32.2786633,0.848780084277227,1898.062181472776,1170.3339576721205,1153.757476806642,-830.6218862533567,1197.2931385040301,-64.8458397,3.0,52.2774963378906,5.59688901901245,12.336612701416,-166.330001831055,37.8881752490997,23.5080778598785,-1.862400018016564,0.310816322598319,0.303907025963896,-0.633999967341159,72.9994583129883,166.500961303711,2.0,7.0,3.0,0.0,0.0,26050904.0,2.0,57.19878741177354,94.95220725653385,35.1323461532593,24.8513148880005
2026-05-09 18:14:48+00:00,ITA,ITA,-17.64999975121886,-11.090000058167119,0.0,-3.360000016660888,5.200000087784938,14.550000234135899,-8.738961092540507,0.065254680175163,2.7724390977921116,1.5450246274056858,-4.720359850373385,4.598488977111918,4.43313154872111,10.22206384391674,32.19000058840986,24.3097395014372,80.60523719787595,56.10028312683104,1.0,110.999999673762,0.0,1108.46484375,3043.72265625,40.4017881293923,55.9913200378418,42.23599786495876,-0.8153999999801931,32.2787759,3.206719686071814,1898.22483062744,1898.7200021743822,1286.890745162962,-823.9822626113894,1400.422692298888,-64.8457382,3.0,41.1586875915527,5.59688901901245,12.336612701416,-167.235992431641,37.8822922706604,23.4884724020958,-2.6727999993591918,0.058965883548473,0.378430392904685,10.505600108157509,73.9994430541992,167.501022338867,2.0,7.0,3.0,0.0,0.0,26050904.0,2.0,60.46878077503326,95.00547590187074,34.97476444244385,21.8633024597168
2026-05-09 18:14:49+00:00,ITA,ITA,-17.35999982283438,-11.1500003671953,0.0,-3.490000031662116,5.130000040302418,14.41999987762524,-8.62748429443626,-0.2794284817522165,0.5861385266380348,3.1152385655835557,-13.4555221837966,3.8849841937692076,5.123253350195008,8.778201126963797,31.8000002018967,30.62979977158825,75.31027679443355,52.33953254699706,1.0,110.999999673762,0.0,1123.484375,3058.7421875,61.2157275305902,50.8702663421631,63.403602412323174,-0.08320001237555023,32.2788703,6.8133133093662135,1898.351335525512,1898.214292526248,1312.030267715452,-814.4705533981326,1345.182514190674,-64.8456225,3.0,30.7301177978516,5.59688901901245,12.336612701416,-168.235992431641,37.6215487718582,23.3630016446114,-1.1856000055968627,3.23208116029976,1.98451743976273,29.48479966573198,74.9994277954102,168.501083374023,2.0,7.0,3.0,0.0,0.0,26050904.0,2.0,68.84093159546276,95.10004670111874,34.4742839813232,17.416730175018298
2026-05-09 18:14:50+00:00,ITA,ITA,-0.129999998992961,-0.40000000223753995,0.0,-0.7200000050947869,-0.16999999868311838,0.7199999784143696,-8.651947470722305,-0.296274182844701,-0.4893566991061711,3.864357620117322,-15.53489729075245,3.9171220267387774,5.096574204410116,-3.083600046122741,0.8499999774073324,31.9132597647517,71.5162788391113,45.58738609313964,1.0,110.999999673762,0.0,1136.6640625,3071.921875,90.0761522835346,44.4055023193359,93.71739989611143,2.5003999202265,32.2789129,9.276978252424911,1898.27001094818,1897.844076156618,1589.602589607238,-809.4672322273253,1444.7637796401982,-64.8454887,3.0,25.2610816955566,5.59688901901245,12.336612701416,-169.235992431641,37.2314155101776,22.898368537426,-0.3220000011408779,-1.4376480985819,1.03595005261976,27.984798599462316,75.9994125366211,169.50114440918,2.0,7.0,3.0,0.0,0.0,26050904.0,2.0,61.58610683267466,95.19190591526625,34.05406036376955,17.91362840652464
2026-05-09 18:14:51+00:00,ITA,ITA,18.0600002976596,10.74999990071832,0.0,2.009999957749376,-7.609999893025382,-16.36000019343458,-8.666449669877535,-0.260824207051652,0.5007473895767454,4.001504745066054,-10.367455348703139,3.6600226073220923,5.367450286137442,-11.0223663297225,-34.4300000587938,17.64823209826165,73.01920509338375,41.76777420043946,1.0,110.999999673762,0.0,1148.49609375,3083.75390625,120.734180373189,41.23981590271,118.45599673024999,2.610399946054826,32.278896,3.947000433130904,1898.1796503066998,1897.7447032928478,1577.000856399534,-798.2594966888429,1474.1201162338261,-64.8453642,3.0,24.9699001312256,5.59688901901245,12.336612701416,-170.235992431641,37.2078895568848,23.0336412787437,-1.2993999684833057,-0.899477323474205,0.939175343425671,21.344999586525837,76.999397277832,170.501205444336,2.0,7.0,3.0,0.0,0.0,26050904.0,2.0,31.65977283238704,95.28087254430025,33.8734125137329,30.6488589477539
2026-05-09 18:14:52+00:00,ITA,ITA,17.689999729564658,10.680000023990498,0.0,1.8999999959540719,-7.929999890546545,-18.25000045093426,-8.683295477691725,-0.22332430072363352,1.43248310953154,5.586042294296698,-2.911019367183445,3.535793547216656,5.70747528839934,-11.90928363967634,-35.93000044204456,-4.015068900448103,73.7298076629638,40.45808647155759,1.0,110.999999673762,0.0,1159.79296875,3095.05078125,135.738972168305,40.2927806854248,133.2517997631796,2.928400021498324,32.2788371,-0.3119475966919864,1783.2226991653438,1897.717618942262,1317.1858310699458,-787.1960401535036,1282.3663473129259,-64.8452665,3.0,28.9895553588867,5.59688901901245,12.336612701416,-171.235992431641,47.4651038646698,28.1779319047928,-1.920399956735904,-0.702668570830608,-1.53527700830907,7.543999540287798,77.999382019043,171.501266479492,2.0,7.0,3.0,0.0,0.0,26050904.0,2.0,-9.6273820259514,95.39397364676645,33.59930534362795,38.4116040802002
2026-05-09 18:14:53+00:00,ITA,ITA,17.750000209347522,10.559999918198399,0.0,1.71000003477848,-8.000000108783798,-18.04999987618636,-8.693989419497854,-0.2162928610969435,2.80702773070193,5.871796320960969,-1.765209243580315,3.503926232426904,5.86755076075025,-13.96922002825436,-35.83999972237022,-12.14399310135215,71.5440055847168,39.87731483459472,1.0,110.999999673762,0.0,1170.91796875,3106.17578125,135.739081451331,39.769055557251,135.6752027901378,1.01619999634365,32.2787654,-0.3126682710288512,1246.3839650154114,1897.871136665346,1080.662655830382,-708.4681391716006,1087.3749494552599,-64.8451833,3.0,36.0240287780762,5.59688901901245,12.336612701416,-172.330001831055,47.4572628736496,28.3504545688629,-2.396999991570522,-0.00157815587453769,-2.17404174229565,0.9393999979524281,78.9993667602539,172.501327514648,2.0,7.0,3.0,0.0,0.0,26050904.0,2.0,-26.688259306302502,95.8509337928079,33.5242738723755,36.2842987060547
2026-05-09 18:14:54+00:00,ITA,ITA,17.799999926147684,10.88999999568336,0.0,2.69000003785921,-6.369999966663898,-16.0900000834683,-8.69252391703406,-0.2302088712728485,4.20571237483326,6.777041333646766,-3.6465233787578,3.4304691700733434,5.9432327572259425,-14.09281639939922,-33.89999923580616,-15.1672691888657,70.0075710296631,39.633002243042,1.0,110.999999673762,0.0,1181.9296875,3117.1875,139.504619382273,39.6589107513428,138.43980108689502,-0.5650000036274309,32.2786929,-0.01874487521184611,537.2092127799986,1897.89824485779,880.1028728485107,-709.4632983207705,979.4642567634597,-64.8451029,3.0,43.7199440002441,5.59688901901245,12.336612701416,-173.235992431641,47.4847078323364,28.3563375473022,-2.9118000151168917,-1.07161335176245,0.252950319619736,4.297199898623864,79.9993515014648,173.501388549805,2.0,7.0,3.0,0.0,0.0,26050904.0,2.0,-33.37858122852954,96.18277853363296,33.43452587127685,33.26008666992186
2026-05-09 18:14:55+00:00,ITA,ITA,17.789999846183882,10.83000002816464,0.0,2.3000000355442123,-7.599999898438935,-17.489999667080877,-8.69252391703406,-0.22347068955343252,5.005938277142964,7.440935977104099,-1.59919450553143,3.423987662060462,5.955755396804974,-14.05733971383128,-35.28000002552896,-18.805212355922052,69.19182243347166,40.32333229064942,1.0,110.999999673762,0.0,1193.03515625,3128.29296875,143.49007574411,40.5870254516602,142.2129997580092,-0.85260000097269,32.2786153,-0.9140671091333692,109.64451609179373,1897.83504009247,572.3606944084167,-747.6050615310668,775.628662109375,-64.8450287,3.0,52.6126441955566,5.59688901901245,12.336612701416,-174.330001831055,47.5376397371292,28.3916234970093,-2.85699995599068,0.534749810828873,-0.912331312605346,2.477599830970326,80.9993362426758,174.501449584961,2.0,7.0,3.0,0.0,0.0,26050904.0,2.0,-41.04591663227842,96.4180717203507,33.2524978637695,30.904541702270524
2026-05-09 18:14:56+00:00,ITA,ITA,17.7599999478019,10.550000008989297,0.0,2.099999973060462,-7.460000059605977,-17.4800007824002,-6.617395053307826,-0.20882177473318,4.999453268658131,6.348768665138374,-0.69137286534622,3.410214542910448,5.954939274576522,-14.2610443001661,-35.24000038869264,-21.9347606373923,68.90762672424316,41.689904479980484,1.0,110.999999673762,0.0,1204.515625,3139.7734375,146.106912460439,41.9158390045166,144.09279349307758,-1.0165999986350671,32.2785314,-1.734548140197986,2.836906770244238,1897.8440523147601,597.170376777649,-761.8813514709475,743.3068275451659,-64.8449584,3.0,63.5325126647949,5.59688901901245,12.336612701416,-175.330001831055,47.5376397371292,28.4190714359283,-2.158000061190186,1.24313156809593,-0.264687252656463,1.4531999724145586,81.9993209838867,175.501510620117,2.0,7.0,3.0,0.0,0.0,26050904.0,2.0,-47.71617487381858,96.4842699137865,33.11306076049805,28.47790901184082
2026-05-09 18:14:57+00:00,ITA,ITA,17.7599999478019,11.040000170612199,0.0,3.0999999439697503,-5.540000117167688,-14.830000253311274,0.512547500529273,-0.6551661326075826,4.996571014205746,5.251946408498556,-2.12455467388138,3.4825913254694045,5.905120216279908,-14.922894411872738,-32.59000037186787,-21.52692491940895,68.29770698547365,42.2991925048828,1.0,110.999999673762,0.0,1216.203125,3151.4609375,147.669208950053,42.4291271209717,146.1002024825982,-1.2647999910561682,32.2784439,-0.9668679825616898,2.6381475385278437,1897.83504009247,791.3494348526,-751.3005495071413,840.0067210197451,-64.8448893,3.0,72.2507400512695,5.59688901901245,12.336612701416,-176.330001831055,47.555285692215,28.4151494503021,-1.54620001758448,-1.12022028626914,1.35770724437096,3.139799840461558,82.9993057250976,176.501571655273,2.0,7.0,3.0,0.0,0.0,26050904.0,2.0,-48.9545851590281,96.48338198919436,32.416719818115254,27.475409317016577
2026-05-09 18:14:58+00:00,ITA,ITA,17.7199999694561,11.059999989030379,0.0,2.8400000633776843,-6.800000075390753,-16.38999957955236,0.87642049914652,-1.10209701963675,4.996571014205746,5.304585481148738,-1.4815139746701051,3.497174718498394,5.8814349985403265,-15.972317460861541,-34.11999928746278,-22.06324332586945,68.4012325286865,43.898184585571286,1.0,110.999999673762,0.0,1228.26953125,3163.52734375,150.688931204764,44.1717681884766,149.22879248852783,-0.6973999603400168,32.2783514,-1.3014455887953857,2.602002397179604,1897.988557815554,835.6101274490359,-742.9465293884275,896.199357509613,-64.8448234,3.0,83.1203231811524,5.59688901901245,12.336612701416,-177.330001831055,47.5650876760483,28.438675403595,-2.004999981800494,0.235394278853571,-1.9461712636584,2.945599910587958,83.9992904663086,177.50163269043,2.0,7.0,3.0,0.0,0.0,26050904.0,2.0,-51.86230392267248,96.51561365188765,31.4970268249512,27.406843643188484
2026-05-09 18:14:59+00:00,ITA,ITA,17.789999846183864,12.2199998733229,0.0,5.850000077413716,-1.1699999802645817,-8.509999918070156,0.876127254579459,-2.2722320081952248,4.9962105509722985,5.009162980204856,-1.240900070588895,3.461796558409206,5.695224404971914,-15.382183993930562,-26.31000001497256,-22.650738632233498,68.04623680114744,45.40036170959472,1.0,110.999999673762,0.0,1240.734375,3175.9921875,153.098826849619,45.7023456573486,151.2429906860836,-1.1325999827954516,32.2782531,-1.298419857681752,2.592974994331596,1897.7989196777357,775.0271201133728,-718.305766582489,885.0996255874634,-64.8447603,3.0,92.8887405395508,5.59688901901245,12.336612701416,-178.330001831055,47.5650876760483,28.4406363964081,-2.55600000794793,-0.761408891383806,0.958412037614484,0.9923999553867958,84.9992752075195,178.501693725586,2.0,7.0,3.0,0.0,0.0,26050904.0,2.0,-55.421589948228075,96.52301757694795,30.79553947448735,25.09005054473876
2026-05-09 18:15:00+00:00,ITA,ITA,17.74000012938372,11.110000047339998,0.0,3.0400000404840677,-6.670000145766892,-16.039999683649192,0.875980859079553,-2.261831230914885,4.996570672696288,5.131628784287372,-0.3698530293387915,3.439651206818008,5.559105821134822,-14.4246949496607,-33.79000006375148,-23.2111915121262,69.28458480834965,47.64638465881346,1.0,110.999999673762,0.0,1253.78125,3189.0390625,154.267909348715,48.0960159301758,152.21000340462297,0.3908000068978386,32.2781486,-1.896868781106446,2.574898954480884,1897.8079557418841,697.606348991394,-787.2092008590697,815.4855966567992,-64.8446988,3.0,105.246429443359,5.59688901901245,12.336612701416,-179.330001831055,47.5748896598816,28.4484773874283,-2.497599969553616,1.69196197475598,1.23288116169904,0.7495999518781671,85.9992599487305,179.501754760742,2.0,7.0,3.0,0.0,0.0,26050904.0,2.0,-57.8892293783648,96.48029474368951,30.3329755783081,23.13691143035888
2026-05-09 18:15:01+00:00,ITA,ITA,17.770000027765704,10.43999998316092,0.0,1.7500000344686242,-7.880000002991653,-18.099999592986478,0.8749551834457145,-2.24029777889595,4.996571014205746,3.4428884603524965,-0.3220443731913465,3.534713352799416,5.47443999146645,-14.63107031071572,-35.86999996226167,-22.9126883397345,68.81498107910156,48.21679206848144,1.0,110.999999673762,0.0,1267.17578125,3202.43359375,153.815026825608,48.1731262207031,152.6776008872776,0.2077999971096446,32.2780401,-1.3371223989060321,2.629113057628272,1897.8350162506117,990.402948856354,-734.623312950134,1013.2793188095081,-64.8446363,3.0,117.202819824219,5.59688901901245,12.336612701416,-180.330001831055,47.5886136293411,28.4563213586807,-1.2783999328942097,-0.576282536985281,-1.60925436032265,0.9569999680407353,86.9992446899414,180.501815795898,2.0,7.0,3.0,0.0,0.0,26050904.0,2.0,-59.53032780948966,96.3926463411653,29.870730972289998,21.524845619201663
2026-05-09 18:15:02+00:00,ITA,ITA,17.799999926147684,10.380000186396959,0.0,1.7400000398821742,-7.94000014126509,-17.9900004209318,0.8749556370129634,-2.231215441568835,4.996571014205746,4.279022844251756,0.11505412302225448,3.585755185712194,5.409102914130296,-13.61407187726428,-35.75999908265972,-22.82683798450935,69.2712501525879,49.22256225585936,1.0,110.999999673762,0.0,1280.70703125,3215.96484375,155.809838214224,49.5908843994141,153.99219920060278,-1.2266000236887562,32.27793,-1.515654942040678,2.6381475385278463,1897.717618942262,929.1148543357842,-749.940001964569,1034.046113491059,-64.8445747,3.0,128.284622192383,5.59688901901245,12.336612701416,-181.330001831055,47.6101785898209,28.4641623497009,-2.563200009172818,-0.900358631320548,-1.47763159909633,0.7800000059640249,87.9992294311524,181.501876831055,2.0,7.0,3.0,0.0,0.0,26050904.0,2.0,-59.93856958221918,96.30440371218336,29.554079246521,21.839096145629878
2026-05-09 18:15:03+00:00,ITA,ITA,17.790000187693323,11.160000105649639,0.0,3.4200001122456443,-5.219999991580478,-14.370000160825061,0.8749556370129634,-2.2092432566174303,4.9962105509722985,3.916638107836082,0.565813084287268,3.583324534830002,5.427615373479332,-13.021649443187698,-32.160000348518416,-22.81158873341365,71.19772682189941,51.10237449645996,1.0,110.999999673762,0.0,1294.74609375,3230.00390625,156.249538472233,51.5270530700684,153.7801928608414,-1.384399975828995,32.277815,-2.395677923079302,2.60200947523117,1897.753739356996,799.8947381973264,-741.197383403778,968.4571027755749,-64.844514,3.0,141.969619750977,5.59688901901245,12.336612701416,-182.330001831055,47.6768344640732,28.522977232933,-2.6359999646395402,0.604204723838263,1.67977211479992,-0.673199990462915,88.9992141723633,182.501937866211,2.0,7.0,3.0,0.0,0.0,26050904.0,2.0,-60.185833358476316,96.2321881220888,29.430107116699197,23.227978134155258
2026-05-09 18:15:04+00:00,ITA,ITA,17.76000028931134,10.609999976507982,0.0,1.9100000118848661,-7.939999799755634,-17.99000007942238,0.873783592559645,-2.1858048221503,4.996571014205746,3.199746916702878,0.34726523356780226,3.671094770853506,5.315725348930302,-14.17597685537454,-35.769999162623506,-22.3211589528919,72.35088615417476,52.50624870300292,1.0,110.999999673762,0.0,1309.2421875,3244.5,155.394999844794,52.7006160736084,153.479997850592,-0.43719999789394903,32.2776961,-2.17885092117894,2.6020024437457323,1897.8079080581679,938.0311965942383,-801.6433715820314,1001.574885845185,-64.8444513,3.0,156.171417236328,5.59688901901245,12.336612701416,-183.330001831055,47.6768344640732,28.5190552473068,-2.093799996907426,-0.0276625829686157,-0.0841352040111426,0.23739996323633333,89.9991989135742,183.501998901367,2.0,7.0,3.0,0.0,0.0,26050904.0,2.0,-60.30171844604828,96.1429790213393,29.31446056365965,24.52122756958004
2026-05-09 18:15:05+00:00,ITA,ITA,17.780000107729503,11.22000007316834,0.0,3.5300001380739703,-5.01999992909673,-14.259999793487278,0.873344432740355,-2.197963732811685,4.996210550972298,3.32042244282657,0.3677520724882445,3.71538521790382,5.287957385614343,-14.034833045232977,-32.029999992007696,-21.72521214120365,73.068310546875,53.613249664306615,1.0,110.999999673762,0.0,1324.02734375,3259.28515625,155.816190290152,53.9042198181152,153.80119432650142,-0.3329999979540682,32.2775749,-1.8997547921628697,2.538760891184208,1897.871136665346,934.4529390335086,-802.8881072998049,1043.880701065064,-64.8443863,3.0,165.656051635742,5.59688901901245,12.336612701416,-184.235992431641,47.6729154586792,28.5268992185593,-2.592600003502268,-0.516780436896216,-0.137544095009682,-0.04020000825634806,90.9991836547852,184.502059936523,2.0,7.0,3.0,0.0,0.0,26050904.0,2.0,-60.29731434007142,96.0565771283386,29.07550106048585,25.50356872558594
2026-05-09 18:15:06+00:00,ITA,ITA,17.780000107729503,11.2999998591052,0.0,3.55000012724687,-5.110000051129518,-14.160000018377502,0.8723187304260895,-2.19752403938386,4.99585008773885,3.378432818928734,0.470197666302656,3.7704778652586,5.229426250276646,-13.738812646604618,-31.94999935229718,-21.3947599051956,73.8643077850342,54.50168312072752,1.0,110.999999673762,0.0,1339.125,3274.3828125,155.189452131912,54.5488426208496,153.267199208887,-0.1939999974299878,32.2774512,-1.79693574975146,2.547795372083782,1897.8711128234881,940.6822919845581,-708.077323436737,1041.5001153945918,-64.8443197,3.0,178.037506103516,5.59688901901245,12.336612701416,-185.235992431641,47.6709544658661,28.5170942544937,-2.507399924974752,0.286788410789302,-0.446273994919761,-0.5877999808258118,91.9991683959961,185.50212097168,2.0,7.0,3.0,0.0,0.0,26050904.0,2.0,-60.22346087061394,95.97268191476334,28.886350822448748,26.5247015762329
2026-05-09 18:15:07+00:00,ITA,ITA,17.800000267657143,12.24999977170488,0.0,5.730000142376303,-1.4200000103444992,-8.970000010556365,0.872465125925995,-3.440462654635745,4.99585008773885,3.3508596440701703,0.4066295692749165,3.8126078380970716,5.182601546912165,-13.808621448790381,-26.749999435267,-20.5823643987096,73.95736885070801,54.88298080444334,1.0,110.999999673762,0.0,1354.32421875,3289.58203125,153.829534147406,55.0536197662353,152.7181967996284,-0.04859999778341091,32.2773273,-1.4265421683027801,2.565871458500622,1897.762775421144,850.3641605377195,-798.4751820564272,987.6363754272477,-64.8442501,3.0,191.446197509766,5.59688901901245,12.336612701416,-186.235992431641,47.6631104946136,28.5249382257462,-2.83759995624768,-0.275665554447642,0.284212682420267,-1.2067999989759801,92.999153137207,186.502182006836,2.0,7.0,3.0,0.0,0.0,26050904.0,2.0,-59.74305541722756,95.88482519146945,28.65240726470945,27.811520576477058
2026-05-09 18:15:08+00:00,ITA,ITA,17.7599999478019,11.47999976166132,0.0,3.9900000171167656,-5.189999922443758,-13.749999642691455,0.871879117039549,-4.244088304949165,4.9962105509722985,3.8120769616438337,0.4502334502455315,3.8139578249865296,5.186412536336938,-15.083874798911319,-31.520000694985505,-20.39790489488965,74.4938037872314,55.36130767822264,1.0,110.999999673762,0.0,1369.6875,3304.9453125,151.998510695087,55.3404075622559,151.1685989977194,0.11220000041151815,32.2772035,-1.2781710895405014,2.4845466949045667,1897.5911855697639,751.1769294738768,-710.8436584472655,886.9557738304138,-64.8441768,3.0,204.508987426758,5.59688901901245,12.336612701416,-187.235992431641,47.6650714874268,28.5249382257462,-2.716399999661778,0.866850737108671,-1.94444621400614,-0.8434000076340202,93.999137878418,187.502243041992,2.0,7.0,3.0,0.0,0.0,26050904.0,2.0,-59.54071516117941,95.77396439105101,28.614903545379647,29.151929855346662
2026-05-09 18:15:09+00:00,ITA,ITA,17.839999904493503,12.32999989915122,0.0,5.940000114069138,-0.49999994276596615,-7.89999986409852,0.8723187571065155,-5.03247889815375,4.99585008773885,4.486355712451068,-1.0601759065125749,3.84555547537011,5.149660483696204,-15.161313093154721,-25.750000318131338,-19.47516341349385,74.3667881011963,55.31361053466797,1.0,110.999999673762,0.0,1385.015625,3320.2734375,151.702340032297,55.4753505706787,151.400199784172,-1.839199957151464,32.2770814,-0.18682506513378927,2.583933435380456,1897.7989196777357,824.3731617927551,-728.3165574073792,934.8313212394714,-64.8440994,3.0,219.813140869141,5.59688901901245,12.336612701416,-188.235992431641,47.6709544658661,28.4857273101807,-2.921400016750072,-0.657695403684071,-0.459792700195361,0.38540001398330237,94.9991226196289,188.502304077148,2.0,7.0,3.0,0.0,0.0,26050904.0,2.0,-58.83937494474852,95.6547434390884,28.7596982002258,29.920811462402362
2026-05-09 18:15:10+00:00,ITA,ITA,17.799999926147684,12.729999853364001,0.0,6.640000076630171,-0.4999999854546459,-7.509999989849551,0.8714399305398319,-5.295422825065845,4.99585008773885,3.81243477817898,-0.7418079293327355,3.842044416627266,5.16191128174627,-14.56469436160684,-25.3199996117629,-19.6622849835428,74.9815418243408,55.53468841552734,1.0,110.999999673762,0.0,1400.484375,3335.7421875,152.045529717333,55.2760791778564,151.38079931485382,-2.010599904490598,32.2769584,-0.6138650632558516,2.556822774931788,1897.7898836135878,760.1797819137574,-709.3383431434632,917.5763010978701,-64.8440218,3.0,232.145935058594,5.59688901901245,12.336612701416,-189.235992431641,47.6748734712601,28.4935683012009,-2.485400056412872,0.348829633702319,-1.7854349278166,0.5282000169325449,95.9991073608398,189.502365112305,2.0,7.0,3.0,0.0,0.0,26050904.0,2.0,-58.35262287958542,95.5644790741121,28.78258581161495,31.075758819580063
2026-05-09 18:15:11+00:00,ITA,ITA,17.85999972291168,13.90999989758414,0.0,9.420000108456147,4.669999990504893,-0.3500000079609429,0.871879570606799,-6.219460334856655,4.99585008773885,4.253240673059616,-1.3501739459228301,3.86635007167558,5.133598610844002,-14.209546039862058,-18.21000013107902,-19.001578587012652,75.1000946044922,55.556501083374044,1.0,110.999999673762,0.0,1415.84765625,3351.10546875,153.513692539806,55.8886528015137,152.60059733457481,-1.8496000087242084,32.2768355,-0.3439079404591628,2.556836884468794,1897.7989196777362,767.1032309532166,-715.0691151618958,952.6487588882453,-64.8439454,3.0,246.737030029297,5.59688901901245,12.336612701416,-190.330001831055,47.6709544658661,27.7348637580872,-3.179999943350042,0.513608240913568,3.73783895253605,0.4837999880347355,96.9990921020508,190.502426147461,2.0,7.0,3.0,0.0,0.0,26050904.0,2.0,-57.338743452018456,95.51712195750184,28.784624290466297,32.14766120910643
2026-05-09 18:15:12+00:00,ITA,ITA,17.78000010772954,11.690000074863622,0.0,4.679999985091344,-3.8500000502177683,-11.880000228138297,0.8717327215396435,-6.90867978296383,4.99585025849358,3.809211868041744,-0.424489987016078,3.8677002293197615,5.141493028864071,-15.006055038602778,-29.6500004266587,-19.04477526464475,75.63083724975584,55.433559951782215,1.0,110.999999673762,0.0,1431.31640625,3366.57421875,153.132868512443,55.0957901000976,152.7158007692676,-0.5471999977088585,32.2767105,-0.7361328965731101,2.5568369310349217,1897.690534591676,843.2705998420713,-742.7039861679076,921.8739748001101,-64.8438717,3.0,259.389251708984,5.59688901901245,12.336612701416,-191.235992431641,47.6787954568863,27.7054578065872,-2.7278000122733563,-1.6224352380386,-3.54219714838432,0.47999999494772255,97.9990768432617,191.502487182617,2.0,7.0,3.0,0.0,0.0,26050904.0,2.0,-55.98720815868057,95.5242253542386,28.8173343658447,34.42106346130372
2026-05-09 18:15:13+00:00,ITA,ITA,17.85999972291168,13.870000431502541,0.0,9.14000017465813,4.31000010001529,-0.7199999784143596,0.8711466859727706,-6.92757656851973,4.995850258493581,4.6410491664907365,0.013659497885953026,3.8617590746475896,5.1338706231277005,-13.760937678383039,-18.58000001615506,-18.672919275661748,76.63941650390626,55.60202980041502,1.0,110.999999673762,0.0,1446.7109375,3381.96875,153.676578891132,55.8175266265869,152.21880615242497,-1.2577999916440015,32.2765865,-1.0904580718001629,2.574905939400194,1897.7266550064098,621.9481706619262,-746.2358593940734,808.9994192123415,-64.8437977,3.0,275.722229003906,5.59688901901245,12.336612701416,-192.330001831055,47.6964384317398,27.6897728443146,-3.395800026308688,2.43007821352275,3.48891420233882,-1.6495999142239441,98.9990615844726,192.502548217773,2.0,7.0,3.0,0.0,0.0,26050904.0,2.0,-54.06447097524374,95.59110315149685,29.100007438659652,37.19615295410158
2026-05-09 18:15:14+00:00,ITA,ITA,17.799999926147684,11.399999804969719,0.0,3.9800000225303136,-5.030000009060542,-13.670000027509298,0.8705606504058985,-6.905896267433645,4.9962105509722985,3.809212038796474,-0.4754504953210065,3.8760723336949057,5.1276089618287255,-12.888134954349038,-31.469999953657,-18.544013969229752,76.64501609802244,54.8829231262207,1.0,110.999999673762,0.0,1462.0625,3397.3203125,151.692859729729,54.5648723602295,151.0323995615182,0.46799999957635185,32.2764627,-1.1061772892695503,2.5026087183505283,1897.744703292848,853.1094074249265,-734.7140431404115,927.0122170448309,-64.8437228,3.0,286.774353027344,5.59688901901245,12.336612701416,-193.330001831055,47.6866364479065,27.7093797922134,-1.969599986450302,0.123581867665067,-0.00105756520510705,0.486199908401754,99.9990463256836,193.50260925293,2.0,7.0,3.0,0.0,0.0,26050904.0,2.0,-52.631340876043076,95.6678778928623,29.2886323928833,37.941120071411135
2026-05-09 18:15:15+00:00,ITA,ITA,17.780000449238962,10.579999907371278,0.0,2.1100000530242764,-7.590000074607208,-17.33999966290676,0.8698282193391205,-6.91190235159161,4.9962105509722985,3.7447565254387563,-0.4244899870160778,3.854197286840106,5.150477203566211,-12.9964725121334,-35.129999509090645,-18.39512267551265,76.7485107421875,54.51930931091308,1.0,110.999999673762,0.0,1477.19921875,3412.45703125,153.758800708361,54.5408226013184,152.4199989366926,0.8476000090155484,32.2763408,-1.339261037856868,2.48453258536756,1897.7086067199718,954.0953516960146,-724.7841000556946,1061.195325851442,-64.8436489,3.0,301.220916748047,5.59688901901245,12.336612701416,-194.330001831055,47.6787954568863,27.6956558227539,-2.386000014600898,-0.0535523516515362,-0.468071529799652,0.8899999770974784,100.999031066895,194.502670288086,2.0,7.0,3.0,0.0,0.0,26050904.0,2.0,-51.352620180389955,95.79060614696375,29.39968872070315,38.3368379974365
2026-05-09 18:15:16+00:00,ITA,ITA,17.79000018769332,10.36000002646932,0.0,1.750000055812968,-7.899999992164558,-18.16999981122374,0.870414254905993,-6.888757401815376,4.99585008773885,3.472967716994904,-0.04518032731767252,3.81611829919837,5.177973154598472,-13.792599532544818,-35.960000681936,-18.451784217319798,77.79504776000974,55.25366020202635,1.0,110.999999673762,0.0,1492.4375,3427.6953125,154.86194456121,55.5700149536133,152.83039768316218,0.7904000135140649,32.2762171,-1.7405162100843583,2.466470608487726,1897.717618942262,915.3532624244688,-776.2907624244688,1003.0765652656562,-64.843578,3.0,317.487915039062,5.59688901901245,12.336612701416,-195.330001831055,47.7787792682648,27.7132987976074,-2.8979999594083403,-1.41342248481293,1.58438980370116,0.3325999996647143,101.999015808105,195.502731323242,2.0,7.0,3.0,0.0,0.0,26050904.0,2.0,-50.90117268002772,95.9700625372166,29.60610122680665,38.19158912658689
2026-05-09 18:15:17+00:00,ITA,ITA,17.74999986783808,10.43999998316092,0.0,1.770000023641526,-7.960000130437992,-17.909999781221302,0.8705606504058985,-6.842467715706315,4.9954897952601325,4.07956812968455,0.9761200234092546,3.81962910180912,5.178517776807416,-14.76038850208306,-35.6700004120421,-18.50670235334125,79.43638458251955,56.570548782348624,1.0,110.999999673762,0.0,1508.1171875,3443.375,152.083587531389,56.4542255401611,151.281403669976,1.31960001816587,32.2760902,-1.9050784337010462,2.457429096102712,1897.753763198854,851.70625448227,-760.9410524368286,928.2503485679629,-64.8435059,3.0,330.279937744141,5.59688901901245,12.336612701416,-196.330001831055,47.7925032377243,27.7132987976074,-2.4451999535243836,1.77978657481642,0.810607170862231,-2.998199944438166,102.999000549316,196.502792358398,2.0,7.0,3.0,0.0,0.0,26050904.0,2.0,-51.18111822844444,96.14195790805834,29.9141492843628,37.0653243255615
2026-05-09 18:15:18+00:00,ITA,ITA,17.790000187693323,10.41000025553368,0.0,1.7200000507092743,-7.8899997414460135,-18.079999433058862,0.869242664019924,-6.939881367752919,4.995489795260132,2.9179323297084583,0.18965721107726302,3.911180359802418,5.08595701685479,-15.2234927447923,-35.859999882297856,-18.4611765812022,79.2966556549072,56.29158805847169,1.0,110.999999673762,0.0,1523.73046875,3458.98828125,151.643846292245,56.3513454437256,149.6885980913774,1.796399985444096,32.2759653,-1.8635756429831123,2.4935741443187,1897.6995468139662,1126.4954090118401,-751.8792629241941,1126.4085531234741,-64.8434274,3.0,345.265380859375,5.59688901901245,12.336612701416,-197.330001831055,37.2235715389252,27.7132987976074,-2.031000014682814,-1.24729947759352,0.897533494325102,-0.5593999830743549,103.998985290527,197.502853393555,2.0,7.0,3.0,0.0,0.0,26050904.0,2.0,-50.80915500549146,96.2409102736589,30.117320823669402,35.97973091125488
2026-05-09 18:15:19+00:00,ITA,ITA,17.7800001077295,10.390000266360781,0.0,1.7600000503994182,-7.799999875545315,-17.97999999945856,0.8689493927724365,-7.7464368490551605,4.9954897952601325,3.228393711921604,1.053348518787338,3.872021433875536,5.118625214013408,-16.72419390545192,-35.75999908265972,-18.43156771115015,80.65107765197754,57.23171630859374,1.0,110.999999673762,0.0,1539.55078125,3474.80859375,149.754902835764,57.4388820648193,148.65179449989938,2.133000032035374,32.2758401,-1.9705033643454044,2.43936008773744,1897.7085828781142,1075.382828712462,-754.6622157096865,1060.823678970336,-64.8433471,3.0,356.270568847656,5.59688901901245,12.336612701416,-198.330001831055,37.2118085622788,26.0351330041885,-3.175200027910814,-1.171695259897,-0.525730812834136,-2.244799935439963,104.998970031738,198.502914428711,2.0,7.0,3.0,0.0,0.0,26050904.0,2.0,-50.41455107147774,96.32089178883975,30.3835401535034,37.25724723815918
2026-05-09 18:15:20+00:00,ITA,ITA,17.79000052920278,10.42000016474276,0.0,1.72000002936493,-7.769999977163326,-18.130000174387423,0.8690957882723425,-8.76276045981659,4.99585008773885,4.3244995244061695,0.46914863195546397,3.8334026051572723,5.06281659207888,-16.84092354591474,-35.93000044204456,-17.56953636619205,81.67598876953124,58.05325469970702,1.0,110.999999673762,0.0,1555.62109375,3490.87890625,146.302720323565,58.1896362304687,146.1292007337384,1.631399925357266,32.2757163,-0.8979721205358627,2.439360041171312,1897.7446794509901,778.3287882804871,-692.8501248359679,900.1795887947088,-64.8432585,3.0,372.503326416016,5.59688901901245,12.336612701416,-199.330001831055,37.215730547905,26.0508149862289,-3.494000003883488,0.487463450709523,-1.0575796608956,-2.1639999981779,105.998954772949,199.502975463867,2.0,7.0,3.0,0.0,0.0,26050904.0,2.0,-49.99967581902634,96.3524916590348,30.89164924621585,38.17161529541016
2026-05-09 18:15:21+00:00,ITA,ITA,17.80999966460206,11.43000004486116,0.0,4.10000000025641,-3.689999832677691,-12.490000068666525,0.8688030239529575,-9.568729612067266,4.99585008773885,4.396833362150722,-0.303132046287044,3.783440795907004,4.93023766840178,-16.7642481838016,-30.2899997386821,-16.92685825397615,81.7830368041992,58.10715499877928,1.0,110.999999673762,0.0,1571.7578125,3507.015625,144.871795692447,58.1412689208984,144.888600689881,-0.0311999839635006,32.275596,0.010263343735679975,2.656216593459246,1897.8079557418841,637.287974357605,-732.208204269409,749.3280410766604,-64.8431615,3.0,384.642211914062,5.59688901901245,12.336612701416,-200.330001831055,37.2020065784454,26.0292500257492,-3.4656000346258957,-1.94871956454905,-0.303426804968306,-0.17319995831752397,106.99893951416,200.503036499023,2.0,7.0,3.0,0.0,0.0,26050904.0,2.0,-49.74699160464388,96.32575488352879,31.19610958099365,38.438060531616216
2026-05-09 18:15:22+00:00,ITA,ITA,17.80000026765714,12.9999997925755,0.0,7.28000015704986,0.8900000091139901,-5.609999951206797,0.869242664019924,-9.59040991315336,4.99585025849358,5.345765630805756,0.006304718171171009,3.7991044687305937,4.926426252090186,-16.42130677614148,-23.419999786563583,-17.1437526186172,82.58181838989255,58.3920634460449,1.0,110.999999673762,0.0,1587.984375,3523.2421875,144.817632292329,58.4078590393066,144.29080340919182,0.0021999985955757475,32.2754762,-0.43784268667833537,2.999527938663958,1897.871160507204,358.1018269062042,-790.3103828430178,593.7972903251648,-64.8430622,3.0,398.763610839844,5.59688901901245,12.336612701416,-201.330001831055,37.1941655874252,26.0292500257492,-3.704199843986914,2.11017947355604,0.67020398801445,-1.4485999654065604,107.998924255371,201.50309753418,2.0,7.0,3.0,0.0,0.0,26050904.0,2.0,-49.23554977166898,96.29206839054225,31.419513130188,38.932577819824225
2026-05-09 18:15:23+00:00,ITA,ITA,17.77999976622006,12.159999905804181,0.0,5.570000058238357,-1.9999999578268415,-9.519999968943267,0.8673381884998275,-9.58425762025847,4.995489795260132,4.145097775666613,-1.1011533596338023,3.837453504976639,4.877423059889934,-16.28893668549826,-27.29000033821846,-16.8156328922107,81.4801540374756,57.0711085510254,1.0,110.999999673762,0.0,1603.984375,3539.2421875,143.620996810121,56.6193946838379,143.770801983149,-0.2097999938925006,32.2753587,0.20520230324577476,2.9543553944677097,1897.862124443056,637.36412525177,-755.0439834594727,721.3864803314211,-64.8429617,3.0,410.683746337891,5.59688901901245,12.336612701416,-202.330001831055,37.190243601799,25.9998440742493,-1.9328000157636738,-1.29252365419206,-2.24013470812952,1.2781998937288936,108.998908996582,202.503158569336,2.0,7.0,3.0,0.0,0.0,26050904.0,2.0,-48.63827363441348,96.24688327408805,31.556078338623053,38.912290878295906
2026-05-09 18:15:24+00:00,ITA,ITA,17.85999972291168,13.789999791791981,0.0,9.02000006886599,3.8600000287959615,-1.3199999951108814,0.8676314330668885,-9.604619267947921,4.99585008773885,5.03960026682582,-1.569249141941095,3.7637263086414103,4.954194215406143,-15.843380906314081,-19.19000011281538,-16.5863724700774,81.13358001708986,56.897011642456036,1.0,110.999999673762,0.0,1619.7265625,3554.984375,145.358351048162,57.1309833526611,145.1397959230244,-0.340600008140479,32.2752434,0.26549966363759714,2.8820792678743574,1897.708606719972,719.7897911071776,-753.8821816444399,842.4798011779785,-64.8428631,3.0,424.19677734375,5.59688901901245,12.336612701416,-203.330001831055,37.1745616197586,25.9920001029968,-2.9923997904836743,1.33856905431658,2.85841730562082,0.5355999772814688,109.998893737793,203.503219604492,2.0,7.0,3.0,0.0,0.0,26050904.0,2.0,-48.43757603886074,96.23871778293534,31.5364574432373,38.893182220458996
2026-05-09 18:15:25+00:00,ITA,ITA,17.7199999694561,10.920000235574799,0.0,3.05000003507052,-6.590000103697919,-15.61000000180918,0.8674845573193071,-9.58088862945036,4.994769210302697,3.991120381584058,-0.5053958989319794,3.766697099420907,4.937587122703448,-15.860547220755057,-33.32000040356566,-17.3068088708993,81.53702888488765,57.151450881958,1.0,110.999999673762,0.0,1635.609375,3570.8671875,146.371295422832,57.1255794525146,146.0115985366094,0.7108000108389785,32.2751247,-0.42705318492283306,2.9182174243032937,1897.7176427841198,879.8940181732174,-745.5855488777161,948.8418579101565,-64.8427682,3.0,428.377166748047,5.59688901901245,12.336612701416,-204.235992431641,37.1804416179657,25.9665161371231,-2.51259991874461,-1.60365264470789,-2.3727795431321,1.0324000004336662,110.998878479004,204.503280639648,2.0,7.0,3.0,0.0,0.0,26050904.0,2.0,-48.91228033334686,96.2557659351037,31.46794567108155,37.88104339599607
2026-05-09 18:15:26+00:00,ITA,ITA,17.84999964294786,13.189999775095458,0.0,7.950000050474176,2.6299999956353113,-3.549999999180817,0.867191792999922,-9.585282575520795,4.99585008773885,4.79287855145669,-0.570539468471211,3.670824722249196,4.837676310807604,-15.651501426489279,-21.389999946363,-16.7129947857793,81.56783866882324,57.535088653564415,1.0,110.999999673762,0.0,1651.546875,3586.8046875,144.048047557787,57.7976371765137,144.59659644248478,-0.47080000627812896,32.275006,0.13730116572483306,2.909182850271464,1897.8260040283221,769.3310260772706,-724.0428805351258,941.2430405616763,-64.8426723,3.0,413.340484619141,5.59688901901245,12.336612701416,-205.23600769043,37.190243601799,25.9625941514969,-3.332399905243784,1.28557094850381,1.89439437432488,-2.621600004878448,111.998863220215,205.503341674805,2.0,7.0,3.0,0.0,0.0,26050904.0,2.0,-49.02285289978236,96.2728004268937,31.35460453033445,37.17421325683594
2026-05-09 18:15:27+00:00,ITA,ITA,17.79999992614768,12.509999972462058,0.0,6.249999946249122,-1.429999994258782,-8.809999926418431,0.866898548432861,-9.592314255271326,4.995489795260132,4.200601771164161,-1.176279997696948,3.621943534302992,4.816441679564861,-15.25858830580458,-26.619999761775198,-16.8880192370345,81.12365112304684,57.09527572631838,1.0,110.999999673762,0.0,1667.48046875,3602.73828125,142.867900152235,56.8727840423584,143.3433933335706,0.5963999947397365,32.2748898,0.12097930378960764,2.93628633953631,1897.871136665346,840.342962741852,-782.5276613235475,948.4159708023069,-64.8425719,3.0,399.394256591797,5.59688901901245,12.336612701416,-206.23600769043,37.1726006269455,25.9488701820374,-2.604200012590476,-0.286868025181815,-0.0546271292751947,0.5187999477429741,112.998847961426,206.503402709961,2.0,7.0,3.0,0.0,0.0,26050904.0,2.0,-49.09029828576054,96.22386553658515,31.2833290100098,36.95708084106444
2026-05-09 18:15:28+00:00,ITA,ITA,17.79999992614768,12.0499998799759,0.0,5.480000021582936,-1.8500000443661597,-9.479999819842739,0.868216988386085,-9.597441592903884,4.995129502781414,4.936470984415704,-2.26272486511825,3.63409640451583,4.795751926663149,-15.280331871517859,-27.289999996709003,-16.51440874320845,80.5670116424561,56.876359405517576,1.0,110.999999673762,0.0,1683.27734375,3618.53515625,144.745491834315,56.8666900634766,145.1579997432002,0.19499999982347996,32.2747748,0.7772949935865853,2.9543555807322277,1897.780823707582,823.0401158332825,-771.2648868560789,970.3997373580933,-64.8424718,3.0,385.649322509766,5.59688901901245,12.336612701416,-207.23600769043,37.1784806251526,25.9429901838303,-3.050800042321396,-0.657448182852628,0.1984013873394,2.706799933995574,113.998832702637,207.503463745117,2.0,7.0,3.0,0.0,0.0,26050904.0,2.0,-49.28171297121236,96.17876579749554,31.19114513397215,36.80727333068846
2026-05-09 18:15:29+00:00,ITA,ITA,17.84999998445732,13.39000000833396,0.0,8.460000030515257,3.129999938401274,-2.5400000763737642,0.8673381618194009,-9.60476611701508,4.994769210302697,5.249081741783288,-1.6506805248558352,3.5031162573687062,4.689306928920453,-15.398968842306402,-20.39000014620844,-16.225474665844,80.12297515869139,56.92304443359374,1.0,110.999999673762,0.0,1699.078125,3634.3359375,146.835379456177,57.0258785247803,147.500992319098,-0.2529999985737776,32.2746571,0.9609660214359679,2.9091828502714634,1897.7989196777362,709.2391133308411,-775.1125574111941,887.1480345726013,-64.8423764,3.0,374.096374511719,5.59688901901245,12.336612701416,-208.330001831055,37.1726006269455,25.939068198204,-3.1545999639306457,0.983545319491132,1.62978099976924,0.5728000049543914,114.998817443848,208.503524780273,2.0,7.0,3.0,0.0,0.0,26050904.0,2.0,-49.56927008244014,96.2028046482794,30.81558094024655,36.43001037597655
2026-05-09 18:15:30+00:00,ITA,ITA,17.740000129383724,12.2099999641138,0.0,5.629999940379698,-2.800000010326684,-10.17000006529376,0.8666057574330495,-9.598320552872705,4.9954897952601325,4.092101398745476,-1.75837900104945,3.477460060478068,4.670794640326142,-15.196408654167001,-27.929999650241836,-16.9329823723407,79.691353225708,56.526837615966784,1.0,110.999999673762,0.0,1714.8359375,3650.09375,148.142855248236,56.2898151397705,148.1187993219796,0.8107999956402356,32.2745372,0.29128932869451507,2.83690677024424,1897.7989196777362,875.454771518707,-658.6758255958556,981.8137168884268,-64.8422853,3.0,361.640197753906,5.59688901901245,12.336612701416,-209.23600769043,37.1726006269455,25.9135812520981,-2.329999976614878,-0.562981597350327,-0.68035071427418,2.1285999281225196,115.998802185059,209.50358581543,2.0,7.0,3.0,0.0,0.0,26050904.0,2.0,-49.95911952177262,96.25378859533899,30.615162849426248,35.54833351135254
2026-05-09 18:15:31+00:00,ITA,ITA,17.82000008607532,11.50000009234368,0.0,4.03999986198297,-4.020000000876118,-12.800000071601241,0.867191792999922,-9.594657863930285,4.995489795260132,4.668980200573128,-0.968762388888844,3.50338622059565,4.735042814753871,-15.02093221514346,-30.63000040839512,-17.36320318155515,80.3294631958008,57.237125701904276,1.0,110.999999673762,0.0,1730.59765625,3665.85546875,151.786173774169,57.6643180847168,150.64740092253422,0.47080000361008667,32.2744149,-0.30447857272518697,2.827872242778538,1897.7356672287,864.589786529541,-744.5126771926882,968.3874130249014,-64.8421997,3.0,347.230987548828,5.59688901901245,12.336612701416,-210.330001831055,37.158876657486,25.9057402610779,-3.1197999793547018,0.312888911485448,0.136013318882593,1.3245999887786684,116.99878692627,210.503646850586,2.0,7.0,3.0,0.0,0.0,26050904.0,2.0,-50.665239504584704,96.34100669594545,30.7606424331665,34.76663978576663
2026-05-09 18:15:32+00:00,ITA,ITA,17.799999926147684,10.70999992237248,0.0,2.3200000460614523,-7.4399999850557155,-16.90000007185764,0.866605784113476,-9.55510679976768,4.9954897952601325,3.475116323753062,0.241140372260989,3.603039107472958,4.84203226395078,-14.836682398131021,-34.69000077181518,-18.3136555941873,81.70980606079101,58.33589309692381,1.0,110.999999673762,0.0,1746.75,3682.0078125,151.994426241963,58.3956161499023,150.5962045565912,1.0515999903598179,32.2742869,-1.327467179462276,2.9091828037053338,1897.6905345916762,901.5345335006717,-777.4766445159912,1033.5851073265053,-64.8421183,3.0,334.305725097656,5.59688901901245,12.336612701416,-211.330001831055,37.1686786413193,25.9233832359314,-2.3535999450558824,-0.530698227990586,0.74776105284421,-0.5545999974114122,117.99877166748,211.503707885742,2.0,7.0,3.0,0.0,0.0,26050904.0,2.0,-51.75780612648479,96.44447723168196,31.02051029205325,33.482225418090835
2026-05-09 18:15:33+00:00,ITA,ITA,17.79000018769332,10.44999989237,0.0,1.780000060916662,-7.880000002991652,-18.28000000780678,0.8666057574330495,-9.513650966600284,4.995489795260132,3.58791390968806,1.141609183737595,3.6519206369286237,4.7987462815952835,-14.886654794174522,-36.07999959244502,-18.73063266660105,82.1553840637207,59.15888717651366,1.0,110.999999673762,0.0,1763.09765625,3698.35546875,148.997475837945,59.4082878112793,148.6931963745722,1.486199986032752,32.2741576,-1.3135507117170582,2.882079267874358,1897.726631164552,962.0742440223701,-771.6107249259948,992.4878716468804,-64.8420349,3.0,317.176300048828,5.59688901901245,12.336612701416,-212.330001831055,37.1647596359253,25.9135812520981,-2.59920001529725,0.809833758660432,-0.130114610100854,-3.407599903807486,118.998756408691,212.503768920898,2.0,7.0,3.0,0.0,0.0,26050904.0,2.0,-53.367414653460216,96.48431089492149,31.2608173370361,31.39759986877442
2026-05-09 18:15:34+00:00,ITA,ITA,17.760000289311343,10.44999989237,0.0,1.840000049779708,-7.849999933854936,-17.99000007942234,0.865433686299305,-9.512625584451136,4.995489795260132,2.874245287182636,1.1458110840984799,3.650840186379294,4.780778615209916,-14.729107943231659,-35.77000052866134,-19.3782165621883,81.78508300781245,59.27254211425782,1.0,110.999999673762,0.0,1779.58984375,3714.84765625,146.184107258438,59.1982841491699,145.4414006843184,0.8981999500333657,32.274031,-1.295940584390404,2.90014836937189,1897.66345024109,1066.893982887268,-748.6735463142395,1077.683758735654,-64.8419425,3.0,305.862487792969,5.59688901901245,12.336612701416,-213.330001831055,37.1706396341324,25.9312272071838,-2.3141999988286637,-1.13382186094928,-2.18809549684319,-2.5687999532072636,119.998741149902,213.503829956055,2.0,7.0,3.0,0.0,0.0,26050904.0,2.0,-55.228482058881056,96.37357303790805,31.3304054260254,29.254200897216798
2026-05-09 18:15:35+00:00,ITA,ITA,17.8699998028755,12.38999986666992,0.0,6.109999893972761,-0.6699999467851676,-7.950000050474181,0.866312966433238,-9.50325072292847,4.99585008773885,3.7723291026557675,0.831121457271379,3.686758358299734,4.750560577661314,-14.120281956089661,-25.82999993331348,-19.5065805761286,82.0181716918945,59.86986190795896,1.0,110.999999673762,0.0,1796.12890625,3731.38671875,143.609986545179,60.2231781005859,142.6762040629898,0.1511999937061072,32.2739082,-1.2692261777539213,2.9453208204358794,1897.8169441223158,865.1149630546568,-781.4412951469424,986.7453455924999,-64.8418424,3.0,291.225830078125,5.59688901901245,12.336612701416,-214.330001831055,37.1569156646728,25.9135812520981,-3.1813999613751665,1.52894830443452,2.81679754791335,-3.4027999883682583,120.998725891113,214.503890991211,2.0,7.0,3.0,0.0,0.0,26050904.0,2.0,-56.21069672945585,96.1337138697301,31.4865966796875,28.73532829284668
2026-05-09 18:15:36+00:00,ITA,ITA,17.7899998461839,10.98000003233876,0.0,3.200000017900308,-6.0399998464902405,-15.209999876841682,0.866459361933144,-9.49797653622875,4.99585008773885,3.5223840075739,-0.06566906721849902,3.6959406938651704,4.741304390675476,-14.020718800822582,-33.019999712198455,-19.144912668066297,81.73726158142091,59.1031411743164,1.0,110.999999673762,0.0,1812.69921875,3747.95703125,138.895557753604,58.651872253418,139.6814010704468,0.7583999982873018,32.2737898,-0.4536282837146969,2.9543553944677123,1897.735691070558,949.0716576576236,-785.9957218170168,997.7403283119193,-64.841734,3.0,275.484161376953,5.59688901901245,12.336612701416,-215.330001831055,37.1627986431122,25.9096622467041,-2.0683999747993482,-0.139121161676654,-2.53592629542067,-1.359799960971795,121.998710632324,215.503952026367,2.0,7.0,3.0,0.0,0.0,26050904.0,2.0,-55.49483416481164,95.79432518496675,31.83300590515135,30.89966789245604
2026-05-09 18:15:37+00:00,ITA,ITA,17.819999744565862,12.08000011986732,0.0,5.32999997472012,-2.5800000333752267,-10.130000236358327,0.8660197218661769,-9.524051637158927,4.99585008773885,3.749769158581946,-0.545847901064685,3.7059330044888035,4.72660326226067,-14.110363838395902,-27.96000023164276,-19.00996520553975,81.95237045288084,58.5921807861328,1.0,110.999999673762,0.0,1828.96484375,3764.22265625,140.232949774228,58.6491668701172,139.28100172092218,0.6430000035568225,32.2736773,-0.8532549360728139,2.88207926787436,1897.7175951004042,976.5243649482734,-769.1622495651244,1013.1573438644422,-64.8416221,3.0,264.146240234375,5.59688901901245,12.336612701416,-216.330001831055,37.1726006269455,25.9096622467041,-2.6604000043644485,0.73823678093345,1.04695604869359,-0.3807999989711744,122.998695373535,216.504013061523,2.0,7.0,3.0,0.0,0.0,26050904.0,2.0,-53.79680952204929,95.4518287641311,32.023055648803705,35.98375190734862
2026-05-09 18:15:38+00:00,ITA,ITA,17.79000018769332,10.83999976661902,0.0,2.710000027032114,-6.409999945009703,-16.07999983274974,0.8668985484328611,-9.508962895508715,4.995489795260132,3.5653540936802863,-0.423439031678182,3.640577997906078,4.77397267321146,-13.98714910407088,-33.870000361952535,-18.93075891682975,82.42478256225584,58.52128189086911,1.0,110.999999673762,0.0,1845.21875,3780.4765625,140.520787606231,58.5585296630859,139.56679322824982,0.9239999650947132,32.2735641,-0.8703622334105099,2.8549757320433864,1897.67246246338,975.8868932723999,-778.2307982444765,1059.613156318666,-64.8415114,3.0,253.204177856445,5.59688901901245,12.336612701416,-217.330001831055,37.1726006269455,25.9155422449112,-2.503999942183286,-0.693871927509867,-0.605262442664263,0.7375999831872226,123.998680114746,217.50407409668,2.0,7.0,3.0,0.0,0.0,26050904.0,2.0,-52.93845008678894,95.16028555450364,32.314552116394054,38.50307762145998
2026-05-09 18:15:39+00:00,ITA,ITA,17.819999744565862,11.16999984410398,0.0,3.490000031662118,-5.100000013854384,-14.17999966604096,0.865873353046698,-9.5096954332972,4.99585008773885,3.8127928508462183,-0.059890747190988,3.659752217208326,4.753010566516598,-13.259686487649821,-32.019999229024975,-18.8959949615017,83.1977668762207,59.32915328979492,1.0,110.999999673762,0.0,1861.6015625,3796.859375,141.157306595362,59.6061447143555,139.95699647138122,0.7100000158444219,32.2734498,-1.0077383191068225,2.8188377153128377,1897.7085828781142,974.7836709022525,-802.982997894287,1025.2900838851922,-64.8414012,3.0,238.129730224609,5.59688901901245,12.336612701416,-218.330001831055,37.1726006269455,25.9214252233505,-2.5309999787931217,0.896373215939846,2.34158927084383,-0.49159996268127026,124.998664855957,218.504135131836,2.0,7.0,3.0,0.0,0.0,26050904.0,2.0,-53.280010088689416,94.90356606435961,32.52175769805905,37.19304244995118
2026-05-09 18:15:40+00:00,ITA,ITA,17.7500002093475,11.7500000423823,0.0,4.60000007108842,-3.60000018555649,-11.6500000965178,0.86602022879428,-9.50925659364303,4.99585008773885,2.81050587647071,0.185977940249808,3.66407333638673,4.79629629274,-13.817394997534,-29.3499990522726,-20.0391739681704,84.415161895752,60.1371208190918,1.0,110.999999673762,0.0,1861.6015625,3796.859375,141.157306595362,59.6061447143555,139.406005111036,2.41399994821654,32.2733796,-2.34062407973674,2.98145925626159,1897.59123325348,1082.45253562927,-801.408290863037,1072.1492767334,-64.8413351,3.0,238.129730224609,5.59688901901245,12.336612701416,-218.330001831055,37.1726006269455,25.9214252233505,-2.0359999906317,0.896373215939846,2.34158927084383,-0.584999992800333,124.998664855957,218.504135131836,2.0,7.0,3.0,0.0,0.0,26050904.0,2.0,-53.9530302917647,94.7013651441705,32.6331504821777,35.5369022369385
2026-05-09 18:15:41+00:00,ITA,ITA,17.812499855347724,11.6749998695405,0.0,4.312500013284538,-3.712500124654065,-12.212500112170774,0.86660575743305,-9.47175629377872,4.99585008773885,4.0852975058037675,-0.606264132594728,3.723824578297945,4.693186262925607,-16.026104432179103,-30.025001034735602,-19.4642598702576,83.6891441345215,60.91339416503908,1.0,110.999999673762,0.0,1895.109375,3830.3671875,142.310160564991,61.1376045227051,141.359749987267,0.5942500366179815,32.2732019,-0.6469580761694927,2.913700242061168,1897.62505888939,1250.9386241436,-724.9321192502975,1289.7901535034175,-64.8411673,3.0,212.157974243164,5.59688901901245,12.336612701416,-220.330001831055,37.1765226125717,25.9155422449112,-2.89349993196236,-1.09205696172195,-1.32413835870422,2.0287499315907147,126.998634338379,220.504257202148,2.0,7.0,3.0,0.0,0.0,26050904.0,2.0,-56.6015360339538,94.2447260170201,32.5939086914062,26.77145948410035
2026-05-09 18:15:42+00:00,ITA,ITA,17.820000086075318,11.629999936590162,0.0,4.380000104809129,-3.67000014766165,-12.060000130694402,0.915825808139454,-9.44948987708448,0.6913463263260377,3.209057318315252,0.727100370935156,3.7043126274855815,4.736676596003334,-14.84469352700852,-29.889999955224077,-20.6448853890509,85.0773078918457,61.92879455566405,1.0,110.999999673762,0.0,1912.2890625,3847.546875,143.928109435962,61.906812286377,141.679400791367,1.5602000484253253,32.2730903,-2.111383209019888,1047.865617275238,1897.564101219178,1238.536310195922,-766.2144184112551,1299.023485183716,-64.8410692,3.0,201.225311279297,5.59688901901245,12.336612701416,-221.23600769043,37.1686786413193,25.9273052215576,-2.447599953932678,0.948724054607055,2.21981916421696,-1.2211999907535798,127.99861907959,221.504318237305,2.0,7.0,3.0,0.0,0.0,26050904.0,2.0,-57.304162887269584,93.9486714674459,32.582067489624,27.80419338226318
2026-05-09 18:15:43+00:00,ITA,ITA,17.76000028931132,11.670000085690699,0.0,4.3600000302588615,-3.5300000953852857,-12.010000243139478,0.34760332126161103,-9.459890547643115,0.6589191921564372,1.925313765579538,2.236984230013995,4.16125808862023,4.260260826865922,-14.284314071649401,-29.78000044165996,-19.701061675008248,84.16266517639161,59.998525543212885,1.0,110.999999673762,0.0,1929.21875,3864.4765625,136.476359391099,59.3850105285644,136.38520095436058,1.9864000106527118,32.2729691,-2.2660722661252763,1897.99888134003,1897.717595100404,1444.262886047364,-731.2523961067202,1412.7326965332038,-64.8409577,3.0,188.652267456055,5.59688901901245,12.336612701416,-222.23600769043,37.1549546718597,25.8959382772446,-1.9021999785413939,-0.482117813827783,-2.31341623462141,-8.805599662423003,128.998672485352,222.504379272461,2.0,7.0,3.0,0.0,0.0,26050904.0,2.0,-53.351908074987556,93.71145216738225,32.3973134994507,32.418995704650875
2026-05-09 18:15:44+00:00,ITA,ITA,17.699999809528464,11.729999882454658,0.0,4.550000098156163,-3.580000111006226,-11.97000009403894,-0.2099247035417915,-9.4269310429164,1.600383075840886,1.3652648059988925,8.05744929946828,4.722717738396579,3.709796586370188,-14.31788325613692,-29.660000165113058,-17.54012642539965,82.8170459747314,55.51722015380858,1.0,110.999999673762,0.0,1945.09375,3880.3515625,123.79752021594,54.2948627471924,124.0643975634174,-1.0045999645770785,32.272869,-2.8407708715698603,1897.2489356994658,1897.6002216339123,1417.487716674804,-733.2422494888307,1402.92077064514,-64.8408336,3.0,176.259628295898,5.59688901901245,12.336612701416,-223.23600769043,36.8863701820374,29.1836559772491,-1.86220000019559,1.1936710733864,-5.51856275737264,-16.48099938514754,129.998733520508,223.504440307617,2.0,7.0,3.0,0.0,0.0,26050904.0,2.0,-43.2252701700029,93.3994354657177,32.17441291809085,39.42967758178712
2026-05-09 18:15:45+00:00,ITA,ITA,6.349999822744539,4.150000026549512,0.0,2.090000063851373,-1.5700000091825457,-5.140000013544517,-0.25255203421376005,-9.445387921601064,2.58652395259399,0.998225028859588,12.5487539535485,4.862610428636923,3.591373101681898,-1.2037171504054016,-11.489999884313828,-14.680951609111151,80.16106338500975,49.833623199462885,1.0,110.999999673762,0.0,1959.375,3894.6328125,102.9648763417,48.7525177001953,102.98379869777622,-4.800599909558661,32.2728067,-4.286079155371978,1897.3573446273822,1897.257018089294,1349.8212099075322,-765.4482007026675,1414.7071123123162,-64.8406975,3.0,169.825225830078,5.59688901901245,12.336612701416,-224.23600769043,36.4295810461044,29.6031981706619,-1.8135999599110921,-1.79945901372993,-0.0409639328151259,-24.432200012123083,130.998794555664,224.504501342773,2.0,7.0,3.0,0.0,0.0,26050904.0,2.0,-29.86823794800004,93.09690248171574,32.1448665618896,42.19592308044432
2026-05-09 18:15:46+00:00,ITA,ITA,-16.920000061030542,-10.32999995733263,0.0,-2.52000004451218,5.810000013690549,13.44000023739827,-0.189270024728688,-9.44685299717803,6.433447130656714,1.7856591287761099,10.842909085695975,5.044092226110842,3.408701869452704,14.17637915351664,30.359999956919374,-8.74134354790037,77.70617523193354,45.74354988098142,1.0,110.999999673762,0.0,1972.40625,3907.6640625,76.5785032004847,45.0055824279785,78.65919875376181,-3.914999972341016,32.2727963,-2.926810465723736,1898.071193695066,1897.2480535507198,1191.9310092926019,-791.4900898933411,1344.00918483734,-64.8405591,3.0,169.332321166992,5.59688901901245,12.336612701416,-225.23600769043,36.5981817245483,29.8129707574844,-2.5081999322256303,2.31258935484501,4.01290817277221,-22.52700002239914,131.99885559082,225.50456237793,2.0,7.0,3.0,0.0,0.0,26050904.0,2.0,-15.99395908600144,92.8035936681879,32.32850646972655,43.15747535705567
2026-05-09 18:15:47+00:00,ITA,ITA,-17.459999939453642,-10.6299997949262,0.0,-1.8000000500895639,7.799999875545313,18.26000018938862,-0.1810669875458225,-9.454177521289225,4.793361701963105,0.7425506643802063,6.91794194636519,5.190736643723108,3.2371919774122744,15.272341916226798,35.70999936585956,0.07351151176784998,75.56829071044925,42.9864003753662,1.0,110.999999673762,0.0,1984.5078125,3919.765625,57.730814751888,42.7755466461182,60.33159984064814,-1.797999935912832,32.2728314,-1.0748743828929919,1897.908544540402,1878.44591140747,1388.523268699648,-743.4728026390077,1307.786393165588,-64.8404365,3.0,169.583480834961,5.59688901901245,12.336612701416,-226.23600769043,52.217298746109,29.8502206802368,-1.246799977321784,-0.25009057811119,0.00715060441635502,-14.005399028023717,132.998916625977,226.504623413086,2.0,7.0,3.0,0.0,0.0,26050904.0,2.0,2.573985347447782,92.51922898737814,32.507475471496605,42.46173110961912
2026-05-09 18:15:48+00:00,ITA,ITA,-17.52000007772704,-10.5400000997802,0.0,-1.7300000239513822,7.809999784754401,18.0999995929865,-0.173742770259534,-9.475124857700004,5.077998821943348,2.433797934544738,4.4876270240990195,5.340621388454996,3.10080138129149,15.326510438986839,35.5900011383694,9.8403594051695,73.9650249481201,43.03085792541506,1.0,110.999999673762,0.0,1996.3828125,3931.640625,49.9809679308897,43.3803165435791,51.302000282413154,-0.48600000263856724,32.2728913,-0.05490646366842282,1897.9808568954438,1475.519800186158,1109.5027923583978,-726.6275525093081,1207.1436882019038,-64.8403321,3.0,174.744827270508,5.59688901901245,12.336612701416,-227.23600769043,54.0993571281433,33.1418603658676,-3.2841997725351924,-2.37471483454474,1.81203061722758,-5.943399669973786,133.998977661133,227.504684448242,2.0,7.0,3.0,0.0,0.0,26050904.0,2.0,23.87115222275368,92.2115699464041,32.570567893981945,40.25321342468262
2026-05-09 18:15:49+00:00,ITA,ITA,-17.68000033261974,-11.26999978996848,0.0,-3.639999950458884,4.0100001557000535,12.760000178632776,-0.175646785542274,-9.47746889324579,7.3475286152038475,3.422477507234972,4.7839317293515755,5.411107233142232,3.027296977189244,15.4687983058144,30.44000025512046,15.74804871172835,72.52426757812495,43.771284255981435,1.0,110.999999673762,0.0,2008.5078125,3943.765625,41.8261352883392,43.8236869812012,44.37539957717108,1.3033999940655336,32.2729639,0.24771542251600098,1898.1163978576637,929.8354506492608,536.1216843128204,-773.7001895904541,698.0271220207212,-64.8402367,3.0,183.023880004883,5.59688901901245,12.336612701416,-228.330001831055,54.1228830814362,33.2026362419128,-3.6924000091768,1.18949996223764,1.69527621732903,-7.18599950784283,134.999038696289,228.504745483398,2.0,7.0,3.0,0.0,0.0,26050904.0,2.0,36.77395295928859,91.77890819833505,32.60860290527345,36.3397947692871
2026-05-09 18:15:50+00:00,ITA,ITA,-17.61999985283684,-12.6500000674271,0.0,-6.450000008732874,0.6600000429121671,7.410000150706759,-0.15528535796633802,-9.474246324618012,5.810849091581746,4.543649473643249,1.96222119435172,5.382481056557067,3.059421235157836,15.40547459749086,25.02000028643358,19.242047349574,72.85766143798826,45.06617614746092,1.0,110.999999673762,0.0,2020.8984375,3956.15625,36.2149641304445,45.317947769165,39.504399627176625,0.3867999893197433,32.2730484,2.2359026161980697,1898.0712175369238,503.79971265792864,385.9526813030242,-763.5403871536255,544.800090789795,-64.8401519,3.0,191.172271728516,5.59688901901245,12.336612701416,-229.330001831055,54.120922088623,33.1967532634735,-2.978799859317804,1.67554284032151,-0.54568339622533,-3.116599950351186,135.999099731445,229.504806518555,2.0,7.0,3.0,0.0,0.0,26050904.0,2.0,43.56600713410838,91.40871536041496,32.60225143432615,33.59665145874024
2026-05-09 18:15:51+00:00,ITA,ITA,-17.4899998378356,-10.44999989237,0.0,-1.890000044056304,7.84999993385494,18.009999556331064,-0.09771585456684259,-9.474539168978676,4.5724982290180005,5.005941009218629,0.3456878667460345,5.324956947235124,3.0934508170840855,15.390597420950181,35.5000004186951,22.89741859807135,72.81160469055169,47.27487991333008,1.0,110.999999673762,0.0,2033.8046875,3969.0625,32.2294360516207,47.9002807617188,36.75639937312165,-0.9851999541619104,32.2731424,3.369171210480242,1898.0079412460298,95.02178486436613,646.0005700588229,-753.3160328865051,650.3193616867067,-64.8400731,3.0,203.590545654297,5.59688901901245,12.336612701416,-230.330001831055,54.2522728443146,33.3124220371246,-1.4195999640303767,1.4308531275748,-1.91047925637685,-2.377599954474926,136.999160766602,230.504867553711,2.0,7.0,3.0,0.0,0.0,26050904.0,2.0,52.46190847141609,91.23354832896085,32.5141736984253,29.864435119628922
2026-05-09 18:15:52+00:00,ITA,ITA,-17.410000564162964,-10.42000016474276,0.0,-1.740000039882176,7.779999886372411,18.03999945471306,-0.039560318935528346,-5.615935855171045,1.392850488641376,5.006656983798377,-0.897314047817589,5.224223780563213,3.227119497443256,17.287647287447,35.480000258767454,25.0510446914944,72.710290145874,48.97975685119626,1.0,110.999999673762,0.0,2047.3125,3982.5703125,31.9512390316315,49.1674644470215,35.788799258313965,-2.55899999778613,32.2732443,3.693054597431382,1897.9989290237397,5.463604442775248,1069.1633462905888,-789.3484115600588,1020.4084396362316,-64.8399964,3.0,212.578765869141,5.59688901901245,12.336612701416,-231.330001831055,54.2522728443146,33.3104610443115,-0.42939997522264745,-1.16845871072577,-0.90526644240432,-0.4663999877426363,137.999221801758,231.504928588867,2.0,7.0,3.0,0.0,0.0,26050904.0,2.0,58.320026484790446,91.24900163195801,32.432722091674805,26.0452173614502
2026-05-09 18:15:53+00:00,ITA,ITA,-17.4599995979442,-10.38000001564222,0.0,-1.810000023331672,7.540000101674958,17.910000122730757,-0.09991360133442655,-1.2857909553002749,2.4694267198877844,5.007015056465616,-0.774905211781619,5.166701122656468,3.26713860031874,17.5794712178493,35.37000006218438,23.9828304260611,74.12932891845705,50.653349533081034,1.0,110.999999673762,0.0,2061.203125,3996.4609375,32.4061398756381,51.1114505767822,35.27199845891628,-2.6929999423200437,32.2733496,3.0321272869702782,1898.0621814727758,5.400390177965166,998.9427208900445,-705.5533647537231,1058.0154895782468,-64.839918,3.0,219.820114135742,5.59688901901245,12.336612701416,-232.330001831055,54.2542338371277,33.3241850137711,-1.89939996383549,-1.20532273578021,0.431899941852748,-0.31860001151255113,138.999282836914,232.504989624023,2.0,7.0,3.0,0.0,0.0,26050904.0,2.0,57.88160757026998,91.32451278832704,32.446594047546355,25.750130081176763
2026-05-09 18:15:54+00:00,ITA,ITA,-17.59000063747378,-11.259999880759398,0.0,-3.460000069247106,4.940000015093804,13.659999947545481,-0.6299018965278345,-1.285790901939425,3.52150257166151,5.006656898421015,-1.0013351608342396,5.113498217890302,3.36078822049111,17.60998952758928,31.2200003451278,24.42270656144095,75.09500312805176,52.99124015808104,1.0,110.999999673762,0.0,2075.734375,4010.9921875,33.9105197761847,53.4456642150879,36.115200338370514,-2.96399999198081,32.2734587,2.689339131679648,1898.062181472776,5.346206296235324,733.4959268569946,-754.492497444153,857.0331454277039,-64.839835,3.0,212.057540893555,5.59688901901245,12.336612701416,-233.330001831055,54.2522728443146,33.3202630281448,-2.561600037359742,1.15373218254499,-0.890057585474258,1.2325999993630923,139.99934387207,233.50505065918,2.0,7.0,3.0,0.0,0.0,26050904.0,2.0,61.57920424349942,91.4255381163407,32.50099868774415,25.354832038879398
2026-05-09 18:15:55+00:00,ITA,ITA,-17.52000007772706,-10.43000007395186,0.0,-1.8200000179181242,7.5899998184751185,18.16999981122376,-1.0876727273267401,-1.285790901939425,2.8225207768623157,5.00701514184298,-0.8495063788459225,5.021136814084076,3.4206802710209323,18.22148543567788,35.6699997290232,25.4649823297275,74.9646057128906,54.652914733886725,1.0,110.999999673762,0.0,2090.8203125,4026.078125,34.5069660454561,54.769437789917,36.619800370853824,-2.710599952428994,32.2735707,2.4614960164877524,1898.080253601072,5.418451502919199,853.6873102188105,-734.016442298889,935.5010390281681,-64.839746,3.0,205.525619506836,5.59688901901245,12.336612701416,-234.330001831055,54.2463898658752,33.3692759275436,-1.0445999856115646,1.27199925590129,2.943717403731,0.19979999130192147,140.999404907227,234.505111694336,2.0,7.0,3.0,0.0,0.0,26050904.0,2.0,66.43964608707486,91.6950573809894,32.62393054962155,19.800534210205097
2026-05-09 18:15:56+00:00,ITA,ITA,-17.719999969456104,-12.659999976636179,0.0,-6.739999851739957,-0.9700000084942794,5.7299999716215675,-1.25583886824248,-1.28491210205317,2.333233217413234,5.006656898421015,-0.591029182207603,4.923644657550698,3.503440563288236,18.23216614399244,23.4500003679645,26.3420110625557,74.09323539733884,55.46159774780273,1.0,110.999999673762,0.0,2106.109375,4041.3671875,35.3447946150903,55.8308887481689,36.991398178686175,-0.5533999892031373,32.2736836,1.83902726008717,1898.08928966522,5.436512641608718,984.731888771056,-750.2326488494873,958.8494658470154,-64.8396534,3.0,197.28157043457,5.59688901901245,12.336612701416,-235.330001831055,44.6086883544922,33.3869189023972,-2.1674000236580517,-2.11806962270787,0.86816816320569,0.7467999678547528,141.999465942383,235.505172729492,2.0,7.0,3.0,0.0,0.0,26050904.0,2.0,70.49643148045261,92.1080242785867,33.021992683410645,13.69783475875856
2026-05-09 18:15:57+00:00,ITA,ITA,-17.66000017269212,-13.36999984840628,0.0,-8.19000009130373,-2.76999999455082,3.270000038702404,-1.27561477384975,-1.28564453311994,3.4933991606799397,5.007014971088252,-0.5637102264563365,4.917433283519491,3.51269653683066,17.41582125137362,20.9199999446677,26.2424755695547,74.713272857666,56.88601020812988,1.0,110.999999673762,0.0,2121.84375,4057.1015625,36.7407247719954,57.004846572876,37.80040130096618,0.3179999957357265,32.2737981,1.586896632536942,1898.0079412460298,5.427482072263956,686.2140178680422,-776.7530798912048,777.2450447082522,-64.8395566,3.0,192.202880859375,5.59688901901245,12.336612701416,-236.330001831055,31.1480551958084,27.640762925148,-2.6745999249602184,0.869986060741971,0.798937792665264,0.9337999765447421,142.999526977539,236.505233764648,2.0,7.0,3.0,0.0,0.0,26050904.0,2.0,72.040749546133,92.61990256064955,32.961538696289054,10.95741279602052
2026-05-09 18:15:58+00:00,ITA,ITA,-17.640000354273937,-14.030000174131,0.0,-9.460000001424564,-4.61000007634704,0.259999944625093,-1.297733807868305,-1.28461936441421,3.299197629980756,5.005940753086539,0.7039833022045565,4.845866561396094,3.59736249456508,16.236697691178723,17.880000224348784,25.45055867774775,74.5379791259766,56.805258636474605,1.0,110.999999673762,0.0,2137.640625,4072.8984375,36.8601574598222,56.8064918518066,38.294800445924054,0.423400000882335,32.2739119,1.2838407121766535,1898.1163978576642,5.427481885999443,704.3753504753114,-802.5114893913268,804.6155571937561,-64.8394556,3.0,181.754669189453,5.59688901901245,12.336612701416,-237.330001831055,31.1147272586822,27.5623440742493,-2.0055998645086897,0.645437668723131,-0.167606572331898,-0.2596000023646332,143.999588012695,237.505294799805,2.0,7.0,3.0,0.0,0.0,26050904.0,2.0,71.0751889258115,93.15103514598269,32.569009208679205,15.525400142669659
2026-05-09 18:15:59+00:00,ITA,ITA,-17.600000034418684,-11.460000113997879,0.0,-3.9700000706325453,4.4299999923640225,12.97999997415734,-1.29055597274171,-1.285937270758905,2.826844201229568,5.006656898421015,0.1649637160099265,4.837764761757356,3.569594360494392,14.06880486937204,30.56999992861222,25.3373030422515,75.05163116455074,56.722178649902354,1.0,110.999999673762,0.0,2153.390625,4088.6484375,35.0241616297878,56.7963844299316,37.458799634911735,1.2689999917706876,32.274026,1.805769297438062,1898.1344699859596,5.4274819791317,934.9037528038021,-795.2016472816468,935.5676889419556,-64.8393559,3.0,173.16975402832,5.59688901901245,12.336612701416,-238.330001831055,31.1264902353287,27.5662630796432,-1.6209999164732039,-0.291689605127315,1.69232013280058,-1.2173999616479914,144.999649047852,238.505355834961,2.0,7.0,3.0,0.0,0.0,26050904.0,2.0,69.84832575841274,93.6243535950862,32.3482732772827,21.81020107269288
2026-05-09 18:16:00+00:00,ITA,ITA,-17.74999986783808,-11.53999989993476,0.0,-4.36000011563623,3.139999890299042,11.679999824145076,-1.284111048929565,-1.28520489305298,2.0284194198039964,5.006298825753777,-0.7670250144288485,4.855319030943209,3.5837504398134343,11.842929205663319,29.4299993504737,25.50574489869415,76.45646324157715,57.324450531005844,1.0,110.999999673762,0.0,2169.234375,4104.4921875,32.7231665210589,57.5361591339111,36.25939929212782,2.654599978476,32.2741437,3.030021240828386,1897.9266166686982,5.472635384649038,1072.6535558700562,-822.9108214378359,974.1814017295837,-64.8392608,3.0,166.648025512695,5.59688901901245,12.336612701416,-239.330001831055,31.1049252748489,27.5819480419159,-2.0372000121801883,-1.21600397770335,0.257988971514796,-0.9346000018049114,145.999710083008,239.505416870117,2.0,7.0,3.0,0.0,0.0,26050904.0,2.0,68.44331623104395,94.0130938116975,32.21316204071045,25.14536224365236
2026-05-09 18:16:01+00:00,ITA,ITA,-17.5900002959643,-12.019999810839138,0.0,-5.190000007821124,2.5600000335301543,10.520000025229928,-1.264774836750115,-1.2852053733006499,1.7837759175558918,5.005582765796665,-1.22934146952253,4.870712228275664,3.5663273529483304,11.2791167264726,28.120000145025962,25.0487924366156,77.85944480896,58.88308502197266,1.0,110.999999673762,0.0,2185.4765625,4120.734375,34.1757496820347,59.0309280395508,36.64920023711723,1.396399977870472,32.2742659,3.1611566467130823,1898.080253601072,5.382328853011132,1013.0566000938401,-804.3788075447083,938.7174844741821,-64.8391673,3.0,158.463455200195,5.59688901901245,12.336612701416,-240.330001831055,36.2590193748474,27.5466591119766,-2.646199998391304,0.469809866304273,-1.63500428021531,1.7403999474580796,146.999771118164,240.505477905273,2.0,7.0,3.0,0.0,0.0,26050904.0,2.0,68.28692948773168,94.33393170267505,31.88455581665035,25.9412650680542
2026-05-09 18:16:02+00:00,ITA,ITA,-17.660000514201577,-11.940000024902238,0.0,-5.150000114852684,2.019999995024512,9.97000015222039,-1.2700481163153352,-1.286670182073355,2.357733959739718,5.006298825753777,0.1702184793591935,4.802386601668173,3.630303088205534,11.561404688265219,27.6500008263496,23.6758945313654,76.96274070739744,58.908587036132815,1.0,110.999999673762,0.0,2201.8671875,4137.125,37.4073307444211,58.7545120239258,38.42559856852982,0.4994000066969134,32.2743864,1.694922797728158,1898.017001152036,5.409420654177664,834.0103030204773,-825.5522847175598,860.921835899353,-64.8390665,3.0,151.639038085938,5.59688901901245,12.336612701416,-241.23600769043,42.4482434988022,27.5682240724564,-2.700199943544934,-0.69942455113997,-0.773109592401419,0.7379999494600656,147.99983215332,241.50553894043,2.0,7.0,3.0,0.0,0.0,26050904.0,2.0,68.32995421535145,94.69246882277655,31.439116859436048,22.25206089019774
2026-05-09 18:16:03+00:00,ITA,ITA,-17.70000015103792,-12.47999990332534,0.0,-6.119999931247894,1.0999999808068286,8.210000080476632,-1.0579357378669454,-1.286083692939235,3.370897370038236,5.006298911131141,0.3341312400312235,4.7686287332048405,3.6210470292857435,11.573992385396082,25.90000049306018,23.1554879043501,77.09400672912595,58.72046127319334,1.0,110.999999673762,0.0,2218.203125,4153.4609375,36.5707179484592,58.6098358154297,38.2433991743062,-0.17379999777322716,32.2745042,1.693342782874066,1898.04410934448,5.400390177965163,706.6142082214354,-810.649561882019,738.4173274040222,-64.8389623,3.0,143.356597900391,5.59688901901245,12.336612701416,-242.23600769043,42.4776494503021,27.558422088623,-2.3445998901639236,1.7181727189742,-1.08784711059399,-0.6481999626421275,148.999893188477,242.505599975586,2.0,7.0,3.0,0.0,0.0,26050904.0,2.0,66.84422004822008,95.05022047112351,31.05332164764405,23.98385673522948
2026-05-09 18:16:04+00:00,ITA,ITA,-17.58000055750996,-10.85000001733756,0.0,-2.67000004868631,6.610000007493457,15.95000015925794,-0.556365011674436,-1.28608417318691,2.679121296747356,5.005582765796665,0.5169544332972791,4.630897029440522,3.50997436493695,12.34685014658838,33.540000455222284,22.922992533871152,77.33372840881344,58.13733444213866,1.0,110.999999673762,0.0,2234.390625,4169.6484375,33.8958485298475,58.1340110778809,36.68660030395545,-0.8173999967630492,32.2746228,2.158192416392686,1898.0441093444801,5.400390177965163,1089.3784880638104,-782.1030735969543,1010.3741765022287,-64.8388615,3.0,134.976379394531,5.59688901901245,12.336612701416,-243.134002685547,42.497256398201,27.5564610958099,-0.900799989606978,1.24516995267636,-0.215099238848737,-2.228399930871248,149.999954223633,243.505661010742,2.0,7.0,3.0,0.0,0.0,26050904.0,2.0,64.79298583290884,95.3164817355381,30.87771720886235,29.12096557617188
2026-05-09 18:16:05+00:00,ITA,ITA,-17.610000455891957,-10.6000000672989,0.0,-2.200000046991014,6.859999872154729,17.20000025096064,-0.518864631768848,-1.285644533119945,1.8965498326165497,5.006298825753777,0.397699357069283,4.656552586000927,3.463965997244334,13.96351921086358,34.7999996023604,23.26199104407815,77.83853988647459,58.4086994934082,1.0,110.999999673762,0.0,2250.546875,4185.8046875,29.2166976653361,58.6806564331055,33.60259913896546,-0.28879999988394317,32.2747453,3.121916014648254,1897.908544540402,5.418451223522422,1451.1431455612178,-795.5901741981506,1344.3527460098237,-64.8387686,3.0,128.415344238281,5.59688901901245,12.336612701416,-244.23600769043,42.5129383802414,27.5623440742493,-1.393400020048786,-2.97675801695411,1.02963287468944,-3.8867999995600577,151.000015258789,244.505722045898,2.0,7.0,3.0,0.0,0.0,26050904.0,2.0,64.2986235709725,95.45805106646495,30.5654754638672,30.245033454895
2026-05-09 18:16:06+00:00,ITA,ITA,-17.750000209347522,-10.83999976661902,0.0,-2.590000006617338,6.429999934182606,16.21000018926042,-0.5102219611891226,-1.28623054200639,3.221733210263784,5.0055826804193,0.319419852992449,4.384060225383882,3.1375532204888104,14.0161618693631,33.939999555661416,22.4799488982637,78.93348541259765,60.40184326171874,1.0,110.999999673762,0.0,2267.1328125,4202.390625,26.293846276076,60.79921875,29.99059976245246,0.9355999901911776,32.2748758,2.997741339924082,1897.944712638852,5.382328853011133,1317.300009727476,-795.5652356147768,1322.933363914492,-64.8386847,3.0,121.680786132812,5.59688901901245,12.336612701416,-245.23600769043,49.370688199997,27.5545001029968,-2.499400023220692,1.22977246513133,0.619082850202108,-3.0447999345789563,152.000076293945,245.505783081055,2.0,7.0,3.0,0.0,0.0,26050904.0,2.0,64.697335863772,95.48681299305991,29.8724390029907,27.182840652465796
2026-05-09 18:16:07+00:00,ITA,ITA,-17.750000209347522,-10.83999976661902,0.0,-2.590000006617338,6.429999934182606,16.21000018926042,-0.5102219611891226,-1.28623054200639,3.221733210263784,5.0055826804193,0.319419852992449,4.384060225383882,3.1375532204888104,14.0161618693631,33.939999555661416,22.4799488982637,78.93348541259765,63.1938331604004,1.0,110.999999673762,0.0,2267.1328125,4202.390625,26.293846276076,60.79921875,23.0730005635175,1.39999998915509,32.2750729,3.07867788630563,1898.08928966522,5.32814487814903,1604.51912879944,-779.177248477936,1507.38275051117,-64.8385794,3.0,121.680786132812,5.59688901901245,12.336612701416,-245.23600769043,49.370688199997,27.5545001029968,-1.309999973844,1.22977246513133,0.619082850202108,-8.21000008047663,152.000076293945,245.505783081055,2.0,7.0,3.0,0.0,0.0,26050904.0,2.0,68.5524162086944,95.48681299305991,29.8724390029907,27.182840652465796
2026-05-09 18:16:08+00:00,ITA,ITA,-17.70999988949228,-11.059999989030361,0.0,-3.27000006538283,4.869999924922601,14.059999901758266,-0.5278005469156345,-1.285644533119945,1.697664008774178,5.005940838463903,4.80494501977653,4.000301009602202,2.945081221753518,14.377413989659662,31.78000004196908,22.000292887384,79.7873737335205,64.83103225708007,1.0,110.999999673762,0.0,2302.0703125,4237.328125,15.3665510569582,65.4221969604492,17.661400190717238,0.84919998616471,32.2751645,1.0788370805575895,1897.863340377804,5.391359515488153,1436.1800670623782,-765.7650589942932,1473.5095977783199,-64.8385441,3.0,112.349540710449,5.59688901901245,12.336612701416,-247.23600769043,97.7964222431183,28.5817921161652,-2.5517999325282164,-1.93944459454299,-3.3655631203625,-9.63859988595556,154.000198364258,247.505905151367,2.0,7.0,3.0,0.0,0.0,26050904.0,2.0,72.17255170654676,95.36644798441135,29.9747097015381,13.03756313323975
2026-05-09 18:16:09+00:00,ITA,ITA,-17.680000332619738,-11.68999990410892,0.0,-4.280000030878574,3.8599999594268537,12.039999800012023,-0.584784041428684,-1.2854981643004648,3.698770270483574,5.006298996508503,7.224228119316075,3.7523835842415005,2.735186349596536,15.07550337755508,29.709999540403782,20.954533722620752,79.35814132690425,68.49684585571288,1.0,110.999999673762,0.0,5.71875,4256.0,2.58699348541074,69.3598617553711,76.88239370592852,-2.001199899334048,32.275327,-0.8670724941411141,1898.044085502622,5.3642675280571,1002.8410434722897,-729.4241309165957,1191.317391395568,-64.8385037,4.0,110.170700073242,5.59688901901245,12.336612701416,-248.330001831055,97.8728830814362,35.4669868946075,-3.8380000481762906,-0.391546010297549,-0.781047819681708,-16.35300010330896,0.400000005960464,248.505966186523,2.0,7.0,4.0,0.0,0.0,26050904.0,2.0,79.04835697795033,95.3000483003951,29.98564281463625,11.351913814544675
2026-05-09 18:16:10+00:00,ITA,ITA,-17.730000049419903,-12.080000119867318,0.0,-5.3399999693065725,1.300000000601894,8.740000023010204,-0.592987071941443,-1.28535126187246,4.6762640850587625,5.005224693129426,4.543842469175985,3.702422031123322,2.8334639351957818,15.04613031978418,26.450000451447078,21.3433738307486,77.3116321563721,72.82903106689452,1.0,110.999999673762,0.0,25.609375,4275.890625,347.211327740521,73.7425895690918,349.13339761447577,-1.3839999828757257,32.2755026,-0.9463020268386859,1898.260974884032,5.39135942235589,761.9728922843935,-727.6830077171323,971.6321468353275,-64.8385122,4.0,109.86498260498,5.59688901901245,12.336612701416,-249.23600769043,97.8905260562897,48.1689155101776,-4.257400002132058,1.71065097315072,2.6460035450753,-12.41219985977447,1.40000021457672,249.50602722168,2.0,7.0,4.0,0.0,0.0,26050904.0,2.0,92.19715551517967,95.23574548445396,29.502652931213397,-2.1187190437316987
2026-05-09 18:16:11+00:00,ITA,ITA,-17.610000455891957,-14.2500003965424,0.0,-10.040000028948182,-5.639999934966152,-0.8299999989066011,-0.6140808838934104,-1.285790901939425,2.72596030082041,5.005582765796665,3.9964143331436848,3.6030391074729566,2.9017955382187983,13.549242966002401,16.77999962455604,21.8663469013445,70.5960468292236,74.38554794311521,1.0,110.999999673762,0.0,46.2265625,4296.5078125,336.989567157003,74.4559112548828,338.5398069966942,-0.9962000058367266,32.2756801,-0.5184387374575863,1898.351335525512,5.418451316654682,910.7814669609055,-751.5743374824524,993.7796950340277,-64.8385706,4.0,115.147758483887,5.59688901901245,12.336612701416,-250.330001831055,97.8866040706634,48.1336265802383,-2.156799975608672,0.527161790826106,-2.05650848738831,-9.909199686530965,2.39999985694885,250.506088256836,2.0,7.0,4.0,0.0,0.0,26050904.0,2.0,108.8560620329218,95.1734644045072,28.474415016174298,-25.607913780212403
2026-05-09 18:16:12+00:00,ITA,ITA,-17.709999889492302,-12.419999935806619,0.0,-5.799999976415412,1.2799999847485657,8.540000136617275,-0.600311756135194,-1.28666975518653,2.8081087362041304,5.0055826804193,3.3150233490424,3.555238113943988,2.957060007519888,13.57365730643588,26.250000218208623,20.77289252560705,64.61042404174805,75.06184295654296,1.0,110.999999673762,0.0,67.015625,4317.296875,329.127035875078,75.1325454711914,330.217800693075,-2.362199964305894,32.2758486,-0.310583567894095,1898.36938381195,5.436512548476456,1168.1994199752821,-726.9664525985715,1284.2647314071642,-64.8386651,4.0,126.648933410645,5.59688901901245,12.336612701416,-251.330001831055,97.8689610958099,40.7994836568832,-2.464200003002798,-0.180754993309077,2.36487914869651,-6.670799875541334,3.39999890327454,251.506149291992,2.0,7.0,4.0,0.0,0.0,26050904.0,2.0,122.76568080595021,95.1131504190414,27.615904712677,-44.18683387756347
2026-05-09 18:16:13+00:00,ITA,ITA,-17.78999984618388,-13.30999988088762,0.0,-7.970000210401805,-2.4899999753754622,3.610000052076898,-1.132057644431012,-1.2865233330061998,2.738210543917606,5.005582765796665,1.911787024159495,3.5201299170817455,2.994084243199046,13.782320951617578,21.39999968481736,20.00744176306025,61.41278800964355,75.6423014831543,1.0,110.999999673762,0.0,88.0,4338.28125,325.506379916811,75.6783599853516,326.14040725293364,-0.7424000266924959,32.2760084,0.17876708009135803,1897.7459430694557,5.3281450644135475,1249.318623542786,-761.2994074821474,1369.601058959962,-64.838783,4.0,136.559295654297,5.59688901901245,12.336612701416,-252.330001831055,70.9712207317352,40.7191038131714,-2.182200061749778,0.94422744225566,-0.163393146026794,-2.461600006117866,4.3999981880188,252.506210327148,2.0,7.0,4.0,0.0,0.0,26050904.0,2.0,130.9595445645128,95.12157545738259,27.4506342887878,-58.064474487304686
2026-05-09 18:16:14+00:00,ITA,ITA,-21.990000304568998,-17.1700000110692,0.0,-10.740000162263936,-3.959999947980048,3.159999991529738,-2.2619090310384,-1.2874026131401348,2.5962524044722484,5.0045084624175855,1.5245952327774002,3.498254742160902,3.0093292681151964,15.638933878416461,25.160000039889162,19.47053596033115,59.928370285034205,75.6583964538574,1.0,110.999999673762,0.0,109.015625,4359.296875,324.346340588176,75.5849212646484,324.4749831030798,-0.14079998749008898,32.2761634,0.1850037881879933,1896.6526746749878,5.364267434924839,1421.15511894226,-820.2250242233276,1521.467876434328,-64.838911,4.0,150.044464111328,5.59688901901245,12.336612701416,-253.330001831055,70.9437727928162,40.7151818275452,-2.3063998801078283,-0.197399150460193,3.02130237628682,-0.8193999401850516,5.39999723434448,253.506271362305,2.0,7.0,4.0,0.0,0.0,26050904.0,2.0,134.40137250993038,95.2054194445391,27.4430820465088,-62.97571060180665
2026-05-09 18:16:15+00:00,ITA,ITA,-22.819999769867042,-20.27999994962538,0.0,-17.38000015351676,-15.0000002466583,-12.190000017629586,-2.7086935825986203,-1.287109341892645,3.0282520510786246,5.005224778506791,1.54088208565756,3.4615262109841227,3.0373697559790362,15.001879743963162,10.610000019196644,18.625527154331948,58.047013092041,74.88739105224609,1.0,110.999999673762,0.0,129.9140625,4380.1953125,324.770167486554,74.6187767028808,324.4331987378134,1.6764000077180001,32.2763168,-0.19361608643726422,1896.7701435089118,5.373298097401856,1384.694910049438,-798.3200788497923,1435.755419731142,-64.8390401,4.0,162.7138671875,5.59688901901245,12.336612701416,-254.330001831055,70.941811800003,40.7191038131714,-2.31779997809677,0.66191832822099,-0.372049502116012,0.614200006661404,6.39999628067017,254.506332397461,2.0,7.0,4.0,0.0,0.0,26050904.0,2.0,136.7373600438152,95.35483666282235,27.43736572265625,-63.18613861083982
2026-05-09 18:16:16+00:00,ITA,ITA,-22.780000133030722,-21.0499996181595,0.0,-18.83999970464806,-16.949999959412516,-14.490000181239827,-2.78428029793539,-1.2868161240060099,1.9632051578068563,5.005582765796665,2.777055772062515,3.473139026677026,3.0419979775380037,15.980731570900039,8.279999914515756,19.93969311668285,57.07694263458255,73.37131484985349,1.0,110.999999673762,0.0,150.4375,4400.71875,323.77528213205,72.8974868774414,324.34299106340694,0.18459999093941865,32.2764678,0.42123778844071236,1897.49290943146,5.391359422355892,1552.717566490172,-778.5467505455016,1464.947247505186,-64.8391671,4.0,179.077667236328,5.59688901901245,12.336612701416,-255.330001831055,70.9496557712555,40.6975388526916,-1.306599969708196,-0.0975370156683795,-1.89928564354426,-1.7717997784878257,7.39999532699585,255.506393432617,2.0,7.0,4.0,0.0,0.0,26050904.0,2.0,136.2092388888872,95.54178235550015,27.428467655181848,-58.43616050720213
2026-05-09 18:16:17+00:00,ITA,ITA,-22.799999951448875,-19.5199996780362,0.0,-15.87000020256636,-12.090000029076393,-8.000000023406441,-2.75952438401038,-1.286962973073165,2.167135439205076,5.005940753086539,2.06781767982826,3.5185096254558923,3.008512676311238,17.160236255650638,14.799999842665084,20.110153294025253,56.55134983062745,72.54639541625977,1.0,110.999999673762,0.0,170.59375,4420.875,322.086558840899,72.6861991882324,322.5841954955236,0.0018000029742642088,32.2766133,0.21259107599163252,1897.5742340087902,5.3462062031030655,1568.3066129684441,-791.1927461624143,1596.929621696474,-64.839296,4.0,193.559371948242,5.59688901901245,12.336612701416,-256.330017089844,70.9378898143768,40.7132208347321,-2.2339999602830583,-0.937993400534142,0.410790761975148,0.34499988793775477,8.39999580383301,256.506439208984,2.0,7.0,4.0,0.0,0.0,26050904.0,2.0,135.287043139606,95.6486987216729,27.3992088317871,-52.62090682983397
2026-05-09 18:16:18+00:00,ITA,ITA,-22.69999983482964,-18.78000024939356,0.0,-13.74999998420088,-8.299999989066,-2.6999999897569857,-2.79306936401502,-1.2882809861395699,1.95455798890723,5.004866620462188,3.28665351799452,3.5663108751169537,2.945625886651142,17.48410401854406,20.0100001811686,19.408368432279353,55.6395257949829,72.07979919433595,1.0,110.999999673762,0.0,190.7109375,4440.9921875,322.78949458952,71.6896087646484,322.6769822493604,-0.7822000005575374,32.2767576,-0.20309712371748478,1897.0050334930438,5.310083832591776,1457.3308944702137,-756.0780167579651,1552.0958185195918,-64.8394255,4.0,204.698928833008,5.59688901901245,12.336612701416,-257.330017089844,70.9398508071899,40.7034188508987,-2.070600042764034,-2.49929278925072,-1.08941175752245,-2.624800033881964,9.39999961853027,257.506500244141,2.0,7.0,4.0,0.0,0.0,26050904.0,2.0,136.7032664715542,95.7423679359505,27.0833312988281,-52.91521270751955
2026-05-09 18:16:19+00:00,ITA,ITA,-22.810000031412695,-19.590000237782895,0.0,-15.909999839402701,-12.270000102387238,-8.809999947762782,-2.825736024381075,-1.287988195139755,3.323698030797778,5.004866535084824,2.074647868998275,3.549296617762362,2.965226693955742,17.126285775852743,14.010000270335462,16.98673083846685,54.602512550354,72.25218841552734,1.0,110.999999673762,0.0,210.7109375,4460.9921875,320.833656260309,72.4100028991699,320.1629972536296,0.18000000544251332,32.2768996,-0.9469603076642867,1897.221875190738,5.3281451575458085,1174.799132347108,-732.5426816940308,1333.525419235232,-64.839556,4.0,216.915756225586,5.59688901901245,12.336612701416,-258.330017089844,70.9437727928162,40.6975388526916,-3.4763999297415196,1.09472457747966,0.6719991538274,-0.49960000050550446,10.4000034332275,258.506561279297,2.0,7.0,4.0,0.0,0.0,26050904.0,2.0,139.2391108047048,95.85093379280785,26.4015438079834,-57.50440864562988
2026-05-09 18:16:20+00:00,ITA,ITA,-22.759999973103078,-21.4600005061097,0.0,-19.66999985296502,-18.03999979622252,-16.3099999643702,-2.82265987793363,-1.28842735495905,2.85783003741825,5.005224778506791,1.87238505021987,3.566850801570844,2.936369827731356,16.512118922289222,6.440000014146422,17.95464377593855,53.8422019958496,71.53466445922852,1.0,110.999999673762,0.0,230.7109375,4480.9921875,320.247270859685,71.1439178466797,320.236593907974,-0.18059999603968505,32.2770392,-0.12722001411696274,1897.0231533050562,5.3010530769825,1052.803993225097,-731.0158371925354,1142.832136154176,-64.8396906,4.0,223.399658203125,5.59688901901245,12.336612701416,-259.330017089844,70.9535777568817,40.6994968652725,-2.107799899682226,1.26389160791307,-0.324668880050031,-0.7045999669009889,11.4000072479248,259.506622314453,2.0,7.0,4.0,0.0,0.0,26050904.0,2.0,140.6620441144934,95.98738731204634,26.386399841308602,-59.63209579467774
2026-05-09 18:16:21+00:00,ITA,ITA,-22.780000133030722,-20.54000066264674,0.0,-17.979999657949076,-15.439999666952698,-12.339999979115019,-2.4051728892096502,-1.288574204026205,2.15596590278931,5.004866620462188,1.7589073268539202,3.5495667090553518,2.9736661183828943,16.518222037822095,10.450000063124765,18.043771768191647,52.504506683349604,70.15264205932615,1.0,110.999999673762,0.0,250.3046875,4500.5859375,319.113596061246,69.8356796264648,319.15418924152135,-0.48979998371938993,32.2771746,-0.14356208130588785,1896.99606895447,5.255899950861932,1349.62329864502,-730.7903647422792,1313.568449020384,-64.8398252,4.0,204.563812255859,5.59688901901245,12.336612701416,-260.330017089844,70.9496557712555,37.1098637580872,-1.478799924298204,-0.886835337011599,-0.13742259234765,-0.7207999963374103,12.4000110626221,260.506683349609,2.0,7.0,4.0,0.0,0.0,26050904.0,2.0,140.96905838561,96.13093056764335,26.152418518066398,-57.826260681152334
2026-05-09 18:16:22+00:00,ITA,ITA,-22.75000023464874,-20.49000026282768,0.0,-17.87999988283932,-15.33000015338852,-12.799999986223881,-1.97274443478945,-1.28754898195961,2.8744040463921543,5.004866535084824,1.9375305407498,3.68513815205124,3.0194023457257684,16.52318212119738,9.949999949604079,17.7105037866983,51.3378427505493,69.09887466430663,1.0,110.999999673762,0.0,269.578125,4519.859375,319.686102517476,68.9652053833008,319.01359662764537,0.39999996755298417,32.2773066,-0.47681886235623683,1897.3031997680682,5.355236958712342,1365.482711791994,-730.8810710906984,1378.9604902267479,-64.8399589,4.0,191.321899414062,5.59688901901245,12.336612701416,-261.330017089844,70.9516167640686,37.0981007814407,-2.164600030296484,0.704716507003702,0.525402109980329,0.6799999733881281,13.4000148773193,261.506744384766,2.0,7.0,4.0,0.0,0.0,26050904.0,2.0,141.3276515132626,96.25359393494759,25.948248767852803,-55.84551429748535
2026-05-09 18:16:23+00:00,ITA,ITA,-22.74999989313926,-21.179999633160698,0.0,-19.01000038101404,-16.990000108513062,-14.629999934695425,-1.9315815527044249,-1.288134563959235,2.225143253986304,5.0055826804193,2.531187104632035,3.662993056592132,2.96223238171229,17.25598526253048,8.09999996927095,18.88864567795475,51.085970878601046,68.46318237304688,1.0,110.999999673762,0.0,288.6328125,4538.9140625,318.575705003729,68.398681640625,319.37799541609263,-0.6303999880730589,32.2774375,0.17631445354241496,1897.655534744262,5.346206296235324,1451.60620212555,-731.6264629364015,1437.839102745054,-64.8400904,4.0,175.920989990234,5.59688901901245,12.336612701416,-262.330017089844,70.9496557712555,37.0981007814407,-1.51779996294952,0.117677676055693,-1.0611385096183,-0.5547999645395771,14.4000186920166,262.506805419922,2.0,7.0,4.0,0.0,0.0,26050904.0,2.0,141.1658252072954,96.39206919018045,25.8970627784729,-54.27683624267578
2026-05-09 18:16:24+00:00,ITA,ITA,-22.709999914793457,-18.059999956150158,0.0,-12.5900000999084,-6.500000152419858,-0.009999994586452043,-1.896131483529885,-1.28784182632028,1.8853805736772142,5.005224778506791,1.5902652604912548,3.596557556771394,2.81576866529225,18.58464454479066,22.719999994757263,19.261329827374603,51.202971839904805,68.38319915771486,1.0,110.999999673762,0.0,307.609375,4557.890625,318.429812163058,68.453791809082,318.699998054169,-0.5547999858839183,32.2775659,0.305329847749502,1897.5832700729338,5.373298097401856,1645.032262802124,-765.9104347229004,1649.7557878494258,-64.8402233,4.0,163.140274047852,5.59688901901245,12.336612701416,-263.330017089844,70.9437727928162,37.1039837598801,-1.87780002419385,-1.74062611209697,2.86638834982564,-0.2180000015129436,15.4000225067139,263.506866455078,2.0,7.0,4.0,0.0,0.0,26050904.0,2.0,140.38211290947382,96.4973633864254,25.967218208313,-52.03357841491699
2026-05-09 18:16:25+00:00,ITA,ITA,-22.799999951448882,-21.22000029452544,0.0,-19.489999779654198,-18.1600000727694,-16.479999786962523,-1.89950132811164,-1.288574204026205,2.5980536107337464,5.004150560505076,0.9340896539387891,3.507706998264598,2.7379087349336584,18.72731387768336,6.320000121797694,19.014294691699952,51.419002532959,68.74993927001954,1.0,110.999999673762,0.0,326.6953125,4576.9765625,321.216775231233,68.8322090148926,320.81878830452325,1.019199995519998,32.2776956,0.48295134236644743,1897.6103782653802,5.346206203103064,1397.3278045654279,-806.7271947860718,1455.5088520050042,-64.8403558,4.0,147.801666259766,5.59688901901245,12.336612701416,-264.330017089844,70.9339737892151,37.0922207832336,-2.7956000131355316,1.7857135781904,0.273301215097333,4.227399975684024,16.4000263214111,264.506927490234,2.0,7.0,4.0,0.0,0.0,26050904.0,2.0,141.261089953763,96.59787645025125,25.8472578048706,-52.89242362976074
2026-05-09 18:16:26+00:00,ITA,ITA,-22.78000013303072,-20.770000452757778,0.0,-18.319999986152617,-15.71000011842842,-12.67000005660002,-1.91869074458479,-1.288134563959235,1.4739176623908,5.0055826804193,2.3825092543264947,3.5041963237198934,2.7664936315630277,18.65063851557024,10.109999905675963,18.17834186276655,50.569886398315404,68.00672927856445,1.0,110.999999673762,0.0,345.6796875,4595.9609375,323.88554870601,67.7251991271973,323.541798945462,0.25640000537762936,32.2778312,-0.1725082629258432,1897.5923061370843,5.301053170114757,1351.6229629516597,-751.8933892250061,1322.665882110596,-64.8404792,4.0,134.128616333008,5.59688901901245,12.336612701416,-265.330017089844,70.9516167640686,37.0686948299408,-1.681200008534594,-1.71875211111489,-1.63065110183648,0.15839998959490784,17.4000301361084,265.506988525391,2.0,7.0,4.0,0.0,0.0,26050904.0,2.0,141.5497719971468,96.8122282769738,25.5393196105957,-53.81317749023437
2026-05-09 18:16:27+00:00,ITA,ITA,-22.759999973103078,-19.9100004060588,0.0,-16.54999983444504,-13.240000004159814,-9.569999856498175,-1.954432911068055,-1.288574204026205,2.6996584376097976,5.004866705839552,2.03787231623793,3.5125680438968976,2.765132417550128,18.72388102460652,13.19000011660491,17.25618436254475,50.24663429260255,67.85877639770506,1.0,110.999999673762,0.0,364.4921875,4614.7734375,323.220998620525,68.0586891174316,322.72759668318565,0.3025999678805936,32.2779681,-0.7067800672345212,1897.6826667785601,5.31911449506879,1195.60902118683,-733.4846019744872,1228.170680999754,-64.8405974,4.0,122.10474395752,5.59688901901245,12.336612701416,-266.236022949219,70.9516167640686,37.0882987976074,-2.8690000007208405,-0.563657412552188,0.41031232856813,-0.7831999811064315,18.4000339508057,266.507049560547,2.0,7.0,4.0,0.0,0.0,26050904.0,2.0,141.564478760468,97.0614174835579,25.34779272079465,-52.83279121398925
2026-05-09 18:16:28+00:00,ITA,ITA,-23.60000020138388,-22.09000042118824,0.0,-20.330000007935,-18.4800002410453,-16.40999991023472,-1.959559928535505,-1.28828141302639,2.9082718809011223,5.004866620462188,2.073596980361445,3.549836885725708,2.7267469678580682,19.034015326135798,7.169999960466808,17.70941181020475,51.1002170562744,68.11451614379882,1.0,110.999999673762,0.0,383.421875,4633.703125,321.996618909908,68.0475036621094,322.0517959100992,0.6691999928951405,32.278104,-0.29145937739298045,1897.763919830318,5.337175633758306,936.2780809402468,-727.3745417594911,1011.5919709205631,-64.8407182,4.0,105.997009277344,5.59688901901245,12.336612701416,-267.236022949219,70.9457337856293,37.0824187994003,-2.662200015342836,0.833427206405214,-0.266526761338165,-1.0870000070543486,19.4000377655029,267.507110595703,2.0,7.0,4.0,0.0,0.0,26050904.0,2.0,140.626767553468,97.26743647949306,25.08605031967165,-51.69183288574218
2026-05-09 18:16:29+00:00,ITA,ITA,-23.800000093112878,-23.5500004845837,0.0,-23.219999894834565,-23.079999799869498,-22.749999551629777,-1.958534759829765,-1.2891602662735,2.724879380695574,5.005582765796665,2.11247452383887,3.5206702277337754,2.71585734113222,19.052326380281663,1.0400000026159502,17.633571950981853,50.79311828613285,67.66773239135742,1.0,110.999999673762,0.0,402.265625,4652.546875,320.763414594884,67.5316131591797,320.60598693074263,0.0796000004239259,32.2782373,-0.32033697264118866,1897.6194143295259,5.319114308804274,1011.6079807281483,-762.2231721878052,1010.743415355683,-64.8408426,4.0,92.6302947998047,5.59688901901245,12.336612701416,-268.236022949219,70.9457337856293,37.076535820961,-1.8210000216456361,1.48695139221882,-0.669707305195743,-1.599799927096156,20.4000415802002,268.507171630859,2.0,7.0,4.0,0.0,0.0,26050904.0,2.0,140.60833150686062,97.41282047107134,24.97347393035885,-50.62368713378906
2026-05-09 18:16:30+00:00,ITA,ITA,-23.829999991494898,-23.540000404619878,0.0,-23.01000060616066,-22.920000227995757,-22.460000306264284,-1.945351107349465,-1.290039546407435,1.96140363138024,1.4884468461293343,2.006351420105145,3.536063766575694,2.739270162389968,19.47995393742294,1.369999984051394,18.2560711230686,49.756609725952146,66.64368713378907,1.0,110.999999673762,0.0,420.8984375,4671.1796875,318.938961784547,66.2641067504883,319.28580425475144,-0.49299999404660716,32.2783666,-0.14238889626433904,1897.547125816346,729.984420910477,1272.9943990707382,-825.5130529403687,1232.0188283920259,-64.8409695,4.0,77.1721954345703,5.59688901901245,12.336612701416,-269.236022949219,70.9398508071899,37.0628148317337,-1.2823999691486039,-0.917536343639719,-0.400429338323812,-0.5913999761021703,21.4000453948975,269.507232666016,2.0,7.0,4.0,0.0,0.0,26050904.0,2.0,140.921296238782,97.51644468606415,25.00197916030885,-51.547432218279155
2026-05-09 18:16:31+00:00,ITA,ITA,-23.77999993318528,-23.459999764909377,0.0,-23.150000018106763,-22.91000014803194,-22.600000059719882,-1.9223532200837998,-1.2730469962477948,2.471228054215326,-0.476737356321489,1.561370838898605,3.523370585710824,2.7556038340824562,18.584262737216058,1.1800000015314596,19.8109141687505,48.7088264465332,65.12947448730469,1.0,110.999999673762,0.0,439.109375,4689.390625,319.412457818569,64.8229820251465,319.90519859359637,-0.8809999969107096,32.2784915,0.5756240347121402,1897.5832462310802,1695.4101800918602,1309.213495254516,-829.9789190292356,1359.676361083982,-64.8410964,4.0,64.6356964111328,5.59688901901245,12.336612701416,-270.330017089844,70.9398508071899,37.0628148317337,-2.134199925517818,0.354012039735067,-0.360109450992757,1.5007999422704763,22.4000492095947,270.507293701172,2.0,7.0,4.0,0.0,0.0,26050904.0,2.0,140.41596059492502,97.59741999376925,25.06887474060055,-50.287010519845126
2026-05-09 18:16:32+00:00,ITA,ITA,-23.809999831567236,-23.330000432927058,0.0,-23.10999969825152,-22.8399995882852,-22.359999848135562,-1.94725566291084,-1.63941001903423,3.3236977746656864,0.695641048557533,3.5482845544820902,3.3208239298837183,2.994628609275896,17.9403418720807,1.450000004776028,19.7424398147738,47.98174266815185,64.28157989501952,1.0,110.999999673762,0.0,456.9921875,4707.2734375,323.119201481135,64.3386497497559,321.97739056135697,-0.6227999832227324,32.2786165,-0.25257421632030663,1897.5651979446418,1898.61164093018,1285.286664962768,-829.2691111564639,1297.0406770706181,-64.841217,4.0,51.2588729858398,5.59688901901245,12.336612701416,-271.236022949219,70.9496557712555,37.0686948299408,-2.440399995396474,-0.318449806047749,-1.95455190577,0.4203999576832841,23.400053024292,271.507354736328,2.0,7.0,4.0,0.0,0.0,26050904.0,2.0,139.1043156553968,97.6967650952471,25.1606303215027,-47.0586985015869
2026-05-09 18:16:33+00:00,ITA,ITA,-23.850000151422517,-23.320000011453818,0.0,-23.05000024299698,-22.799999951448882,-22.30999978982598,-1.9749413011029602,-1.811970746350635,4.912620988362392,1.296511844337108,7.854662050227655,2.709672604838778,3.572861111908364,19.305240772039138,1.5499999719848778,19.43617754748505,49.439151191711446,64.51599792480468,1.0,110.999999673762,0.0,474.8671875,4725.1484375,313.72569695713,64.7542762756348,315.0522016562164,-1.4194000102424273,32.2787413,-1.654349809199672,1897.8995084762541,1898.7561225891138,1062.2792005538936,-826.6907930374146,1201.186728477478,-64.8413366,4.0,36.0881271362305,5.59688901901245,12.336612701416,-272.330017089844,70.9712207317352,40.6583279371262,-3.8474000106441557,-2.58257627400845,1.73583153274303,-13.68599957488533,24.4000568389893,272.507415771484,2.0,7.0,4.0,0.0,0.0,26050904.0,2.0,134.1927894609808,97.7973328005864,25.5452968597412,-43.256541137695294
2026-05-09 18:16:34+00:00,ITA,ITA,-23.620000019802017,-23.460000106418818,0.0,-23.1099996982515,-23.09999995979714,-22.5699998198284,-1.9563374666294302,-1.729499307052195,5.534858905713373,3.3347459898463176,9.02411081821796,2.6845567186001715,3.575583539934166,19.584858129866255,1.0499999972023992,18.00833162413575,47.659242439270045,64.75967742919921,1.0,110.999999673762,0.0,492.9140625,4743.1953125,293.877003304533,64.5887672424316,296.2076059172756,0.7905999726381019,32.2788411,-2.1248654901773003,1898.026037216184,1897.56407737732,721.294665336609,-806.415379047394,935.5361580848687,-64.8414855,4.0,25.991979598999,5.59688901901245,12.336612701416,-273.236022949219,70.9398508071899,41.8522596359253,-3.90039997341461,3.96887437007996,2.43612549225915,-24.09879935420506,25.4000606536865,273.507476806641,2.0,7.0,4.0,0.0,0.0,26050904.0,2.0,140.737181659515,97.885660806933,25.9988176345825,-45.42101943969725
2026-05-09 18:16:35+00:00,ITA,ITA,-3.0999999866584282,-2.7799999891372704,0.0,-2.999999784661838,-2.629999856897096,-3.7499998055324797,-1.938759334470165,-1.721881885219485,2.2193784996216186,1.2692971156717512,8.278625338945275,2.705621534264678,3.559249014468034,8.095752274626111,-0.659999989551312,-15.110619599889631,39.34442882537845,61.43532440185546,1.0,110.999999673762,0.0,510.34375,4760.625,267.091760776167,60.582046508789,269.7549990656412,2.948600007147862,32.2788842,-2.910912389345568,1896.9779729843162,1897.0222949981678,1075.9406328201292,-816.9386744499207,996.3466525077827,-64.8416622,4.0,21.7458000183105,5.59688901901245,12.336612701416,-274.330017089844,70.6555843353272,41.6522890329361,-0.3410000064298345,2.84894767522342,1.52694641867747,-23.792198992552358,26.4000644683838,274.507537841797,2.0,7.0,4.0,0.0,0.0,26050904.0,2.0,-89.6399982597432,97.97122600176036,26.02427158355715,-50.80860420227047
2026-05-09 18:16:36+00:00,ITA,ITA,21.99000030456898,19.41000016447206,0.0,16.15999996019608,12.520000223180592,9.040000015350195,-1.93040996181836,-1.765974544932475,-0.879201453355771,-0.688725257240302,5.62870980302285,2.7142633884233542,3.5505375777571855,-14.759243933132902,-12.970000235702997,-26.461253358859402,40.9232311248779,57.15737594604493,1.0,110.999999673762,0.0,526.5390625,4776.8203125,250.798699680939,56.3718074798584,251.271387020563,2.979199980337118,32.278866,-2.879364129767416,1897.1586704254157,1896.913909912108,1698.8454103469842,-761.4270091056824,1385.6040000915523,-64.8418344,4.0,21.4892864227295,5.59688901901245,12.336612701416,-275.330017089844,70.4575777053833,41.5915161371231,1.1240000275784643,-1.45873812191332,-1.09736882118381,-15.024399560675601,27.4000682830811,275.507598876953,2.0,7.0,4.0,0.0,0.0,26050904.0,2.0,-142.64010514718862,98.05412742281135,25.810767745971653,-45.77918952941894
2026-05-09 18:16:37+00:00,ITA,ITA,23.740000296348917,19.429999641380782,0.0,14.160000018377499,7.899999992164555,1.619999998123058,-1.9384660632226849,-1.7856039749985602,-0.10455643309491443,-0.5150529513210302,2.5842475359209898,2.577881884991898,3.7092519641612443,-15.535153252091622,-22.12000031957022,-27.9961488370703,40.7547643661499,55.05180358886715,1.0,110.999999673762,0.0,541.9375,4792.21875,238.26033017625,54.8213619232178,238.68540290113202,2.2271999093227604,32.2788118,-1.9155565628737399,1802.99959182739,1897.0583677291863,1680.168700218202,-744.8907494544984,1463.4976625442519,-64.8419859,4.0,25.3421764373779,5.59688901901245,12.336612701416,-276.330017089844,74.2785453796387,41.7052239179611,-0.8093999215862168,-2.5406726365636,0.198402467896671,-9.899799467930999,28.4000720977783,276.507659912109,2.0,7.0,4.0,0.0,0.0,26050904.0,2.0,-137.8473887273472,98.1344299568832,25.630522441864002,-41.68051940917968
2026-05-09 18:16:38+00:00,ITA,ITA,23.850000151422517,19.339999604725342,0.0,14.00999984344864,7.980000119610894,1.790000076847456,-1.9444723608240602,-1.797322765345305,1.36943045299632,2.015909565485318,0.5237846291373984,2.5055052304989904,3.7735001385889704,-15.67553447161236,-22.050000442842425,-28.1035928353565,42.90746841430665,54.85951744079588,1.0,110.999999673762,0.0,557.1640625,4807.4453125,231.753891972895,54.912043762207,231.61659424227537,3.088799970523492,32.2787351,-1.0166418442159044,1537.001442909238,1897.0674276351922,1139.8968577384944,-760.101068019867,1065.976357460023,-64.8421202,4.0,35.0500793457031,5.59688901901245,12.336612701416,-277.330017089844,86.9530260562897,41.7581558227539,-2.11759983375902,0.0957790290296814,1.62892957400052,-4.380599923484306,29.4000759124756,277.507720947266,2.0,7.0,4.0,0.0,0.0,26050904.0,2.0,-131.3646403521104,98.21071975481765,25.55003128051755,-37.23409561157224
2026-05-09 18:16:39+00:00,ITA,ITA,23.800000434622337,17.64000001276448,0.0,10.159999963985605,0.9500000299935494,-7.680000068573951,-1.9435930806901252,-1.798494783118195,2.285673564349718,3.7361622264721737,-0.4318456538550385,2.444200739537494,3.830670017225078,-16.10392393635556,-31.49000011358462,-27.8102857293759,44.6646818161011,54.94883628845214,1.0,110.999999673762,0.0,572.421875,4822.703125,230.152922952201,55.0573070526123,229.71280195453943,3.608000001933186,32.2786487,-0.5903893749092726,1380.6659460067738,1897.0854520797723,970.0851917266839,-771.3741064071653,929.5837879180906,-64.8422463,4.0,44.0981483459473,5.59688901901245,12.336612701416,-278.330017089844,86.9608700275421,41.7816817760468,-1.700600029621932,0.917337414380142,-1.21454637264578,-0.646999969108086,30.4000797271728,278.507781982422,2.0,7.0,4.0,0.0,0.0,26050904.0,2.0,-127.20346234745841,98.3150338189167,25.539426040649403,-33.14484420776368
2026-05-09 18:16:40+00:00,ITA,ITA,23.809999831567236,16.37999949958856,0.0,7.76999997716333,-1.9000000172984162,-12.240000204005238,-1.938173752470545,-1.7913169479916,3.687600990199904,2.657244200835804,0.2222289975144054,2.4652658540227756,3.789562352950626,-16.07607657209048,-36.06000011553632,-28.58715827576235,45.435769271850546,54.8677173614502,1.0,110.999999673762,0.0,587.65625,4837.9375,228.682724733356,54.9389980316162,228.1113958017384,2.698399975255224,32.2785601,-1.0999943459007615,905.5518269538891,1897.139644622802,1163.836550712586,-744.4301009178163,1083.731508255006,-64.8423702,4.0,53.8117294311523,5.59688901901245,12.336612701416,-279.330017089844,86.9687080383301,41.8012857437134,-1.1341999759528658,0.176176565429987,-0.126314116755844,-2.128999931747958,31.4000835418701,279.507843017578,2.0,7.0,4.0,0.0,0.0,26050904.0,2.0,-125.7288299698038,98.45023399844246,25.544965553283703,-31.817292709350586
2026-05-09 18:16:41+00:00,ITA,ITA,23.790000354658517,16.46000013929906,0.0,7.759999897199516,-2.0199999736801697,-12.1000002797949,-1.9367084634501701,-1.79292817894464,4.873348766672657,2.359315575419398,-0.138693807946066,2.4528428925169434,3.806713299465988,-16.800487459990418,-35.91000028211692,-27.840218179639898,46.6611276626587,55.96003028869628,1.0,110.999999673762,0.0,603.078125,4853.359375,227.395821471077,56.2614189147949,226.5895996018268,2.265600001232852,32.2784678,-0.9865948388729846,355.1068365573882,1897.1035242080682,1362.206292152404,-777.5390625,1243.0685281753563,-64.8424921,4.0,65.3381881713867,5.59688901901245,12.336612701416,-280.330017089844,86.9608700275421,41.8032467365265,-1.221999923299262,-1.07633205198358,-0.0708175290787012,-1.3795999643402328,32.4000778198242,280.507904052734,2.0,7.0,4.0,0.0,0.0,26050904.0,2.0,-124.9915602262628,98.5593770062847,25.44078340530395,-31.421490325927714
2026-05-09 18:16:42+00:00,ITA,ITA,23.82000025304052,16.460000139299098,0.0,7.759999897199512,-1.890000022711964,-12.070000210658181,-1.93802733029021,-1.7921958545995702,4.99909297617941,2.6182132555784983,0.30418491261048397,2.4652656405793643,3.80453515213967,-17.36124838141466,-35.86999996226168,-27.07048574225705,47.86741104125975,57.35540039062499,1.0,110.999999673762,0.0,618.8984375,4869.1796875,225.764294184036,57.582071685791,224.770201131476,1.3434000044278487,32.2783705,-1.12863196305279,1.9244071096181863,1897.1848487854,1337.884283065796,-783.0036997795106,1293.6948299407961,-64.842614,4.0,74.5521087646484,5.59688901901245,12.336612701416,-281.330017089844,86.9745910167694,41.8091267347336,-1.72359994460001,-0.716524676779037,-1.6750222518407,-2.464799714956264,33.4000625610352,281.507965087891,2.0,7.0,4.0,0.0,0.0,26050904.0,2.0,-125.5613865162632,98.6380539553341,25.290044116973903,-32.86322410583494
2026-05-09 18:16:43+00:00,ITA,ITA,23.810000514586157,16.97000011934016,0.0,8.810000097173155,-0.6099999846025455,-10.180000294667973,-1.937440894516945,-1.79351429455279,4.994769210302696,2.4133867252951218,-1.193617819255216,2.504424908015704,3.7784003724316255,-17.07705308929636,-33.9900006384994,-25.611632467623203,47.7286434173584,58.83303131103512,1.0,110.999999673762,0.0,635.1328125,4885.4140625,222.679999320912,59.0911262512207,222.52760140807482,0.6202000023460577,32.2782667,-0.64616305882537,2.8911138419061904,1897.2028493881219,1306.667709350586,-787.6781344413755,1319.006872177124,-64.8427341,4.0,87.9310836791992,5.59688901901245,12.336612701416,-282.330017089844,86.9726300239563,41.7699187994003,-1.745800023081938,0.467818759439508,0.535895575062143,-0.8465999999519497,34.4000473022461,282.508026123047,2.0,7.0,4.0,0.0,0.0,26050904.0,2.0,-128.5126402226584,98.5801646870236,25.39187450408935,-37.23671104431152
2026-05-09 18:16:44+00:00,ITA,ITA,23.819999911531077,16.769999886101704,0.0,8.539999816452157,-0.5900000327822394,-10.430000159329241,-1.937880481223055,-1.80069164943171,4.994769210302696,2.5637836488373917,-1.59236527685677,2.5714005050450637,3.712246319093378,-16.88936973618818,-34.24999930246402,-23.5168228406904,46.5956920623779,59.20960144042969,1.0,110.999999673762,0.0,651.5546875,4901.8359375,222.255707969671,59.2508056640625,222.9222005609562,-0.5492000058308969,32.2781576,0.5950739928866472,2.7555961627513157,1897.1125602722161,1305.220746994018,-788.0746006965637,1358.037209510806,-64.842852,4.0,99.3511352539062,5.59688901901245,12.336612701416,-283.330017089844,86.9804739952087,41.8189316987991,-1.9462000358302738,-1.50882944862572,-2.53771409743592,0.4239999689678967,35.400032043457,283.508087158203,2.0,7.0,4.0,0.0,0.0,26050904.0,2.0,-130.5951403119142,98.40665056134866,25.2641009330749,-40.51100349426266
2026-05-09 18:16:45+00:00,ITA,ITA,23.80000043462234,19.66999985296502,0.0,14.710000147519139,9.26999993352727,3.6600000570256612,-1.93714815687799,-1.8103599956452698,4.995129502781414,3.445037280554066,-2.718212198258975,2.5789619940317743,3.696728897695386,-15.533245921765879,-20.1400001961698,-22.8032593177208,47.161362648010254,59.83505447387695,1.0,110.999999673762,0.0,668.1484375,4918.4296875,221.759248839659,59.8829040527344,222.7400038988082,-1.634200004096196,32.278047,0.7151974109407447,2.818837715312836,1897.2028732299798,1122.131299972536,-809.7699046134952,1240.514159202574,-64.8429699,4.0,109.461227416992,5.59688901901245,12.336612701416,-284.330017089844,86.9608700275421,41.8306946754456,-2.322599936224676,2.35400548753785,1.56141336749836,0.9171999781674384,36.400016784668,284.508148193359,2.0,7.0,4.0,0.0,0.0,26050904.0,2.0,-130.8494309867892,98.20966107549626,25.07928771972655,-41.311466674804684
2026-05-09 18:16:46+00:00,ITA,ITA,23.82999999149488,17.82000008607534,0.0,10.7300000823001,2.259999993165382,-6.19000006410778,-1.93714805015628,-1.81826967486927,4.995129502781414,2.3643289769588702,-3.63864336816801,2.590574724347314,3.683116928321102,-15.702618562237637,-30.019999970225296,-22.30010062590715,47.1166654586792,60.59859054565427,1.0,110.999999673762,0.0,684.84375,4935.125,227.424180416511,61.0544311523438,226.82459635833501,-0.6403999986677646,32.2779376,0.8893776988393232,2.755596162751316,1897.2118854522698,1136.909914016724,-807.5789213180544,1226.8923044204698,-64.8430916,4.0,124.562683105469,5.59688901901245,12.336612701416,-285.330017089844,87.0216429233551,41.8228507041931,-2.336999917330108,-2.31338827353449,0.714126159802452,5.856000057090114,37.4000015258789,285.508209228516,2.0,7.0,4.0,0.0,0.0,26050904.0,2.0,-131.6411919795286,98.02343938287049,25.335381603241,-40.7400471496582
2026-05-09 18:16:47+00:00,ITA,ITA,23.820000253040515,17.77000002776572,0.0,10.84000010812844,3.1900000233138597,-5.300000033649452,-1.9370017346976551,-1.810213573464945,4.994769210302696,3.3175577761113018,-2.58319472629345,2.59408535620333,3.675766705623162,-14.690960995207721,-29.13000070816326,-23.04710646260035,49.684762573242196,63.14191040039062,1.0,110.999999673762,0.0,702.1796875,4952.4609375,233.036601499024,63.6227256774902,232.17999742237998,-0.8455999802161809,32.2778363,0.2132490086376683,2.7284926269203416,1897.1035242080682,765.1432275772097,-792.7940249443054,960.469889640809,-64.8432295,4.0,137.460250854492,5.59688901901245,12.336612701416,-286.330017089844,87.0216429233551,41.8640226125717,-3.065599952347074,1.72147735659372,-0.494749074758958,4.689799727069067,38.3999862670898,286.508270263672,2.0,7.0,4.0,0.0,0.0,26050904.0,2.0,-131.1597292128586,97.9374780370713,26.2478802680969,-42.050135879516596
2026-05-09 18:16:48+00:00,ITA,ITA,23.810000514586157,18.2999994847155,0.0,11.81999991911012,4.4800001360510056,-3.090000034760666,-1.9375877435841,-1.80728342231101,4.99404862534526,2.231120096396888,-2.1418923620375203,2.652149135847072,3.611791098432004,-14.52463974174766,-26.89999995170528,-22.923852283932952,51.628183937072706,64.61185226440429,1.0,110.999999673762,0.0,720.03125,4970.3125,237.405982794108,64.9356262207031,236.61899746963618,-0.921800003851736,32.2777429,0.0630500960480445,2.737527107819914,1897.175788879394,822.570610046387,-738.7776732444763,960.8619689941406,-64.8433828,4.0,147.577545166016,5.59688901901245,12.336612701416,-287.330017089844,87.0255649089813,41.8679416179657,-1.9393999848699761,0.013395972812662,0.845950731774402,4.364999856797363,39.3999710083008,287.508331298828,2.0,7.0,4.0,0.0,0.0,26050904.0,2.0,-130.1980358456452,98.10688038886596,26.4666704177856,-41.594332351684564
2026-05-09 18:16:49+00:00,ITA,ITA,23.82999999149488,18.339999804570777,0.0,11.839999908283,4.589999991124602,-2.9999999981052397,-1.93714805015628,-1.800252489612415,4.9944089178239786,2.453134755037916,-1.387474969682017,2.685906918933036,3.5826617076597342,-14.33962716335968,-26.849999893395683,-23.63631870776705,52.46952381134035,65.65843597412108,1.0,110.999999673762,0.0,738.171875,4988.453125,241.690259932133,66.0331192016602,240.6948008417386,-0.22959999325887476,32.2776586,-0.29442418875540577,2.692354563623666,1897.20287322998,893.2770729064944,-760.521459579468,911.8314266204832,-64.8435473,4.0,158.603012084961,5.59688901901245,12.336612701416,-288.330017089844,87.0294868946076,41.8895065784454,-2.573200003759268,-0.199967955258566,-0.433107444592812,2.9124000685798177,40.3999557495117,288.508392333984,2.0,7.0,4.0,0.0,0.0,26050904.0,2.0,-130.437278247741,98.42163258129304,27.0795049667358,-41.880373077392576
2026-05-09 18:16:50+00:00,ITA,ITA,23.800000434622337,18.4800002410453,0.0,12.19999988415,5.210000167748755,-2.269999966407492,-1.93788048122306,-1.79248859223852,4.994769210302696,2.3367562289871264,-0.7833109068136566,2.701030494548008,3.568505244142552,-13.40578935663826,-26.0699998033883,-23.604659073416748,52.9276210784912,66.45784515380859,1.0,110.999999673762,0.0,756.59375,5006.875,243.189868945544,66.5705085754394,242.26640004900202,-0.81439999625268,32.2775809,-0.5355652393662377,2.629113104194402,1897.130632400512,817.3373579978944,-740.2801275253298,921.9768643379211,-64.8437196,4.0,165.896469116211,5.59688901901245,12.336612701416,-289.236022949219,70.4732596874237,41.9659674167633,-1.699800022371054,0.834126180217229,-0.0538573422763398,1.0551999376114076,41.3999404907227,289.508453369141,2.0,7.0,4.0,0.0,0.0,26050904.0,2.0,-130.9944850802308,98.80588877871425,27.3490339279175,-44.2163410949707
2026-05-09 18:16:51+00:00,ITA,ITA,23.810000173076695,18.4999993764445,0.0,12.250000113214341,5.200000087784939,-2.1299999568198116,-1.937734059042725,-1.79541820978393,4.993688332866542,1.8089352395287481,-0.5279865228281719,2.7126430114201336,3.552715383574044,-14.12829308496718,-25.96000028982416,-23.3558113762911,52.9386400222778,67.03285858154298,1.0,110.999999673762,0.0,775.15625,5025.4375,243.756965891952,67.1875144958496,243.1335991150864,-0.5500000010755836,32.2775058,-0.5163099969449606,2.6562165934592477,1897.0583915710442,1059.967446327208,-722.58642911911,1095.9683418273958,-64.8438956,4.0,173.950241088867,5.59688901901245,12.336612701416,-290.236022949219,70.4575777053833,41.9816493988037,-1.8350000097978,-0.67593707804903,-0.302573778373995,0.3859999978686789,42.3999252319336,290.508514404297,2.0,7.0,4.0,0.0,0.0,26050904.0,2.0,-132.3006276193636,99.1898512780011,27.4658434867859,-47.27572380065916
2026-05-09 18:16:52+00:00,ITA,ITA,23.830000333004342,18.79999972630224,0.0,12.990000054121179,6.569999943770286,-0.339999986694066,-1.9386129122898401,-1.79673675645886,4.99404862534526,1.881626872464104,-0.3945446100855305,2.7355984234468997,3.5391035422658077,-13.93488774088182,-24.169999636679517,-22.761672857185552,52.259018898010254,67.4126119995117,1.0,110.999999673762,0.0,793.859375,5044.140625,243.279836197292,67.3944969177246,242.88059797992642,-0.6386000090337138,32.2774308,-0.4950416896679548,2.638147538527846,1897.004222869872,1035.1998567581184,-777.920162677765,1131.2023401260399,-64.8440734,4.0,183.342727661133,5.59688901901245,12.336612701416,-291.236022949219,70.4242467880249,41.9502824544907,-2.068999878851886,-0.339402211739556,0.510832142541928,-0.6717999782741367,43.3999099731445,291.508575439453,2.0,7.0,4.0,0.0,0.0,26050904.0,2.0,-134.3241094100392,99.52270005663415,27.46013917922975,-50.778222885131825
2026-05-09 18:16:53+00:00,ITA,ITA,23.83000033300434,19.99000002124096,0.0,15.580000274181918,10.719999831581577,5.540000031790318,-1.939198921176285,-1.79966637400427,4.995129502781414,2.025936219153874,-0.41135596012896647,2.74883153076566,3.5042571977808743,-15.692699761524981,-18.29999999697972,-22.151239214267648,51.5840721130371,67.56040420532226,1.0,110.999999673762,0.0,812.6171875,5062.8984375,242.360656659548,67.6508079528808,242.30120122886143,-0.6936000112757063,32.277354,-0.30621302722776045,2.629113011062144,1896.977138519286,1040.665888786316,-768.5545086860658,1143.920040130614,-64.8442508,4.0,192.244522094727,5.59688901901245,12.336612701416,-292.236022949219,70.4340517520904,41.9561624526978,-1.944600021328516,0.419749702329957,-0.255918490381357,-0.6495999806672501,44.3998947143555,292.508636474609,2.0,7.0,4.0,0.0,0.0,26050904.0,2.0,-136.00802698008982,99.77128479147675,27.526280307769753,-53.34195533752442
2026-05-09 18:16:54+00:00,ITA,ITA,23.850000151422517,20.90999986470392,0.0,17.55000031761852,13.739999733482382,9.719999860672285,-1.9389056499288,-2.338004595468335,4.9944089178239786,1.9138546077986198,-1.1789064455566551,2.75558304469417,3.52358633431123,-16.04365195655312,-14.129999949240778,-21.7886663061403,50.6375913619995,67.44689483642578,1.0,110.999999673762,0.0,831.359375,5081.640625,241.893608324103,67.4601402282715,241.9366002668146,-0.1275999959166342,32.2772753,-0.170048683791274,2.5839404668658936,1897.0493793487542,1073.5601902008038,-820.5938220024111,1136.788082122802,-64.8444273,4.0,200.479354858398,5.59688901901245,12.336612701416,-293.236022949219,70.4164028167725,41.9483214616776,-2.0459999425294697,-0.383010061423605,1.96253981200433,0.0753999950403341,45.3998794555664,293.508697509766,2.0,7.0,4.0,0.0,0.0,26050904.0,2.0,-137.6537965775882,99.9444095963691,27.634397792816202,-54.9474430847168
2026-05-09 18:16:55+00:00,ITA,ITA,23.83000033300434,19.749999809656664,0.0,14.810000264138361,9.300000088041344,3.2799999745919157,-1.93861301901154,-2.90212432644997,4.993688332866542,2.3113321304622243,-1.096951485953345,2.737218843138804,3.5091575596895823,-16.16724764467908,-20.55000005959166,-20.9610335013897,49.876166725158654,67.45359512329101,1.0,110.999999673762,0.0,850.109375,5100.390625,242.134276869697,67.386003112793,242.26140035052958,0.2609999963773727,32.277196,0.14155439255608782,2.583940466865898,1897.103548049926,1066.6933536529561,-852.0278692245481,1133.6964607238779,-64.8446033,4.0,210.48274230957,5.59688901901245,12.336612701416,-294.236022949219,70.4026818275452,41.9326394796371,-2.137799990163288,-0.894563696057469,-0.903861024260884,0.5457999686780605,46.3998641967773,294.508758544922,2.0,7.0,4.0,0.0,0.0,26050904.0,2.0,-139.2901241215778,100.059289963114,27.612316989898652,-56.28381935119628
2026-05-09 18:16:56+00:00,ITA,ITA,23.859999889876878,21.659999714819822,0.0,19.32999986627102,16.55999974365414,13.880000169956869,-1.93875933447017,-2.90813062405135,4.9944089178239786,2.5763164483228183,-0.991353026125251,2.733167815253384,3.5273976225567845,-16.23019022844698,-9.989999970638568,-20.929654758569,49.43307609558105,67.38856979370117,1.0,110.999999673762,0.0,868.828125,5119.109375,242.454585421014,67.3453056335449,242.2222005288454,-0.051400000295527826,32.277117,0.029048351644985215,2.62007853016257,1897.121620178222,978.011608123779,-803.5043597221377,1079.74898815155,-64.8447791,4.0,218.927703857422,5.59688901901245,12.336612701416,-295.330017089844,70.4026818275452,41.9287174940109,-2.210399991842054,0.703582962405744,1.91594938412838,-0.5113999820579649,47.3998489379883,295.508819580078,2.0,7.0,4.0,0.0,0.0,26050904.0,2.0,-140.1843324877158,100.138622610324,27.60806493759155,-56.479583358764636
2026-05-09 18:16:57+00:00,ITA,ITA,23.81999991153106,19.27999980796136,0.0,13.7499998134462,7.170000003155499,0.2999999870039199,-1.93875976135699,-2.874291839190695,4.9944089178239786,2.08824325381948,-0.697677596857607,2.7283065988663564,3.5009907451876776,-16.62501136247634,-23.5199999031828,-21.00380499974595,48.9249034881592,67.07070922851562,1.0,110.999999673762,0.0,887.5,5137.78125,241.488113653457,66.9653709411621,241.6148000021828,0.7699999886992123,32.2770381,-0.11571218506835926,2.683320082724094,1897.2299814224239,1204.488611221314,-801.2504696846008,1225.3548145294199,-64.8449546,4.0,228.755950927734,5.59688901901245,12.336612701416,-296.236022949219,70.4066038131714,41.9385194778442,-1.3509999772616639,-0.178631137982534,-0.63844286132195,-0.5209999783550613,48.3998336791992,296.508880615234,2.0,7.0,4.0,0.0,0.0,26050904.0,2.0,-141.08051887663743,100.1766018772035,27.5739532470703,-55.57788871765134
2026-05-09 18:16:58+00:00,ITA,ITA,23.870000311350157,18.440000262699478,0.0,12.319999819187384,5.290000055071248,-1.9000000813314386,-1.938173752470545,-2.8612551424992603,4.99404862534526,2.5061313454024683,-0.8568611051998509,2.733437991923742,3.53855921887764,-16.781032349158558,-25.7600000565857,-20.519312361160253,48.51231536865235,66.85147842407224,1.0,110.999999673762,0.0,906.046875,5156.328125,240.868041759847,66.997615814209,241.33939584654541,-0.7413999932830067,32.2769578,0.28452758465674177,2.656216546893118,1897.1035242080682,1294.583988189698,-788.9569520950319,1364.82298374176,-64.8451278,4.0,239.827514648438,5.59688901901245,12.336612701416,-297.330017089844,70.4085648059845,41.9208765029907,-2.480199977265646,-1.81519299481329,-1.73013344742795,-0.7665999738912325,49.3998184204102,297.508941650391,2.0,7.0,4.0,0.0,0.0,26050904.0,2.0,-141.3087783345478,100.180269688788,27.478906917572047,-54.816540985107416
2026-05-09 18:16:59+00:00,ITA,ITA,23.8699999698407,21.11000009794238,0.0,17.7300000494199,14.039999912585333,10.109999862987296,-1.93802733029021,-2.884106607584595,4.99404862534526,2.5512505078425156,-1.055447574657501,2.7388389213212463,3.5312087400476018,-16.03220729157988,-13.739999733482364,-20.716450403627,49.0490215301514,67.0554135131836,1.0,110.999999673762,0.0,924.6953125,5174.9765625,240.430445200103,66.9599464416504,240.34659233370022,-0.8083999952319403,32.2768754,-0.13483500080317984,2.66525107435882,1897.130632400512,995.1045155525208,-760.0535392761228,1180.84201812744,-64.8453002,4.0,247.339340209961,5.59688901901245,12.336612701416,-298.236022949219,70.4124867916107,41.9130325317383,-2.274999942356376,1.39155648795878,0.999308328878464,0.07940003129472872,50.3998031616211,298.509002685547,2.0,7.0,4.0,0.0,0.0,26050904.0,2.0,-140.7756766056772,100.16370648005051,27.3276277542114,-52.856442718505846
2026-05-09 18:17:00+00:00,ITA,ITA,23.8100001730767,18.88000002450334,0.0,13.19000011660494,6.130000096589075,-0.809999967045016,-1.937880481223055,-2.8606691336128103,4.99404862534526,2.210709164623702,-1.2451019442693505,2.749101536681286,3.523313681697302,-16.68375747801814,-24.629999558410958,-21.162049383757697,49.8588529586792,67.4789776611328,1.0,110.999999673762,0.0,943.359375,5193.640625,241.654415099369,67.7613098144531,241.1700016909778,-0.0537999900316528,32.2767936,-0.3198394667313262,2.6562165468931176,1897.14868068695,1133.822655677796,-715.5179262161254,1238.1898880004878,-64.8454733,4.0,256.570556640625,5.59688901901245,12.336612701416,-299.330017089844,70.4124867916107,41.9149935245514,-1.6896000099636257,0.380669227528995,1.13405302016401,1.8131998769113846,51.399787902832,299.509063720703,2.0,7.0,4.0,0.0,0.0,26050904.0,2.0,-139.86313327973102,100.16501787637151,27.28665647506715,-50.36230796813964
2026-05-09 18:17:01+00:00,ITA,ITA,23.83000033300434,17.229999807833178,0.0,9.60000009638962,0.8000000364915859,-8.000000034078594,-1.93861301901154,-2.85510199583072,4.99404862534526,2.776487478979228,-1.95643991946698,2.7323576694404577,3.542642647472934,-18.03912040936688,-31.8300001002787,-21.9967224059954,50.090250778198254,69.28973190307617,1.0,110.999999673762,0.0,962.390625,5212.671875,246.08521345547,69.9815986633301,245.47939753269503,-0.28419999320944916,32.276716,0.44070377554841683,2.620078530162572,1897.0493555068958,1193.315839767456,-661.6054415702822,1264.6145582199083,-64.8456527,4.0,268.30712890625,5.59688901901245,12.336612701416,-300.330017089844,70.4222857952118,41.9424414634705,-2.6295999066325058,-1.47755475946817,-2.23222043987218,4.666599965024744,52.399772644043,300.509124755859,2.0,7.0,4.0,0.0,0.0,26050904.0,2.0,-139.55115755920139,100.2338456926375,29.8018741607666,-51.1598501586914
2026-05-09 18:17:02+00:00,ITA,ITA,23.859999889876878,19.11999989457816,0.0,13.460000397325938,7.119999987534551,0.5800000115153632,-1.93817332558372,-2.87194865741856,4.994048625345259,2.800837572945828,-1.782546024601955,2.7539626250022655,3.5200471437267438,-17.10680778388714,-23.2699999531442,-22.33649358135225,51.720817565918,71.98256195068359,1.0,110.999999673762,0.0,982.2109375,5232.4921875,249.325755726047,72.3670120239258,248.93280128271823,-1.167800024357688,32.2766467,0.20105437755434638,2.6200785301625737,1896.995186805724,987.7732157707211,-759.229600429535,1161.683917045594,-64.8458449,4.0,276.006408691406,5.59688901901245,12.336612701416,-301.330017089844,70.4222857952118,39.970201253891,-2.710599973773336,1.27435481739129,0.12569446385165,3.72699982652138,53.3997573852539,301.509185791016,2.0,7.0,4.0,0.0,0.0,26050904.0,2.0,-140.4516278427706,100.4331403673345,31.26740055084225,-55.190519027709946
2026-05-09 18:17:03+00:00,ITA,ITA,23.850000151422517,19.850000267785358,0.0,15.309999822706203,10.260000080604835,4.8599999516804875,-1.93817332558372,-2.87692882581885,4.99404862534526,2.281968848399564,-1.13582705507921,2.802034008645004,3.4664160714769823,-17.02288456653628,-18.98999987957694,-22.507746914412,52.1267744064331,73.18500320434569,1.0,110.999999673762,0.0,1002.4609375,5252.7421875,252.615475358649,73.3023399353027,251.906201194478,-1.2538000034143741,32.2765856,-0.05815754533443638,2.656216546893118,1897.022247314452,1024.0034699439998,-760.7658624649049,1166.80040359497,-64.8460469,4.0,284.363159179688,5.59688901901245,12.336612701416,-302.330017089844,70.4183638095856,39.8545324802399,-2.192199970958862,-0.557161689208095,0.648854150690313,1.7981999537338063,54.3997421264648,302.509246826172,2.0,7.0,4.0,0.0,0.0,26050904.0,2.0,-141.46396569664222,100.71152180243149,31.95017166137695,-57.9879313659668
2026-05-09 18:17:04+00:00,ITA,ITA,23.839999729949238,20.81999982804848,0.0,17.49999991779944,13.740000074991826,10.099999911089535,-1.93802733029021,-2.87033694621785,4.99404862534526,2.479632986187168,-0.455486292604095,2.870359464497768,3.413329578747482,-16.942394543771698,-13.739999733482353,-22.443634489994,52.2653823852539,73.72389907836912,1.0,110.999999673762,0.0,1022.8984375,5273.1796875,253.021461802914,73.8023414611816,252.8394017445496,-1.372200009327396,32.2765309,-0.20770305578118756,2.638147585093974,1897.0313310623162,1043.8795685768112,-789.5378351211548,1223.79457950592,-64.8462539,4.0,289.593566894531,5.59688901901245,12.336612701416,-303.330017089844,70.4183638095856,39.8466914892197,-2.458599973590984,0.710726486503931,-0.0021535493905321,-0.1642000208194398,55.3997268676758,303.509307861328,2.0,7.0,4.0,0.0,0.0,26050904.0,2.0,-142.1221800986532,101.02279742857101,32.161903953552255,-59.71375717163086
2026-05-09 18:17:05+00:00,ITA,ITA,23.88000004980452,21.41000010629064,0.0,18.50999979791782,15.14999973856826,11.580000219790001,-1.93875933447017,-2.875317541504965,4.993328040387825,1.971506612412768,-0.6945257046794839,2.869279355457894,3.3782113500448943,-16.54185107725576,-12.28000018235104,-22.56421208828045,51.8207571029663,73.59723632812498,1.0,110.999999673762,0.0,1043.375,5293.65625,252.238366954194,73.5965263366699,252.284599138648,-0.41579998836138515,32.2764763,-0.22006251987310993,2.52972631715238,1896.0647344589277,1148.451113700866,-737.7448678016661,1240.0709867477422,-64.8464618,4.0,297.32958984375,5.59688901901245,12.336612701416,-304.330017089844,70.4203248023987,39.8035615682602,-1.898400024140998,0.631144270585263,1.93426389605754,-0.20679994802540672,56.3997116088867,304.509368896484,2.0,7.0,4.0,0.0,0.0,26050904.0,2.0,-142.896433950512,101.30574143003349,32.339429283142096,-60.8193923950195
2026-05-09 18:17:06+00:00,ITA,ITA,23.839999729949238,20.0899994548413,0.0,15.860000122602543,10.919999723310585,5.840000040138579,-1.93831964104235,-2.8816161498584796,4.9944089178239786,2.037036813347708,-1.154740329138652,2.860637330544488,3.3776667278359502,-16.551387387374938,-18.00000015938618,-21.94692178920955,50.4575923919678,73.14315490722655,1.0,110.999999673762,0.0,1063.7265625,5314.0078125,253.350540317125,72.9625396728516,253.2388038864554,0.5260000076647988,32.2764211,0.2617375340777726,2.61104400269687,1896.0648298263561,1343.465852737426,-751.2493610382082,1388.157558441162,-64.8466684,4.0,303.430725097656,5.59688901901245,12.336612701416,-305.330017089844,70.4301297664642,39.7800356149673,-1.8434000112268358,-1.46507248203827,-0.719191065237134,1.3803999782612184,57.3996963500976,305.509429931641,2.0,7.0,4.0,0.0,0.0,26050904.0,2.0,-143.9919689726256,101.54983873059149,32.497742271423306,-61.73773956298828
2026-05-09 18:17:07+00:00,ITA,ITA,23.87000031135016,20.15999967307852,0.0,16.02000003598574,11.29000012065086,6.680000054975984,-1.937880481223055,-2.87048336839818,4.993688332866542,2.563425576170158,-0.9377670437961789,2.885753216783094,3.3874672808986404,-16.061962669189562,-17.1900000002421,-21.22272366170225,49.6303750991821,72.97049240112302,1.0,110.999999673762,0.0,1084.0078125,5334.2890625,253.317646126083,72.8668418884277,253.6236058159912,-0.5919999868764144,32.2763682,0.41754378334775283,2.647182019427416,1896.0647821426421,1323.5358715057378,-809.4894886016846,1389.826917648316,-64.8468748,4.0,310.429290771484,5.59688901901245,12.336612701416,-306.330017089844,70.4340517520904,39.7623896598816,-2.593600028574122,-1.20359512480702,0.10763901886328,-0.9009999700753568,58.3996810913086,306.509490966797,2.0,7.0,4.0,0.0,0.0,26050904.0,2.0,-145.3161377470156,101.7810713698475,32.53973922729495,-63.09160812377928
2026-05-09 18:17:08+00:00,ITA,ITA,23.840000071458697,20.87000022786754,0.0,17.090000225132297,12.90999992667482,8.16000012888872,-1.9389056499288,-2.8841067143063,4.9944089178239786,2.3797266139142885,-1.21883391717555,2.8654982907994215,3.400806939168448,-16.228283239630702,-15.680000220046429,-21.2236508598821,48.908521842956546,72.57341766357422,1.0,110.999999673762,0.0,1104.234375,5354.515625,252.253830502475,72.2749534606934,252.454796524462,0.0784000035548316,32.2763141,0.15476455604212477,2.6562165468931203,1896.0557222366363,1163.504648208618,-778.1427264213562,1251.8522024154659,-64.8470803,4.0,316.110809326172,5.59688901901245,12.336612701416,-307.330017089844,70.426207780838,39.7310227155685,-1.9637999178731742,0.120337714572296,1.05934996055111,-0.04620000785968936,59.3996658325195,307.509552001953,2.0,7.0,4.0,0.0,0.0,26050904.0,2.0,-146.6116060665136,101.949199891362,32.450945663452146,-64.07269546508789
2026-05-09 18:17:09+00:00,ITA,ITA,23.849999809913058,18.91999966133964,0.0,13.409999997506839,7.009999876328854,0.1999999664342141,-1.93831964104235,-2.885425154259525,4.99404862534526,2.6941275638633337,-1.306043640128125,2.882782426003598,3.401896098208971,-16.61051565200082,-23.659999998147878,-20.0330549724478,47.57446746826175,71.8313735961914,1.0,110.999999673762,0.0,1124.2265625,5374.5078125,252.539496334321,71.7595092773437,253.14660179681178,-0.3065999934628185,32.2762591,0.7274246768546843,2.620078530162572,1896.0105657577537,1272.0894098281863,-805.9683561325074,1305.0936698913579,-64.8472832,4.0,323.350219726562,5.59688901901245,12.336612701416,-308.330017089844,70.426207780838,39.7271007299423,-2.34639998651968,-0.641292010701198,-1.89529318453097,0.35420000067133145,60.3996505737305,308.509613037109,2.0,7.0,4.0,0.0,0.0,26050904.0,2.0,-147.6848446191008,102.061812635303,32.1385374069214,-64.2000325012207
2026-05-09 18:17:10+00:00,ITA,ITA,23.85999988987688,21.969999803131902,0.0,20.04000007955056,17.95000010107658,15.949999988503219,-1.9389061835373251,-2.893042095844555,4.993688332866542,2.738888312126684,-1.23512077005571,2.840112526711238,3.4122409319711458,-16.602123398567603,-7.919999981337469,-20.01074074442935,47.34113159179685,71.39653747558594,1.0,110.999999673762,0.0,1144.1015625,5394.3828125,252.907424964532,71.3034873962402,253.1498037894944,-1.396600006363618,32.2762051,0.417423243849115,2.592975040897726,1895.983457565312,1109.812688827514,-807.9967379570007,1218.0406808853159,-64.8474849,4.0,329.230285644531,5.59688901901245,12.336612701416,-309.330017089844,70.426207780838,39.7153377532959,-2.4368000161283723,1.25674424183347,0.267811530593215,0.11740000151849532,61.3996353149414,309.509674072266,2.0,7.0,4.0,0.0,0.0,26050904.0,2.0,-148.0847959082156,102.160331283891,31.76681842803955,-63.04670288085938
2026-05-09 18:17:11+00:00,ITA,ITA,23.85999988987688,21.99000030456898,0.0,19.860000006239698,17.1700000110692,14.740000045901121,-1.9389056499288,-2.895678975751005,4.993328040387825,2.097911642721728,-1.09222222028335,2.8309304472778942,3.4323864468620497,-16.590297609038657,-9.110000105521427,-20.84383599296875,47.1248777389526,70.89368911743162,1.0,110.999999673762,0.0,1163.8203125,5414.1015625,253.986321645827,70.7753883361816,253.79080338272198,-0.714799979308415,32.2761537,-0.05330564942088249,2.611044049263,1896.0647344589281,1126.500439643858,-809.4254493713382,1221.8908071517958,-64.847686,4.0,335.993530273438,5.59688901901245,12.336612701416,-310.330017089844,70.4222857952118,39.7231817245483,-1.91739990286468,-0.603544329922888,0.287574309430676,0.877799967907196,62.3996200561524,310.509735107422,2.0,7.0,4.0,0.0,0.0,26050904.0,2.0,-148.050270667999,102.256981875741,31.613747978210448,-61.319797668457035
2026-05-09 18:17:12+00:00,ITA,ITA,23.839999729949238,21.870000028022098,0.0,19.57999981630964,17.060000155995578,14.129999607731325,-1.9389061835373251,-2.892895673664225,4.99404862534526,2.266212669201402,-0.946172712147791,2.8312005812595658,3.4528041874800666,-16.680706432515922,-9.719999946049667,-20.916392238748102,47.0204063415527,70.80621047973632,1.0,110.999999673762,0.0,1183.5078125,5433.7890625,254.426595639726,70.8075782775879,254.21520401698962,0.26219999658152054,32.2761056,-0.2924444904409894,2.54779537208378,1895.965385437016,1129.2896986007702,-810.2633833885192,1256.406259536744,-64.8478873,4.0,341.406219482422,5.59688901901245,12.336612701416,-311.330017089844,70.4281687736511,39.7369027137756,-2.1230000374489237,0.42367116472847,0.553874020339791,-0.11879998886112811,63.3996047973633,311.509796142578,2.0,7.0,4.0,0.0,0.0,26050904.0,2.0,-148.64557083152778,102.37027422350451,31.539686393737803,-61.3131056213379
2026-05-09 18:17:13+00:00,ITA,ITA,23.8699999698407,20.199999992933776,0.0,15.98000005763996,11.110000047339996,6.209999925214643,-1.939345343356615,-2.8885011939852596,4.993328040387825,2.2078444338754126,-0.930412317442251,2.794472007394106,3.43347560590257,-17.325771354337242,-17.66000000193738,-19.50073222665175,45.63808422088625,70.31329650878908,1.0,110.999999673762,0.0,1203.078125,5453.359375,253.120936677986,70.0683700561523,253.85919816499478,-0.06680000213724532,32.2760569,0.3938027014642681,2.4935741443187,1896.0829019546522,1213.7758731842039,-826.6013741493227,1312.855863571168,-64.8480877,4.0,347.632476806641,5.59688901901245,12.336612701416,-312.330017089844,70.4320907592774,39.6996557712555,-2.1220000123770704,-1.25963629333845,-2.05637828690726,-0.6739999723673907,64.3995895385742,312.509857177734,2.0,7.0,4.0,0.0,0.0,26050904.0,2.0,-150.08524630101,102.4457000025085,31.453936386108403,-62.89939270019532
2026-05-09 18:17:14+00:00,ITA,ITA,23.87999970829506,21.909999664858482,0.0,19.91999980300368,17.649999751218843,15.32999964112434,-1.93905207210913,-2.897876268951335,4.99404862534526,2.4517021655481903,-1.055447628018357,2.8228286476391524,3.445181696366326,-16.52621096858482,-8.559999976379785,-19.04334263246635,45.0937099456787,69.94464202880859,1.0,110.999999673762,0.0,1222.546875,5472.828125,251.902840741406,69.8365173339844,252.46780120464183,-0.6698000036693852,32.2760048,0.3536702367918752,2.574905985966324,1896.155190467834,1065.3463363647459,-852.173388004303,1244.496631622316,-64.8482856,4.0,354.229919433594,5.59688901901245,12.336612701416,-313.330017089844,70.4183638095856,39.7094577550888,-2.650000016824724,0.496759551613322,0.556994456295135,-1.280400004382262,65.3995742797852,313.509918212891,2.0,7.0,4.0,0.0,0.0,26050904.0,2.0,-151.1447944224242,102.454633889943,31.24188995361325,-63.792719879150376
2026-05-09 18:17:15+00:00,ITA,ITA,23.85999954836742,21.9499996432043,0.0,19.70000043436596,17.28999994610658,14.790000104210742,-1.93861301901154,-2.8885011939852596,4.992967747909106,2.607112234497838,-1.36068152495023,2.81580695704029,3.4511708331174176,-16.231334285132938,-9.04999996724798,-18.69171510248395,44.777514839172355,69.5582666015625,1.0,110.999999673762,0.0,1241.890625,5492.171875,252.144656758781,69.5747680664062,252.447398063553,-0.0967999951930594,32.2759505,0.4617023517181883,2.647182065993546,1897.1035242080682,1071.13559246063,-841.3539171218872,1173.687362670898,-64.8484812,4.0,358.802734375,5.59688901901245,12.336612701416,-314.236022949219,70.4144418239594,39.7016167640686,-2.22719995201144,0.740936733368015,0.77173197526234,0.6555999710158206,66.3995590209961,314.509979248047,2.0,7.0,4.0,0.0,0.0,26050904.0,2.0,-151.2442611012694,102.41034352827,31.03116188049315,-63.021898498535165
2026-05-09 18:17:16+00:00,ITA,ITA,23.83000033300434,20.55999945653656,0.0,16.549999834445043,11.700000154827414,6.889999898602769,-1.939198921176285,-2.87985844336426,4.992967747909106,2.56879692231082,-1.344921130244695,2.7966325242946257,3.4628771370245857,-16.29999920138748,-16.94999995941252,-18.19125433539245,43.811770248413055,68.96516555786135,1.0,110.999999673762,0.0,1261.109375,5511.390625,252.379833832283,68.8300666809082,253.13099618059601,0.5721999728358057,32.2758975,0.6829503483053108,2.529726363718508,1897.1035242080682,1242.51322746277,-773.4086155891421,1275.052857398988,-64.8486762,4.0,364.744171142578,5.59688901901245,12.336612701416,-315.236022949219,70.4203248023987,39.7016167640686,-1.87860003144473,0.118698589233412,-0.442240634812736,0.40019999713002263,67.399543762207,315.510040283203,2.0,7.0,4.0,0.0,0.0,26050904.0,2.0,-152.1744591001818,102.37308826144249,30.9621437072754,-62.2457858276367
2026-05-09 18:17:17+00:00,ITA,ITA,23.86000023138634,19.9299998829675,0.0,15.5700001942181,10.510000201398203,5.299999990960762,-1.938466490109505,-2.888208456346305,4.993328040387825,2.811938081762298,-1.423199633805535,2.792041441889274,3.4876506173423643,-16.19738414684448,-18.540000037809257,-17.39449740078485,42.73463802337645,68.27449905395508,1.0,110.999999673762,0.0,1280.125,5530.40625,252.727736347847,68.1560485839844,253.5131971740956,-0.2130000032192018,32.2758456,0.9283807096901422,2.5568228214979136,1896.8596458435059,1272.327184677124,-820.0539469718935,1308.2059144973741,-64.8488693,4.0,370.886016845703,5.59688901901245,12.336612701416,-316.236022949219,70.4085648059845,39.6878927946091,-2.470799929420416,-1.58997785893758,-1.11840633743598,0.4514000038670874,68.399528503418,316.510101318359,2.0,7.0,4.0,0.0,0.0,26050904.0,2.0,-153.0839452334556,102.31857310658151,30.84321670532225,-62.78336608886718
2026-05-09 18:17:18+00:00,ITA,ITA,23.84999980991306,22.299999709862142,0.0,20.68999981304724,18.8799996829939,16.94999995941252,-1.93875933447017,-2.8915772337109997,4.9944089178239786,3.140304634129902,-1.2892332105594049,2.766925683716716,3.496907316592388,-15.34327411377628,-6.899999935877896,-18.00930834118705,42.62137928009035,68.0672735595703,1.0,110.999999673762,0.0,1299.046875,5549.328125,252.974196893858,67.8952125549316,253.40700139288037,-0.8111999885935056,32.275795,0.5557908542334171,2.574905985966324,1897.1125602722161,1046.907305717468,-828.1289458274841,1095.3660964965839,-64.8490616,4.0,377.600433349609,5.59688901901245,12.336612701416,-317.330017089844,70.4222857952118,39.6682858467102,-2.37000004033805,1.42961771710867,0.0727635593629863,-0.27219998583188676,69.3995132446289,317.510162353516,2.0,7.0,4.0,0.0,0.0,26050904.0,2.0,-153.29676026761462,102.253908290615,30.77979469299315,-62.1659097290039
2026-05-09 18:17:19+00:00,ITA,ITA,23.83000033300434,21.66999979478362,0.0,19.06000009781416,15.810000064292922,12.600000179872195,-1.93875933447017,-2.883667447765305,4.99404862534526,2.2834007975590582,-1.34281924624933,2.765035514241278,3.5042573685356038,-15.264310296781739,-11.239999806209148,-18.992871803368203,42.713525390624994,67.66865798950195,1.0,110.999999673762,0.0,1317.875,5568.15625,253.614376864385,67.5818756103516,253.5585988075468,-0.24760000032315538,32.2757456,0.1513540366499959,2.6020095217973003,1897.14868068695,1200.178170204164,-800.9314775466921,1228.5475015640259,-64.8492532,4.0,383.036987304688,5.59688901901245,12.336612701416,-318.236022949219,70.4124867916107,39.6741688251495,-1.62239995584267,-0.639761087831763,0.488106235543444,0.4563999654752429,70.3994979858398,318.510223388672,2.0,7.0,4.0,0.0,0.0,26050904.0,2.0,-152.72267193957262,102.1946393240915,30.722585105896002,-60.260056457519525
2026-05-09 18:17:20+00:00,ITA,ITA,23.82999999149488,20.68000041610232,0.0,17.18999982948738,13.409999997506862,9.059999876457063,-1.93832017465088,-2.881909421105965,4.992967747909106,2.664048307220928,-1.390626888540565,2.759093975370964,3.4963627797608097,-15.545071711294861,-14.77000011503784,-19.164485428906602,42.9129238128662,67.85840148925783,1.0,110.999999673762,0.0,1336.6875,5586.96875,253.48924779879,67.9697616577148,253.7416041640924,0.1638000011857442,32.2756973,0.22563496038995517,2.6291130576282717,1897.175788879394,1269.423246383666,-814.6519899368286,1278.679490089416,-64.8494449,4.0,374.635528564453,5.59688901901245,12.336612701416,-319.330017089844,70.4242467880249,39.6898537874222,-2.071999996756132,0.284366201594033,0.238266133275723,-0.10860000246711761,71.3994827270508,319.510284423828,2.0,7.0,4.0,0.0,0.0,26050904.0,2.0,-152.1980314490456,102.164525020041,30.870308303833,-59.2401530456543
2026-05-09 18:17:21+00:00,ITA,ITA,23.850000151422517,20.039999738041082,0.0,15.640000070945899,10.68999976244488,5.359999915790793,-1.93875933447017,-2.878686425591365,4.993688332866542,2.362180327512032,-1.533524477817575,2.764765166816192,3.4977239510850304,-15.798748693673158,-18.48999963799016,-19.1266632563777,43.224365615844704,68.49290863037109,1.0,110.999999673762,0.0,1355.6484375,5605.9296875,253.23825200717,68.5660034179687,253.6760015631524,-0.05899999666231196,32.2756486,0.30652016029080736,2.6291130576282717,1897.049331665038,1328.387141227722,-798.8967061042787,1324.1045475006079,-64.8496378,4.0,368.685974121094,5.59688901901245,12.336612701416,-320.330017089844,70.4105257987976,39.6820098161697,-2.1066000275441263,-1.13748796498629,0.363851781008116,-0.1645999910943461,72.3994674682617,320.510345458984,2.0,7.0,4.0,0.0,0.0,26050904.0,2.0,-152.1675933940284,102.1473163584275,31.19763736724855,-59.9227047729492
2026-05-09 18:17:22+00:00,ITA,ITA,23.840000071458697,19.319999786307157,0.0,13.97000020661228,7.740000078781345,1.3200000751521592,-1.9383201746508751,-2.88996605611882,4.9944089178239786,2.741395119618124,-2.2627249184791003,2.746671099242504,3.527125055320218,-15.912045481059119,-22.5100003645739,-18.0078808316505,43.4326217651367,69.3804734802246,1.0,110.999999673762,0.0,1374.8359375,5625.1171875,253.53714108525,69.5481536865234,254.19740727608843,-0.04219999945298988,32.2755989,0.8059880740091092,2.647182065993548,1897.193837165832,1146.2593078613281,-733.3728909492495,1244.619846343994,-64.8498327,4.0,359.353576660156,5.59688901901245,12.336612701416,-321.330017089844,70.4164028167725,39.6976947784424,-2.699399957638394,-0.413477560959475,-0.721001065367187,1.7213999726848612,73.3994522094726,321.510406494141,2.0,7.0,4.0,0.0,0.0,26050904.0,2.0,-152.80746464000478,102.1201561111925,31.4871992111206,-61.828886260986316
2026-05-09 18:17:23+00:00,ITA,ITA,23.600000201383857,19.5699997363458,0.0,14.890000050075221,9.720000031427023,4.239999903122381,-1.938466490109505,-2.89201692713882,4.99404862534526,3.337252711960398,-1.737890301169265,2.77232695462368,3.502079391964018,-15.8491032388007,-19.360000106162442,-16.83695759657315,43.88926849365235,70.54596221923825,1.0,110.999999673762,0.0,1394.328125,5644.609375,255.481613979683,70.8049621582031,256.3122032318156,-1.4003999821083553,32.2755511,1.1934511199507838,2.611044049262998,1897.121596336364,988.337504863739,-819.6480989456177,1172.516942024232,-64.8500315,4.0,353.668212890625,5.59688901901245,12.336612701416,-322.330017089844,70.4203248023987,39.6800488233566,-3.15980000038919,0.187356291100615,-1.85687208978918,1.634999968658392,74.3994369506836,322.510467529297,2.0,7.0,4.0,0.0,0.0,26050904.0,2.0,-153.50930755835859,102.11733524306601,31.783337402343747,-64.0633268737793
2026-05-09 18:17:24+00:00,ITA,ITA,22.649999776519998,20.99999955984986,0.0,19.45000014281784,17.6200001943463,15.54999986353574,-1.9389057566505001,-2.900952415398785,4.99404862534526,3.4844267253654335,-1.52459427228205,2.800143198839332,3.4710440795925366,-15.3051271657523,-7.089999918397834,-16.4790377548179,44.09472312927245,71.18642395019532,1.0,110.999999673762,0.0,1414.0859375,5664.3671875,256.180315011018,71.2705078125,257.26420592663465,-2.4649999035319703,32.2755072,1.148020628950634,2.64718201942742,1897.0493793487542,863.4588718414307,-748.597252368927,1126.1797666549699,-64.8502345,4.0,347.564666748047,5.59688901901245,12.336612701416,-323.330017089844,70.4164028167725,39.6996557712555,-2.643199965864426,2.15587429287707,-0.0110213156411889,0.27900000610969505,75.3994216918945,323.510528564453,2.0,7.0,4.0,0.0,0.0,26050904.0,2.0,-154.3424212484088,102.144068603477,32.06788501739505,-65.60881072998046
2026-05-09 18:17:25+00:00,ITA,ITA,22.749999893139254,21.69999969316564,0.0,20.510000081245856,19.169999952887757,17.829999824529683,-1.939052605717655,-2.8890872028717096,4.993688332866542,2.4026442464572098,-1.6606617257499,2.820938222031626,3.434019801224694,-15.110959231046081,-4.950000095057616,-16.1305726024213,42.93761558532715,70.44367401123046,1.0,110.999999673762,0.0,1433.765625,5684.046875,255.185511618784,70.1900985717774,256.4989952452372,-1.7430000083760326,32.275464,0.9980170069106787,2.5658714585006224,1897.0493555068958,1168.4617400169386,-793.1079745292664,1268.732428550722,-64.8504379,4.0,339.491607666016,5.59688901901245,12.336612701416,-324.330017089844,70.3615128993988,39.6526038646698,-1.5340000190663678,-0.389051176981496,2.15046734437535,-1.2165999970857941,76.3994064331055,324.510589599609,2.0,7.0,4.0,0.0,0.0,26050904.0,2.0,-156.1457851666646,102.139099640856,32.089423370361345,-66.4416828918457
2026-05-09 18:17:26+00:00,ITA,ITA,22.78999987148506,21.32000041114466,0.0,20.120000036242157,18.540000037809282,16.85999992275712,-1.939198921176285,-2.895678975751005,4.992607455430388,2.8710226331774917,-1.7084703285364902,2.8476741864526742,3.4329310690709915,-15.254392179087981,-5.920000039518874,-14.44113086074735,40.8385986328125,69.05811538696291,1.0,110.999999673762,0.0,1453.046875,5703.328125,253.941351680332,68.8272102355957,255.6687994120006,-0.7561999329906602,32.2754181,1.456012044005174,2.574905985966322,1897.121620178222,1302.305579185486,-763.9943838119505,1343.64228248596,-64.8506366,4.0,331.774047851562,5.59688901901245,12.336612701416,-325.330017089844,70.347785949707,39.634957909584,-2.228599970036562,0.0910034194589466,-0.469017991247374,-0.8717999615503704,77.3993911743164,325.510650634766,2.0,7.0,4.0,0.0,0.0,26050904.0,2.0,-157.9240249170776,102.044067803839,31.904305458068798,-66.65985351562499
2026-05-09 18:17:27+00:00,ITA,ITA,22.779999791521238,22.48999952162734,0.0,22.429999724863357,22.35999984813558,22.3199995282803,-1.93875933447017,-2.895385811225225,4.993328040387825,2.978806945639066,-0.605739595410812,2.830930233834484,3.4879226723147427,-15.2395143195284,-0.47000001770354977,-15.6164215749121,40.114963531494155,67.93001037597655,1.0,110.999999673762,0.0,1472.0078125,5722.2890625,252.50881512457,67.7463478088379,253.59560204039417,-1.5901999681516559,32.2753699,0.6610649707893904,2.6020094752311698,1896.9228506088261,1120.7267045974738,-781.0771465301515,1292.214131355286,-64.8508307,4.0,325.239044189453,5.59688901901245,12.336612701416,-326.330017089844,70.3301429748535,39.6192759275436,-2.4361999840097885,0.529038705465684,-0.821321122988189,-3.30819994737288,78.3993759155274,326.510711669922,2.0,7.0,4.0,0.0,0.0,26050904.0,2.0,-158.48943070864658,101.8781351881425,31.5704292297363,-65.41210464477537
2026-05-09 18:17:28+00:00,ITA,ITA,22.66999993644766,21.89999958489464,0.0,21.00999963981368,19.49000012116366,18.34000014608024,-1.93905207210913,-3.649352784621475,4.992967747909106,2.698066277825584,-0.872097016082328,3.0080913817054964,3.726130813015544,-15.391339521003479,-4.330000051835599,-15.6183143910858,39.46522521972655,66.91052307128908,1.0,110.999999673762,0.0,1490.671875,5740.953125,249.027768232938,66.5344116210937,250.1713987151108,-2.034199979653308,32.2753158,0.5529695858998054,2.6742856018245202,1897.103548049926,1127.427577972412,-803.8693070411682,1259.7362756729103,-64.8510192,4.0,316.639617919922,5.59688901901245,12.336612701416,-327.330017089844,70.3340649604797,39.629077911377,-1.885200021895372,-1.27490464761948,0.294973832220607,-3.1291998991338836,79.3993606567383,327.510772705078,2.0,7.0,4.0,0.0,0.0,26050904.0,2.0,-158.45831236678842,101.621562547066,31.0831306457519,-63.4093231201172
2026-05-09 18:17:29+00:00,ITA,ITA,22.779999791521238,20.39000014620846,0.0,17.73000039092936,14.589999870972258,11.039999999857468,-1.9389056499288,-4.431298454013925,4.993328040387825,2.9974274500430362,-0.9577302993579515,2.996208560096964,3.7476377980514455,-14.988507258096641,-11.719999973245617,-15.32697096449165,39.1766881942749,66.51888381958005,1.0,110.999999673762,0.0,1509.1640625,5759.4453125,245.727775995824,66.6127922058105,247.149395177217,-1.981200038227194,32.2752535,0.6671401359075115,2.574898907914754,1897.049331665038,1082.1038842201237,-665.4890179634092,1229.4132232666002,-64.8512017,4.0,308.56298828125,5.59688901901245,12.336612701416,-328.330017089844,70.3419089317322,39.634957909584,-2.8423999997529554,-0.451576035984689,-0.590581271208438,-2.91439996931314,80.3993453979492,328.510833740234,2.0,7.0,4.0,0.0,0.0,26050904.0,2.0,-158.76269564903617,101.2732604654355,30.882494544982947,-62.605115661621085
2026-05-09 18:17:30+00:00,ITA,ITA,22.75000023464874,21.86999968651266,0.0,21.2999999097076,20.39999954315332,19.7099996605561,-1.93949219242377,-4.438183071253885,4.992967747909106,3.4797713964932,-0.964559528032612,2.953268697577662,3.75389852019941,-12.538326986761579,-3.0299999872006707,-15.5647426561045,39.25108966827395,66.46175354003908,1.0,110.999999673762,0.0,1527.640625,5777.921875,244.544787231578,66.4188217163086,245.15100203740062,-2.3477999618561243,32.2751839,0.5501996133540773,2.602009521797296,1897.0583677291859,808.2893610000609,-760.9227061271666,1027.6062846183772,-64.8513803,4.0,298.390014648438,5.59688901901245,12.336612701416,-329.330017089844,70.3340649604797,39.629077911377,-3.3564000373927882,0.257151312846117,0.474351995463184,-1.2263999311625866,81.3993301391602,329.510894775391,2.0,7.0,4.0,0.0,0.0,26050904.0,2.0,-158.695440142317,100.84229943447,30.7952442169189,-62.2500910949707
2026-05-09 18:17:31+00:00,ITA,ITA,22.77999979152124,22.589999638246578,0.0,22.519999761518804,22.430000066372845,22.429999724863357,-1.939198921176285,-4.438622764681705,4.993328040387825,3.2416430836283263,-0.5421705378877205,2.9751438298098263,3.7705054421473756,-10.76983357478492,-0.3399999973662352,-15.78277851611055,38.56934165954585,65.60374877929686,1.0,110.999999673762,0.0,1545.9609375,5796.2421875,242.172362004509,65.3500030517578,243.03759397611256,-1.4647999681625516,32.2751107,0.3911999758387236,2.71945809945464,1897.040319442748,749.0979909896851,-816.4962530136108,918.5729742050171,-64.8515556,4.0,290.505676269531,5.59688901901245,12.336612701416,-330.330017089844,60.3473961353302,39.6369189023972,-2.07019998577774,2.62879061459323,1.57242096439777,-3.50079988408906,82.3993148803711,330.510955810547,2.0,7.0,4.0,0.0,0.0,26050904.0,2.0,-158.9436683412848,100.3781300237595,30.646312522888202,-61.2210223388672
2026-05-09 18:17:32+00:00,ITA,ITA,22.61999987813804,20.609999514846184,0.0,18.090000196041622,14.7299999659373,11.469999937829602,-1.93831964104235,-4.435693040414595,4.993328040387825,1.68432055121164,-1.3197040718290052,3.024565285719382,3.820597622633424,-14.174069695803519,-11.160000233715664,-16.5604433644407,37.160884094238256,63.67686630249024,1.0,110.999999673762,0.0,1563.8125,5814.09375,240.876620477445,63.2010635375976,240.98400744365122,0.150399997127399,32.2750332,0.41363469399700376,2.7465616818517455,1896.8235492706303,1194.5689439773564,-821.8783140182495,1167.8298473358159,-64.8517233,4.0,278.219360351562,5.59688901901245,12.336612701416,-331.330017089844,60.3258311748505,39.6173149347305,-0.9585999905466217,-3.43180336215034,0.0567251546138856,-0.3589999701384218,83.399299621582,331.511016845703,2.0,7.0,4.0,0.0,0.0,26050904.0,2.0,-158.493927705196,99.8427422305734,30.1818483352661,-59.20341407775878
2026-05-09 18:17:33+00:00,ITA,ITA,22.019999861441498,19.5800001578191,0.0,16.85000018430274,13.5900000708177,10.419999823233342,-1.9389056499288,-4.436132093512175,4.992607455430388,2.8882108042238297,-1.1069326334865606,3.080198072971462,3.932214781125116,-14.10120848207772,-11.589999702112284,-16.7067297947631,37.1557205200195,63.20069549560545,1.0,110.999999673762,0.0,1581.359375,5831.640625,239.393267314258,63.1567337036133,240.15859820698498,-0.2484000039054756,32.2749541,0.6574170841475636,2.746561635285616,1897.0583915710438,1049.309623241423,-721.3926315307617,1155.337953567506,-64.8518854,4.0,268.326965332031,5.59688901901245,12.336612701416,-332.330017089844,60.3395521640778,39.6094739437103,-2.744399975966106,-0.335910731093637,-0.762268107837052,-1.5537999690739546,84.399284362793,332.511077880859,2.0,7.0,4.0,0.0,0.0,26050904.0,2.0,-157.4360625423934,99.3177807211554,29.8786376953125,-57.248282318115244
2026-05-09 18:17:34+00:00,ITA,ITA,21.7799999913667,20.9499998430497,0.0,20.080000057896363,19.04000010864126,17.8899999628031,-1.9389061835373251,-4.445507168478255,4.992967747909106,2.623942290188256,-1.7462959695208748,3.062643846474296,3.968966492256392,-13.504971387349638,-3.880000044649292,-17.7980198543073,37.57008876800535,63.07107055664062,1.0,110.999999673762,0.0,1598.9140625,5849.1953125,238.623887485391,62.9668556213379,238.9220006539812,0.6877999907233442,32.2748725,0.2972272156814574,2.818837715312836,1897.257041931152,915.3531551361086,-786.5053653717043,1014.6084666252136,-64.8520454,4.0,258.278167724609,5.59688901901245,12.336612701416,-333.330017089844,60.3395521640778,39.6329998970032,-2.332399934334492,-0.0846199473390152,1.82490957923787,0.06319998718407316,85.3992691040039,333.511138916016,2.0,7.0,4.0,0.0,0.0,26050904.0,2.0,-156.599074769046,98.79597475913394,29.775608253479,-56.15094726562499
2026-05-09 18:17:35+00:00,ITA,ITA,21.66999979478366,18.99000022108638,0.0,15.809999722783463,11.839999737528284,7.690000063160397,-1.93861301901154,-4.440526679912844,4.993328040387825,3.6133383497224214,-1.320755040507113,3.174449987762584,4.09582914523974,-13.700665527825901,-13.96999986510284,-18.71569077401805,38.11952362060545,63.107812957763635,1.0,110.999999673762,0.0,1616.3984375,5866.6796875,239.800182664251,63.3245223999023,239.85499903045343,1.9439999678655897,32.2747914,0.21459998537094252,2.7194580994546422,1897.20287322998,840.6235337257385,-804.9090504646302,911.9872331619266,-64.852205,4.0,249.828674316406,5.59688901901245,12.336612701416,-334.236022949219,60.3336751461029,42.0424252748489,-2.8046000253388135,0.158144292391984,-1.04465929086347,0.18519996035900393,86.3992538452148,334.511199951172,2.0,7.0,4.0,0.0,0.0,26050904.0,2.0,-155.173756357199,98.3195178381068,29.72168254852295,-55.03580886840818
2026-05-09 18:17:36+00:00,ITA,ITA,20.259999789697762,16.67000011099192,0.0,12.170000156522741,6.819999893808928,1.559999998587837,-1.94037104567088,-4.435985671331846,4.99224716295167,4.0222740696715915,1.1552676944477696,3.1428525935110962,4.0958294013718355,-13.097943168480962,-18.71000003115628,-20.042831534471,39.074868965148895,63.46964767456054,1.0,110.999999673762,0.0,1634.0078125,5884.2890625,237.765441989747,63.4604026794434,237.62240143607295,1.2624000119922136,32.27471,-0.49188732154625703,2.61104400269687,1897.139644622802,778.4451842308044,-793.8976526260376,902.2383689880371,-64.8523656,4.0,238.298889160156,5.59688901901245,12.336612701416,-335.236022949219,60.343474149704,44.6792662143707,-2.4592000057095698,0.0919486002462001,-1.35143126101907,-5.20400001731762,87.3992385864258,335.511260986328,2.0,7.0,4.0,0.0,0.0,26050904.0,2.0,-153.9303094904958,97.89408926036876,29.73478717803955,-54.35889793395994
2026-05-09 18:17:37+00:00,ITA,ITA,19.01000003950458,14.00000027574902,0.0,7.759999982576874,0.38000001840072206,-6.689999921496384,-1.94022462349055,-4.3891100830580445,4.99224716295167,1.8207519363683786,4.3909606374362955,3.1450129823455684,4.098279390227118,-13.52137476966036,-25.699999918312262,-25.938554349604,42.8820110321045,63.295817871093746,1.0,110.999999673762,0.0,1651.640625,5901.921875,228.907437957049,63.2429214477539,228.20860305400578,0.6703999930992884,32.274619,-2.7000342687688756,2.746561635285616,1896.940970420836,1033.5653185844421,-763.8057231903076,1064.0386700630174,-64.8525191,4.0,225.574203491211,5.59688901901245,12.336612701416,-336.236022949219,60.3317141532898,44.7851330041885,-1.2843999552592897,0.567134725891665,0.38484316680296,-12.27399917814628,88.3992233276367,336.511322021484,2.0,7.0,4.0,0.0,0.0,26050904.0,2.0,-146.68998385327762,97.45384258722645,29.52875576019285,-51.81587333679197
2026-05-09 18:17:38+00:00,ITA,ITA,18.31999964464314,11.51000000155276,0.0,3.0200000726555065,-6.749999931703771,-16.64999978030954,-1.94198232998477,-4.1897421972706645,4.992967747909106,0.9348433386332724,7.7574671776779045,3.2098278917196756,4.140748567335248,-15.021695147273718,-34.960000198762536,-31.782873161043447,48.52039890289305,61.87802810668942,1.0,110.999999673762,0.0,1668.984375,5919.265625,213.611871348588,61.5373008728027,212.97360109895263,0.6186000091886416,32.2745081,-4.406941615235517,2.8188377153128377,1896.0196256637598,1173.8924264907841,-749.0646600723269,1149.0966796875002,-64.8526496,4.0,212.267333984375,5.59688901901245,12.336612701416,-337.236022949219,60.343474149704,48.6472696065903,-1.255000024962864,1.0766499759451,-1.88648373460554,-18.245799543085262,89.3992080688476,337.511383056641,2.0,7.0,4.0,0.0,0.0,26050904.0,2.0,-133.9277972457138,97.02463008468825,29.29930801391605,-41.92948608398436
2026-05-09 18:17:39+00:00,ITA,ITA,18.28000000780678,11.3500002589243,0.0,2.7899999837237237,-6.750000017081132,-17.03999999606794,-1.94403266739624,-4.132319516257899,4.992967747909106,0.6161456113928867,9.574163454438839,3.459635742687908,4.349826890376952,-14.28469553771454,-35.31999897934638,-34.2263272328386,57.41148147583005,59.03278060913084,1.0,110.999999673762,0.0,1685.6484375,5935.9296875,191.905270619099,58.3772415161133,192.2049957123328,-0.6840000229827372,32.2743748,-4.73125368193444,2.683320082724094,1895.992469787602,1152.0380020141602,-803.2916903495791,1102.669525146484,-64.852733,4.0,199.979629516602,5.59688901901245,12.336612701416,-338.236022949219,60.3591620922089,49.3922531604767,-1.6389999622241043,-1.43517567682406,-1.07246840606917,-22.361800286000797,90.3991928100586,338.511444091797,2.0,7.0,4.0,0.0,0.0,26050904.0,2.0,-111.31072820174889,96.60828565854641,29.71124382019045,-22.527049713134755
2026-05-09 18:17:40+00:00,ITA,ITA,18.509999797917803,12.91000009742956,0.0,5.930000034105328,-1.670000003071823,-9.879999859432882,-1.943739929757285,-4.172163638224575,4.992607455430388,1.5783266661192807,6.869085176345269,3.4239877047491447,4.433948524723206,-12.644757214220219,-28.399999993446578,-30.423610874697502,68.55605392456056,57.01499588012693,1.0,110.999999673762,0.0,11.1328125,5951.8984375,172.567311191878,56.7432792663574,172.0480009809798,-1.1577999870825537,32.2742317,-3.783592767616036,2.692354610189794,1896.823525428772,863.2573962211611,-757.6281666755676,930.0687074661255,-64.8527506,5.0,183.312759399414,5.59688901901245,12.336612701416,-339.236022949219,60.3846430778503,42.6129221916199,-1.790400027112042,1.88472517433767,1.96839563200056,-17.14399987146516,0.800000071525574,339.511505126953,2.0,7.0,5.0,0.0,0.0,26050904.0,2.0,-85.2032084617024,96.2044643842477,31.179849815368648,3.011646595001234
2026-05-09 18:17:41+00:00,ITA,ITA,18.57499997617315,11.6124997966535,0.0,3.0000000301217495,-6.7000000014601975,-16.7125000239513,-1.9427142274430151,-4.1671822958855245,4.993598259746863,0.7541882875336176,5.019290870083515,3.62896525691837,4.72959810811265,-11.603440191049724,-35.2999996731924,-26.44375953684775,74.5571880340576,55.11753684997556,1.0,110.999999673762,0.0,11.1328125,5951.8984375,172.567311191878,56.7432792663574,157.67440335951878,0.27439999910169666,32.2740941,-3.7325949040460413,2.71945809945464,1897.1125602722161,910.1450085639957,-802.6162385940554,914.3563508987424,-64.852718,5.0,183.312759399414,5.59688901901245,12.336612701416,-339.236022949219,60.3846430778503,42.6129221916199,-1.0361999841825305,1.88472517433767,1.96839563200056,-11.593399684903737,0.800000071525574,339.511505126953,2.0,7.0,5.0,0.0,0.0,26050904.0,2.0,-67.9821582507387,95.81284865799586,31.842164039611852,17.7988437652588
2026-05-09 18:17:42+00:00,ITA,ITA,18.770000169429718,11.620000027381078,0.0,3.129999970417784,-6.600000098284367,-16.21000018926044,-1.94271422744302,-4.186958895183885,4.99224716295167,2.147327805234676,2.0914592590623498,3.708903539136206,4.926426081335459,-11.1326112178326,-35.01000059858162,-23.25820626550435,75.94383087158205,53.58090660095214,1.0,110.999999673762,0.0,41.6171875,5982.3828125,151.403396312704,53.226212310791,149.70659700587822,1.410799990992416,32.2739692,-2.785064574406836,2.710423618555068,1897.040319442748,935.7412815093992,-772.6892352104186,873.5781669616696,-64.852654,5.0,154.020614624023,5.59688901901245,12.336612701416,-341.236022949219,42.5913572311401,39.7702306509018,-1.198000004593672,-0.255671216189061,0.89073692249241,-4.7011998677466895,2.79999947547913,341.511627197266,2.0,7.0,5.0,0.0,0.0,26050904.0,2.0,-59.27698653090906,95.4686207842055,31.81500034332275,33.3565967559814
2026-05-09 18:17:43+00:00,ITA,ITA,18.6000001760827,11.379999986551539,0.0,2.77999998913727,-6.860000128286825,-17.11999995275958,-1.940956627670505,-4.1953083745574045,4.992967747909106,2.355734912780042,-0.013133039711333006,3.6354467329147417,5.003196724587486,-11.00062276400924,-35.739998922732084,-21.85098665967485,75.50413055419921,52.38796508789062,1.0,110.999999673762,0.0,56.2578125,5997.0234375,148.209668158697,52.2131320953369,147.2847922431858,2.0795998201795607,32.2738535,-1.6643067522500121,2.7194580528885117,1897.049331665038,960.0463867187502,-796.6665983200074,861.2799525260925,-64.8525774,5.0,139.544296264648,5.59688901901245,12.336612701416,-342.330017089844,42.5658732652664,30.4462045431137,-1.7267999736035282,-1.40727264651727,0.425194430315515,-0.696400009973356,3.79999852180481,342.511688232422,2.0,7.0,5.0,0.0,0.0,26050904.0,2.0,-56.20223412507416,95.2968995831877,31.82358512878415,34.52142356872558
2026-05-09 18:17:44+00:00,ITA,ITA,18.729999849574458,11.43000004486116,0.0,2.779999989137268,-6.950000079564882,-16.89999990110292,-1.9416890587372801,-4.209663938088886,4.992607455430388,4.254673219860661,-0.646191604213624,3.5841346379542456,5.044576998787181,-11.09599030482392,-35.63000145822466,-20.4981251143549,75.22640304565431,51.55295196533202,1.0,110.999999673762,0.0,70.65625,6011.421875,147.97009244337,51.3269233703613,147.3147986302476,2.1806000045593366,32.2737425,-0.6722248328825317,2.864010212942958,1897.139644622802,665.7465577125547,-811.1954450607298,682.726848125458,-64.852497,5.0,129.468368530273,5.59688901901245,12.336612701416,-343.236022949219,42.5560683012009,30.338379740715,-2.59899993344325,0.0161687002791732,-0.167471449312166,-0.0454000139490234,4.79999780654907,343.511749267578,2.0,7.0,5.0,0.0,0.0,26050904.0,2.0,-53.59916638709336,95.2015501423743,31.83401012420655,37.31906936645508
2026-05-09 18:17:45+00:00,ITA,ITA,18.73000019108392,11.39000006651536,0.0,2.77999998913727,-6.950000079564882,-17.10000047585088,-1.919130758177725,-4.21977133740004,-0.3805461667300578,4.832267910890698,-1.83350569247345,3.553887614790348,5.0786063672700195,-11.0761535571722,-35.83999972237024,-19.831292891912902,74.14554061889649,49.644119338989256,1.0,110.999999673762,0.0,84.640625,6025.40625,148.579317996578,49.0642238616943,147.557598194863,2.558000015402958,32.273635,-0.4330115391319119,752.640384435653,1896.950006484984,624.5450258255003,-774.954330921173,604.1487455368042,-64.8524173,5.0,119.271118164062,5.59688901901245,12.336612701416,-344.330017089844,42.5423473119736,30.3266167640686,-1.6543999684013901,2.15182655202019,0.884993160287253,1.5473999510875618,5.79999685287476,344.511810302734,2.0,7.0,5.0,0.0,0.0,26050904.0,2.0,-50.984268761470084,95.1887776886264,31.84221897125245,38.10856407165528
2026-05-09 18:17:46+00:00,ITA,ITA,18.590000096118878,11.38000015730628,0.0,2.789999983723722,-6.870000122873274,-16.970000119340163,-1.90243105237875,-4.211861124567515,-2.1467368231167416,2.579897388438606,-1.2204103451798192,3.485561988182856,5.150749386604634,-10.85986041993284,-35.56000089847798,-19.735415818986098,74.10136528015136,48.1686870574951,1.0,110.999999673762,0.0,98.09375,6038.859375,153.536191182932,47.9965793609619,150.33119868094641,4.37860012947269,32.2735291,-1.9084690249824061,1641.6859388351418,1896.8416452407819,910.8451724052431,-782.348620891571,822.4635481834412,-64.8523456,5.0,107.209617614746,5.59688901901245,12.336612701416,-345.330017089844,42.5325453281403,30.2697628736496,-1.0858000175223699,-1.95416194465708,1.66553533252697,1.9235999964115915,6.79999589920044,345.511871337891,2.0,7.0,5.0,0.0,0.0,26050904.0,2.0,-47.23096574838896,95.3201734527845,31.84948024749755,38.72411911010738
2026-05-09 18:17:47+00:00,ITA,ITA,18.5200002193911,11.46000011399788,0.0,2.889999972276916,-6.719999947944414,-16.959999697866877,-1.0010991191014753,-4.18651898831265,1.2393623121942057,1.8232588399093541,10.510879716319899,4.2160806873707015,4.391479262237715,-10.990322838740878,-35.46999949578473,-19.78641769529225,74.63004112243655,46.86826080322267,1.0,110.999999673762,0.0,111.3046875,6052.0703125,144.42615316986,46.4336437225342,143.1422032813786,4.841200005400414,32.2734238,-4.28687623844812,1898.712682724002,1897.085499763488,882.1061611175534,-745.0489997863767,745.2710509300234,-64.852279,5.0,96.9850463867188,5.59688901901245,12.336612701416,-346.330017089844,42.5188213586807,30.2834838628769,-1.4123999461302241,4.35722953477678,-0.408208123375663,-19.556799798133216,7.79999494552612,346.511932373047,2.0,7.0,5.0,0.0,0.0,26050904.0,2.0,-42.81921542384566,95.5978718689643,31.92903156280515,38.16979362487794
2026-05-09 18:17:48+00:00,ITA,ITA,16.66000020178284,10.489999956093204,0.0,2.77999998913727,-6.300000004558742,-15.47999998680794,-0.043662544558262004,-4.131147285041595,1.1100147029886756,-2.390357077649812,18.803165860492,5.272025030224278,3.3678663028393103,-3.3956422836234155,-32.15000061006406,-16.0476263582538,71.19784355163574,40.5421607208252,1.0,110.999999673762,0.0,123.203125,6063.96875,108.247071438221,39.0232521057129,112.17560090540196,4.136399871268064,32.2733473,-4.746956457591024,1897.592282295226,1896.8958139419537,1092.1761989593488,-785.0852966308595,754.8587918281553,-64.852189,5.0,88.4038772583008,5.59688901901245,12.336612701416,-347.330017089844,41.7797207832336,29.744353890419,1.7741999923395326,0.784602559618729,-1.34068534574223,-37.52839926255416,8.79999732971191,347.511993408203,2.0,7.0,5.0,0.0,0.0,26050904.0,2.0,-29.77793499245492,95.87669726635716,32.02051334381105,34.44987030029296
2026-05-09 18:17:49+00:00,ITA,ITA,-7.99000007150867,-4.530000002261552,0.0,-0.7099999731557386,2.519999985815244,5.519999882534866,0.35346270309477,-4.17802287331539,5.188249857223674,-2.09529303357131,18.52314774131535,5.4729515224915755,3.141909002877254,8.812533585091035,13.489999868821092,-6.525163700572265,67.77761421203616,35.4817185974121,1.0,110.999999673762,0.0,133.3671875,6074.1328125,71.2021744368225,34.7225063323975,76.55719710838774,2.37360001960615,32.2733337,-2.21658807919706,1897.944664955136,1897.1667528152461,909.919035434722,-819.5109128952029,573.8466799259184,-64.852083,5.0,88.8627548217774,5.59688901901245,12.336612701416,-348.330017089844,42.0718312263489,29.9600064754486,1.2561999718061583,-0.744059250396621,-1.82871015262416,-31.466598519450336,9.80000114440918,348.512054443359,2.0,7.0,5.0,0.0,0.0,26050904.0,2.0,-10.039347873948476,96.1468927197337,32.44379768371585,33.7691766357422
2026-05-09 18:17:50+00:00,ITA,ITA,-18.7899999878479,-11.850000159001542,0.0,-2.909999918761136,6.860000042909458,17.09000039588706,0.3418903349283585,-4.219625128663115,6.856799672396486,-0.056700826067031106,13.07989080774985,5.712227392514377,2.927113683434202,12.1996037331781,35.880000042225504,6.46688671230472,66.30461540222166,33.78054130554197,1.0,110.999999673762,0.0,142.8046875,6083.5703125,44.9055294907341,33.8451278686523,50.75179712589846,-1.1091999798150844,32.2733712,1.0527480354360446,1897.7097272872882,1882.6090812683099,442.68467128276825,-724.3469595909118,348.35766851901997,-64.8519942,5.0,90.0779647827148,5.59688901901245,12.336612701416,-349.330017089844,46.4534968137741,32.7125161886215,-0.847199965369469,-2.80109366235102,-5.65570783326462,-19.3225990147958,10.8000049591064,349.512115478516,2.0,7.0,5.0,0.0,0.0,26050904.0,2.0,13.43825956368831,96.40871436118775,32.804676246643055,33.04391624450686
2026-05-09 18:17:51+00:00,ITA,ITA,-18.61000025604652,-11.69999981331794,0.0,-2.799999978310172,6.760000011667581,17.25000030927028,0.41205786878789097,-4.225337728130185,5.439379776683127,1.612703328377076,5.98490331446537,5.816471532551771,2.758054121758516,15.673266848807922,35.85999988229788,19.31998322309845,64.06335639953615,34.476411895751944,1.0,110.999999673762,0.0,152.2734375,6093.0390625,34.0554871262237,34.8746395111084,38.35680012207702,-4.455999875835956,32.273434,1.9969606357039758,1897.6103782653802,1865.5680179595959,22.267328519956216,-523.4285831451418,123.31431657075882,-64.8519273,5.0,97.5228881835938,5.59688901901245,12.336612701416,-350.330017089844,69.0734803676605,41.3444936275482,-2.3727999910109303,-0.0744053994352611,-0.438367490666516,-7.538199749187106,11.8000087738037,350.512176513672,2.0,7.0,5.0,0.0,0.0,26050904.0,2.0,38.667215485890644,96.6624183228133,32.9528938293457,28.76945217132568
2026-05-09 18:17:52+00:00,ITA,ITA,-18.64000049593798,-11.5999996966987,0.0,-2.779999989137272,6.659999980425708,17.01999983614032,0.45981215022624,-4.233688274720761,7.0463171874289205,2.3553767760797797,1.122169478183964,5.42082949516156,2.3477924059593502,18.975651018168556,35.6699997290232,29.0985678360934,60.8888843536377,35.83256629943848,1.0,110.999999673762,0.0,162.140625,6102.90625,30.7049173383064,35.9989151000977,33.98219987944834,-4.843999956073298,32.2735077,2.647104230060052,1897.6284265518177,1866.073727607724,114.63302802294479,-504.7895848751068,232.9432323575019,-64.8518702,5.0,104.781204223633,5.59688901901245,12.336612701416,-351.330017089844,69.0774023532867,45.512467622757,-1.5282000038500951,1.90473058497322,-0.158831900342334,-2.5141999759350497,12.800012588501,351.512237548828,2.0,7.0,5.0,0.0,0.0,26050904.0,2.0,58.46181984592208,96.6232335275449,32.95705490112305,20.58009727478028
2026-05-09 18:17:53+00:00,ITA,ITA,-18.58000001615506,-11.5999996966987,0.0,-2.8599999458288807,6.790000080804302,17.07000023595942,0.4391574847533495,-4.240573105404135,7.14756159376021,3.752991983341816,0.421865473487287,5.494826910855834,2.5386304100017636,22.08005122613372,35.640000172150664,32.3118354537678,58.952914810180644,36.252771377563484,1.0,110.999999673762,0.0,172.171875,6112.9375,29.0687421075352,36.3828323364258,32.06559962098076,-4.819999781235614,32.2735855,2.647347939747376,1897.56519794464,1659.5218658447259,513.9590740203859,-564.5145654678347,473.80807995796175,-64.8518164,5.0,113.176170349121,5.59688901901245,12.336612701416,-352.330017089844,69.063675403595,45.5301135778427,-0.07000000546085028,1.40092996209927,-0.0666939290993316,-1.579399976986497,13.8000164031982,352.512298583984,2.0,7.0,5.0,0.0,0.0,26050904.0,2.0,65.67217324702423,96.58172305286419,32.86123695373535,14.599532146453878
2026-05-09 18:17:54+00:00,ITA,ITA,-18.499999717953976,-11.54000007068948,0.0,-2.76999999455082,6.709999953357962,17.069999894449943,0.4533667728468485,-4.233248154406115,5.4228059811526315,4.894575543197854,0.1061239174867275,6.002273680807816,3.0670437689602545,24.13273993022872,35.5800010584056,33.16641847743605,59.3933841705322,37.56851051330566,1.0,110.999999673762,0.0,182.46875,6123.234375,25.7916702777292,37.9273109436035,29.9487996877509,-4.820599898731563,32.2736667,3.162660270170178,1897.727799415584,1055.6701660156239,908.4525465965271,-540.4590487480166,773.2795000076296,-64.851765,5.0,124.378028869629,5.59688901901245,12.336612701416,-353.330017089844,69.0577924251556,45.5163896083832,0.3514000066427565,-0.791646672447981,1.18069712905796,-2.2303999383262743,14.8000202178955,353.512359619141,2.0,7.0,5.0,0.0,0.0,26050904.0,2.0,67.8696459105789,96.63215716969555,32.799880027770996,13.64803836822512
2026-05-09 18:17:55+00:00,ITA,ITA,-18.47999989953582,-11.4999997508342,0.0,-2.829999962069524,6.669999889634797,17.03000025761358,0.4980454414462825,-4.22797439459322,5.7658115072135985,4.999137201654288,-0.5941820348810776,5.973917382072224,3.074938784621874,24.54434557112446,35.5200005786227,32.6299634671922,60.381436157226545,40.02161888122558,1.0,110.999999673762,0.0,193.3515625,6134.1171875,25.7528662655071,40.5991275787354,28.398400021633517,-3.389399968301658,32.2737536,2.5411913894310603,1897.718763351436,495.6358909606935,944.6675062179563,-544.9928760528564,951.7254590988159,-64.8517146,5.0,135.199859619141,5.59688901901245,12.336612701416,-354.330017089844,69.0597534179688,45.5065876245499,-0.7799999966258762,-1.41479695366168,2.98788460855547,-0.7759999843838655,15.8000240325928,354.512420654297,2.0,7.0,5.0,0.0,0.0,26050904.0,2.0,70.43697741580328,96.6677458703659,32.69960746765135,13.24420858383176
2026-05-09 18:17:56+00:00,ITA,ITA,-18.64999989288284,-12.939999995811538,0.0,-6.010000076174299,0.9799999924085618,9.100000025557593,0.49775265044647055,-4.22841387457763,5.741310594132385,4.996988594896132,-0.7029304392161699,5.8669729267464685,3.2178632250800563,23.743641470195477,27.74999991844046,32.694636820895695,61.399508285522444,43.28451507568356,1.0,110.999999673762,0.0,205.0625,6145.828125,25.9351708446439,44.0853023529053,28.363999773878753,-1.0852000067481256,32.2738472,2.387828968505898,1897.8452205657918,75.43404230382296,729.0777087211608,-719.114363193512,784.8292112350462,-64.8516611,5.0,144.986602783203,5.59688901901245,12.336612701416,-355.330017089844,69.0754413604736,45.5144286155701,-2.548799942690022,-1.98474646454334,0.234102972894042,0.651399975637388,16.80002784729,355.512481689453,2.0,7.0,5.0,0.0,0.0,26050904.0,2.0,74.7482583897314,96.79023165275176,32.5408618927002,10.785262870788571
2026-05-09 18:17:57+00:00,ITA,ITA,-18.65000023439232,-13.30999971013288,0.0,-6.540000002699618,1.2800000594537595,8.739999793558543,0.49116039731949757,-0.42357111312929846,6.470918658349142,4.997346582186006,-0.696625694364572,5.6922423443802845,3.4018958847655596,22.45045853199378,27.380000374873838,32.3139015859917,63.31007537841795,46.91660751342772,1.0,110.999999673762,0.0,217.8125,6158.578125,26.3052287863279,47.6445636749268,28.921800149807257,-0.501000015862586,32.2739487,2.7337185419439,1897.8091478347742,5.743554420769216,501.6882836818696,-772.8822112083437,626.5016317367555,-64.8516023,5.0,157.716186523438,5.59688901901245,12.336612701416,-356.330017089844,69.1028833389282,45.5948084592819,-2.5561999617358837,2.62814686926395,0.547405991278348,0.0030000111825407407,17.8000316619873,356.512542724609,2.0,7.0,5.0,0.0,0.0,26050904.0,2.0,77.99267474360616,97.04235442558445,32.37934741973875,8.180530729293821
2026-05-09 18:17:58+00:00,ITA,ITA,-18.590000096118878,-11.43000004486116,0.0,-2.7699999945508202,6.829999888395376,17.16999966955972,0.549315909605439,0.5367951323201745,3.15651869213455,4.996272364184292,-0.9099225770254324,5.557751565377137,3.4710440795925357,20.90817620419552,35.76999984564242,31.754100989164797,65.79589347839355,49.83263511657714,1.0,110.999999673762,0.0,231.40625,6172.171875,25.6213253598291,50.4562877655029,28.706399889047155,-0.20620000395222798,32.2740578,3.1318343884741244,1897.881388664242,5.671309214085338,873.0090498924253,-837.5437617301939,862.9824399948122,-64.8515401,5.0,169.261474609375,5.59688901901245,12.336612701416,-357.330017089844,69.1009283065796,45.6183344125748,-1.663999991378916,-1.07072307929282,0.220440286697129,-0.0735999920660698,18.8000354766846,357.512603759766,2.0,7.0,5.0,0.0,0.0,26050904.0,2.0,78.65440396096452,97.36295667503565,32.51561050415035,7.629834423065185
2026-05-09 18:17:59+00:00,ITA,ITA,-18.66999971130106,-11.51999991076184,0.0,-2.939999987897854,6.379999961250353,16.68999992941008,0.548436629471506,0.5366482565725925,3.9055825075134054,4.996272193429562,-0.821662899250954,5.448916257557029,3.63003090516711,19.3369024554462,35.3700000621844,30.0704815568714,68.07643547058105,52.566017761230455,1.0,110.999999673762,0.0,245.8046875,6186.5703125,26.5832038251691,53.082205581665,28.9653999793551,0.25259998427616775,32.2741732,2.4127586894009383,1897.8724002838098,5.662278551608324,868.1474208831787,-836.9730114936831,929.8418998718262,-64.8514736,5.0,183.609085083008,5.59688901901245,12.336612701416,-358.330017089844,69.1048443317413,45.5987304449081,-2.263599993777824,0.364163808595395,0.866404960543622,0.7761999861965855,19.8000392913818,358.512664794922,2.0,7.0,5.0,0.0,0.0,26050904.0,2.0,78.45177273885773,97.67155828211514,32.4995859146118,9.881297149658199
2026-05-09 18:18:00+00:00,ITA,ITA,-18.74999966799262,-11.569999798316719,0.0,-2.8899999722769136,6.629999996666356,16.55999991440886,0.5424304119114055,0.5357694833667614,2.97204501567207,4.995555962717722,-0.6388368511792695,5.342781862666835,3.6872007838032217,17.333805022838998,35.310000265420406,29.1843686724471,70.4604652404785,54.95260871887206,1.0,110.999999673762,0.0,260.8359375,6201.6015625,26.4240962760009,55.4899417877197,29.849000378693262,0.21660000216411857,32.2742933,3.1078246513716,1897.872376441952,5.716462340205908,966.403901576997,-783.0783247947695,1024.3835449218755,-64.8514023,5.0,196.396011352539,5.59688901901245,12.336612701416,-359.330017089844,69.1107273101807,45.5536395311356,-2.393399926925052,-0.68599410471505,-2.06476298444368,0.9458000079346902,20.8000431060791,359.512725830078,2.0,7.0,5.0,0.0,0.0,26050904.0,2.0,77.67589056990096,97.97533777564065,32.18650131225586,12.45500038146974
2026-05-09 18:18:01+00:00,ITA,ITA,-18.7899999878479,-11.549999979898562,0.0,-3.019999987278142,6.240000122417401,16.39999948876144,0.420261379548326,0.5353302968670445,2.599495036780714,4.995197890050486,-1.050719269482853,5.224224207450037,3.8238639898492557,16.642200216541582,35.20000075185624,27.9884401148183,72.4731433868408,56.72191978454589,1.0,110.999999673762,0.0,276.53125,6217.296875,29.3582465056954,56.7260650634766,31.385799772135307,-0.6944000025183292,32.2744182,3.009463993596576,1897.8000402450518,5.689370632171633,1053.196263313294,-797.4732398986816,1159.627819061278,-64.8513265,5.0,212.141143798828,5.59688901901245,12.336612701416,-360.330017089844,69.1087663173676,38.094025850296,-2.158999958195996,0.276328909890353,0.810093412570599,1.4375999342423202,21.8000469207764,360.512786865234,2.0,7.0,5.0,0.0,0.0,26050904.0,2.0,76.60494969295097,98.2776795143459,31.811982536315902,15.700524101257338
2026-05-09 18:18:02+00:00,ITA,ITA,-17.209999989415,-11.22000007316833,0.0,-3.940000001495828,4.150000015877346,12.46999982336154,0.33310126884872704,0.5357699369340114,2.3991681924338577,4.995555962717722,-0.35881995263211997,5.174802836917847,3.890290226225936,15.483676506883437,29.679999642021777,26.875189289545197,73.69569854736325,57.60752220153806,1.0,110.999999673762,0.0,292.4296875,6233.1953125,30.1531131854502,57.8140068054199,32.443000357531965,-0.15419999821854097,32.2745431,2.709170671312146,1897.7097749710042,5.553911253809926,1071.8743085861202,-812.5447630882263,1133.1139326095579,-64.8512444,5.0,223.734024047852,5.59688901901245,12.336612701416,-361.236022949219,69.1068053245544,29.4169545173645,-2.573800035877852,-0.409787764703787,0.00886223631539433,1.0165999826268133,22.8000507354736,361.512847900391,2.0,7.0,5.0,0.0,0.0,26050904.0,2.0,74.7557920883859,98.5687958371501,31.642993927001953,18.68884208679198
2026-05-09 18:18:03+00:00,ITA,ITA,-15.290000004288,-9.30000008804135,0.0,-1.9899999899208158,5.970000012451129,14.799999842665098,-0.52091550278885,0.535329843299795,2.606340551187674,4.99483964662852,-1.338617345888445,5.1567082997686455,3.882939576641166,14.26831367049974,30.090001554500382,25.857211919231,75.93036575317385,58.79148651123048,1.0,110.999999673762,0.0,308.65625,6249.421875,30.8207300258731,59.0692565917969,33.374200345195916,-0.10379999881573099,32.2746692,2.9323121404115,1897.8001117706258,5.626156087964773,942.0452475547788,-823.1175184249876,1027.8862714767442,-64.8511583,5.0,237.207992553711,5.59688901901245,12.336612701416,-362.236022949219,69.1028833389282,26.7173767089844,-2.917599998316656,-0.303399617613758,-0.961998633980681,1.5189998884484752,23.8000545501709,362.512908935547,2.0,7.0,5.0,0.0,0.0,26050904.0,2.0,72.08950070435289,98.81233306219615,31.66470565795895,23.53698371887208
2026-05-09 18:18:04+00:00,ITA,ITA,-15.410000280834899,-9.39999986315113,0.0,-2.1099999676469094,5.960000103242046,14.579999791008442,-0.7806363274646415,0.534890656800078,2.7933363603785444,4.99483964662852,-0.950900090177618,5.108637428390098,3.955899145091054,13.73158562344382,29.9799999918795,24.91476192698515,77.47424697875975,59.58379165649414,1.0,110.999999673762,0.0,325.1796875,6265.9453125,34.0729724104989,59.6508522033691,35.4932002823574,-0.81780001106066,32.2747958,2.54403539482409,1897.79105186462,5.626156087964772,852.3699879646301,-780.8835864067076,972.4180698394775,-64.8510668,5.0,253.282012939453,5.59688901901245,12.336612701416,-363.236022949219,56.530350446701,26.6605228185654,-2.5285999783848236,0.995911483705146,-0.353563355003535,1.9265999569013197,24.8000583648682,363.512969970703,2.0,7.0,5.0,0.0,0.0,26050904.0,2.0,70.09067589658102,99.0147559635332,31.754185867309552,27.781013603210443
2026-05-09 18:18:05+00:00,ITA,ITA,-15.400000200871059,-8.869999893937132,0.0,-0.7700000047074697,7.859999928441377,17.28000037840696,-1.531086900696675,0.5347442613001725,2.914037200890848,4.995197975427848,0.22275448018593302,5.084061810114841,3.948548837015744,13.40771768979568,32.68999980546822,24.0098369940393,77.71341590881346,59.49779342651368,1.0,110.999999673762,0.0,341.703125,6282.46875,33.9579315343084,59.4568748474121,35.87219996619332,-0.4533999793056024,32.2749197,1.929693496318762,1897.709751129146,5.599064286798236,969.947111606597,-811.1680984497071,1086.636054515839,-64.8509691,5.0,266.748718261719,5.59688901901245,12.336612701416,-364.236022949219,56.5127015113831,26.6468018293381,-2.120800033517262,-0.638438485732014,1.79728103715835,-0.7571999473903441,25.8000621795654,364.513031005859,2.0,7.0,5.0,0.0,0.0,26050904.0,2.0,68.6130792168268,99.2113253927516,31.82368640899655,28.4965507507324
2026-05-09 18:18:06+00:00,ITA,ITA,-15.51999945288954,-9.830000228010078,0.0,-2.8299999620695244,4.7799999736445375,12.88000002829284,-2.35697896770434,0.533865461413915,2.609223104460832,4.994481488583917,-0.14237117440597316,5.082171042997851,3.947732031768374,12.5730619137857,28.380000175028442,23.732967592069997,78.869970703125,60.215239105224576,1.0,110.999999673762,0.0,358.359375,6299.125,33.1719543457583,60.2977890014648,35.48160057208998,0.5906000062038883,32.2750445,2.2586434962518758,1897.727823257444,5.617125518620013,1109.588646888734,-853.9691686630251,1154.111337661744,-64.8508714,5.0,282.512939453125,5.59688901901245,12.336612701416,-365.330017089844,56.5146625041962,26.6468018293381,-2.3305999233561017,-0.559601240680553,0.0388037120673374,0.10319999671262499,26.8000659942627,365.513092041016,2.0,7.0,5.0,0.0,0.0,26050904.0,2.0,67.5443267324869,99.34995091214614,31.74829273223875,29.179972457885743
2026-05-09 18:18:07+00:00,ITA,ITA,-15.600000092600098,-9.7999998173639,0.0,-2.750000005377918,4.829999946576794,13.19999985505926,-2.7319846343900647,0.5347442613001725,2.201723773294118,4.995197890050486,-0.5631856859373675,5.081090933957978,3.971961700962172,12.154589883717339,28.80000011841408,23.4378214576554,79.9608890533447,60.99938827514647,1.0,110.999999673762,0.0,375.2265625,6315.9921875,32.5320373375144,61.2389190673828,35.502400547169415,0.9651999970055197,32.2751718,2.695570057127356,1897.745871543882,5.707431863993408,1134.2995882034318,-833.1725716590881,1171.802473068238,-64.850774,5.0,296.249603271484,5.59688901901245,12.336612701416,-366.236022949219,56.5009415149689,23.7139269709587,-2.79760002059056,-0.498334070299568,0.313563072500869,0.5244000005001569,27.80006980896,366.513153076172,2.0,7.0,5.0,0.0,0.0,26050904.0,2.0,66.60800478596437,99.45021808916195,31.527072715759303,29.4693035888672
2026-05-09 18:18:08+00:00,ITA,ITA,-15.7600000059833,-10.460000143088596,0.0,-4.410000088568483,2.2200000254917476,9.319999906459518,-3.3775505292426953,0.5347442613001725,2.313056582472922,4.995556218849814,-0.7176408924400175,5.066777760288031,3.9812172903064598,11.50113236695332,25.09000016316136,23.026392206395002,81.095055770874,62.01195968627926,1.0,110.999999673762,0.0,392.3828125,6333.1484375,35.4895604745487,62.232192993164,37.523800496186,0.6638000163223653,32.2753005,2.8562338222092163,1897.74587154388,5.662278644740583,972.276258468627,-801.5718698501586,1057.0596933364882,-64.850674,5.0,312.698364257812,5.59688901901245,12.336612701416,-367.330017089844,56.5068244934082,23.0924561619759,-3.215199963567936,0.944876630391928,-2.05581138120614,2.907599875664156,28.8000736236572,367.513214111328,2.0,7.0,5.0,0.0,0.0,26050904.0,2.0,66.06328627135318,99.5421865863362,31.2833839416504,29.36290786743166
2026-05-09 18:18:09+00:00,ITA,ITA,-15.810000064292922,-9.560000118043806,0.0,-2.32000002471711,5.67999999868932,14.22999989510528,-4.88958557774497,0.5340118569138206,2.9486258338006617,4.99483964662852,0.2663593316570603,5.028428809419344,4.020963783256688,11.67737088433352,30.030000391698582,21.73729986848725,80.71073341369629,62.127765197753924,1.0,110.999999673762,0.0,409.625,6350.390625,37.7667387136418,62.234390258789,39.152198873568196,-0.5512000012797316,32.2754256,1.485900973157494,1897.71873950958,5.590033531188962,789.8620009422305,-838.299024105072,955.5039048194885,-64.8505651,5.0,326.425720214844,5.59688901901245,12.336612701416,-368.236022949219,34.090730547905,23.0238392949104,-3.288599951153246,-0.751335482935948,-0.595490896561208,0.19999997710638642,29.8000774383545,368.513275146484,2.0,7.0,5.0,0.0,0.0,26050904.0,2.0,65.59210840353553,99.69222193673926,31.15450229644775,28.50306701660154
2026-05-09 18:18:10+00:00,ITA,ITA,-15.509999714435182,-9.570000198007623,0.0,-2.379999992235816,5.52999999451519,14.059999731003519,-5.535444850566795,0.5337190659140094,3.989892911212844,4.994839732005882,0.22958374221112698,5.003042959953796,4.050093344783688,11.726962326576082,29.579999525402535,21.5496446899094,81.0148452758789,62.24485061645508,1.0,110.999999673762,0.0,426.953125,6367.71875,39.2495966881136,62.1086380004883,39.92040049480326,-0.46919999978049926,32.2755485,1.3096895204018872,1897.7910757064797,5.6622786447405815,651.0340213775637,-839.2986059188843,853.1340003013611,-64.850452,5.0,342.232208251953,5.59688901901245,12.336612701416,-369.330017089844,34.065243601799,23.0140373110771,-3.0987998797325824,1.1925339536113,0.57592736714844,1.2181999475545273,30.8000812530518,369.513336181641,2.0,7.0,5.0,0.0,0.0,26050904.0,2.0,65.15982436492757,99.8475575139383,31.12952041625975,28.679251670837402
2026-05-09 18:18:11+00:00,ITA,ITA,-15.529999532853362,-9.540000299625635,0.0,-2.379999992235816,5.500000010755838,14.140000029204597,-5.7775876498050245,0.534304621233206,3.466016718853946,4.99483964662852,0.3934955657331788,5.008984370758058,4.0386594373583575,11.874209252250482,29.660000165113082,21.40497274555205,80.53585853576661,61.77980209350587,1.0,110.999999673762,0.0,444.1171875,6384.8828125,38.394416022893,61.824723815918,40.1530005379313,-0.08319999720105775,32.2756689,1.2636597870237705,1897.800040245052,5.662278644740582,897.4651932716373,-616.8963611125948,965.5753016471866,-64.8503367,5.0,355.560241699219,5.59688901901245,12.336612701416,-370.330017089844,34.0397596359253,23.0042353272438,-2.30019998933216,0.0502669873050671,-0.708109616917317,-0.1807999791761064,31.800085067749,370.513397216797,2.0,7.0,5.0,0.0,0.0,26050904.0,2.0,64.73310419841751,100.0134149975537,31.0506694793701,28.30539070129392
2026-05-09 18:18:12+00:00,ITA,ITA,-15.509999714435182,-9.079999865629969,0.0,-1.2100000119712364,7.509999947160873,16.109999731131722,-6.41348594549603,0.5350370522999836,2.731364901444598,4.994481488583917,0.30733585429841503,5.040041667800932,4.026136627024599,12.58412477118434,31.620000811604786,21.66087175922215,80.94999504089355,61.77065872192384,1.0,110.999999673762,0.0,461.2890625,6402.0546875,39.4819597236775,61.7361946105957,40.71999912961508,-0.4743999828781888,32.2757897,1.715525380340588,1897.7006912231398,5.64421731978655,1130.938863754274,257.9692810773846,1192.891597747802,-64.8502227,5.0,371.160491943359,5.59688901901245,12.336612701416,-371.330017089844,34.0554416179657,23.0003133416176,-2.1597999867912137,0.256144873799746,0.682740746875156,0.44759990539239103,32.8000717163086,371.513458251953,2.0,7.0,5.0,0.0,0.0,26050904.0,2.0,64.20077701299854,100.1625897441215,31.025366592407252,29.16561950683594
2026-05-09 18:18:13+00:00,ITA,ITA,-15.489999896017,-8.489999758142535,0.0,0.0,9.439999841496933,19.21000027274304,-7.0726756131436,0.5343051014808815,3.482230136528358,4.995197890050486,0.09036350277086799,5.025458018639847,4.01089130328767,13.674746667473022,34.70000085177898,21.079190651389,81.228783416748,62.178792572021464,1.0,110.999999673762,0.0,478.484375,6419.25,38.3991664194608,62.4266716003418,40.32379829737338,0.5267999775630804,32.2759097,1.462230248225556,1897.800040245052,5.635186750441788,1244.332957267758,-713.580322265625,1269.2976713180537,-64.8501073,5.0,367.033294677734,5.59688901901245,12.336612701416,-372.330017089844,35.710084438324,22.9905113577843,-2.854599955582386,-0.336535213155017,1.48531150648778,-0.5427999838424408,33.8000564575195,372.513519287109,2.0,7.0,5.0,0.0,0.0,26050904.0,2.0,63.5660325070131,100.297205942473,30.93548641204835,29.65938972473146
2026-05-09 18:18:14+00:00,ITA,ITA,-15.61000017256392,-9.159999822321577,0.0,-1.5000000150608777,6.780000000840488,16.08999991271358,-7.05436451630903,0.5338654347334886,3.5391571592507938,4.99483964662852,-0.386138921723599,5.048953271743141,4.013069023727164,12.753497240901378,31.71000016524128,21.06716354203425,82.2561595916748,63.401885375976555,1.0,110.999999673762,0.0,495.9921875,6436.7578125,40.0010131194634,63.7092910766602,41.00159826682986,1.9911999901249662,32.2760324,1.6465014949565038,1897.736811637874,5.653248075395823,1074.1837382316585,-799.1053342819215,1186.332702636722,-64.8499915,5.0,355.689300537109,5.59688901901245,12.336612701416,-373.330017089844,35.7238084077835,23.0179578065872,-3.6427999865091323,0.295300240557739,1.22734561354186,2.265399951395365,34.8000411987305,373.513580322266,2.0,7.0,5.0,0.0,0.0,26050904.0,2.0,64.1150950219364,100.4125268564195,30.7078857421875,28.22912944793702
2026-05-09 18:18:15+00:00,ITA,ITA,-15.7399998460557,-9.539999787361435,0.0,-2.16999999919864,5.590000090099942,14.35000000089743,-7.07589839521479,0.5341582257333,4.035650909783696,4.994481488583917,1.30919838711188,4.997911865717192,4.033759288893062,11.574374705234879,30.0799997669893,20.20273053180925,81.2016574859619,63.496097259521505,1.0,110.999999673762,0.0,513.65625,6454.421875,42.146600934007,63.3102676391602,42.48200078829512,3.12100000090319,32.2761524,0.34745446982845135,1897.7097272872882,5.662278551608324,943.0682539939875,-808.3417892456054,1003.7629961967474,-64.8498683,5.0,343.189758300781,5.59688901901245,12.336612701416,-374.330017089844,35.7257694005966,23.0101153254509,-3.2115999842998377,-0.529859768909114,-0.180873467742708,-0.4784000137964967,35.8000259399414,374.513641357422,2.0,7.0,5.0,0.0,0.0,26050904.0,2.0,65.27893876593907,100.6068833043465,30.39500198364255,24.09809841156006
2026-05-09 18:18:16+00:00,ITA,ITA,-15.830000224220559,-10.00999995981146,0.0,-3.2700000440384875,4.470000013398508,11.96000001407516,-7.086005581082524,0.5341582257333,3.839647575181462,4.994481488583917,0.2096195169826062,5.00304253306697,4.057443738236363,11.37906220157848,27.780000158331905,20.62755293025835,81.64562187194825,63.99552474975586,1.0,110.999999673762,0.0,531.3984375,6472.1640625,41.5707271945158,63.9705322265625,42.317200617963195,2.9717999826355976,32.2762717,1.1163382415326593,1897.727799415584,5.689370445907118,918.2280421257019,-811.2282633781433,965.2238249778748,-64.8497435,5.0,326.985321044922,5.59688901901245,12.336612701416,-375.330017089844,35.7120454311371,23.0179578065872,-2.8401999958212936,1.34003967942225,-0.0665137628496527,0.49240001754003676,36.8000106811523,375.513702392578,2.0,7.0,5.0,0.0,0.0,26050904.0,2.0,65.71314891789298,100.8284273202655,30.266796684265152,22.5119500350952
2026-05-09 18:18:17+00:00,ITA,ITA,-15.810000064292922,-9.000000079693091,0.0,-1.13000000725486,7.509999947160869,16.91999971952108,-7.546705896024704,0.535183901367139,3.074730848050324,4.995197890050486,0.045706758811866005,4.973876173895819,4.062344484343212,11.36227701169318,32.71999936234072,21.086184765099098,82.1270462036133,64.25395751953127,1.0,110.999999673762,0.0,549.1953125,6489.9609375,39.3411041475189,64.4307907104492,41.70879810254972,2.956000004849384,32.2763934,1.9001302818124919,1897.75488376617,5.725493002682926,1084.9152088165301,-803.2512068748473,1158.1265211105342,-64.8496203,5.0,311.915283203125,5.59688901901245,12.336612701416,-376.330017089844,35.737532377243,22.9924723505974,-2.583800030464304,0.108258471664276,0.597329284664999,-0.8747999807370382,37.7999954223633,376.513763427734,2.0,7.0,5.0,0.0,0.0,26050904.0,2.0,65.51780960574409,101.0461396000595,30.2263463973999,23.957552719116197
2026-05-09 18:18:18+00:00,ITA,ITA,-15.659999889364062,-9.680000053081212,0.0,-2.7400000107914666,4.6099999802975065,12.599999838362747,-8.47367398385627,0.5337185856663336,3.0592378018899398,4.993407014450105,-0.18755340609119298,4.996831244413126,4.064249765612186,10.220538491920367,28.250000160027177,21.0898858738556,82.640873336792,64.69028640747071,1.0,110.999999673762,0.0,567.1328125,6507.8984375,38.3977423250188,64.6880699157715,40.63680127835408,3.7931999836365278,32.276519,2.12082524118417,1897.754931449886,5.617125425487756,1090.9005403518681,-816.8958067893983,1133.5120439529421,-64.8495005,5.0,300.484741210938,5.59688901901245,12.336612701416,-377.330017089844,35.7316493988037,22.982668876648,-3.2773999350183063,-2.13844066190743,-1.26559520650246,-0.6141999853170624,38.7999801635742,377.513824462891,2.0,7.0,5.0,0.0,0.0,26050904.0,2.0,65.32394151634244,101.221733518337,30.1081678390503,26.49422515869142
2026-05-09 18:18:19+00:00,ITA,ITA,-15.510000397454121,-10.300000058950655,0.0,-3.730000003122563,3.309999979695611,10.009999959811463,-9.28315854909539,0.534011830233394,3.039421544805708,4.9941233305393125,0.1534061421399788,4.980627730513012,4.066972535147446,11.017428444462059,25.529999583455783,20.79644984805445,83.3590908050537,65.3649705505371,1.0,110.999999673762,0.0,585.25,6526.015625,40.1675672823742,65.2920570373535,42.29959922047208,1.0420000274132526,32.276645,2.01641783828127,1897.7819919586138,5.761615466326478,918.5336232185364,-804.7752261161802,1034.4186782836896,-64.8493787,5.0,283.497253417969,5.59688901901245,12.336612701416,-378.330017089844,35.7473343610764,22.9846298694611,-2.806599947416474,1.97342820075839,-4.10346282078824,1.7443999623681326,39.7999649047852,378.513885498047,2.0,7.0,5.0,0.0,0.0,26050904.0,2.0,65.28480999654963,101.381553114726,30.132837295532198,27.69142730712892
2026-05-09 18:18:20+00:00,ITA,ITA,-15.38000004094344,-8.34999983393222,0.0,0.2900000030896388,9.899999933983135,19.4499998013084,-9.24184956499515,0.534011830233394,2.672275696963028,4.994481488583917,-0.3519907064484293,4.962803668854947,4.072961586521174,14.034853877309938,34.83999992221564,20.75274688265015,83.8447414398193,65.63418090820309,1.0,110.999999673762,0.0,603.40625,6544.171875,40.3450531630516,65.8719909667969,42.26279816122406,-1.1279999997998353,32.2767699,1.908795123826596,1897.772932052608,5.788707453757526,1219.34185028076,-798.5546231269834,1302.701067924498,-64.8492538,5.0,270.489654541016,5.59688901901245,12.336612701416,-379.330017089844,35.7610583305359,23.012076318264,-2.641999944315936,-1.29529479000438,0.869064465451696,-0.1351999860927259,40.7999496459961,379.513946533203,2.0,7.0,5.0,0.0,0.0,26050904.0,2.0,64.8338576849022,101.57239884542,30.328812789917002,28.500811386108374
2026-05-09 18:18:21+00:00,ITA,ITA,-15.349999801052002,-8.389999812278024,0.0,0.2599999979859446,9.660000234663046,20.10000055933348,-9.21094082456673,0.533279425847043,3.4851126471128318,4.994481488583917,-0.9214811247309456,4.979817413945357,4.075139563092764,14.05774218272812,35.46000009883984,20.31372708223745,84.57580947875971,66.6045881652832,1.0,110.999999673762,0.0,621.8515625,6562.6171875,42.954287878834,66.7004837036133,43.8581998947259,-0.05279999697630979,32.2768948,1.566229632702906,1897.6645708084081,5.698401108384134,1100.7107973098741,-779.2118668556213,1257.953357696536,-64.8491255,5.0,255.318649291992,5.59688901901245,12.336612701416,-380.330017089844,35.766938328743,22.9905113577843,-3.1761999676053083,0.243435732703776,1.03779825912048,2.56739993518214,41.799934387207,380.514007568359,2.0,7.0,5.0,0.0,0.0,26050904.0,2.0,65.06603630535844,101.75797167007451,30.3419998168945,28.997475814819335
2026-05-09 18:18:22+00:00,ITA,ITA,-15.48999989601704,-9.049999967247976,0.0,-1.4099999944137083,6.6000001089565385,15.530000215872311,-9.218704188332094,0.532986634847231,3.774073319526378,4.99483964662852,-0.609942429586618,4.933096614833622,4.1078077602513785,13.47256760388926,31.019999770379883,20.1703554351434,85.02036781311031,66.89059249877933,1.0,110.999999673762,0.0,640.421875,6581.1875,44.1846030238392,66.8988624572754,45.2667973204657,2.2332000277373716,32.2770167,1.3831949490325082,1897.727799415584,5.553911067545412,1080.4992198944099,-792.7016615867614,1172.675538063048,-64.8489905,5.0,242.600952148438,5.59688901901245,12.336612701416,-381.330017089844,35.8355551958084,23.0061948299408,-3.13340003858662,0.156431382333766,4.38966951823975,0.8390000164459648,42.799919128418,381.514068603516,2.0,7.0,5.0,0.0,0.0,26050904.0,2.0,64.83738889270309,102.005924612419,30.4824909210205,28.87332996368408
2026-05-09 18:18:23+00:00,ITA,ITA,-15.640000070945879,-11.63999984579926,0.0,-6.980000063324236,-2.370000008321537,2.88000011642868,-9.23349965873481,0.533719065914009,3.1388641472339462,4.9941233305393125,0.14447498944931253,4.93471707721421,4.108080028667169,12.124453552306658,18.520000048636376,19.986835082334252,86.0391746520996,66.73527191162108,1.0,110.999999673762,0.0,659.0,6599.765625,46.1068368223342,66.7089363098144,47.5235990562079,2.6267999559596236,32.2771359,2.016071163492212,1897.583270072934,5.535849835723637,1041.386485099792,-835.4785203933716,1067.468011379243,-64.8488519,5.0,227.923049926758,5.59688901901245,12.336612701416,-382.330017089844,35.8335942029953,22.9885503649712,-2.8955999163113617,2.26387836667519,-3.51980138498267,2.6509998337892515,43.7999038696289,382.514129638672,2.0,7.0,5.0,0.0,0.0,26050904.0,2.0,62.376122029062,102.25273008298299,30.57461643218995,33.23265655517578
2026-05-09 18:18:24+00:00,ITA,ITA,-15.47999981605318,-10.08999991650306,0.0,-3.570000073731088,3.719999992527854,11.389999895760619,-9.30513169454214,0.533133030347137,2.7036219110077924,4.994481488583917,0.42501829948033554,4.92661510682074,4.117608313314064,12.476931611595422,26.879999791777642,19.8072745316965,86.24207839965815,65.59757171630858,1.0,110.999999673762,0.0,677.3046875,6618.0703125,45.7544707781479,65.5312911987305,48.24619960246828,0.9651999863333491,32.2772511,2.2452223879762143,1897.6826190948461,5.499727185815573,1262.56618499756,-827.6738286018372,1262.9080533981341,-64.8487115,5.0,215.812454223633,5.59688901901245,12.336612701416,-383.330017089844,35.8433961868286,22.9787483811378,-2.3857999754355803,-0.848185110767495,-0.568681496934409,-0.7501999716570547,44.7998886108398,383.514190673828,2.0,7.0,5.0,0.0,0.0,26050904.0,2.0,59.46708298985102,102.46858113622801,30.76480865478515,39.30006225585938
2026-05-09 18:18:25+00:00,ITA,ITA,-15.529999532853362,-9.549999867325258,0.0,-2.410000018683852,5.369999910377242,14.00000010499426,-10.460910692682301,0.5324005992803584,3.195431261675804,4.99483964662852,0.1245117205473275,4.96658460544737,4.087117836594942,13.0964384778068,29.540000230075663,18.744269993052647,86.8408058166504,65.40074478149414,1.0,110.999999673762,0.0,695.46875,6636.234375,46.5267261166554,65.4636428833008,47.6722014329231,1.1448000346744154,32.277365,1.3285414614970152,1897.7277755737261,5.4906965233385545,1207.16462135315,-805.2133798599243,1259.9434375762942,-64.8485725,5.0,205.486862182617,5.59688901901245,12.336612701416,-384.236022949219,35.8394771814346,23.0081558227539,-3.510399928410924,-1.20539850819131,0.994321116845591,0.27639998654640363,45.7998733520508,384.514251708984,2.0,7.0,5.0,0.0,0.0,26050904.0,2.0,57.124956481940345,102.5842879558625,31.167630958557098,43.58630470275878
2026-05-09 18:18:26+00:00,ITA,ITA,-15.779999824401461,-10.419999993988064,0.0,-4.359999987570182,2.589999995945166,9.299999917286627,-10.4774636561358,0.533426301594624,4.1639175935283035,4.9941233305393125,1.1726035683349099,4.954701869216208,4.077861734986469,12.68178076688044,25.069999661724278,18.1432389593009,87.6835876464844,65.96229995727538,1.0,110.999999673762,0.0,713.75,6654.515625,47.7504467140169,65.9872375488281,48.69479891394662,0.581800009153542,32.2774765,0.6855582425964684,1897.754907608028,5.499727372080087,866.3647890090945,-809.6524238586428,1012.4644041061408,-64.8484301,5.0,191.947601318359,5.59688901901245,12.336612701416,-385.236022949219,35.8394771814346,22.9944318532944,-3.57660004283739,1.51213195181113,-2.00279609319874,0.23259994974653933,46.7998580932617,385.514312744141,2.0,7.0,5.0,0.0,0.0,26050904.0,2.0,56.58331496755022,102.655181904353,31.5893497467041,42.967107009887705
2026-05-09 18:18:27+00:00,ITA,ITA,-15.709999264654801,-8.389999983032755,0.0,0.0999999992253632,9.679999882326488,19.499999859618022,-10.4726300166376,0.533425794666522,3.99385570159192,4.9941233305393125,1.381172199181975,4.964153826499128,4.083578774076498,12.47540557658014,35.21000014880118,17.90126926266945,87.793155670166,65.95779556274414,1.0,110.999999673762,0.0,732.046875,6672.8125,45.9611523024324,66.0277633666992,46.84380057340029,0.06659999798998813,32.2775879,0.2562489434711382,1897.6464986801118,5.508757568895815,950.1827120780948,-784.2472553253174,1048.9654421806326,-64.8482865,5.0,180.274871826172,5.59688901901245,12.336612701416,-386.236022949219,35.8473181724548,23.0042353272438,-2.6589999436506417,-0.558760166917289,0.882512627679774,-2.870199979580646,47.7998428344727,386.514373779297,2.0,7.0,5.0,0.0,0.0,26050904.0,2.0,56.52830462397494,102.719375437267,32.04424896240235,39.2869239807129
2026-05-09 18:18:28+00:00,ITA,ITA,-15.749999584510041,-9.010000159656906,0.0,-1.1100000180819605,7.250000002535782,16.98999993775832,-10.4626686126199,0.5326933902801705,3.876037926616962,4.9941233305393125,-0.24113942343832365,4.961993181532561,4.089840008488649,12.557803100425138,32.72999944230456,18.8450110144421,89.0304428100586,66.99480606079099,1.0,110.999999673762,0.0,750.5625,6691.328125,43.9270741562785,67.255931854248,45.491200453570805,1.087599964467739,32.2777055,1.499695116483543,1897.7006673812841,5.47263529151678,1026.2104392051697,-761.2078547477722,1154.0789604187019,-64.8481479,5.0,165.907043457031,5.59688901901245,12.336612701416,-387.236022949219,35.8492791652679,22.9944318532944,-2.961199998619242,0.19778365542591,1.72294179184046,0.7491998962258959,48.7998275756836,387.514434814453,2.0,7.0,5.0,0.0,0.0,26050904.0,2.0,57.66438159994472,102.720577550561,32.265740203857405,35.69659675598144
2026-05-09 18:18:29+00:00,ITA,ITA,-15.63999972943644,-10.230000011468102,0.0,-3.720000120593906,3.190000023313856,10.81999994820084,-10.4478739959909,0.5326933902801705,3.111120986042414,4.99483964662852,-0.947223627465047,4.950921018001146,4.093379071007092,12.50096414445432,26.45999984839198,20.131366154040002,89.43756523132325,67.60353103637696,1.0,110.999999673762,0.0,769.328125,6710.09375,45.3612567876302,67.7047164916992,47.3920004354314,1.2251999309584378,32.2778267,2.6885239912908903,1897.619414329524,5.49972718581557,1156.7560434341399,-826.0204911231995,1230.593848228456,-64.8480093,5.0,153.170074462891,5.59688901901245,12.336612701416,-388.236022949219,35.8512401580811,22.9983538389206,-2.63820001125988,1.54499914226234,0.347735949661471,1.9053999568520985,49.7998123168945,388.514495849609,2.0,7.0,5.0,0.0,0.0,26050904.0,2.0,59.54549629359847,102.7821619512125,32.210525321960446,29.853004531860357
2026-05-09 18:18:30+00:00,ITA,ITA,-15.650000150909742,-11.03000009064838,0.0,-5.689999993275772,0.09999999388927776,6.280000015385842,-10.43527528517995,0.532253723532777,2.5040154381749615,4.994839732005882,-0.712912547244732,4.924455059495722,4.102907526408716,12.82330587233244,21.930000166295542,20.6110042356731,89.02804641723634,67.71693878173826,1.0,110.999999673762,0.0,788.1015625,6728.8671875,45.783362478337,67.8578247070312,48.72899835413984,0.6040000196003831,32.2779463,3.2137760398807202,1897.6555585861158,5.535849928855892,1313.21702003479,-804.8555135726925,1352.03456878662,-64.8478678,5.0,138.31559753418,5.59688901901245,12.336612701416,-389.236022949219,35.8590811491013,23.0003133416176,-2.5009999096564,0.093467783727999,-2.15304638111727,1.5759999248259204,50.7997970581055,389.514556884766,2.0,7.0,5.0,0.0,0.0,26050904.0,2.0,60.54239245579417,102.9447750949725,31.96436805725095,27.41196018218996
2026-05-09 18:18:31+00:00,ITA,ITA,-15.66999996932788,-10.400000004815167,0.0,-4.489999959882728,1.6300000353981923,8.469999833002646,-10.4313206056505,0.532693870527846,2.3782709298474303,4.9941233305393125,0.0189142212145805,4.910411592920621,4.150549205775296,13.25436679481476,24.149999818261325,20.73936824961335,88.1491230010986,67.34249999999999,1.0,110.999999673762,0.0,806.859375,6747.625,46.49957269961,67.1397789001465,49.406999131157875,0.8032000061311557,32.2780639,2.74950547833767,1897.7277994155843,5.355236958712339,1385.562610626222,-790.8127665519713,1415.846538543702,-64.8477239,5.0,126.03392791748,5.59688901901245,12.336612701416,-390.330017089844,35.8492791652679,22.9963928461075,-2.839399967226076,-2.93687376762606,0.652943513012446,-0.35959998291369794,51.7997817993164,390.514617919922,2.0,7.0,5.0,0.0,0.0,26050904.0,2.0,61.17962451667533,103.1679925072375,31.64406852722165,27.9873378753662
2026-05-09 18:18:32+00:00,ITA,ITA,-15.53999961281718,-12.05999995993968,0.0,-7.72999991344016,-3.119999943814822,2.1200000529468115,-10.4477267200369,0.5329861545995556,3.45412659748074,4.993765172494708,0.7512664606727331,4.924724937345304,4.118425374693526,12.1820549281436,17.659999831182642,18.2593240006608,86.8457736968994,66.88418884277344,1.0,110.999999673762,0.0,825.5390625,6766.3046875,52.7025626736134,66.4505172729492,52.00480011026972,0.12119999660654117,32.2781752,0.7374322036590277,1897.7729558944661,5.454573966562746,1088.592839241028,-824.5237827301023,1219.177985191348,-64.847575,5.0,112.424987792969,5.59688901901245,12.336612701416,-391.330017089844,35.8433961868286,22.9728668928146,-3.554399964355466,1.43054790349626,-2.959455867126,4.192999855995301,52.7997665405273,391.514678955078,2.0,7.0,5.0,0.0,0.0,26050904.0,2.0,59.3225493568244,103.396513561393,30.5025735855102,31.5284020614624
2026-05-09 18:18:33+00:00,ITA,ITA,-15.649999809400239,-10.88999982492858,0.0,-5.3999999795139635,0.2500000354160067,6.350000084212708,-10.4625217635528,0.5326933902801705,4.16896190167377,4.993407014450105,1.93542673576373,4.8947480054743995,4.148643156110039,11.99856906778986,22.01000012298714,16.71548182841085,84.97290687561039,64.86119247436524,1.0,110.999999673762,0.0,843.6875,6784.453125,54.3128139213897,64.5251358032226,53.46739701158763,-0.5141999940958277,32.278274,-0.6283385542722258,1897.9084968566863,5.562941823154686,942.628192901611,-797.4411368370055,1100.093460083008,-64.8474197,5.0,98.8615493774414,5.59688901901245,12.336612701416,-392.330017089844,35.8394771814346,22.9846298694611,-3.609999924010848,-1.5603047424187,-1.14106975887572,0.02979999795488921,53.7997512817383,392.514739990234,2.0,7.0,5.0,0.0,0.0,26050904.0,2.0,56.63157708422555,103.6352184276015,30.058626365661603,38.616920013427716
2026-05-09 18:18:34+00:00,ITA,ITA,-15.779999824401461,-10.619999885717062,0.0,-4.629999926781727,2.2899999555803943,8.989999999729255,-10.47013955891145,0.5326933902801705,4.832994813773112,4.993765172494709,2.4182338117283,4.968204726318498,4.070783609949586,12.25644183537532,24.769999994885477,16.6499495784191,84.758597946167,64.0158041381836,1.0,110.999999673762,0.0,861.546875,6802.3125,52.7057250511991,63.7616889953613,52.866399104253375,-1.772000031096556,32.278369,-0.3704782731263464,1897.8091239929158,5.571972392499444,830.5185079574585,-779.3008804321289,934.358561038971,-64.847266,5.0,90.1424865722656,5.59688901901245,12.336612701416,-393.330017089844,35.8531981706619,22.9669854044914,-3.2533999309353505,1.67517507732338,0.0544461426024025,-2.487800014132483,54.7997360229492,393.514801025391,2.0,7.0,5.0,0.0,0.0,26050904.0,2.0,55.110099854148565,103.8095931571115,29.99459838867185,42.697227172851555
2026-05-09 18:18:35+00:00,ITA,ITA,-15.71999968612802,-9.930000003119858,0.0,-3.290000011867052,3.629999977216774,11.350000173546908,-10.4642796834904,0.532986661527658,4.983960606695886,4.994481488583917,3.011365838426625,4.969555310849506,4.094740498463404,12.547503858175679,27.06999960354286,16.08621991527215,84.09929466247556,62.82143096923826,1.0,110.999999673762,0.0,879.0859375,6819.8515625,48.7875631281592,62.6926643371582,48.26299981876976,-0.563599996274478,32.2784678,-1.3075091105754073,1897.8362321853601,5.517788603901861,973.3375310897839,-788.5470271110534,1112.631058692934,-64.8471197,5.0,79.811653137207,5.59688901901245,12.336612701416,-394.330017089844,35.8473181724548,22.9611039161682,-3.331000015284708,-1.99089363479635,3.39036994054116,-5.026199862561079,55.7997207641602,394.514862060547,2.0,7.0,5.0,0.0,0.0,26050904.0,2.0,53.73510695912522,103.8839739171735,30.41303157806395,40.7462956237793
2026-05-09 18:18:36+00:00,ITA,ITA,-15.55999977274482,-11.870000148174439,0.0,-7.320000135395664,-2.590000006617336,2.6400000222382736,-10.4796616963881,0.5307893683273235,5.832467408701116,3.9947011722894645,4.14876927982193,4.987649250357152,4.050909893898963,10.910998558512896,18.21000013107902,14.96022310323415,83.11872367858885,61.59889572143554,1.0,110.999999673762,0.0,896.3515625,6837.1171875,45.9383531309829,61.1039794921875,44.097599391172665,1.6730000035821941,32.2785721,-2.42919289294027,1897.6645708084059,147.80664155259723,758.2200884819028,-792.8745388984678,824.9447464942934,-64.8469827,5.0,65.6532211303711,5.59688901901245,12.336612701416,-395.330017089844,35.8492791652679,22.9709059000015,-3.727000039964792,0.521782856772162,0.274334548013562,-4.28940003603512,56.7997055053711,395.514923095703,2.0,7.0,5.0,0.0,0.0,26050904.0,2.0,52.11225947648154,103.75218541713801,30.3479272842407,39.770868301391594
2026-05-09 18:18:37+00:00,ITA,ITA,-15.69000012925552,-11.77999977000956,0.0,-7.19000003501707,-2.200000004302334,3.2599999854190167,-10.47541331872435,0.561697948673188,5.633581435448361,0.6136390773758167,3.2898063973484204,5.0000719984195685,4.055266103174234,9.919177056115789,18.949999901231116,16.287540594831903,82.03861312866209,59.446641082763676,1.0,110.999999673762,0.0,913.0234375,6853.7890625,38.5970643204727,59.0313262939453,39.387198362151636,0.6327999604669051,32.2786819,-0.6039621740824803,1897.8091478347742,1249.587965011598,661.0004067420962,-837.3233199119571,744.6596860885619,-64.8468599,5.0,51.7241706848144,5.59688901901245,12.336612701416,-396.330017089844,35.8512401580811,22.9709059000015,-3.4017999632964013,0.315954972731696,-0.812017178039015,-3.612399924419144,57.799690246582,396.514984130859,2.0,7.0,5.0,0.0,0.0,26050904.0,2.0,51.0275161532568,103.4575720374785,30.55946388244625,39.18152389526364
2026-05-09 18:18:38+00:00,ITA,ITA,-15.76999974443766,-11.72999988245466,0.0,-7.249999917158412,-2.2099999988887857,3.31999995293772,-10.45724885751355,0.41462469923470646,5.3543486172715244,1.4121741156636738,-1.00081065033075,4.846136610000406,4.217246942171482,11.215792335130143,19.07999991623236,18.3618852674641,81.91034431457516,58.54285629272461,1.0,110.999999673762,0.0,929.3125,6870.078125,38.9348069296461,58.5641876220703,39.95579999923362,-0.9517999769389164,32.2787979,1.9078155893222501,1897.79105186462,1861.90149784088,810.8925104141233,-822.5647568702695,937.6796245574957,-64.8467528,5.0,39.5933799743652,5.59688901901245,12.336612701416,-397.330017089844,35.8630031347275,22.9728668928146,-3.157000007027624,-0.69527803934439,-0.0691452933305985,6.88919991269623,58.799674987793,397.515045166016,2.0,7.0,5.0,0.0,0.0,26050904.0,2.0,51.61895794292326,103.0204809117325,30.641317176818852,38.00098388671874
2026-05-09 18:18:39+00:00,ITA,ITA,-15.6699999693279,-11.799999759182501,0.0,-7.390000012123456,-2.520000001823498,2.8999999668633643,-10.4187231755001,-0.150519846937013,1.823409008021562,2.22539093372108,-7.69021990987431,3.969783809767948,5.088134908049012,12.074099690198079,18.58000001615506,23.4680117475605,77.9354290008545,56.77885643005368,1.0,110.999999673762,0.0,945.3828125,6886.1484375,56.3988288259925,55.8743259429932,56.21680018649813,-1.9548000337359461,32.2789024,3.7785317255071043,1897.782015800472,1899.677252769468,1048.2058882713322,-844.398558139801,1165.484762191772,-64.8466347,5.0,26.9056835174561,5.59688901901245,12.336612701416,-398.330017089844,35.855159163475,22.9689463973045,-1.967199943353324,2.29862823473809,-0.451480413336309,23.60260011289144,59.7996597290039,398.515106201172,2.0,7.0,5.0,0.0,0.0,26050904.0,2.0,62.287172475500924,102.581835917951,30.8504093170166,29.635017585754376
2026-05-09 18:18:40+00:00,ITA,ITA,-14.98000008673064,-11.450000034034039,0.0,-7.1999999442261595,-2.3499999657877817,3.04000001913973,-10.323799767736201,-0.15125227133368452,-0.09590911878696522,2.72635546995258,-12.975342809671751,4.0178552787880495,5.045121023354577,10.747347909018329,18.01999997780436,26.70686781518675,71.9537063598633,50.24436149597168,1.0,110.999999673762,0.0,959.9609375,6900.7265625,85.6091607550221,48.7120708465576,84.6081992642324,-0.22340001843986398,32.2789592,5.408279620203214,1897.230911254884,1897.9343891143822,1441.083025932314,-833.3101034164429,1369.6608543396,-64.8464934,5.0,22.8336582183838,5.59688901901245,12.336612701416,-399.330017089844,35.308188199997,25.1529157161713,0.5134000055212473,1.27878238079905,5.9316321078075,29.11019930674048,60.7996444702148,399.515167236328,2.0,7.0,5.0,0.0,0.0,26050904.0,2.0,62.83485119409836,102.157015227049,31.01198387146,21.553951492309558
2026-05-09 18:18:41+00:00,ITA,ITA,6.469999891184051,4.500000029174383,0.0,2.16999998852647,0.5899999740853028,-0.6000000060243501,-10.370528080056001,-0.17674112325357,-0.8255168921870719,3.429281101355902,-13.434507399267801,3.8193592239595398,5.2446713178814806,-7.916058449922183,-7.050000206856294,21.4749343732205,72.04037818908691,43.69297920227048,1.0,110.999999673762,0.0,972.5703125,6913.3359375,104.258930812039,42.6235919952392,107.82280057754699,3.318399810369916,32.2789601,8.226236635416857,1897.8723764419542,1897.9704856872581,1767.421603202818,-804.9208879470826,1574.949693679808,-64.8463556,5.0,21.3081951141357,5.59688901901245,12.336612701416,-400.330017089844,35.2925032377243,25.3234773874283,-0.09240000904927297,-4.25383839998936,1.20691384969171,18.718399456288118,61.7996292114258,400.515228271484,2.0,7.0,5.0,0.0,0.0,26050904.0,2.0,39.432561405033724,101.74486795215199,31.1206729888916,29.1333118057251
2026-05-09 18:18:42+00:00,ITA,ITA,15.8899996794751,12.0900000290764,0.0,7.399999921332544,2.169999935165614,-3.349999979385758,-10.37140746691165,-0.162678724247866,1.903035054544792,6.092735865137956,-12.25822630767335,3.561719664645556,5.519358986675131,-15.902127021855899,-19.24999990957938,3.68686578436877,71.5787498474121,40.72641723632812,1.0,110.999999673762,0.0,984.03125,6924.796875,129.692834073496,40.401607131958,127.37340018608361,4.18600002200178,32.2789226,3.0286457687955917,1897.6645946502638,1897.9434013366717,1419.695949554444,-803.716742992401,1345.1486110687242,-64.8462411,5.0,22.4518260955811,5.59688901901245,12.336612701416,-401.236022949219,35.4493409395218,25.36661028862,-2.7419998901804457,-1.57524588794981,1.8218827382185,20.74139801107998,62.7996139526367,401.515289306641,2.0,7.0,5.0,0.0,0.0,26050904.0,2.0,2.903154238935524,101.34506965927449,31.1272493362427,38.267541732788104
2026-05-09 18:18:43+00:00,ITA,ITA,15.7799998244015,11.940000024902222,0.0,7.279999986295133,2.10999996764691,-3.169999991452272,-10.3740443468181,-0.12649631738803951,2.5757153062984903,7.195287369830945,-5.95548142084189,3.2411554934989497,5.428703507991482,-17.501247451851338,-18.970000402668198,-8.987725973622474,70.2723072052002,40.33253059387208,1.0,110.999999673762,0.0,995.234375,6936.0,147.730721633718,40.3159858703613,144.44939766964382,5.089199819917984,32.2788513,-0.3442056289847545,1897.45676517487,1897.7898597717299,1055.3788304328925,-794.3071603775024,1088.7075185775739,-64.846158,5.0,30.3350143432617,5.59688901901245,12.336612701416,-402.330017089844,59.0632855892181,25.4038572311401,-3.13399994263916,0.713160488447688,0.700211943885225,11.116199468540161,63.7995986938476,402.515350341797,2.0,7.0,5.0,0.0,0.0,26050904.0,2.0,-21.33121097138414,100.957292499336,31.0527723312378,38.03768989562989
2026-05-09 18:18:44+00:00,ITA,ITA,15.779999824401477,11.9499999341113,0.0,7.290000066258948,2.069999946612426,-3.159999996865822,-10.37741376451305,-0.098371029123795,2.574634471551018,7.126892929067564,-2.949371306259885,3.183362061280298,5.566728483003288,-18.680752136601917,-18.94999990123112,-17.6007443542835,68.07843704223629,40.74000183105468,1.0,110.999999673762,0.0,1006.515625,6947.28125,152.657678591506,40.8571998596191,150.0929944676042,5.748599772014624,32.2787644,-1.797973511618478,1897.5200176239018,1897.979521751406,1051.0166406631458,-215.95585346221915,973.6406445503237,-64.8460961,5.0,39.121654510498,5.59688901901245,12.336612701416,-403.330017089844,61.8863701820374,25.4607111215591,-2.1949999643204263,2.03455796694318,0.586860845823191,3.495599847630518,64.7995834350586,403.515411376953,2.0,7.0,5.0,0.0,0.0,26050904.0,2.0,-39.49480730950628,100.998925917422,30.9772876739502,32.97696281433104
2026-05-09 18:18:45+00:00,ITA,ITA,15.69999986770988,11.93000011569314,0.0,7.290000066258943,2.040000026886094,-3.3000000064535002,-10.380050217532649,-0.08548021433405295,2.4496100359167317,4.696910423570555,-2.514897316904965,3.3467499619352523,5.731431664648975,-19.60505329169468,-19.0099996979951,-22.83470977752775,65.41034202575685,40.41585433959965,1.0,110.999999673762,0.0,1017.78125,6958.546875,157.625534722045,40.3188629150391,154.2485990378938,6.080400031232722,32.2786727,-2.3211849344720603,1883.3085536956758,1897.9704856872581,1337.936687469482,-403.03255990147585,1139.932632446288,-64.8460434,5.0,47.235466003418,5.59688901901245,12.336612701416,-404.236022949219,61.8785262107849,25.4371851682663,-0.6402000181993862,0.91602879282385,-0.485907981847758,4.259199927733087,65.7995681762695,404.515472412109,2.0,7.0,5.0,0.0,0.0,26050904.0,2.0,-50.18868696090915,101.1757014584255,30.8623912811279,26.51492374420166
2026-05-09 18:18:46+00:00,ITA,ITA,15.69999952620044,9.850000046428253,0.0,2.3099999660976365,-6.36000001476613,-14.760000205828755,-10.38708147039635,-0.07024526728198124,3.842530171143302,4.3549373659800015,-1.73631476862681,3.2921972837230413,5.778801075599762,-19.45055782776358,-30.460000415048103,-24.391442224288852,62.901778793335,40.22803344726562,1.0,110.999999673762,0.0,1028.90625,6969.671875,159.210466458568,40.3710788726807,157.9081925385814,4.556399942719782,32.2785795,-1.0123886053784577,1426.8781423568719,1897.862124443056,1452.9860019683838,-773.2731342315674,1232.3419570922863,-64.8459981,5.0,58.3007431030274,5.59688901901245,12.336612701416,-405.236022949219,61.9020521640778,25.4391461610794,-1.5239999817912344,-3.03034597363474,-4.53174684448613,3.810599890547138,66.7995529174805,405.515533447266,2.0,7.0,5.0,0.0,0.0,26050904.0,2.0,-56.24383339221413,101.241780123551,30.5359754562378,22.478731155395515
2026-05-09 18:18:47+00:00,ITA,ITA,15.76999974443768,12.019999981593859,0.0,7.899999992164558,3.300000011789586,-1.65000002457109,-10.386202083540748,-0.0891423229771971,4.929195210779713,7.531889764299751,-2.44502544219109,3.268971951158016,5.784790468482946,-18.7093620914878,-17.430000041071658,-26.3080744138908,61.4973621368408,42.114854965209936,1.0,110.999999673762,0.0,1040.3984375,6981.1640625,165.123169977752,42.6188129425049,161.8384008662604,2.336600031098546,32.2784824,-1.7543791889106388,749.8758196830752,1897.9163169860858,861.8675708770745,-728.9896368980408,1000.3255486488337,-64.8459579,5.0,67.8490905761719,5.59688901901245,12.336612701416,-406.236022949219,61.9079351425171,25.4724740982056,-3.7946000443503336,0.000298395765332416,3.50330690502391,3.459799923360084,67.7995376586914,406.515594482422,2.0,7.0,5.0,0.0,0.0,26050904.0,2.0,-63.4679264018507,101.202346026378,29.33450031280515,18.719639854431144
2026-05-09 18:18:48+00:00,ITA,ITA,15.7099999476737,10.050000108912004,0.0,2.389999944133586,-6.77000002759838,-14.940000193762227,-10.3885461190865,-0.04636812156022675,5.003056108067948,5.595352354399612,1.2172603589846576,3.439381328968426,5.816097835826804,-20.339382638797836,-30.649999543794344,-27.41040035158645,63.6157459259033,44.523353347778325,1.0,110.999999673762,0.0,1052.6015625,6993.3671875,167.393005763487,44.9781303405762,163.6147991976728,4.837199819735631,32.2783766,-3.7679265334715075,451.2625992298126,1897.7808475494398,769.1514134407042,-771.4842081069949,821.4739084243774,-64.8459267,5.0,80.4818572998047,5.59688901901245,12.336612701416,-407.236022949219,61.9765520095825,25.4646331071854,-2.471000011274414,2.60898648109477,0.967669932147612,0.18800002308967545,68.7995223999024,407.515655517578,2.0,7.0,5.0,0.0,0.0,26050904.0,2.0,-65.1948263523482,101.1064672459035,28.93217067718505,17.146520919799805
2026-05-09 18:18:49+00:00,ITA,ITA,15.600000092600101,8.39999972148711,0.0,-0.1699999986831176,-9.82999988650062,-20.219999811351943,-10.3888398172208,0.010908126563559923,4.999814073401036,4.075987445700855,1.813543344046175,3.619242877505168,5.828620902292663,-21.67834116330752,-35.810000848516594,-26.46542660444225,65.1960124969482,46.11349731445313,1.0,110.999999673762,0.0,1065.2734375,7006.0390625,166.60395498981,46.4613773345947,162.96980257774322,5.632800061807312,32.2782657,-3.8216113080836194,43.48378134891383,1897.753739356996,1237.9026174545302,-786.5277409553528,1041.7356133460985,-64.8458961,5.0,91.5910797119141,5.59688901901245,12.336612701416,-408.236022949219,72.6866364479065,25.484237074852,-0.7681999777208194,0.805300540763954,0.529999947869658,-0.837999996710195,69.7995071411133,408.515716552734,2.0,7.0,5.0,0.0,0.0,26050904.0,2.0,-64.28576095872752,101.03335007083851,28.86033554077145,19.1421743774414
2026-05-09 18:18:50+00:00,ITA,ITA,15.519999452889541,8.389999812278024,0.0,-0.1999999984507268,-9.819999977291534,-19.960000122858958,-4.219262861832845,0.022187232523605,4.99873276907806,2.756434427774212,0.5742196997940205,3.7286183679112597,5.7208147332257395,-22.480953277581143,-35.47000017880364,-26.0744802367291,66.0960708618164,47.14940780639646,1.0,110.999999673762,0.0,1078.296875,7019.0625,165.231879268581,47.329012298584,161.98159988032302,4.926999987980468,32.2781517,-3.79265638595596,2.8278722427785383,1897.82602787018,1546.039485931396,-815.4077410697936,1387.7897500991817,-64.845863,5.0,105.138320922852,5.59688901901245,12.336612701416,-409.330017089844,82.1145713329315,25.5058020353317,-0.5899999954296444,-1.6898246591543,-1.74529059769156,-0.10760000407569095,70.7994918823242,409.515777587891,2.0,7.0,5.0,0.0,0.0,26050904.0,2.0,-64.55093485702626,100.95072868754349,28.666011428833002,19.4309345626831
2026-05-09 18:18:51+00:00,ITA,ITA,15.619999569508801,9.44999992146074,0.0,2.1100000636964444,-5.729999928932893,-14.620000110863694,1.06055351458806,-0.18435907202470242,4.998372647354071,3.77770006459829,-0.280015938051797,3.732399133748956,5.70611351943357,-22.42449561692072,-30.239999338863083,-24.70927141693705,65.9304656982422,48.449688491821306,1.0,110.999999673762,0.0,1091.6328125,7032.3984375,164.051950429083,48.7437046051025,163.13900002386282,1.688800002712749,32.2780357,-1.7460842069761775,2.7194581460207696,1897.8440284729018,1470.777034759522,-818.3755874633787,1445.61619758606,-64.8458269,5.0,116.758834838867,5.59688901901245,12.336612701416,-410.235992431641,82.1361362934112,25.4920810461044,-3.147199795474394,-3.07573599576406,-5.99297104853562,1.0318000029996344,71.7994766235352,410.515838623047,2.0,7.0,5.0,0.0,0.0,26050904.0,2.0,-66.14057942407668,100.831862905418,28.366205692291253,18.0187855911255
2026-05-09 18:18:52+00:00,ITA,ITA,15.81999980274728,13.649999696826939,0.0,11.040000170612208,8.219999989685718,5.419999942006436,1.06143236783517,-1.9288673529221398,4.998372305844613,6.953220513758543,-1.0002851893370661,3.791542766300476,5.665822575029123,-20.38973615939704,-10.419999993988046,-23.34398319619595,67.07497329711916,51.11474029541016,1.0,110.999999673762,0.0,1105.5390625,7046.3046875,165.111558656163,51.8857326507568,163.65180243052023,-1.075799985583321,32.2779161,-0.6753311442201154,2.728492626920342,1897.871160507204,704.7906637191765,-796.8268871307374,1010.8553409576401,-64.8457862,5.0,130.696365356445,5.59688901901245,12.336612701416,-411.329986572266,82.1263313293457,25.5058020353317,-5.385399937898873,0.854312644226643,2.65476838532772,-0.781400011982958,72.7994613647461,411.515899658203,2.0,7.0,5.0,0.0,0.0,26050904.0,2.0,-67.82832053402468,100.701717065878,28.23264541625975,15.93786157608032
2026-05-09 18:18:53+00:00,ITA,ITA,15.84000030418438,11.290000120650841,0.0,5.85000016279108,-1.4799999992075497,-7.829999848632499,1.06069993676839,-3.223223685606725,4.998012184120622,4.263982682322026,0.3236217466832225,3.887415058094814,5.563733445052237,-21.581447758232258,-23.64999991818406,-23.989409605779052,69.37289772033691,53.58093818664552,1.0,110.999999673762,0.0,1120.296875,7061.0625,163.106174134712,53.7182590484619,161.71480176304,1.0205999868646933,32.2777892,-1.8910442092256698,2.791734179481864,1897.898221015932,650.7339537143705,-774.1147756576537,945.5699682235715,-64.8457438,5.0,143.454666137695,5.59688901901245,12.336612701416,-412.329986572266,82.1028053760529,25.5234479904175,-3.27279997336703,1.04890083833805,0.413778542850205,-1.3251999541961879,73.799446105957,412.515960693359,2.0,7.0,5.0,0.0,0.0,26050904.0,2.0,-69.51521879862909,100.5019920892635,28.2229182243347,12.735787582397458
2026-05-09 18:18:54+00:00,ITA,ITA,15.70000020921934,9.349999975596239,0.0,1.6600000244936293,-7.40000009208727,-15.989999625339602,1.059674768062655,-4.014983056176015,4.997651720887174,4.424048336276002,1.223039659517843,3.9570910984785863,5.490229339770766,-20.37333346010524,-31.71000016524128,-23.89406443383395,71.21081771850585,55.80992065429689,1.0,110.999999673762,0.0,1135.5546875,7076.3203125,162.686554632863,56.6058746337891,160.9162023849036,1.617999947979348,32.2776583,-2.095562996798254,2.8278722427785383,1897.82602787018,865.8185601234436,-807.4715375900267,978.387618064881,-64.8456969,5.0,160.614501953125,5.59688901901245,12.336612701416,-413.329986572266,82.2125911712646,25.5175650119782,-3.29599999154345,0.903895388650146,-0.9585932510709,-1.4135999630096376,74.799430847168,413.516021728516,2.0,7.0,5.0,0.0,0.0,26050904.0,2.0,-70.61148738305931,100.21820114434351,28.4624433517456,12.12774581909178
2026-05-09 18:18:55+00:00,ITA,ITA,15.69000012925552,8.79999984645461,0.0,0.7499999835180542,-8.119999873066478,-17.96999991949474,1.059528345882325,-4.0806094347121995,4.998011842611165,3.3171997034440617,1.163673362799385,4.079429178023622,5.37970151107433,-17.80260837539172,-33.67000047022351,-23.573939443851,72.61704711914061,57.36945945739744,1.0,110.999999673762,0.0,1151.421875,7092.1875,160.102994598171,57.33193359375,158.9455971867066,0.5087999985132485,32.2775229,-1.8714365076988801,2.746561681851742,1897.8350162506122,972.699582576752,-817.3200249671936,1067.9568529129017,-64.8456446,5.0,172.527633666992,5.59688901901245,12.336612701416,-414.329986572266,67.7227079868317,25.5528539419174,-2.7861998799129397,-1.31315584140567,-1.00654331347851,-1.6909999746278974,75.7994155883789,414.516082763672,2.0,7.0,5.0,0.0,0.0,26050904.0,2.0,-70.9928796821615,99.87656532734334,28.7074204444885,14.263421916961661
2026-05-09 18:18:56+00:00,ITA,ITA,15.86000046411202,9.170000073040121,0.0,1.1900000281344219,-7.9599999596832545,-16.9400002209582,1.05938197706284,-5.005232846667745,4.996571014205746,3.278884647389136,0.9382953696006504,4.098063641626709,5.339954078973086,-15.54545283585054,-32.79999966054184,-22.977900424608848,74.19549064636229,58.78184600830076,1.0,110.999999673762,0.0,1167.6328125,7108.3984375,158.202494461614,58.9031227111816,157.404201075953,0.8797999593539665,32.2773861,-1.7258867986558357,2.746561635285616,1897.8350162506117,799.0482211112974,-797.7151870727541,970.3075885772699,-64.8455858,5.0,188.808029174805,5.59688901901245,12.336612701416,-415.329986572266,67.703104019165,25.5450129508972,-3.7897999581563795,-0.510089146026278,0.577796170938379,-2.335999828225231,76.7994003295898,415.516143798828,2.0,7.0,5.0,0.0,0.0,26050904.0,2.0,-70.29899939834208,99.4979918473116,28.7007170677185,18.63989696502688
2026-05-09 18:18:57+00:00,ITA,ITA,15.68000039080118,9.040000058038894,0.0,1.0099999975122556,-8.229999984272162,-17.469999848662724,1.05938197706284,-7.10541121573159,4.9972915991631846,4.627441807494145,0.7969722723294625,4.155046970721116,5.289863349902234,-14.60436700313664,-33.15000006870916,-21.82689743624585,75.51747550964355,59.6101121520996,1.0,110.999999673762,0.0,1184.15625,7124.921875,154.356811090952,59.5778617858887,154.1263960253396,2.145599980818076,32.2772492,-1.297303271162842,2.764630643650888,1897.853088378908,581.1398327350615,-786.2594485282896,752.2581934928894,-64.8455174,5.0,206.790328979492,5.59688901901245,12.336612701416,-416.329986572266,67.7187919616699,25.541090965271,-3.3776000054254958,2.82802296381427,0.337723799472732,-3.0147999081309202,77.7993850708008,416.516204833984,2.0,7.0,5.0,0.0,0.0,26050904.0,2.0,-68.30339160966923,99.09469649757901,28.724939346313498,23.558821449279762
2026-05-09 18:18:58+00:00,ITA,ITA,15.69999986770988,8.409999972205654,0.0,-0.17999999860565422,-9.839999966464436,-20.109999956278337,1.0596747147018002,-7.106143966963485,4.996931135929737,3.977154523033404,0.275815965351728,4.205278743198326,5.240587889286187,-15.41155653943726,-35.81000016549772,-21.25086318730905,76.0574054718017,59.19230484008788,1.0,110.999999673762,0.0,1200.59375,7141.359375,153.718939724365,59.461083984375,152.5124004678602,2.1931999960307165,32.2771153,-1.1528746949833761,2.755596116185186,1897.7808475494398,874.485445022583,-744.8029041290283,958.5891842842108,-64.8454409,5.0,220.361801147461,5.59688901901245,12.336612701416,-417.329986572266,67.6913440227508,25.5587369203568,-2.37539998789586,0.634937106647883,-0.572963598657184,-0.9007999949430653,78.7993698120117,417.516265869141,2.0,7.0,5.0,0.0,0.0,26050904.0,2.0,-65.90558813172021,98.69266473284296,28.853525733947748,28.015842590332046
2026-05-09 18:18:59+00:00,ITA,ITA,15.799999984329139,9.520000139698002,0.0,2.340000008553929,-5.299999926927744,-13.810000037096978,1.059088705815355,-7.1054112157315945,4.996931135929737,3.6803005425055337,-0.7034559202201729,4.173681434324202,5.268900730943184,-16.101253673899542,-29.60000002683966,-20.223606151233703,75.86149177551269,58.743985748291,1.0,110.999999673762,0.0,1216.9609375,7157.7265625,152.155850932807,58.6405975341797,152.335405677784,0.20839999987976104,32.2769834,-0.06800707565594877,2.7104236651211977,1897.8079080581679,1093.426489830017,-782.3153495788574,1147.4782228469842,-64.8453615,5.0,236.023559570312,5.59688901901245,12.336612701416,-418.329986572266,67.7089869976044,25.5508929491043,-3.056399943667164,-3.44139977793421,-1.8149255502186,0.4708000116142136,79.7993545532226,418.516326904297,2.0,7.0,5.0,0.0,0.0,26050904.0,2.0,-64.42514326308213,98.33152872576224,28.93775825500485,31.20081687927246
2026-05-09 18:19:00+00:00,ITA,ITA,15.76999974443766,11.02999991989364,0.0,5.36000008654552,-1.3600000321536228,-7.949999922408137,1.0586495459960652,-7.120645739231895,4.996931477439195,5.277728921200152,-0.543221459875084,4.16503928134475,5.282784797978527,-15.07281194151264,-23.7300002163851,-19.76727523636965,76.97128601074215,59.3071092224121,1.0,110.999999673762,0.0,1233.40625,7174.171875,151.83406706063,59.2271369934082,151.7483918997566,-0.7267999920220634,32.2768527,-0.1579255475796868,2.7826996985822903,1897.8350162506122,771.5467095375062,-767.5676822662351,1001.4256715774543,-64.8452796,5.0,245.952789306641,5.59688901901245,12.336612701416,-419.329986572266,67.6835000514984,25.5626559257507,-3.9093998148631597,1.72018122147701,-0.912112426386788,-1.330000011041672,80.7993392944336,419.516387939453,2.0,7.0,5.0,0.0,0.0,26050904.0,2.0,-63.04814707357521,98.0249522697716,28.9585241317749,32.82546066284178
2026-05-09 18:19:01+00:00,ITA,ITA,15.76999974443766,10.31000030966918,0.0,4.069999931119691,-3.019999987278144,-10.37000010643316,1.0583563281094301,-7.114640081960745,4.997291599163184,3.9932691590969442,-0.3819360808776865,4.187994693371516,5.258011189594706,-15.129269602173062,-26.15000010158936,-20.0012450739357,77.86980972290036,59.2893745422363,1.0,110.999999673762,0.0,1249.859375,7190.625,152.41636800813,59.2911460876465,151.04799698150697,-0.5899999967636651,32.2767217,-1.0759123261869108,2.72849267348647,1897.7627992630019,934.2455148696899,-801.7738819122314,1108.8679552078233,-64.8451966,5.0,263.589874267578,5.59688901901245,12.336612701416,-420.329986572266,39.1428798437118,25.5704998970032,-2.567999967300726,0.885093211886423,1.23694651163737,-0.21919996970057926,81.7993240356445,420.516448974609,2.0,7.0,5.0,0.0,0.0,26050904.0,2.0,-61.4533006344529,97.74379777787185,29.08515701293945,33.946042098999015
2026-05-09 18:19:02+00:00,ITA,ITA,15.83000022422056,8.810000097173155,0.0,0.589999990093559,-9.169999987662749,-18.320000327662058,1.05894228363502,-7.10072357152685,4.996931135929737,3.4715355117033164,-0.283167843570133,4.168279864596462,5.269445011642669,-15.07586401154326,-34.13999910588096,-19.960946957832647,79.16852073669429,59.95222778320313,1.0,110.999999673762,0.0,1266.40625,7207.171875,153.581379714481,60.2788032531738,151.8817991546254,0.3038000031028009,32.2765892,-1.595210360139024,2.773665124550462,1897.7808713912978,1163.40937614441,-803.5992383956907,1252.972483634948,-64.845116,5.0,279.405212402344,5.59688901901245,12.336612701416,-421.329986572266,39.1507208347321,25.5606949329376,-2.9812000304808257,-0.854376730610965,-1.16841250022717,1.1481999480967737,82.7993087768555,421.516510009766,2.0,7.0,5.0,0.0,0.0,26050904.0,2.0,-60.089669759113875,97.5188318371791,29.2121452331543,35.536020584106446
2026-05-09 18:19:03+00:00,ITA,ITA,15.739999504546219,8.440000041342373,0.0,-0.2399999981408722,-9.840000137219164,-20.149999934624137,1.0586495459960599,-7.09632919856959,4.9962105509722985,3.6351816788862643,0.3483142745851005,4.177732248766207,5.266722327484772,-14.05810264596156,-35.86999996226168,-19.66238145996485,80.50793952941896,61.2835235595703,1.0,110.999999673762,0.0,1283.3359375,7224.1015625,154.011408424625,61.451016998291,152.2523970227632,-0.715799988372013,32.2764529,-1.674055075709888,2.674285555258394,1897.6543664932262,1073.083806037904,-788.8787388801575,1242.824459075928,-64.8450363,5.0,295.646453857422,5.59688901901245,12.336612701416,-422.329986572266,39.144840836525,25.5587369203568,-3.57459990731632,-1.32981862149444,-0.848914980513335,-0.07559999914590294,83.7992935180664,422.516571044922,2.0,7.0,5.0,0.0,0.0,26050904.0,2.0,-59.88819283897685,97.3540330328851,29.23333339691165,35.38899604797363
2026-05-09 18:19:04+00:00,ITA,ITA,15.810000064292918,9.829999886500627,0.0,3.009999987355609,-4.269999908226076,-12.500000234007715,1.05850312381573,-7.097647425079405,4.996931135929737,4.480984024800948,-0.042553906138390524,4.219051648904932,5.22942607952192,-12.751568907743982,-28.30999995679118,-18.88190684256485,81.5235019683838,62.40386810302732,1.0,110.999999673762,0.0,1300.578125,7241.34375,151.598794364479,62.6178405761719,151.5345960504324,-1.646799995567574,32.2763143,-0.9653593004957383,2.629113057628272,1897.8169441223158,767.7316784858704,-778.7403345108035,1079.5832037925734,-64.8449541,5.0,306.401000976562,5.59688901901245,12.336612701416,-423.235992431641,39.144840836525,25.5606949329376,-4.108599976817738,1.15456738661443,1.60349138821045,-1.4503999657127826,84.7992782592774,423.516632080078,2.0,7.0,5.0,0.0,0.0,26050904.0,2.0,-59.6772957219365,97.1972016442578,29.33270473480225,33.94540901184082
2026-05-09 18:19:05+00:00,ITA,ITA,15.83000022422056,9.240000120522655,0.0,1.3500000215589156,-8.279999957204428,-17.07999980365902,1.057624323929475,-7.60156170657002,4.996571014205746,3.794172218376198,-0.4024248207785135,4.244167705898263,5.203563397474936,-12.43723762572446,-32.91000088165324,-18.617683535843852,81.43841285705565,62.29404327392579,1.0,110.999999673762,0.0,1317.9296875,7258.6953125,151.491082281268,62.1123115539551,150.8865968793438,-0.477600011881704,32.2761764,-0.7546683804631614,2.6200785767287,1897.771811485292,869.6390748023989,-729.3394088745117,1023.2705235481264,-64.8448666,5.0,320.393341064453,5.59688901901245,12.336612701416,-424.235992431641,39.1585648059845,25.5861818790436,-2.84099998172783,-0.0535697039338856,0.120474305015483,0.32340000165697136,85.7992630004883,424.516693115234,2.0,7.0,5.0,0.0,0.0,26050904.0,2.0,-59.458415479794304,97.0183155748006,29.2822088241577,33.35235122680665
2026-05-09 18:19:06+00:00,ITA,ITA,15.76999974443766,8.460000030515275,0.0,-0.1599999987605814,-9.840000137219164,-20.2200001528614,1.0574774748623201,-8.146490847139734,4.996210550972298,3.568935332616852,0.505397789907204,4.267392739642522,5.174706189741089,-11.942852824163861,-35.99000092182744,-18.78522807618425,81.6987922668457,62.3067709350586,1.0,110.999999673762,0.0,1335.25,7276.015625,149.650728790543,62.1849517822266,149.3945994287436,-0.7200000050947872,32.2760393,-1.23451082349066,2.583933435380456,1897.771811485292,1033.6943387985218,-754.8769593238833,1104.7049760818459,-64.8447782,5.0,336.713714599609,5.59688901901245,12.336612701416,-425.235992431641,39.1487598419189,25.5881428718567,-2.982800002293902,0.27672313987151,-1.45939627467287,-3.061200008516778,86.7992477416992,425.516754150391,2.0,7.0,5.0,0.0,0.0,26050904.0,2.0,-59.05009037875692,96.8408570148799,29.190649795532202,33.61117401123048
2026-05-09 18:19:07+00:00,ITA,ITA,15.789999904365299,9.49999997977037,0.0,2.1899999456828607,-6.029999979969834,-14.63000019082754,1.0568918928627,-8.156453104931025,4.99585008773885,3.561773324319222,0.774908066587251,4.231474823854173,5.201113237864925,-11.09141254128746,-30.430000175156618,-18.9512238711304,81.95256271362305,62.078400878906265,1.0,110.999999673762,0.0,1352.484375,7293.25,149.03907168999,62.2160911560058,147.34499353053042,-1.79479997094234,32.275905,-1.7082016673143579,2.656216546893118,1897.6182937622082,989.7044777870153,-771.0255742073059,1151.345539093018,-64.8446851,5.0,350.394927978516,5.59688901901245,12.336612701416,-426.235992431641,39.144840836525,25.5822628736496,-3.4297999396007297,-0.793780199429111,-0.413314943760291,-2.018199957365691,87.7992324829102,426.516815185547,2.0,7.0,5.0,0.0,0.0,26050904.0,2.0,-57.94205747650026,96.6199618669325,29.165278244018552,35.034754257202145
2026-05-09 18:19:08+00:00,ITA,ITA,15.78999990436528,10.11000007643069,0.0,3.409999989593146,-4.42999994967534,-12.200000054904717,1.0568918928627,-8.15777090455401,4.996210550972298,3.5145057685644296,0.59943578437414,4.225533242295176,5.197302163062784,-11.08149442359368,-27.9900004715342,-18.520040005242997,82.92949790954586,62.174520263671866,1.0,110.999999673762,0.0,1369.765625,7310.53125,145.20801858453,62.274723815918,144.2426013981814,-0.4433999820511085,32.2757732,-1.841648366525504,2.692354610189796,1897.66345024109,899.4098424911502,-807.6125383377073,1127.617907524108,-64.844587,5.0,366.1787109375,5.59688901901245,12.336612701416,-427.235992431641,39.1468018293381,25.5881428718567,-3.190599970055076,2.49419981600742,2.11423404460208,-3.652399902764948,88.7992172241211,427.516876220703,2.0,7.0,5.0,0.0,0.0,26050904.0,2.0,-55.71591645994228,96.38631475580476,29.3274175643921,38.43772201538086
2026-05-09 18:19:09+00:00,ITA,ITA,15.77999982440148,8.459999859760547,0.0,-0.1999999984507264,-10.100000167221614,-19.8499999262759,1.056305403728575,-8.162751393119425,4.996570672696288,2.792243359356612,0.3010330304375215,4.253349614576878,5.178517606052686,-11.57511612226928,-35.62999940916792,-17.90351383358545,82.6900508880615,61.16109603881836,1.0,110.999999673762,0.0,1386.859375,7327.625,142.622887606329,60.9030601501465,141.6711991002114,0.8989999679564165,32.2756472,-1.571045663119706,2.692354610189794,1897.7898836135878,1158.5604667663579,-789.8990511894226,1235.911536216738,-64.8444809,5.0,379.109008789062,5.59688901901245,12.336612701416,-428.235992431641,39.1507208347321,25.5704998970032,-2.606599927621404,-1.7903394305275,-0.491560390272767,-1.376599910469012,89.799201965332,428.516937255859,2.0,7.0,5.0,0.0,0.0,26050904.0,2.0,-53.40235312012162,96.1363947189794,29.46464366912845,41.05405082702634
2026-05-09 18:19:10+00:00,ITA,ITA,15.820000144256738,9.179999982249218,0.0,1.579999971752486,-6.480000013836568,-15.97999988688523,1.05645182590891,-8.17051518377161,4.9962105509722985,4.450188836267476,-0.480703351019782,4.246598228714414,5.188590427531162,-11.22759729258214,-31.79999951887776,-16.5069442002193,81.8415458679199,60.374083557128905,1.0,110.999999673762,0.0,1403.6875,7344.453125,140.603173347999,60.181436920166,140.6344037049604,-0.6127999913043235,32.2755276,-0.09603388113009806,2.6742855552583924,1897.8259801864642,998.5689640045172,-791.440463066101,1155.190539360046,-64.8443697,5.0,393.475189208984,5.59688901901245,12.336612701416,-429.329986572266,39.1428798437118,25.5763798952103,-3.828999950595646,-1.08921250809775,-1.96484713528333,-1.2115999277554166,90.799186706543,429.516998291016,2.0,7.0,5.0,0.0,0.0,26050904.0,2.0,-51.94457969839554,95.8980825886485,29.32810077667235,42.494455261230485
2026-05-09 18:19:11+00:00,ITA,ITA,15.820000144256738,10.8000001297827,0.0,4.859999930336148,-1.860000017608272,-8.680000082171928,1.05630588397625,-8.179744476887588,4.99585008773885,4.427270904903778,-0.8059015173696364,4.231474396967348,5.211186230098128,-10.54285921696676,-24.490000146464883,-16.233092034315902,81.70017585754391,59.62068099975586,1.0,110.999999673762,0.0,1420.3359375,7361.1015625,138.643086641124,59.3531021118164,138.94819392342401,-0.8449999961223623,32.2754124,-0.24790043493163832,2.719458146020768,1897.862124443056,697.6917028427126,-756.6444754600523,952.489078044891,-64.8442554,5.0,405.111663818359,5.59688901901245,12.336612701416,-430.235992431641,39.1585648059845,25.5763798952103,-3.8547999229683123,0.841041053060779,2.01049094162899,-1.0837999940590881,91.7991714477539,430.517059326172,2.0,7.0,5.0,0.0,0.0,26050904.0,2.0,-50.26766580431986,95.67155594973036,29.35918521881105,43.13691650390624
2026-05-09 18:19:12+00:00,ITA,ITA,15.76999974443768,10.019999869020548,0.0,3.1900000233138583,-4.510000013088654,-12.42999984501572,1.056745043795545,-8.18252735208755,4.99585008773885,5.163140886551602,-2.136113168226045,4.2271537900531255,5.213908401991838,-11.0307590954199,-28.1999997602081,-15.27975386675935,80.44680404663086,57.99839378356929,1.0,110.999999673762,0.0,1436.59375,7377.359375,139.116555354389,57.3686862945557,139.7917987840394,-0.6590000045000985,32.2753013,0.6902991689468463,2.6742855552583924,1897.853088378908,650.6486415863038,-792.3571944236757,852.5454759597778,-64.8441407,5.0,418.421356201172,5.59688901901245,12.336612701416,-431.329986572266,39.1428798437118,25.5783408880234,-3.33539993777067,-0.775656719353305,-1.29875951018257,2.830199809135772,92.7991561889648,431.517120361328,2.0,7.0,5.0,0.0,0.0,26050904.0,2.0,-48.118716170666765,95.47859627548834,29.3968734741211,43.76639053344724
2026-05-09 18:19:13+00:00,ITA,ITA,15.74999958451006,10.540000099780206,0.0,4.4799999866406175,-3.059999922935264,-9.869999864846426,1.056159034909095,-8.187361418472625,4.99585008773885,4.689749525178668,-0.708184268750511,4.178272175220096,5.26726737658054,-11.76890259091034,-25.61999962011118,-15.96773576996625,81.27852058410645,57.77207061767579,1.0,110.999999673762,0.0,1452.6328125,7393.3984375,143.69647040045,57.6610977172852,142.266400909016,-0.1334000178030156,32.2751886,-0.9759862210706313,2.701389091089366,1897.8079319000258,695.517885684967,-774.34583902359,850.7412075996399,-64.8440335,5.0,429.322479248047,5.59688901901245,12.336612701416,-432.235992431641,39.1507208347321,25.5763798952103,-2.9879999533750796,1.80556264152699,0.925984113704261,1.2167999722180893,93.7991409301758,432.517181396484,2.0,7.0,5.0,0.0,0.0,26050904.0,2.0,-46.39164273336432,95.42562132828576,29.5138813018799,43.98744300842286
2026-05-09 18:19:14+00:00,ITA,ITA,15.820000144256742,9.000000079693091,0.0,0.9600000032356585,-8.129999953030296,-17.65999983118268,1.0557198750898,-8.17315206367806,4.996571014205746,4.127909860752377,-0.5637102297913923,4.134792300869536,5.283873700886958,-12.09467802563894,-33.4700005784945,-15.8452866998472,80.7590217590332,57.40403617858887,1.0,110.999999673762,0.0,1468.59375,7409.359375,144.047132312438,57.4092739105225,143.2441998622924,0.2605999980880186,32.2750726,-0.5648897067445056,2.7104235719889376,1897.762775421144,952.2468209266663,-778.3485889434814,1035.1724624633762,-64.8439323,5.0,418.174011230469,5.59688901901245,12.336612701416,-433.235992431641,39.1468018293381,25.566577911377,-2.5248000026400876,-0.674649160503659,0.0711909616674437,0.21059998246708017,94.7991256713867,433.517242431641,2.0,7.0,5.0,0.0,0.0,26050904.0,2.0,-46.63589166412182,95.4532357831001,29.556520271301302,41.86530120849608
2026-05-09 18:19:15+00:00,ITA,ITA,15.749999584510059,8.639999762316664,0.0,0.1900000092003618,-9.270000018904629,-19.34000028774426,1.056159034909095,-8.690688730581439,4.99585025849358,4.5465142257358835,-0.48017884051629245,4.1520763506963485,5.290134935299104,-12.071789890975499,-35.09000055527322,-15.7337343427753,80.4453620910645,57.340103988647456,1.0,110.999999673762,0.0,1484.515625,7425.28125,143.203740553725,57.3026275634766,143.0398023532664,-0.643799997467489,32.2749571,-0.1710713625462124,2.620078530162572,1897.717595100404,958.1025242805493,-787.817418575287,1116.973757743834,-64.8438314,5.0,402.922241210938,5.59688901901245,12.336612701416,-434.329986572266,39.1526818275452,25.5822628736496,-3.2973999668798917,-1.4100660871661,-1.07682009034412,-0.03820000472000899,95.7991104125976,434.517303466797,2.0,7.0,5.0,0.0,0.0,26050904.0,2.0,-47.01718629151888,95.4822333512214,29.547260856628448,39.58737190246579
2026-05-09 18:19:16+00:00,ITA,ITA,15.7799998244015,9.79000007890954,0.0,2.710000048376456,-5.1800000132346735,-13.50000003416226,1.05542708408999,-9.22067811300223,4.996210550972298,4.959031269998984,-0.7990722486743369,4.120478614935398,5.319536594487167,-12.03135414656064,-29.25999969863612,-15.7749844164939,80.913427734375,57.896003265380855,1.0,110.999999673762,0.0,1500.5625,7441.328125,142.207598444414,57.7946159362793,142.4888000646188,-1.1606000017884583,32.2748419,-0.1623808219453586,2.6833200827240917,1897.8350162506122,758.1939697265623,-783.5435032844543,996.4553475379955,-64.8437285,5.0,392.739898681641,5.59688901901245,12.336612701416,-435.329986572266,39.1526818275452,25.566577911377,-3.691200030316992,0.497533550784502,0.287652936647411,-0.39459994662399944,96.7990951538086,435.517364501953,2.0,7.0,5.0,0.0,0.0,26050904.0,2.0,-47.609792628438846,95.48454195516085,29.6505855560303,38.43047378540039
2026-05-09 18:19:17+00:00,ITA,ITA,15.729999766091902,9.289999837322805,0.0,1.470000009957181,-7.619999972989208,-16.38000001185272,1.0558662439092799,-9.20895836216013,4.996570672696288,4.273651498111095,0.7045097470389635,4.143704075566478,5.2988465854533615,-12.149609651284042,-32.109999948699326,-16.621641859404,81.63792114257811,58.37729644775392,1.0,110.999999673762,0.0,1516.7578125,7457.5234375,141.757830487568,58.3721672058105,141.12839577064358,0.12859999797662075,32.2747261,-1.212285121127174,2.6833200827240917,1897.7718353271498,830.0652384757993,-762.5644207000731,980.4678678512577,-64.8436241,5.0,381.045166015625,5.59688901901245,12.336612701416,-436.329986572266,39.1605228185654,27.3035615682602,-3.103800005091854,1.47502300044192,-0.186041106159417,-3.04139984506578,97.7990798950195,436.517425537109,2.0,7.0,5.0,0.0,0.0,26050904.0,2.0,-48.151487418304484,95.4491376695981,29.7427213668823,37.610752258300785
2026-05-09 18:19:18+00:00,ITA,ITA,15.789999904365299,8.909999872282935,0.0,0.9299999874597941,-8.020000012579333,-17.82999948302022,1.055280235022835,-9.167942649307381,4.9962105509722985,4.360666912853953,0.02679444524777652,4.180702783413612,5.274345501617423,-12.107266405788721,-33.62000041191392,-16.47971394354575,80.98923683166505,57.70160156250002,1.0,110.999999673762,0.0,1532.8203125,7473.5859375,138.822297144567,57.5764617919922,138.502999461247,-0.06179999784040748,32.2746137,-0.7220247506412134,2.6923546101897937,1897.7627992630019,968.3325290679937,-781.9190621376039,1101.8208265304559,-64.8435153,5.0,367.453979492188,5.59688901901245,12.336612701416,-437.329986572266,39.1526818275452,27.3251265287399,-3.121599990333094,-1.38252377622485,-0.22835091307626,-1.68500002696801,98.7990646362305,437.517486572266,2.0,7.0,5.0,0.0,0.0,26050904.0,2.0,-47.9255222209362,95.33294249143785,29.93291702270505,37.661441802978516
2026-05-09 18:19:19+00:00,ITA,ITA,15.729999424582399,8.909999872282935,0.0,0.670000005482103,-8.810000011795783,-18.05999995615014,1.05469465302321,-9.17028668485317,4.99585008773885,4.8548273427003314,0.08300684875612849,4.130471181691128,5.308103199326025,-11.904324068565261,-33.80999988216966,-16.5989348955083,81.7792945861816,58.10690368652341,1.0,110.999999673762,0.0,1548.9296875,7489.6953125,138.193346005035,58.1257781982422,137.3711988667168,0.3057999995521518,32.2745048,-0.9089620443208025,2.647182065993546,1897.753739356996,915.8803462982178,-783.2211375236509,1097.752332687378,-64.8434021,5.0,353.179870605469,5.59688901901245,12.336612701416,-438.329986572266,39.1487598419189,27.3427695035934,-3.268599961980344,0.575514781033889,-0.44756492735332,-0.8001999796073711,99.7990493774414,438.517547607422,2.0,7.0,5.0,0.0,0.0,26050904.0,2.0,-48.005515347438646,95.169820498585,30.27739334106445,38.497325592041
2026-05-09 18:19:20+00:00,ITA,ITA,15.78999990436528,8.37000016461458,0.0,-0.24999999806340822,-9.85000004642825,-20.31000018951682,1.0549874440230251,-9.16955372017786,4.995489795260132,4.840862594055418,0.0504360211468117,4.152616191772872,5.275162050732698,-12.809552261910202,-36.119998546262444,-16.58688131917055,81.47883224487305,58.006102752685536,1.0,110.999999673762,0.0,1565.0625,7505.828125,137.206110462402,57.9387840270996,136.8456048817816,-0.9555999683584048,32.2743972,-0.3379505617531762,2.638147585093974,1897.72665500641,980.6037902832031,-777.8417110443113,1114.139318466186,-64.8432863,5.0,342.375640869141,5.59688901901245,12.336612701416,-439.329986572266,39.1585648059845,27.3506104946136,-2.949000000101132,-0.286236045920604,-2.57610936552492,-0.3177999962575444,100.799034118652,439.517608642578,2.0,7.0,5.0,0.0,0.0,26050904.0,2.0,-48.817420617097,94.97105857864305,30.452491378784202,36.70929588317872
2026-05-09 18:19:21+00:00,ITA,ITA,15.820000144256742,9.750000100563739,0.0,2.7199999896020537,-4.829999989265476,-13.340000120779042,1.0549874440230251,-9.18171231067413,4.99585008773885,5.2064691307025885,-0.495938301406907,4.144244343529825,5.295579791350714,-11.80361634434802,-29.15999992352634,-16.3904886210969,80.96039085388185,57.953169250488244,1.0,110.999999673762,0.0,1581.1484375,7521.9140625,135.462909582431,58.1246932983398,136.26659881753702,-3.240799939463968,32.2742916,0.31147639901662005,2.683320129290222,1897.753763198854,865.5466675758362,-773.0360746383669,1078.092193603516,-64.8431688,5.0,329.914367675781,5.59688901901245,12.336612701416,-440.329986572266,39.1585648059845,27.3525714874268,-3.662999972158668,-0.308433893918881,-0.356352446742854,-1.4911999459733791,101.799018859863,440.517669677734,2.0,7.0,5.0,0.0,0.0,26050904.0,2.0,-49.613892391306734,94.73871603364674,30.39792194366455,35.25256576538086
2026-05-09 18:19:22+00:00,ITA,ITA,15.810000064292918,11.210000163959261,0.0,5.819999837522272,-0.18000000394173915,-6.420000024973518,1.0548410752035449,-9.195335976747366,4.99585008773885,5.0757675698962315,-1.30972196380044,4.158287553972828,5.278156747174292,-10.92127713944014,-22.22999983313434,-16.1518819388581,80.5548511505127,57.79180618286134,1.0,110.999999673762,0.0,1597.2421875,7538.0078125,133.925720868206,57.6603973388672,134.681598779122,-2.3009999752387,32.2741892,0.5452083885850667,2.656216593459246,1897.7266550064098,712.8881216049194,-672.0489144325256,981.0246229171744,-64.8430473,5.0,318.727752685547,5.59688901901245,12.336612701416,-441.329986572266,39.1624838113785,27.3584544658661,-3.4574000937065157,1.28280130679537,1.1039881282632,-0.9301999786003421,102.799003601074,441.517730712891,2.0,7.0,5.0,0.0,0.0,26050904.0,2.0,-49.67695552791346,94.4618440703565,30.1844232559204,35.6178186035156
2026-05-09 18:19:23+00:00,ITA,ITA,15.77999982440148,10.35000011726026,0.0,3.8700000820793496,-3.6900000514571856,-11.289999949896128,1.05454780395606,-9.19343206151622,4.99585008773885,4.939693979930302,-2.05783461130435,4.165579122421274,5.284145883925381,-10.93272129214922,-27.059999865088503,-16.25511768684185,79.5636234283447,56.91921295166014,1.0,110.999999673762,0.0,1613.1171875,7553.8828125,135.221585338676,56.7500804901123,135.2635964662232,-1.472799965966148,32.2740894,0.693300358070213,2.665251120924948,1897.8169441223158,829.9031734466555,-756.9685578346251,977.2718667984007,-64.8429255,5.0,308.656646728516,5.59688901901245,12.336612701416,-442.329986572266,39.1468018293381,27.3447304964066,-3.087199998710416,-1.33294033811026,-0.157853275640532,1.9472000182134466,103.798988342285,442.517791748047,2.0,7.0,5.0,0.0,0.0,26050904.0,2.0,-49.663618900540115,94.16858989834199,30.05658531188965,36.109524765014655
2026-05-09 18:19:24+00:00,ITA,ITA,15.7999999843291,10.1700000439494,0.0,3.730000029802988,-3.520000015421472,-11.20000008399542,1.05396174170876,-9.193431207742574,4.996210550972298,5.83025792788198,-2.53958983813674,4.11588778866214,5.320897851188749,-10.892285035470177,-27.00000006832452,-16.4024107162932,79.08617134094234,56.8147055053711,1.0,110.999999673762,0.0,1628.90625,7569.671875,137.766991936665,56.7036460876465,137.7668034234438,-1.592399993427658,32.2739877,0.8856815473060535,2.656216546893118,1897.7085590362562,732.5467586517334,-767.6138877868652,965.0800108909607,-64.8428078,5.0,296.494415283203,5.59688901901245,12.336612701416,-443.329986572266,39.1389578580856,27.3545324802399,-3.3643999818355304,0.465492439696884,-0.809334461159934,3.33079993343071,104.798973083496,443.517852783203,2.0,7.0,5.0,0.0,0.0,26050904.0,2.0,-50.61294211214778,93.9221703334663,30.01784648895265,35.114398956298814
2026-05-09 18:19:25+00:00,ITA,ITA,15.76999974443768,10.65000029636326,0.0,4.599999985711054,-2.4299999331515627,-9.500000065147727,1.05484059495587,-9.19167371469177,4.99585008773885,5.48613566589172,-2.05520819012507,4.132361607298659,5.321714229549296,-11.190594571998862,-25.27999997492656,-16.75409374156255,78.736116027832,56.70488891601561,1.0,110.999999673762,0.0,1644.6796875,7585.4453125,140.284558683597,56.7042778015137,140.64239502628942,-1.4972000056910562,32.2738812,0.7333949558803632,2.701389091089366,1897.68147468567,838.4046316146853,-786.1832261085513,1021.6279506683366,-64.8426966,5.0,288.259735107422,5.59688901901245,12.336612701416,-444.227966308594,39.1468018293381,27.3427695035934,-2.742999872563618,0.890703571959354,1.33133204200413,1.7416000116952504,105.798957824707,444.517913818359,2.0,7.0,5.0,0.0,0.0,26050904.0,2.0,-51.552339009834625,93.7390153957778,29.93544731140135,33.401981964111336
2026-05-09 18:19:26+00:00,ITA,ITA,15.789999904365299,10.139999804057972,0.0,3.590000062903994,-3.629999902511581,-11.340000008205738,1.054841021842695,-9.19196613216561,4.99585008773885,5.661956517204169,-4.196050730742815,4.136412677872758,5.3059244543581565,-11.572445689058519,-27.130000083325747,-15.7658567224419,77.0025695800781,55.57072082519532,1.0,110.999999673762,0.0,1660.1953125,7600.9609375,142.567877262753,55.3892555236816,143.9133972084892,-1.917800023883996,32.2737728,2.289203320735416,2.66525107435882,1897.744727134706,1014.1891479492176,-798.7301468849181,1161.56394481659,-64.842591,5.0,275.120727539062,5.59688901901245,12.336612701416,-445.227966308594,39.1566038131714,27.3368895053864,-3.18739994105156,-3.59063855752534,0.423046015656428,4.97599976508614,106.798942565918,445.517974853516,2.0,7.0,5.0,0.0,0.0,26050904.0,2.0,-51.1466592410628,93.61830887767076,29.5952814102173,33.2498858642578
2026-05-09 18:19:27+00:00,ITA,ITA,15.820000144256742,10.129999894848874,0.0,3.42000002686828,-4.450000024225607,-12.179999724222373,1.054255012956245,-9.205589798238845,4.9954897952601325,6.903804351245595,-2.725566817891195,4.091312255764248,5.3375039193630744,-10.9136478181372,-27.99000013002472,-16.526771385606203,77.33648529052735,56.221920318603495,1.0,110.999999673762,0.0,1675.75,7616.515625,147.722375142552,56.3085399627686,148.07040606567222,-1.2292000099015161,32.2736594,1.1854306849405332,2.6742855552583924,1897.690510749818,652.3284792900087,-780.0450801849365,955.474996566773,-64.8424945,5.0,263.8759765625,5.59688901901245,12.336612701416,-446.227966308594,39.1389578580856,27.3604154586792,-4.164400103704485,1.77672974499772,0.152688438668599,3.416799869798716,107.798927307129,446.518035888672,2.0,7.0,5.0,0.0,0.0,26050904.0,2.0,-52.37302175559536,93.6198832362745,29.3128520965576,33.9660715484619
2026-05-09 18:19:28+00:00,ITA,ITA,15.779999824401461,9.589999845671079,0.0,2.3499999230991007,-6.670000017700852,-14.820000002592732,1.055133812842505,-9.19181970998528,4.99585008773885,5.321057421483234,-1.277674716214743,4.108326000854651,5.326887414826664,-11.849774250494761,-30.609999906958024,-17.90954489062255,77.98724327087405,56.815587158203144,1.0,110.999999673762,0.0,1691.484375,7632.25,152.215341880478,56.8611351013184,151.18739841039118,-0.09880000168925808,32.2735378,-0.398366164959176,2.6652510277926895,1897.762775421144,890.2779579162594,-787.2408628463743,1048.51349592209,-64.8424092,5.0,249.376220703125,5.59688901901245,12.336612701416,-447.227966308594,39.1468018293381,27.3545324802399,-2.488800039204338,2.02452890136407,-0.788956058162672,2.46059993835733,108.79891204834,447.518096923828,2.0,7.0,5.0,0.0,0.0,26050904.0,2.0,-53.72932110587929,93.7125006014198,29.4077362060547,31.862561874389662
2026-05-09 18:19:29+00:00,ITA,ITA,15.76999974443768,9.37000013552387,0.0,1.7899999807979203,-6.980000148701602,-15.809999722783479,1.055133866203355,-9.17219060008431,4.99585008773885,3.8221030817038604,-0.11820411088494048,4.119938603104146,5.336960065550413,-12.0202914599167,-31.58999988869442,-19.2118980408039,78.15422172546386,56.93993934631349,1.0,110.999999673762,0.0,1707.2890625,7648.0546875,154.810144406544,57.0865264892578,152.81720175768584,-0.401799997207675,32.2734107,-1.5781834669344623,2.71042361855507,1897.753739356996,1250.6003379821761,-798.5985159873965,1320.016503334044,-64.8423333,5.0,235.419082641602,5.59688901901245,12.336612701416,-448.227966308594,39.1507208347321,27.3506104946136,-2.45739999473118,-1.13758220025249,-1.3269233683383,0.7006000053517869,109.798896789551,448.518157958984,2.0,7.0,5.0,0.0,0.0,26050904.0,2.0,-55.06735243220912,93.83691932734075,29.438108253479,29.35170455932614
2026-05-09 18:19:30+00:00,ITA,ITA,15.7999999843291,10.780000140609756,0.0,5.060000035508578,-0.9900000030032678,-7.669999945921458,1.0549874440230251,-9.16281531167482,4.995489795260132,4.577310011910906,-1.2109546803181335,4.117238031683685,5.333148649238816,-11.13757044743422,-23.460000106418825,-18.60948901638715,77.9413787841797,57.28420692443844,1.0,110.999999673762,0.0,1723.1640625,7663.9296875,153.962968723031,57.4221176147461,153.04439843816118,-1.2713999921789807,32.2732821,-0.6971569069911844,2.57490598596632,1897.6273059844982,1068.436181545259,-785.4648470878601,1236.3216161727898,-64.8422595,5.0,222.381469726562,5.59688901901245,12.336612701416,-449.329986572266,39.1526818275452,27.3760974407196,-3.454400018490952,-0.297662979082461,2.19372741470069,-0.1851999656950878,110.798881530762,449.518218994141,2.0,7.0,5.0,0.0,0.0,26050904.0,2.0,-55.43029707338202,93.9560002604254,29.33676109313965,29.19522800445556
2026-05-09 18:19:31+00:00,ITA,ITA,15.79999998432912,10.139999974812696,0.0,3.490000031662118,-4.619999974883956,-12.42999984501574,1.0539622219564349,-9.171165644821986,4.9962105509722985,3.9767969626303517,-0.833219525965763,4.123449661846989,5.3179033255018835,-11.90775777541576,-28.22999965859008,-18.6647734213029,78.6221912384033,57.8411196899414,1.0,110.999999673762,0.0,1739.171875,7679.9375,153.740850971222,57.9843154907226,152.46039813959558,0.9205999662949893,32.273153,-1.1401791022079553,2.620078530162572,1897.853088378908,1001.1314392089832,-772.8248953819276,1152.785325050354,-64.8421838,5.0,206.972198486328,5.59688901901245,12.336612701416,-450.227966308594,39.1546428203583,27.3584544658661,-3.4103999398577303,-1.28057797349882,2.54053475211973,-0.13279999502257903,111.798866271973,450.518280029297,2.0,7.0,5.0,0.0,0.0,26050904.0,2.0,-55.2569024760175,94.06606875890009,29.258777046203598,31.11594200134278
2026-05-09 18:19:32+00:00,ITA,ITA,15.709999264654801,8.570000056343602,0.0,0.08999999396674194,-9.910000013946947,-19.79000012951192,1.052936573003025,-9.144651277350821,4.995489966014862,4.9357549244585925,0.444980607886969,4.120208566331089,5.333148478484085,-13.273037799929877,-35.49000102175016,-19.06350961976445,79.177014541626,58.99134017944338,1.0,110.999999673762,0.0,1755.46875,7696.234375,153.051247751861,59.1333137512207,151.9699987534156,2.0596000444500677,32.2730221,-1.31540495866633,2.611044049262998,1897.7808475494398,942.9415106773388,-804.3674707412721,1080.310702323914,-64.8421068,5.0,193.787216186523,5.59688901901245,12.336612701416,-451.227966308594,39.1585648059845,27.387860417366,-3.105999880957466,1.79578565261694,-0.431530631389892,-1.234599989475841,112.798851013184,451.518341064453,2.0,7.0,5.0,0.0,0.0,26050904.0,2.0,-57.042840532643844,94.1419453303898,29.25209426879885,29.68592445373536
2026-05-09 18:19:33+00:00,ITA,ITA,15.749999584509998,8.409999801450926,0.0,-0.2299999982183356,-9.780000169700457,-19.970000202822778,1.053375732822315,-9.145823081680295,4.99585008773885,3.448617665716988,0.6719379489291345,4.165039110590021,5.282240431901679,-13.313855181164621,-35.71000073189737,-20.1067228315146,79.13136978149416,59.478130645751946,1.0,110.999999673762,0.0,1771.953125,7712.71875,153.42444928811,59.535701751709,151.091002584597,1.355599981601619,32.2728899,-1.90999623393648,2.7013891376554975,1897.71764278412,1283.423042297362,-695.8452939987183,1333.3190441131599,-64.8420271,5.0,176.25422668457,5.59688901901245,12.336612701416,-452.329986572266,39.1526818275452,27.3937433958054,-2.1229999947602423,-1.20446170505796,-1.28566091490178,-0.018599987823044194,113.798835754395,452.518402099609,2.0,7.0,5.0,0.0,0.0,26050904.0,2.0,-59.56400883832483,94.11865438532004,29.2742162704468,23.160359344482423
2026-05-09 18:19:34+00:00,ITA,ITA,15.7999999843291,9.250000029731726,0.0,1.750000045140796,-6.3500001055570445,-15.79000007512004,1.05366895070895,-9.14186754837721,4.995489795260132,3.7973947443152922,0.5458488548899305,4.162608673151236,5.2732563425769,-12.672985873795682,-31.610000048622062,-20.7787733184825,79.6443145751953,60.721810455322256,1.0,110.999999673762,0.0,1788.6953125,7729.4609375,154.189539758179,60.9911842346191,151.6501956360972,-0.47219999428777193,32.2727552,-2.4856167441642905,2.692354656755924,1897.690534591676,1326.8995761871342,-777.6140332221984,1418.964624404908,-64.8419482,5.0,164.375076293945,5.59688901901245,12.336612701416,-453.227966308594,39.1566038131714,27.3957014083862,-3.2406000283647005,-0.666534735687125,-1.54560585515971,0.4217999933841889,114.798820495605,453.518463134766,2.0,7.0,5.0,0.0,0.0,26050904.0,2.0,-61.679276077104944,94.01237322674004,29.188613891601598,19.43992137908934
2026-05-09 18:19:35+00:00,ITA,ITA,15.789999904365299,10.5499998382346,0.0,4.350000035672411,-2.6799999578953964,-9.860000126392066,1.05279015082269,-9.145969930747452,4.99585008773885,3.595791849876754,-0.532188389838519,4.19852693044904,5.25311069961995,-11.18258412614026,-25.660000281475895,-19.87310816378535,79.13626899719236,61.16098754882812,1.0,110.999999673762,0.0,1805.671875,7746.4375,151.878545252505,61.1024620056152,151.36479754766623,-0.9744000056854303,32.2726184,-1.1869759618793991,2.701389091089368,1897.8260040283221,1079.2801499366747,-775.147545337677,1267.675757408144,-64.8418677,5.0,148.051620483398,5.59688901901245,12.336612701416,-454.329986572266,39.1526818275452,27.4015843868256,-3.7286000544665496,-0.841974494460397,1.85442517451902,-0.4859999973024835,115.798805236816,454.518524169922,2.0,7.0,5.0,0.0,0.0,26050904.0,2.0,-62.4450413698631,93.87238166951144,28.88453636169435,20.3108769607544
2026-05-09 18:19:36+00:00,ITA,ITA,15.76999974443766,10.5499998382346,0.0,4.199999860743552,-2.7599999999643705,-10.04999993815726,1.055426603842315,-9.163108582922305,4.4842242238545165,4.384658208445714,-0.447605134755973,4.218781771055349,5.219625441081867,-12.753857533380101,-25.829999933313463,-19.28734174905495,79.2374050140381,61.197615966796874,1.0,110.999999673762,0.0,1822.71875,7763.484375,151.65548493459,60.9231925964355,150.88139500727203,0.8368000258545181,32.2724831,-0.832018682660139,70.35282691940657,1897.717618942262,950.7297992706302,-761.6812705993652,1148.5353946685798,-64.8417824,5.0,130.139404296875,5.59688901901245,12.336612701416,-455.329986572266,39.1468018293381,27.3917824029922,-3.154000017189424,1.49264254062302,0.862289824929542,-0.6912000202055608,116.798789978027,455.518585205078,2.0,7.0,5.0,0.0,0.0,26050904.0,2.0,-61.86834254352008,93.71869216790239,28.73060159683225,24.677709960937477
2026-05-09 18:19:37+00:00,ITA,ITA,15.78999990436528,10.5399999290255,0.0,4.2599998282622575,-2.7599999999643696,-9.979999890674742,1.06480167880839,-9.159739592114194,0.14513149535954478,4.1357880143844765,-0.26057814681876,4.249028495398468,5.193763100544343,-13.15401936307622,-25.769999795040036,-19.5478716309823,78.46851310729974,59.71207077026365,1.0,110.999999673762,0.0,1839.4375,7780.203125,151.668954067634,59.3622482299805,150.4581937542222,2.048999911023324,32.2723498,-1.1189239056925049,1436.1025452613826,1897.72665500641,1148.066735267638,-746.2321400642396,1251.160097122192,-64.8416975,5.0,116.523368835449,5.59688901901245,12.336612701416,-456.329986572266,39.1585648059845,29.5090973377228,-2.813399998376776,-0.913415284970968,0.0221273149559154,-0.9355999368303266,117.798774719238,456.518646240234,2.0,7.0,5.0,0.0,0.0,26050904.0,2.0,-60.5066309513378,93.5850868375478,28.76985025405885,29.82580169677734
2026-05-09 18:19:38+00:00,ITA,ITA,15.740000187565162,10.530000019816399,0.0,4.2699998228487095,-2.590000006617338,-9.909999843192228,0.428757174380471,-9.148460388473564,1.684693463532069,3.50626992646323,4.21076189099797,4.563111073154826,4.862450004568794,-12.101925880876701,-25.660000281475895,-20.1290131538709,78.5186656951904,58.14171180725096,1.0,110.999999673762,0.0,1855.75,7796.515625,145.845452819011,57.8767868041992,144.7622039411764,1.7013999728397882,32.2722217,-2.547291772888258,1887.5548839569099,1897.762775421144,1219.868946075438,-733.1047177314758,1319.773840904236,-64.8416109,5.0,105.050506591797,5.59688901901245,12.336612701416,-457.329986572266,39.1507208347321,29.5188993215561,-3.059199851651362,0.555205426980268,0.525846178998085,-11.554999336861567,118.798759460449,457.518707275391,2.0,7.0,5.0,0.0,0.0,26050904.0,2.0,-57.279400719452646,93.46870041409085,28.93150119781495,33.08444343566896
2026-05-09 18:19:39+00:00,ITA,ITA,15.61000017256392,10.6100001472627,0.0,4.440000157705201,-2.569999974755752,-9.940000083083675,-0.261194704793486,-9.0397668924561,2.7003788945011875,1.3781558915949614,11.75913627417085,5.2933602360025525,4.149460217489502,-11.95277128336706,-25.55999982334718,-20.844802464736247,77.79609146118165,54.24533294677732,1.0,110.999999673762,0.0,1871.2578125,7812.0234375,125.130158424901,53.1483741760254,124.7786003920932,0.41399994503297677,32.2721134,-5.187142171295028,1897.7730035781879,1897.9072809219379,1321.268463134764,-753.3293724060059,1393.7842369079601,-64.8415047,5.0,91.2378005981445,5.59688901901245,12.336612701416,-458.329986572266,39.0036851167679,32.1067273616791,-1.8371999496964377,1.91161221400542,-3.16330734521667,-27.132998194861944,119.79874420166,458.518768310547,2.0,7.0,5.0,0.0,0.0,26050904.0,2.0,-50.54352689961293,93.34757725444436,29.2272428512573,34.656587677001944
2026-05-09 18:19:40+00:00,ITA,ITA,2.959999806316021,1.8999999959540794,0.0,1.2900000487041254,-0.7100000318526773,-2.569999974755752,-0.266175273400174,-9.027022613238504,4.000701429442292,-0.35749421958432726,14.04655424749025,5.38329077548317,4.068060925791688,1.69087518493733,-5.529999909137812,-18.24946803768845,75.39461746215821,47.764254913330056,1.0,110.999999673762,0.0,1885.09375,7825.859375,99.9857937125502,46.300170135498,96.26560004147055,-1.978599998653582,32.2720553,-7.87076234289394,1897.5651741027818,1897.988557815554,1561.5088462829578,-803.4889221191404,1538.9314413070679,-64.8413722,5.0,84.9255294799805,5.59688901901245,12.336612701416,-459.329986572266,38.4704351425171,31.8969577550888,-0.066799997134665,0.223417475442887,0.932556249789694,-26.653398362288204,120.798728942871,459.518829345703,2.0,7.0,5.0,0.0,0.0,26050904.0,2.0,-34.6652970021156,93.2302277743144,29.5132427215576,37.092026596069346
2026-05-09 18:19:41+00:00,ITA,ITA,-15.820000144256738,-10.430000073951879,0.0,-3.5600000151116133,3.5799999402514957,10.499999950679669,-0.27159546873361495,-9.0311241418351,3.3979197328289197,0.5416633556125093,13.36253598843605,5.593940127411348,3.873683731164788,13.855562948389661,26.31999975342694,-11.673084428365165,72.7770561218262,43.20118240356442,1.0,110.999999673762,0.0,1897.3671875,7838.1328125,74.2177507667074,42.608674621582,73.06120029870041,-1.6816000228322039,32.2720486,-7.305357405098256,1897.628450393676,1897.9162931442283,1608.348178863526,-809.6553206443788,1623.9333152770998,-64.8412391,5.0,84.3516998291016,5.59688901901245,12.336612701416,-460.329986572266,38.6311948299408,32.1263343095779,-1.4469998975439504,-2.22501544407146,-1.22060229584035,-21.0825997695585,121.798713684082,460.518890380859,2.0,7.0,5.0,0.0,0.0,26050904.0,2.0,-16.587209168250688,93.11653927557956,29.7714832305908,40.27822586059568
2026-05-09 18:19:42+00:00,ITA,ITA,-15.47999981605318,-8.459999859760547,0.0,0.31000000293471136,9.870000035601146,19.78999978800246,-0.212853907540588,-9.043428727624871,6.8748144670871225,1.7910307097045262,6.444593401740621,5.794325924828476,3.670322105703648,13.61523727829144,35.280000025528985,1.14182059943675,71.39801445007325,41.49838874816894,1.0,110.999999673762,0.0,1908.9921875,7849.7578125,51.8342099885784,41.2733688354492,54.144399214949075,-1.41699996714545,32.272089,-1.4655704668617862,1897.9265689849822,1811.4195346832298,1346.373510360716,-802.265751361847,1420.262742042542,-64.8411253,5.0,86.6557464599609,5.59688901901245,12.336612701416,-461.329986572266,41.728749871254,34.4671428203583,-2.1126000072205238,-0.553375576612939,1.44112060944462,-14.931199751148764,122.798698425293,461.518951416016,2.0,7.0,5.0,0.0,0.0,26050904.0,2.0,6.153799890751988,93.0063819846456,30.0308910369873,40.77648674011232
2026-05-09 18:19:43+00:00,ITA,ITA,-15.519999452889541,-8.39999972148711,0.0,0.2599999979859448,9.719999860672292,20.2900000295892,-0.21329354760755498,-9.06173961101603,7.396889453184519,3.1220420743271244,2.75603863965615,5.94286059729354,3.4979958779913582,13.55610935517502,35.80999948247878,12.191310517487896,69.3781471252441,41.526438217163104,1.0,110.999999673762,0.0,1920.46875,7861.234375,44.0132506530365,41.6984470367432,45.555598209141365,0.5310000182982382,32.2721561,0.29098477095963077,1897.781968116756,1366.4100408554082,1149.575567245482,-766.0030126571655,1267.588663101198,-64.8410324,5.0,93.2538146972656,5.59688901901245,12.336612701416,-462.329986572266,64.9760842323303,34.488707780838,-2.659799886868494,-0.422350456938998,1.62835594483194,-3.7487998907056985,123.798683166504,462.519012451172,2.0,7.0,5.0,0.0,0.0,26050904.0,2.0,30.17496774173752,92.8072512344884,30.192584037780748,36.991746826171855
2026-05-09 18:19:44+00:00,ITA,ITA,-15.640000412455382,-9.57000002725289,0.0,-2.020000027041022,6.010000076174299,14.48000018665338,-0.1986446394574085,-9.059250007063564,6.244650371336441,4.507840670126896,2.67040631687588,5.96635602115156,3.477033557853084,13.576327227382421,30.120000086844538,19.487544838911752,67.73721199035646,42.80624313354494,1.0,110.999999673762,0.0,1932.2421875,7873.0078125,40.6408379201535,43.056909942627,42.88700027022561,1.5180000234591762,32.2722331,1.4553369011500592,1897.80006408691,857.0473909378052,1084.163212776184,-733.5934281349184,1136.393117904664,-64.840947,5.0,102.229873657227,5.59688901901245,12.336612701416,-463.329986572266,64.9858832359314,34.5239967107773,-2.617799943756348,0.229643206211567,-0.409050904686219,-2.799399946191588,124.798667907715,463.519073486328,2.0,7.0,5.0,0.0,0.0,26050904.0,2.0,45.72626073083788,92.53793346042019,30.21874351501465,31.113521575927734
2026-05-09 18:19:45+00:00,ITA,ITA,-15.820000144256738,-9.980000061429475,0.0,-3.2500000548655876,3.8200000237697322,11.76000012234614,-0.1730103458628625,-9.057930926780106,5.8566074316620576,5.00773137255482,2.129283939551385,5.925306413485054,3.535020113670516,13.621722372153638,27.570000186639085,20.18319362946205,68.40426406860355,44.0302684020996,1.0,110.999999673762,0.0,1944.3671875,7885.1328125,38.3002618651844,44.2765056610107,40.18519873269766,1.4989999953251076,32.2723167,1.522481993592542,1897.845268249508,241.00422473857162,1015.4837489128118,-606.2594771385192,1040.660452842712,-64.8408647,5.0,111.801002502441,5.59688901901245,12.336612701416,-464.329986572266,64.9760842323303,34.5200747251511,-2.7378000068598043,0.195976363359141,-0.641939384568468,-2.049199843466936,125.798652648926,464.519134521484,2.0,7.0,5.0,0.0,0.0,26050904.0,2.0,47.956667200532536,92.40994937575249,30.2319356918335,29.084393463134763
2026-05-09 18:19:46+00:00,ITA,ITA,-15.62000025252774,-10.26000025135956,0.0,-3.5700001164197745,3.650000030422698,11.45000020478882,-0.1721315393064985,-7.3876911947405794,5.212030099970082,5.003792231705743,1.77309037474801,5.860221028619815,3.584567373126846,13.2597074904815,27.079999683506678,20.8755203867548,68.8655319213867,45.22862068176268,1.0,110.999999673762,0.0,1956.828125,7897.59375,36.4184354658192,45.4684913635254,38.559600049856314,1.510399986592338,32.2724052,1.573851846340208,1897.881364822384,5.626156087964772,999.9987244606021,-766.519105434418,1009.5472216606152,-64.8407836,5.0,120.876365661621,5.59688901901245,12.336612701416,-465.329986572266,65.0937080383301,34.5102727413178,-2.076800040261406,0.145344451186314,-0.252490455789524,-1.6784000365173681,126.798637390137,465.519195556641,2.0,7.0,5.0,0.0,0.0,26050904.0,2.0,50.64658489192358,92.2851447441435,30.20505180358885,28.468379402160643
2026-05-09 18:19:47+00:00,ITA,ITA,-15.7200000276375,-10.390000095606071,0.0,-3.999999969014536,2.729999952171993,10.039999943570823,-0.171837801151548,-0.28103971270525396,4.837678872128544,5.003076171748632,1.841915149445615,5.814040582848795,3.631936613322908,13.35469322372158,25.769999795040043,22.389019443616952,68.29154434204099,46.5514350128174,1.0,110.999999673762,0.0,1969.6328125,7910.3984375,34.0141269157046,46.9301193237305,36.436400229374165,1.4519999908867105,32.2724981,1.556404085416728,1897.818112373348,5.562941823154686,1076.9144535064702,-766.8921947479248,1070.86124420166,-64.8407038,5.0,132.041351318359,5.59688901901245,12.336612701416,-466.329986572266,65.0917530059814,34.5122337341309,-2.16560001267966,-0.49068676638924,-1.7831422254113,-2.138399979593186,127.798622131348,466.519256591797,2.0,7.0,5.0,0.0,0.0,26050904.0,2.0,56.34156725206676,92.232637664899,29.8951240539551,25.53698776245116
2026-05-09 18:19:48+00:00,ITA,ITA,-15.78999990436528,-9.349999804841511,0.0,-1.5000000203969617,7.039999945465579,15.969999806921402,-0.750899324664634,0.6752247640237915,4.360641214267197,5.002718269836124,2.454483013035735,5.751386403818624,3.696456885411692,13.317690844647782,31.759999882041438,22.54809198806565,67.8768001556396,47.488202819824224,1.0,110.999999673762,0.0,1982.78125,7923.546875,33.9304844191287,47.5032760620117,34.53540012297084,1.56780004260348,32.2725962,0.930349906588711,1897.908544540402,5.57197220623493,1110.520720481872,-775.3095269203188,1135.214972496034,-64.8406259,5.0,140.770568847656,5.59688901901245,12.336612701416,-467.227966308594,65.0917530059814,34.4945877790451,-1.9847999961509557,-0.67692649498333,1.38138345479857,-2.812399877255383,128.79866027832,467.519317626953,2.0,7.0,5.0,0.0,0.0,26050904.0,2.0,58.498368871189726,92.2832527817434,29.419850349426248,23.43341732025146
2026-05-09 18:19:49+00:00,ITA,ITA,-15.7199993446186,-11.650000096517799,0.0,-6.810000069977201,-2.0800000105679834,3.249999990832566,-1.087525878259585,0.6752247640237915,5.095653409532634,5.002718099081396,3.8015061339975,5.712227136382286,3.7326644012208474,12.86603092540236,18.95999963968546,18.966983678866548,69.26535873413084,48.04951080322265,1.0,110.999999673762,0.0,1996.0859375,7936.8515625,31.8448178541736,48.1873226165771,31.4898003305514,2.26859999107105,32.2726967,-0.47403622194403267,1897.971796989438,5.526819080114362,1020.2446579933148,-777.4927496910096,1035.7051014900196,-64.8405492,5.0,150.878845214844,5.59688901901245,12.336612701416,-468.227966308594,65.083909034729,34.5043927431107,-2.848999968859256,0.278394855351297,0.791260606677316,-2.7437999225031797,129.798721313477,468.519378662109,2.0,7.0,5.0,0.0,0.0,26050904.0,2.0,52.342335764711244,92.18375058591465,28.7660007476807,27.722861251831063
2026-05-09 18:19:50+00:00,ITA,ITA,-15.759999664473838,-13.649999867581679,0.0,-11.11000004734002,-9.069999956420869,-6.360000078799142,-1.1081800501445849,0.6756639505235089,5.914615289131964,5.002360111791522,3.317649770221685,5.676308793707114,3.76043279142363,12.95338716658478,9.419999937701395,17.348012840841,70.53930587768555,48.52784866333006,1.0,110.999999673762,0.0,2009.4921875,7950.2578125,26.4213812758058,48.9155582427978,27.894598779773663,1.910399983493792,32.2728009,-0.08652052885087173,1898.04410934448,5.581002961844204,759.5252752304078,-776.9911766052246,847.8802442550659,-64.8404772,5.0,163.328384399414,5.59688901901245,12.336612701416,-469.227966308594,65.0897920131683,34.5259577035904,-3.269599901674834,0.740294588864328,-3.04188664545453,-3.030399809399219,130.798782348633,469.519439697266,2.0,7.0,5.0,0.0,0.0,26050904.0,2.0,48.41096493883544,91.82262482411775,28.3846489906311,32.674695968627915
2026-05-09 18:19:51+00:00,ITA,ITA,-15.779999824401461,-11.869999977419742,0.0,-7.220000018776425,-2.240000025336819,3.4599999838697437,-1.08825825596551,0.6761035905904755,4.398832729275513,5.003076427880726,2.08252713253612,5.655784416760683,3.794734684454352,12.807284468351039,19.24999990957936,18.372701725788453,70.00637626647949,48.39873458862304,1.0,110.999999673762,0.0,2023.0078125,7963.7734375,25.4114251088981,48.15944480896,26.260200081205642,1.111000000465132,32.2729101,0.6883936889086935,1897.8271722793538,5.617125518620013,891.6360974311826,-785.6330990791323,928.5596489906311,-64.8404131,5.0,174.597579956055,5.59688901901245,12.336612701416,-470.329986572266,65.0897920131683,34.5122337341309,-1.921400003152098,-0.69131759684284,0.499317137292374,-1.7295999136042373,131.798843383789,470.519500732422,2.0,7.0,5.0,0.0,0.0,26050904.0,2.0,50.10387786802296,91.34057056306575,28.0404215812683,31.68658493041992
2026-05-09 18:19:52+00:00,ITA,ITA,-15.6500004924192,-12.21000013486854,0.0,-7.9200001520921886,-2.889999972276916,1.8999998999045373,-1.08503584742029,0.67449190607019,4.590872803923166,5.002718269836124,1.5224933487820351,5.659025170767128,3.7852063144300856,12.51889322027086,17.57000030679144,18.6948979706372,69.84197273254395,48.5806983947754,1.0,110.999999673762,0.0,2036.453125,7977.21875,23.9734739206718,48.7202350616455,25.178400569513197,0.7826000015149338,32.2730203,1.1538351049580444,1897.980833053586,5.544880498200652,950.8345484733579,-775.7778763771058,996.4371800422671,-64.8403533,5.0,187.965072631836,5.59688901901245,12.336612701416,-471.227966308594,50.5116820335388,34.5083117485046,-2.516599976343346,0.539808046156943,0.115977479220676,-0.10539999614196431,132.798904418945,471.519561767578,2.0,7.0,5.0,0.0,0.0,26050904.0,2.0,50.6329839362293,90.866661302599,27.7293273925781,29.20903438568114
2026-05-09 18:19:53+00:00,ITA,ITA,-15.749999926019498,-11.67999999489982,0.0,-6.960000159528699,-2.2200000788525998,3.059999954951776,-1.08064126101962,0.6752247907042179,4.357759215946912,5.003076427880726,1.714776941017945,5.639850012313868,3.795551489701716,12.17442646061438,18.810000147775558,18.5479985308368,69.6469379425049,48.75824981689452,1.0,110.999999673762,0.0,2049.9765625,7990.7421875,23.4451707412024,48.7988525390625,24.811999169601343,1.0928000009262806,32.2731318,0.999221959001974,1897.9085206985437,5.535849835723638,948.7271189689634,-770.6319212913513,1022.667932510376,-64.8402948,5.0,199.338317871094,5.59688901901245,12.336612701416,-472.329986572266,50.5038440227509,34.5122337341309,-2.442200006374868,-0.784417130654934,-0.330247623817624,-0.558199968675387,133.798965454102,472.519622802734,2.0,7.0,5.0,0.0,0.0,26050904.0,2.0,50.8692456437714,90.40596162798704,27.4652512550354,29.33034610748288
2026-05-09 18:19:54+00:00,ITA,ITA,-15.61999991101828,-11.28000021144176,0.0,-5.749999918105796,0.5600000170063761,6.690000070906767,-1.073316576825875,0.674785604204501,4.193102052700758,5.0034344151706,0.47019958729336053,5.6511931636006025,3.7846621191079657,11.817751420835359,22.32999960824414,18.682219431990347,69.9667499542236,49.152665863037114,1.0,110.999999673762,0.0,2063.6171875,8004.3828125,23.98933020483,49.122382736206,25.293400123059218,1.0111999977164008,32.2732443,1.461670001958884,1897.944664955136,5.599064193665981,950.2379655838013,-791.6341066360475,962.6999139785767,-64.8402367,5.0,212.910934448242,5.59688901901245,12.336612701416,-473.329986572266,50.505805015564,34.5200747251511,-2.500399962915184,0.142809036941638,0.927750357934944,0.9481999629862606,134.799026489258,473.519683837891,2.0,7.0,5.0,0.0,0.0,26050904.0,2.0,50.88385473538714,89.95042216129305,27.1932417869568,30.0799237060547
2026-05-09 18:19:55+00:00,ITA,ITA,-15.74999958451004,-11.09000005816712,0.0,-5.6899999078984065,0.09999999922536347,6.4199999395961544,-1.0649661903178549,0.6736135597511821,4.152748355933312,5.002360026414156,-0.25952625469565627,5.611224006483428,3.8211414764460905,11.93066674215616,22.189999854788542,18.7748171603419,69.98084335327145,49.2790766143799,1.0,110.999999673762,0.0,2077.2890625,8018.0546875,25.0675114238096,49.3588943481445,26.44060006209242,1.348599934164684,32.2733569,1.8511512087177422,1897.791028022762,5.4906965233385545,917.7673220634457,-790.38370847702,916.8059229850767,-64.8401772,5.0,224.44352722168,5.59688901901245,12.336612701416,-474.329986572266,50.5018830299377,34.5239967107773,-2.548399928392412,0.573684610501443,0.075710886041446,1.8273999729309618,135.799087524414,474.519744873047,2.0,7.0,5.0,0.0,0.0,26050904.0,2.0,51.08884237275756,89.54009513180995,27.029610729217552,29.92797180175784
2026-05-09 18:19:56+00:00,ITA,ITA,-15.7700004274566,-11.0999999673762,0.0,-5.6299999403797,0.1999999984507268,6.750000102458496,-1.051489800198595,0.6740527195704731,3.8310005556922255,5.00235994103679,-0.6782388784797505,5.611223750351336,3.8312142979245656,11.909304471753302,22.52999984148262,19.2917711267317,70.0190414428711,49.3982762145996,1.0,110.999999673762,0.0,2091.0,8031.765625,26.3989577647607,49.4192333221436,28.406599663732116,1.568199971523726,32.2734686,2.199851362310522,1897.92659282684,5.517788510769602,857.6412558555601,-790.2863979339597,895.3367471694946,-64.8401147,5.0,238.049255371094,5.59688901901245,12.336612701416,-475.329986572266,50.4920780658722,34.5043927431107,-2.3893999547036837,0.00962334717307453,0.258658623538148,1.6447999027351863,136.79914855957,475.519805908203,2.0,7.0,5.0,0.0,0.0,26050904.0,2.0,51.815700858946556,89.20096940932964,27.0435170173645,29.39190868377684
2026-05-09 18:19:57+00:00,ITA,ITA,-15.679999707782281,-10.8500001880923,0.0,-4.929999977818668,1.769999975616761,8.620000029275861,-1.048999769359305,0.6741995686376285,3.43430991350969,5.001643710324951,-0.667206762268431,5.59745041775791,3.853265905169406,11.841784124448981,24.290000254735837,19.511061180224097,70.2824249267578,49.65628601074216,1.0,110.999999673762,0.0,2104.78125,8045.546875,28.4485762988237,49.7473606109619,30.45679978840302,0.6285999904348787,32.2735792,2.39048975407444,1897.854328155514,5.5268189869821045,944.7429537773135,-814.6754384040834,911.7692470550537,-64.8400481,5.0,233.655120849609,5.59688901901245,12.336612701416,-476.329986572266,35.8845680952072,34.5377206802368,-2.099399940941872,1.06311606282643,-2.12275449214826,2.414399962514152,137.799209594727,476.519866943359,2.0,7.0,5.0,0.0,0.0,26050904.0,2.0,52.19433171256732,88.95219684428486,27.08983726501465,28.67979309082032
2026-05-09 18:19:58+00:00,ITA,ITA,-15.66000023087356,-8.539999987206883,0.0,0.22000000363188477,9.829999886500612,19.7100005143298,-1.01472235828789,0.6730274975038835,2.774600809975742,5.001643795702316,-0.47019577199237805,5.593669993429675,3.8331200060803625,11.697970393360839,35.380000142148184,19.7285378184919,70.4004009246826,49.77946060180664,1.0,110.999999673762,0.0,2118.5703125,8059.3359375,29.1280588853822,49.8091552734375,31.57559980086728,0.0896000023474942,32.2736882,2.446122968213346,1897.953748703,5.499727278947828,1050.5489706993092,-818.6028957366941,1005.9303402900692,-64.8399774,5.0,229.235855102539,5.59688901901245,12.336612701416,-477.329986572266,33.4124058485031,34.5612466335297,-1.8879999298795724,-1.92656264432494,-0.0664302464447721,-0.0825999802569648,138.799270629883,477.519927978516,2.0,7.0,5.0,0.0,0.0,26050904.0,2.0,52.49220787359316,88.7809810772655,27.3176465034485,29.230635910034174
2026-05-09 18:19:59+00:00,ITA,ITA,-15.699999184691,-8.379999903068938,0.0,0.2599999979859448,9.720000031427023,20.320000269480637,-1.010766985067365,0.6731739196842155,3.6494093471255398,5.002360026414156,-0.904668827532372,5.625806716493502,3.8219582816934596,11.721621118645102,36.01000108175511,19.69639494825785,71.60813484191891,50.9273258972168,1.0,110.999999673762,0.0,2132.640625,8073.40625,30.1674873185585,51.0386421203613,32.051799223762735,0.10260000011235726,32.2737984,2.368476865464454,1897.96276092529,5.5268189869821045,875.0978946685789,-824.4183778762815,915.1013493537903,-64.8399047,5.0,224.233795166016,5.59688901901245,12.336612701416,-478.329986572266,33.4202468395233,34.5730096101761,-2.565400013104476,0.67202850229649,0.36792988419029,1.5335999300635639,139.799331665039,478.519989013672,2.0,7.0,5.0,0.0,0.0,26050904.0,2.0,53.21157910641398,88.6414881238464,27.5486340522766,29.07230094909666
2026-05-09 18:20:00+00:00,ITA,ITA,-15.74999958451004,-9.359999884805333,0.0,-2.010000005774146,5.440000000548447,14.219999985896175,-1.018531309328085,0.673320795431797,3.5215026143501937,5.00128572303508,-0.5101241974365199,5.551810325327602,3.886478809914336,11.790667500964739,29.9699999119157,19.533120129922352,71.03875122070309,50.84639854431154,1.0,110.999999673762,0.0,2146.7734375,8087.5390625,32.7741914492535,50.8383476257324,33.69300079074408,1.3922000091724673,32.2739079,1.60486502462991,1898.0260133743257,5.526819266378877,766.106629371643,-833.2159996032715,781.6930413246157,-64.8398274,5.0,216.685943603516,5.59688901901245,12.336612701416,-479.329986572266,37.3235583305359,34.5788896083832,-2.6187999688282,-1.16498982840105,1.63927784420162,1.1001999879556306,140.799392700195,479.520050048828,2.0,7.0,5.0,0.0,0.0,26050904.0,2.0,54.21333768027982,88.5733638170647,27.5472659111023,27.456228218078603
2026-05-09 18:20:01+00:00,ITA,ITA,-15.68999944623664,-11.6899999041089,0.0,-6.789999995426939,-1.519999988225522,3.7999999492194663,-1.0245370733209351,0.673613533070756,3.686520027386384,5.002360026414156,-0.927259451428561,5.565312755543074,3.871233400800046,11.81736978401548,19.490000121163657,20.42046842481275,71.7716766357422,51.47001205444334,1.0,110.999999673762,0.0,2161.015625,8101.78125,31.7444140733744,51.5916320800781,34.5771995146535,0.7919999506425872,32.2740164,2.695123810986802,1897.9718208312959,5.535849928855894,600.9455204010007,-809.8605513572692,649.5249032974245,-64.8397472,5.0,210.040237426758,5.59688901901245,12.336612701416,-480.329986572266,37.3490422964096,34.574967622757,-2.534600000749904,1.88881880552803,-2.87543578915497,1.621799966412766,141.799453735352,480.520111083984,2.0,7.0,5.0,0.0,0.0,26050904.0,2.0,55.02491988199042,88.57222317547331,27.6713925361633,26.762143249511716
2026-05-09 18:20:02+00:00,ITA,ITA,-15.729999424582399,-10.40000017556986,0.0,-4.06999993111969,2.84999999393111,10.409999914024201,-0.993481643907913,0.6728806484367285,3.119768304352426,5.002718269836125,-0.8920602716440995,5.631748127297764,4.0196027826871985,11.7281062125073,26.149999760079925,20.270710550844697,70.4403190612793,50.65241088867187,1.0,110.999999673762,0.0,2175.1953125,8115.9609375,36.1972124687916,50.3365127563476,37.128799045162594,-0.13099999834322823,32.2741236,1.717225435769344,1898.026037216184,5.4997273720800885,807.7451825141906,-671.0363268852234,801.3060808181763,-64.8396639,5.0,203.481796264648,5.59688901901245,12.336612701416,-481.329986572266,37.3647272586822,34.571048617363,-1.46019997449477,-0.670487387504153,0.586775148293449,2.308199912430564,142.799514770508,481.520172119141,2.0,7.0,5.0,0.0,0.0,26050904.0,2.0,56.04726396299576,88.65245399255886,27.53864421844485,25.7091854095459
2026-05-09 18:20:03+00:00,ITA,ITA,-15.79000024587476,-10.89999990489244,0.0,-5.279999959099184,0.7199999837504463,7.329999959227386,-0.980443933360271,0.673027043936634,4.037452030667827,5.001643710324951,-0.732351318983441,5.690081528658986,4.076772746700674,11.85666164249906,23.1200001197248,20.47611568352815,69.89292526245114,49.98826881408692,1.0,110.999999673762,0.0,2189.1015625,8129.8671875,36.6410586516266,49.8982543945312,38.71739995930784,0.8104000026869678,32.274225,2.167864732653706,1897.9266166686982,5.5268191732466185,889.668607711792,-791.4365768432618,878.3486008644104,-64.8395762,5.0,195.817733764648,5.59688901901245,12.336612701416,-482.329986572266,37.356886267662,34.5828115940094,-1.9794000059044599,0.058185534435799,0.0583855109021136,1.6807999515483019,143.799575805664,482.520233154297,2.0,7.0,5.0,0.0,0.0,26050904.0,2.0,55.59430767384587,88.81263558897399,27.5140056610107,26.55074810028076
2026-05-09 18:20:04+00:00,ITA,ITA,-15.579999932672461,-9.96000007225659,0.0,-2.7700000372395035,5.219999948891797,13.070000096190162,-0.452652444449414,0.67302752418431,2.946464292371764,5.002001868369554,-1.27715017903083,5.7554368767511725,4.007896862978176,12.74586757808902,28.649999601975782,21.02870530813885,70.5569835662842,49.89950889587402,1.0,110.999999673762,0.0,2202.9765625,8143.7421875,37.9320292915561,49.7603004455566,40.52459971180152,0.40220001150528517,32.2743254,3.136249678885712,1897.8724002838098,5.5629417300224295,1053.7694931030262,-814.4337534904482,1054.7237992286668,-64.8394878,5.0,189.352645874023,5.59688901901245,12.336612701416,-483.329986572266,37.3333603143692,34.574967622757,-1.5890000106361901,0.191526681877863,1.18250446114537,1.4599999886903055,144.79963684082,483.520294189453,2.0,7.0,5.0,0.0,0.0,26050904.0,2.0,54.54091150381688,88.99242324340159,27.6913292884827,29.514854278564464
2026-05-09 18:20:05+00:00,ITA,ITA,-15.69000012925552,-11.04999990906656,0.0,-5.68999982252104,-0.6399999843701544,6.059999921040506,0.14047145639152744,0.672295093117532,3.0246487847819843,5.002001868369554,-1.26926899450228,5.747065455394944,4.011163230194004,13.27801786160848,21.76999991140288,20.8105815094472,71.00552101135256,50.30317062377928,1.0,110.999999673762,0.0,2216.8828125,8157.6484375,39.3281745994201,50.4967792510986,41.79699701832102,1.605599974328942,32.2744239,2.8236160830730936,1897.8814125060999,5.544880498200652,1017.2332167625415,-804.2918920516969,1024.1168975830083,-64.8393964,5.0,181.025863647461,5.59688901901245,12.336612701416,-484.329986572266,37.356886267662,34.5592856407166,-2.5091999786418278,-0.518820422302228,1.84221087529234,1.515200030097613,145.799697875977,484.520355224609,2.0,7.0,5.0,0.0,0.0,26050904.0,2.0,54.599456470287656,89.193732823904,27.9023654937744,30.368785858154304
2026-05-09 18:20:06+00:00,ITA,ITA,-15.77999982440148,-14.47999984514394,0.0,-13.009999872539359,-11.969999752529521,-10.369999850301081,0.217669484390138,0.672295093117532,3.26208656552177,5.002718269836124,-0.8847055319499605,5.746525016676868,4.031581397698839,13.141451815003379,5.410000016789092,20.27077031499995,71.04722785949704,50.29794319152832,1.0,110.999999673762,0.0,2230.90625,8171.671875,42.6737071228244,50.1781620025635,44.33419851005974,1.8606000070381747,32.2745204,2.444416915024726,1897.9175567626921,5.481665953993794,818.7155365943911,-804.4763445854189,850.2801299095154,-64.8393002,5.0,174.560272216797,5.59688901901245,12.336612701416,-485.227966308594,37.3510032892227,34.5730096101761,-2.460200030781424,1.19469453454485,-2.79129596943005,3.5943998573239035,146.799758911133,485.520416259766,2.0,7.0,5.0,0.0,0.0,26050904.0,2.0,53.890393358962214,89.44151159642455,27.762031459808348,30.20654251098632
2026-05-09 18:20:07+00:00,ITA,ITA,-15.810000064292918,-12.91000009742958,0.0,-9.4400001830064,-6.080000038279456,-2.1200000262663856,0.210492136181325,0.6727342529368225,2.7428947303390823,5.001285466902983,0.13449286141043099,5.697103560767312,4.077045185871198,12.57802097263256,13.68999984592746,19.559020207255003,69.46102180480955,48.75494499206542,1.0,110.999999673762,0.0,2244.6015625,8185.3671875,45.9687167369382,48.3275802612305,47.15620044867726,0.6670000049717347,32.2746102,1.772530053776146,1897.8995084762541,5.481665860861538,975.3085374832168,-825.1974463462827,948.031222820282,-64.839199,5.0,166.559341430664,5.59688901901245,12.336612701416,-486.227966308594,37.3588442802429,34.5671266317368,-1.460999896368282,-0.936455007145302,2.30479546867179,1.5497998741226209,147.799819946289,486.520477294922,2.0,7.0,5.0,0.0,0.0,26050904.0,2.0,52.51901158495302,89.7364664855424,27.34183359146115,31.23113090515138
2026-05-09 18:20:08+00:00,ITA,ITA,-15.77999982440148,-14.219999985896203,0.0,-12.45000000494336,-10.749999900718318,-8.900000133828577,0.180169584732226,0.672295093117532,3.347477846657364,5.001643624947586,3.3554763183405703,5.756787717414272,4.01715270845455,10.60849289526762,6.849999877568278,18.30026415454585,67.68289489746095,47.0316453552246,1.0,110.999999673762,0.0,2257.8125,8198.578125,47.1593997092845,46.5886779785156,47.59059979687112,0.7197999872738111,32.2746926,0.40600670271335815,1897.9175567626921,5.553911253809926,953.9400219917295,-812.7142548561098,945.874381065368,-64.8390963,5.0,156.785339355469,5.59688901901245,12.336612701416,-487.227966308594,37.3529642820358,34.488707780838,-1.880599996211076,-0.0812865081991449,-3.26827860157989,-1.1673999460270548,148.799880981445,487.520538330078,2.0,7.0,5.0,0.0,0.0,26050904.0,2.0,50.46739966018072,90.03495258246116,27.04144077301025,32.69419944763182
2026-05-09 18:20:09+00:00,ITA,ITA,-15.709999264654801,-11.82000008986486,0.0,-6.999999967119774,-1.6799999869861026,3.779999981390906,0.192034723888129,0.671855933298241,3.5960848649921457,5.001285637657714,1.333364503529885,5.826463672420677,3.9371145880809566,10.624896277578339,19.51000011033658,18.601480619585303,67.2445129394531,45.91774360656738,1.0,110.999999673762,0.0,2270.6484375,8211.4140625,43.9093429851931,45.6354251861572,45.75859962750114,-1.2451999841643675,32.2747739,1.739809114750532,1898.035073280332,5.56294163689017,928.8368225097659,-785.6360077857969,949.7788071632385,-64.8389985,5.0,149.38916015625,5.59688901901245,12.336612701416,-488.227966308594,37.3470842838287,34.4926297664642,-1.733799978351776,0.480236043350591,1.63450428902372,-1.3927999559136888,149.799942016602,488.520599365234,2.0,7.0,5.0,0.0,0.0,26050904.0,2.0,48.3093583617234,90.22348287902639,26.75030307769775,34.83488067626954
2026-05-09 18:20:10+00:00,ITA,ITA,-15.79000024587476,-11.909999955765503,0.0,-7.520000027124686,-2.9000000522407285,2.0999999944048,0.1980409614585495,0.6731739196842155,3.67895405608803,5.001285466902983,0.796972299009887,5.687381127993258,3.6744054062328977,10.91672072024482,17.869999802875476,18.45011338229405,66.8139312744141,45.21110984802247,1.0,110.999999673762,0.0,2283.2421875,8224.0078125,42.6585099519212,45.1393341064453,44.7482001813163,-0.7543999967174616,32.2748567,1.9460093241420442,1898.04410934448,5.553910881280897,952.1410703659058,-752.7114510536195,961.3603115081789,-64.8389061,5.0,140.989303588867,5.59688901901245,12.336612701416,-489.227966308594,37.3451232910156,34.5004707574844,-1.5715999756595358,0.36421255373451,0.00115391989768782,-0.6195999728955137,150.800003051758,489.520660400391,2.0,7.0,5.0,0.0,0.0,26050904.0,2.0,47.263135256360776,90.31314618735576,26.772710895538353,34.58714790344242
2026-05-09 18:20:11+00:00,ITA,ITA,-15.600000092600101,-11.07999997820326,0.0,-5.389999984927508,1.1300000179270338,7.669999903232755,0.2018494589314925,0.6718554263701385,3.600768880658896,5.001285466902983,0.76650237155521,5.535336165181627,3.4506264243518876,10.78778365343316,23.269999953144158,18.2031192277544,66.2526123046875,44.358530273437474,1.0,110.999999673762,0.0,2295.65625,8236.421875,42.0886877600345,44.0837265014648,44.00840053570688,-0.4321999952646379,32.2749395,1.8036890992933103,1898.0169773101782,5.56294163689017,1043.712925910951,-746.6022968292239,997.9705095291152,-64.8388167,5.0,134.080169677734,5.59688901901245,12.336612701416,-490.227966308594,37.3470842838287,36.7491364479065,-0.7527999822157045,0.443983400268147,1.77523628144701,-1.1331999935696933,151.800064086914,490.520721435547,2.0,7.0,5.0,0.0,0.0,26050904.0,2.0,46.0399801986625,90.33956535906535,26.75592670440675,34.03904273986818
2026-05-09 18:20:12+00:00,ITA,ITA,-15.72999976609186,-11.660000176481619,0.0,-6.960000074151331,-2.0800000105679834,3.180000071416088,0.19760131472147652,0.672295093117532,3.2754179421872136,5.000927479613112,1.653308867025823,5.333599185591942,3.159604486224198,10.888492914442999,18.89999984292152,17.97900364561335,65.76284866333009,43.61971961975098,1.0,110.999999673762,0.0,2307.8203125,8248.5859375,41.5251800780355,43.5449157714844,43.12579939304434,0.5721999995162318,32.2750216,1.733111772759876,1898.0170011520356,5.571972392499446,1140.322637557982,-651.5943884849548,1016.7986750602713,-64.8387303,5.0,126.310554504395,5.59688901901245,12.336612701416,-491.227966308594,37.3372793197632,36.7648214101791,-0.4905999909702688,0.805066820228292,-0.651975920666979,-0.9051999908001932,152.80012512207,491.520782470703,2.0,7.0,5.0,0.0,0.0,26050904.0,2.0,45.07012953652328,90.30181831861731,26.7918914794922,33.71271858215332
2026-05-09 18:20:13+00:00,ITA,ITA,-15.7999999843291,-10.60999997650798,0.0,-4.120000090814929,3.230000044348345,9.999999837158963,0.1888117817343825,0.67302752418431,3.5532089074302604,5.002360026414156,5.332407018761,5.240967989313498,3.0237578719821196,12.663089271197801,25.800000376440938,17.03238638420015,65.73299331665041,43.20047241210938,1.0,110.999999673762,0.0,2319.8359375,8260.6015625,37.7353232585543,43.1244483947754,39.64380105606094,-1.183799955931853,32.2751042,0.9547778593757638,1897.9898691177339,5.590033717453478,1194.90234851837,-725.1649141311646,1083.14266204834,-64.8386471,5.0,119.565093994141,5.59688901901245,12.336612701416,-492.329986572266,56.2735259532928,37.4862760305405,-0.5097999782283772,-1.08670935048865,-0.761892394071848,-6.5579998990401265,153.800186157227,492.520843505859,2.0,7.0,5.0,0.0,0.0,26050904.0,2.0,42.983405658284674,90.19221768810065,26.9551877975464,33.62008392333984
2026-05-09 18:20:14+00:00,ITA,ITA,-15.759999664473861,-9.700000042254125,0.0,-2.600000001203788,4.569999980607355,12.750000013291618,0.1781182267944415,0.6725878841173435,5.376687177838875,5.001643710324951,8.39472980365562,4.915002504571246,2.566671025931652,14.459048069110201,28.510000531539124,14.91634511423235,67.3735748291016,44.188746871948226,1.0,110.999999673762,0.0,2331.96875,8272.734375,28.3804332090218,44.6519325256348,30.110199789913963,-0.9865999935313734,32.2751931,-0.49048344152940626,1898.017001152036,5.544880405068396,1063.0143284797648,-750.775194168091,1037.5075221061716,-64.8385733,5.0,114.072975158691,5.59688901901245,12.336612701416,-493.329986572266,100.0,37.531366944313,-1.980200013155342,-1.72224617976217,-0.580361387219395,-12.09679982390458,154.800247192383,493.520904541016,2.0,7.0,5.0,0.0,0.0,26050904.0,2.0,40.00667466326646,90.01591001505514,27.508657550811748,34.866171798706056
2026-05-09 18:20:15+00:00,ITA,ITA,-15.739999504546219,-9.44000001225166,0.0,-1.6899999602282147,7.140000147462179,15.66999996932788,0.15365553075607052,0.6728806484367285,7.251328303574619,5.001643624947586,10.00705913648693,4.49100459533227,2.15858711594935,14.452181679937558,31.420000919875765,13.544760312850102,70.32698478698731,46.64914878845216,1.0,110.999999673762,0.0,5.1640625,8285.4453125,11.9259201021925,47.223371887207,14.926799914040165,-1.6695999567577,32.2752962,-0.7948071930760163,1898.0350732803322,5.544880311936138,700.9084939956666,-754.8489809036256,833.536684513092,-64.8385198,6.0,110.562934875488,5.59688901901245,12.336612701416,-494.329986572266,100.0,45.565402507782,-3.208799990938272,-0.65324686946113,-0.133398156843271,-17.737799100923677,0.5,494.520965576172,2.0,7.0,6.0,0.0,0.0,26050904.0,2.0,38.17051968982436,89.84395317251085,27.89299364089965,37.09012115478514
2026-05-09 18:20:16+00:00,ITA,ITA,-15.81000006429294,-8.710000151308645,0.0,-0.24000001414912786,8.93999977066491,18.76000008946592,0.15658521500254302,0.6721486976176261,7.5258772341507525,5.001643624947586,9.44124797319039,4.186914242822186,2.0916166842505524,15.44438550217346,34.5700004952683,15.067152276011651,74.02229804992675,51.465375137329076,1.0,110.999999673762,0.0,18.9609375,8299.2421875,352.270202971939,52.7801433563232,212.3276022341397,-2.487599932278484,32.2754165,-0.06612976948111246,1898.09830188751,5.544880498200652,497.7433145046234,-770.56143283844,726.225709915161,-64.838505,6.0,110.242935180664,5.59688901901245,12.336612701416,-495.329986572266,100.0,50.6685197353363,-3.863400070284366,-0.727958893697314,-1.85617178195584,-19.440199504377798,1.50000023841858,495.521026611328,2.0,7.0,6.0,0.0,0.0,26050904.0,2.0,44.11748207184655,89.6773409529922,28.11704177856445,38.1424404144287
2026-05-09 18:20:17+00:00,ITA,ITA,-15.68999978774608,-8.389999983032755,0.0,0.2499999980634084,9.779999998945728,20.2499993682245,0.1538019195858695,0.672295093117532,7.3965290753284405,5.002360026414156,8.38422198450438,3.868510887396878,2.191800148760322,16.79478835014698,35.930000442044545,17.52729762259105,76.74531097412105,58.25146110534668,1.0,110.999999673762,0.0,34.5859375,8314.8671875,333.106768538391,59.5701301574707,336.47519927098784,-3.2964000271854,32.2755488,-0.6322020507762426,1898.1344699859596,5.463604629039764,583.2334637641907,-764.4781947135923,820.4167127609255,-64.8385426,6.0,111.483604431152,5.59688901901245,12.336612701416,-496.329986572266,100.0,58.5065066814423,-3.6916000232702624,1.33822957257049,0.915449187239751,-19.875199226199737,2.49999976158142,496.521087646484,2.0,7.0,6.0,0.0,0.0,26050904.0,2.0,57.982688905834834,89.51592309233725,28.22153635025025,31.7340043258667
2026-05-09 18:20:18+00:00,ITA,ITA,-15.720000369146982,-9.700000042254127,0.0,-2.310000024794576,5.309999942858534,13.17999969513166,0.15936803684164752,0.672295093117532,4.949371674965294,5.001643624947586,6.03008480238159,3.6605624483986197,2.439264177626184,16.20083988105506,28.88999981356006,20.505861157363547,74.12648277282715,63.41341415405268,1.0,110.999999673762,0.0,51.828125,8332.109375,316.777015666941,64.3803153991699,318.697992710629,-1.9872000605922757,32.275677,-0.9601284107920552,1898.152542114256,5.517788510769604,985.197162628174,-697.2174406051636,1140.832328796386,-64.8386375,6.0,121.417762756348,5.59688901901245,12.336612701416,-497.329986572266,100.0,53.7464737892151,-2.4005999708386243,1.33871451600156,1.5669389905369,-14.22919990919874,3.4999988079071,497.521148681641,2.0,7.0,6.0,0.0,0.0,26050904.0,2.0,78.4372080434716,89.35952542072229,27.939794540405302,12.378772859573367
2026-05-09 18:20:19+00:00,ITA,ITA,-15.69999952620044,-12.510000143216802,0.0,-8.840000080932501,-4.979999972095265,-0.8399999828208798,0.180461882144148,0.672588364365019,3.4508838371062316,5.001285466902983,3.011363917435925,3.56063938485095,2.500789710584694,14.231692074472141,14.860000151693239,22.5837814340262,67.4760360717773,66.2925750732422,1.0,110.999999673762,0.0,70.046875,8350.328125,309.168021007007,66.767253112793,309.78439913431396,-0.20659999690549685,32.2757903,-0.42721816734182194,1897.8723764419524,5.535849835723636,1322.910571098328,-729.9207925796509,1366.19303226471,-64.8387745,6.0,134.046447753906,5.59688901901245,12.336612701416,-498.329986572266,71.0025906562805,53.5210192203522,-2.0437998959091237,0.895133056357813,1.38384552455095,-4.7193998032525135,4.49999809265137,498.521209716797,2.0,7.0,6.0,0.0,0.0,26050904.0,2.0,98.89771452493474,88.96141076947521,26.780802154541,-15.228967294692993
2026-05-09 18:20:20+00:00,ITA,ITA,-16.43999997937144,-14.669999827663881,0.0,-12.39000003742466,-10.179999782403762,-7.340000039191201,0.06678867296116581,0.6715626620507535,2.524552728447792,5.000927479613112,2.30423165790015,3.490963131023772,2.587633687579388,12.27246375162084,9.09999985480287,23.04722940600545,65.38734283447265,67.86354995727541,1.0,110.999999673762,0.0,88.7734375,8369.0546875,304.719764687388,68.1934844970703,306.0849992911438,0.26219999124543514,32.2758934,0.4383883894445496,1897.8452205657918,5.49069661647081,1561.447739601134,-821.898567676544,1525.13048648834,-64.8389306,6.0,151.053939819336,5.59688901901245,12.336612701416,-499.329986572266,70.9516167640686,44.5008635520935,-1.4271999795528738,0.751210885344448,-1.03868714420794,-3.0215998737138543,5.49999713897705,499.521270751953,2.0,7.0,6.0,0.0,0.0,26050904.0,2.0,107.00876223981099,87.8708139741318,26.28254985809325,-33.948299102783174
2026-05-09 18:20:21+00:00,ITA,ITA,-21.080000199560402,-17.1000001343414,0.0,-11.739999962418505,-5.86999998120926,0.28000006186404197,-0.989673119754542,0.6714162932312745,1.41014471971892,5.000927479613112,3.717973667500185,3.45558505631195,2.5966174780833877,15.962039733707963,21.369999957190117,22.65869580261655,63.656165313720706,69.45222518920897,1.0,110.999999673762,0.0,107.9296875,8388.2109375,300.524990348246,69.976229095459,301.93979573292233,-1.4771999845016421,32.2759878,0.7349486745061526,1897.4206447601296,5.535849835723637,1732.2825908660877,-832.0670604705813,1742.5079822540279,-64.8390996,6.0,164.530349731445,5.59688901901245,12.336612701416,-500.329986572266,67.162013053894,44.4283246994019,-1.6357999972536121,-0.409196206288641,-0.586019505255663,-5.243799956498116,6.49999618530274,500.521331787109,2.0,7.0,6.0,0.0,0.0,26050904.0,2.0,114.9499677387096,86.86996927957685,25.88365774154665,-43.59774902343749
2026-05-09 18:20:22+00:00,ITA,ITA,-21.280000091289416,-16.41999981944378,0.0,-10.779999969855016,-4.780000059021904,1.659999955124518,-1.936708890336985,0.672148724298053,2.618230736593906,5.000927479613112,1.048620200272479,3.416696093612013,2.667943478727222,15.04841928692976,22.92999996645012,20.76169016159465,61.0075572967529,71.04228469848631,1.0,110.999999673762,0.0,127.53125,8407.8125,297.992301562492,71.4490837097168,298.3341989757374,-0.9861999952420197,32.2760742,0.14953501403348185,1897.032141685488,5.562941543757916,1397.303509712216,-831.4127802848814,1456.6573619842522,-64.8392799,6.0,185.649215698242,5.59688901901245,12.336612701416,-501.329986572266,67.1247661113739,44.4420486688614,-2.8816000348809063,0.410473291580874,1.68665555810112,-0.6167999588566192,7.49999523162842,501.521392822266,2.0,7.0,6.0,0.0,0.0,26050904.0,2.0,123.10825850603699,86.00844678371186,25.55986490249635,-50.78995079040526
2026-05-09 18:20:23+00:00,ITA,ITA,-21.3099999896714,-16.92000040254,0.0,-11.510000001552754,-5.349999963893023,0.799999993802906,-2.366207086881555,0.6712694174836931,2.365660351582836,5.001285466902983,0.5232601119638025,3.4042730467288203,2.662226525014554,13.802538823824998,22.09000042118824,20.8248019632992,60.6359378814697,71.90001617431638,1.0,110.999999673762,0.0,147.4765625,8427.7578125,298.906454081006,71.9827377319336,299.32878380191784,-0.6325999893366758,32.276159,0.8075437563142854,1896.9960212707542,5.4816659539937955,1236.816549301146,-834.1413259506223,1143.875765800478,-64.839466,6.0,202.516967773438,5.59688901901245,12.336612701416,-502.329986572266,67.1228051185608,36.8432402610779,-2.220399965084166,1.72184960190349,-1.13192787083678,0.8054000320741668,8.49999618530274,502.521453857422,2.0,7.0,6.0,0.0,0.0,26050904.0,2.0,126.74198471429979,85.31240611105795,25.60460758209225,-55.20488159179687
2026-05-09 18:20:24+00:00,ITA,ITA,-21.20999987305216,-15.989999796094299,0.0,-9.870000035601151,-3.179999986038724,4.189999951534468,-2.37821914847578,0.670976653164308,1.6659576516610897,5.00200195374692,0.5285129676625785,3.3491801859306265,2.731374933284942,13.872347796765542,25.39000017150964,20.9583185011946,59.2804138183594,71.8538035583496,1.0,110.999999673762,0.0,167.4453125,8447.7265625,298.7853684874,71.7065963745117,299.7671999843627,-0.859000000282782,32.2762454,0.9340100448823611,1896.706891059876,5.508757755160328,1284.970021247862,-834.3081951141355,1285.097289085388,-64.8396519,6.0,222.40641784668,5.59688901901245,12.336612701416,-503.329986572266,67.109078168869,36.8373602628708,-1.744999951798036,-1.28086580193931,-0.385316424207248,0.6925999862038515,9.5,503.521514892578,2.0,7.0,6.0,0.0,0.0,26050904.0,2.0,129.63609432602283,84.75799965612805,25.86769409179685,-56.81539215087888
2026-05-09 18:20:25+00:00,ITA,ITA,-21.29000017125324,-16.16000013095082,0.0,-10.259999909850098,-3.950000081459642,3.029999981864594,-2.364009900402925,0.6700978265976241,2.0237354254815902,5.000927650367841,0.636211417175766,3.3499905024982866,2.739814357712092,13.956652480181518,24.30999973164456,20.353828830401902,57.7734449386597,72.0132014465332,1.0,110.999999673762,0.0,187.4140625,8467.6953125,299.997317253728,72.1285125732422,300.3247838432946,-0.6197999933845327,32.2763332,0.5851158498841291,1896.5713500976558,5.508757848292587,1142.758321762086,-768.0703639984131,1237.457394599916,-64.8398369,6.0,239.058532714844,5.59688901901245,12.336612701416,-504.329986572266,74.9098181724548,36.8295162916184,-2.503800031084014,-0.124486294100925,0.584356567636176,0.7077999768946983,10.5000038146973,504.521575927734,2.0,7.0,6.0,0.0,0.0,26050904.0,2.0,132.8112771503948,84.32729134216166,26.27108545303345,-58.108116989135716
2026-05-09 18:20:26+00:00,ITA,ITA,-21.27999974977994,-17.01000009768596,0.0,-11.829999999073936,-5.969999991106791,-0.08999999396674045,-2.38334648610835,0.6698045820305629,2.382594524969412,5.000569236191144,1.1132392993288591,3.3451294141773062,2.7191243913669703,14.240084840169562,21.17999997467018,20.2163567592034,56.98004322052005,72.44034713745116,1.0,110.999999673762,0.0,207.515625,8487.796875,300.129604357572,72.3841918945312,300.9478009144752,-0.5361999987278843,32.2764242,0.5876136927522853,1896.616530418396,5.472635105252264,1119.3983554840102,524.9455101788043,1161.7678403854381,-64.8400209,6.0,258.795684814453,5.59688901901245,12.336612701416,-505.329986572266,74.9294221401214,36.8255972862244,-2.132399914539426,1.06234787998821,-0.0384101257514688,-0.5967999450043224,11.5000076293945,505.521636962891,2.0,7.0,6.0,0.0,0.0,26050904.0,2.0,135.21873578375443,84.02305764105635,26.70087661743165,-59.67505096435546
2026-05-09 18:20:27+00:00,ITA,ITA,-21.2700000113256,-15.93999973778468,0.0,-9.640000074735417,-3.079999970805106,4.25999999901699,-2.36415674947008,0.6695118177111781,1.7960260539313797,5.00128572303508,0.5757961261307555,3.31893354696487,2.732191482400212,13.92460933070934,25.520000186510863,19.753379216503298,56.1065065383911,72.71655303955079,1.0,110.999999673762,0.0,227.6796875,8507.9609375,299.892159661266,72.651887512207,300.2528100418968,0.4441999973061158,32.276515,0.44961161488245527,1896.5894222259517,5.436512548476456,1311.3137960433942,964.005434513092,1310.298919677734,-64.8402062,6.0,272.655944824219,5.59688901901245,12.336612701416,-506.227966308594,74.9333441257477,36.8275552988052,-1.503999992618332,-1.47915483800295,0.229663510016092,0.6973999816843571,12.5000114440918,506.521697998047,2.0,7.0,6.0,0.0,0.0,26050904.0,2.0,137.171650792001,83.7875253977176,27.1165692329407,-60.552524871826165
2026-05-09 18:20:28+00:00,ITA,ITA,-21.209999873052162,-17.289999946106583,0.0,-12.479999732570619,-7.3300000446047475,-1.8500000230218199,-2.37455656625507,0.670390617597435,1.9804995382947859,5.001285466902983,1.268218959639095,3.3378378457288576,2.74063077876132,12.981997633734858,19.369999844616782,19.42267255594865,55.18987770080565,72.89580184936524,1.0,110.999999673762,0.0,247.921875,8528.203125,300.520045291287,72.8238304138184,300.8542000020892,0.21539999670726165,32.2766067,0.26580846689533877,1896.526169776916,5.436512641608716,1235.82224845886,1163.6039376258857,1206.9954872131339,-64.8403916,6.0,274.023040771484,5.59688901901245,12.336612701416,-507.227966308594,74.9333441257477,36.8334382772446,-1.980800023929584,-0.285828529087077,-0.985592455251432,-0.3567999842160476,13.5000152587891,507.521759033203,2.0,7.0,6.0,0.0,0.0,26050904.0,2.0,139.2758490262126,83.62892499009536,27.5523762702942,-61.927171325683595
2026-05-09 18:20:29+00:00,ITA,ITA,-21.250000192907443,-16.999999676212678,0.0,-11.7199998024909,-5.96000001786468,0.080000020724632,-2.3853969302415248,0.6705370130973409,2.427271902236206,4.999494762057337,2.843250230238575,3.31569266489238,2.741175358281582,13.03158856371322,21.330000149599037,18.39655786901195,53.711584854126,72.91316574096679,1.0,110.999999673762,0.0,268.15625,8548.4375,298.178437877753,73.0523048400879,298.39280746296737,-0.8303999865237837,32.2766983,-0.6371215772352677,1896.50809764862,5.445543397217991,1122.19569683075,1705.6833982467658,1196.2988853454578,-64.8405774,6.0,261.914306640625,5.59688901901245,12.336612701416,-508.227966308594,74.9549090862274,36.8118733167648,-2.866000010882642,-1.32131930484601,1.06863133385951,-3.837399930680342,14.5000190734863,508.521820068359,2.0,7.0,6.0,0.0,0.0,26050904.0,2.0,141.1136780790202,83.51899651049855,28.206764888763452,-62.476983489990246
2026-05-09 18:20:30+00:00,ITA,ITA,-21.30999964816192,-19.18000003285158,0.0,-16.950000300922,-15.210000047596406,-12.94999981964327,-2.388766347936455,0.6693653955308461,3.223894965136092,5.000211248901271,1.1594715157993536,3.337297876586286,2.74308140794684,12.17099343678276,8.350000239474712,18.60390704428795,53.30572071075435,73.27006896972657,1.0,110.999999673762,0.0,288.5078125,8568.7890625,296.53911051468,73.300080871582,296.4837969107056,0.08919999909724838,32.276783,-0.19423623526388428,1896.7791557312019,5.562941730022429,849.3587732315063,1183.4171533584588,990.3203010559079,-64.8407684,6.0,252.246368408203,5.59688901901245,12.336612701416,-509.227966308594,74.9431490898132,36.8236362934113,-2.975600001069018,2.50690097965588,0.168839621580284,-0.8405999935951265,15.5000228881836,509.521881103516,2.0,7.0,6.0,0.0,0.0,26050904.0,2.0,142.891141919943,83.3855653499678,28.64446449279785,-62.80283523559571
2026-05-09 18:20:31+00:00,ITA,ITA,-21.289999829743756,-20.760000372793982,0.0,-20.03000034109622,-19.459999881272218,-18.67000005281048,-2.390963534415085,0.6700978265976241,2.36926334040304,4.999853005479304,2.05258374329734,3.300029034757474,2.753698467436114,11.440478921085779,2.600000001203788,19.078047677412798,51.745672416687,71.90063964843748,1.0,110.999999673762,0.0,308.6328125,8588.9140625,293.740317558862,71.4298851013184,294.2032076751412,-0.0753999977083766,32.2768617,-0.09909721897181681,1896.761083602906,5.436512827873232,1214.5169496536234,250.66476538777346,1152.136421203612,-64.8409616,6.0,245.347610473633,5.59688901901245,12.336612701416,-510.227966308594,74.9294221401214,36.8001103401184,-0.4893999880980794,0.317789198688962,-1.24023994347778,-2.1763998544344294,16.5000267028809,510.521942138672,2.0,7.0,6.0,0.0,0.0,26050904.0,2.0,143.6805232747756,83.24448437756661,28.69208936691285,-61.88458007812503
2026-05-09 18:20:32+00:00,ITA,ITA,-24.49000014646484,-23.729999533366197,0.0,-22.3699999280994,-21.40000002632682,-19.7400000712023,-2.3610801761358102,0.6705370130973409,1.440769943263764,5.000927479613112,0.7854146851192985,3.320013613316062,2.757237658020604,15.78084147446196,4.75999989909427,20.159953910811097,50.34732570648195,70.45343673706057,1.0,110.999999673762,0.0,328.296875,8608.578125,293.34804613445,70.3424240112305,294.3481934666908,-0.9639999861292019,32.2769331,0.738693307042315,1896.6074705123901,5.4726353846490365,1706.656980514526,1078.0636906623847,1618.865823745728,-64.8411533,6.0,237.155838012695,5.59688901901245,12.336612701416,-511.227966308594,74.9372661113739,36.7824643850327,-0.8461999909904238,-1.31792406049828,-0.492851509469311,2.6427999639065107,17.5000305175781,511.522003173828,2.0,7.0,6.0,0.0,0.0,26050904.0,2.0,144.579561950695,83.07591189375606,28.6133500099182,-60.13549346923829
2026-05-09 18:20:33+00:00,ITA,ITA,-25.999999926660518,-23.559999881528636,0.0,-20.560000139555477,-17.05999981448614,-13.40999999750684,-2.2947221135847897,0.669072150963785,0.5403804733723063,4.999853005479304,0.2542753296279725,3.369165020621306,2.708506904990866,17.15146287766176,12.60000000911746,22.3781679805731,49.3939733505249,69.68208801269535,1.0,110.999999673762,0.0,347.7109375,8627.9921875,297.583282514235,69.4694709777832,298.7311914269043,-0.8230000048305184,32.2770061,2.297317073205204,1896.724939346314,5.490696709603069,1688.9521598815923,965.8120274543762,1678.08768749237,-64.8413414,6.0,230.324768066406,5.59688901901245,12.336612701416,-512.227966308594,74.9196231365204,36.7550194263458,-1.7486000164435018,-1.48299777990644,0.673197798665884,4.71299983062285,18.5000343322754,512.521911621094,2.0,7.0,6.0,0.0,0.0,26050904.0,2.0,146.1142262270022,82.98908311393231,28.8380101203918,-59.83484573364255
2026-05-09 18:20:34+00:00,ITA,ITA,-24.36000013146364,-22.320000211299238,0.0,-19.8499999262759,-17.229999807833178,-14.199999825968561,-2.30541509489556,0.668925755463879,1.7621577498469079,5.000569236191144,-1.873433164092345,3.373485969044984,2.6957117408639517,16.76884865771708,10.169999873194687,22.1691240646093,48.182761573791495,69.4644982910156,1.0,110.999999673762,0.0,367.0234375,8647.3046875,302.972165165592,69.3806121826172,304.0180091954552,0.4385999965757629,32.2770908,2.139106519974144,1896.5984582901,5.562941823154686,1327.457284927368,960.1886034011839,1386.6286516189562,-64.8415204,6.0,221.351913452148,5.59688901901245,12.336612701416,-513.227966308594,74.9294221401214,36.7471754550934,-2.2445999869880944,-0.396628818298376,0.526652194681,6.969000043665932,19.5000381469727,513.521667480469,2.0,7.0,6.0,0.0,0.0,26050904.0,2.0,147.4804553063014,83.1161382928729,29.42053871154785,-59.91826766967773
2026-05-09 18:20:35+00:00,ITA,ITA,-24.57000010315644,-20.30999984800738,0.0,-15.060000043422281,-8.670000023552458,-2.5300000390986206,-2.276704287997705,0.6683397198970069,1.8842993760759437,5.00128572303508,-0.19280530129461704,3.3888795505755858,2.67148249855698,16.8275947732589,22.030000453669523,22.14569224688795,48.405953979492196,69.11009719848633,1.0,110.999999673762,0.0,386.2734375,8666.5546875,309.665368061611,68.8616111755371,310.6637996503316,0.3777999984608048,32.277191,1.9589354358019537,1896.6346263885498,5.454573780298233,1309.890389442444,735.8468167483807,1300.1937150955218,-64.8416871,6.0,209.645477294922,5.59688901901245,12.336612701416,-514.329956054688,74.9313831329346,36.7608994245529,-1.0676000500000296,1.29232974085265,-0.872286660553502,3.6787999926335617,20.5000419616699,514.521423339844,2.0,7.0,6.0,0.0,0.0,26050904.0,2.0,146.6875686983872,83.36665938634519,28.96629180908205,-58.868817214965816
2026-05-09 18:20:36+00:00,ITA,ITA,-24.630000241429883,-18.01999997780436,0.0,-10.209999851540507,-1.1600000123585577,7.949999879719456,-2.292964513812275,0.6686329644640681,1.2872824551715947,5.00128572303508,0.7596721557047715,3.385098613983158,2.69081167777602,16.8592567981754,32.60000045183172,21.7208570418341,48.9832820892334,69.38025100708008,1.0,110.999999673762,0.0,405.4453125,8685.7265625,309.974475102689,69.5574851989746,311.47019910450024,0.16500000405793483,32.2773015,1.3320538862776916,1896.9146966934218,5.463604442775248,1544.547057151794,-633.6536109447477,1510.690641403196,-64.8418438,6.0,198.706802368164,5.59688901901245,12.336612701416,-515.227966308594,74.9196231365204,36.7510974407196,-1.8689999871228664,-3.41587749543999,-0.182016310469281,0.35800003244496426,21.5000457763672,515.521179199219,2.0,7.0,6.0,0.0,0.0,26050904.0,2.0,145.3219516040374,83.78606373723525,28.85801124572755,-56.08959480285646
2026-05-09 18:20:37+00:00,ITA,ITA,-24.81000031474072,-18.8999998429215,0.0,-11.889999966592638,-4.029999952773886,4.020000107597825,-2.300288611036645,0.668340200144683,2.054361054568914,5.00092765036784,0.9183311535435285,3.436680672170602,2.6262912349325065,16.63190063278264,28.83000001679606,20.707097313332348,50.91292934417725,70.95514114379883,1.0,110.999999673762,0.0,425.0546875,8705.3359375,311.764831608689,71.1107597351074,312.5135951945652,0.6403999879955942,32.2774166,0.8034212462303373,1896.968889236452,5.463604722172023,1260.959911346436,-809.4013094902041,1318.4337139129639,-64.8420003,6.0,185.215606689453,5.59688901901245,12.336612701416,-516.329956054688,74.9549090862274,36.7707014083862,-2.405799964608482,0.111791093527774,-0.46662096837467,0.3786000243879827,22.5000495910645,516.520935058594,2.0,7.0,6.0,0.0,0.0,26050904.0,2.0,143.917495321991,84.18509021873655,28.7970766067505,-53.78999015808106
2026-05-09 18:20:38+00:00,ITA,ITA,-24.67999995823006,-19.499999859618022,0.0,-13.43999989588884,-7.150000056671269,-0.15000004686281182,-2.310542112363005,0.6698045820305629,2.557339877619674,5.000927479613112,1.229869848687855,3.3794273371605685,2.7055123793040043,16.71963885229444,24.52000038635628,20.08515224034205,52.41030750274655,72.15239685058592,1.0,110.999999673762,0.0,444.9765625,8725.2578125,311.559488801482,72.5057899475098,312.28039614384716,0.5761999503932618,32.277536,0.4787501463688256,1897.122454643252,5.517788510769604,1185.666275024414,-287.0228260755538,1224.014163017272,-64.8421572,6.0,172.777359008789,5.59688901901245,12.336612701416,-517.329956054688,74.9725520610809,36.7844253778458,-2.323199968343262,1.18160031485399,-0.726505984394806,-0.3983999904038228,23.5000534057617,517.520690917969,2.0,7.0,6.0,0.0,0.0,26050904.0,2.0,142.724056368315,84.5499794147661,28.74551553726195,-53.19299034118651
2026-05-09 18:20:39+00:00,ITA,ITA,-24.61000042301172,-18.7700005109392,0.0,-11.5000000923437,-3.3200000383150843,5.139999949511505,-2.305415201617265,0.668925755463879,1.9830216283344981,4.999494762057337,1.99637037929364,3.3756465713228723,2.6899948725286498,16.6204566508283,29.749999518749576,19.325190388566952,53.744976425170904,73.40916137695312,1.0,110.999999673762,0.0,465.2890625,8745.5703125,310.33786848729,73.7380508422851,310.7693998390512,-0.19500000182451152,32.2776564,0.10095216027918544,1897.032141685488,5.490696337074041,1328.75967025757,-766.843605041504,1363.7896299362178,-64.8423185,6.0,160.439910888672,5.59688901901245,12.336612701416,-518.329956054688,74.9725520610809,36.7805063724518,-1.63619999020688,0.733470055944721,-0.077062363032716,-2.266399965795048,24.500057220459,518.520446777344,2.0,7.0,6.0,0.0,0.0,26050904.0,2.0,142.1601723428926,84.85100634205611,28.704697036743198,-54.25827278137208
2026-05-09 18:20:40+00:00,ITA,ITA,-24.769999653376022,-19.039999937886556,0.0,-12.45000017569808,-5.3700001238206525,2.4999999913062534,-2.310395690182675,0.668046928897196,2.3602557082699684,5.001643624947586,1.61916160307461,3.3345969209676847,2.7444421096955525,16.73222689093476,27.250000018363163,18.747444323469402,54.388337516784645,74.33548049926758,1.0,110.999999673762,0.0,485.8359375,8766.1171875,308.8943763081,74.527562713623,309.0413892997948,0.0372000049945598,32.2777746,0.04253815901719766,1896.706867218018,5.391359422355893,1422.813558578492,305.2308320999132,1464.6456003189082,-64.8424858,6.0,144.09309387207,5.59688901901245,12.336612701416,-519.329956054688,74.9823570251465,36.7785453796387,-2.52879997486146,-0.513680224704117,1.67093203574492,-0.8587999744576778,25.5000610351562,519.520202636719,2.0,7.0,6.0,0.0,0.0,26050904.0,2.0,142.2784111136526,85.07984500000825,28.67201957702635,-57.013288192749044
2026-05-09 18:20:41+00:00,ITA,ITA,-24.71999993657586,-20.30000010955302,0.0,-15.199999796877858,-9.730000111390826,-3.799999970563806,-2.310542112363005,0.6686329644640681,2.5728325395819196,5.000569236191144,2.3084336116218847,3.3154226162880738,2.74471454886607,16.30688881320328,20.91999994466774,17.669503868657998,54.8364269256592,74.93409393310544,1.0,110.999999673762,0.0,506.6328125,8786.9140625,307.92998091805,75.0002769470215,307.7352003153756,0.9161999851120942,32.2778918,-0.6074682682649748,1896.83337211609,5.45457387343049,1223.1752395629899,-339.11539912223844,1315.383648872376,-64.8426574,6.0,131.816711425781,5.59688901901245,12.336612701416,-520.329956054688,74.9784350395203,36.7746233940124,-2.341800024868408,0.683360853346599,-0.247946298918203,-2.338799842931138,26.5000648498535,520.519958496094,2.0,7.0,6.0,0.0,0.0,26050904.0,2.0,142.248724379444,85.2623203338743,28.6460343360901,-58.56331283569334
2026-05-09 18:20:42+00:00,ITA,ITA,-24.719999936575864,-20.8999997847401,0.0,-16.290000145952042,-11.329999928241921,-5.960000017864678,-2.31815958755657,0.6687793866444001,2.608502519503394,5.000211248901271,2.217544497779935,3.306510542770358,2.7689438338617256,15.9204592495882,18.75999974795646,17.69563275732785,54.949658203125,75.1300323486328,1.0,110.999999673762,0.0,527.484375,8807.765625,305.702929437276,75.1205291748047,305.60659098507057,0.4849999989110544,32.2780053,-0.5107877196318966,1896.50809764862,5.445543397217988,1290.55459499359,-531.914556026459,1332.3636054992662,-64.8428336,6.0,122.890617370605,5.59688901901245,12.336612701416,-521.329956054688,74.9764740467072,36.7785453796387,-2.030000010955304,0.864215191223545,0.167500024048889,-1.6009999059559619,27.5000686645508,521.519714355469,2.0,7.0,6.0,0.0,0.0,26050904.0,2.0,142.5741665009412,85.38271607837405,28.62685203552245,-59.72128280639648
2026-05-09 18:20:43+00:00,ITA,ITA,-24.849999951577082,-19.54999991792762,0.0,-13.430000157434481,-6.620000002079908,0.590000000765728,-2.311128548136275,0.6684861153969125,2.0464347694475036,5.000211248901271,2.06729314264435,3.2660012457558816,2.808145960735106,16.1115764803016,25.439999888309778,17.7922517595532,54.53379650115965,74.7519213867187,1.0,110.999999673762,0.0,548.296875,8828.578125,303.617973211995,74.7064544677734,303.847008579395,0.3480000005059156,32.2781137,-0.43238751597386677,1896.5623140335078,5.526819080114364,1467.0197010040279,-796.6298460960388,1448.34294319153,-64.8430141,6.0,108.567504882812,5.59688901901245,12.336612701416,-522.329956054688,74.9843180179596,36.7785453796387,-1.826200015415496,-2.26014203975578,0.802210680577316,-2.243199990307312,28.500072479248,522.519470214844,2.0,7.0,6.0,0.0,0.0,26050904.0,2.0,143.034226186828,85.45837066871576,28.61044120788575,-60.4344190979004
2026-05-09 18:20:44+00:00,ITA,ITA,-24.61000008150226,-20.59000003793748,0.0,-15.889999679475102,-11.020000010684576,-5.620000031170612,-2.31215382356372,0.6695118177111781,2.6499368375749044,5.000569236191144,1.77361683292263,3.3891496845572604,2.896622993271666,15.391360353080461,18.99999995954074,17.77023037589545,54.99465923309325,75.14052017211914,1.0,110.999999673762,0.0,569.1171875,8849.3984375,302.113665028434,75.2792266845703,302.0016062128354,1.53279999751788,32.2782164,-0.3593986043909736,1897.068238258364,5.490696430206299,1289.584183692934,-805.6203603744507,1320.994806289672,-64.8431987,6.0,96.7190628051758,5.59688901901245,12.336612701416,-523.329956054688,74.9823570251465,36.7942273616791,-2.67939992577681,0.547469757497552,0.56146465502435,-1.545799875220824,29.5000762939453,523.519226074219,2.0,7.0,6.0,0.0,0.0,26050904.0,2.0,142.7825528404426,85.472925801837,28.59822063446045,-60.372221374511696
2026-05-09 18:20:45+00:00,ITA,ITA,-24.830000133158897,-22.449999884791,0.0,-19.89000058764064,-17.34000000441622,-14.45000011751666,-2.313618685697275,0.6689257554638794,2.320983230448134,4.999853005479304,1.4773139952999248,3.39158003661868,2.8767497894852303,15.236483764593661,10.380000186396973,18.43105971583065,55.32738361358645,75.31266494750976,1.0,110.999999673762,0.0,590.046875,8870.328125,300.378742337738,75.1752891540527,300.76759866756504,1.295999985691841,32.2783146,0.16973748263020436,1896.5803861618037,5.418451316654681,1214.925909042358,-804.8812270164492,1196.29716873169,-64.8433881,6.0,86.2998123168945,5.59688901901245,12.336612701416,-524.329956054688,74.9764740467072,36.7765843868256,-2.032399904641892,1.15058538632832,-1.62317567323331,-0.6412000139227714,30.5000801086426,524.518981933594,2.0,7.0,6.0,0.0,0.0,26050904.0,2.0,142.6796628707856,85.428512496759,28.67940101623535,-59.87819778442382
2026-05-09 18:20:46+00:00,ITA,ITA,-24.56000002319264,-21.599999576546377,0.0,-17.760000289311357,-14.030000003376259,-9.430000017665213,-2.311274543429785,0.668925755463879,1.510668455715404,5.0005694923232396,1.52091792296129,3.35566203545297,2.921668827382592,15.7793150979372,15.129999920150059,18.953359159019648,54.84339122772219,74.86974838256837,1.0,110.999999673762,0.0,610.8828125,8891.1640625,299.579063789713,74.712476348877,300.1491988042634,-0.4739999845888342,32.2784089,0.47865503598463316,1896.5713500976558,5.49069670960307,1410.870122909546,-807.0568323135376,1364.504957199096,-64.8435797,6.0,77.2254028320312,5.59688901901245,12.336612701416,-525.329956054688,74.9862790107727,36.7961883544922,-1.538799977194278,-0.746694369394924,-1.56043014042299,-0.8547999782239242,31.5000839233398,525.518737792969,2.0,7.0,6.0,0.0,0.0,26050904.0,2.0,143.1578553428806,85.364332624223,28.7372139930725,-60.28813751220703
2026-05-09 18:20:47+00:00,ITA,ITA,-24.75999991492166,-21.139999996324384,0.0,-17.05000007603176,-12.43999992497956,-7.669999860544093,-2.312006974496565,0.6681933510775275,2.2352316568338226,4.999495018189432,2.014232604633695,3.368354960185742,2.909962694230158,17.374240425744397,17.109999872795743,18.418780743250302,54.37142543792725,74.65210235595704,1.0,110.999999673762,0.0,631.6171875,8911.8984375,299.283453202435,74.6930374145508,299.21699819388596,-1.328600030369146,32.2785006,0.07889996139588439,1896.490025520324,5.472635198384522,1470.0953722000122,-808.5948586463928,1491.436004638674,-64.8437716,6.0,66.6130294799805,5.59688901901245,12.336612701416,-526.329956054688,74.9784350395203,36.7844253778458,-2.145799934606024,0.141781867203918,0.0105199145558178,-1.0839999425109543,32.5000762939453,526.518493652344,2.0,7.0,6.0,0.0,0.0,26050904.0,2.0,143.6028394352316,85.2937562795293,28.70997562408445,-61.339062194824194
2026-05-09 18:20:48+00:00,ITA,ITA,-24.650000059848075,-21.08999959650528,0.0,-17.0399996545585,-12.52999996163498,-7.639999791407371,-2.31142139249694,0.6681933243971014,2.155244933633732,4.999495018189432,2.274810724772025,3.3932005843766304,2.881377882978148,17.456638461853622,17.01000043919544,17.69972830950895,53.47769794464115,74.13886367797849,1.0,110.999999673762,0.0,652.296875,8932.578125,298.499210881934,73.786727142334,298.34440054628203,-1.481199988739522,32.2785907,-0.2128915776346864,1896.499061584472,5.427482072263956,1458.12168121338,-810.3563666343689,1529.6238899230939,-64.8439639,6.0,57.7594451904297,5.59688901901245,12.336612701416,-527.329956054688,74.9784350395203,36.7805063724518,-1.8327999845218002,-0.390199075648882,-1.41252879724871,-0.7246000014306132,33.5000610351562,527.518249511719,2.0,7.0,6.0,0.0,0.0,26050904.0,2.0,144.45523338327058,85.21494955688564,28.5781482696533,-61.88291015625
2026-05-09 18:20:49+00:00,ITA,ITA,-24.74000043801294,-21.139999996324384,0.0,-17.06999989444994,-12.5200000524259,-7.49999986719706,-2.319038334081975,0.22536469967625603,2.3004460468970125,5.000927223481016,2.19915965624667,3.389419818538934,2.900161970412742,18.23598114615336,17.23999988779698,17.59498308971855,52.92054691314695,73.82350799560547,1.0,110.999999673762,0.0,672.78125,8953.0625,297.091290327941,73.852033996582,296.947003947762,-1.8652000540668123,32.2786774,-0.3425888204885702,1896.4629173278802,5.400390084832905,1454.139733314512,-829.8272609710696,1529.9209117889418,-64.8441561,6.0,47.8070182800293,5.59688901901245,12.336612701416,-528.329956054688,74.9882400035858,36.7785453796387,-2.5949999612218817,-0.198607320210918,0.19828560762884,-1.6019999737165,34.5000457763672,528.518005371094,2.0,7.0,6.0,0.0,0.0,26050904.0,2.0,144.78229016148762,85.12785098458966,28.517354393005398,-62.26883102416989
2026-05-09 18:20:50+00:00,ITA,ITA,-24.759999914921657,-21.13999999632438,0.0,-17.079999974413738,-12.51999988167116,-7.599999983816294,-2.3127399391718697,-2.42267418174075,2.674437323769292,2.0653257226621795,1.59604642865429,3.4185864338421803,2.859054476893018,16.992389479439478,17.150000534160462,17.878657067648447,53.2206624984741,73.88513992309572,1.0,110.999999673762,0.0,693.3359375,8973.6171875,295.38207646928,73.8529403686524,295.82839927870816,-1.364200022195972,32.2787599,-0.05049772413528865,1896.390652656554,637.9156691953536,1292.4322605133061,-831.8973779678345,1374.778652191162,-64.8443511,6.0,40.9468116760254,5.59688901901245,12.336612701416,-529.227966308594,74.9803960323334,36.788347363472,-2.3908000154174878,1.09895534606195,0.284048411034643,-0.6615999907128567,35.5000305175781,529.517761230469,2.0,7.0,6.0,0.0,0.0,26050904.0,2.0,145.08946562506858,85.00840805147905,28.527258396148703,-61.95133987426758
2026-05-09 18:20:51+00:00,ITA,ITA,-24.6400003213937,-21.109999756432916,0.0,-17.05000007603178,-12.48999998328918,-7.439999985055714,-2.308051974802005,-2.3287763695694146,2.661466751846754,-0.17379542474813467,1.4457931525280001,3.4018426519787157,2.8775665947326,16.66661472772978,17.199999909451158,18.17374002281325,51.542136955261256,72.4237907409668,1.0,110.999999673762,0.0,713.6015625,8993.8828125,296.232954115323,71.9548599243164,296.0033887252438,-0.2503999970197731,32.2788395,0.025589708934429373,1896.6526508331299,1728.7878990173317,1357.65528678894,826.0105788707748,1406.4516544342039,-64.8445456,6.0,33.169376373291,5.59688901901245,12.336612701416,-530.227966308594,74.9764740467072,36.7746233940124,-2.2238000119086543,-0.709436914772121,1.32549158993353,1.2953999429010845,36.5000152587891,530.517517089844,2.0,7.0,6.0,0.0,0.0,26050904.0,2.0,145.587438325,84.8836512311942,28.5268678665161,-60.88457290649412
2026-05-09 18:20:52+00:00,ITA,ITA,-24.769999994885442,-21.16000015625202,0.0,-17.069999894449943,-12.569999939980779,-7.639999962162101,-2.31098169906912,-1.715729699046305,2.4406025105053657,1.1260620937054024,2.605260826345945,3.19038362381312,3.116862998011594,17.49287773804244,17.11999995275956,17.8688378169429,49.93476161956785,71.02373840332032,1.0,110.999999673762,0.0,733.4296875,9013.7109375,298.909186156674,70.848454284668,297.59779530018324,1.3957999991127397,32.2789213,-0.7006304076977212,1897.330260276798,1897.916293144228,1247.862577438354,2138.849878311156,1288.56420516968,-64.8447336,6.0,23.5998878479004,5.59688901901245,12.336612701416,-531.227966308594,74.9980390071869,36.7785453796387,-2.688000030404186,-0.524461518226424,-0.595270035991093,-0.5890000290547258,37.5,531.517272949219,2.0,7.0,6.0,0.0,0.0,26050904.0,2.0,145.6030029600808,84.80794199933919,28.5350432395935,-59.705668487548834
2026-05-09 18:20:53+00:00,ITA,ITA,-24.84000055463218,-21.1500000762882,0.0,-17.059999814486122,-12.62000016904514,-7.58999990385248,-2.32856036483691,-1.362989435198605,2.22838609973818,2.242220968067156,5.820991580989755,2.8417329037144556,3.443548555447098,18.578922212304022,17.239999887796976,17.3483210531273,48.09021892547605,69.42679595947266,1.0,110.999999673762,0.0,752.90625,9033.1875,287.433402841543,68.9784370422363,289.2357968729362,1.132400007663156,32.278998,-1.3989940943894121,1897.1766710281402,1896.7242479324318,1042.8927302360541,2206.419420242308,1092.784500122072,-64.8449199,6.0,16.0076332092285,5.59688901901245,12.336612701416,-532.227966308594,74.9627530574799,49.1805195808411,-2.8691999971974744,1.13554285517671,-0.0103264597862425,-15.509400023826094,38.4999847412109,532.517028808594,2.0,7.0,6.0,0.0,0.0,26050904.0,2.0,146.20229195408461,84.75995650532525,28.6513661384582,-57.897837982177734
2026-05-09 18:20:54+00:00,ITA,ITA,-20.79000027117592,-17.71000006024702,0.0,-14.519999994244444,-10.720000002336313,-6.859999872154729,-2.3342732844691,-1.35683730238628,1.3009738254949785,1.766680679770947,7.03089513254722,2.8808919577073864,3.50616269249326,16.033374570909018,13.960000126648461,4.07017930896278,39.85567760467525,65.6822392272949,1.0,110.999999673762,0.0,771.5390625,9051.8203125,267.618013191338,64.820915222168,269.8074002769536,0.49979999965018224,32.2790323,-1.862185827553062,1896.7611312866218,1896.0106611251842,1024.4856357574463,1061.4118218421943,1020.4221606254574,-64.8451138,6.0,12.6213665008545,5.59688901901245,12.336612701416,-533.227966308594,74.719649553299,49.0119189023972,-1.3058000051459981,2.24143500539276,-2.20056208618234,-21.03699937760274,39.4999694824219,533.516784667969,2.0,7.0,6.0,0.0,0.0,26050904.0,2.0,27.589114812541,84.70895548279276,28.67998208999635,-58.82614562988282
2026-05-09 18:20:55+00:00,ITA,ITA,6.669999878962618,5.650000100307314,0.0,3.940000086873192,3.090000024088496,1.1900000067900784,-2.34042600425081,-1.3826189186255502,0.35987015424796887,-0.5050264924195875,6.5423107837618755,2.899256201951434,3.6240416830386537,-4.170025596915304,-5.499999946722818,-23.80867853147235,38.80639572143555,60.694123535156244,1.0,110.999999673762,0.0,788.7890625,9069.0703125,247.495483594537,59.7582092285156,248.9692034589184,-0.363799999636471,32.2790107,-2.8864620623528965,1896.7972517013561,1895.7125425338781,1334.68768596649,-430.88732957839954,1239.474153518674,-64.8452967,6.0,11.8849287033081,5.59688901901245,12.336612701416,-534.227966308594,74.6177077293396,48.9197760820389,-0.3057999955500878,-1.44445512914176,-0.0780223314463267,-19.93599952113444,40.4999542236328,534.516540527344,2.0,7.0,6.0,0.0,0.0,26050904.0,2.0,-152.8483310278466,84.65956979999899,28.50245676040645,-56.5266357421875
2026-05-09 18:20:56+00:00,ITA,ITA,25.210000098198798,21.0100003228326,0.0,16.08999974195886,10.42999998857452,4.879999834131683,-2.3231406097305047,-1.39214041577196,0.5926241861252742,0.6394212652432242,1.886569939063381,2.793121721683878,3.7451874676867,-14.906491371071501,-20.33999974638938,-28.16558192471625,40.2924974441528,58.08968673706054,1.0,110.999999673762,0.0,805.0546875,9085.3359375,232.698944267215,57.8262222290039,233.48120310078102,1.8698000637428553,32.278944,-1.75757546131011,1894.6650743484502,1896.6429233551019,1256.764006614686,-487.8354907035826,1190.0727272033698,-64.8454513,6.0,17.0971260070801,5.59688901901245,12.336612701416,-535.329956054688,74.7137725353241,49.1040617227554,-1.1701999607329578,-0.283996384203074,2.77366191509696,-9.969599732380301,41.4999389648438,535.516296386719,2.0,7.0,6.0,0.0,0.0,26050904.0,2.0,-142.7164256809742,84.61175506071436,28.31868982315065,-47.17883056640626
2026-05-09 18:20:57+00:00,ITA,ITA,24.71999993657586,17.88999996280312,0.0,9.390000124696773,-0.6600000055595656,-10.279999899023005,-2.32738781345549,-1.4041524240053351,1.9044762671483462,2.08895948453132,-0.76807595642653,2.716423905323878,3.8075298485812623,-15.241040183788979,-34.98999975563506,-27.6559336994174,40.900484275817846,58.0108076477051,1.0,110.999999673762,0.0,821.125,9101.40625,229.578148873166,58.1504013061523,229.0975986197696,4.4235998489796255,32.2788543,-0.8812902372617538,1792.41096973419,1896.77846431732,1161.570262908936,-715.4308199882507,1061.1270189285299,-64.8455857,6.0,25.9952259063721,5.59688901901245,12.336612701416,-536.227966308594,89.0860259532928,49.1589546203613,-1.9299999583690841,-1.30841088764492,1.89469767741271,-1.325200015561167,42.4999237060547,536.516052246094,2.0,7.0,6.0,0.0,0.0,26050904.0,2.0,-140.188665559725,84.69285331182445,28.272105216979952,-44.195532989501956
2026-05-09 18:20:58+00:00,ITA,ITA,24.8600000315409,17.45999993945362,0.0,8.750000129654449,-0.8900000091139896,-11.220000073168341,-2.3289995246562,-1.40400552157733,3.3053226021189657,3.6931921830544736,-2.069917642832925,2.662681287547228,3.8630662020999997,-16.9690978513508,-36.0699995124812,-26.7653974137319,42.153516197204596,58.955565948486324,1.0,110.999999673762,0.0,837.390625,9117.671875,230.007658488933,59.2708557128906,229.53379908884716,5.266399771801218,32.2787592,-0.23998639582372555,1438.867139816284,1896.89586162567,1039.2477869987492,-769.1973805427549,1002.9846191406261,-64.8457168,6.0,37.2860260009766,5.59688901901245,12.336612701416,-537.329956054688,96.7220842838287,49.2001265287399,-2.75979996079905,-0.212162657712029,-0.226188998121392,2.106399967034466,43.4999084472656,537.515808105469,2.0,7.0,6.0,0.0,0.0,26050904.0,2.0,-138.6878134518852,84.84751270029565,28.2729969978332,-44.612942047119155
2026-05-09 18:20:59+00:00,ITA,ITA,24.84000021312272,17.4999999177994,0.0,8.80000018796407,-0.860000014682466,-11.10000030888568,-2.3237256581216004,-1.40488432146359,4.6557274137718245,3.683522983067264,-0.7801580608102895,2.6845564624680756,3.83502554348143,-17.65497998365214,-35.96000068193602,-25.37461209681905,42.7690183639526,60.49012390136718,1.0,110.999999673762,0.0,854.0625,9134.34375,232.676213397657,60.8357276916504,231.98499825365178,3.863600024072322,32.2786649,-0.26828463858711465,840.9631848335263,1896.931958198546,1038.977575302124,-735.7678532600402,1056.05115890503,-64.8458536,6.0,48.7934837341309,5.59688901901245,12.336612701416,-538.227966308594,96.7162013053894,49.2158085107803,-2.7733999773422875,0.737516302697719,-2.50428907262859,1.3747999208349613,44.4998931884766,538.515563964844,2.0,7.0,6.0,0.0,0.0,26050904.0,2.0,-140.334282460754,85.0508781677382,28.3076760292053,-46.11627754211426
2026-05-09 18:21:00+00:00,ITA,ITA,24.83999987161326,18.28000000780678,0.0,10.609999976507984,2.0699999786289345,-6.920000010428178,-2.3238725071887547,-1.395948886564475,5.000534146094286,2.918648133533474,-0.7092351840677675,2.71210299958888,3.80589649421862,-17.6832084724729,-31.74999980207762,-24.76219257639995,43.995447921752955,62.28856384277344,1.0,110.999999673762,0.0,871.2109375,9151.4921875,232.450653230507,62.7076881408691,232.1215965729008,2.1343998793057697,32.2785712,-0.5013957399476234,310.9816431999207,1896.8777894973741,1010.0176692008987,-751.5095829963684,1076.592087745666,-64.8459974,6.0,61.5526008605957,5.59688901901245,12.336612701416,-539.329956054688,96.7240452766418,49.2334544658661,-2.679600093008174,-0.235379097690923,-0.268431503662526,-0.24279997015809512,45.4998779296875,539.515319824219,2.0,7.0,6.0,0.0,0.0,26050904.0,2.0,-141.13809463926498,85.2485814083588,28.6032503128052,-48.70714279174802
2026-05-09 18:21:01+00:00,ITA,ITA,24.840000213122718,18.769999827920238,0.0,11.450000034034058,3.29999996376482,-5.270000135267461,-2.32387261391046,-2.218325113696875,4.995489966014862,2.7582247911104,-0.39191722841089704,2.755583172760216,3.769416624616312,-17.67290888871398,-30.109999665371284,-24.332570262511602,45.3957498550415,63.87450897216797,1.0,110.999999673762,0.0,888.8515625,9169.1328125,232.367680092469,64.0792556762695,231.66399575511542,1.410200022906854,32.2784746,-0.5906264251621542,2.285787509754298,1896.8055009841896,968.6086893081678,-705.1416397094727,1066.8485879898078,-64.8461449,6.0,70.3728713989258,5.59688901901245,12.336612701416,-540.227966308594,96.7240452766418,49.2216914892197,-2.309999902064612,-0.123494262484834,-0.672917120579679,-0.5993999925820631,46.4998626708984,540.515075683594,2.0,7.0,6.0,0.0,0.0,26050904.0,2.0,-141.127281083771,85.41702070348049,28.7991039276123,-49.80694702148436
2026-05-09 18:21:02+00:00,ITA,ITA,24.79999989326748,18.7499996679926,0.0,11.390000237270101,3.30999995835127,-5.190000178575854,-2.323432920482645,-3.0828891248157646,4.996210550972298,3.161431732581902,-0.8374233206369205,2.805274634585398,3.7250420808618445,-17.5084953070891,-30.01000023177096,-24.368207628279748,47.4390214920044,65.0964743041992,1.0,110.999999673762,0.0,906.8125,9187.09375,232.51950153734,65.3238418579102,231.69599928949037,0.5897999882808387,32.2783752,-0.36725482671253984,3.0447004828602084,1896.7423200607282,1015.163886547089,-782.1642637252808,1133.794355392458,-64.8462947,6.0,80.6905899047852,5.59688901901245,12.336612701416,-541.329956054688,96.7495322227478,49.2569804191589,-2.353799984221202,-0.398826458344254,-0.698960365080673,0.7363999589706902,47.4998474121094,541.514831542969,2.0,7.0,6.0,0.0,0.0,26050904.0,2.0,-138.7206885183982,85.60653454728624,28.96185436248775,-49.05788818359374
2026-05-09 18:21:03+00:00,ITA,ITA,24.84999995157708,19.03999993788652,0.0,12.300000171523958,4.72999991533492,-3.3099998729739055,-2.32460451136871,-3.077322413920495,4.99585008773885,2.755718197062372,-0.9241075459102266,2.8055445124349783,3.7103410378244,-17.379176603457577,-28.150000043407935,-23.9494401925298,49.14409618377685,66.68647338867189,1.0,110.999999673762,0.0,925.203125,9205.484375,232.231185592096,66.9182601928711,232.0053904664378,-0.059599999911842574,32.2782744,-0.4440966893608979,3.044700622558596,1896.977138519286,1057.434177398682,-800.3342390060427,1165.592432022094,-64.8464487,6.0,94.5227584838867,5.59688901901245,12.336612701416,-542.329956054688,96.7416882514954,49.2805063724518,-2.6108000670741403,-0.759325150078423,-0.089972707894616,-0.31039998521580975,48.4998321533203,542.514587402344,2.0,7.0,6.0,0.0,0.0,26050904.0,2.0,-138.2411655254524,85.8546275085086,29.058964920043948,-48.61624671936034
2026-05-09 18:21:04+00:00,ITA,ITA,24.839999871613262,19.28000014947084,0.0,12.510000143216793,4.380000040776107,-3.410000000265325,-2.3243117737297503,-3.10090737728967,4.99585008773885,2.906831436693846,-1.85819725320987,2.842273000923074,3.690195309490084,-17.1480064604323,-28.229999658590124,-22.7474600872964,50.32367763519285,67.8335188293457,1.0,110.999999673762,0.0,943.9765625,9224.2578125,233.304044386165,67.9342552185058,232.84559662492202,0.3041999917205006,32.2781711,0.0908811870872512,3.0266314744949363,1897.02227115631,1075.577163696288,-718.7695980072024,1187.346696853636,-64.8466057,6.0,107.353225708008,5.59688901901245,12.336612701416,-543.329956054688,87.4176621437073,49.2432564496994,-2.29579998146884,0.45696617581774,-0.0624605591754592,2.471999950968903,49.4998168945312,543.514343261719,2.0,7.0,6.0,0.0,0.0,26050904.0,2.0,-137.6067775553416,86.1130545459452,28.94160175323485,-49.30375534057616
2026-05-09 18:21:05+00:00,ITA,ITA,24.84000021312272,18.970000061158736,0.0,12.179999894977078,4.650000033348504,-3.430000000110387,-2.323579342662975,-3.62737942573131,4.995129502781414,2.796898688228848,-1.430554360159465,2.8447036091165883,3.6319366987002715,-16.9137839058669,-28.250000160027177,-21.6880789640072,50.471893501281755,68.51819778442382,1.0,110.999999673762,0.0,962.9375,9243.21875,234.378433142608,68.6560501098633,234.7773981524068,-0.645999997397086,32.2780696,0.5862291813910118,3.0627695377916098,1897.130608558654,1088.0570292472817,-783.1009745597837,1177.237010002134,-64.8467674,6.0,116.910400390625,5.59688901901245,12.336612701416,-544.329956054688,79.6914219856262,49.2707014083862,-2.93179996160111,-1.19228817352289,-0.67714820932709,0.7247999818989941,50.4998016357422,544.514099121094,2.0,7.0,6.0,0.0,0.0,26050904.0,2.0,-138.2121590780854,86.42411160603135,28.90627555847165,-50.592891769409185
2026-05-09 18:21:06+00:00,ITA,ITA,24.88000019146854,22.080000341224398,0.0,18.97000006115876,15.63000033249153,12.069999783771392,-2.324897782616195,-4.136127773607004,4.99585008773885,3.124548369554378,-1.048092848303575,2.75666311104536,3.503712660949298,-16.51514811118612,-12.809999810055597,-21.238486030759297,50.59754276275635,69.26441528320309,1.0,110.999999673762,0.0,982.140625,9262.421875,234.673224107186,69.397737121582,234.9120020564178,-1.470199947736878,32.2779688,0.36234313496074194,2.9904933646321274,1897.15769290924,820.0730800628662,-789.4493699073792,1024.1262555122378,-64.8469326,6.0,127.438652038574,5.59688901901245,12.336612701416,-545.329956054688,79.6757400035858,43.440243601799,-2.828800025898402,2.46500929504208,0.636968767760844,-0.07159999928527741,51.4997863769531,545.513854980469,2.0,7.0,6.0,0.0,0.0,26050904.0,2.0,-139.5668314773088,86.72543223145564,29.06085319519045,-54.67309387207032
2026-05-09 18:21:07+00:00,ITA,ITA,24.89000027143236,21.819999969712484,0.0,18.11000001445976,13.729999995028,9.100000025557602,-2.324458089188375,-4.134663124916855,4.9954897952601325,2.030949300528226,-1.2445773804050102,2.7863701650666797,3.5001735130534897,-16.517437249086463,-15.790000075120043,-21.568015337455748,49.86124248504635,69.01204284667969,1.0,110.999999673762,0.0,1001.3359375,9281.6171875,235.092870929791,68.9190422058105,235.18259775887958,-0.38679999932490233,32.2778689,0.0538316023349266,3.017597040161492,1896.2273836135878,830.3769707679746,-780.9392929077148,953.9125442504885,-64.8470994,6.0,141.235321044922,5.59688901901245,12.336612701416,-546.329956054688,79.6875,43.4265226125717,-2.283999975903998,-1.07596620997616,1.08309660730454,0.38259999927739585,52.4997711181641,546.513610839844,2.0,7.0,6.0,0.0,0.0,26050904.0,2.0,-140.9283531902322,86.97727496653235,29.17993297576905,-57.119089965820294
2026-05-09 18:21:08+00:00,ITA,ITA,24.8600000315409,22.0499997598235,0.0,19.06999983626854,15.679999878536961,12.08000029062202,-2.325044098074825,-4.13085401379411,4.9954897952601325,2.710599418820466,-1.091172185420166,2.7985230779682038,3.468049767349084,-16.57503896643284,-12.770000173219241,-21.50113071000845,48.973109436035145,68.56151138305664,1.0,110.999999673762,0.0,1020.4296875,9300.7109375,235.750618146863,68.4700653076172,235.6637982462856,0.19419999657466488,32.2777706,0.11150285737701485,2.900148322805762,1897.013235092162,725.0352144241335,-824.5814085006714,856.0309529304504,-64.8472662,6.0,153.531066894531,5.59688901901245,12.336612701416,-547.329956054688,79.6816170215607,42.6540940999985,-2.4836000454344775,0.391487473441928,1.00157413741391,0.42040000704207214,53.499755859375,547.513366699219,2.0,7.0,6.0,0.0,0.0,26050904.0,2.0,-142.00081310125378,87.1942871519366,29.2713357925415,-57.820123443603485
2026-05-09 18:21:09+00:00,ITA,ITA,24.8600000315409,21.709999773129418,0.0,17.85999972291166,13.5900000708177,8.800000102586713,-2.32460451136871,-4.127338814249075,4.994769210302696,2.595653311504676,-1.0612268751906848,2.796092384397326,3.48438378055103,-16.52544803645452,-16.079999832749742,-21.2544934328529,47.7565315246582,68.01405990600583,1.0,110.999999673762,0.0,1039.3671875,9319.6484375,236.074341792765,67.8940864562988,236.2684011274636,0.2267999918931824,32.2776742,0.24836365749403452,2.9001484159380198,1896.950030326842,900.7100939750674,960.5838537216198,950.1274228096012,-64.8474327,6.0,163.716445922852,5.59688901901245,12.336612701416,-548.329956054688,79.6776950359344,38.6880487203598,-1.81519997441285,0.117497903342305,-0.15691307075281,0.5577999810582024,54.4997406005859,548.513122558594,2.0,7.0,6.0,0.0,0.0,26050904.0,2.0,-143.244030473601,87.3874380714754,29.4261262893677,-58.04799293518066
2026-05-09 18:21:10+00:00,ITA,ITA,24.8600000315409,22.7700000530669,0.0,20.3199999279712,17.610000285137218,14.530000074208294,-2.32563010696127,-4.131293707221925,4.995489795260132,2.636475687315232,-1.132149691902245,2.7766479030473574,3.5023516176911222,-16.5845756180615,-10.330000042710003,-21.0484761444651,46.7305938720703,67.62122039794922,1.0,110.999999673762,0.0,1058.1875,9338.46875,235.939186009469,67.5138153076172,236.16260422929582,0.5304000128600787,32.277579,0.24355994476311413,2.9543554875999702,1897.031259536742,1062.355017662047,-372.35184907913197,1096.3479399681073,-64.8475985,6.0,175.508041381836,5.59688901901245,12.336612701416,-549.329956054688,79.6933829784393,38.6978507041931,-1.585400010023748,0.60708247463466,0.981280898337861,-0.1253999946530156,55.4997253417969,549.512878417969,2.0,7.0,6.0,0.0,0.0,26050904.0,2.0,-144.60768866969698,87.54490125260085,29.53712253570555,-58.84644561767578
2026-05-09 18:21:11+00:00,ITA,ITA,24.87000011150472,20.78999992966648,0.0,15.93999973778468,10.329999957332637,4.339999998397278,-2.324897782616195,-4.124994778703295,4.995129502781414,2.201757027777636,-1.469430943141525,2.75099187691145,3.5363813276834177,-16.614330654161698,-20.539999979627844,-21.141325736042297,45.73684444427485,67.24700683593747,1.0,110.999999673762,0.0,1076.8671875,9357.1484375,236.346565812325,67.192300415039,236.433396641206,1.089999986220376,32.2774845,0.22383443447933266,2.9272518120706073,1897.0674037933338,1293.368053436278,-715.8843874931337,1295.133185386658,-64.8477632,6.0,185.537796020508,5.59688901901245,12.336612701416,-550.329956054688,79.6796560287476,38.6762857437134,-1.8555999670562664,-1.63813805638387,-0.581446426802075,0.3749999877569634,56.4997100830078,550.512634277344,2.0,7.0,6.0,0.0,0.0,26050904.0,2.0,-145.74214484177662,87.65593622284315,29.670633888244602,-59.10808227539062
2026-05-09 18:21:12+00:00,ITA,ITA,24.849999610067638,20.34999982635318,0.0,15.30999982270618,9.57999976570725,3.559999908389912,-2.32504420479653,-4.125873525228695,4.9954897952601325,3.1478245443400406,-1.2871313265640398,2.750451865080196,3.511335280129076,-18.0086020996269,-21.289999829743763,-20.1064334022485,45.4324115753174,67.79831588745118,1.0,110.999999673762,0.0,1095.640625,9375.921875,236.225097728126,67.8227783203125,236.7391978707256,-0.07060000556292412,32.2773903,0.594113647612013,2.9724244959652437,1897.0764398574822,1099.3674278259284,-623.234009742737,1219.684052467348,-64.8479286,6.0,197.358642578125,5.59688901901245,12.336612701416,-551.329956054688,79.6718180179596,38.6704057455063,-3.0607999515304862,-0.842826026950827,-2.42128178364542,0.3293999759972846,57.4996948242188,551.512390136719,2.0,7.0,6.0,0.0,0.0,26050904.0,2.0,-146.94726068685782,87.7386463985974,29.826832008361798,-60.1364891052246
2026-05-09 18:21:13+00:00,ITA,ITA,24.8099996317218,23.099999959797138,0.0,21.12000017790618,18.64999989288286,16.4700003900176,-2.32533736932231,-4.13876444007004,4.99585008773885,3.268499814331638,-1.21042915595844,2.75288247327371,3.5374701025257997,-17.29983132039792,-8.350000090064325,-19.65366699235755,45.52697982788085,68.4013870239258,1.0,110.999999673762,0.0,1114.625,9394.90625,236.11092428596,68.3565628051758,236.5207957418254,-1.50879995074624,32.2772948,0.5254968334983378,2.94532091356814,1896.8868017196642,855.1328063011167,-795.1773405075076,1036.2598657608044,-64.8480954,6.0,207.37287902832,5.59688901901245,12.336612701416,-552.329956054688,79.6796560287476,38.6841267347336,-2.628600052315382,1.59012438783962,0.0945809044595127,-0.28400001274107095,58.4996795654297,552.512145996094,2.0,7.0,6.0,0.0,0.0,26050904.0,2.0,-148.1818829491536,87.78333632633685,30.0250082015991,-61.28213516235352
2026-05-09 18:21:14+00:00,ITA,ITA,24.86999976999526,22.21999975317052,0.0,19.210000272743038,15.70000037997406,12.19999971339524,-2.3256302136829747,-4.132319089371075,4.99585008773885,2.916857898263332,-1.256660465294435,2.776377811754366,3.5001737264969024,-17.16326544454754,-12.680000136563814,-19.110182863684102,44.96178131103515,68.22897720336914,1.0,110.999999673762,0.0,1133.5859375,9413.8671875,235.430828689923,68.2093048095703,236.21660097279818,-1.398000024388744,32.2771985,0.6336101823190492,2.9001484159380198,1896.986126899718,962.2220158576963,-835.4589343070986,1067.38290786743,-64.8482622,6.0,219.365295410156,5.59688901901245,12.336612701416,-553.329956054688,79.6776950359344,38.6782467365265,-2.433599987124856,-0.699530685876369,-0.742266859348022,-0.9895999980438066,59.4996643066406,553.511901855469,2.0,7.0,6.0,0.0,0.0,26050904.0,2.0,-149.1522861735968,87.7845760056712,29.98638610839845,-61.44576416015624
2026-05-09 18:21:15+00:00,ITA,ITA,24.900000009886718,23.429999866527417,0.0,21.939999904749897,20.19999999293378,18.4400002626995,-2.32504420479653,-4.13539544926193,4.994769210302696,3.3863108018061063,-1.5844850528235699,2.7642250269188944,3.496907316592388,-16.728008566103338,-6.459999917941959,-18.431894706456703,44.44781856536865,68.03844955444336,1.0,110.999999673762,0.0,1152.5,9432.78125,234.646395124126,67.8801681518555,235.54079473556038,-1.6888000454014283,32.2771005,0.9295021093579816,2.882079267874358,1896.995162963866,967.9705381393414,-369.28766518831253,1095.7603931427,-64.8484268,6.0,228.175567626953,5.59688901901245,12.336612701416,-554.227966308594,71.761292219162,38.6566817760468,-2.019199987773632,0.187388494375334,0.467315513235896,-0.4139999655435549,60.4996490478516,554.511657714844,2.0,7.0,6.0,0.0,0.0,26050904.0,2.0,-149.5356974766176,87.74268645549145,29.941577339172397,-60.966819305419925
2026-05-09 18:21:16+00:00,ITA,ITA,24.849999951577082,23.40999970659978,0.0,21.76999956989342,19.89999964307606,18.05999961464068,-2.325190520255155,-4.134663124916861,4.995129502781414,2.92974911192545,-1.86555294005915,2.7528825159623955,3.49772386570766,-16.61089677655648,-6.789999995426941,-18.972770556640853,44.395204353332545,67.97092071533203,1.0,110.999999673762,0.0,1171.375,9451.65625,234.800511512558,68.1023803710937,235.3161962590454,-0.5263999956154884,32.2770017,0.6198943727250406,2.891113795340062,1897.013235092162,1191.539144515992,-746.238124370575,1289.3605470657362,-64.8485903,6.0,239.537002563477,5.59688901901245,12.336612701416,-555.227966308594,71.4770257472992,38.6527597904205,-1.769599966655234,0.795767944560143,1.04408053905301,0.1323999887290972,61.4996337890625,555.511413574219,2.0,7.0,6.0,0.0,0.0,26050904.0,2.0,-149.60114161716902,87.6843805456417,30.1512840270996,-60.01890106201174
2026-05-09 18:21:17+00:00,ITA,ITA,24.86000037305036,21.47999964150896,0.0,17.38999972121636,12.649999896672401,7.600000069193659,-2.32563010696127,-4.134369853669369,4.996210550972298,2.97307761220853,-2.1266565578767502,2.752342247999048,3.496907316592388,-16.776836563951438,-17.22999980783318,-18.7667933956144,43.77980518341065,68.07516448974607,1.0,110.999999673762,0.0,1190.265625,9470.546875,235.520194885024,68.1790512084961,236.1799966229984,0.451999977288735,32.2769036,0.9454830337963491,2.873044740408658,1896.950006484984,1299.9554872512822,-802.8022766113282,1384.0963840484642,-64.8487543,6.0,249.933670043945,5.59688901901245,12.336612701416,-556.227966308594,71.4750647544861,38.664522767067,-2.16619998076522,-1.01354201622195,-0.468152051326664,1.2053999809508544,62.4996185302734,556.511169433594,2.0,7.0,6.0,0.0,0.0,26050904.0,2.0,-150.34503391212917,87.62289176763865,30.57854232788085,-60.33819946289062
2026-05-09 18:21:18+00:00,ITA,ITA,24.87999984995908,21.74999975147522,0.0,18.38999952137096,14.53000007420828,10.49999995067968,-2.32533736932231,-5.071151642677775,4.99585008773885,3.7780580945768434,-1.86292651887987,2.755853135987164,3.5020797334734737,-16.893566204414196,-14.360000080861251,-17.5775823290343,43.27527351379395,68.77756576538084,1.0,110.999999673762,0.0,1209.3046875,9489.5859375,234.630740330548,68.9150253295898,236.35199717875315,-0.17400000759007522,32.2768057,1.416235711666006,2.8911138419061877,1896.90487384796,1185.407829284668,-762.2764587402344,1312.531304359436,-64.8489201,6.0,262.132232666016,5.59688901901245,12.336612701416,-557.227966308594,71.4711427688599,38.6468797922134,-2.748000040611576,0.430923064718878,-0.776636051086409,-0.8377999628809656,63.4996032714844,557.510925292969,2.0,7.0,6.0,0.0,0.0,26050904.0,2.0,-151.7408896199724,87.5557680835703,31.173148155212402,-62.383017425537105
2026-05-09 18:21:19+00:00,ITA,ITA,24.86999976999526,22.49999960159116,0.0,19.559999997891442,16.1999999385419,12.510000143216791,-2.32533736932231,-5.191563608876869,4.994769210302696,3.733297559756906,-2.2574711156251848,2.774217294853844,3.507252022288514,-16.8706782405055,-12.370000048251743,-17.3619592333525,42.7829555511475,69.1116064453125,1.0,110.999999673762,0.0,1228.4921875,9508.7734375,233.857836124069,69.0905250549316,235.5995944680874,-0.2313999975671604,32.2767051,1.479885155979956,2.9724245425313716,1896.913909912108,1236.740159988404,-777.49902009964,1318.541836738586,-64.8490858,6.0,272.581298828125,5.59688901901245,12.336612701416,-558.227966308594,71.4809417724609,38.6625617742538,-2.3757999808491297,0.674478459135262,0.251944360821041,0.1424000099959736,64.4995880126953,558.510681152344,2.0,7.0,6.0,0.0,0.0,26050904.0,2.0,-152.8931425329534,87.4332139992928,31.720947074890148,-63.880793151855485
2026-05-09 18:21:20+00:00,ITA,ITA,24.900000009886718,21.62999981643782,0.0,18.140000254351243,14.019999923412438,9.710000122217936,-2.32460451136871,-5.2060658080321005,4.994769210302697,3.824609675751892,-2.2979239782016396,2.784209477411432,3.492823119600814,-16.8752554917778,-15.170000410760078,-16.4320887420105,42.22833137512205,69.61797866821288,1.0,110.999999673762,0.0,1247.7734375,9528.0546875,234.644783199482,69.6788703918457,236.388208109657,-0.5071999866795329,32.2766035,1.834547104222804,2.909182850271461,1896.977114677428,1301.7995595932002,-708.9733481407166,1412.351989746092,-64.8492518,6.0,285.264617919922,5.59688901901245,12.336612701416,-559.227966308594,71.4927077293396,38.6684447526932,-2.60700000595204,-1.05859501120441,-0.240434051326541,0.35899998881471934,65.4995727539062,559.510437011719,2.0,7.0,6.0,0.0,0.0,26050904.0,2.0,-154.1752291458294,87.27960987504835,32.2271146774292,-65.10835189819333
2026-05-09 18:21:21+00:00,ITA,ITA,24.86999976999526,22.349999768171763,0.0,19.59999997623726,16.569999994372658,13.190000287359641,-2.3248977826162003,-5.197862323952091,4.995129502781414,3.8246095903745263,-2.336275063504445,2.793391770288186,3.478122588827562,-16.74860739211176,-11.670000085690711,-15.6159255324236,41.840314865112305,70.08752334594726,1.0,110.999999673762,0.0,1267.2109375,9547.4921875,234.231228905616,70.0516914367676,236.0631949240398,-1.1536000077123767,32.2765015,1.847384957032034,2.9182173777371636,1897.004222869872,1190.8233642578139,-751.5228033065796,1358.901381492616,-64.8494195,6.0,295.935943603516,5.59688901901245,12.336612701416,-560.227966308594,71.4927077293396,38.6606007814407,-2.5702000566097505,-0.312324407022717,-0.81227256308095,-0.4807999688480685,66.4995574951172,560.510192871094,2.0,7.0,6.0,0.0,0.0,26050904.0,2.0,-155.6864877298894,87.09726431477655,32.636865234375,-66.51193908691407
2026-05-09 18:21:22+00:00,ITA,ITA,24.82999979164944,23.1500007011257,0.0,21.349999626507717,19.250000251088817,17.0600001559956,-2.325044098074825,-5.206944981444325,4.995489795260132,3.490871990687036,-2.67828461991837,2.8023040145606295,3.488467764099192,-15.86207308501566,-7.779999886372414,-15.24826584091195,41.31021080017085,70.1927503967285,1.0,110.999999673762,0.0,1286.703125,9566.984375,234.527577153324,70.2064476013184,236.06859896971122,-0.9439999969562974,32.2763982,1.7932859527910978,2.8278721962124096,1897.0764160156239,1175.0225067138658,-839.2258286476138,1337.435960769652,-64.8495872,6.0,308.702362060547,5.59688901901245,12.336612701416,-561.329956054688,71.4770257472992,38.6704057455063,-2.589799967452018,-0.671933733421756,0.863428972417053,1.0568000064745342,67.4995422363281,561.509948730469,2.0,7.0,6.0,0.0,0.0,26050904.0,2.0,-156.60262646741438,86.86829929832476,33.04793071746825,-66.80246704101566
2026-05-09 18:21:23+00:00,ITA,ITA,24.87000011150472,24.07000054458864,0.0,23.429999866527403,22.59999971821042,21.7000000346751,-2.326069373502265,-5.211339567845,4.994769210302697,3.6043857646451896,-2.4003695586758402,2.8120261485139078,3.440825913977882,-15.630139326841121,-3.1499999595906885,-15.221411244642749,40.96106185913085,70.33640625000002,1.0,110.999999673762,0.0,1306.2421875,9586.5234375,236.040409412969,70.3699996948242,237.5077963259514,-0.7060000169426233,32.2762973,1.63113117875777,2.83690672367811,1897.0583677291859,1051.935005187986,-832.3240876197815,1201.7414093017583,-64.8497573,6.0,319.55908203125,5.59688901901245,12.336612701416,-562.227966308594,71.482902765274,38.6743247509003,-2.7001999008562523,1.0518646068293,0.364608704706371,0.8341999729406915,68.4995269775391,562.509704589844,2.0,7.0,6.0,0.0,0.0,26050904.0,2.0,-157.4179980580766,86.6487975089681,33.3857774734497,-66.86089096069335
2026-05-09 18:21:24+00:00,ITA,ITA,24.8600000315409,24.11999991987936,0.0,23.3200000114538,22.190000196297998,21.410000106290642,-2.3257765291416,-5.21441592773585,4.995489795260132,3.154985613486658,-2.28846747457405,2.81688706608016,3.436742400005226,-15.1143924256324,-3.460000058574937,-15.197492775943001,40.27353744506835,69.76584365844727,1.0,110.999999673762,0.0,1325.6640625,9605.9453125,237.091958016827,69.6805046081543,238.4298008299358,-0.788599981191332,32.2761999,1.560040584852546,2.83690672367811,1896.950030326842,1090.486717224122,-762.16139793396,1222.8154897689842,-64.8499294,6.0,331.808013916016,5.59688901901245,12.336612701416,-563.329956054688,71.4750647544861,38.6586427688599,-2.382199953478796,0.154528187474139,-0.594116907960125,0.89099995948065,69.49951171875,563.509460449219,2.0,7.0,6.0,0.0,0.0,26050904.0,2.0,-158.2266186897628,86.4424916450879,33.32318630218505,-66.56753128051756
2026-05-09 18:21:25+00:00,ITA,ITA,24.8899999299229,24.650000742867,0.0,24.6300002414299,24.62000050297554,24.57999984161084,-2.3256302136829747,-5.21236494999414,4.995129502781414,3.046127509910194,-1.93542582862923,2.816347096937588,3.473222226918852,-15.137662197115722,-0.3100000029347115,-16.252960200837798,39.9370759963989,69.42759109497072,1.0,110.999999673762,0.0,1344.984375,9625.265625,237.36950958394,69.2899749755859,238.2495985830254,-1.172800021650914,32.2761051,0.9826962736164457,2.854975825175642,1897.0041990280138,1041.6629672050465,-831.3724637031553,1218.316578865052,-64.8501019,6.0,344.933013916016,5.59688901901245,12.336612701416,-564.329956054688,71.4711427688599,38.664522767067,-2.574399982619076,-0.859792750457668,0.445312512391949,-0.06720007546529816,70.4994964599609,564.509216308594,2.0,7.0,6.0,0.0,0.0,26050904.0,2.0,-158.4419991429746,86.24385949874015,33.425355720520045,-65.82323638916016
2026-05-09 18:21:26+00:00,ITA,ITA,24.89000027143236,24.650000742867,0.0,24.520000386356305,24.4700003280467,24.39000002984564,-2.325190520255155,-5.215880789869405,4.9944089178239786,3.6623960980586716,-1.726332713959105,2.7761076350840086,3.4781222046294182,-15.133847536464259,-0.48999999620428036,-16.04159487432985,39.6709665298462,69.30122634887695,1.0,110.999999673762,0.0,1364.2421875,9644.5234375,237.987887590636,69.2812408447266,238.97879504296742,-1.6088000033324579,32.2760116,1.218404426342806,2.8911138884723178,1897.004199028014,903.5107374191284,-796.406364440918,1089.1288757324219,-64.8502744,6.0,354.934722900391,5.59688901901245,12.336612701416,-565.329956054688,71.4789807796478,38.6606007814407,-2.663399994202646,1.38673885671639,-1.868882123671,0.605399996270845,71.4994812011719,565.508972167969,2.0,7.0,6.0,0.0,0.0,26050904.0,2.0,-158.3564141405986,86.0507393150526,33.53582668304445,-64.99640121459962
2026-05-09 18:21:27+00:00,ITA,ITA,24.8899999299229,24.630000582939363,0.0,24.529999783301218,24.54000020477448,24.4800004080105,-2.32533736932231,-5.194639968767724,4.994769210302697,2.864218910990516,-1.116914794875974,2.810405643444642,3.4783944730452077,-13.78420727911164,-0.40000000757362375,-17.25527423983785,39.5701377868652,69.02165725708011,1.0,110.999999673762,0.0,1383.4296875,9663.7109375,237.267767086063,68.9438232421875,238.1475938058848,-2.1309999392029857,32.275919,0.7128280770146059,2.8730447404086554,1896.995162963866,1024.07042980194,-784.7818017005923,1158.549666404724,-64.8504469,6.0,364.269897460938,5.59688901901245,12.336612701416,-566.329956054688,71.482902765274,38.6684447526932,-2.0743999971644262,0.0173083880453199,1.19302903560442,-2.106399903001444,72.4994659423828,566.508728027344,2.0,7.0,6.0,0.0,0.0,26050904.0,2.0,-157.906927587547,85.8840348879801,33.66299171447755,-63.7733776637486
2026-05-09 18:21:28+00:00,ITA,ITA,24.839999871613262,23.02000000310554,0.0,20.829999908012304,17.87000014438496,15.330000153388557,-2.325044098074825,-5.18277422263212,4.9954897952601325,2.1537732413110056,0.24797059144648148,2.809595668386444,3.4822056332247113,-14.727200783660681,-9.500000065147754,-18.82481926770825,39.95662994384765,68.91788864135742,1.0,110.999999673762,0.0,1402.5703125,9682.8515625,235.012985037259,69.0998565673828,235.32499900684738,-0.9296000051786955,32.2758239,-0.20886264781247274,2.909182896837592,1896.995162963866,1109.853005409242,-597.6498842239382,1204.122161865234,-64.8506167,6.0,373.916259765625,5.59688901901245,12.336612701416,-567.329956054688,71.4848637580872,39.629077911377,-1.963199992476294,-0.0766193879124436,0.697458096989241,-3.7689998550108923,73.4994506835938,567.508483886719,2.0,7.0,6.0,0.0,0.0,26050904.0,2.0,-157.7440603607504,85.67722359010125,33.656722640991205,-63.32864619663783
2026-05-09 18:21:29+00:00,ITA,ITA,24.160000239734597,20.8000000096303,0.0,16.83000036588458,11.909999955765539,7.399999921332535,-2.3257765291416,-5.5024082927685,4.9954897952601325,1.948231334089438,1.125322384218288,2.77205673526464,3.489828850046046,-16.31716585733792,-16.769999715346962,-20.2934149534195,41.39657707214355,69.12786346435546,1.0,110.999999673762,0.0,1421.7578125,9702.0390625,230.282614584161,69.1694000244141,230.31699775644296,0.00879999363191646,32.2757214,-1.0079700652909265,2.854975732043382,1897.004199028014,1174.49789047241,-804.4536232948302,1257.366442680356,-64.8507806,6.0,364.0810546875,5.59688901901245,12.336612701416,-568.329956054688,71.4711427688599,44.9478507041931,-2.2037998946697077,-0.214456547396308,1.30705392115591,-5.6889997974491875,74.4994354248047,568.508239746094,2.0,7.0,6.0,0.0,0.0,26050904.0,2.0,-156.4629409026606,85.39282817344031,33.0025228500366,-63.139266815185536
2026-05-09 18:21:30+00:00,ITA,ITA,20.59000003793746,15.889999679475102,0.0,10.409999743269506,3.540000015266544,-2.630000027651822,-2.3259229513219353,-6.372538961421805,4.994769210302696,1.875897325590158,2.25011831026196,2.8071647186834703,3.5282144278041523,-16.2782556356742,-23.229999974798382,-22.61925146015975,43.6045217514038,69.35709869384766,1.0,110.999999673762,0.0,1441.0,9721.28125,223.334372424534,69.3352043151855,223.2633985628304,0.9731999841369443,32.2756062,-1.6649057598402242,2.972424542531372,1897.0312833786,1039.4214391708374,-828.5640358924866,1117.816090583802,-64.8509332,6.0,348.692047119141,5.59688901901245,12.336612701416,-569.329956054688,71.4966297149658,47.1671104431152,-2.646199998391306,-0.31279544995161,0.546643731494804,-8.622799809194003,75.4994201660156,569.507995605469,2.0,7.0,6.0,0.0,0.0,26050904.0,2.0,-152.620724536021,85.0316682606975,32.61688899993895,-60.9918324279785
2026-05-09 18:21:31+00:00,ITA,ITA,20.419999703081,14.1800000075504,0.0,6.540000045388297,-2.370000018993706,-11.220000073168327,-2.3257765291416,-6.457647387348395,4.994769210302696,2.021997270403868,3.53199572725038,3.0974821654869564,3.802901712399664,-17.89645039345528,-31.65000002696786,-26.699652574102252,49.03811073303225,69.53294448852537,1.0,110.999999673762,0.0,1460.3125,9740.59375,213.427142052296,69.4307991027832,213.35079966190438,1.222799973238824,32.275474,-2.13817150976545,3.008562512695792,1897.121596336364,849.7087001800537,-769.921600818634,920.4644799232486,-64.8510662,7.0,336.111267089844,5.59688901901245,12.336612701416,-570.329956054688,71.4887857437134,52.1251559257507,-2.535000036391856,-0.454296852512734,0.592524566749013,-11.147999804787359,76.4994049072266,570.507751464844,2.0,7.0,6.0,0.0,0.0,26050904.0,2.0,-142.39910055628698,84.6656725740224,32.241729927063005,-54.63734779357908
2026-05-09 18:21:32+00:00,ITA,ITA,18.45000000115384,11.880000228138261,0.0,3.7500001043532563,-5.28000004447655,-14.819999661083259,-2.327241497996865,-6.3518840424848655,4.995129502781414,2.1605771342527142,4.403568312870496,3.148793876249312,3.816241242603426,-17.85334404507496,-33.2599995822733,-28.9426960890445,54.714442634582554,68.98510025024413,1.0,110.999999673762,0.0,5.7421875,9759.828125,199.571611547304,68.6482429504394,200.60159860999102,1.246400005712854,32.2753232,-2.1276598486328,2.999527938663962,1896.977138519286,848.7147212028503,-745.1393246650696,866.4504289627073,-64.8511665,7.0,315.371032714844,5.59688901901245,12.336612701416,-571.329956054688,71.4887857437134,52.1526038646698,-2.1268000558823443,0.70658659145411,0.00532358884433612,-14.198199558858079,0.400000005960464,571.507507324219,2.0,7.0,7.0,0.0,0.0,26050904.0,2.0,-130.6559754408134,84.31073154851896,32.0158905029297,-43.2710073852539
2026-05-09 18:21:33+00:00,ITA,ITA,18.699999951192478,11.86000006821062,0.0,3.86000004480422,-5.180000098612036,-14.599999950936061,-2.327387813455495,-6.3397254519885955,4.9954897952601325,1.632755931350928,4.400941891691215,3.157706163210438,3.845370889507792,-18.00097277832396,-33.29999921910964,-30.9376031003085,62.13669090270995,67.96123626708987,1.0,110.999999673762,0.0,24.6953125,9778.78125,187.38985987956,67.9397071838379,187.0902003561418,1.3284000125481719,32.275159,-2.77548502065248,2.9182173311710358,1897.0674276351922,990.4818415641782,-750.4788160324094,941.6328072547909,-64.8512228,7.0,298.855194091797,5.59688901901245,12.336612701416,-572.329956054688,65.1799738407135,52.2741556167603,-1.3306000164798322,0.473734236869268,0.677807269221144,-12.63259947749756,1.40000021457672,572.507263183594,2.0,7.0,7.0,0.0,0.0,26050904.0,2.0,-116.41818247062,83.96654807095825,32.304606056213345,-28.8431875991821
2026-05-09 18:21:34+00:00,ITA,ITA,18.79999972630224,11.710000064036521,0.0,3.4500000106276323,-5.680000084066682,-15.7099999476737,-2.32841351576976,-6.338407438922195,4.994769210302697,1.0343919797483732,3.539352481316715,3.12988944941928,3.852449014544676,-18.31492276503308,-34.52000009544922,-31.21212206342965,68.61128768920895,66.39348587036133,1.0,110.999999673762,0.0,43.2890625,9797.375,176.960147356572,66.0087501525879,175.9586039336652,1.3111999953924918,32.2749912,-2.885546774315432,2.9001483693718897,1896.9319820404041,1355.1510572433458,-804.6685934066772,1241.87560081482,-64.8512374,7.0,278.097778320312,5.59688901901245,12.336612701416,-573.329956054688,62.3843312263489,52.2643506526947,-1.0161999736652874,-1.95083735007857,-1.43737574478875,-8.824199889702872,2.39999985694885,573.507019042969,2.0,7.0,7.0,0.0,0.0,26050904.0,2.0,-103.03541443733393,83.63283185830059,33.10125732421875,-12.241513924598701
2026-05-09 18:21:35+00:00,ITA,ITA,18.700000292701958,13.51999985258046,0.0,7.579999994643396,0.5499999743951572,-6.499999896287759,-2.32768108470298,-6.358183184446904,4.995129502781414,1.012548623904107,3.1437549682221597,3.1036937102728963,3.871777852254258,-17.68053821001688,-25.210000098198798,-30.34028768946525,75.1230903625488,66.46517440795897,1.0,110.999999673762,0.0,61.7109375,9815.796875,169.665368719215,66.5303329467773,167.3505957528924,1.3383999751181115,32.2748256,-3.7767590779740736,2.9362864792346963,1896.8235969543439,1358.236169815064,-815.7194852828981,1359.857726097104,-64.8512204,7.0,261.150360107422,5.59688901901245,12.336612701416,-574.329956054688,62.1020257472992,44.0323084592819,-1.6935999821849979,1.64436814940228,2.16391342553017,-8.933799666445854,3.39999890327454,574.506774902344,2.0,7.0,7.0,0.0,0.0,26050904.0,2.0,-92.07106066083644,83.30928579731705,33.674958229064956,1.4737317180633542
2026-05-09 18:21:36+00:00,ITA,ITA,18.7399999295383,12.43999992497956,0.0,5.200000002407574,-3.0200000139585685,-11.77999994076431,-2.328852675589045,-6.66536560628294,4.995489795260132,1.0827337214883688,2.0163325676383552,3.08154852943642,3.893284581158068,-17.7026632417953,-30.54000105475858,-28.211201611956398,78.77240867614745,65.76826217651366,1.0,110.999999673762,0.0,80.03125,9834.1171875,161.863585139768,65.6546676635742,160.54439967139598,2.102600098011434,32.2746638,-2.786978051902816,2.9453208670020117,1896.9590663909898,1391.578340530396,-819.4975018501282,1337.3853921890282,-64.8511774,7.0,242.521484375,5.59688901901245,12.336612701416,-575.329956054688,62.0863378047943,37.5548928976059,-1.76679995194933,-1.79169586340798,-0.500659162742576,-5.321599653125972,4.3999981880188,575.506530761719,2.0,7.0,7.0,0.0,0.0,26050904.0,2.0,-83.45102451693535,83.0199145878457,34.11261749267575,11.963102989196774
2026-05-09 18:21:37+00:00,ITA,ITA,18.68999987122868,13.659999947545481,0.0,7.700000015058171,0.880000035871878,-5.950000023278223,-2.327973929063645,-7.21893835124731,4.995129502781415,2.2099932540769798,1.2036018482744861,2.955699220393808,3.76369975628101,-17.820919088028138,-24.659999798302444,-26.297010361209047,81.28676376342776,65.6503939819336,1.0,110.999999673762,0.0,98.3125,9852.3984375,155.057738763957,65.3971755981445,154.5977965573242,2.323599961296532,32.2745088,-1.9602222861302638,2.945321006700398,1897.02227115631,1244.566178321838,-806.841576099396,1175.023984909058,-64.8511111,7.0,229.835113525391,5.59688901901245,12.336612701416,-576.227966308594,62.0882987976074,33.0105096101761,-1.7675999378558678,1.76058424501687,1.23577876273271,-5.580599743433934,5.39999723434448,576.506286621094,2.0,7.0,7.0,0.0,0.0,26050904.0,2.0,-77.61197092757232,82.83363825370655,34.3754413604736,18.98180694580078
2026-05-09 18:21:38+00:00,ITA,ITA,18.859999864575702,12.9800001449121,0.0,6.319999908354279,-1.0100000081844258,-8.910000043037668,-2.32826720031113,-8.084673793169715,4.994769210302696,1.9349820264157418,-0.4244890248531994,2.9565095369614682,3.7822116179884957,-18.033398076880264,-27.75000060145938,-24.81949700976275,80.98611259460445,64.47564926147462,1.0,110.999999673762,0.0,116.3125,9870.3984375,152.531866506995,64.1725845336914,152.3471973163672,1.1617999593039243,32.2743619,-0.5869846021474939,3.0085625592619203,1897.0222473144524,1455.032420158388,-827.5779366493227,1360.00623703003,-64.8510278,7.0,212.767532348633,5.59688901901245,12.336612701416,-577.227966308594,62.0922207832336,32.9712986946106,-1.3503999985039292,-2.75306313177726,-3.90179422846762,0.4033999410063018,6.39999628067017,577.506042480469,2.0,7.0,7.0,0.0,0.0,26050904.0,2.0,-74.74989490305651,82.65690710893244,34.5166259765625,22.118104934692376
2026-05-09 18:21:39+00:00,ITA,ITA,18.829999966193718,16.49000003768104,0.0,13.840000191611063,11.220000158545698,8.98999989300757,-2.3269486536362,-8.118366689458561,4.994408917823978,2.9215130136921563,-0.690321910008326,2.9316637420158522,3.7835731308221705,-17.03547294668606,-9.840000051841795,-24.0212220656121,81.7260623931885,64.60105545043946,1.0,110.999999673762,0.0,134.2421875,9888.328125,151.094753724489,64.6076431274414,151.414799996542,-0.8774000016343523,32.2742185,-0.23222452946602798,3.05373501032591,1897.0493555068958,1171.2722659111041,-792.6194190979002,1294.856905937194,-64.85094,7.0,199.08723449707,5.59688901901245,12.336612701416,-578.227966308594,62.0667338371277,32.894840836525,-2.931800046978478,1.00697478933498,2.02686482606022,-3.173799967197008,7.39999532699585,578.505798339844,2.0,7.0,7.0,0.0,0.0,26050904.0,2.0,-72.99182743333844,82.51763272156674,34.58343658447265,24.25889877319336
2026-05-09 18:21:40+00:00,ITA,ITA,18.799999726302282,16.070000094295402,0.0,12.889999766747206,9.560000032666437,5.8500000027085175,-2.32738781345549,-8.125397515435445,4.995129502781414,2.381875049917714,-1.677474022948475,2.9249121427099785,3.7830286793679564,-17.808712173943498,-12.940000081188895,-23.259034425941152,81.61590042114256,63.387799530029305,1.0,110.999999673762,0.0,151.9921875,9906.078125,148.55157376817,62.9983245849609,148.883400750503,1.468200025659217,32.2740791,0.009872186672639288,2.9724244493991145,1897.0945119857781,1014.3751502037039,-766.67058467865,1071.17578983307,-64.8508458,7.0,182.711227416992,5.59688901901245,12.336612701416,-579.227966308594,62.0608508586884,32.8477889299393,-1.8318000234829679,0.396130134447686,0.872209447399369,-0.356800021568644,8.39999580383301,579.505554199219,2.0,7.0,7.0,0.0,0.0,26050904.0,2.0,-70.2820072537249,82.38723074993285,34.216424560546855,27.32815235137938
2026-05-09 18:21:41+00:00,ITA,ITA,18.8599998645757,15.83000022422054,0.0,12.620000169045117,9.109999934766693,5.809999971001868,-2.32812024452227,-8.130963692722185,4.9944089178239786,3.3436985322348662,-1.4935980200548848,2.933014070414764,3.8067129579565284,-18.23328800256362,-13.049999850885154,-22.65387795793075,81.16331176757811,62.533280181884756,1.0,110.999999673762,0.0,169.3828125,9923.46875,149.888596958578,62.5377433776856,149.41080336953058,1.9099999905405263,32.2739442,0.04883501480020076,2.882079314440488,1897.004222869872,1140.8541917800899,-787.660586833954,1104.1218042373641,-64.8507504,7.0,169.061248779297,5.59688901901245,12.336612701416,-580.227966308594,62.072616815567,32.843866944313,-2.507799960616702,0.365854573899664,1.07753555265968,-0.23420000960502377,9.39999961853027,580.505310058594,2.0,7.0,7.0,0.0,0.0,26050904.0,2.0,-68.39723157867608,82.30375559299155,33.7271089553833,30.55818740844726
2026-05-09 18:21:42+00:00,ITA,ITA,18.799999726302257,16.1600001309508,0.0,13.10999981840384,9.949999992292742,6.059999910368345,-2.32812024452227,-8.127595128800895,4.994769210302696,2.497895802122044,-1.87921241126468,2.902767004562186,3.81869140221344,-18.176067751282357,-12.730000365628175,-22.47535047340495,80.7113342285156,61.2830470275879,1.0,110.999999673762,0.0,186.578125,9940.6640625,149.24299381785,60.6901313781738,149.1207962694476,2.8925999264731597,32.2738101,-0.11185540802974163,2.9001483693718897,1897.0493555068963,1233.820509910584,-794.3360328674318,1203.372287750242,-64.8506573,7.0,156.144653320312,5.59688901901245,12.336612701416,-581.227966308594,62.0490908622742,32.8223019838333,-1.3231999974339719,-0.0660313340487743,-0.624055494722142,0.8125999839402656,10.4000034332275,581.505065917969,2.0,7.0,7.0,0.0,0.0,26050904.0,2.0,-66.53397373158842,82.2801026478958,33.30937099456785,32.3116884613037
2026-05-09 18:21:43+00:00,ITA,ITA,18.789999646338437,14.960000097557758,0.0,10.70000001316342,5.639999934966154,0.6300000111280448,-2.32768108470298,-8.124957822007625,4.99404862534526,3.0908884289282716,-1.7962045353121252,2.888453574760142,3.835025970368256,-18.34162607261216,-18.16000007276938,-21.31640824390545,80.2282344818115,60.401707305908204,1.0,110.999999673762,0.0,203.34375,9957.4296875,150.384304767781,60.5749053955078,150.4423996247856,2.5151999583182216,32.2736794,0.38360162083926774,2.963390015065672,1897.0854759216297,1236.916422843932,-800.8860945701597,1211.1303806304938,-64.8505666,7.0,141.380737304688,5.59688901901245,12.336612701416,-582.227966308594,62.0490908622742,31.591123342514,-2.2143999000303998,-0.342814504879786,0.334921981169998,0.7064000285721909,11.4000072479248,582.504821777344,2.0,7.0,7.0,0.0,0.0,26050904.0,2.0,-64.22038512006785,82.34190561460065,33.05060691833495,34.475362701416024
2026-05-09 18:21:44+00:00,ITA,ITA,18.84000004615752,13.45999988506174,0.0,7.279999986295124,-0.12000003108694704,-7.2600000184665685,-2.32738781345549,-8.115289689237471,4.994769210302697,3.441455913551452,-0.915701877558615,2.839302380898308,3.9131581264539586,-18.207348993152678,-26.100000384789176,-21.397865933720652,81.1056301116943,60.55151000976559,1.0,110.999999673762,0.0,220.1796875,9974.265625,150.424725827289,60.4295768737793,150.4855937410968,1.9127999839020902,32.2735472,-0.165601015348171,2.8911137953400603,1897.0674037933343,1196.8612909317021,-785.466730594635,1179.1849613189681,-64.8504789,7.0,128.700988769531,5.59688901901245,12.336612701416,-583.329956054688,62.045168876648,28.8464546203613,-2.2166000106837678,0.329081449058123,-2.74775906299992,0.055599983667767874,12.4000110626221,583.504577636719,2.0,7.0,7.0,0.0,0.0,26050904.0,2.0,-62.9938265791061,82.4828841341643,32.981719207763646,35.65697593688966
2026-05-09 18:21:45+00:00,ITA,ITA,18.759999747956478,14.290000033378721,0.0,9.239999949767915,3.699999960666272,-2.18999994568286,-2.3281207781308,-8.11016277849173,4.9944089178239786,3.25274427546371,0.08510970658705949,2.8257993957299723,3.918330714089774,-18.155850391339158,-20.970000002977336,-21.2450583802882,81.45922508239745,60.728908996582014,1.0,110.999999673762,0.0,237.0234375,9991.109375,149.436452095902,60.8080009460449,149.3167981099456,-0.2593999985508815,32.2734154,-0.39964514856375116,2.8730448335409156,1896.977114677428,1206.7583322525002,-770.5354332923891,1257.393693923952,-64.8503903,7.0,113.842842102051,5.59688901901245,12.336612701416,-584.227966308594,62.0608508586884,28.8503766059876,-1.74420000858018,0.994459534897989,-0.691025819699234,-2.6393999260866643,13.4000148773193,584.504333496094,2.0,7.0,7.0,0.0,0.0,26050904.0,2.0,-62.483170217885764,82.6428300890531,32.9151798248291,33.74543312072754
2026-05-09 18:21:46+00:00,ITA,ITA,18.860000206085157,15.6200002525277,0.0,12.019999981593877,8.259999968031527,4.51000001308865,-1.6759625234294901,-8.104156907777174,4.9944089178239786,2.525468123206962,0.47177315882446796,3.0529217552097,4.0860286775544195,-18.275250294257958,-14.330000011724536,-21.8589720045882,81.86946144104,60.569740447998015,1.0,110.999999673762,0.0,253.875,10007.9609375,147.58323052878,60.5747955322266,146.5963993333456,-1.642600005525232,32.2732851,-1.2815458539928948,2.9453208670020103,1897.040319442748,1308.201670646668,-772.7509021759031,1370.560479164124,-64.8502979,7.0,101.223846435547,5.59688901901245,12.336612701416,-585.329956054688,62.0647728443146,28.8444936275482,-1.420799985578866,-0.564836420596809,-0.863715787001341,-2.745599912137228,14.4000186920166,585.504089355469,2.0,7.0,7.0,0.0,0.0,26050904.0,2.0,-62.13370358900208,82.73852786951414,32.89376850128175,31.61252197265626
2026-05-09 18:21:47+00:00,ITA,ITA,18.879999682993876,18.220000211042837,0.0,17.600000034418677,16.229999666169142,16.60999997271848,0.5562005001649745,-8.111188160640879,0.9608505965750787,2.47784245209625,-1.013419179538591,3.136101250337312,4.130676001988862,-18.3900722628856,-2.2699999717435784,-21.285877298315448,81.06306495666504,59.3484356689453,1.0,110.999999673762,0.0,267.2421875,10021.328125,143.028259333569,58.8309768676758,143.4399995291914,-0.9850000057100413,32.2731599,-0.4855833549293493,767.719264235346,1896.977138519286,1364.0392541885399,-797.9917287826538,1435.28161048889,-64.8501994,99.0,87.043083190918,5.59688901901245,12.336612701416,-586.329956054688,62.0628118515015,28.7072628736496,-1.46499997531136,0.226271120473991,1.9499739714788,-3.8261998718567183,0.0,586.303894042969,3.0,7.0,8.0,0.0,0.0,26050904.0,2.0,-60.50976327609118,82.76756300367586,32.905807113647455,32.36351440429688
2026-05-09 18:21:48+00:00,ITA,ITA,18.8599998645757,18.6000001760827,0.0,18.619999652991417,18.4900003210091,18.58000001615506,0.5828609429709285,-8.124226137992789,-0.8694736044551495,2.580971862572414,-1.4337072395133645,3.1350208424766643,4.129042391494126,-18.79900764132532,-0.26999999790848095,-19.808190630819,80.18427200317379,56.58603813171386,1.0,110.999999673762,0.0,267.2421875,10021.328125,138.837487485281,56.018497467041,139.2727972976914,0.6715999826312655,32.2730461,0.023371154435766418,1650.7386922836322,1897.0944881439202,1310.222244262696,-829.5110106468201,1355.262160301208,-64.8500932,99.0,76.3143081665039,5.59688901901245,12.336612701416,-587.329956054688,62.045168876648,28.6464869976044,-2.134799936292064,-1.06726785734644,0.873667692787167,-4.132199859881376,0.0,586.303894042969,3.0,7.0,8.0,0.0,0.0,26050904.0,2.0,-55.225506828478615,82.7861411182183,32.9488082885742,35.59049491882324
2026-05-09 18:21:49+00:00,ITA,ITA,18.839999704648058,18.590000096118878,0.0,18.48000058255478,18.3800004659355,18.31999964464314,0.2280702483302675,-8.12012418250937,0.4175182048229198,3.5406462258672198,-0.198060037963458,3.1063941963159882,4.17913405971599,-18.89361259151916,-0.5300000012305109,-18.7766024010362,79.28139152526856,53.93737930297853,1.0,110.999999673762,0.0,267.2421875,10021.328125,133.988763514246,53.2384346008301,134.9719992981012,0.6578000069639927,32.2729441,-0.13505450773247912,1874.228739738464,1897.0493555068963,1072.6266503334057,-832.3392629623411,1142.5460338592543,-64.8499832,99.0,63.8159523010254,5.59688901901245,12.336612701416,-588.329956054688,62.0275259017944,28.6288440227509,-2.713400052512264,-0.0191688692097346,-0.65625444721261,-4.624399854681231,0.0,586.303894042969,3.0,7.0,8.0,0.0,0.0,26050904.0,2.0,-50.09641247126012,82.83562925384965,32.97563037872315,39.00006820678713
2026-05-09 18:21:50+00:00,ITA,ITA,14.910000039248166,14.649999838490942,0.0,14.57000013793147,13.94000005209821,14.04000008334009,-0.3001599201522035,-8.11719445824226,1.8760127024262772,3.366257835978454,0.8059044121959056,4.183673488815744,3.083378080982974,-17.14342955066948,-0.8700000092689155,-17.92579732575265,77.64770050048826,50.5853187561035,1.0,110.999999673762,0.0,267.2421875,10021.328125,130.457856241672,49.6656188964844,130.78959579758438,0.40679999716894344,32.2728545,-0.3460889442586366,1903.808164596554,1897.0493555068958,1064.5108699798577,-653.0697226524355,1051.2633085250884,-64.8498705,99.0,57.0717544555664,5.59688901901245,12.336612701416,-589.329956054688,61.8589222431183,34.4906687736511,-1.176600000063692,2.7884597333772,-0.281825077738098,-3.9095998540284738,0.0,586.303894042969,3.0,7.0,8.0,0.0,0.0,26050904.0,2.0,-45.438689959231745,82.9084766364424,33.002028465270996,39.6362892150879
2026-05-09 18:21:51+00:00,ITA,ITA,2.11000001033559,1.8900000440563058,0.0,1.979999995334364,1.679999986986104,1.8800000494698537,-0.3285784696587755,-8.11235996497036,-0.3286631506642702,1.7136838973073263,3.11275871599499,4.463998112731407,2.8304694095089182,-10.29414078117114,-0.23000001422659144,-16.10418843543115,75.14497032165525,46.436467895507796,1.0,110.999999673762,0.0,267.2421875,10021.328125,124.883820822295,45.6345874786377,125.79539972553042,-1.7649999729874495,32.2727784,-0.1142376419420672,1903.934669494626,1897.103548049926,1408.372735977172,-666.8913006782534,1273.53219985962,-64.8497592,99.0,51.2899703979492,5.59688901901245,12.336612701416,-590.329956054688,61.7491364479065,38.1449967622757,-0.0033999998836160006,-0.189828499415042,-2.67327883830869,-6.3199999937316464,0.0,586.303894042969,3.0,7.0,8.0,0.0,0.0,26050904.0,2.0,-38.67812978667486,82.99938645429525,32.9640586853027,38.88886390686036
2026-05-09 18:21:52+00:00,ITA,ITA,-2.449999997029656,-2.4899999753754622,0.0,-2.5299999537212683,-2.4499999970296558,-2.639999979549594,-0.3382463489648775,-8.113092502758844,0.22223548852865407,0.39914436629752104,5.072877759547085,4.611452163892416,2.66630999629853,1.1877167172392251,-0.18999999852819024,-13.345947166489399,74.17139625549315,43.48845291137694,1.0,110.999999673762,0.0,267.2421875,10021.328125,116.630766644385,43.0268692016602,117.44200050644818,-2.46300002414299,32.2727175,-1.2056769984825522,1904.043078422544,1897.0945119857781,1351.6665935516342,-743.868899345398,1295.184350013732,-64.8496483,99.0,48.240104675293,5.59688901901245,12.336612701416,-591.329956054688,61.4393830299378,38.0999058485031,-0.7983999899733195,-0.121965340647382,1.8987161765222,-10.727799736859016,0.0,586.303894042969,3.0,7.0,8.0,0.0,0.0,26050904.0,2.0,-28.99258447376124,83.10071572572696,32.81433391571045,38.979868469238255
2026-05-09 18:21:53+00:00,ITA,ITA,-3.5499999991808195,-3.7400000243894396,0.0,-3.6399999504588876,-3.71000004063009,-3.5499999138034597,-0.3448381351843875,-8.11543653830463,0.949681380324428,0.2938669200243268,5.768453552450605,4.719477411276959,2.556598503273954,6.6286190177935485,0.029999999767608997,-10.292957621652155,72.33501091003416,40.65653594970702,1.0,110.999999673762,0.0,267.2421875,10021.328125,105.402973837638,40.011372756958,106.23079959523321,-1.569599968204508,32.2726757,-1.3381951228038642,1903.9617776870703,1897.21188545227,1037.829005718232,-733.842921257019,1025.5268096923821,-64.8495348,99.0,48.0129928588867,5.59688901901245,12.336612701416,-592.329956054688,61.2590193748474,38.0959838628769,-0.9145999706103366,-0.0641846950231048,0.625287116567712,-10.81519952049743,0.0,586.303894042969,3.0,7.0,8.0,0.0,0.0,26050904.0,2.0,-21.20520712931158,83.19888944976215,32.6772708892822,38.25963775634764
2026-05-09 18:21:54+00:00,ITA,ITA,-12.339999979115037,-12.390000037424638,0.0,-12.14000008738602,-12.220000044077619,-12.129999836667462,-0.34542417075125953,-8.115582533598136,1.7117159917414018,0.46646489588409257,5.773708315799875,4.857749297627262,2.430280216367456,17.026340642256297,0.2200000036318836,-5.00979071727826,70.1283931732178,37.619251556396485,1.0,110.999999673762,0.0,267.2421875,10021.328125,95.706755329618,36.9362411499023,96.65000035588335,-1.358399974963182,32.2726543,-0.7279923402799066,1903.8623809814421,1897.1757888793938,819.5850372314453,-783.8299512863158,738.1369829177856,-64.8494225,99.0,47.4232482910156,5.59688901901245,12.336612701416,-593.329956054688,61.2433314323425,38.1312727928162,-0.013599998950829462,1.34777860391699,-0.359690728380124,-8.579999624043225,0.0,586.303894042969,3.0,7.0,8.0,0.0,0.0,26050904.0,2.0,-8.76021940532976,83.29398958867085,32.6187961578369,36.66861213684079
2026-05-09 18:21:55+00:00,ITA,ITA,1.9099999905405263,1.8900000440563063,0.0,1.970000043436596,1.970000000747914,1.669999992399654,-0.348207953085716,-8.11880595599956,1.474998646548658,-0.3206113741570732,5.688600530203515,4.995481001391582,2.288716520346668,9.789858864748458,-0.22000000363188463,2.0773512898882784,67.35975952148436,34.6322467803955,1.0,110.999999673762,0.0,267.2421875,10021.328125,86.0845760722008,34.1037322998047,87.92680240079618,-1.4917999941002198,32.2726495,-0.18621958353810208,1903.7720203399617,1897.1035003662098,849.3100881576538,-762.6123547554016,659.0648889541626,-64.8493166,99.0,48.6473159790039,5.59688901901245,12.336612701416,-594.329956054688,61.4413440227508,38.9291882514954,0.9324000092124303,0.211061743275614,-1.9040710448315,-8.665999560411233,0.0,586.303894042969,3.0,7.0,8.0,0.0,0.0,26050904.0,2.0,5.183510858534109,83.38612542547969,32.634705734252904,34.504935150146466
2026-05-09 18:21:56+00:00,ITA,ITA,-0.060000010207391874,-0.23999999814087208,0.0,-0.11999997772609809,-0.350000066657878,-0.10999998313964596,-0.3441057174578225,-8.121882102447,1.4087035498040459,-0.5336733890239349,5.09494396632128,5.108637343012732,2.177099404543656,11.14750990946915,-0.05999999953521799,6.377838334444085,64.8453701019287,32.20439735412599,1.0,110.999999673762,0.0,267.2421875,10021.328125,77.4416751870342,31.6532695770264,79.94139874777812,-2.877199941640216,32.2726587,0.8136699717603667,1903.7810564041101,1897.139644622802,721.282935142517,588.2006354629993,562.259155511856,-64.8492191,99.0,51.6658592224121,5.59688901901245,12.336612701416,-595.329956054688,61.4413440227508,49.0079998970032,1.208399970789052,-0.199515508586905,-1.55737939374152,-7.024599832566585,0.0,586.303894042969,3.0,7.0,8.0,0.0,0.0,26050904.0,2.0,12.26216655842816,83.47538233755344,32.8118757247925,31.61604995727538
2026-05-09 18:21:57+00:00,ITA,ITA,-5.0399999182696344,-5.079999981992802,0.0,-5.019999843719364,-5.049999912856083,-5.079999981992801,-0.3361954646046615,-8.127302284440235,1.288003072145542,-0.9415349923570112,3.3927764082848304,5.2034292696351105,2.083449570927872,16.67195491113236,-0.04999999961268166,9.695527805140319,62.7092571258545,29.864382247924816,1.0,110.999999673762,0.0,267.2421875,10021.328125,72.279151834961,29.3747772216797,74.26759885330792,-3.690799951986358,32.2726775,1.1657079587592545,1903.8262367248503,1897.0854759216302,536.4154696464536,-274.03476089239103,400.42020082473744,-64.8491306,99.0,55.2640342712402,5.59688901901245,12.336612701416,-596.329956054688,79.3365716934204,49.0628927946091,0.41919999616575376,-1.09806219210627,1.07198452985516,-4.351999915061393,0.0,586.303894042969,3.0,7.0,8.0,0.0,0.0,26050904.0,2.0,17.432260833686918,83.5929879497773,33.362939643859846,28.644321670532218
2026-05-09 18:21:58+00:00,ITA,ITA,-4.94999988161421,-4.94999988161421,0.0,-4.94999988161421,-4.97999986537356,-4.939999887027758,-0.3312153762456495,-8.129645893099195,1.392489897341882,-0.5501455481379284,1.7242336580889401,5.291469383508198,1.995516819090798,17.00764812204528,0.02999999976760902,11.40354894201715,60.246094894409154,27.50089588165282,1.0,110.999999673762,0.0,267.2421875,10021.328125,68.9730329181621,27.0214370727539,71.06700089503445,-2.353799984221202,32.2727,1.0397683951700611,1903.817200660702,1896.977138519286,264.0655636787414,-797.757291793823,164.7313430905341,-64.8490504,99.0,59.8045387268066,5.59688901901245,12.336612701416,-597.329956054688,100.0,49.0432858467102,-0.130799999406992,0.438000928287583,1.2521779402082,-2.0905999358873997,0.0,586.303894042969,3.0,7.0,8.0,0.0,0.0,26050904.0,2.0,20.40186179423052,83.8217378152702,33.43312339782715,25.80787044525146
2026-05-09 18:21:59+00:00,ITA,ITA,-4.95999987620066,-4.94999988161421,0.0,-4.929999892441306,-5.029999838305816,-4.929999892441306,-0.330482958519085,-8.12627732917791,1.595338831728446,-0.5300926463432996,-1.57135102593646,5.381400435253006,1.907311756149254,16.934406296027937,0.03999999969014536,15.73666876279745,57.03596363067625,24.95427841186522,1.0,110.999999673762,0.0,267.2421875,10021.328125,70.5326724641887,24.3959381103516,71.48679934783962,-1.46539998960897,32.272723,1.573606727926368,1903.925633430478,1896.968102455138,234.3696385622026,-834.7811698913574,71.43778242170808,-64.8489781,99.0,64.5203857421875,5.59688901901245,12.336612701416,-598.329956054688,100.0,60.1591885089874,0.2957999969615727,0.273579358543026,0.0616822711257282,1.907800029297546,0.0,586.303894042969,3.0,7.0,8.0,0.0,0.0,26050904.0,2.0,26.50517574409084,84.1309029129562,33.27766685485835,22.564655914306663
2026-05-09 18:22:00+00:00,ITA,ITA,-4.97999986537356,-4.94999988161421,0.0,-4.8699999249226,-5.009999849132915,-4.89999990868195,-0.3323869671317185,-8.12583763575009,1.5730002284724138,-0.5293764369758004,-0.1954326562888245,5.4834838449464645,1.8022282285515523,16.84285307435526,0.07999999938029065,15.98999877156595,54.64506740570065,22.65756729125976,1.0,110.999999673762,0.0,267.2421875,10021.328125,71.3284578043869,22.1664636611938,72.64140047985742,-0.9767999954215572,32.2727427,1.5032828440998258,1903.880453109738,1897.112584114074,191.3676500320434,-856.5358161926267,93.56679469346999,-64.8489121,99.0,68.206413269043,5.59688901901245,12.336612701416,-599.329956054688,100.0,60.1631104946136,0.2821999817523585,1.26698621721561,0.0703202726308258,0.6985999818885055,0.0,586.303894042969,3.0,7.0,8.0,0.0,0.0,26050904.0,2.0,25.718959498919823,84.5862067381239,33.0709264755249,20.0656507873535
2026-05-09 18:22:01+00:00,ITA,ITA,-4.96999987078711,-4.939999887027758,0.0,-4.8399999411632475,-5.009999849132914,-4.879999919509051,-0.33268022503899297,-8.124811399827294,1.531565953089586,-0.5379705651876512,1.388528846526605,5.581786915689048,1.6966002921883159,17.47266037809916,0.08999999930282697,15.041087420365251,52.453282928466805,20.40325721740722,1.0,110.999999673762,0.0,267.2421875,10021.328125,71.1221587706958,20.0098766326904,72.61179843999456,-0.9865999935313727,32.2727599,1.353113942154123,1903.9708137512182,1897.0945119857781,201.6768485307694,-859.9189996719363,15.376994945108882,-64.8488523,99.0,71.9171371459961,5.59688901901245,12.336612701416,-600.329956054688,100.0,60.0337207317352,0.37079999638059513,-0.641816494524261,0.335100339820786,-0.7841999726609998,0.0,586.303894042969,3.0,7.0,8.0,0.0,0.0,26050904.0,2.0,23.4063175516182,84.98083116270516,32.907473945617696,18.77566566467284
2026-05-09 18:22:02+00:00,ITA,ITA,-4.95999987620066,-4.939999887027758,0.0,-4.79999996281744,-4.98999985996001,-4.8499999357497,-0.333266260605865,-8.124079288925628,1.532286345947952,-0.5422675332440416,2.115625375480355,5.718978522244745,1.56510937495732,18.158542851909978,0.11999999907043599,14.6642556385719,50.9078498840332,18.80401863098146,1.0,110.999999673762,0.0,267.2421875,10021.328125,69.3412825672634,18.5045110702515,71.64620093665154,-0.9628000072693922,32.272776,1.8667987238750758,1903.8985252380342,1897.2661018371577,127.3235395550726,-860.0757718086245,19.71373097039759,-64.8487981,99.0,74.5003890991211,5.59688901901245,12.336612701416,-601.227966308594,100.0,60.0572466850281,0.21359999364962085,0.992796810721914,-0.608284961454553,-1.1191999307123375,0.0,586.303894042969,3.0,7.0,8.0,0.0,0.0,26050904.0,2.0,22.03134104904888,85.28488044870285,32.75697498321535,17.543828430175783
2026-05-09 18:22:03+00:00,ITA,ITA,-4.98999985996001,-4.909999903268402,0.0,-4.839999941163241,-4.919999897854853,-4.8299999465767955,-0.331508153905248,-8.12378687145179,1.5239994054940222,-0.5386866785056154,5.51995846384085,5.775421583375806,1.50902867670607,18.33630740430546,0.1599999987605814,15.037536575770499,49.24627075195315,17.4459910583496,1.0,110.999999673762,0.0,267.2421875,10021.328125,67.7560093212818,17.2080711364746,69.70000137039676,-1.363200018468456,32.2727921,1.484754675315692,1903.889489173886,1897.880196571352,176.1107414960864,-835.8176350593567,51.40148252248764,-64.8487485,99.0,77.2634735107422,5.59688901901245,12.336612701416,-602.227966308594,100.0,60.1474285125732,0.27499999253366403,-1.47114174544606,-0.0353456453204875,-3.292000040666418,0.0,586.303894042969,3.0,7.0,8.0,0.0,0.0,26050904.0,2.0,22.333721036813397,85.52941146627305,32.50510482788085,16.25914695739744
2026-05-09 18:22:04+00:00,ITA,ITA,-4.99999985454646,-4.89999990868195,0.0,-4.99999985454646,-4.89999990868195,-4.79999996281744,-0.331801411812522,-8.123639595497814,1.4512190868211658,-0.5394028878731145,4.29324346885845,5.848608597125056,1.4279018028344361,18.37521728445972,0.199999998450727,15.5721047462561,47.759465217590346,16.78692844390868,1.0,110.999999673762,0.0,267.2421875,10021.328125,62.0122300406512,16.6151458740234,65.65099966059715,-1.7254000196114259,32.2728096,2.717902854722594,1903.9708137512177,1897.8350162506117,109.57147330045704,-799.6421337127688,-31.388456746935837,-64.8487027,99.0,80.3898544311524,5.59688901901245,12.336612701416,-603.227966308594,100.0,60.1552724838257,0.06260000309025462,1.14183591400153,-0.560300694740244,-3.234399881456936,0.0,586.303894042969,3.0,7.0,8.0,0.0,0.0,26050904.0,2.0,22.427509437891995,85.6851944208627,31.5682954788208,15.53295238494874
2026-05-09 18:22:05+00:00,ITA,ITA,-4.99999985454646,-4.89999990868195,0.0,-4.939999887027758,-4.659999953229759,-4.700000016952928,-0.33033609611171655,-8.125691213569755,1.494815053043276,-0.5440580566627895,2.80017083976113,5.619595257084926,1.0650092631983115,18.418323291330616,0.29999999767609,16.2849246323798,46.86216373443605,16.39251926422122,1.0,110.999999673762,0.0,267.2421875,10021.328125,59.3304177347482,16.5095964431763,63.187799853420984,-1.840999882752492,32.2728294,3.2766533953420245,1904.0430545806862,1897.898221015932,91.3721360266209,-704.4605851173402,-17.52965971827504,-64.8486603,99.0,83.326286315918,5.59688901901245,12.336612701416,-604.227966308594,100.0,60.1513504981995,-0.37220000906963335,-0.958993884354404,0.323396997440954,-2.2697999699308578,0.0,586.303894042969,3.0,7.0,8.0,0.0,0.0,26050904.0,2.0,23.119613872527204,85.73333700922751,31.1154579162598,14.9795686340332
2026-05-09 18:22:06+00:00,ITA,ITA,-4.99999985454646,-4.879999919509051,0.0,-4.8899999140955,-4.98999985996001,-4.94999988161421,-0.330190180859487,-8.129792315279524,1.551742353242148,-0.15875568637017162,1.580286033948745,5.271215055166079,0.7241677758541578,18.369495293482558,0.0499999996126817,16.7750675449564,46.556453704834,16.52760818481446,1.0,110.999999673762,0.0,267.2421875,10021.328125,58.0875965133727,16.4678844451904,61.62600060157884,-2.113999897179598,32.2728506,3.269000040310978,1904.5670747756958,1878.030490875246,89.34911414980881,-687.0002269744872,-33.111888170242324,-64.8486188,99.0,86.5083160400391,5.59688901901245,12.336612701416,-605.227966308594,100.0,60.1748764514923,-0.07460000112966811,-1.22048223392135,-0.482292357177588,-1.2879999451995636,0.0,586.303894042969,3.0,7.0,8.0,0.0,0.0,26050904.0,2.0,24.042698229419365,85.73688529250136,30.7471361160278,14.80583393096924
2026-05-09 18:22:07+00:00,ITA,ITA,-5.04999982747872,-4.8499999357497,0.0,-4.789999968230988,-4.929999892441306,-4.94999988161421,-0.329164505225648,-8.13506607509242,1.57696344573831,1.2030510788952862,0.2889480512378152,5.302001705963086,0.7070169040439912,18.456088773289416,0.0999999992253633,17.688914412505497,46.68498344421385,17.10710952758788,1.0,110.999999673762,0.0,267.2421875,10021.328125,56.8266104038996,17.2737865447998,60.683000096085856,-2.3594000136330138,32.272873,3.6951845919240496,1904.440569877624,1713.4807825088478,30.37087612319737,-588.0274176597596,-23.976390808820717,-64.8485773,99.0,90.1582183837891,5.59688901901245,12.336612701416,-606.227966308594,100.0,60.1670324802399,-0.502200005394563,1.10982420474385,-0.0767337001995488,-0.3941999766825982,0.0,586.303894042969,3.0,7.0,8.0,0.0,0.0,26050904.0,2.0,25.61472227444898,85.73637302831355,30.409491920471197,14.753566989898681
2026-05-09 18:22:08+00:00,ITA,ITA,-5.04999982747872,-4.8499999357497,0.0,-4.8899999140954975,-4.89999990868195,-4.909999903268402,-0.32945776313292197,-8.13550576852024,1.5794857065327481,2.603889495115334,-0.9981832686561161,5.272025200979006,0.745402289703028,18.43892245884844,0.13999999891550866,18.7917782275983,46.83908557891845,17.74089946746824,1.0,110.999999673762,0.0,267.2421875,10021.328125,57.0256694370704,17.8894998550415,60.65859992829494,-2.0767999121953578,32.2728968,3.4715583501483565,1904.4947862625122,1505.3665161132799,54.5592548325658,-642.3455595970154,24.888058472424742,-64.8485344,99.0,93.5414886474609,5.59688901901245,12.336612701416,-607.329956054688,100.0,63.9585971832275,-0.3187999919809296,0.20201779908215,0.449659207427148,0.2735999878487538,0.0,586.303894042969,3.0,7.0,8.0,0.0,0.0,26050904.0,2.0,27.776847684520476,85.77987450313745,30.11689338684085,14.374673423767081
2026-05-09 18:22:09+00:00,ITA,ITA,-5.089999805824521,-4.8399999411632475,0.0,-4.95999987620066,-4.839999941163247,-4.859999930336149,-0.32975054079252,-8.136237879421905,1.60506704881895,4.003295279156968,-0.791191077486001,5.243128463525339,0.7764374313197789,18.443118927074536,0.21999999829579941,19.50611783081235,46.77274703979495,18.27320835113524,1.0,110.999999673762,0.0,267.2421875,10021.328125,58.7252151629609,18.4245048522949,61.3625984543508,-1.970999983131086,32.2729207,2.75526591047327,1904.41346168518,1172.140073776246,81.94507956504825,-636.5583419799804,25.693475455045718,-64.8484897,99.0,97.4845809936524,5.59688901901245,12.336612701416,-608.227966308594,100.0,63.9605581760406,-0.4729999915334918,0.459806307212849,-0.0538992805716586,1.0025999784663917,0.0,586.303894042969,3.0,7.0,8.0,0.0,0.0,26050904.0,2.0,29.790243676358223,85.8962404360269,29.7961801528931,13.95185874938964
2026-05-09 18:22:10+00:00,ITA,ITA,-5.109999880374786,-4.8199999519903445,0.0,-4.919999897854856,-4.7699999790580865,-4.7699999790580865,-0.32901812306595546,-8.134919226025264,1.590655029505106,4.969057560813738,0.2059421496368255,5.211261020669538,0.8044779298557906,18.465625424918063,0.3499999972887718,20.46558523937525,46.7219524383545,18.68385944366456,1.0,110.999999673762,0.0,267.2421875,10021.328125,58.62976326931,18.7219047546387,62.01239942934262,-2.356000030841544,32.2729446,3.1050650415035044,1904.5038223266597,691.1701679229739,119.85143870115296,-615.7912492752077,37.10543876513837,-64.8484432,99.0,101.066986083984,5.59688901901245,12.336612701416,-609.329956054688,100.0,63.9350712299347,-0.24799999194240296,-1.92954082024647,-0.908369696165033,0.16720000265351048,0.0,586.303894042969,3.0,7.0,8.0,0.0,0.0,26050904.0,2.0,31.430119503621675,86.09275863882655,29.4545774459839,13.861101894378681
2026-05-09 18:22:11+00:00,ITA,ITA,-5.160000109439132,-4.79999996281744,0.0,-4.79999996281744,-5.029999838305816,-4.869999924922601,-0.325942043319577,-8.13404026605645,1.5629119963796219,4.995197633918389,0.1922817246060535,5.2023489044631415,0.8009387392713017,18.42747881840354,0.2899999977535535,21.16633788878285,46.668845558166495,19.16328323364258,1.0,110.999999673762,0.0,267.2421875,10021.328125,58.1923374642949,19.181495475769,61.77199862716352,-2.408800039824046,32.2729693,3.3989963840855237,1904.404425621032,149.54055014532054,50.99965184926985,-603.6353945732114,-10.782797448337078,-64.8483957,99.0,105.257469177246,5.59688901901245,12.336612701416,-610.329956054688,100.0,63.9605581760406,-0.4529999543358222,0.482922655571934,1.46870422168601,-0.6291999972070593,0.0,586.303894042969,3.0,7.0,8.0,0.0,0.0,26050904.0,2.0,32.81464870876418,86.33774044888196,29.02881259918215,14.261117019653321
2026-05-09 18:22:12+00:00,ITA,ITA,-4.99999985454646,-4.79999996281744,0.0,-4.73999999529873,-5.02999992368318,-4.98999985996001,-0.323305136732702,-6.047777980539685,1.543815897366006,4.995914206139688,0.126087186388713,5.166970658996592,0.8545696727828471,18.24284787683544,0.00999999992253634,21.5028160591861,46.34071826934815,19.38795398712158,1.0,110.999999673762,0.0,267.2421875,10021.328125,57.4197952578422,19.4699466705322,60.80140005931022,-2.1700000205429797,32.2729949,3.304433311489028,1904.350185394286,0.8127571316435928,89.32381868362427,-567.3601269721986,19.3582184612751,-64.8483478,99.0,108.970886230469,5.59688901901245,12.336612701416,-611.329956054688,100.0,63.9585971832275,-0.33719999333250017,0.731104035727547,-1.01666586727188,-0.7883999153455903,0.0,586.303894042969,3.0,7.0,8.0,0.0,0.0,26050904.0,2.0,33.81565459578348,86.59342858046139,28.59760007858275,14.638589401245122
2026-05-09 18:22:13+00:00,ITA,ITA,-5.009999849132912,-4.79999996281744,0.0,-4.97999986537356,-4.94999988161421,-4.94999988161421,-0.3238911589593615,0.6210245982779485,1.544176381943794,4.99591446227178,-0.304708489299048,5.164270087576132,0.8548417597717368,18.371784431382917,0.05999999953521802,22.191720037931,46.11094951629635,19.57037956237792,1.0,110.999999673762,0.0,267.2421875,10021.328125,56.9644367911612,19.6541856765747,60.690600730594255,-2.94339979993459,32.2730212,3.62006416506418,1904.4405698776238,0.8127571200020614,87.34318614006042,-563.7025952339172,117.13059451431027,-64.8482997,99.0,113.819137573242,5.59688901901245,12.336612701416,-612.329956054688,100.0,63.9585971832275,-0.24219999540242648,-0.264049857268683,-0.770449340441405,0.5179999991890332,0.0,586.303894042969,3.0,7.0,8.0,0.0,0.0,26050904.0,2.0,34.9399440312837,86.85074229706325,28.2731523513794,14.847555885314941
2026-05-09 18:22:14+00:00,ITA,ITA,-5.04999982747872,-4.759999984471632,0.0,-4.919999897854853,-4.929999892441307,-4.8499999357497,-0.321693905779667,0.6733202885036951,1.56399298053748,4.995556133472452,-0.6866436263566505,5.122680638833102,0.8643702045011926,18.340503872531542,0.199999998450727,21.82634931356495,45.4054607391357,19.424514770507802,1.0,110.999999673762,0.0,267.2421875,10021.328125,60.3373105618132,19.2735729217529,61.6409996969962,-2.549200042364994,32.2730472,2.219230508632212,1904.467678070068,0.8488796651363373,176.0878056287766,-607.6154947280885,69.95391026139269,-64.848251,99.0,118.216163635254,5.59688901901245,12.336612701416,-613.329956054688,100.0,63.9566361904144,0.21899999590230718,-0.538517780734046,1.80381880885452,0.7658000093290359,0.0,586.303894042969,3.0,7.0,8.0,0.0,0.0,26050904.0,2.0,35.31267701655612,87.14144880851734,27.84593696594235,14.895642013549821
2026-05-09 18:22:15+00:00,ITA,ITA,-5.04999982747872,-4.769999979058084,0.0,-4.89999990868195,-4.98999985996001,-4.809999957403892,-0.324477194526234,0.673613533070756,1.5513823595842062,4.9948398173832445,0.461791997951045,4.772139279683502,0.49521599289392215,18.0376167432211,0.21999999829579941,21.3988102073734,44.45224742889405,18.75292053222656,1.0,110.999999673762,0.0,267.2421875,10021.328125,60.4133715484104,18.5046827316284,61.8466006853541,-1.570199978978754,32.273071,1.526172216735052,1904.4767141342159,0.4154091933742164,169.1686093807222,-613.3070349693296,17.14155588415452,-64.8482023,99.0,121.376426696777,5.59688901901245,12.336612701416,-614.329956054688,100.0,63.9605581760406,0.33000000011174163,2.10431853091793,0.160202487189046,0.0749999974179905,0.0,586.303894042969,3.0,7.0,8.0,0.0,0.0,26050904.0,2.0,34.83395861989476,87.44462383030131,27.52435684204105,15.0973585510254
2026-05-09 18:22:16+00:00,ITA,ITA,-5.04999982747872,-4.759999984471632,0.0,-4.8899999140955,-5.009999849132912,-4.809999957403892,-0.32696723870574,0.6717090575506595,1.5488601628227898,4.995197890050486,0.9204330241986765,4.711105477656548,0.46908121318587914,17.899905786156403,0.20999999837326316,21.366652822987348,43.06040496826175,17.33241954803466,1.0,110.999999673762,0.0,267.2421875,10021.328125,59.9655365351002,17.142560005188,61.73439980182046,-1.60899997846475,32.2730932,1.52280188123345,1904.4857501983638,0.27091904194094224,255.2373409271238,-600.4544138908386,74.01726841926562,-64.8481564,99.0,125.753059387207,5.59688901901245,12.336612701416,-615.329956054688,100.0,63.9350712299347,0.6425999625787852,-1.50762253285504,-0.0145682698962682,-0.44239998566071287,0.0,586.303894042969,3.0,7.0,8.0,0.0,0.0,26050904.0,2.0,33.80801502919684,87.71779724615601,27.365784645080552,14.64514240264894
2026-05-09 18:22:17+00:00,ITA,ITA,-5.04999982747872,-4.769999979058084,0.0,-4.8499999357497,-4.99999985454646,-4.79999996281744,-0.32931090072555347,0.67024422209753,1.550661753282428,4.995197975427848,0.5185317934489425,4.77159935322961,0.40319981246155734,18.03570975440484,0.249999998063408,21.25900391902605,42.34945564270015,16.48377548217774,1.0,110.999999673762,0.0,267.2421875,10021.328125,58.3197273225048,16.2950180053711,61.17360028982738,-1.5035999569763803,32.2731146,2.293819738873724,1904.33211326599,0.6231137900613248,137.47280091047259,-603.6780834197998,-15.371105330996233,-64.8481136,99.0,128.848663330078,5.59688901901245,12.336612701416,-616.329956054688,100.0,63.9468312263489,0.23320000320946757,-1.39184794493726,-0.183448248956604,-0.5915999779148897,0.0,586.303894042969,3.0,7.0,8.0,0.0,0.0,26050904.0,2.0,32.57662754449192,87.93593982786786,27.27167558670045,14.419455413818358
2026-05-09 18:22:18+00:00,ITA,ITA,-5.04999982747872,-4.74999998988518,0.0,-4.869999924922596,-4.919999897854854,-4.759999984471632,-0.3278460519322105,0.670391071164685,1.548860760464342,4.995556133472452,0.48700905636673203,4.022986373024658,1.188604972668617,18.32905920755822,0.28999999775355356,21.09897941696185,42.0571180343628,16.142018280029298,1.0,110.999999673762,0.0,267.2421875,10021.328125,56.4714371519643,16.0627155303955,60.29279958503004,-1.643199930922112,32.2731363,3.40375711131439,1904.3592453002923,0.5960218899417671,181.69544339179998,-625.8613348007202,41.849230474326745,-64.8480733,99.0,132.630859375,5.59688901901245,12.336612701416,-617.329956054688,100.0,63.9468312263489,0.1906000039663495,0.251132929011558,0.301873497221083,-1.1661999564950756,0.0,586.303894042969,3.0,7.0,8.0,0.0,0.0,26050904.0,2.0,31.451491848553566,88.08853649920965,27.0832978248596,14.360868244171119
2026-05-09 18:22:19+00:00,ITA,ITA,-5.039999832892268,-4.74999998988518,0.0,-4.99999985454646,-4.929999892441306,-4.74999998988518,-0.327992434091903,0.6705369864169145,1.581647781570178,4.9948398173832445,0.4996185460699275,2.9899972287544405,2.224468559362354,18.16807984504808,0.29999999767609,20.6326081240178,41.4232172012329,15.785413742065439,1.0,110.999999673762,0.0,267.2421875,10021.328125,56.8068062704011,15.7237701416016,59.50340047170583,-1.86700000101218,32.273158,2.360288407800622,1904.3592453002918,0.623113795882091,229.64716255664862,-634.4552993774414,17.326552351005375,-64.848034,99.0,135.24055480957,5.59688901901245,12.336612701416,-618.227966308594,100.0,63.9311492443085,0.14079999749524896,0.499122530261882,-0.47701358144452,-0.38739997874964577,0.0,586.303894042969,3.0,7.0,8.0,0.0,0.0,26050904.0,2.0,31.288817916110258,88.1817583360966,26.88990154266355,13.973154029846182
2026-05-09 18:22:20+00:00,ITA,ITA,-5.04999982747872,-4.769999979058084,0.0,-4.9699998707871105,-4.919999897854853,-4.73000000071228,-0.32667399413867904,0.670683862164496,1.78449639579162,4.99483964662852,0.50487138842849,2.584633313543048,2.58681658351124,18.15510931581422,0.3199999975211628,21.1443130900305,40.79675102233885,15.42338676452636,1.0,110.999999673762,0.0,267.2421875,10021.328125,56.7362367558965,15.3700756072998,59.20239949913471,-1.9902000290861301,32.2731794,2.621094656257232,1904.404425621032,0.6592363293748351,181.8958982825278,-166.9914335012438,-1.874045189470052,-64.8479958,99.0,138.299423217773,5.59688901901245,12.336612701416,-619.227966308594,100.0,63.9389872550964,0.29640000173272146,-0.951207788865707,0.694220427240096,-0.24919999814964675,0.0,586.303894042969,3.0,7.0,8.0,0.0,0.0,26050904.0,2.0,31.758225398895043,88.26233066264061,26.6136408805847,13.270109710693381
2026-05-09 18:22:21+00:00,ITA,ITA,-5.04999982747872,-4.89999990868195,0.0,-4.94999988161421,-4.8899999140955,-4.70000001695293,-0.32711410111310846,0.6700978265976241,1.7794523224339103,4.995914120762326,0.5547828623862261,2.6092091452617163,2.559048534817916,18.0231210327456,0.349999997288772,21.95596325212335,40.37521762847901,15.2220736312866,1.0,110.999999673762,0.0,267.2421875,10021.328125,54.5255845593194,15.1305084228516,58.66880053249228,-1.622200002054716,32.2732005,2.9511064304411643,1904.3773174285882,0.5328074417775496,125.99447369575505,-591.1622047424319,-38.80950743332507,-64.8479583,99.0,141.814880371094,5.59688901901245,12.336612701416,-620.227966308594,100.0,63.9389872550964,0.05180000091941944,-1.00656817963595,0.735237794279285,-0.8147999838698642,0.0,586.303894042969,3.0,7.0,8.0,0.0,0.0,26050904.0,2.0,32.871557844928745,88.3549377825023,26.44354248046875,12.617248191833479
2026-05-09 18:22:22+00:00,ITA,ITA,-5.04999982747872,-4.909999903268402,0.0,-4.919999897854853,-4.85999993033615,-4.779999973644538,-0.3274064118652435,0.6693653955308461,1.7852168099943282,4.994481488583917,0.5453262253565054,2.6092091452617163,2.557415095077908,18.02197663455016,0.26999999790848106,22.504453909458398,39.930029296875,14.89353263854982,1.0,110.999999673762,0.0,267.2421875,10021.328125,53.2471507316114,14.7677810668945,57.5931994174716,-1.390000015912976,32.2732222,3.4988986155562203,1904.3682813644402,0.7314814021810889,160.975894331932,-640.7953262329102,34.977489337325075,-64.8479222,99.0,144.818328857422,5.59688901901245,12.336612701416,-621.227966308594,100.0,63.9507532119751,0.39420000302951963,0.667312630200566,-0.222011163505165,-1.3987999889509393,0.0,586.303894042969,3.0,7.0,8.0,0.0,0.0,26050904.0,2.0,33.198615989183466,88.44734682687795,26.288272190094,12.114647541046141
2026-05-09 18:22:23+00:00,ITA,ITA,-5.04999982747872,-4.919999897854853,0.0,-4.849999935749696,-4.78999996823099,-4.9699998707871105,-0.329017629478066,0.6705374666645905,1.774408078321466,4.994481573961279,0.5006694880676099,2.610019120319916,2.5565984605852696,18.1715126981249,0.07999999938029068,22.091705577914503,39.582931709289554,14.792175521850577,1.0,110.999999673762,0.0,267.2421875,10021.328125,53.4651157284049,14.9147077560425,56.71819890931744,-2.1668000128838063,32.2732441,3.2801516047914925,1904.33211326599,0.7405120413750412,146.0964977741241,-715.938901901245,-2.496762946248061,-64.8478874,99.0,148.349700927734,5.59688901901245,12.336612701416,-622.227966308594,100.0,63.9213442802429,-0.2529999932376926,0.597856810056677,-1.49191010955625,-0.273999990140172,0.0,586.303894042969,3.0,7.0,8.0,0.0,0.0,26050904.0,2.0,32.621805830756955,88.4959026416876,26.04341011047365,12.42280941009522
2026-05-09 18:22:24+00:00,ITA,ITA,-5.05999982206517,-4.89999990868195,0.0,-4.759999984471632,-4.909999903268402,-4.869999924922601,-0.327260496613014,0.6703905909170089,1.769003712485036,4.994481488583917,-0.319943403000585,2.6100193337633284,2.5565984605852696,18.44235565343474,0.20999999837326316,21.8706772412783,39.722981643676746,15.204457397460919,1.0,110.999999673762,0.0,267.2421875,10021.328125,52.7952210198938,15.319492149353,56.38339806261962,-2.673999978218998,32.2732666,3.645864820455762,1904.3592453002923,0.731481413822621,89.55937922000876,-719.5030331611631,8.860738202929506,-64.8478523,99.0,151.405639648438,5.59688901901245,12.336612701416,-623.227966308594,100.0,63.9213442802429,-0.09279999833398198,-0.621272779604743,0.11014990045584,0.03539999001410421,0.0,586.303894042969,3.0,7.0,8.0,0.0,0.0,26050904.0,2.0,32.50065876544846,88.5113354541172,25.7447227478027,13.03299814224242
2026-05-09 18:22:25+00:00,ITA,ITA,-5.099999885788336,-4.909999903268402,0.0,-4.889999914095503,-5.019999843719363,-4.809999957403892,-0.32594156307190103,0.6708302309839755,1.7888200976353121,4.994481573961279,-1.329159721682945,2.609749114404288,2.5565984605852696,18.44922204260738,0.269999997908481,22.2766645393175,40.10687999725345,15.91256847381592,1.0,110.999999673762,0.0,267.2421875,10021.328125,52.058568042435,16.1412231445312,56.91399994225422,-2.9073999218762063,32.2732902,4.583415859519442,1904.41346168518,0.7766345748677852,107.05928355455399,-698.3736753463747,28.99931292049585,-64.8478162,99.0,155.151107788086,5.59688901901245,12.336612701416,-624.227966308594,100.0,63.923305273056,-0.4721999682743568,-0.0251745581638863,-0.280799668908523,0.6673999872528338,0.0,586.303894042969,3.0,7.0,8.0,0.0,0.0,26050904.0,2.0,33.23896806378098,88.5338170217703,25.45719423294065,13.27148420333862
2026-05-09 18:22:26+00:00,ITA,ITA,-5.15000020023005,-4.89999990868195,0.0,-4.929999892441306,-4.97999986537356,-4.72000000612583,-0.3228659635731985,0.6699509775304685,1.879255217340864,4.994839732005882,-1.7095203100388199,2.610829308821528,2.556326106792114,18.43281900180616,0.43000001267731786,22.24964089586635,40.793159866333,16.8835590362549,1.0,110.999999673762,0.0,267.2421875,10021.328125,53.0927679658016,17.1102155685425,57.51459828352203,-2.917799909415924,32.273315,4.261554891581546,1904.395389556884,0.7314814138226211,84.83664989471444,-658.1056237220762,96.44284471869466,-64.847778,99.0,158.464920043945,5.59688901901245,12.336612701416,-625.227966308594,100.0,63.9507532119751,-0.25239999313561856,0.19274032111601,-0.10464762279044,0.5145999683727978,0.0,586.303894042969,3.0,7.0,8.0,0.0,0.0,26050904.0,2.0,34.167909307886404,88.6045607060987,25.3452615737915,13.54872402191162
2026-05-09 18:22:27+00:00,ITA,ITA,-5.1600001948165,-4.89999990868195,0.0,-4.849999935749698,-4.949999881614208,-4.690000022366478,-0.322426323506232,0.6696581865306575,2.020492729140102,4.994481488583917,-2.857432370998165,2.609749114404288,2.556598375207904,18.43815952671818,0.4700000230396338,22.3883389860209,41.23040714263915,17.53777393341064,1.0,110.999999673762,0.0,267.2421875,10021.328125,54.8234388637399,17.6197048187256,58.4395998745142,-3.0551999648073562,32.2733406,4.018678743469861,1904.422497749328,0.740512029733509,155.39064109325417,-667.1629786491394,53.32082388922572,-64.8477373,99.0,162.582595825195,5.59688901901245,12.336612701416,-626.329956054688,100.0,63.9605581760406,0.009799998776827284,-0.462599587779119,0.00211922814852261,1.396599920986254,0.0,586.303894042969,3.0,7.0,8.0,0.0,0.0,26050904.0,2.0,35.0582422246894,88.716961714175,25.20791101455685,13.67776136398314
2026-05-09 18:22:28+00:00,ITA,ITA,-5.039999918269627,-4.89999990868195,0.0,-4.789999968230989,-4.929999892441307,-4.919999897854852,-0.3225727056659245,0.6702442220975295,2.019052028800736,4.994481573961279,-3.4153652312522347,2.610289126235544,2.55632619216948,18.25085832269404,0.10999999914789971,22.7131972970987,41.07332496643065,17.693119926452642,1.0,110.999999673762,0.0,267.2421875,10021.328125,58.1659797642878,17.599457359314,60.27859962174563,-2.436000030221834,32.2733655,2.959564979397992,1904.332137107848,0.749542668927461,127.37045139074318,-683.0281257629397,62.42091804742804,-64.8476944,99.0,166.10823059082,5.59688901901245,12.336612701416,-627.329956054688,100.0,63.9468312263489,0.20180000009096966,-0.708961096046894,0.487360731067708,2.201999969068676,0.0,586.303894042969,3.0,7.0,8.0,0.0,0.0,26050904.0,2.0,36.56195140065945,88.90689902970935,25.13903017044065,13.259150505065922
2026-05-09 18:22:29+00:00,ITA,ITA,-4.99999985454646,-4.89999990868195,0.0,-4.74999998988518,-4.89999990868195,-4.99999985454646,-0.32213354584663345,0.6695117910307515,2.221900920498616,4.9941233305393125,-4.69619282682088,2.610019120319916,2.55605392375369,18.18944160318674,-0.00999999992253634,23.6831217252809,41.28873252868655,17.601697196960444,1.0,110.999999673762,0.0,267.2421875,10021.328125,58.9301686493855,17.5802518844604,62.63959930837092,-1.956999994978922,32.2733889,4.05499818900404,1904.3592453002923,0.7585733081214132,106.03397041559197,-679.8034310340884,24.81886958703398,-64.8476506,99.0,170.220962524414,5.59688901901245,12.336612701416,-628.329956054688,100.0,63.9664351940155,0.08320000533025022,1.5803110068279,0.519271374870008,2.5775999262452243,0.0,586.303894042969,3.0,7.0,8.0,0.0,0.0,26050904.0,2.0,37.155499620666,89.19438169187515,25.3798487663269,13.10379781723024
2026-05-09 18:22:30+00:00,ITA,ITA,-4.99999985454646,-4.89999990868195,0.0,-4.799999962817436,-4.909999903268402,-4.9699998707871105,-0.3240375544592675,0.6693653955308461,2.340439237742328,4.995914376894418,-6.36526203519139,2.6102892969902722,2.55605392375369,17.98878874537306,0.01999999984507268,23.54032039898255,41.3820167541504,16.948107490539563,1.0,110.999999673762,0.0,267.2421875,10021.328125,63.7412036365807,16.8476097106934,65.89359978368904,-1.516399966268738,32.2734103,3.29834564925916,1904.41346168518,0.5779606406576929,197.7546751499174,-786.2664699554443,98.05874079465873,-64.8476065,99.0,173.650451660156,5.59688901901245,12.336612701416,-629.329956054688,100.0,63.974279165268,0.5208000032227681,0.115983815821957,0.488318558377097,3.9793999050343616,0.0,586.303894042969,3.0,7.0,8.0,0.0,0.0,26050904.0,2.0,36.4914296974791,89.552348491181,26.09025564193725,13.252216243743879
2026-05-09 18:22:31+00:00,ITA,ITA,-4.99999985454646,-4.89999990868195,0.0,-4.99999985454646,-4.94999988161421,-4.94999988161421,-0.325502389912397,0.6687793866444001,2.358814581043778,4.9941233305393125,-8.009114398589626,2.6102892969902722,2.5555093869221097,17.122470773691838,0.01999999984507268,23.96351208976735,41.87126541137695,15.70930629730224,1.0,110.999999673762,0.0,267.2421875,10021.328125,67.1471525982885,15.443701171875,70.50559759431876,-1.537399959169154,32.2734279,3.9284787530264835,1904.3773174285882,0.7134201587177811,204.4418901205064,-844.6531653404236,77.53460705280304,-64.8475631,99.0,177.294311523438,5.59688901901245,12.336612701416,-630.329956054688,100.0,63.9625132083893,0.945799975918178,0.905462276734429,0.366638418148202,4.889799874930184,0.0,586.303894042969,3.0,7.0,8.0,0.0,0.0,26050904.0,2.0,35.149731242583904,89.98591182422044,27.5238384246826,12.810332908630361
2026-05-09 18:22:32+00:00,ITA,ITA,-4.99999985454646,-4.89999990868195,0.0,-4.99999985454646,-4.9699998707871105,-4.94999988161421,-0.3275532742726125,0.6706833819168205,2.3465642952579,1.376007370214172,-10.884410168866602,2.6105593029059,2.5555093869221097,16.4285771710035,0.00999999992253634,22.867160860048152,41.89059448242185,14.299635086059562,1.0,110.999999673762,0.0,267.2421875,10021.328125,73.0635990611369,14.1603504180908,75.74839889178286,-0.8090000380226966,32.2734409,3.259835633992112,1904.4224977493282,176.79543046979228,242.0284807682036,-844.8027133941653,9.852318378398191,-64.8475221,99.0,180.736145019531,5.59688901901245,12.336612701416,-631.329956054688,100.0,63.9546751976013,0.6364000051020522,-0.963475448945284,0.26094908478763,5.56540001120972,0.0,586.303894042969,3.0,7.0,8.0,0.0,0.0,26050904.0,2.0,32.35619821544592,90.4872374640156,28.8203435897827,12.10465599060058
2026-05-09 18:22:33+00:00,ITA,ITA,-4.98999985996001,-4.89999990868195,0.0,-4.99999985454646,-4.99999985454646,-4.94999988161421,-0.329750527452307,0.6703905909170089,2.3404392377423258,-4.014641930915654,-11.23587633562985,2.6092091879504,2.55605392375369,14.59447005902928,0.0,21.5681340119926,42.24152526855465,13.2812960243225,1.0,110.999999673762,0.0,267.2421875,10021.328125,79.66492908263,12.8788415908813,81.5143995098591,-0.38739999475790177,32.2734499,3.3489351102054683,1904.422497749328,755.2525281906126,231.2416315078734,-839.1642570495605,41.31983262486755,-64.8474829,99.0,183.106002807617,5.59688901901245,12.336612701416,-632.329956054688,100.0,63.9291882514954,0.9439999756119564,0.325954503078727,0.59877114827096,6.013999834952256,0.0,586.303894042969,3.0,7.0,8.0,0.0,0.0,26050904.0,2.0,29.50606853329794,90.98644916026271,29.8250415802002,11.69939249038698
2026-05-09 18:22:34+00:00,ITA,ITA,-4.97999986537356,-4.89999990868195,0.0,-4.99999985454646,-5.04999982747872,-4.94999988161421,-0.3309225985860515,0.6724414886174379,2.339358531060904,-4.004973627390772,-12.0943145741977,2.6097493278477004,2.554964935467896,10.293399022627293,0.00999999992253634,19.5289895730218,41.4982624053955,12.09804891586306,1.0,110.999999673762,0.0,267.2421875,10021.328125,85.1943906874839,11.8990508079529,87.45079968734883,-0.38419999777089775,32.2734547,3.24227449192841,1904.4767141342159,1390.621519088748,261.3889694213866,-791.0880684852602,10.579381044954062,-64.8474464,99.0,185.328170776367,5.59688901901245,12.336612701416,-633.329956054688,100.0,63.7252986431122,0.8941999884841655,0.0596335412099483,-0.341492916636241,5.61040002953743,0.0,586.303894042969,3.0,7.0,8.0,0.0,0.0,26050904.0,2.0,25.74574989141084,91.4710920630101,30.0271230697632,10.97781938552854
2026-05-09 18:22:35+00:00,ITA,ITA,-4.9699998707871105,-4.89999990868195,0.0,-4.99999985454646,-5.069999816651619,-4.94999988161421,-0.3316550296528295,0.1965065034326105,2.34584383836651,-2.9564934860169196,-12.578697075983051,2.60947910848866,2.554964935467896,8.491717379964062,0.0,16.0405430251977,40.44063606262205,10.86433645248412,1.0,110.999999673762,0.0,267.2421875,10021.328125,92.5953446154888,10.5074289321899,92.73319832350714,0.08000000071431222,32.273456,2.05069181291376,1904.4857501983638,1868.9363956451402,203.7042051553726,-695.8412528038024,-20.468492573127143,-64.8474128,99.0,186.633361816406,5.59688901901245,12.336612701416,-634.329956054688,100.0,63.7096166610718,0.5346000109065528,-0.955812830470176,0.784248617081505,5.183799647469952,0.0,586.303894042969,3.0,7.0,8.0,0.0,0.0,26050904.0,2.0,20.830671657117175,92.0301635371431,29.97046451568605,10.282403697967538
2026-05-09 18:22:36+00:00,ITA,ITA,-4.95999987620066,-4.89999990868195,0.0,-5.009999849132912,-5.1199999603386015,-4.98999985996001,-0.335316651378191,-0.282358179338902,2.347284794837972,0.0432056449234279,-13.66251448168845,2.60947910848866,2.554964935467896,3.6371336829180287,-0.02999999976760902,12.615469106927101,40.01312713623045,9.495929374694812,1.0,110.999999673762,0.0,267.2421875,10021.328125,99.9168634434464,9.1458984375,98.23100063552022,0.5939999836592704,32.2734543,1.2972496114891776,1905.0820350647002,1903.587555885316,233.2954853773118,-709.1999292373655,-11.95719465613366,-64.8473832,99.0,188.097579956055,5.59688901901245,12.336612701416,-635.329956054688,100.0,63.6488378047943,0.7748000108601438,0.453292387817919,-0.335326990043439,5.860799887151975,0.0,586.303894042969,3.0,7.0,8.0,0.0,0.0,26050904.0,2.0,15.941416660528,92.68670181073225,30.68089714050295,9.26828819274902
2026-05-09 18:22:37+00:00,ITA,ITA,-4.95999987620066,-4.89999990868195,0.0,-5.04999982747872,-5.019999843719364,-5.009999849132912,-0.3370747580788085,-0.28147936611243196,2.338637818037418,0.48938264315284635,-13.543783168912,2.6092091452617163,2.554964935467896,-0.45832513266656416,-0.05999999953521802,9.31605786278004,39.26100826263425,8.579410228729245,1.0,110.999999673762,0.0,267.2421875,10021.328125,102.472952457297,8.5733304977417,103.54659672312042,0.5543999875945647,32.2734499,0.999999970909292,1905.127191543582,1903.5965681076061,61.41003365628417,-751.1590838432313,-14.491909299977124,-64.8473576,99.0,188.967483520508,5.59688901901245,12.336612701416,-636.329956054688,100.0,63.6468768119812,-0.1776000035334438,0.485821857431192,0.242078552771354,4.636999888841298,0.0,586.303894042969,3.0,7.0,8.0,0.0,0.0,26050904.0,2.0,11.375132964503722,93.33957568783175,30.793131065368648,8.494290046691896
2026-05-09 18:22:38+00:00,ITA,ITA,-4.96999987078711,-4.94999988161421,0.0,-5.009999849132912,-5.039999918269632,-5.029999838305816,-0.338832851439212,-0.282065388339091,2.3307112981282536,0.5477508731427514,-13.35202688862435,2.4487919500088937,2.4033286741007243,-3.598965497274598,-0.06999999945775434,5.153518814869665,38.438309097290045,7.859368858337402,1.0,110.999999673762,0.0,267.2421875,10021.328125,112.869197053352,7.5897837638855,108.5366004250618,0.4282000016989261,32.2734442,0.9999998855319276,1905.2175521850618,1903.6416769027721,169.87859159708032,-673.217499256134,1.5828639268874212,-64.8473344,99.0,188.510665893555,5.59688901901245,12.336612701416,-637.329956054688,100.0,63.6527597904205,0.7695999957459432,-1.03755269247548,0.391775061758583,5.1749998878753996,0.0,586.303894042969,3.0,7.0,8.0,0.0,0.0,26050904.0,2.0,5.9450225229205795,93.9973536407552,30.560184860229498,7.84303596496582
2026-05-09 18:22:39+00:00,ITA,ITA,-4.97999986537356,-4.95999987620066,0.0,-5.04999982747872,-5.08999997657925,-5.039999832892268,-0.338539126624475,-0.28191900617939847,2.32278473553041,0.8546317207825893,-13.303167130396648,2.379926098126734,2.350242693635414,-5.099667511707852,-0.05999999953521802,1.0182644817182571,37.734033966064445,7.507317123413084,1.0,110.999999673762,0.0,267.2421875,10021.328125,115.143465631858,7.57254724502563,113.17159958074039,1.0130000086947952,32.2734368,1.0000000135979743,1905.2265882492097,1903.4520864486701,124.04773980379109,-689.9079322814939,-27.05014571547512,-64.847314,99.0,188.355407714844,5.59688901901245,12.336612701416,-638.329956054688,100.0,63.7880325317383,-0.03719999899146372,1.30657079199383,0.455646348482341,4.283399885603993,0.0,586.303894042969,3.0,7.0,8.0,0.0,0.0,26050904.0,2.0,0.7331755040367655,94.62205640262295,30.2356882095337,7.47609483718872
2026-05-09 18:22:40+00:00,ITA,ITA,-4.929999892441306,-4.99999985454646,0.0,-5.029999838305817,-5.049999912856082,-5.0799998112380695,-0.34351968189095,-0.2779641132065495,2.31882151826451,1.303315651901452,-11.14341264974076,2.383166766755812,2.3529651643499,-6.609143074884708,-0.1699999986831178,-3.36090439774002,37.346595954895,7.754375953674317,1.0,110.999999673762,0.0,267.2421875,10021.328125,127.292773901045,7.9003303527832,117.5269967465176,1.122599988209,32.2734272,0.999999949564951,1905.190443992618,1903.5604238510139,152.77603492140761,-496.9867616891862,-51.547519117593765,-64.847295,99.0,185.539215087891,5.59688901901245,12.336612701416,-639.227966308594,100.0,63.8213634490967,-0.06840001380420756,-1.65166716702579,0.0900152431644766,4.2049998153481,0.0,586.303894042969,3.0,7.0,8.0,0.0,0.0,26050904.0,2.0,-4.732722941002274,95.2016457650227,29.6842363357544,7.610549812316893
2026-05-09 18:22:41+00:00,ITA,ITA,-4.839999941163247,-5.029999838305817,0.0,-5.029999838305815,-5.1199999603386015,-5.199999917030212,-0.34542417075125953,-0.270638935424909,2.575355056508454,1.387466143796948,-8.975776984556365,2.383166681378446,2.353237262010958,-6.756009132135546,-0.3600000025473934,-6.08450903034872,38.07006282806395,8.909977684020992,1.0,110.999999673762,0.0,267.2421875,10021.328125,127.450004855739,9.09931211471558,121.075801846792,1.7264000019945982,32.2734149,-0.3240478450997464,1884.2030048370361,1903.623652458192,-44.94964554905904,-630.5296301841734,-121.04137092828748,-64.8472753,99.0,185.422805786133,5.59688901901245,12.336612701416,-640.227966308594,100.0,63.8272404670715,-0.5401999976296818,2.3177504165366,1.02658159439944,3.1967998181420625,0.0,586.303894042969,3.0,7.0,8.0,0.0,0.0,26050904.0,2.0,-8.375164641400755,95.74177029439815,29.3476083755493,8.554790897369383
2026-05-09 18:22:42+00:00,ITA,ITA,-4.759999984471632,-5.05999982206517,0.0,-5.029999838305816,-5.059999907442532,-4.989999859960013,-0.3553862551197745,-0.254086011992023,4.099784038212588,1.8884304879293778,-6.789228525560185,2.3828966754628196,2.353237347388324,-7.4090853535891315,-0.22999999821833578,-11.00955417550005,38.7526433944702,9.890976963043196,1.0,110.999999673762,0.0,267.2421875,10021.328125,132.141101721109,10.1372008323669,124.59280285421501,2.103199959375292,32.2733999,-6.955725997900832,1689.3166065216078,1903.5875320434582,115.64377695322037,-807.6597809791564,-39.360218588262725,-64.8472541,99.0,183.359848022461,5.59688901901245,12.336612701416,-641.227966308594,100.0,63.8782143592834,0.14479999439601446,-1.59141294571523,-0.421797958668167,3.64479986589811,0.0,586.303894042969,3.0,7.0,8.0,0.0,0.0,26050904.0,2.0,-12.56658108879172,96.26487057726735,28.9685594558716,9.203257541656495
2026-05-09 18:22:43+00:00,ITA,ITA,-4.300000020051474,-4.469999885332461,0.0,-4.519999858264718,-4.5700000019516995,-4.5999999003336915,-0.355239392712406,-0.25276755869858547,4.99260779693985,2.603889367049286,-3.6060705161813402,2.3831667667558123,2.353237347388324,-8.070553743098545,-0.31000000293471164,-12.89025914318095,40.05955810546875,11.642048664093021,1.0,110.999999673762,0.0,267.2421875,10021.328125,133.345346034052,12.0747908592224,127.6840016725522,2.13200000696352,32.2733819,-4.828477070523975,1372.8510141372699,1903.6236286163341,88.91086950898182,-840.0272607803345,-56.61381725221871,-64.8472307,99.0,182.582061767578,5.59688901901245,12.336612701416,-642.227966308594,100.0,63.9213442802429,-0.3499999919526864,0.13164860121933,0.110956683201015,2.45419990169464,0.0,586.303894042969,3.0,7.0,8.0,0.0,0.0,26050904.0,2.0,-16.318853255572357,96.7480893855728,28.7085336685181,10.317144012451157
2026-05-09 18:22:44+00:00,ITA,ITA,14.84999981559734,14.040000254094803,0.0,13.519999681825718,13.479999959611991,13.469999965025556,-0.35480023289311546,-0.2162928544268365,4.997291513785818,3.6323167560389016,1.746824295325345,2.3834367726714385,2.3529651643499,-14.602078548255202,-1.3900000159129753,-15.7109112656637,42.110746765136696,13.7969197654724,1.0,110.999999673762,0.0,267.2421875,10021.328125,136.319442625107,14.2601114273071,128.737599333162,2.46959995056061,32.2733593,-7.410678068326215,1087.961447238921,1903.5784959793098,68.08106675744055,-827.350652217865,-75.83516240119934,-64.8472043,99.0,180.262176513672,5.59688901901245,12.336612701416,-643.227966308594,100.0,63.9468312263489,-0.3068000006116224,-0.523952615772405,1.5727334455523,-0.5625999712026235,0.0,586.303894042969,3.0,7.0,8.0,0.0,0.0,26050904.0,2.0,-19.819440976910357,97.1838281338629,28.66241769790645,11.397721996307379
2026-05-09 18:22:45+00:00,ITA,ITA,18.76000008946594,17.7199999694561,0.0,16.300000225915838,14.489999925107739,12.699999954981989,-0.3550934774601765,-0.21116543008288652,4.99585008773885,4.152617387055974,2.031042073707065,2.383166681378446,2.3529650789725336,-15.8319369243597,-6.090000086226759,-16.94927322728485,43.894131660461454,15.813043670654299,1.0,110.999999673762,0.0,267.2421875,10021.328125,132.921437173404,16.1786573410034,127.710401719732,3.3807999490516494,32.2733328,-6.057593346575135,706.8076491355896,1903.497219085694,98.13973158597935,-807.0295453071594,-75.70673674345018,-64.8471734,99.0,178.60530090332,5.59688901901245,12.336612701416,-644.227966308594,100.0,63.976240158081,-0.11999999606888812,0.211461309342059,-0.319959678060718,-0.7265999902093427,0.0,586.303894042969,3.0,7.0,8.0,0.0,0.0,26050904.0,2.0,-23.009689149534502,97.495947288365,28.61120166778565,12.14970130920412
2026-05-09 18:22:46+00:00,ITA,ITA,18.85999952306624,18.52999995784544,0.0,18.62999973295522,18.40999968129858,18.439999921190058,-0.3505520820129925,-0.2072100635324685,4.9962105509722985,5.642978068199006,0.28579710788235796,2.239493524121182,2.1980617246819323,-15.962018560121521,-0.4199999967465259,-18.070784312585403,45.195640754699696,17.36870052337646,1.0,110.999999673762,0.0,267.2421875,10021.328125,132.386633361392,17.6853052139282,127.2588005401138,3.949799956916962,32.2733042,-5.519514971120302,175.43480378808445,1903.5604238510139,164.3782556056978,-804.5731663703918,-29.921438079327334,-64.8471377,99.0,176.910919189453,5.59688901901245,12.336612701416,-645.227966308594,100.0,63.9644742012024,-0.42140000409947886,0.0238862254043792,0.447863988253346,-0.24059999657541925,0.0,586.303894042969,3.0,7.0,8.0,0.0,0.0,26050904.0,2.0,-25.698865423891124,97.6795632638224,28.5800768852234,12.947267189025903
2026-05-09 18:22:47+00:00,ITA,ITA,18.859999864575702,18.6000001760827,0.0,18.610000256046522,18.569999936191245,18.620000336010342,-0.3473286596115695,-0.2064776458059035,4.996571014205746,6.705065653946818,-0.198059077468106,1.952146868097192,1.922829348301974,-15.936459650737879,-0.23999999814087197,-18.48497552159145,45.81847972869875,18.35836956024172,1.0,110.999999673762,0.0,267.2421875,10021.328125,131.878289702225,18.4964155197144,127.35979718133278,4.461199954983182,32.2732736,-4.944719718498963,0.23491847096010843,1903.479170799256,195.2375769615174,-803.9222955703736,-32.584789860993624,-64.8470988,99.0,174.603225708008,5.59688901901245,12.336612701416,-646.329956054688,100.0,63.9605581760406,-0.05839999820692075,0.203594025315689,0.964677455517501,0.28760000001330077,0.0,586.303894042969,3.0,7.0,8.0,0.0,0.0,26050904.0,2.0,-27.27512486922506,97.7791849879617,28.3403723716736,13.9146933746338
2026-05-09 18:22:48+00:00,ITA,ITA,18.849999784611878,18.6000001760827,0.0,18.50000005946346,18.450000001153843,18.41000002280804,-0.346742624044697,-0.2069168122953005,4.99585008773885,7.114359361185859,-0.320994371678696,1.956197725227878,1.9280016798056958,-15.967359085033559,-0.44000001259985455,-18.87418189861355,46.1190176010132,18.97289669036866,1.0,110.999999673762,0.0,267.2421875,10021.328125,132.861987206869,19.1236988067627,127.5896002619958,5.381000015412912,32.273242,-5.165083050842094,1.2287216493859874,1903.605604171754,321.236091852188,-819.8377966880798,-0.3664718940854009,-64.8470583,99.0,172.574569702148,5.59688901901245,12.336612701416,-647.227966308594,100.0,63.9782011508942,0.09959999826796653,0.0819394782858621,0.419011214806376,0.16740000179818773,0.0,586.303894042969,3.0,7.0,8.0,0.0,0.0,26050904.0,2.0,-28.064184863657022,97.84499044552015,28.0787364006042,15.165774536132798
2026-05-09 18:22:49+00:00,ITA,ITA,18.849999784611878,18.6000001760827,0.0,18.64000015442852,18.590000096118878,18.510000139427284,-0.34703540170429503,-0.21028661685641598,4.99585008773885,7.25974284049998,-1.0980024012706044,1.9564677311435041,1.9280016798056958,-15.9913907641188,-0.3199999975211628,-18.417991002627502,46.4991668701172,19.52747692108158,1.0,110.999999673762,0.0,267.2421875,10021.328125,132.564395864731,19.6197109222412,127.9772025690914,6.043000135149214,32.2732091,-4.612508025760734,1.8069373210892081,1903.704929351808,334.5491349697112,-827.8216123580933,11.329512950032935,-64.8470165,99.0,169.759918212891,5.59688901901245,12.336612701416,-648.329956054688,100.0,63.9605581760406,0.08099999910574006,-0.0546707884580192,0.537105479040587,0.5651999734236387,0.0,586.303894042969,3.0,7.0,8.0,0.0,0.0,26050904.0,2.0,-27.998695643857097,97.90298216666815,27.9388461112976,16.4468147277832
2026-05-09 18:22:50+00:00,ITA,ITA,18.82999962468424,18.55999985622742,0.0,18.500000059463463,18.5099997979178,18.52999961633596,-0.3487935084049125,-0.212484363624,4.996210550972298,7.4656436741624335,-2.269028702835345,1.956197725227878,1.9280016798056958,-15.992916286869942,-0.3099999975986264,-17.83066815853995,46.52274627685545,19.75184349060058,1.0,110.999999673762,0.0,267.2421875,10021.328125,132.315271544944,19.7798538208008,128.5617984601526,6.425800050861964,32.2731757,-3.9977668386654,1.689488673582672,1903.479170799256,309.9870383739472,-809.4030022621155,-7.656833343207836,-64.846974,99.0,167.919357299805,5.59688901901245,12.336612701416,-649.329956054688,100.0,63.948792219162,0.039599998732748526,-0.0425419966630364,0.439358028178726,0.9399999980545004,0.0,586.303894042969,3.0,7.0,8.0,0.0,0.0,26050904.0,2.0,-27.58386615367312,97.9838072102115,27.755368423461903,17.35055248260498
2026-05-09 18:22:51+00:00,ITA,ITA,18.849999443102416,18.5499997762636,0.0,18.6700000528105,18.460000081117663,18.400000284353702,-0.3487935084049125,-0.2164392432566355,4.995489795260132,7.612459102636045,-3.2088985377613897,1.956467901898236,1.92827382015544,-16.02610451755648,-0.4700000123674634,-17.5268903725618,46.503786277771,19.766427154541,1.0,110.999999673762,0.0,267.2421875,10021.328125,135.146972352183,19.7781818389893,130.355001788999,6.512400019348556,32.2731418,-4.120424741818322,1.671419688500464,1903.4881830215459,322.2396731376646,-799.2167711257936,30.570594407618056,-64.8469317,99.0,165.122177124023,5.59688901901245,12.336612701416,-650.329956054688,100.0,63.9409482479096,0.1207999996512084,0.0715627867604929,-0.205971638178154,2.4073999364215597,0.0,586.303894042969,3.0,7.0,8.0,0.0,0.0,26050904.0,2.0,-27.047358892482123,98.10736191720245,27.6437859535217,17.733364562988278
2026-05-09 18:22:52+00:00,ITA,ITA,18.85999952306624,18.4999993764445,0.0,18.5200002193911,18.58000001615506,18.58000001615506,-0.3487935084049125,-0.217025752401078,4.99585008773885,7.743877406418423,-3.385944298124115,1.9343228064391258,1.967476160472232,-16.142833475000362,-0.28999999775355356,-17.23106634187205,46.271696662902855,19.64548656463624,1.0,110.999999673762,0.0,267.2421875,10021.328125,137.590650112673,19.593240737915,133.0813974716902,6.19879982370233,32.2731064,-3.832883041204844,1.626247097738086,1903.452038764954,344.79884505271923,-827.4062275886536,53.983168303966536,-64.8468912,99.0,162.594390869141,5.59688901901245,12.336612701416,-651.329956054688,100.0,63.9683961868286,0.1762000015165761,0.345782595600127,-0.97497812783782,3.213399952589544,0.0,586.303894042969,3.0,7.0,8.0,0.0,0.0,26050904.0,2.0,-26.722694046512537,98.31457961133685,27.5182577133179,17.7922437286377
2026-05-09 18:22:53+00:00,ITA,ITA,18.84000004615752,18.4999993764445,0.0,18.62000033601036,18.47000016108148,18.52999961633596,-0.348500250497638,-0.2161464722671445,4.995489795260132,7.69768432479744,-3.56036374402926,1.1743670911620956,2.780922107363902,-16.139018814348923,-0.3199999975211626,-17.6907338041457,46.07118587493895,19.80273113250734,1.0,110.999999673762,0.0,267.2421875,10021.328125,141.810204378124,19.8894132614136,136.47499608534102,5.882800097223316,32.2730693,-4.552658322403768,1.626247097738086,1903.479146957398,276.45628452301014,-806.1788797378541,22.67780713737013,-64.8468532,99.0,158.689819335938,5.59688901901245,12.336612701416,-652.329956054688,100.0,63.9566361904144,0.18000000127369678,0.823389496367939,-0.0186927203142307,3.3927998657157623,0.0,586.303894042969,3.0,7.0,8.0,0.0,0.0,26050904.0,2.0,-27.34771748576182,98.60714051915059,27.20729570388795,17.703535652160678
2026-05-09 18:22:54+00:00,ITA,ITA,18.860000206085157,18.4999993764445,0.0,18.5099997979178,18.440000262699503,18.400000284353702,-0.34864712624522,-0.2152676590406735,4.99585025849358,7.695535205775096,-3.047087727785795,0.6744812445717826,4.322602951628388,-16.11155325765846,-0.4600000071088418,-18.2642818642246,46.078248023986845,20.23869884490966,1.0,110.999999673762,0.0,267.2421875,10021.328125,144.410293470608,20.390058517456,139.8193982124378,6.424799855035381,32.2730293,-4.709297270451151,1.6352816252037883,1903.506255149842,385.7567608356476,-816.8557286262509,169.0338939428332,-64.8468179,99.0,154.807327270508,5.59688901901245,12.336612701416,-653.329956054688,100.0,63.948792219162,0.137200000217859,-1.57172609937143,1.50455460397894,2.897200016190486,0.0,586.303894042969,3.0,7.0,8.0,0.0,0.0,26050904.0,2.0,-28.42231183089882,98.9705782999816,26.8615696907043,17.622677307128917
2026-05-09 18:22:55+00:00,ITA,ITA,18.879999682993876,18.17999989118756,0.0,17.58999995445486,16.84000010433892,15.999999876058121,-0.34820747283804,0.2570052175010092,4.9954897952601325,7.701265222224551,-3.02239509983231,0.47490501133428786,4.680595022634102,-16.103923936355564,-2.870000004448356,-18.213271450182,46.33243904113765,20.883416061401363,1.0,110.999999673762,0.0,267.2421875,10021.328125,147.213061596522,20.975827217102,142.2871974690008,6.690799864714238,32.2729871,-3.9214132211508805,1.6533506568521261,1903.433990478516,299.6174156665802,-815.0123596191409,50.17946902662522,-64.8467833,99.0,152.16862487793,5.59688901901245,12.336612701416,-654.329956054688,100.0,63.9605581760406,-0.22479999777836887,0.459037804209516,-0.63643686677923,2.571799943045464,0.0,586.303894042969,3.0,7.0,8.0,0.0,0.0,26050904.0,2.0,-29.44164789659368,99.3793958576581,26.6212986946106,17.71640407562256
2026-05-09 18:22:56+00:00,ITA,ITA,18.860000206085157,18.62000033601034,0.0,18.65000023439232,18.559999856227442,18.57000027770072,-0.34908628606451053,0.8937831068209545,4.995489795260132,7.748890423759754,-2.984044975024865,0.5140641880571779,4.657999646953958,-16.10544980061616,-0.2800000031671025,-18.54810525254255,46.460055541992205,21.42529438018798,1.0,110.999999673762,0.0,267.2421875,10021.328125,149.876876353962,21.5562984466553,145.023791990161,6.589199861659286,32.2729424,-4.109457080181208,1.6804541694000363,1903.3978700637822,366.7625606060028,-804.8079133033752,103.33496332168583,-64.8467501,99.0,147.381530761719,5.59688901901245,12.336612701416,-655.329956054688,100.0,63.9605581760406,-0.07960000009042054,0.154009653386173,0.435145242203856,2.911599975951576,0.0,586.303894042969,3.0,7.0,8.0,0.0,0.0,26050904.0,2.0,-30.379971771561962,99.82522962554154,26.3095212936401,17.7493558502197
2026-05-09 18:22:57+00:00,ITA,ITA,18.829999966193704,18.5300002993549,0.0,18.240000029461,17.9300002826584,17.609999772873017,-0.348647112905007,1.270253662320675,4.995489795260132,7.615682268905374,-2.945693035948425,0.5345888744965546,4.6381261870354304,-16.1023977305855,-1.229999969127628,-19.2949941222463,46.67826976776125,22.1497596359253,1.0,110.999999673762,0.0,267.2421875,10021.328125,153.077803527354,22.3554216384888,147.9103938579482,7.766399869829177,32.2728947,-4.7359187865149215,1.65335063356906,1903.497242927552,366.31047129631037,-799.8008847236634,101.93913877010345,-64.8467191,99.0,143.252395629883,5.59688901901245,12.336612701416,-656.329956054688,100.0,63.9527142047882,0.15020000198478609,0.866999987414206,2.63124201217503,2.6731999923124605,0.0,586.303894042969,3.0,7.0,8.0,0.0,0.0,26050904.0,2.0,-31.81894919571106,100.3085508866845,25.914018630981452,17.7824758529663
2026-05-09 18:22:58+00:00,ITA,ITA,18.829999966193697,15.48000015756268,0.0,11.11000004734,5.080000008673223,0.30999999759862773,-0.34937906372410854,1.94760747101395,4.99585025849358,7.410855994754092,-2.81277659420462,0.5880611875367974,4.577145062842452,-17.33416394927992,-18.51999936561746,-19.9130775770346,47.12246589660646,23.075991554260263,1.0,110.999999673762,0.0,267.2421875,10021.328125,155.774826664539,23.2964487075806,150.94619984211698,9.491600042374358,32.2728438,-4.573456163049093,1.64431615266949,1903.5243511199963,550.7209002971647,-795.3190326690674,179.20048534870142,-64.8466902,99.0,138.156799316406,5.59688901901245,12.336612701416,-657.329956054688,100.0,64.995688199997,0.2947999905660168,-1.3186480605503,-0.157111986672174,3.2711998734879075,0.0,586.303894042969,3.0,7.0,8.0,0.0,0.0,26050904.0,2.0,-33.6302088126474,100.81954807434451,25.665582561492897,17.736182212829597
2026-05-09 18:22:59+00:00,ITA,ITA,18.81999988622988,13.7499998134462,0.0,7.950000050474176,1.3099999951883459,-5.859999986622806,-0.3485007307453145,2.48843577667816,4.995489795260132,7.664382371461213,-1.4037618492426045,0.5996740779348941,4.587217969698292,-18.73835419545774,-24.67000021977568,-20.02748324563235,48.2120281219482,24.91459201812742,1.0,110.999999673762,0.0,267.2421875,10021.328125,156.895715348851,25.376927947998,153.68240094438082,8.746799844518836,32.272789,-3.1862422239872457,1.6804541926831,1903.479170799256,536.2539291381836,-808.8654875755308,208.91082286834722,-64.8466619,99.0,133.789398193359,5.59688901901245,12.336612701416,-658.329956054688,100.0,65.0447010993958,-0.5469999738847878,0.593978916794549,-1.93221185109877,2.186399923726076,0.0,586.303894042969,3.0,7.0,8.0,0.0,0.0,26050904.0,2.0,-36.545772731572455,101.33628945109601,25.5154818534851,17.558312873840343
2026-05-09 18:23:00+00:00,ITA,ITA,18.849999784611878,14.359999739351782,0.0,9.34999980484151,3.7999999492194663,-2.1700000205429837,-0.3480610773381345,2.49810465650026,4.9954897952601325,6.484125768260372,-0.9913539866206025,0.6893347288937623,4.494385026707242,-18.898571650366062,-21.019999719777502,-20.60386327289585,49.4929498672485,26.70270446777342,1.0,110.999999673762,0.0,267.2421875,10021.328125,160.003068930613,27.075168800354,156.17680242172338,6.757599883193239,32.2727292,-2.850988919945564,1.6623851610347622,1903.5333633422858,412.5471651554109,-814.937388896942,108.44859182834622,-64.8466332,99.0,127.727661132812,5.59688901901245,12.336612701416,-659.329956054688,100.0,65.0721430778504,-0.08919999938906532,-0.740195017512834,-1.07090994899965,2.6503999244006318,0.0,586.303894042969,3.0,7.0,8.0,0.0,0.0,26050904.0,2.0,-39.34123665318879,101.822609165285,25.47795152664185,16.854814682006822
2026-05-09 18:23:01+00:00,ITA,ITA,18.8399993631386,14.870000060902338,0.0,10.000000221357114,4.039999947360336,-1.5799999770885687,-0.34820747283804,2.4978113852527697,4.99585008773885,6.006078693817061,0.4260673621754808,0.7733242524404281,4.4121693566488815,-18.87301308249184,-20.43000012455424,-21.820216657463902,50.74746322631835,28.35024822235106,1.0,110.999999673762,0.0,267.2421875,10021.328125,161.673541956302,28.6439186096191,157.75760052776076,5.864399823731397,32.2726641,-3.730481771582886,1.64431615266949,1903.415942192078,396.3781595230104,-824.5650172233582,151.4310598373413,-64.8466062,99.0,120.903610229492,5.59688901901245,12.336612701416,-660.329956054688,100.0,65.0603830814362,-0.02120000271726295,0.921752811513438,-1.27671059232471,0.9813999517367471,0.0,586.303894042969,3.0,7.0,8.0,0.0,0.0,26050904.0,2.0,-42.042589447288265,102.282181858684,25.4023037910461,16.66553741455078
2026-05-09 18:23:02+00:00,ITA,ITA,18.84000004615752,14.99000016669448,0.0,10.729999911545386,5.969999841696401,0.8500000094238441,-0.3485007307453145,2.49605367875855,4.9954897952601325,5.676995996114984,0.677190791287697,0.8313875518364888,4.33812105604529,-18.889798272377156,-17.99000007942236,-22.08234736497795,51.2256603240967,29.60236724853516,1.0,110.999999673762,0.0,267.2421875,10021.328125,162.256730828394,29.8770927429199,158.89359759051723,5.186800234949702,32.2725952,-3.053546418697978,1.752730272710324,1903.497242927552,465.5772805213928,-822.2979545593262,172.2287058830262,-64.8465795,99.0,116.041633605957,5.59688901901245,12.336612701416,-661.329956054688,100.0,65.0721430778504,0.08379999413483102,0.179083731396539,-0.0919820975216022,0.9859999827571299,0.0,586.303894042969,3.0,7.0,8.0,0.0,0.0,26050904.0,2.0,-44.57245121774488,102.683619396962,25.18687648773195,16.0941759109497
2026-05-09 18:23:03+00:00,ITA,ITA,18.8199998862299,15.5300002158723,0.0,11.52000008151656,6.7300001986629585,2.1600000259565304,-0.3483538549977325,2.494735238805325,4.995129502781414,5.43851037897915,0.5941829420155764,0.8867504612389914,4.29429045148085,-18.89590138791004,-16.67999984944628,-22.593999397024547,51.7290693283081,30.66793258666994,1.0,110.999999673762,0.0,267.2421875,10021.328125,163.074536698476,30.883268737793,159.58119819841357,5.830799988769986,32.2725234,-3.260165147930882,1.906316913664342,1903.3617496490479,480.17810583114624,-816.0913944244385,172.7112561464312,-64.8465527,99.0,108.538208007812,5.59688901901245,12.336612701416,-662.329956054688,100.0,65.0819480419159,0.3378000041067448,-0.127728646264911,1.9239334483813,0.49959999250137727,0.0,586.303894042969,3.0,7.0,8.0,0.0,0.0,26050904.0,2.0,-46.65648331843158,103.0296811765445,25.018565940856952,16.22190158843992
2026-05-09 18:23:04+00:00,ITA,ITA,18.799999726302257,14.09999988010406,0.0,8.46999993972436,1.9300000437464497,-4.930000063196034,-0.3487935084049125,2.4970789541859952,4.99585008773885,5.335381096569034,0.371431356655913,1.527609011059986,4.823520146111201,-20.771205981146302,-23.72999987487566,-22.79571195868795,52.3191759109497,31.717357635498036,1.0,110.999999673762,0.0,267.2421875,10021.328125,163.304604790479,31.9124919891357,160.1242037015812,6.808999703395893,32.2724486,-3.17050256530914,1.8340408336371201,1903.433990478516,553.9838314056396,-817.9414629936218,234.02532935142517,-64.8465261,99.0,100.751525878906,5.59688901901245,12.336612701416,-663.329956054688,100.0,65.0741040706634,0.3069999864160863,-0.57707350490768,0.185917869269666,0.7111999840320578,0.0,586.303894042969,3.0,7.0,8.0,0.0,0.0,26050904.0,2.0,-48.18138520535838,103.327484254546,24.9228509902954,16.93394439697264
2026-05-09 18:23:05+00:00,ITA,ITA,18.82999962468424,13.170000127431999,0.0,6.370000052041266,-1.6000000089501534,-9.499999979770354,-0.3487935084049125,2.500741429685,4.9954897952601325,5.414518144236376,1.0554485351528524,2.5171177473711177,5.767367338929161,-21.499431871207122,-28.339999855173136,-23.2703520493959,53.318320655822745,32.99943054199216,1.0,110.999999673762,0.0,267.2421875,10021.328125,164.507646990128,33.2628044128418,160.98820897120962,6.767200140958519,32.2723709,-3.54457268817765,1.8792134011164279,1903.533339500428,568.6643600463867,-807.1160793304444,304.680836200714,-64.8464999,99.0,92.9551391601562,5.59688901901245,12.336612701416,-664.329956054688,100.0,65.109395980835,-0.26200000010488617,-0.61249235798328,-0.507331884035708,0.9823999768086018,0.0,586.303894042969,3.0,7.0,8.0,0.0,0.0,26050904.0,2.0,-49.69857854078788,103.591105650847,24.92142448425295,17.411106376647957
2026-05-09 18:23:06+00:00,ITA,ITA,18.83000030770316,12.899999846711001,0.0,6.040000145311017,-1.6500000032267501,-9.760000180527555,-0.348939890564605,2.50103416732396,4.99585008773885,5.8660668167756995,1.43738550982483,2.6904977025176136,5.842233213176399,-21.799267271996378,-28.589999805211782,-23.1576616120535,54.6639965057373,34.598869628906264,1.0,110.999999673762,0.0,267.2421875,10021.328125,165.461578530369,34.9454807281494,161.7925948856106,6.261399873483333,32.2722893,-3.4320010534381304,1.92438594531268,1903.433990478516,457.28771090507496,-814.2120122909546,264.2216145992278,-64.8464739,99.0,87.3462905883789,5.59688901901245,12.336612701416,-665.227966308594,100.0,65.136843919754,-0.630800007706753,-0.0974440410523241,-0.342151096076222,0.29819998669769765,0.0,586.303894042969,3.0,7.0,8.0,0.0,0.0,26050904.0,2.0,-50.884010463700214,103.82875525282799,25.0343896865845,17.91523361206054
2026-05-09 18:23:07+00:00,ITA,ITA,18.839999704648058,12.870000119083759,0.0,6.040000145311017,-1.660000019157544,-9.740000191354653,-0.348939890564605,2.50762562003814,4.9954897952601325,7.535470234840038,2.082002595352205,3.0040405672634916,6.016737033262141,-23.85691435191934,-28.5700003283031,-23.165918456986397,55.8154426574707,35.81636764526366,1.0,110.999999673762,0.0,267.2421875,10021.328125,165.081287257761,36.0451229095459,161.7588018416732,5.122199964270264,32.272204,-3.280183834746636,1.906316936947406,1903.5604476928722,584.5265626907347,-820.7957983016968,352.8489291667938,-64.8464473,99.0,79.2329406738281,5.59688901901245,12.336612701416,-666.227966308594,100.0,65.1682078838348,-0.48859999952349814,0.230413977051147,-1.91108180712769,0.07879999384005779,0.0,586.303894042969,3.0,7.0,8.0,0.0,0.0,26050904.0,2.0,-51.984939286201175,104.03887577736,25.3516568183899,18.7788887786865
2026-05-09 18:23:08+00:00,ITA,ITA,18.820000227739335,13.00000013408498,0.0,6.190000064107782,-1.4199999783279877,-9.539999958116173,-0.348939903904818,2.512460220031745,4.99585008773885,7.599568145106021,2.580043767930255,3.5149986520904095,6.433804691059764,-22.94405717878092,-28.360000356610282,-23.53363449755875,57.21401939392091,37.18504577636719,1.0,110.999999673762,0.0,267.2421875,10021.328125,165.17477888712,37.4339389801025,161.70619845676143,3.2947999699949606,32.2721157,-3.48264165542585,1.8430753611028219,1903.5333633422858,651.0404944419862,-798.0162620544432,501.86452865600603,-64.8464198,99.0,70.0030136108398,5.59688901901245,12.336612701416,-667.227966308594,100.0,65.1936948299408,-0.19400000676813692,0.357508429579452,-1.54543200550099,-0.4619999938865382,0.0,586.303894042969,3.0,7.0,8.0,0.0,0.0,26050904.0,2.0,-53.25608052093232,104.2047264307865,25.745156192779547,19.067368125915518
2026-05-09 18:23:09+00:00,ITA,ITA,18.8599998645757,12.600000009117501,0.0,5.2300000715442945,-3.2500000762099264,-11.900000046556444,-0.3493800108792475,2.528866334418115,4.995489966014863,5.82202174427132,2.722942317702615,4.328697187915333,6.743066350545192,-22.2001915215586,-30.76000042339632,-23.9286422665071,58.44723815917965,38.45430381774902,1.0,110.999999673762,0.0,267.2421875,10021.328125,163.595461566095,38.6733615875244,160.6800007830264,1.3927999559136883,32.2720243,-3.49030832932578,1.8521098885685177,1903.433990478516,938.0873322486874,-826.5055060386658,735.3871583938597,-64.8463908,99.0,61.293285369873,5.59688901901245,12.336612701416,-668.227966308594,100.0,65.2132987976074,-0.0566000002352365,-0.485562897212114,-2.22352198052075,-1.4977999310879362,0.0,586.303894042969,3.0,7.0,8.0,0.0,0.0,26050904.0,2.0,-54.75088859437602,104.308811683548,26.1460292816162,18.8759485244751
2026-05-09 18:23:10+00:00,ITA,ITA,18.80999980626608,13.92000014830268,0.0,8.020000012579336,1.22999993177503,-5.4899999521363725,-0.34937906372410854,2.524618170197775,4.9954897952601325,5.039958766379883,1.99689480975585,4.31141296733379,6.722376597643484,-20.202053489307758,-24.28999991322636,-24.1006298449026,59.63824195861815,39.83808952331542,1.0,110.999999673762,0.0,267.2421875,10021.328125,162.066168550551,40.1596160888672,158.8056028974022,0.4504000081437022,32.2719306,-3.6280451557319737,1.788868289440872,1903.433990478516,1047.7143049240137,-829.7726869583132,967.8966283798218,-64.8463576,99.0,52.8585052490234,5.59688901901245,12.336612701416,-669.227966308594,100.0,56.3539028167725,-1.047400043006153,-0.246631033935726,-0.927060508828773,-1.9599999207840977,0.0,586.303894042969,3.0,7.0,8.0,0.0,0.0,26050904.0,2.0,-55.99281915908379,104.3202795711645,26.35504417419435,18.633769340515123
2026-05-09 18:23:11+00:00,ITA,ITA,18.839999704648058,14.090000312404438,0.0,8.72999988434945,2.6400000115661033,-3.4899999462847537,-0.349672801879059,2.5203700059774397,4.9954897952601325,4.537203994878238,0.7591457108703665,4.30547121502007,6.722376597643489,-19.054974103113416,-22.320000211299238,-23.61501876284035,60.3845432281494,41.087749328613256,1.0,110.999999673762,0.0,267.2421875,10021.328125,159.477403911711,41.3772651672363,156.9031930399542,0.15740000454369407,32.2718347,-3.10263648236674,1.843075361102818,1903.524327278138,1027.882611751554,-830.1568031311033,997.8280067443845,-64.8463193,99.0,43.0712242126465,5.59688901901245,12.336612701416,-670.329956054688,94.5930063724518,53.7229478359222,-1.5703999754553881,-0.730527631794621,1.21654804495942,-1.994200001307504,0.0,586.303894042969,3.0,7.0,8.0,0.0,0.0,26050904.0,2.0,-56.76986519227512,104.23417820648751,26.29504594802855,19.51525737762452
2026-05-09 18:23:12+00:00,ITA,ITA,18.84000004615752,13.2700000732965,0.0,6.63999990587544,-1.0700000077196437,-8.970000181311102,-0.3496723216313825,2.515975526298475,4.99585008773885,3.9742901124502326,0.506448748580153,4.30196066854141,6.729182795774039,-19.08320259193418,-27.82000047818716,-23.3886509258205,61.993521881103504,42.56324203491209,1.0,110.999999673762,0.0,267.2421875,10021.328125,159.556606785326,42.8760234832764,155.80879729339458,0.5507999869821212,32.2717368,-3.508996537979898,1.8792134011164279,1903.497219085694,1013.5907411575308,-823.159861564636,1031.0713529586799,-64.8462762,99.0,33.7635192871094,5.59688901901245,12.336612701416,-671.329956054688,88.5645389556885,53.7170648574829,-2.0163999944120663,-1.11147006689042,-0.174367565815925,0.028399998606064347,0.0,586.303894042969,3.0,7.0,8.0,0.0,0.0,26050904.0,2.0,-56.528769759857404,104.0885278375315,26.3377733230591,21.8013567352295
2026-05-09 18:23:13+00:00,ITA,ITA,18.83999970464806,13.629999878408759,0.0,7.710000009644618,1.319999968430455,-5.6699999934307,-0.348939890564605,2.531649636504895,4.995129502781414,5.047478292391878,1.067533487672133,4.088611428211694,6.458033933366735,-19.21824294503342,-24.50000022642866,-22.421427837455,63.5460720062256,44.373229293823236,1.0,110.999999673762,0.0,267.2421875,10021.328125,157.817681603776,44.7166282653809,155.5463923537854,-0.003999992231691066,32.2716352,-2.8465995842528202,1.87921340111643,1903.406929969788,852.2546172142032,-776.6955018043518,950.676667690276,-64.8462304,99.0,25.1278476715088,5.59688901901245,12.336612701416,-672.329956054688,80.6108832359314,53.7464737892151,-2.905999989228448,-0.166511861094632,-0.196803016351911,-0.8047999359225593,0.0,586.303894042969,3.0,7.0,8.0,0.0,0.0,26050904.0,2.0,-56.6447053908292,103.939353090964,26.42186079025265,23.66939884185792
2026-05-09 18:23:14+00:00,ITA,ITA,18.829999966193697,14.400000229961762,0.0,9.080000036384686,2.740000037471894,-3.4099999469044624,-0.3485007307453145,2.5328211206692552,4.995129502781414,4.41115686648179,1.241426475402665,4.025956993049428,6.26882915562092,-19.164837354403637,-22.23999957158868,-22.2828424454218,64.9191776275635,45.72585159301754,1.0,110.999999673762,0.0,267.2421875,10021.328125,156.804300097,45.8542179107666,154.2580028423428,0.41299999466631665,32.2715305,-3.0207065276590983,1.9876274978742017,1903.4882068634038,743.778896331787,-821.0295677185059,818.929696083069,-64.8461803,99.0,14.5911712646484,5.59688901901245,12.336612701416,-673.329956054688,66.1425650119782,51.1684417724609,-2.190199984848174,1.4876672814212,0.252384534496536,-1.3803999609189397,0.0,586.303894042969,3.0,7.0,8.0,0.0,0.0,26050904.0,2.0,-56.9420781669132,103.7599240214675,26.4952889442444,24.2985580444336
2026-05-09 18:23:15+00:00,ITA,ITA,18.84000004615752,13.6200001399544,0.0,7.669999860544091,1.0199999814265361,-6.0400001453110175,-0.348647112905007,2.5354581072974147,4.99585008773885,3.437517114211834,0.7875156619801664,4.10454523501696,6.173817979926188,-19.13317498797766,-24.879999849959063,-21.76255534671705,65.8772678375244,46.43310813903806,1.0,110.999999673762,0.0,267.2421875,10021.328125,156.673679559312,46.635994720459,153.799601526387,0.6924000003993875,32.2714245,-2.825507149010856,1.8972824094817038,1903.325629234314,949.7636556625366,-790.1933908462524,962.2673153877261,-64.846127,99.0,2.78663754463196,5.59688901901245,12.336612701416,-674.329956054688,66.1347210407257,41.4797693490982,-1.777199982177732,-0.674534434669944,-0.299775588609258,0.1443999987747028,0.0,586.303894042969,3.0,7.0,8.0,0.0,0.0,26050904.0,2.0,-56.07388462528589,103.5596253089625,26.6380648612976,26.123204498291024
2026-05-09 18:23:16+00:00,ITA,ITA,18.86999960303006,14.439999866798122,0.0,9.500000150525098,3.9800000438746537,-1.830000033848917,-0.34937906372410854,2.21391958832136,4.9954897952601325,3.8783225395169665,1.164199820974005,4.124530197773686,6.171639661845142,-19.26783421652122,-20.709999972974877,-21.07412606611945,66.87439041137695,47.19621299743652,1.0,110.999999673762,0.0,267.2421875,10021.328125,155.78896515612,47.3951396942139,153.483199843275,-0.06239999460742822,32.2713172,-2.5312523542829517,1.870178896933794,1903.334665298462,887.1872544288635,-796.1143970489502,902.8947949409487,-64.8460719,99.0,0.0,5.59688901901245,12.336612701416,-675.329956054688,66.1504089832306,34.518113732338,-2.172199939097278,-0.213324536922871,-0.66539644197326,-0.660599994989472,0.0,586.303894042969,3.0,7.0,8.0,0.0,0.0,26050904.0,2.0,-55.115025103559034,103.38882959857699,26.770408058166502,28.65136150360106
2026-05-09 18:23:17+00:00,ITA,ITA,18.879999682993876,14.290000033378721,0.0,8.939999941419652,2.779999989137272,-3.5399999832500333,-0.35011244194602553,0.865803717133673,4.995129502781414,3.8249673215323057,0.6236038217828479,4.234175139142536,6.196141599454728,-19.24647177536358,-22.43000006637282,-20.604273938019652,67.80596580505369,47.612015304565446,1.0,110.999999673762,0.0,267.2421875,10021.328125,154.984532796433,47.5457485198975,152.9680014062566,-0.4503999948034892,32.271209,-2.303505715513084,1.879213401116432,1903.406929969788,1000.9649276733375,-794.5886135101318,1019.9170470237738,-64.8460142,99.0,0.0,5.59688901901245,12.336612701416,-676.329956054688,66.1288440227508,33.6260974407196,-1.9608000347566819,-0.949498854191028,-0.728481456529673,-0.40639999354350376,0.0,586.303894042969,3.0,7.0,8.0,0.0,0.0,26050904.0,2.0,-54.00956581658168,103.239350908591,27.09489526748655,30.400534973144538
2026-05-09 18:23:18+00:00,ITA,ITA,18.8599998645757,15.100000534032262,0.0,10.760000151436872,5.689999950587086,0.719999994422614,-0.3485007307453145,0.20104789887979452,4.9954897952601325,4.04769842432859,0.40768050460249305,4.368666345032504,6.264200934061953,-19.2907221804299,-18.1300001743874,-20.286926273707948,68.9208583831787,48.19917480468748,1.0,110.999999673762,0.0,267.2421875,10021.328125,154.881342298452,48.397673034668,152.2548012493512,-0.16039999238086083,32.2711007,-2.5281725366088303,1.951489457860588,1903.3888578414922,947.5870847702033,-824.3644714355469,1059.420442581176,-64.8459546,99.0,0.0,5.59688901901245,12.336612701416,-677.329956054688,66.1249220371246,33.581006526947,-2.6655999981343057,0.0651040291472393,1.11276961710172,-0.739999986597065,0.0,586.303894042969,3.0,7.0,8.0,0.0,0.0,26050904.0,2.0,-52.76761612734426,103.1172339564205,27.3839172363281,31.80431991577148
2026-05-09 18:23:19+00:00,ITA,ITA,18.849999784611878,14.020000094167198,0.0,8.499999838106351,2.189999967027202,-4.469999970709827,-0.34879350840491197,0.2137923248397375,4.995129502781414,4.009024783342233,0.48333169318976754,4.367316102010959,6.2838021255646925,-19.223584152964342,-23.309999931489983,-20.035512133001653,70.0872528076172,49.01768371582032,1.0,110.999999673762,0.0,267.2421875,10021.328125,154.099435902648,49.1801055908203,151.8317994378254,0.4115999846453212,32.2709908,-2.4293513960177,1.933420449495316,1903.434014320374,888.3549213409426,-809.0809464454651,999.1907954215992,-64.8458933,99.0,0.0,5.59688901901245,12.336612701416,-678.329956054688,66.130805015564,33.5947304964066,-2.628599881560652,0.0218528117209056,0.230438869889021,-0.6113999866194124,0.0,586.303894042969,3.0,7.0,8.0,0.0,0.0,26050904.0,2.0,-52.26401603455546,103.0069639673655,27.660323810577403,32.33682998657224
2026-05-09 18:23:20+00:00,ITA,ITA,18.849999784611878,14.00999984344864,0.0,8.489999928897264,2.300000035544208,-4.029999952773886,-0.349819184038751,0.2158432025298465,4.99585008773885,3.8937206033592062,-0.007879263537844516,4.298450122062752,6.10113067989209,-19.274700605693802,-22.870000169686143,-19.584185185478248,70.8211051940918,49.636446075439416,1.0,110.999999673762,0.0,267.2421875,10021.328125,153.502764237134,49.7705726623535,151.42679927287583,0.5474000148628241,32.2708802,-2.097971406876966,1.80693734437227,1903.415942192078,900.1554727554319,-762.3169064521788,977.2193312644958,-64.8458291,99.0,0.0,5.59688901901245,12.336612701416,-679.329956054688,66.1268830299377,33.5947304964066,-2.8213999001308343,-0.591881088224003,0.0900600529406916,0.4261999728995579,0.0,586.303894042969,3.0,7.0,8.0,0.0,0.0,26050904.0,2.0,-51.92133178351759,102.896325148095,27.8462777137756,32.082349548339856
2026-05-09 18:23:21+00:00,ITA,ITA,18.86999960303006,13.51999985258044,0.0,7.309999970054489,0.03999997834580391,-6.900000021255261,-0.349232681564416,0.21745443348288201,4.994769210302697,4.2335454810784245,-0.9960823184756755,4.041890287590502,5.816370104242597,-19.29415571652568,-25.77000013654948,-19.484209145275898,72.3874500274658,50.96105323791502,1.0,110.999999673762,0.0,267.2421875,10021.328125,156.280930021658,51.3153533935547,153.4210014086176,0.6569999943770284,32.2707671,-2.054244920008686,1.834040856920182,1903.298544883728,816.7640686035154,-746.6943025588992,935.1074576377869,-64.8457649,99.0,0.0,5.59688901901245,12.336612701416,-680.329956054688,72.2984611988068,33.5849285125732,-2.966799899965006,0.346263083399981,-0.154829249406148,3.3561998274727403,0.0,586.303894042969,3.0,7.0,8.0,0.0,0.0,26050904.0,2.0,-52.01420664679465,102.810961443848,28.31862630844115,32.13236618041992
2026-05-09 18:23:22+00:00,ITA,ITA,18.829999966193697,12.49000015404392,0.0,5.080000067370162,-3.2899999691783703,-12.1499999965951,-0.34923314847187903,0.241917603098822,4.995129502781414,3.951014706060846,-0.6782388784797505,3.8501465577754623,5.567273105212232,-19.24990531145938,-30.96999971207024,-19.67110617285585,74.82886619567864,52.95062988281249,1.0,110.999999673762,0.0,267.2421875,10021.328125,159.957716474524,53.482107925415,156.906799379836,0.32020000733801035,32.2706475,-2.1832012394160523,1.8521098652854557,1903.3707857131958,868.9079880714419,-795.7003831863404,922.5219488143923,-64.8457059,99.0,0.0,5.59688901901245,12.336612701416,-681.329956054688,79.9070715904236,33.5868895053864,-2.799799939144858,-0.158109727899524,0.833927464401064,3.042799884435248,0.0,586.303894042969,3.0,7.0,8.0,0.0,0.0,26050904.0,2.0,-52.74977362417542,102.8073585190605,29.175977897644,31.610069961547858
2026-05-09 18:23:23+00:00,ITA,ITA,18.79999972630224,11.820000089864859,0.0,3.5799999829401785,-6.010000033485612,-15.499999805226121,-0.3493795439717845,0.25392914442473746,4.995129502781414,3.7938140176429145,-0.33150100355096046,3.8763424676765803,5.4447660638626,-19.18581764647714,-34.289999622319286,-19.73916559284045,77.22221717834469,55.27916290283203,1.0,110.999999673762,0.0,267.2421875,10021.328125,162.878045816433,55.73649559021,159.96178999934517,0.6593999734409829,32.2705197,-2.38137102464565,1.906316936947406,1903.3707857131963,870.7280039787292,-813.477075099945,1000.9907007217422,-64.8456535,99.0,0.0,5.59688901901245,12.336612701416,-682.329956054688,83.0948114395142,33.5888475179672,-2.441399892402282,0.725315236962549,-0.0723688024434073,3.4379996670766966,0.0,586.303894042969,3.0,7.0,8.0,0.0,0.0,26050904.0,2.0,-53.562653561828334,102.8804449582745,29.5534080505371,31.210449829101577
2026-05-09 18:23:24+00:00,ITA,ITA,18.859999864575702,11.43000004486116,0.0,2.809999972896622,-6.840000139113923,-17.07999997441376,-0.3496723216313825,0.2659416195655785,4.995129502781414,2.88785256080186,-0.331501003550961,3.961411876147536,5.3562887325052655,-19.17666280242312,-35.93000044204456,-20.069418045815247,78.95924491882326,57.28914253234861,1.0,110.999999673762,0.0,267.2421875,10021.328125,166.786006851948,57.7675071716308,163.7298004587664,0.40279999559910307,32.2703844,-2.39686334509844,1.8521098652854562,1903.3256530761719,1093.004417419434,-820.5364227294924,1150.71837902069,-64.8456084,99.0,0.0,5.59688901901245,12.336612701416,-683.329956054688,96.4280128479004,33.5829675197601,-2.2500000199232737,-0.46304723197402,-1.01115529199385,4.1007999007855815,0.0,586.303894042969,3.0,7.0,8.0,0.0,0.0,26050904.0,2.0,-55.44623327075347,103.019015836156,30.0315742492676,30.11974262237548
2026-05-09 18:23:25+00:00,ITA,ITA,18.85999952306624,12.019999981593859,0.0,4.099999914879044,-4.669999990504893,-13.949999875929919,-0.3487935084049125,0.26887083690458846,4.994769210302696,3.401708268006798,-1.0076398790054104,3.9681638596515496,5.204652300383364,-19.322767037449402,-32.820000161978896,-20.4123780657409,80.55439796447754,59.69666244506834,1.0,110.999999673762,0.0,267.2421875,10021.328125,171.426232468379,60.3855903625488,168.41199348953378,-0.5312000014346586,32.2702415,-1.8983788932432522,1.843075361102818,1903.226280212402,1049.8464226722704,-813.8085484504701,1178.884887695316,-64.8455731,99.0,0.0,5.59688901901245,12.336612701416,-684.329956054688,96.4456558227539,33.5986524820328,-3.128400041293392,-0.437058628986386,-0.867434504839296,4.690999705928872,0.0,586.303894042969,3.0,7.0,8.0,0.0,0.0,26050904.0,2.0,-58.662160222581214,103.200360773714,30.6313865661621,28.07947334289552
2026-05-09 18:23:26+00:00,ITA,ITA,18.829999966193697,13.120000069122401,0.0,6.369999966663897,-1.329999995033417,-8.790000022622895,-0.3485007307453145,0.256126397604432,4.995129502781414,3.0432628431949262,-1.216207495996269,3.9408874992011045,5.091674141322186,-19.24685324142876,-27.610000506494316,-20.66869457472395,82.5593273162842,62.26210464477538,1.0,110.999999673762,0.0,267.2421875,10021.328125,175.182153492969,62.6958709716797,172.27459660480838,-0.2752000130226818,32.2700903,-1.9618027705598642,1.879213424399492,1903.3437013626099,991.1878466606155,-812.3642086982726,1145.109486579896,-64.8455493,99.0,0.0,5.59688901901245,12.336612701416,-685.329956054688,97.590571641922,33.5888475179672,-2.86739998621908,0.275557125194568,2.25448365491524,4.079599847375507,0.0,586.303894042969,3.0,7.0,8.0,0.0,0.0,26050904.0,2.0,-60.85526839525628,103.4276319032515,30.86308994293215,26.2111116027832
2026-05-09 18:23:27+00:00,ITA,ITA,18.86999994453952,12.059999789184939,0.0,4.190000122289196,-4.380000062120447,-13.559999660171519,-0.3483538549977325,0.2449936828452005,4.9954897952601325,3.18112649767627,-2.5894995245059054,4.003541763608643,5.024703453491291,-19.256008426992242,-32.43000045848468,-20.0284574013627,81.25942840576175,63.927752838134744,1.0,110.999999673762,0.0,267.2421875,10021.328125,179.54900761806,64.2303039550781,178.164998190314,-0.4352000087817157,32.2699329,-0.4252364119665269,1.915351441130042,1903.3707857131963,1098.2344865798939,-807.6196551322935,1181.394720077516,-64.8455373,99.0,0.0,5.59688901901245,12.336612701416,-686.329956054688,100.0,34.1142565011978,-3.0565999401437964,-0.960386282449734,-2.04585702082109,7.401399853980306,0.0,586.303894042969,3.0,7.0,8.0,0.0,0.0,26050904.0,2.0,-65.66313007656314,103.6840235443155,30.034997177124,22.77252582550048
2026-05-09 18:23:28+00:00,ITA,ITA,18.86999960303006,14.21000024744186,0.0,8.720000060517734,2.649999974136046,-3.2700000226941497,-0.3485007307453145,0.21613598018944452,4.994769210302697,3.3401172932983023,-3.4736804258904552,3.9840973249473564,4.891307126925279,-19.048108396959723,-22.150000217952204,-20.278807740105748,79.41875152587889,66.12948303222655,1.0,110.999999673762,0.0,267.2421875,10021.328125,187.34665210287,66.6745422363281,186.0292015025476,-0.721799978720582,32.2697709,0.2159930891635526,1.87017887365073,1903.316617012024,967.5662279129044,-823.028576374054,1131.8785905838,-64.8455441,99.0,0.0,5.59688901901245,12.336612701416,-687.329956054688,86.7354154586792,34.1456234455109,-4.168400075925856,-0.651841024430871,0.737104356913403,7.781799811973443,0.0,586.303894042969,3.0,7.0,8.0,0.0,0.0,26050904.0,2.0,-73.37654466852857,103.934701732139,29.137850189209,15.831233425140379
2026-05-09 18:23:29+00:00,ITA,ITA,18.85999952306624,14.039999741830599,0.0,8.32000010630496,1.9300000010577691,-4.490000034587917,-0.3485007307453145,0.204709527275263,4.995129502781414,3.6219321791134957,-3.766831398015465,3.9389969882162106,4.830053563561775,-19.052303499147943,-23.3700000697634,-21.024617439920647,77.79082145690916,68.2329103088379,1.0,110.999999673762,0.0,267.2421875,10021.328125,195.583300166394,68.5935928344726,193.83920589767962,0.8667999952731424,32.2696054,0.04649805590402628,1.9153514411300403,1903.307557106018,673.9409923553468,-797.268486022949,931.1307430267327,-64.8455776,99.0,0.0,5.59688901901245,12.336612701416,-688.227966308594,88.1136298179626,41.9992953538895,-4.161799893376144,0.60495503079076,1.44034901151182,9.094599821867694,0.0,586.303894042969,3.0,7.0,8.0,0.0,0.0,26050904.0,2.0,-81.47241980118238,104.17759691940299,28.32804021835325,6.394884238243109
2026-05-09 18:23:30+00:00,ITA,ITA,18.899999842921517,13.7799998825829,0.0,7.930000146678651,1.7300000452957238,-4.820000016023366,-0.34806109067834745,0.20031500090555399,4.994769210302697,3.92952957763029,-3.12011248185357,3.791272546941434,4.54719920833227,-19.106472363417502,-23.71000039796694,-21.5934219336209,73.86806716918946,69.89503738403319,1.0,110.999999673762,0.0,267.2421875,10021.328125,206.262765386572,70.4362678527832,204.0138026589406,1.1206000020983147,32.2694424,0.04489955584997459,1.9334204727783804,1903.307580947876,568.3271229267123,-751.9226908683773,790.551972389221,-64.8456429,99.0,0.0,5.59688901901245,12.336612701416,-689.227966308594,90.2466297149658,46.8808799982071,-4.285199811205022,0.0376031629134156,0.44336414757035,9.14459962404521,0.0,586.303894042969,3.0,7.0,8.0,0.0,0.0,26050904.0,2.0,-92.801963302033,104.41294133253899,27.3592297554016,-5.442438050508507
2026-05-09 18:23:31+00:00,ITA,ITA,18.840000387666983,14.04000008334008,0.0,8.290000037168245,1.719999976004079,-4.9100000526787895,-0.34791421493076546,0.2009010298023195,4.994769210302696,3.3902493450136317,-3.286651490282115,3.79775422570905,4.506363556341516,-19.019116292989782,-23.750000034803282,-21.8558617071949,71.9651802062988,71.91560440063475,1.0,110.999999673762,0.0,267.2421875,10021.328125,215.069324434442,72.1539939880371,212.60319720818697,2.6579998118570822,32.2692867,-0.4528795722517006,2.032800042070448,1903.298544883728,575.9490013122557,-786.7215991020204,749.5162129402163,-64.8457429,99.0,0.0,5.59688901901245,12.336612701416,-690.227966308594,90.25838971138,46.8593150377274,-3.487199995611872,0.268869996471155,2.53280319142269,9.66239985087321,0.0,586.303894042969,3.0,7.0,8.0,0.0,0.0,26050904.0,2.0,-101.18092655314082,104.6409501225075,26.6679356575012,-17.29364845275878
2026-05-09 18:23:32+00:00,ITA,ITA,18.87999968299388,12.469999994116279,0.0,5.060000035508578,-3.2200001031227474,-11.74000030392796,-0.3473286596115695,0.203830240471223,4.9954897952601325,3.636971914156404,-3.0050592259451747,3.766966977270484,4.380317793982902,-18.981731935586616,-30.619999645412406,-20.770442195242353,69.75138015747069,73.71225494384764,1.0,110.999999673762,0.0,267.2421875,10021.328125,225.571928736252,74.228116607666,223.1547985550274,3.3632000029757223,32.2691438,-0.092744066488498,2.041834546253084,1903.2353162765503,751.2714266777036,-808.457636833191,875.035297870636,-64.845875,99.0,0.0,5.59688901901245,12.336612701416,-691.227966308594,100.0,46.8534350395203,-3.766399943503328,-0.91734050930961,-1.60894934968753,9.736799735464315,0.0,586.303894042969,3.0,7.0,8.0,0.0,0.0,26050904.0,2.0,-109.193104547705,104.861858930833,26.03314390182495,-26.269495697021476
2026-05-09 18:23:33+00:00,ITA,ITA,18.839999704648058,13.58000016160862,0.0,7.180000040430625,-0.10000002056970266,-7.399999964021228,-0.34835386833794546,0.20397710954869802,4.994769210302696,3.3608862337057,-2.5721625834017052,3.468818035564664,4.0212365639366645,-18.6063655708797,-26.24000047975424,-19.74338323465295,68.16379051208494,75.30420135498046,1.0,110.999999673762,0.0,267.2421875,10021.328125,232.334731259913,75.3856086730957,231.03239996633738,3.1345998893803824,32.2690175,-0.04897206056154038,2.02376553788781,1903.172087669372,791.638231277466,-817.3280954360965,919.202065467835,-64.846037,99.0,0.0,5.59688901901245,12.336612701416,-692.227966308594,100.0,46.8514740467072,-3.307999950896246,1.93049128375816,-0.841756835541456,7.676599786961707,0.0,586.303894042969,3.0,7.0,8.0,0.0,0.0,26050904.0,2.0,-116.23706634439881,105.07588632356999,25.5277805328369,-36.240654830932606
2026-05-09 18:23:34+00:00,ITA,ITA,18.859999864575702,13.789999962546698,0.0,8.15000011295792,1.920000049159998,-4.770000032418941,-0.34747505511147503,0.20734691410981348,4.9944089178239786,3.0690449716983816,-1.402185409565654,3.4301991641577194,3.84019855800407,-18.071926149459898,-23.629999758256425,-19.04421006649095,66.2556404113769,75.6918209838867,1.0,110.999999673762,0.0,267.2421875,10021.328125,238.87439150339,75.9651100158691,237.8380004553378,1.931799905314454,32.2689085,-0.08638080612562052,2.07797260954976,1902.9644489288319,908.0423355102537,-839.1922831535343,1027.509999275208,-64.8462185,99.0,0.0,5.59688901901245,12.336612701416,-693.329956054688,100.0,46.8612760305405,-3.540599994024278,-0.247130998446886,-2.39072799961043,3.9521998932922338,0.0,586.303894042969,3.0,7.0,8.0,0.0,0.0,26050904.0,2.0,-121.30668956149479,105.307805396838,25.191025543212902,-43.61668739318848
2026-05-09 18:23:35+00:00,ITA,ITA,18.85999952306624,17.619999852836838,0.0,16.249999655342062,14.7699999442831,13.420000248225378,-0.3483538549977325,0.20851802474820602,4.9944089178239786,2.620361478138514,-1.07173346704231,3.28571577571016,3.672772308002346,-17.03089535390432,-5.450000037823581,-19.59910146485195,65.86849937438964,75.60904861450194,1.0,110.999999673762,0.0,267.2421875,10021.328125,241.494397427494,75.4166999816894,240.14919986668679,1.5700000038464599,32.2688124,-0.7226600863000714,1.9966620020568377,1902.3684263229381,862.5332951545721,-833.6185336112976,985.9599351882935,-64.8464113,99.0,0.0,5.59688901901245,12.336612701416,-694.227966308594,100.0,46.8377500772476,-2.34420000393236,2.18314403658175,2.43843665751956,2.379800038447866,0.0,586.303894042969,3.0,7.0,8.0,0.0,0.0,26050904.0,2.0,-122.779152671069,105.6531909876925,25.166961193084703,-46.673835754394496
2026-05-09 18:23:36+00:00,ITA,ITA,18.83000030770316,15.86000012260256,0.0,12.259999851668699,7.509999861783503,3.440000058729864,-0.34791421493076546,0.2095437070521515,4.995129502781414,1.661403004046086,-1.4914960826986698,3.2308930062049575,3.591373443191356,-19.042004598407942,-15.39000029166198,-19.338762828221398,63.7122436523437,74.52897583007812,1.0,110.999999673762,0.0,267.2421875,10021.328125,243.95045149076,74.3671897888184,243.0687942802412,3.238399981744356,32.2687246,-0.36202751752208495,1.9334204727783781,1901.8265485763561,1397.295212745668,-616.0806775093081,1332.908034324648,-64.8466073,99.0,0.0,5.59688901901245,12.336612701416,-695.329956054688,100.0,46.7946201562882,-1.330800034300808,-1.44471713092945,0.444877301275772,3.509199906862436,0.0,586.303894042969,3.0,7.0,8.0,0.0,0.0,26050904.0,2.0,-125.26914184620799,106.02570608993051,25.1683035850525,-48.79593223571776
2026-05-09 18:23:37+00:00,ITA,ITA,18.849999784611878,15.510000055944639,0.0,11.759999951591421,7.529999936333773,3.229999990987493,-0.34747505511147503,0.2124738715463,3.53447322896141,2.092898411936986,-1.33283809871612,3.2036165603771503,3.63275350394764,-19.94723142571508,-15.61000000180918,-18.8005396527561,62.3336929321289,74.61962127685545,1.0,110.999999673762,0.0,267.2421875,10021.328125,247.440760118907,74.8781845092773,246.3518039350024,2.483600002745796,32.2686458,-0.15170462195580986,351.5020322520286,1901.709198951726,1463.520669937134,-673.9872455596925,1489.621090888976,-64.8468063,99.0,0.0,5.59688901901245,12.336612701416,-696.227966308594,100.0,46.7946201562882,-3.139399975574336,-1.20697884321053,-0.717772627045592,2.4405998638070616,0.0,586.303894042969,3.0,7.0,8.0,0.0,0.0,26050904.0,2.0,-128.0175990399184,106.3954686259325,25.243176269531247,-52.79423400878903
2026-05-09 18:23:38+00:00,ITA,ITA,18.84999944310242,16.04000019591338,0.0,12.69000021652766,9.000000079693091,5.180000013234673,-0.33692837591911595,0.206759931387802,1.0509257119505173,2.6085441409686516,-1.1316241942229799,3.185792712162494,3.640648007345072,-21.0740931104567,-13.670000027509321,-18.920334340609,61.805748367309604,74.58667602539063,1.0,110.999999673762,0.0,267.2421875,10021.328125,248.686805189571,74.5012023925781,248.21799739739498,1.2822000046884838,32.2685743,-0.1919870606403054,1317.6492214202879,1901.8265724182122,1066.8734669685375,-742.5148129463196,1237.8859043121342,-64.8470104,99.0,0.0,5.59688901901245,12.336612701416,-697.329956054688,100.0,46.7985421419144,-3.567599945256748,-0.278583806131383,-0.795279372591076,2.081199984091706,0.0,586.303894042969,3.0,7.0,8.0,0.0,0.0,26050904.0,2.0,-129.6452221908298,106.769978143408,25.707010459899898,-54.02591812133791
2026-05-09 18:23:39+00:00,ITA,ITA,18.849999784611878,16.610000314227918,0.0,14.110000130822602,11.419999964897352,8.60000004010296,-0.3389787666914425,0.222434995419463,0.7961935934114824,2.6815944655571338,-0.2847442565666576,3.211448354100262,3.621319340390216,-20.82918916455782,-10.249999915263679,-19.9167103838994,59.799109268188445,73.2435150146484,1.0,110.999999673762,0.0,267.2421875,10021.328125,249.763625493358,72.8036567687988,249.286206198677,0.3571999971796372,32.2685087,-0.4244118026944224,1759.41641330719,1901.8265247345,869.5711374282835,-758.2080364227296,1021.696305274964,-64.8472149,99.0,0.0,5.59688901901245,12.336612701416,-698.329956054688,100.0,46.8044221401215,-3.0477999244171543,-0.0405569295798085,-0.607135728765845,0.11200000610266832,0.0,586.303894042969,3.0,7.0,8.0,0.0,0.0,26050904.0,2.0,-130.8783008303732,107.13764039624101,26.17821836471555,-53.68652572631836
2026-05-09 18:23:40+00:00,ITA,ITA,18.84000004615752,17.62999993280068,0.0,16.29000014595202,14.7699999442831,13.2100001057778,-1.9041885987904101,0.2149643893033755,2.32674803817367,2.9268843598328163,-0.3488378512736645,3.38914951380253,3.440281462523668,-20.69834527968462,-5.639999934966152,-20.28694591050185,58.05968170166015,72.09243072509764,1.0,110.999999673762,0.0,267.2421875,10021.328125,248.815485953534,71.9225601196289,248.835200611554,-0.774599987703084,32.268445,-0.15634844756218164,1902.742099761964,1901.7091274261518,689.4189715385437,-760.7408165931703,908.536112308502,-64.8474155,99.0,0.0,5.59688901901245,12.336612701416,-699.329956054688,100.0,46.7965811491013,-3.6757999174180016,-0.0766824804508803,-0.612907665501329,-1.0691999791244229,0.0,586.303894042969,3.0,7.0,8.0,0.0,0.0,26050904.0,2.0,-131.51188283816182,107.476766118721,26.68345470428465,-52.12953575134276
2026-05-09 18:23:41+00:00,ITA,ITA,17.2000000802059,15.980000569904158,0.0,14.93000019917576,13.18999960434075,11.9199998649746,-2.20404676331952,0.2044167562857715,3.2231741667352423,2.9548153939152106,-0.6320066353288301,3.4131849921804878,3.422858034149106,-20.398128754339677,-5.249999975339828,-21.30998103589645,56.50698738098145,70.77780670166017,1.0,110.999999673762,0.0,267.2421875,10021.328125,249.315237234725,70.3448753356934,248.69500141657483,-0.5732000085798313,32.2683804,-0.2825567644209778,1902.8414726257338,1902.93731689453,596.4211463928223,-792.3313736915587,781.4463496208193,-64.8476126,99.0,0.0,5.59688901901245,12.336612701416,-700.329956054688,100.0,55.3795456886292,-2.716399999661778,1.74172897420452,1.30659117583964,0.9551999650664704,0.0,586.303894042969,3.0,7.0,8.0,0.0,0.0,26050904.0,2.0,-132.1794108861254,107.767308705635,27.23323888778685,-50.74787658691406
2026-05-09 18:23:42+00:00,ITA,ITA,2.3000000141998678,1.7300000452957243,0.0,1.7800000609166595,1.3000000006018937,1.430000042283551,-2.19789415025951,0.211008549175388,2.591928638595534,2.4284265457153937,-0.6924238206841185,3.4115647005546323,3.399446023976322,-15.69804045719172,-0.8600000253546384,-22.32966766105045,53.527790451049796,68.18686248779295,1.0,110.999999673762,0.0,267.2421875,10021.328125,250.860362628766,67.4910255432129,250.4667962004868,-0.19980000197409237,32.26832,-0.08450762541172296,1901.414036750796,1902.892160415648,1094.1083788871765,-780.9426069259644,1120.6939697265614,-64.8478054,99.0,0.0,5.59688901901245,12.336612701416,-701.329956054688,100.0,55.3736686706543,-1.1031999777938286,1.06766849062995,-0.113281969077114,2.25839987194192,0.0,586.303894042969,3.0,7.0,8.0,0.0,0.0,26050904.0,2.0,-132.9414468955968,108.05066251844801,27.708837890625,-49.21314216613767
2026-05-09 18:23:43+00:00,ITA,ITA,-0.9400000354070969,-0.9600000032356597,0.0,-0.9600000139078286,-0.8400000041652229,-0.7699999993713827,-2.177239444765985,0.221262930955825,1.8907849181693042,1.579401054875724,0.22432898886701994,3.411294694639004,3.39808493802947,-13.59118357184614,0.16999999868311771,-24.4611067387284,50.49917221069335,65.3894920349121,1.0,110.999999673762,0.0,267.2421875,10021.328125,253.436491417641,65.0353271484375,252.0875946263794,-0.4423999969998943,32.2682678,-0.8332417134083944,1901.1610746383703,1902.819895744322,1665.6673669815057,-808.6073994636536,1635.400128364564,-64.8479926,99.0,0.0,5.59688901901245,12.336612701416,-702.329956054688,100.0,55.3187727928162,-0.8666000158052777,-0.831856529700375,0.250133266793503,0.7183999845899331,0.0,586.303894042969,3.0,7.0,8.0,0.0,0.0,26050904.0,2.0,-134.5456206410496,108.3544078610275,28.0184008598328,-48.83840263366697
2026-05-09 18:23:44+00:00,ITA,ITA,-0.9000000463891229,-0.8900000411305014,0.0,-0.8900000411305014,-0.8700000199410874,-0.800000015147248,-2.130949438491805,0.2347397813124395,1.77801102445299,1.1461150061722019,0.568439478786123,3.4129149008874995,3.3989014871447423,-13.405407890573098,0.10999999914789974,-25.97265406903525,47.79513473510745,63.75486923217771,1.0,110.999999673762,0.0,267.2421875,10021.328125,254.134236222493,63.4329299926758,252.62880242375718,-0.2929999902597952,32.2682229,-1.6413026537810702,1901.1881828308142,1902.9011964797962,1802.978658676146,-742.3949599266052,1781.8195819854723,-64.8481757,99.0,0.0,5.59688901901245,12.336612701416,-703.329956054688,100.0,55.2462339401245,-1.7027999908649118,-1.08704723140916,-0.737429324507508,0.3238000017597609,0.0,586.303894042969,3.0,7.0,8.0,0.0,0.0,26050904.0,2.0,-137.4498799138794,108.6128553890315,28.2102599143982,-51.76133926391602
2026-05-09 18:23:45+00:00,ITA,ITA,-3.5000000262485704,-3.5599999937672777,0.0,-3.1999999752116275,-3.13000005579515,-3.0299999498480834,-2.1536550150053397,0.22888039947928102,1.8940276145107897,1.465171327682162,-0.024690633591600494,3.4134550834734805,3.399445938598956,-12.45554816760614,0.4699999963592072,-25.5360820376664,44.94466152191165,62.39522048950194,1.0,110.999999673762,0.0,267.2421875,10021.328125,252.330956998583,62.1063034057617,251.75560371950618,-0.6795999911070313,32.2681789,-1.1335858779134589,1901.224327087406,1903.063774108886,1627.4218559265141,-660.6314897537234,1716.6676282882697,-64.8483547,99.0,0.0,5.59688901901245,12.336612701416,-704.329956054688,100.0,55.2168309688568,-2.227199952011442,0.103116693250898,-0.135957983678145,-1.3987999355900853,0.0,586.303894042969,3.0,7.0,8.0,0.0,0.0,26050904.0,2.0,-140.67053813774518,108.7657525886965,28.4550919532776,-54.97803794860838
2026-05-09 18:23:46+00:00,ITA,ITA,-0.5100000013854384,-0.5600000063342052,0.0,-0.500000001462902,-0.6100000112829722,-0.5300000012305109,-2.141057478133195,0.214085102499336,1.539852637411426,1.8103675942307258,-1.8314037017563751,3.4137251320777877,3.398901487144742,-15.30245690329628,-0.0099999999225362,-24.2057140128306,42.0033674240112,61.20307205200196,1.0,110.999999673762,0.0,267.2421875,10021.328125,252.037969203946,61.0597320556641,252.0245984256266,-0.7243999702694264,32.2681316,0.20475576445429242,1901.1610746383699,1902.955412864684,1455.731081962586,-683.4522128105164,1559.288358688354,-64.8485284,99.0,0.0,5.59688901901245,12.336612701416,-705.329956054688,100.0,55.2305519580841,-2.5957999471284183,-0.679338512255696,0.320044761940653,2.040199980674046,0.0,586.303894042969,3.0,7.0,8.0,0.0,0.0,26050904.0,2.0,-143.0377751531206,108.79893023259001,28.783724784851103,-55.688233337402345
2026-05-09 18:23:47+00:00,ITA,ITA,-0.7100000105083353,-0.8500000200960149,0.0,-0.7000000159218842,-0.7700000100435535,-0.67000001081819,-2.1388602916545647,0.2129135116132675,2.15308343489352,2.32350689996909,-0.6409378013597089,3.4115647005546315,3.3991737555605317,-15.202893235764998,0.029999999767608997,-24.38679769565325,40.1601276397705,60.49536163330079,1.0,110.999999673762,0.0,267.2421875,10021.328125,254.528611345169,60.2704261779785,254.19280646066358,-0.9319999522261371,32.268087,0.08593422514571376,1901.1701107025183,1902.855992317198,1206.9995164871239,-723.7295866012576,1332.2671651840199,-64.8487002,99.0,0.0,5.59688901901245,12.336612701416,-706.329956054688,100.0,55.2383959293366,-2.69760003203737,0.818774476283979,-0.343796371253402,1.452399962495638,0.0,586.303894042969,3.0,7.0,8.0,0.0,0.0,26050904.0,2.0,-145.2582669202162,108.802939553633,29.1728742599487,-55.48541198730468
2026-05-09 18:23:48+00:00,ITA,ITA,-0.6400000163866665,-0.8400000148373934,0.0,-0.6300000111280448,-0.7300000210255784,-0.6500000109731174,-2.147795673192825,0.213645929339832,2.040309541177202,1.495966430838272,-0.710286139405662,3.41264485228319,3.399445938598956,-14.470089923677119,-0.01999999984507268,-25.2513416964523,38.24378242492675,59.251555480957016,1.0,110.999999673762,0.0,267.2421875,10021.328125,254.99981243563,58.8867736816406,254.80999874652002,-0.8827999972169314,32.2680475,-0.14888976759671518,1901.29661560059,1902.901172637938,1187.549948692322,-707.0416569709778,1269.320845603942,-64.848871,99.0,0.0,5.59688901901245,12.336612701416,-707.329956054688,100.0,60.3062272071838,-2.134599875782404,0.132104809831119,1.45189416564326,0.6009999625608602,0.0,586.303894042969,3.0,7.0,8.0,0.0,0.0,26050904.0,2.0,-147.01136064618078,108.79433693037299,29.604594039917,-54.484484710693344
2026-05-09 18:23:49+00:00,ITA,ITA,-0.6399999950423252,-0.8099999990615286,0.0,-0.6800000054046411,-0.7900000098886262,-0.6700000108181902,-2.1395921891128147,0.21071577151578952,2.031662350933236,1.46552905883994,-0.440251355557183,3.4121047550745702,3.399445938598956,-14.356411670226061,-0.029999999767608997,-25.91161864483835,35.5503862380981,57.4494076538086,1.0,110.999999673762,0.0,267.2421875,10021.328125,256.643647723555,57.0583602905273,255.97620163786183,0.3356000028431262,32.2680114,-0.3620059597375172,1901.215291023258,1902.8831243515,1143.7649488449101,-715.2286648750303,1194.980525970458,-64.8490381,99.0,0.0,5.59688901901245,12.336612701416,-708.329956054688,100.0,74.0060389041901,-2.1884000379028103,-0.290191685945393,0.792238390945686,0.9949999949604068,0.0,586.303894042969,3.0,7.0,8.0,0.0,0.0,26050904.0,2.0,-149.45296749331501,108.74555230422649,29.721905708313002,-53.556052780151354
2026-05-09 18:23:50+00:00,ITA,ITA,-0.6500000003009468,-0.799999993802907,0.0,-0.6400000057144959,-0.8700000306132581,-0.799999993802907,-2.141935797771775,0.211888316227104,2.133627235500252,2.0169838048313737,-0.3824606047213895,3.412644937660552,3.399445938598956,-14.87330314038498,-0.12999999899297232,-25.785438583885252,32.9551374435425,55.4692167663574,1.0,110.999999673762,0.0,267.2421875,10021.328125,257.002096051198,54.9664741516113,256.5953774106532,0.788199998910234,32.2679787,-0.17307850501428132,1901.233363151554,1902.8289318084699,1033.498644828796,-664.8572444915773,1095.8606243133538,-64.8492006,99.0,0.0,5.59688901901245,12.336612701416,-709.329956054688,100.0,73.9981949329376,-2.043399902955854,1.04892943975519,0.0183492748572862,0.7779999891708506,0.0,586.303894042969,3.0,7.0,8.0,0.0,0.0,26050904.0,2.0,-151.35065905608423,108.6563807695175,29.532988929748548,-52.61095046997068
2026-05-09 18:23:51+00:00,ITA,ITA,-0.6300000004558741,-0.7899999992164558,0.0,-0.6300000004558741,-0.8300000202509421,-0.7800000046300045,-2.14896726407889,0.2154040360404495,1.79458475595046,1.2463797392609268,1.045467387619646,3.4137251747664705,3.399445938598956,-12.249172977305859,-0.15999999876058144,-27.644272858956903,30.46033458709715,52.83945991516113,1.0,110.999999673762,0.0,267.2421875,10021.328125,257.237956143617,52.242798614502,256.5315998362592,0.8894000090119153,32.2679491,-0.8610787363401642,1901.0707139968902,1902.8379678726183,1218.3525800704979,-729.0619015693668,1145.401453971864,-64.8493569,99.0,0.0,5.59688901901245,12.336612701416,-710.329956054688,100.0,73.9825129508972,-0.647399976735591,0.936312747111496,0.264763692078229,-1.3873999123063405,0.0,586.303894042969,3.0,7.0,8.0,0.0,0.0,26050904.0,2.0,-152.9993219217146,108.5325972511895,29.20532684326175,-50.1602714538574
2026-05-09 18:23:52+00:00,ITA,ITA,-0.67000001081819,-0.799999993802907,0.0,-0.67000001081819,-0.8500000200960148,-0.7399999942676885,-2.1477961000796446,0.21467161164377802,0.9273426810188583,0.12019434129769599,-0.6010112902361651,3.4142652719750886,3.399990390053172,-12.402142576976381,-0.07999999938029072,-28.19526080420725,27.9318002700806,50.299080963134756,1.0,110.999999673762,0.0,267.2421875,10021.328125,256.603131041399,49.8774559020996,255.98340338932286,1.3007999865084299,32.2679199,-0.4890332149437766,1901.088786125186,1902.8109073638898,1413.623666763304,-705.9984445571897,1299.9173641204839,-64.849505,99.0,0.0,5.59688901901245,12.336612701416,-711.329956054688,100.0,74.0060389041901,-0.7313999856898498,-1.06365468727551,0.731318653077873,0.96679999708317,0.0,586.303894042969,3.0,7.0,8.0,0.0,0.0,26050904.0,2.0,-153.6909113600868,108.3505180682955,28.81001043319705,-47.44570289611816
2026-05-09 18:23:53+00:00,ITA,ITA,-0.67000001081819,-0.7899999992164558,0.0,-0.6100000112829722,-0.8500000307681855,-0.590000000765729,-2.1464772332396,0.216575626926518,1.201170749161124,0.4159745180374732,-0.17336750005642015,3.414535320579398,3.4002624877142322,-11.81429756492678,0.08999999930282698,-29.1212355264014,26.5448724746704,48.81284843444822,1.0,110.999999673762,0.0,267.2421875,10021.328125,257.76838863456,48.5580150604248,257.0639939575322,2.142000022894316,32.2678926,-0.6881316497684026,1901.143002510074,1902.774786949156,1252.534651756288,-694.9829578399658,1186.492347717284,-64.8496477,99.0,0.0,5.59688901901245,12.336612701416,-712.329956054688,100.0,73.9825129508972,-1.5629999777538681,-0.248066174074222,0.945275662849845,0.7715999685164165,0.0,586.303894042969,3.0,7.0,8.0,0.0,0.0,26050904.0,2.0,-154.4867568059496,108.16766024383551,28.4615738868713,-45.554765625
2026-05-09 18:23:54+00:00,ITA,ITA,-0.6600000055595684,-0.799999993802907,0.0,-0.6800000054046411,-0.940000024734927,-0.59999999535218,-2.14354708208566,0.2158432025298465,0.9201369381662013,1.6366950081669767,-0.0992918006559043,3.4137251320777877,3.4002624877142322,-13.719739343347339,0.04999999961268166,-28.5054726283836,24.8929801940918,47.47915283203124,1.0,110.999999673762,0.0,267.2421875,10021.328125,257.444337139578,47.1589027404785,257.3731829608804,2.2851999547638018,32.2678672,-0.21620279064530648,1901.143002510074,1902.937364578246,964.9735093116763,-687.9925012588499,945.4125165939331,-64.8497869,99.0,0.0,5.59688901901245,12.336612701416,-713.227966308594,100.0,73.9844739437103,-1.722599962216838,0.328765499448157,-1.24017078781244,0.2321999861417408,0.0,586.303894042969,3.0,7.0,8.0,0.0,0.0,26050904.0,2.0,-155.7091093164204,107.98291387207,28.205352973938,-44.580592803955064
2026-05-09 18:23:55+00:00,ITA,ITA,-0.6600000055595684,-0.799999993802907,0.0,-0.6000000060243507,-0.6200000165415938,-0.6100000112829722,-2.14398666879178,0.2134995471801395,1.426358116048992,1.1124549188037491,-0.1145277015332215,3.41318499218049,3.399990304675806,-12.641324019633918,0.04999999961268166,-28.9671925625028,23.087119674682647,45.81745422363282,1.0,110.999999673762,0.0,267.2421875,10021.328125,258.816658747617,45.3648284912109,257.95340479879695,1.523400035050016,32.2678425,-0.2548225425063243,1901.1791467666658,1902.8379917144762,851.3675332069397,-682.5763106346129,796.4208841323855,-64.8499218,99.0,0.0,5.59688901901245,12.336612701416,-714.227966308594,100.0,73.9648699760437,-1.043999996181661,0.870736260972762,1.09188770109658,0.8802000110041742,0.0,586.303894042969,3.0,7.0,8.0,0.0,0.0,26050904.0,2.0,-156.891338563631,107.7751736684645,27.9482368469238,-43.481094818115245
2026-05-09 18:23:56+00:00,ITA,ITA,-0.6600000162317391,-0.7800000046300047,0.0,-0.6600000055595684,-0.6400000163866665,-0.650000021645288,-2.1469168199457096,0.2143783537365035,0.6005506526735858,0.7762104982846051,-0.1092739086844662,3.41372517476647,3.4002624877142322,-11.091412199777988,0.01999999984507268,-31.319753891918047,21.5036301612854,43.96681274414062,1.0,110.999999673762,0.0,267.2421875,10021.328125,259.207400209655,43.6210544586182,258.77799987691424,1.8919999447896259,32.2678211,-0.35217837406675623,1901.2423992157019,1902.892065048216,854.4252872467039,-785.2213144302368,754.2679190635681,-64.850052,99.0,0.0,5.59688901901245,12.336612701416,-715.227966308594,100.0,73.9825129508972,-0.49740000457797195,0.200873168767004,-0.507018975994357,0.700199975045922,0.0,586.303894042969,3.0,7.0,8.0,0.0,0.0,26050904.0,2.0,-157.0080009267304,107.57236827653401,27.87516145706175,-41.514956817626945
2026-05-09 18:23:57+00:00,ITA,ITA,-0.6500000003009468,-0.7899999992164558,0.0,-0.6200000058694233,-0.6400000163866665,-0.6400000163866665,-2.157610975195245,0.2139391872471065,0.10657920962586846,-0.11614331974888055,-0.0325708384482402,3.414535277890716,3.4008069391684486,-10.684765617729159,0.029999999767608997,-34.334474740609295,20.5740958213806,42.64670104980469,1.0,110.999999673762,0.0,267.2421875,10021.328125,260.141087069195,42.3703433990478,259.516589213003,1.627799988777846,32.2678016,-0.4642980423822899,1901.233339309696,1902.8379917144762,761.2097144126892,-698.117971420288,637.9432439804075,-64.8501779,99.0,0.0,5.59688901901245,12.336612701416,-716.227966308594,100.0,73.9844739437103,-0.5449999931101874,-0.843277353044577,0.360431990668055,0.7353999152225377,0.0,586.303894042969,3.0,7.0,8.0,0.0,0.0,26050904.0,2.0,-156.21874251530298,107.4105406045285,28.0440599441528,-39.14968551635742
2026-05-09 18:23:58+00:00,ITA,ITA,-0.67000001081819,-0.799999993802907,0.0,-0.6200000058694232,-0.7500000101984806,-0.650000021645288,-2.16537476584744,0.213206762850435,-0.22345571383006857,-0.10181989979465995,-0.2800159447219035,3.413995180682098,3.4016236590384543,-12.062634534657281,0.00999999992253634,-37.241135166441794,19.90206813812255,41.4312883758545,1.0,110.999999673762,0.0,267.2421875,10021.328125,260.865824781647,41.1068641662598,260.49000045275636,1.7311999814668462,32.2677842,-0.2018525145073314,1901.2694835662878,1902.964425086974,461.63376569747913,-792.475426197052,371.9854295253754,-64.8503006,99.0,0.0,5.59688901901245,12.336612701416,-717.227966308594,100.0,74.0099608898163,-1.1190000089408956,0.189369556059542,-1.01113714930387,1.539199863425838,0.0,586.303894042969,3.0,7.0,8.0,0.0,0.0,26050904.0,2.0,-155.1497878573636,107.30889372930051,28.33634691238405,-36.93656455993654
2026-05-09 18:23:59+00:00,ITA,ITA,-0.59999999535218,-0.799999993802907,0.0,-0.67000001081819,-0.7700000100435533,-0.6600000162317391,-2.163470317007765,0.21481800047357702,-0.4245029430311599,-0.6035004966502806,0.3341293190405199,3.415075332410654,3.40189584207688,-12.711133163329098,-0.0499999996126817,-43.564005205662696,17.9814828872681,38.78820442199709,1.0,110.999999673762,0.0,267.2421875,10021.328125,261.532178037074,38.0839038848877,261.5165997416146,0.6877999747150907,32.2677691,-0.10512172596424599,1901.1701107025183,1902.774786949156,185.18795967102037,-835.9154462814331,104.14674952626231,-64.8504184,99.0,0.0,5.59688901901245,12.336612701416,-718.227966308594,100.0,74.0001559257507,-0.6386000090337136,0.62871976687332,-0.0555303084011164,-0.07619999428708463,0.0,586.303894042969,3.0,7.0,8.0,0.0,0.0,26050904.0,2.0,-154.497409168979,107.27616687789299,28.74915132522585,-34.046152267456044
2026-05-09 18:24:00+00:00,ITA,ITA,-0.680000005404641,-0.799999993802907,0.0,-0.59999999535218,-0.7899999992164558,-0.699999994577543,-2.15028623764064,0.215110778133175,-0.6424842842538468,-1.142780208998622,0.5095996936031371,3.413995180682098,3.40162357366109,-12.872494674923399,-0.00999999992253634,-54.3788294072652,16.055955505371102,35.19319358825684,1.0,110.999999673762,0.0,267.2421875,10021.328125,261.366559610079,34.4636375427246,261.1610037009698,0.4720000038142344,32.2677559,-0.2700548955539352,1901.02553367615,1902.8740406036359,142.6618084311484,-838.0031108856199,6.687750853598101,-64.8505267,99.0,0.0,5.59688901901245,12.336612701416,-719.227966308594,100.0,74.0236818790436,-0.367999995014903,-0.34158869936718,-0.018289979277038,-0.26839998740878723,0.0,586.303894042969,3.0,7.0,8.0,0.0,0.0,26050904.0,2.0,-153.7015036174514,107.2738446135745,29.030845069885203,-30.6534992980957
2026-05-09 18:24:01+00:00,ITA,ITA,-0.6600000162317391,-0.8099999990615286,0.0,-0.6100000006108016,-0.8500000200960149,-0.750000020870651,-2.151019095594245,0.21393870699943002,-0.640322497365026,-1.1366927815565102,0.824291214740513,3.41399526605946,3.4018958420768803,-14.9915589866178,-0.08999999930282697,-65.53311742571195,14.8877715110779,32.109718551635765,1.0,110.999999673762,0.0,10021.328125,10021.328125,261.282958094638,31.5161739349365,260.8835996659434,0.26380000574719303,32.2677435,-0.40226148320781496,1902.326464653014,1902.87411212921,122.14470207691173,-838.1158828735352,2.31077149510386,-64.8506252,99.0,0.0,5.59688901901245,12.336612701416,-720.227966308594,100.0,74.0001559257507,-0.1972000010870982,0.229627598162097,0.0529713553502087,-0.390800004563301,0.0,0.0,0.0,7.0,0.0,0.0,0.0,26050904.0,0.0,-152.9865904491016,107.28639167108,29.3025592803955,-27.635308799743644
2026-05-09 18:24:02+00:00,ITA,ITA,-0.59999999535218,-0.8400000148373934,0.0,-0.6800000160768116,-0.7800000259743458,-0.7700000100435535,-2.14882137550709,0.214964389303376,-0.6644625630146491,-1.186824918649206,0.821662912591166,3.414805369183706,3.4024404642858244,-15.467252292495777,-0.1599999987605814,-76.96098354872166,14.50755014419555,29.45973724365234,1.0,110.999999673762,0.0,10021.328125,10021.328125,260.469072753139,28.9255771636963,260.1861991026256,0.249800001586774,32.2677318,-0.3992454424250666,1902.4258852004998,1902.8289318084699,115.34751653671269,-838.1453871726987,-7.046036538667988,-64.8507152,99.0,0.0,5.59688901901245,12.336612701416,-721.227966308594,100.0,74.0060389041901,-0.028599998417752136,0.388823005974536,0.271467922954993,-0.5891999775065941,0.0,0.0,0.0,7.0,0.0,0.0,0.0,26050904.0,0.0,-152.1048922574476,107.3090918047865,29.77103176116945,-25.083773231506335
2026-05-09 18:24:03+00:00,ITA,ITA,-0.6800000054046411,-0.8500000200960149,0.0,-0.6800000054046411,-0.660000016231739,-0.799999993802907,-2.1480884108317797,0.2143783537365035,-0.606454577478695,-1.14779350381639,-0.03782558428847735,3.4150753750993346,3.4024404642858235,-15.734661711709839,-0.13999999891550866,-87.9731336229931,14.425580978393551,27.20423583984374,0.0,110.999999673762,0.0,10021.328125,10021.328125,260.669607107171,26.7733022689819,260.296203397322,0.3028000017098248,32.2677205,-0.30591574724619963,1902.38070487976,1902.8560400009142,132.3172450065612,-838.153004646301,-21.790116652846354,-64.850798,99.0,0.0,5.59688901901245,12.336612701416,-722.227966308594,100.0,73.9883959293366,0.11480000196552279,0.343477566837806,-0.11684103124322,0.44279998461707776,0.0,0.0,0.0,7.0,0.0,0.0,0.0,26050904.0,0.0,-152.0179521455404,107.3360812972915,30.3532161712646,-23.24380222320556
2026-05-09 18:24:04+00:00,ITA,ITA,-0.620000005869423,-0.8500000200960149,0.0,-0.660000016231739,-0.7800000153021751,-0.8300000202509423,-2.1473559797650053,0.213645929339832,-0.5981675089587184,-1.123085443904258,-0.14027023428280336,3.415075417788016,3.40244037890846,-15.809048277432101,-0.20999999837326294,-96.85726654436084,14.8642968177795,25.24800098419188,0.0,110.999999673762,0.0,10021.328125,10021.328125,261.121656347199,24.861404800415,260.6818030929532,0.24940000329741982,32.2677103,-0.328627545635179,1902.3626089096063,1902.7927637100202,146.70727550983443,-838.1714701652527,-17.201508674770587,-64.8508748,99.0,0.0,5.59688901901245,12.336612701416,-723.227966308594,100.0,73.9883959293366,0.09099999969528709,0.212053147901684,0.0264258551564339,0.34419999274466717,0.0,0.0,0.0,7.0,0.0,0.0,0.0,26050904.0,0.0,-151.722202222403,107.3728960169185,30.81538009643555,-21.82932586669922
2026-05-09 18:24:05+00:00,ITA,ITA,-0.67000001081819,-0.8900000411305014,0.0,-0.660000016231739,-0.9000000357169524,-0.59999999535218,-2.14764882412567,0.213792318169631,-0.5996087108901029,-1.119504503788466,0.37300587033957955,3.414535363268078,3.4024404642858244,-15.90479694280244,0.07999999938029065,-104.776785509626,15.560170841217051,23.54669940948486,0.0,110.999999673762,0.0,10021.328125,10021.328125,261.471853806324,23.2241655349731,260.9265970728062,0.2992000010973816,32.2677015,-0.5755473738428349,1902.4529933929439,1902.8379678726183,106.5587729215622,-838.2297396659849,-20.540565997362144,-64.8509463,99.0,0.0,5.59688901901245,12.336612701416,-724.329956054688,100.0,73.9825129508972,0.2593999765395296,0.124178748825289,0.0747816134584606,-0.13879999871136078,0.0,0.0,0.0,7.0,0.0,0.0,0.0,26050904.0,0.0,-151.7839444004244,107.428927473774,31.337326812744152,-20.3757409286499
2026-05-09 18:24:06+00:00,ITA,ITA,-0.6100000006108015,-0.910000040975574,0.0,-0.699999994577543,-0.7300000103534081,-0.6500000109731174,-2.1480884108317797,0.213206289272865,-0.6010499021493165,-1.16211685873707,0.363025661623875,3.4156153869305905,3.4029850864947684,-15.952863033048601,-0.029999999767608997,-110.612311306283,16.35340862274165,22.096972389221218,0.0,110.999999673762,0.0,10021.328125,10021.328125,261.163839595513,21.8314510345459,260.55660845754244,0.399199984314489,32.2676934,-0.7119099021550006,1902.389740943908,1902.7115583419782,176.28549039363858,-838.1852626800537,-53.4665808081627,-64.8510133,99.0,0.0,5.59688901901245,12.336612701416,-725.227966308594,100.0,73.9668309688568,0.2717999982147028,-0.101913979647381,0.222465717930515,-0.3179999793939654,0.0,0.0,0.0,7.0,0.0,0.0,0.0,26050904.0,0.0,-151.7106673989328,107.4771588545985,31.711028480529748,-19.344387016296377
2026-05-09 18:24:07+00:00,ITA,ITA,-0.67000001081819,-0.9500000193213779,0.0,-0.7400000156120294,-0.7900000098886263,-0.7800000046300047,-2.147941561764625,0.212913511613267,-0.6039324767668146,-1.1639074995496939,0.15498256180660952,3.415615472307954,3.4029850864947684,-15.963544424382098,-0.10999999914789964,-114.6716805602235,16.9685468673706,20.967941436767582,0.0,110.999999673762,0.0,10021.328125,10021.328125,260.910576181089,20.7358737945557,260.2562003453912,0.5301999977071452,32.2676854,-0.7140191072593828,1902.317452430724,1902.964401245116,175.89217722415918,-838.2090687751772,-46.417753770947456,-64.8510764,99.0,0.0,5.59688901901245,12.336612701416,-726.329956054688,100.0,73.978590965271,0.217800005036309,-0.170871402755164,0.0673374676553004,-0.17999999060152586,0.0,0.0,0.0,7.0,0.0,0.0,0.0,26050904.0,0.0,-151.685204453707,107.517398914094,31.93831157684325,-18.327419013977043
2026-05-09 18:24:08+00:00,ITA,ITA,-0.6100000006108016,-0.960000013907829,0.0,-0.7800000046300047,-0.920000035562025,-0.7600000154571026,-2.14926053532638,0.213792318169631,-0.6075353695374847,-1.175366230443792,-0.14079475145639905,3.4156154296192716,3.40244037890846,-15.961255627991221,-0.13999999891550866,-117.94976496557399,17.30746564865115,20.13680923461912,0.0,110.999999673762,0.0,10021.328125,10021.328125,261.096657854837,19.9890592575073,260.3453971518002,0.5036000074114307,32.2676776,-0.5576455760942783,1902.2632122039781,1903.3978700637817,96.30540162324903,-838.2042884826662,-56.84471942950039,-64.8511367,99.0,0.0,5.59688901901245,12.336612701416,-727.227966308594,100.0,73.9805519580841,0.04479999917271509,0.23881550993666,-0.0110574384373059,0.21679998530053984,0.0,0.0,0.0,7.0,0.0,0.0,0.0,26050904.0,0.0,-151.963518269931,107.5478376521295,32.062851905822754,-17.78394733428954
2026-05-09 18:24:09+00:00,ITA,ITA,-0.660000016231739,-0.9999999922536331,0.0,-0.8200000043201502,-0.7299999996812374,-0.6100000006108016,-2.14896769096571,0.213499540510033,-0.6060941676061,-1.142780337064672,-0.07197284657216495,3.416155526827892,3.4029849157400376,-15.98719497891166,0.03999999969014536,-121.0077431098265,17.5498369216919,19.51206413269042,0.0,110.999999673762,0.0,10021.328125,10021.328125,261.173565784891,19.4027704238892,260.4233924479706,0.5966000018885418,32.2676703,-0.6619368337647724,1902.317452430724,1903.3256530761719,81.25713691115384,-838.21622133255,-51.520228199660764,-64.8511949,99.0,0.0,5.59688901901245,12.336612701416,-728.227966308594,100.0,73.9687919616699,0.03199999988551838,-0.194507485821405,-0.0968364543709904,-0.0023999997412848806,0.0,0.0,0.0,7.0,0.0,0.0,0.0,26050904.0,0.0,-152.6113644447824,107.56709878558951,32.19919910430905,-17.48907669067382
2026-05-09 18:24:10+00:00,ITA,ITA,-0.6100000006108015,-0.9999999922536331,0.0,-0.8600000253546366,-0.860000014682466,-0.7100000105083355,-2.147795673192825,0.21393870699943,-0.6082557730680215,-1.14421269176665,0.0751266480683051,3.4158854355349,3.4024404642858235,-15.99749387965166,-0.089999999302827,-123.8729664855115,17.691839504241948,18.997058372497584,0.0,110.999999673762,0.0,10021.328125,10021.328125,261.168538765662,18.8917739868164,260.35999190001877,0.59220000469739,32.2676632,-0.7718277473211079,1902.3716211318963,1903.433990478516,103.33881527185432,-838.2182717323303,-81.48134350776665,-64.8512515,99.0,0.0,5.59688901901245,12.336612701416,-729.329956054688,100.0,73.9570260047913,-0.04719999916412899,0.0784872111967107,0.152647884420402,-0.16540000026288076,0.0,0.0,0.0,7.0,0.0,0.0,0.0,26050904.0,0.0,-153.5406226096654,107.56419595519199,32.29412784576415,-17.3400210571289
2026-05-09 18:24:11+00:00,ITA,ITA,-0.6400000163866665,-0.9000000143726112,0.0,-0.9000000463891229,-0.730000010353408,-0.8400000148373934,-2.15028613091894,0.21262073395366898,-0.6277120578386493,-1.1674880768116878,0.10297012099316745,3.3796971723214684,3.3547989556739735,-15.98643204678138,-0.1899999985281906,-128.3771483940545,17.65908823013305,18.54541488647462,0.0,110.999999673762,0.0,10021.328125,10021.328125,260.804107192307,18.4627939224243,260.189799978356,0.5843999926982588,32.2676564,-0.8323207797926958,1902.317404747008,1903.334641456604,74.23600554466242,-838.2087469100954,-86.90459728240972,-64.8513066,99.0,0.0,5.59688901901245,12.336612701416,-730.329956054688,100.0,73.9746689796448,0.02960000047773883,-0.210985450596193,-0.0229031283960936,-0.1497999903552188,0.0,0.0,0.0,7.0,0.0,0.0,0.0,26050904.0,0.0,-155.4077039966502,107.515093725249,32.4948257446289,-17.402278518676717
2026-05-09 18:24:12+00:00,ITA,ITA,-0.6500000109731175,-0.8500000200960149,0.0,-0.8800000145275384,-0.8400000148373934,-0.6100000006108015,-2.149260535326375,0.212766649205899,-0.666264249523822,-1.168920666301416,0.07250022688902386,2.900066390453044,2.8593265318654,-16.031063917912782,0.01999999984507268,-132.91231887086252,17.652430343627948,18.172862663269022,0.0,110.999999673762,0.0,10021.328125,10021.328125,261.28713817041,18.0862632751465,260.1319947213722,0.535799941741592,32.2676496,-0.9760627512058482,1902.398777008056,1903.307580947876,112.2185945510864,-838.2126569747927,-70.78355923295021,-64.8513606,99.0,0.0,5.59688901901245,12.336612701416,-731.329956054688,100.0,73.9570260047913,0.01540000084120132,0.117006703351232,0.0267237137697433,-0.09379999505788346,0.0,0.0,0.0,7.0,0.0,0.0,0.0,26050904.0,0.0,-157.401955309754,107.4017125850265,32.7420387268066,-17.5010123062134
2026-05-09 18:24:13+00:00,ITA,ITA,-0.5800000061792779,-0.8500000200960149,0.0,-0.7600000154571023,-0.820000025664491,-0.660000016231739,-2.147942095373155,0.2126202603760995,-0.6687861367922908,-1.1775146664472178,0.465471282118713,2.791231338765028,2.7534259855769165,-16.0882838276846,-0.07999999938029065,-135.78226873745348,17.955890750884997,17.850246734619137,0.0,110.999999673762,0.0,10021.328125,10021.328125,260.883911122569,17.7438005447388,259.77020233311237,0.5446000001569185,32.267643,-1.162844209850654,1902.3806571960438,1903.2624244689941,114.712879061699,-838.1846070289612,-103.75791192054753,-64.8514135,99.0,0.0,5.59688901901245,12.336612701416,-732.329956054688,100.0,73.9589869976044,0.04740000081009602,-0.162812513246277,-0.0303596872676575,-0.4753999812696166,0.0,0.0,0.0,7.0,0.0,0.0,0.0,26050904.0,0.0,-158.39405667915221,107.235855101411,33.0498945236206,-17.273672904968258
2026-05-09 18:24:14+00:00,ITA,ITA,-0.5700000115928269,-0.8500000200960149,0.0,-0.7700000100435535,-0.7500000101984808,-0.7499999995263102,-2.1476492510124903,0.2124738715463,-0.6727496955676491,-1.207594029811334,0.32782554135438047,2.797712889466594,2.758598487835366,-16.06196198617064,-0.179999998605654,-137.0504504512175,18.3052319526672,17.65345687866212,0.0,110.999999673762,0.0,10021.328125,10021.328125,260.228759377382,17.6581792831421,259.356183586383,0.6549999975941725,32.2676363,-1.1045277132076259,1902.4078130722041,1903.316569328308,126.8098399043084,-838.1582975387571,-30.016504041850556,-64.8514656,99.0,0.0,5.59688901901245,12.336612701416,-733.329956054688,100.0,73.9550650119782,-0.1409999979739475,-0.263042270963974,0.0449245754198738,-0.4207999826530636,0.0,0.0,0.0,7.0,0.0,0.0,0.0,26050904.0,0.0,-158.675498722016,107.0446029744615,33.336309814453145,-16.905676231384263
2026-05-09 18:24:15+00:00,ITA,ITA,-0.590000000765729,-0.8500000200960149,0.0,-0.8099999990615286,-0.9200000355620249,-0.7100000105083355,-2.14969969514567,0.2130599004430665,-0.6792349815289176,-1.151732431222054,0.22538185519046,2.7982530720525776,2.7588706708737925,-16.084469167033117,-0.11999999907043594,-138.80848650206502,18.38774013519285,17.54464725494384,0.0,110.999999673762,0.0,10021.328125,10021.328125,259.573061217061,17.4841781616211,258.90919961464317,0.608799989734483,32.2676291,-0.8697375379057177,1902.3445367813104,1903.316593170166,96.81426435709012,-838.1632208824158,-95.55838704109185,-64.8515172,99.0,0.0,5.59688901901245,12.336612701416,-734.329956054688,100.0,73.978590965271,-0.05720000048321886,-0.118847692796602,0.0343263162930891,-0.5781999898648005,0.0,0.0,0.0,7.0,0.0,0.0,0.0,26050904.0,0.0,-159.411533567355,106.835247431117,33.5426279067993,-16.76027870178222
