DATETIME,TEAM,BOAT,ANGLE_CA1_deg,ANGLE_CA2_deg,ANGLE_CA3_deg,ANGLE_CA4_deg,ANGLE_CA5_deg,ANGLE_CA6_deg,ANGLE_DB_CANT_P_deg,ANGLE_DB_CANT_S_deg,ANGLE_DB_RAKE_P_deg,ANGLE_DB_RAKE_S_deg,ANGLE_RUDDER_deg,ANGLE_RUD_RAKE_P_deg,ANGLE_RUD_RAKE_S_deg,ANGLE_WING_ROT_deg,ANGLE_WING_TWIST_deg,AWA_SGP_deg,AWS_SGP_km_h_1,BOAT_SPEED_km_h_1,BROADCAST_MODE_unk,CURRENT_DIRECTION_deg,CURRENT_MAGNITUDE_km_h_1,DISTANCE_RACE_LEG_m,DISTANCE_RACE_m,GPS_COG_deg,GPS_SOG_km_h_1,HEADING_deg,HEEL_deg,LATITUDE_GPS_unk,LEEWAY_deg,LENGTH_DB_H_P_mm,LENGTH_DB_H_S_mm,LENGTH_RH_BOW_mm,LENGTH_RH_P_mm,LENGTH_RH_S_mm,LONGITUDE_GPS_unk,PC_BEACON_NUMBER_unk,PC_DTB_m,PC_DTL_m,PC_DTO_m,PC_TTS_s,PER_JIB_LEAD_pct,PER_JIB_SHEET_pct,PITCH_deg,RATE_PITCH_deg_s_1,RATE_ROLL_deg_s_1,RATE_YAW_deg_s_1,TIME_RACE_LEG_s,TIME_RACE_s,TRK_BOAT_RACE_STATUS_unk,TRK_LEG_NUM_TOT_unk,TRK_LEG_NUM_unk,TRK_PENALTY_COUNT_unk,TRK_PENALTY_DISTANCE_m,TRK_RACE_NUM_unk,TRK_RACE_RANK_unk,TWA_SGP_deg,TWD_SGP_deg,TWS_SGP_km_h_1,VMG_km_h_1
2026-05-09 17:22:00+00:00,USA,USA,-2.2000000896797,-2.0599999520259717,0.0,-2.09999993037178,-2.1199999195446777,-2.09000002116269,-0.3440256094774205,-8.53533735856997,-0.9606881127780251,-2.765498216868864,9.49745914939911,5.935552636391084,0.1371766081539729,-5.205136219286063,0.11999999907043594,-8.49944386070791,26.1690748214722,1.9112503910064682,1.0,110.999999673762,0.0,0.0,0.0,147.493276937411,1.85104930400848,103.8151980103446,0.5158000005934577,32.2733849,0.999999885531928,1919.9125051498418,1910.214972496032,141.4008662104609,-46.7398168519139,-102.08529382944106,-64.8464475,-2.0,196.897125244141,2.86055135726929,28.1776390075684,361.303009033203,73.4640598297119,96.1739778518677,1.0657999856607825,2.68514970708617,0.89700885041948,0.2639999948867103,0.0,0.0,1.0,7.0,0.0,0.0,0.0,26050902.0,1.0,-9.205600214277332,92.32890918125034,24.32320175170895,1.9017972135543821
2026-05-09 17:22:01+00:00,USA,USA,-2.2000000896797,-2.0599999520259713,0.0,-2.09999993037178,-1.9999999845072662,-1.900000038642758,-0.343441014653576,-8.535337785456797,-0.9599702812405979,-2.772687759366586,12.3207455904674,5.928220342939712,0.13934431142735798,-3.240948688177486,0.3099999975986261,-8.3964885773669,26.560927963256802,2.6499580478668183,1.0,110.999999673762,0.0,0.0,0.0,144.865648522194,2.30052380561829,104.0503942083762,-0.1604000023860208,32.273379,0.999999885531928,1919.994616508482,1910.1058721542358,51.889689825475045,-37.18918673694132,-4.427328030578797,-64.8464425,-2.0,197.62548828125,2.86055135726929,28.1776390075684,360.303009033203,72.7698147296906,96.9395697116852,0.04219999728520496,-1.29778492756538,-1.42395997259837,-0.27779997789110117,0.0,0.0,1.0,7.0,0.0,0.0,0.0,26050902.0,1.0,-9.029045629893295,92.39904156364805,24.15309734344485,2.609552307128904
2026-05-09 17:22:02+00:00,USA,USA,-2.2100000842661496,-2.049999957439524,0.0,-2.09999993037178,-2.1399999514062618,-2.030000010955302,-0.344171991637113,-8.534898092028975,-0.9599702812405979,-2.767295666526316,15.6914554718129,5.902962474143738,0.172675849354453,-5.835705772141348,0.16999999868311771,-7.170550516402595,27.7626065254211,3.48326910495758,1.0,110.999999673762,0.0,0.0,0.0,127.041040448995,3.45720670223236,103.2338000138526,-0.1347999944734782,32.2733734,0.999999885531928,1920.021986961364,1910.1513385772698,11.504761967807843,-32.15248025953767,-42.377417720854304,-64.8464344,-2.0,199.862152099609,2.86055135726929,28.1776390075684,359.303009033203,73.1778562068939,96.9766795635224,0.17860001259704245,1.33173320889616,-0.144834094649054,-0.7183999532404315,0.0,0.0,1.0,7.0,0.0,0.0,0.0,26050902.0,1.0,-8.791288110922997,92.48804917381705,24.349016189575202,3.481495327949524
2026-05-09 17:22:03+00:00,USA,USA,-2.2000000896797,-2.0699999466124237,0.0,-2.09999993037178,-2.02999996826662,-1.880000049469856,-0.3432950994013465,-8.53519136327646,-0.9610470178745683,-2.75543286590979,15.8821603298552,5.866570201717531,0.1989615935854304,-1.8958863437717042,0.349999997288772,-8.76194297155031,28.021049594879152,3.8709480857849115,1.0,110.999999673762,0.0,0.0,0.0,120.972335409169,3.76911821365356,102.14379881100498,0.16339999756030488,32.2733685,0.999999906876269,1919.967246055602,1910.0968122482282,196.40055000782,-71.03842534124855,-66.71966016292575,-64.8464247,-2.0,202.827987670898,2.86055135726929,28.1776390075684,358.303009033203,73.3925104141235,96.9688713550568,0.8460000051859604,-0.118758753595046,1.13638851797333,-2.1803998480001416,0.0,0.0,1.0,7.0,0.0,0.0,0.0,26050902.0,1.0,-10.15318309368446,92.5167632890878,24.27502927780155,3.735146856307982
2026-05-09 17:22:04+00:00,USA,USA,-2.2000000896797,-2.04999995743952,0.0,-2.0599999520259717,-2.049999957439524,-1.9100000332292084,-0.3431491841491165,-8.534165981127316,-0.9621237971972209,-2.7716093578740066,16.525728927984098,5.858965981359828,0.21630468452792262,-1.3774692441399659,0.29999999767609,-7.2846072050224,28.489001083374,4.471981687545776,1.0,110.999999673762,0.0,0.0,0.0,121.827980527253,4.17163581848144,99.2307996281132,0.7665999952355738,32.273363,0.9999999922536331,1919.93074417114,1910.1786136627202,40.70521946996452,-79.70763742923735,-48.15723821520804,-64.8464134,-2.0,200.938446044922,2.86055135726929,28.1776390075684,357.303009033203,73.291951417923,97.2579181194306,0.5274000016775384,-0.51143394624083,0.713946813975886,-2.92099993841944,0.0,0.0,1.0,7.0,0.0,0.0,0.0,26050902.0,1.0,-8.405787794544505,92.4853717396624,24.18436889648435,4.421732625961302
2026-05-09 17:22:05+00:00,USA,USA,-2.2000000896797,-2.0599999520259717,0.0,-2.09999993037178,-2.0399999628530714,-1.93000002240211,-0.34490251505339997,-8.533873136766651,-0.9603292076814821,-2.776282530615446,16.384404630093748,5.817956074167872,0.25993385187270135,-1.9439516869658942,0.28999999775355356,-6.008488171112836,28.92117404937745,4.769504756927491,1.0,110.999999673762,0.0,0.0,0.0,107.989156664972,4.73610391616821,96.62940050534655,-0.49619999236763235,32.273359,0.9999999922536331,1920.022010803222,1910.1422309875502,38.215398043394075,-2.701372839510429,-21.285089477896697,-64.8464001,-2.0,203.889068603516,2.86055135726929,28.1776390075684,356.303009033203,73.6110329627991,97.3555743694306,0.03019999691125409,0.215028469017591,-1.8375473501931,-2.3577998710652057,0.0,0.0,1.0,7.0,0.0,0.0,0.0,26050902.0,1.0,-7.3510223423416745,92.4220524709618,24.206817054748498,4.765591220855712
2026-05-09 17:22:06+00:00,USA,USA,-2.2000000896797,-2.04999995743952,0.0,-2.09999993037178,-1.9300000224021123,-1.8700000548834042,-0.3438796942251905,-8.53504451420931,-0.9617648707563365,-2.7719687965790762,14.79519121873465,5.798129742554618,0.252888159562204,2.7755919184490776,0.3699999971338442,-5.19908855635152,28.818818378448448,4.747579135894776,1.0,110.999999673762,0.0,0.0,0.0,102.920657697013,4.86081118583679,93.7632004126099,-0.753200001849401,32.2733564,1.0000000135979743,1919.994616508484,1909.9876880645759,129.7341108322144,-14.561031945049752,-1.4530637767166041,-64.8463861,-2.0,204.44319152832,2.86055135726929,28.1776390075684,355.303009033203,73.2049286365509,97.3379969596863,0.24439999533202358,0.295650074309291,-0.299304839165056,-3.683599993450156,0.0,0.0,1.0,7.0,0.0,0.0,0.0,26050902.0,1.0,-5.900524096610039,92.30451174553505,24.0588749885559,4.7371353435516355
2026-05-09 17:22:07+00:00,USA,USA,-2.2000000896797,-1.99999998450727,0.0,-2.09999993037178,-1.90000003864276,-1.8500000657105002,-0.3428568867371945,-8.53445882548798,-0.9606881127780251,-2.770890395086496,13.49387369598625,5.793513046939876,0.279986903077718,5.377215492971174,0.3799999970563806,-1.6365523852793735,28.8844367980957,4.724657020568847,1.0,110.999999673762,0.0,0.0,0.0,102.978434267202,4.79530091285706,90.06479777705842,-0.1391999996687575,32.2733542,0.9999999282206105,1920.003724098206,1910.0967884063698,80.27816936373704,-127.03071534633641,-80.74286878108981,-64.8463721,-2.0,204.030502319336,2.86055135726929,28.1776390075684,354.303009033203,73.0134785175324,97.1192538738251,0.5181999689852415,0.320140944877988,0.815740644992877,-3.28039983947914,0.0,0.0,1.0,7.0,0.0,0.0,0.0,26050902.0,1.0,-1.6193659751411782,92.17256273605415,24.1465029716492,4.712769041061402
2026-05-09 17:22:08+00:00,USA,USA,-2.2000000896797,-1.99999998450727,0.0,-2.09999993037178,-1.84000007112405,-1.800000071433906,-0.341834546156661,-8.53504451420931,-0.9606881341223664,-2.7601059959625482,12.65435038566425,5.79378480309148,0.2837808116934808,6.947726736477011,0.4100000021600746,0.9673667224412725,28.38883924484255,4.269831619262696,1.0,110.999999673762,0.0,0.0,0.0,88.2723744558151,4.36118774414062,87.3103969527322,-0.41119998635596683,32.2733541,0.999999885531928,1919.8668956756599,1910.096788406374,96.12485021352765,-75.47502368688583,-44.2766770720482,-64.8463587,-2.0,203.953598022461,2.86055135726929,28.1776390075684,353.303009033203,73.3228921890259,97.1778452396393,0.653799986717854,0.135260103763614,-0.0494702130548627,-2.621399923024448,0.0,0.0,1.0,7.0,0.0,0.0,0.0,26050902.0,1.0,1.3921901427507695,92.0599670675865,24.1418646812439,4.196202449798586
2026-05-09 17:22:09+00:00,USA,USA,-2.2000000896797,-1.99999998450727,0.0,-2.0799999411988757,-1.7700000449858682,-1.850000001677476,-0.3425645759850595,-8.534898092028975,-0.9614059443154523,-2.7755634397618865,12.4841326800374,5.82718997766154,0.2222665298708018,9.3486967755026,0.3700000024699296,4.057240369353825,28.51865644454955,4.354787950515746,1.0,110.999999673762,0.0,0.0,0.0,87.3788354482157,4.28364100456238,84.47219926955479,-0.8408000220882716,32.2733545,0.999999970909292,1919.8851346969598,1910.105848312376,27.92606810107829,5.32253503333777,-41.34209044277669,-64.846346,-2.0,204.008590698242,2.86055135726929,28.1776390075684,352.303009033203,73.991996049881,97.6661086082458,-0.20819999940106265,-1.91697433939071,-0.38822445728766,-2.4906000074940478,0.0,0.0,1.0,7.0,0.0,0.0,0.0,26050902.0,1.0,5.162526254903664,91.96476447584024,24.19300861358645,4.171910305023192
2026-05-09 17:22:10+00:00,USA,USA,-2.2000000896797,-1.99999998450727,0.0,-2.09999993037178,-1.900000017298418,-2.0699999466124237,-0.3421263766611205,-8.536363167605941,-0.9606881341223664,-2.7676551052313902,11.72708902658515,5.819857086568614,0.2431325950345896,9.56155688891038,0.149999998838045,6.41514781589846,28.3556279182434,4.149294862747194,1.0,110.999999673762,0.0,0.0,0.0,82.435404074149,4.35439982414246,82.76540056578463,-1.0147999876566756,32.273356,0.9999999922536331,1919.948983192442,1910.1058721542363,95.16078010201468,-115.15371203422538,38.58346268534662,-64.8463333,-2.0,204.153915405273,2.86055135726929,28.1776390075684,351.303009033203,73.5916912555694,97.1719861030579,-0.057800001189771064,0.640135414214791,-0.364925854935527,-1.1302000250758364,0.0,0.0,1.0,7.0,0.0,0.0,0.0,26050902.0,1.0,7.634510880635617,91.90089879200605,24.157260131835947,3.886861181259154
2026-05-09 17:22:11+00:00,USA,USA,-2.2000000896797,-1.9899999899208178,0.0,-2.089999935785328,-1.99999998450727,-2.0399999628530696,-0.342564589325272,-8.53621674542561,-0.9603292076814822,-2.766936142443882,10.27551673360654,5.845385686987824,0.2233504301992726,10.443896264572981,0.18999999852819038,8.249286047922075,28.06528673172,3.886144709587098,1.0,110.999999673762,0.0,0.0,0.0,75.4616306674042,4.07565050125122,81.72219845309189,-0.4725999932441378,32.2733586,0.9999999922536331,1919.91250514984,1910.142254829406,48.147503845393786,-64.58578128367651,-50.1163036096841,-64.8463216,-2.0,204.818939208984,2.86055135726929,28.1776390075684,350.401000976562,73.1546461582184,97.0938622951508,0.5760000046094375,0.634882144969405,1.00819077645065,-1.076199973200504,0.0,0.0,1.0,7.0,0.0,0.0,0.0,26050902.0,1.0,9.65616644948192,91.86546377059204,24.1317606925964,3.634654312133788
2026-05-09 17:22:12+00:00,USA,USA,-2.2000000896797,-1.9899999899208178,0.0,-2.0599999520259713,-1.9300000224021123,-1.8800000494698559,-0.341249951332817,-8.535777478884611,-0.9610470819075921,-2.7654981741801796,12.1447486910291,5.838053393536448,0.2352739314540034,10.990160963257534,0.3299999974436988,9.88934594878367,27.5342668533325,3.5521729087829597,1.0,110.999999673762,0.0,0.0,0.0,80.5785829973351,3.49445722103119,81.01900042520673,-0.8184000004905624,32.2733607,0.9999999922536331,1920.0311183929439,1910.1876974105821,95.08808515965924,-60.71468070149423,-19.408369436860156,-64.846311,-2.0,205.107269287109,2.86055135726929,28.1776390075684,349.401000976562,73.487263917923,97.2520589828491,0.3290000137265055,-0.850260634501533,-1.01730224880345,-0.45519998494790953,0.0,0.0,1.0,7.0,0.0,0.0,0.0,26050902.0,1.0,11.4517217539691,91.8595522418654,24.05266857147215,3.32693417072296
2026-05-09 17:22:13+00:00,USA,USA,-2.2000000896797,-1.9899999899208178,0.0,-2.0599999520259713,-1.890000044056308,-1.8300000765376,-0.341104036080587,-8.535484207637126,-0.9660714971271002,-2.7619034029313196,11.94878970996775,5.879062873841578,0.1976068015511748,10.356539681881099,0.3899999969789168,10.9375417835333,28.0071733474731,3.809506702423094,1.0,110.999999673762,0.0,0.0,0.0,70.636136169736,3.80308227539062,80.75639877614942,-0.9090000052315492,32.2733637,0.9999999922536331,1919.958114624022,1910.1149559021,10.77314373105763,-54.96516674757002,16.07451904565096,-64.8463004,-2.0,205.860763549805,2.86055135726929,28.1776390075684,348.401000976562,73.665177822113,97.5079119205475,-0.394199996359413,-0.674638595054787,-0.182486539645168,0.08839999413921862,0.0,0.0,1.0,7.0,0.0,0.0,0.0,26050902.0,1.0,12.52842287095562,91.88986120630736,24.25207386016845,3.5399295473098737
2026-05-09 17:22:14+00:00,USA,USA,-2.2000000896797,-1.979999995334366,0.0,-2.04999995743952,-1.8000000927782502,-1.7700000449858682,-0.3412499379926035,-8.53577705199779,-0.9664303168462787,-2.7705309136927423,10.028074347902624,5.841583918318426,0.22416348684672602,10.541171135713387,0.43000001267731786,11.0747035080114,27.71714801788325,3.4371815013885483,1.0,110.999999673762,0.0,0.0,0.0,74.9088293069292,3.53367991447449,81.05199980116275,-0.5345999735539556,32.2733665,0.9999999922536331,1919.976377487184,1910.133147239684,99.06633049249636,-24.50296562165024,-17.336347023956478,-64.8462899,-2.0,206.304870605469,2.86055135726929,28.1776390075684,347.303009033203,73.4408557415009,97.4493205547333,0.421199994282631,0.912523304954047,0.954977626400731,0.608399970100789,0.0,0.0,1.0,7.0,0.0,0.0,0.0,26050902.0,1.0,12.579074358557339,91.9347560397218,24.26726160049435,3.296929178237916
2026-05-09 17:22:15+00:00,USA,USA,-2.2000000896797,-1.9899999899208178,0.0,-2.0599999520259717,-1.8200000819511502,-1.8000000927782502,-0.341542248744739,-8.536510016673095,-0.9664304662566667,-2.7658576555739343,10.79877667214759,5.85353384653555,0.2219955474515672,7.698840078182371,0.42000000741869614,11.3622608753713,27.44531278610225,3.000827465057374,1.0,110.999999673762,0.0,0.0,0.0,72.0937121989951,3.16783454418182,82.02119954627408,-0.46139999845353896,32.273369,0.9999999922536331,1919.8760032653802,1910.2058649063122,95.38469761610033,-34.79763166978954,-75.89112669229506,-64.8462806,-2.0,206.951736450195,2.86055135726929,28.1776390075684,346.401000976562,73.2629418373108,96.9903528690338,0.7085999818110414,-0.00615251801098712,-0.127862915510997,0.985199964834079,0.0,0.0,1.0,7.0,0.0,0.0,0.0,26050902.0,1.0,12.54151941717964,91.9978840631257,24.422110462188748,2.889244780540468
2026-05-09 17:22:16+00:00,USA,USA,-2.2000000896797,-1.9799999953343659,0.0,-2.04999995743952,-1.7500000131242799,-1.8799999854368281,-0.34183406590898546,-8.536363167605945,-0.9592523429814653,-2.759387161241088,12.09221471791475,5.867384701776054,0.2065492133818004,8.798235608591993,0.3400000080384059,10.7685799789401,27.0726385116577,2.6243498182296756,1.0,110.999999673762,0.0,0.0,0.0,74.4873929747611,2.66323335170746,82.83040074403999,-0.5287999956902776,32.2733712,0.9999999922536331,1919.9125051498402,1910.1785898208618,82.88722932338713,-126.97511538863174,-0.6221637129783641,-64.8462726,-2.0,207.648361206055,2.86055135726929,28.1776390075684,345.303009033203,73.4447240829468,97.2481548786163,0.17679999694957557,-0.978569099793955,0.21248558425351,0.8753999674988986,0.0,0.0,1.0,7.0,0.0,0.0,0.0,26050902.0,1.0,11.818324985970921,92.0751232573548,24.46580429077145,2.583676886558532
2026-05-09 17:22:17+00:00,USA,USA,-2.2000000896797,-1.99999998450727,0.0,-2.04999995743952,-1.830000012504574,-2.089999935785328,-0.3408117253284515,-8.536363167605945,-0.9423841876420844,-2.7676551052313902,11.43551251978555,5.908394523590646,0.16969494802735458,6.691378637869027,0.11999999907043597,10.21766716577063,27.257142734527598,2.564927086830138,1.0,110.999999673762,0.0,0.0,0.0,71.5479595937436,2.62755997180939,83.91439957664517,-0.36159999837285234,32.2733733,0.9999999922536331,1919.9855089187618,1910.096788406372,69.29232850670815,2.8352340683341,-31.63962848484516,-64.8462651,-2.0,208.32145690918,2.86055135726929,28.1776390075684,344.303009033203,73.3635008335114,97.3458051681519,0.1961999946915422,0.94104062539932,-0.337290642749391,1.316999999936598,0.0,0.0,1.0,7.0,0.0,0.0,0.0,26050902.0,1.0,10.868133486565,92.1600532445893,24.71827869415285,2.5227926731109642
2026-05-09 17:22:18+00:00,USA,USA,-2.2000000896797,-1.9899999899208178,0.0,-2.04999995743952,-2.0199999736801697,-2.10999992495823,-0.341396333492509,-8.53621674542561,-0.9567402847820994,-2.767295623837636,12.4442042479231,5.9113817922015155,0.15912651895135702,5.012148797400526,0.08999999930282697,8.518465510659574,27.3403667449951,2.46434012889862,1.0,110.999999673762,0.0,0.0,0.0,78.9851203545387,2.53899922370911,85.36420148459092,-0.2077999997776872,32.2733749,0.9999999922536331,1919.9125289916997,1910.2059125900257,97.28822559118268,-30.771458894014444,-32.752397097647155,-64.8462578,-2.0,208.648452758789,2.86055135726929,28.1776390075684,343.303009033203,73.6245691776276,96.9415247440338,0.4011999950211919,-0.41168266195079,0.103761499127123,1.502999946202138,0.0,0.0,1.0,7.0,0.0,0.0,0.0,26050902.0,1.0,8.982781343550212,92.2347208725959,24.8660036087036,2.4587722492218
2026-05-09 17:22:19+00:00,USA,USA,-2.2000000896797,-1.99999998450727,0.0,-2.069999946612424,-2.059999952025974,-2.11999991954468,-0.3419804480686775,-8.535923474178126,-0.960329293058847,-2.769092902740358,13.484941089212299,5.888840289638452,0.1851412314043106,3.9802732727857935,0.10999999914789964,7.260850312985214,27.10399847030635,2.242525219917298,1.0,110.999999673762,0.0,0.0,0.0,78.1926954674122,2.28667738437653,86.65439689804971,0.20560000051510063,32.2733761,0.9999999922536331,1919.9216365814198,1910.105895996092,115.5751779675484,-39.87697251141073,-50.54344534873964,-64.846251,-2.0,208.99577331543,2.86055135726929,28.1776390075684,342.303009033203,73.3596324920654,96.9766795635224,0.9965999907858663,1.29262578686449,0.811725560977967,1.0931999405186965,0.0,0.0,1.0,7.0,0.0,0.0,0.0,26050902.0,1.0,7.724151990850158,92.297319556339,24.90797481536865,2.2423009872436515
2026-05-09 17:22:20+00:00,USA,USA,-2.2000000896797,-1.99999998450727,0.0,-2.069999946612424,-2.0799999411988757,-2.14999990330403,-0.3421263633209075,-8.536363167605945,-0.9664303168462786,-2.7716093578740066,14.01923605213115,5.923060391153863,0.1493708637102928,2.559680049839706,0.06999999945775434,6.737414497073059,27.913938045501702,2.841056685447692,1.0,110.999999673762,0.0,0.0,0.0,93.3252118000072,2.63100092411041,87.76159924930326,-0.008199998949303788,32.2733764,0.9999999922536331,1919.948983192442,1910.124087333678,57.20311664044847,-11.032924393657577,-31.619167421013124,-64.8462434,-2.0,209.42724609375,2.86055135726929,28.1776390075684,341.303009033203,73.551082611084,97.5606441497803,-0.3157999994746881,-2.134105839662,-0.162963324356759,1.0897999363828883,0.0,0.0,1.0,7.0,0.0,0.0,0.0,26050902.0,1.0,7.1004057115983485,92.36844231616635,25.154962921142598,2.8359598445892322
2026-05-09 17:22:21+00:00,USA,USA,-2.2000000896797,-1.99999998450727,0.0,-2.0799999411988757,-2.019999973680172,-2.0799999411988734,-0.34183406590898546,-8.536070323245276,-0.966071347716712,-2.767655062542706,14.3481083800068,5.902962730275827,0.171862935447281,3.00256637765285,0.12999999899297232,4.84695153694575,27.9588575363159,2.7504376745224,1.0,110.999999673762,0.0,0.0,0.0,89.6166717976895,2.76884286403656,88.32779870885415,-0.3749999777518032,32.2733765,0.9999999922536331,1919.958114624022,1910.0877046585078,81.15318790078157,-58.401939272880554,18.49662922322748,-64.8462351,-2.0,209.76383972168,2.86055135726929,28.1776390075684,340.303009033203,73.3228921890259,97.0704257488251,0.473000012877833,0.889057869895351,-0.786417148782131,-0.1155999992112416,0.0,0.0,1.0,7.0,0.0,0.0,0.0,26050902.0,1.0,5.047589112211161,92.4316147357998,25.24981698989865,2.747825589179994
2026-05-09 17:22:22+00:00,USA,USA,-2.2000000896797,-1.979999995334366,0.0,-2.0799999411988757,-2.0399999628530696,-2.13999990871758,-0.3421263766611205,-8.53577705199779,-0.9660714971271002,-2.764419858064966,14.72479245895935,5.8972590100546824,0.1696949960521224,2.57074256572892,0.05999999953521802,3.9803503685460546,28.1070296287537,2.629641022682188,1.0,110.999999673762,0.0,0.0,0.0,89.1508392359164,2.82494223117828,87.9701986907068,0.27460000358245906,32.2733766,0.9999999922536331,1920.040225982666,1910.12406349182,143.5884088277816,-48.36023692041633,-132.51187726855287,-64.846227,-2.0,209.852172851562,2.86055135726929,28.1776390075684,339.303009033203,73.483395576477,97.5372076034546,0.6299999951197888,0.377990245909616,1.14745758657527,-0.293799997510674,0.0,0.0,1.0,7.0,0.0,0.0,0.0,26050902.0,1.0,4.122641565090812,92.4464908878121,25.403166389465298,2.628677186965944
2026-05-09 17:22:23+00:00,USA,USA,-2.2000000896797,-1.99999998450727,0.0,-2.0799999411988757,-1.99999998450727,-2.09999993037178,-0.34271097148496454,-8.535484207637126,-0.9657125279975336,-2.768374068018898,14.9086688353789,5.901061717875084,0.1705079059572302,3.474825869958604,0.0999999992253633,3.2517041870635053,27.965281105041498,2.511714506149292,1.0,110.999999673762,0.0,0.0,0.0,97.0056455738902,2.40313911437988,87.61419830286302,-0.11199999859879846,32.2733763,0.9999999922536331,1919.9580907821637,1910.105872154234,23.51598953828219,-62.13683718815444,22.35388830304144,-64.8462195,-2.0,209.9951171875,2.86055135726929,28.1776390075684,338.303009033203,73.6439049243927,97.556734085083,0.3754000020545734,0.338694860273637,-0.48783425527626,-0.6230000010437073,0.0,0.0,1.0,7.0,0.0,0.0,0.0,26050902.0,1.0,3.3708979249911004,92.4229164898918,25.56758193969725,2.510486397743228
2026-05-09 17:22:24+00:00,USA,USA,-2.2000000896797,-1.970000000747914,0.0,-2.069999946612424,-2.0099999790937177,-2.12999991413113,-0.34139585324483346,-8.535484207637126,-0.9660714971271002,-2.76334149926107,14.8634896953402,5.923603391192879,0.14449310279082678,3.110903743338124,0.07999999938029066,2.849616713596965,28.5943410873413,2.877063088417052,1.0,110.999999673762,0.0,0.0,0.0,92.7569537214404,2.95073075294495,86.35539990298105,-0.12640000238259308,32.2733762,0.9999999922536331,1919.9763774871801,1909.9876880645759,60.47312803566464,-1.2464789673686212,-52.89314519613988,-64.8462113,-2.0,210.120941162109,2.86055135726929,28.1776390075684,337.303009033203,73.7425327301025,97.5684523582458,-0.13079999390415414,-1.0701503038979,0.189490138246862,-1.542599995627694,0.0,0.0,1.0,7.0,0.0,0.0,0.0,26050902.0,1.0,3.028709929885108,92.36382169319285,25.675055694580102,2.8768356800079338
2026-05-09 17:22:25+00:00,USA,USA,-2.2000000896797,-1.99999998450727,0.0,-2.0599999520259713,-1.940000016988564,-2.049999957439524,-0.3421263633209075,-8.534751669848646,-0.9657125279975336,-2.7708903523978123,14.6817144558641,5.878791288444706,0.174843742058866,3.528994520784734,0.1499999988380452,1.9994967916645052,28.1205548286438,2.496802496910094,1.0,110.999999673762,0.0,0.0,0.0,97.4006422437812,2.5703694820404,85.71400006066833,-0.4319999934519183,32.273376,0.9999999922536331,1919.967246055602,1910.2058887481683,140.07756412029283,-38.02449647337197,-55.792644992470684,-64.8462032,-2.0,210.180236816406,2.86055135726929,28.1776390075684,336.303009033203,73.0424880981445,97.5957989692688,0.31640000758088976,0.252748668956662,-0.970851092753546,-0.12099999479382136,0.0,0.0,1.0,7.0,0.0,0.0,0.0,26050902.0,1.0,2.0652105752777303,92.24907110004204,25.59497995376585,2.49458493232727
2026-05-09 17:22:26+00:00,USA,USA,-2.2000000896797,-1.970000000747914,0.0,-2.0799999411988757,-1.9899999899208178,-2.069999946612424,-0.342272278573137,-8.53577705199779,-0.9667892859758451,-2.773406636776726,14.8345928725092,5.906764669699952,0.15722956731151858,3.569811816642094,0.12999999899297232,2.02308751800579,28.08942575454715,2.439888639450074,1.0,110.999999673762,0.0,0.0,0.0,83.0236950975514,2.54032294750214,84.92859934008419,-0.03239999884188318,32.2733765,0.9999999922536331,1919.8486328125,1910.0149869918837,19.75725288502872,-67.33231153339159,-12.274394184350957,-64.8461959,-2.0,210.443328857422,2.86055135726929,28.1776390075684,335.303009033203,73.5530138015747,97.0079302787781,0.6589999911598843,0.288064909112154,0.921212479517067,-1.144999945773685,0.0,0.0,1.0,7.0,0.0,0.0,0.0,26050902.0,1.0,1.989608235883234,92.10604010863281,25.59577045440675,2.439632992744446
2026-05-09 17:22:27+00:00,USA,USA,-2.2000000896797,-1.970000000747914,0.0,-2.04999995743952,-1.9200000278156601,-2.0599999520259713,-0.34256505623273503,-8.53519136327646,-0.9660714971271002,-2.769452469511478,14.791515723187551,5.900789876346118,0.16156544610183682,4.919451689796596,0.13999999891550866,1.15073767820247,27.70956058502195,2.185656251907348,1.0,110.999999673762,0.0,0.0,0.0,84.8555723235162,2.16299042701721,83.96360016131244,-0.5456000145566027,32.2733771,0.9999999922536331,1919.9398756027197,1910.1513385772698,92.55873933434489,-14.141163975000477,-73.41745644807816,-64.8461891,-2.0,210.834884643555,2.86055135726929,28.1776390075684,334.303009033203,73.578155040741,97.431743144989,-0.04719999557894659,-0.746328474026652,-0.808669424850357,-0.7999999724585661,0.0,0.0,1.0,7.0,0.0,0.0,0.0,26050902.0,1.0,1.1559566684359535,91.9226734350801,25.53009281158445,2.1831736421585077
2026-05-09 17:22:28+00:00,USA,USA,-2.2000000896797,-1.970000000747914,0.0,-2.04999995743952,-1.8900000440563083,-2.0599999520259717,-0.3424186740730425,-8.53592390106494,-0.9664303168462786,-2.778798900371728,14.59818038854115,5.934467063199881,0.1374474985257366,4.406756517109011,0.13999999891550866,1.262325680324135,27.811380672454852,2.20743664741516,1.0,110.999999673762,0.0,0.0,0.0,87.0292800268728,2.27087466716766,83.32460044747407,-0.2841999932094492,32.2733774,0.9999999922536331,1919.8395252227797,1910.042214393614,59.70056790392842,-80.13184554874883,3.626419976353658,-64.8461824,-2.0,210.544357299805,2.86055135726929,28.1776390075684,333.303009033203,72.9283928871155,96.9883978366852,-0.03500000739949952,0.303582618658747,0.257035333032359,-0.495200000646311,0.0,0.0,1.0,7.0,0.0,0.0,0.0,26050902.0,1.0,1.219865211707202,91.706853117686,25.5711181640625,2.207402143478394
2026-05-09 17:22:29+00:00,USA,USA,-2.2000000896797,-1.9899999899208178,0.0,-2.04999995743952,-1.900000038642758,-2.0599999520259713,-0.3416881639969685,-8.535630629817454,-0.966071347716712,-2.7787988576830465,14.77049837733775,5.939627271117826,0.14503521703968442,3.9646329933601145,0.13999999891550866,0.926351396454708,27.3858801841736,1.8946293854713439,1.0,110.999999673762,0.0,0.0,0.0,79.6469110435996,1.96940102577209,83.0941990422399,-0.5902000025784486,32.2733783,0.9999999922536331,1919.8851346969598,1910.1058483123757,63.5104224085807,-48.812393844127655,-58.045031316578275,-64.8461764,-2.0,211.160171508789,2.86055135726929,28.1776390075684,332.303009033203,73.5162734985352,97.3809599876404,0.4864000062640076,0.340057803178172,-0.469550319115812,-0.12759999916831113,0.0,0.0,1.0,7.0,0.0,0.0,0.0,26050902.0,1.0,0.8750430047374017,91.47679527096705,25.4441436767578,1.894189996719362
2026-05-09 17:22:30+00:00,USA,USA,-2.2000000896797,-1.9899999899208178,0.0,-2.04999995743952,-1.790000076847456,-1.7600000290550781,-0.3424186607328295,-8.535777478884611,-0.9649949525922004,-2.7748446050404283,14.72794459126135,5.926047403632638,0.1420543170466074,4.2160215635457,0.440000007263769,1.085787968641788,27.0358214378357,1.604192841053008,1.0,110.999999673762,0.0,0.0,0.0,81.6958790021442,1.71769587993622,83.09079897407105,-0.14920000492737945,32.2733792,0.9999999922536331,1919.839501380918,1910.1422309875481,82.83643797039981,-48.76780994236479,-18.9692109823227,-64.8461713,-2.0,211.417785644531,2.86055135726929,28.1776390075684,331.303009033203,73.406046628952,97.2032368183136,0.29000000042159624,-0.55583529848779,0.599060951063009,0.3251999939590651,0.0,0.0,1.0,7.0,0.0,0.0,0.0,26050902.0,1.0,1.1666075800503073,91.244080480661,25.389415454864498,1.60415370225906
2026-05-09 17:22:31+00:00,USA,USA,-2.2000000896797,-1.9999999845072658,0.0,-2.089999935785328,-1.900000038642758,-2.0499999574395216,-0.342710971484965,-8.53519093638964,-0.9660714971271002,-2.7838315118182377,14.7416041158277,5.93555323403264,0.13826041109888704,-0.4237947377915927,0.1599999987605814,1.39004626910026,26.91315565109255,1.423302047252656,1.0,110.999999673762,0.0,0.0,0.0,92.6736800550796,1.466548204422,83.92259853572486,-0.2046000001226406,32.2733793,0.9999999922536331,1919.9581384658818,1910.196781158446,136.9438976049425,-60.50139926373955,-8.675094135105605,-64.8461667,-2.0,211.227493286133,2.86055135726929,28.1776390075684,330.401000976562,73.51433634758,97.5176751613617,0.33659999990053324,0.64199423952524,-0.293905014337206,1.47419994130259,0.0,0.0,1.0,7.0,0.0,0.0,0.0,26050902.0,1.0,1.371951369097264,91.03797269226669,25.4649275779724,1.421769840717316
2026-05-09 17:22:32+00:00,USA,USA,-2.2000000896797,-2.0199999736801697,0.0,-2.0599999520259717,-1.780000060916662,-1.960000006161462,-0.3421263766611205,-8.53577705199779,-0.9657125279975336,-2.780596221963132,14.631805409825152,5.960267675902778,0.09761233317821331,1.906603821716018,0.24999999806340822,1.5837583313680499,26.7322812080383,1.333013806343078,1.0,110.999999673762,0.0,0.0,0.0,96.6722640405019,1.3991210103035,85.26100005830772,-0.4287999937968719,32.2733791,0.9999999922536331,1919.903397560122,1910.1331233978278,95.16470842063427,-9.53598748892546,-48.3519583940506,-64.8461626,-2.0,211.374847412109,2.86055135726929,28.1776390075684,329.401000976562,73.1778562068939,97.000116109848,0.24679999974238304,0.514206896322149,0.0475758394112292,0.8867999587661336,0.0,0.0,1.0,7.0,0.0,0.0,0.0,26050902.0,1.0,1.6650138475838379,90.87661971840885,25.403028202056902,1.3320706772804258
2026-05-09 17:22:33+00:00,USA,USA,-2.2000000896797,-2.0199999736801697,0.0,-2.0799999411988757,-1.790000076847456,-2.029999968266618,-0.341979967821002,-8.53519136327646,-0.9628414579799192,-2.7708903523978146,15.39620432323985,5.974118616520643,0.09436039740504824,-0.24793711818346384,0.1699999986831176,1.57145299852633,27.337166118621802,1.4420606017112738,1.0,110.999999673762,0.0,0.0,0.0,98.4752495662776,1.44614142179489,86.42899792336358,-0.31100000824637536,32.2733788,0.9999999922536331,1919.8942422866799,1910.1149559021,32.26001858711242,-118.1973099708558,-46.716467104852356,-64.8461583,-2.0,211.692352294922,2.86055135726929,28.1776390075684,328.303009033203,73.5549509525299,97.2696363925934,0.4169999855639861,-0.0276119268439559,-0.000512361529619316,1.359799928955283,0.0,0.0,1.0,7.0,0.0,0.0,0.0,26050902.0,1.0,1.4059724773200768,90.7663531444482,25.87481889724735,1.4396741008758538
2026-05-09 17:22:34+00:00,USA,USA,-2.2000000896797,-1.99999998450727,0.0,-2.0599999520259717,-2.010000000438058,-1.960000006161464,-0.34314918414911655,-8.53650958978628,-0.9682250557724057,-2.7795177350931857,15.97725107725375,5.952933931036208,0.11766538705127257,0.045031533164052194,0.23999999814087186,0.618318322582316,27.4560098648071,1.1960910701751737,1.0,110.999999673762,0.0,0.0,0.0,106.549940184202,1.14094830751419,87.58199669300208,0.3462000042017578,32.273378,0.9999999922536331,1919.939851760862,1910.169529914856,163.07637766003603,66.83458723127856,28.934624418616277,-64.8461545,-2.0,211.824859619141,2.86055135726929,28.1776390075684,327.401000976562,73.228132724762,97.3165094852448,0.41459999716188234,-0.0651745988751873,1.25634360854997,1.1937999078296202,0.0,0.0,1.0,7.0,0.0,0.0,0.0,26050902.0,1.0,0.6386859413512089,90.67464419446239,26.274189949035602,1.1948341655731203
2026-05-09 17:22:35+00:00,USA,USA,-2.2000000896797,-2.02999996826662,0.0,-2.09999993037178,-2.0999999730604597,-2.089999935785326,-0.342564589325272,-8.53592390106494,-0.9696605054038481,-2.776641969320516,15.6930315379639,5.957823407330924,0.10059323183726929,-3.7803468909677163,0.11999999907043606,0.274086906965403,28.1876400947571,1.475269267559054,1.0,110.999999673762,0.0,0.0,0.0,110.407603706668,1.39392417669296,88.55179886079821,-0.10580000110142503,32.2733766,0.9999999922536331,1920.0128555297858,1910.12406349182,-9.77739044465124,-149.71314221620568,-103.69608215987687,-64.8461504,-2.0,207.975631713867,2.86055135726929,28.1776390075684,326.401000976562,72.7640151977539,96.9278514385224,0.02440000170529898,-0.222404646434382,-1.2259897142699,0.677799980128639,0.0,0.0,1.0,7.0,0.0,0.0,0.0,26050902.0,1.0,0.008646786702515308,90.60795764250099,26.7371503829956,1.475226953029634
2026-05-09 17:22:36+00:00,USA,USA,-2.2000000896797,-2.0399999628530696,0.0,-2.09999993037178,-1.99999998450727,-2.02999996826662,-0.3432950994013465,-8.535484207637126,-0.967866193364545,-2.7777203708130966,16.1049132892568,5.973032274933154,0.10330295464399848,-1.8218813081476397,0.16999999868311777,-0.916217983727774,28.6589638710022,1.6230169486999522,1.0,110.999999673762,0.0,0.0,0.0,111.263713277616,1.62222200632095,89.02019547558584,-0.2427999861663513,32.2733751,0.9999999922536331,1919.90337371826,1910.12406349182,158.2948148250578,28.69386747479438,-9.060733579099182,-64.8461457,-2.0,212.285415649414,2.86055135726929,28.1776390075684,325.401000976562,73.5858917236328,96.8536376953125,0.3237999999463256,0.270097589572333,0.301449438523161,0.1907999873112115,0.0,0.0,1.0,7.0,0.0,0.0,0.0,26050902.0,1.0,-1.1161928332085345,90.53562252409596,27.04260034561155,1.6160994029045077
2026-05-09 17:22:37+00:00,USA,USA,-2.2000000896797,-2.04999995743952,0.0,-2.09999993037178,-2.069999946612426,-2.0599999520259717,-0.343441481561039,-8.53533735856997,-0.9682250557724057,-2.778798857683042,16.0318891755193,5.959724761241128,0.1136006347544924,-3.8596926009142036,0.149999998838045,-1.387610292804945,29.4713676452637,1.9426142978668182,1.0,110.999999673762,0.0,0.0,0.0,125.527129019462,1.7938182592392,88.93039897856768,0.5719999977035124,32.2733723,0.9999999922536331,1919.903397560122,1910.133147239684,13.49184382706882,-58.59955493360759,-6.58428650349386,-64.8461404,-2.0,207.061126708984,2.86055135726929,28.1776390075684,324.401000976562,73.3673691749573,97.2579181194306,0.07920000146756102,-0.349796559037126,0.998047625368068,-0.39879999536328414,0.0,0.0,1.0,7.0,0.0,0.0,0.0,26050902.0,1.0,-1.6305423097296061,90.44800485742304,27.594969749450698,1.9344852733612061
2026-05-09 17:22:38+00:00,USA,USA,-2.2000000896797,-2.04999995743952,0.0,-2.09999993037178,-2.14999990330403,-2.09999993037178,-0.342710971484965,-8.53504494109613,-0.9689427805881268,-2.7823935862432205,16.433790312887503,5.918171854010153,0.156958534199473,-6.240063643176681,0.0999999992253633,-2.460387391408095,30.087683486938452,1.985453252792358,1.0,110.999999673762,0.0,0.0,0.0,111.850774866968,2.06719372272491,88.78559760212556,0.4511999913821974,32.2733699,0.9999999922536331,1919.95813846588,1910.08768081665,117.61924941092744,-66.21211636811495,-117.79324933886521,-64.8461343,-2.0,209.513900756836,2.86055135726929,28.1776390075684,323.401000976562,73.5626876354218,97.584080696106,0.4853999945323665,1.35943976454261,-0.330249331364916,0.23519998665211023,0.0,0.0,1.0,7.0,0.0,0.0,0.0,26050902.0,1.0,-2.97021712898413,90.33524184932075,28.100075626373297,1.9729652309417698
2026-05-09 17:22:39+00:00,USA,USA,-2.2000000896797,-2.04999995743952,0.0,-2.11999991954468,-2.14999990330403,-2.09999993037178,-0.3444643023892485,-8.53519093638964,-0.9685838114585602,-2.783112591719412,17.8044547462791,5.939355258834126,0.1322986111127328,-5.472165026208648,0.11999999907043597,-3.5510061714229346,30.7715103149414,2.358989567756652,1.0,110.999999673762,0.0,0.0,0.0,122.25650659578,2.20708529949188,87.93319545785934,0.09019999577946132,32.2733668,0.9999999922536331,1919.93074417114,1910.0967884063703,14.931233227252914,2.153726480901265,0.7052622735500315,-64.8461278,-2.0,146.263885498047,2.86055135726929,28.1776390075684,322.303009033203,73.2378005981445,97.1895635128021,-0.18059999470566387,-1.87132541040316,-0.697005170069904,-1.779399964765052,0.0,0.0,1.0,7.0,0.0,0.0,0.0,26050902.0,1.0,-4.006780810067792,90.177525951196,28.46968574523925,2.324817323684692
2026-05-09 17:22:40+00:00,USA,USA,-2.2000000896797,-2.04999995743952,0.0,-2.14999990330403,-2.13999990871758,-2.09999993037178,-0.3440260897250965,-8.534898092028975,-0.9693017070290109,-2.792099370431174,18.06555921787035,5.874174592829966,0.1989616869669234,-5.5766877525868095,0.10999999914789964,-4.293118391019281,30.845637130737302,1.932910730838774,1.0,110.999999673762,0.0,0.0,0.0,113.638877410542,2.26637349128723,86.98040046109654,0.2545999957332584,32.2733643,0.9999999922536331,1919.9216365814198,1910.078620910646,92.69829196855427,-50.20091049373142,-32.979140314273465,-64.846121,-2.0,210.590347290039,2.86055135726929,28.1776390075684,321.303009033203,73.5375463962555,97.423928976059,0.5841999748772834,1.58820595845649,0.470773509946626,-0.43039998962233084,0.0,0.0,1.0,7.0,0.0,0.0,0.0,26050902.0,1.0,-4.785393347145274,89.96212227534124,28.817622756958002,1.909074862003326
2026-05-09 17:22:41+00:00,USA,USA,-2.2000000896797,-2.069999946612424,0.0,-2.14999990330403,-2.0699999466124237,-2.049999957439524,-0.343441014653576,-8.53577705199779,-0.9689427805881268,-2.7946156548100882,18.0061929211519,5.926047659764732,0.1528936858531576,-3.619748055371658,0.15999999876058132,-4.597854111028565,30.9639839172363,1.93891325712204,1.0,110.999999673762,0.0,0.0,0.0,110.890197552665,1.77514632940292,85.87799973282948,-0.39240000539134023,32.2733624,0.9999999922536331,1919.930768013,1910.078597068786,94.84428195282811,-90.98106543533511,-38.600366190075746,-64.8461153,-2.0,208.638580322266,2.86055135726929,28.1776390075684,320.303009033203,73.5568821430206,96.9141840934754,-0.049599996320747484,-1.32163861618971,-1.11278850684364,-1.441399921492991,0.0,0.0,1.0,7.0,0.0,0.0,0.0,26050902.0,1.0,-4.8700873513439715,89.70899887979519,29.0919874191284,1.9162856912612898
2026-05-09 17:22:42+00:00,USA,USA,-2.2000000896797,-2.04999995743952,0.0,-2.14999990330403,-1.99999998450727,-1.9899999899208178,-0.3440256094774205,-8.535044514209305,-0.9373594309131177,-2.787066758984662,17.90847596601745,5.91790001248119,0.15153884846217677,-1.3137636428644313,0.20999999837326316,-3.835530294461095,31.285110855102552,1.7940801930427561,1.0,110.999999673762,0.0,0.0,0.0,116.004329014468,2.02896838188171,84.94779900184112,-0.11040000277333914,32.2733601,0.9999999922536331,1919.9672460556042,1910.124039649964,73.38294647634022,15.697808563709264,12.573445006273674,-64.8461091,-2.0,208.799957275391,2.86055135726929,28.1776390075684,319.303009033203,73.0270147323608,96.986448764801,0.5509999674505,1.41211418342175,0.89355640323745,-0.4989999897312606,0.0,0.0,1.0,7.0,0.0,0.0,0.0,26050902.0,1.0,-4.019181701524868,89.43561714317084,29.40714569091795,1.789767158031464
2026-05-09 17:22:43+00:00,USA,USA,-2.2000000896797,-2.04999995743952,0.0,-2.14999990330403,-1.970000000747914,-1.979999995334364,-0.34256505623273503,-8.534751669848646,-0.9373593668800939,-2.791380493021026,18.19742370376025,5.922516964228024,0.15180978819272942,-0.28951740220000965,0.2199999982957992,-2.9466567329516247,31.1898233413696,1.499452192783356,1.0,110.999999673762,0.0,0.0,0.0,113.896901466818,1.48367131948471,84.13360083767837,-0.21199999782416185,32.2733584,0.9999999922536331,1920.0311183929439,1910.1786136627202,32.434001448564246,-108.88310559093941,-14.317119799670746,-64.846104,-2.0,208.288604736328,2.86055135726929,28.1776390075684,318.303009033203,73.7038552761078,97.5997030735016,0.04739999739166636,-1.62687411394717,-0.330255868069395,-1.0415999637568554,0.0,0.0,1.0,7.0,0.0,0.0,0.0,26050902.0,1.0,-2.99370649104926,89.17630559623669,29.687267875671402,1.49942541360855
2026-05-09 17:22:44+00:00,USA,USA,-2.2000000896797,-2.089999935785328,0.0,-2.14999990330403,-1.950000011575014,-1.9200000278156601,-0.343149184149117,-8.535337785456797,-0.9370004831278923,-2.7885047272483616,17.887460327714997,5.92441780587404,0.14991278586008042,0.3044309815145152,0.27999999783101737,-2.1003178543333,31.21035747528075,1.352320582866668,1.0,110.999999673762,0.0,0.0,0.0,112.584617221583,1.299578332901,83.80559876128041,-0.83640001422495,32.2733573,0.9999999922536331,1919.91250514984,1910.078597068788,134.6782851964236,-11.284948140382781,-99.09363389015193,-64.8460996,-2.0,210.67024230957,2.86055135726929,28.1776390075684,317.303009033203,73.3635008335114,97.4571287631989,0.05100000717550633,0.0624242004243208,-1.18508040295782,-0.1646000031005381,0.0,0.0,1.0,7.0,0.0,0.0,0.0,26050902.0,1.0,-2.105358235119994,88.9306373521697,29.87097816467285,1.3519046258926362
2026-05-09 17:22:45+00:00,USA,USA,-2.2000000896797,-2.04999995743952,0.0,-2.13999990871758,-1.84000007112405,-1.8000000927782502,-0.3435878770609445,-8.53533735856997,-0.9373593668800939,-2.786347796197152,17.679944666578002,5.967599883976787,0.11034865229058115,3.49885853088353,0.399999996901453,-1.0376593341399825,31.3626262664795,1.188960535526276,1.0,110.999999673762,0.0,0.0,0.0,102.212087042327,1.45487179756165,83.27359942494158,-0.3651999976512744,32.2733563,0.9999999922536331,1919.976353645324,1910.0877046585078,41.568989120423765,-33.01771208643911,80.69211281836033,-64.8460953,-2.0,210.083023071289,2.86055135726929,28.1776390075684,316.303009033203,73.5491454601288,97.2247183322906,0.5489999946800272,1.20316023385596,0.763346530673974,-0.22720000885883454,0.0,0.0,1.0,7.0,0.0,0.0,0.0,26050902.0,1.0,-0.9849644086850808,88.71312314786145,30.068859100341797,1.1862157773971551
2026-05-09 17:22:46+00:00,USA,USA,-2.2000000896797,-2.04999995743952,0.0,-2.089999935785328,-1.90000003864276,-1.93000002240211,-0.3434414815610385,-8.53563105670428,-0.9380772837948858,-2.7867072775909056,17.47400251027105,5.95374937024574,0.11983327708764295,1.55946634737025,0.2599999979859444,-0.36226373534566203,31.205574989318848,0.822017637491226,1.0,110.999999673762,0.0,0.0,0.0,127.111473359716,0.779271304607391,83.33599593508534,-0.21319999936233072,32.273355,0.9999999922536331,1919.921636581422,1910.1876974105817,134.57274734973916,-126.21039152145381,-92.50214174389862,-64.8460922,-2.0,206.923202514648,2.86055135726929,28.1776390075684,315.303009033203,73.4892010688782,97.5528299808502,0.18919998727524737,-0.830713380148897,0.0708619519887328,0.06499999882947545,0.0,0.0,1.0,7.0,0.0,0.0,0.0,26050902.0,1.0,-0.358715702867849,88.52180613411485,30.434856605529802,0.8198021006584174
2026-05-09 17:22:47+00:00,USA,USA,-2.2000000896797,-2.04999995743952,0.0,-2.04999995743952,-1.8000000927782502,-1.8800000494698559,-0.343441494901252,-8.535777478884611,-0.9373593882244352,-2.775923091910374,16.73586994308335,5.959724248976938,0.10357408380557875,2.4582090306383675,0.3299999974436992,-0.260664964926413,31.66827449798585,0.9166716885566706,1.0,110.999999673762,0.0,0.0,0.0,105.876476701849,1.05700589418411,83.48239830786888,-0.8121999923210185,32.2733542,0.9999999922536331,1919.930744171142,1910.069513320924,54.7077232040466,-13.277608156204199,-17.023881152272256,-64.8460892,-2.0,208.642776489258,2.86055135726929,28.1776390075684,314.303009033203,72.9709327220917,96.8458235263824,0.3554000008754794,0.73317726494491,-0.495780006436807,0.3249999868102603,0.0,0.0,1.0,7.0,0.0,0.0,0.0,26050902.0,1.0,-0.2822645683946762,88.3517856502003,30.698518180847152,0.9159262061119074
2026-05-09 17:22:48+00:00,USA,USA,-2.2000000896797,-2.02999996826662,0.0,-2.04999995743952,-1.800000050089562,-1.8900000440563063,-0.342710491237289,-8.535484207637126,-0.9373593668800939,-2.7888640378873837,16.878769453351048,5.992858094282221,0.08162403093492387,2.677172729154516,0.3300000027797842,0.22594195404777423,31.7682981491089,0.8165066099166868,1.0,110.999999673762,0.0,0.0,0.0,121.522343222273,0.755725425481796,83.92099753938342,-0.02500000514242621,32.2733534,0.9999999922536331,1919.9581146240241,1910.1058959960942,96.07832133769999,-36.62245832383632,4.099719785153891,-64.8460865,-2.0,209.747619628906,2.86055135726929,28.1776390075684,313.303009033203,73.4466552734375,97.4297881126404,0.0014000013498570323,-1.20476575519774,1.19801507369853,0.191599999689735,0.0,0.0,1.0,7.0,0.0,0.0,0.0,26050902.0,1.0,0.27637278851968505,88.20040133743615,30.94913864135745,0.8160521686077116
2026-05-09 17:22:49+00:00,USA,USA,-2.2000000896797,-2.04999995743952,0.0,-2.04999995743952,-1.8200000819511502,-1.93000002240211,-0.343002801989424,-8.535630629817454,-0.937718271976637,-2.788504684559678,16.85565438565245,5.953749626377837,0.08839874149319689,1.539629951900136,0.24999999806340822,0.1703597155316351,31.94524669647215,0.8527733480930326,1.0,110.999999673762,0.0,0.0,0.0,101.577999600539,0.799902212619781,83.45659931733591,-0.2611999988571031,32.2733529,0.9999999922536331,1919.93074417114,1910.242247581482,53.05853150784969,-33.724627457559116,-54.15394050069146,-64.8460838,-2.0,210.451477050781,2.86055135726929,28.1776390075684,312.303009033203,73.5646188259125,97.9688286781311,0.19060000129830681,0.633005763938356,-0.691472716842194,-0.5980000039054092,0.0,0.0,1.0,7.0,0.0,0.0,0.0,26050902.0,1.0,0.16360816591805433,88.07354081888695,31.106696319580053,0.852464690208435
2026-05-09 17:22:50+00:00,USA,USA,-2.2000000896797,-2.02999996826662,0.0,-2.04999995743952,-1.7500000344686242,-1.890000044056308,-0.34256505623273503,-8.53577705199779,-0.9373593882244352,-2.796053665762466,16.6702002355346,5.985254044679246,0.0935474861659192,2.3571195415351918,0.3099999975986264,0.331861896339274,31.79073429107665,0.7299016964435574,1.0,110.999999673762,0.0,0.0,0.0,107.163181888642,0.885961264371872,82.86599968999407,-0.6286000037750921,32.2733525,0.9999999922536331,1919.87602710724,1910.124039649964,145.0238391757012,-17.371847853064533,-11.300411215052,-64.846081,-2.0,210.713272094727,2.86055135726929,28.1776390075684,311.303009033203,73.3112871646881,97.0176935195923,0.5203999995973287,0.904290472404949,-0.243952265759759,-0.5961999892584584,0.0,0.0,1.0,7.0,0.0,0.0,0.0,26050902.0,1.0,0.34313089204874564,87.93106648789501,31.00609760284425,0.7296929991245269
2026-05-09 17:22:51+00:00,USA,USA,-2.2000000896797,-2.0099999790937195,0.0,-2.04999995743952,-2.0500000001282057,-1.830000033848916,-0.343441014653576,-8.535337785456797,-0.9560222611456016,-2.794975306958574,16.8115228258777,5.9673288108441,0.10790987054842563,2.7057828761394775,0.3700000078060148,0.6557085390071115,31.565952301025398,0.5236061829328535,1.0,110.999999673762,0.0,0.0,0.0,112.706973230375,0.545918530225754,82.57099972162774,0.017000004670788486,32.273352,0.9999999922536331,1919.9307441711421,1910.2149963378881,2.0936461165547344,-22.235189285129326,10.06328091025352,-64.846079,-2.0,209.294982910156,2.86055135726929,28.1776390075684,310.303009033203,73.5607504844666,97.5293934345245,0.15259999105390026,-0.90779019730264,1.49038068079069,-0.27140000392741237,0.0,0.0,1.0,7.0,0.0,0.0,0.0,26050902.0,1.0,0.7653989971834771,87.78307336405375,31.02697162628175,0.523506453037262
2026-05-09 17:22:52+00:00,USA,USA,-2.2000000896797,-2.0599999520259717,0.0,-2.04999995743952,-2.0599999520259735,-1.850000001677478,-0.34314918414911655,-8.53577705199779,-0.9678660866428391,-2.777361017485392,16.7532083782914,5.999104387655564,0.06915864955207698,1.4126006045732524,0.350000002624857,0.701468485249096,31.3611328125,0.3064764064550398,1.0,110.999999673762,0.0,0.0,0.0,86.2134002701364,0.311744973063469,82.25499555552577,-0.5803999857923337,32.273352,0.9999999922536331,1919.994616508484,1910.078597068786,171.2202206254004,-61.22682988643646,33.5494678467512,-64.8460776,-2.0,211.593460083008,2.86055135726929,28.1776390075684,309.303009033203,73.3615696430206,97.2657322883606,0.19159999635468156,0.184941899270295,-1.63135909363263,-0.19359999380454843,0.0,0.0,1.0,7.0,0.0,0.0,0.0,26050902.0,1.0,0.74570247651705,87.64251148602946,31.047988128662098,0.3063324737548826
2026-05-09 17:22:53+00:00,USA,USA,-2.2000000896797,-2.04999995743952,0.0,-2.04999995743952,-1.9899999899208178,-2.049999957439522,-0.3435873968132685,-8.535923901064946,-0.9682250557724055,-2.775563525139254,16.77159439376345,6.005894364086837,0.043414880164729476,3.5701933253959206,0.1499999988380449,1.402145629049825,31.55574016571045,0.42836988329887377,1.0,110.999999673762,0.0,0.0,0.0,126.264365978095,0.424334585666656,82.59639573099966,-0.2089999853076004,32.2733514,0.9999999922536331,1919.8668718338001,1910.1876974105842,47.68428280949592,15.708244591951356,23.10113310813906,-64.8460762,-2.0,203.372421264648,2.86055135726929,28.1776390075684,308.401000976562,73.4563231468201,97.138786315918,0.15439999602919657,0.204261302781087,1.03664278321199,0.6961999868162949,0.0,0.0,1.0,7.0,0.0,0.0,0.0,26050902.0,1.0,1.5176331142347022,87.5057710988458,31.1300937652588,0.4276868480443955
2026-05-09 17:22:54+00:00,USA,USA,-2.2000000896797,-2.04999995743952,0.0,-2.04999995743952,-1.99999998450727,-2.0799999411988757,-0.3435873968132685,-8.535484207637126,-0.9682250557724055,-2.800726838503908,16.841468936519952,6.0077956326196755,0.0591321479619525,2.0984830734231616,0.11999999907043599,1.5984029506396449,31.413712692260752,0.17200331769883645,1.0,110.999999673762,0.0,0.0,0.0,82.35417263435,0.333402362465858,82.99519954833406,-0.6140000075167269,32.2733514,0.9999999922536331,1919.9216127395619,1910.2513313293482,86.61998584866527,-97.19596505165109,-11.544278636574768,-64.8460751,-2.0,212.680740356445,2.86055135726929,28.1776390075684,307.401000976562,73.6825823783874,97.4844753742218,0.24660000093121157,0.365714368258693,-0.516469022958745,0.09920000072899943,0.0,0.0,1.0,7.0,0.0,0.0,0.0,26050902.0,1.0,1.5921673401090541,87.40934590323815,31.2163450241089,0.17162470243871203
2026-05-09 17:22:55+00:00,USA,USA,-2.2000000896797,-2.04999995743952,0.0,-2.04999995743952,-1.94000001698856,-2.0099999790937195,-0.343879707565404,-8.535923901064946,-0.9570991045012776,-2.8165437636970054,16.67545521232725,6.0105114865884035,0.0781013988900975,4.892748809104334,0.1899999985281906,2.08162816224747,31.30544414520265,0.0750018811225892,1.0,110.999999673762,0.0,0.0,0.0,167.335837080134,0.0475679341703653,83.48319880603961,-0.6229999903715366,32.2733506,0.9999999922536331,1920.0128555297858,1910.1967811584461,64.58680927753448,13.52107226848602,-45.578227192163496,-64.8460746,-2.0,203.216156005859,2.86055135726929,28.1776390075684,306.401000976562,73.433119058609,97.5899398326874,0.2048000032693817,-0.427721546947567,0.203449123919664,0.9929999554888698,0.0,0.0,1.0,7.0,0.0,0.0,0.0,26050902.0,1.0,2.242512254290916,87.32619518028244,31.2601444244385,0.07487568452954285
2026-05-09 17:22:56+00:00,USA,USA,-2.2000000896797,-2.04999995743952,0.0,-2.04999995743952,-1.950000011575014,-2.019999973680168,-0.34271097148496454,-8.536070323245276,-0.9624827236381052,-2.797132024566366,16.707502459912952,6.014856852938365,0.054796266503591706,3.170031538388502,0.179999998605654,2.9173626919316797,31.41781368255615,0.030528510562380706,1.0,110.999999673762,0.0,0.0,0.0,38.9022713235348,0.0995887711644172,83.90639596097579,-0.7484000063688934,32.2733505,0.9999999922536331,1919.90337371826,1910.196805000304,114.10710173659008,-63.0056598922238,31.494940817356202,-64.8460742,-2.0,200.063201904297,2.86055135726929,28.1776390075684,305.303009033203,73.5220730304718,96.9259023666382,0.15840000293512196,-0.110082298925334,-0.489489775737195,-0.1795999943132039,0.0,0.0,1.0,7.0,0.0,0.0,0.0,26050902.0,1.0,2.9347006575642505,87.29418891383176,31.3587776184082,0.030324130615645113
2026-05-09 17:22:57+00:00,USA,USA,-2.2000000896797,-2.0199999736801697,0.0,-2.04999995743952,-1.850000065710502,-1.8900000440563063,-0.342857353644657,-8.535777478884611,-0.9621237971972209,-2.8079163810016317,16.7216870552718,6.007523449581251,0.07132659161527873,7.933825821010127,0.29999999767609,3.41738728741168,31.5941442489624,0.1774581402540208,1.0,110.999999673762,0.0,0.0,0.0,230.454680709732,-0.165847165882587,83.98139826825165,-0.301199999214259,32.2733508,0.9999999922536331,1920.0037479400642,1910.1149559020982,0.1531712710857846,-40.1883622747846,-71.28226161003118,-64.8460743,-2.0,212.766372680664,2.86055135726929,28.1776390075684,304.401000976562,73.4717965126038,97.3848700523376,0.1844000011328909,0.35382991914415,1.04632052093566,0.3983999844007277,0.0,0.0,1.0,7.0,0.0,0.0,0.0,26050902.0,1.0,3.509888005732632,87.28321621493015,31.4322280883789,0.1763885128498078
2026-05-09 17:22:58+00:00,USA,USA,-2.2000000896797,-1.99999998450727,0.0,-2.04999995743952,-1.870000054883406,-1.920000027815658,-0.343441014653576,-8.53621674542561,-0.9621237971972209,-2.8179816038946583,16.76949496436725,6.011597742798527,0.0287814613361563,5.5328550135882555,0.2799999978310172,3.6999085641974396,31.5915470123291,0.2333581495285034,1.0,110.999999673762,0.0,0.0,0.0,289.744629573648,-0.242621067166328,84.0291986641391,-0.6647999850318179,32.2733509,0.9999999922536331,1919.97640132904,1910.1149797439562,185.7517436146738,-30.09995477041228,44.25588035956025,-64.8460748,-2.0,195.039886474609,2.86055135726929,28.1776390075684,303.303009033203,73.6825823783874,97.3458051681519,0.15460000050995926,-0.38525831423845,-0.858884335298056,-0.5369999626230701,0.0,0.0,1.0,7.0,0.0,0.0,0.0,26050902.0,1.0,3.729077868887674,87.29602964981311,31.31844577789305,0.231928234398365
2026-05-09 17:22:59+00:00,USA,USA,-2.2000000896797,-1.99999998450727,0.0,-2.02999996826662,-1.780000060916662,-1.860000060296952,-0.3428568867371945,-8.535923901064946,-0.9624827236381052,-2.7942562161050146,16.65601734772305,6.014041840615654,0.04883456323398322,7.442873957903726,0.349999997288772,4.11512985110768,31.33576469421385,0.13334839493036263,1.0,110.999999673762,0.0,0.0,0.0,10.2163570501105,0.197080698609352,83.22179790423839,-0.6443999708891358,32.2733521,0.9999999922536331,1919.9216127395619,1910.1331472396837,-17.323847673833367,-32.107962039299295,-107.00962021946907,-64.8460747,-2.0,214.170532226562,2.86055135726929,28.1776390075684,302.401000976562,73.342227935791,97.2872138023376,0.22059999706385192,0.361686717762928,0.328861095416111,-0.722999981592772,0.0,0.0,1.0,7.0,0.0,0.0,0.0,26050902.0,1.0,4.180216388567342,87.3050864806525,31.1792610168457,0.13267573580145828
2026-05-09 17:23:00+00:00,USA,USA,-2.2000000896797,-1.99999998450727,0.0,-2.02999996826662,-1.8100000873647002,-1.93000002240211,-0.34300326889688704,-8.536070323245276,-0.9628416287346481,-2.80072683850391,16.6518133662889,6.024090756432035,0.0442278374275943,5.189914032814946,0.2599999979859444,3.816747807852085,31.2360534667969,0.14582562658935777,1.0,110.999999673762,0.0,0.0,0.0,182.662699615372,-0.0159786131232977,83.28180111609696,-0.2733999947905488,32.2733523,0.9999999922536331,1919.994616508484,1910.1604461669917,208.5353851318358,-39.55078991421033,44.73229469731453,-64.8460746,-2.0,199.889129638672,2.86055135726929,28.1776390075684,301.303009033203,72.9167878627777,97.263777256012,0.3860000020791834,0.32476375564647,0.00882666547059938,0.5975999922758415,0.0,0.0,1.0,7.0,0.0,0.0,0.0,26050902.0,1.0,3.63241549496109,87.30395949943946,31.1226264953613,0.14512863278388966
2026-05-09 17:23:01+00:00,USA,USA,-2.2000000896797,-1.99999998450727,0.0,-2.02999996826662,-1.8400000711240518,-1.9700000007479161,-0.343733312065498,-8.536070323245276,-0.9624827236381052,-2.801805197307808,16.830960690481902,5.99747547291588,0.0697006223946749,2.1923247393050906,0.1999999984507268,2.458495002121175,31.13434410095215,0.05931741781532764,1.0,110.999999673762,0.0,0.0,0.0,346.854218129956,-0.0440620053559542,83.42479795656031,0.35820000224117177,32.2733531,0.9999999922536331,1919.90337371826,1910.114979743958,-10.192682594060898,-22.95354660600423,-71.86577394604674,-64.8460749,-2.0,214.516342163086,2.86055135726929,28.1776390075684,300.303009033203,73.7502634525299,97.5665032863617,0.15340000163983275,-0.159066861517825,1.33784302655215,-0.14860000482530542,0.0,0.0,1.0,7.0,0.0,0.0,0.0,26050902.0,1.0,2.170763443593118,87.2806446487076,31.0771396636963,0.059317409098148324
2026-05-09 17:23:02+00:00,USA,USA,-2.2000000896797,-2.02999996826662,0.0,-2.04999995743952,-1.850000065710502,-1.9600000061614622,-0.343441014653576,-8.535777478884611,-0.9624827236381052,-2.784550474605748,16.7526841612726,6.007524132600168,0.06644878400506636,-1.214581484086984,0.2399999981408718,0.1786261620830015,31.0051071166992,0.0733980736881495,1.0,110.999999673762,0.0,0.0,0.0,214.230372298689,-0.107884769886732,83.73559888455262,-0.0643999980603909,32.2733533,0.9999999922536331,1919.9398517608638,1910.133147239684,129.16921190917498,-49.33806061744688,-3.341024741530356,-64.846075,-2.0,212.751602172852,-161.255264282227,530.705017089844,299.303009033203,73.7850725650787,97.4590837955475,0.22979999640561602,-0.135608790256828,-0.986334918158553,0.41099998454324715,0.0,0.0,1.0,7.0,0.0,0.0,0.0,26050902.0,1.0,-0.06736615845187859,87.20463488852914,30.927559089660647,0.07279132112860678
2026-05-09 17:23:03+00:00,USA,USA,-2.2000000896797,-2.0399999628530696,0.0,-2.04999995743952,-1.8700000548834042,-1.9299999797134302,-0.34271097148496454,-8.535337785456797,-0.9624827236381052,-2.768373982641532,18.340322360254298,6.021646487860183,0.0474795817686996,-1.9813356815152439,0.2700000032445666,-0.963651246275131,30.9118984222412,0.09073520757257944,1.0,110.999999673762,0.0,0.0,0.0,90.0000025044782,-0.0130146992392838,83.5760019523304,-0.04219999895273161,32.273353,0.9999999922536331,1919.930768013,1910.1786375045763,75.55542662739751,-31.73735179007054,-59.70065891742697,-64.8460748,-2.0,199.374374389648,-161.097534179688,530.775451660156,298.303009033203,73.2706785202026,97.3243236541748,0.025799999053091688,-0.151177886304755,0.118080403752673,-0.26619999548331796,0.0,0.0,1.0,7.0,0.0,0.0,0.0,26050902.0,1.0,-1.1570503844933153,87.0832487665997,30.8450895309448,0.09010723538696752
2026-05-09 17:23:04+00:00,USA,USA,-2.2000000896797,-2.04999995743952,0.0,-2.04999995743952,-1.84000007112405,-1.9899999899208178,-0.3428568867371945,-8.53621674542561,-0.9628416287346481,-2.769452512200162,18.4637814445969,6.019473719307836,0.052086400956581035,-1.7703828770888461,0.199999998450727,-2.0242070286994402,30.98600635528565,0.17003740131855027,1.0,110.999999673762,0.0,0.0,0.0,137.418543005968,0.201441916823387,83.46899884275516,-0.10719999911622853,32.2733523,0.9999999922536331,1919.967246055602,1910.1240873336778,50.87753906846048,-16.705288918456052,2.58857067674398,-64.846074,-2.0,204.18244934082,-161.119125366211,530.7626953125,297.303009033203,73.8662958145142,97.4766612052918,0.4871999948385882,0.843776116936546,0.172297658311654,0.009600022977523293,0.0,0.0,1.0,7.0,0.0,0.0,0.0,26050902.0,1.0,-2.1675637347547196,86.92433417027556,30.8051593780518,0.16834622293710705
2026-05-09 17:23:05+00:00,USA,USA,-2.2000000896797,-2.04999995743952,0.0,-2.04999995743952,-1.8300000765376,-1.999999984507268,-0.343733312065498,-8.53592390106494,-0.9624827236381052,-2.766217222345056,18.0019897934914,5.996388875196298,0.08081111769476278,-2.8472719309992423,0.1899999985281906,-2.174588584316075,30.930444717407248,0.32638674706220605,1.0,110.999999673762,0.0,0.0,0.0,155.950881620585,0.228249871730804,84.06140027400002,0.1695999963916997,32.2733507,0.9999999922536331,1919.912505149842,1910.06953716278,98.99921566247933,-57.95557275414468,-85.49967724829921,-64.8460731,-2.0,198.933151245117,-161.020370483398,530.786804199219,296.303009033203,72.851037979126,96.7598915100098,0.15700000225227598,-1.59450136515884,0.688987381757956,0.6855999534411513,0.0,0.0,1.0,7.0,0.0,0.0,0.0,26050902.0,1.0,-2.185625871194042,86.7507688181818,30.64943504333495,0.32435405641794224
2026-05-09 17:23:06+00:00,USA,USA,-2.2000000896797,-2.04999995743952,0.0,-2.04999995743952,-1.8100000873647002,-1.99999998450727,-0.3443179068893425,-8.535923474178126,-0.9549457592993843,-2.7802366978806936,18.2841090496115,6.018659646136132,0.0499185562769359,-2.824383753647118,0.199999998450727,-2.64155463732639,30.77480449676515,0.22124477595090858,1.0,110.999999673762,0.0,0.0,0.0,150.516414286707,0.324203217029572,84.19139789843504,-0.18519999637757795,32.2733491,0.9999999922536331,1919.958114624024,1910.0513458251958,103.47778201103202,-15.661147725768393,23.558564670383923,-64.8460718,-2.0,203.476531982422,-160.916793823242,530.555541992188,295.303009033203,73.5607504844666,97.7852404117584,0.12540000799322867,1.03336013026386,-0.469560350956156,-0.04760000404021322,0.0,0.0,1.0,7.0,0.0,0.0,0.0,26050902.0,1.0,-2.6988267767009844,86.59831216571794,30.5320993423462,0.22027485430240618
2026-05-09 17:23:07+00:00,USA,USA,-2.2000000896797,-2.04999995743952,0.0,-2.04999995743952,-1.8000000927782502,-1.979999995334366,-0.3428568867371945,-8.53577705199779,-0.957098933746549,-2.793896820088628,17.994634533528952,5.971131177155046,0.0748492723518833,-1.949673635254392,0.21999999829579941,-2.5599974828813847,30.7812229156494,0.2781834813952444,1.0,110.999999673762,0.0,0.0,0.0,156.697571561029,0.289913669228554,84.45940086108803,-0.2893999976514798,32.2733471,0.9999999922536331,1919.948983192442,1910.051321983338,16.92614015191788,-26.297659706324346,-119.42119374871258,-64.8460706,-2.0,199.385681152344,-160.886108398438,530.341064453125,294.303009033203,73.1295108795166,97.4004924297333,0.015600006655985243,-0.387925316346355,-0.039732561098553,0.6283999912902017,0.0,0.0,1.0,7.0,0.0,0.0,0.0,26050902.0,1.0,-2.64059578548863,86.4413407582127,30.48834800720215,0.2776190963387486
2026-05-09 17:23:08+00:00,USA,USA,-2.2000000896797,-2.04999995743952,0.0,-2.04999995743952,-1.8000000714339062,-1.960000006161462,-0.342710971484965,-8.53504451420931,-0.9567400286500058,-2.7838314264408703,18.117042622512948,5.978735824399576,0.09246344576520954,-1.861554163120882,0.2199999982957992,-2.9557207141453548,30.64724292755125,0.1437423598766327,1.0,110.999999673762,0.0,0.0,0.0,170.931590168687,0.0491721466183662,85.36359906190611,0.22599999664849574,32.2733453,0.9999999922536331,1919.976377487182,1910.1058721542358,191.1067739129064,-32.32653997838498,65.36407619714721,-64.84607,-2.0,199.978790283203,-160.583908081055,530.114318847656,293.303009033203,73.1720507144928,97.4219739437103,0.6297999933070693,0.827234732788098,0.492917890370307,0.648599952260345,0.0,0.0,1.0,7.0,0.0,0.0,0.0,26050902.0,1.0,-2.9281752228972655,86.30211759726575,30.483855628967248,0.14322440788149834
2026-05-09 17:23:09+00:00,USA,USA,-2.2000000896797,-2.04999995743952,0.0,-2.04999995743952,-1.8200000819511502,-2.0399999628530696,-0.343733778972961,-8.535923901064946,-0.9574578601874331,-2.771249919168934,18.26151905270535,6.011054315872691,0.06726174393597371,-2.924328801866176,0.149999998838045,-2.68386136265398,30.74386596679685,0.07781161006540055,1.0,110.999999673762,0.0,0.0,0.0,183.904919780101,-0.140656717121601,85.14880054081189,-0.02799999631464626,32.2733429,0.9999999922536331,1919.9216127395619,1910.0967884063743,1.7112679779529585,-59.63118523359302,-161.2404987215994,-64.84607,-2.0,198.334365844727,-160.626953125,530.017333984375,292.401000976562,73.8894999027252,97.2247183322906,-0.24880000052730322,-1.1058359078771,-0.580172543161015,-0.35600000022716627,0.0,0.0,1.0,7.0,0.0,0.0,0.0,26050902.0,1.0,-2.74498997624435,86.1859292492947,30.65496768951415,0.07773781310766927
2026-05-09 17:23:10+00:00,USA,USA,-2.2000000896797,-2.0599999520259717,0.0,-2.04999995743952,-1.820000039262466,-1.960000006161464,-0.342564589325272,-8.534898092028975,-0.9563811235534629,-2.77772041350178,18.12545058538125,5.976291299695626,0.08026914485216494,-1.629239029594686,0.23999999814087197,-3.357243202901485,30.8229709625244,0.1369885827228428,1.0,110.999999673762,0.0,0.0,0.0,170.757816495824,0.0586367502808571,85.41339933718254,-0.557599973909398,32.2733411,0.9999999922536331,1919.912481307982,1910.1149559021,111.24988533556461,7.537004910409456,52.33712112531066,-64.8460697,-2.0,198.354965209961,-160.570495605469,529.684020996094,291.401000976562,73.5104739665985,97.556734085083,0.7011999894456062,1.59191731249675,-0.691540538486218,0.5349999771793952,0.0,0.0,1.0,7.0,0.0,0.0,0.0,26050902.0,1.0,-3.419144332231324,86.0618315422647,30.7176481246948,0.13650252956897024
2026-05-09 17:23:11+00:00,USA,USA,-2.2000000896797,-2.04999995743952,0.0,-2.04999995743952,-2.04999995743952,-1.9100000332292102,-0.3435873968132685,-8.536070323245276,-0.9567400286500058,-2.785269352015888,18.17325764070315,5.994215850511855,0.09002475607052562,0.272768980610388,0.27999999783101714,-2.823798918699435,31.069133377075147,0.28343528419733055,1.0,110.999999673762,0.0,0.0,0.0,183.74956029724,-0.135987219214439,85.32939893869406,-0.057800001189771175,32.2733388,0.9999999922536331,1919.876003265382,1910.142254829406,127.479836717248,-51.19691193103788,-49.14628192782402,-64.8460694,-2.0,198.228240966797,-160.668609619141,542.034790039062,290.401000976562,73.5394775867462,97.5274384021759,-0.30959998730308036,-2.34273204686934,0.872134208596793,-0.7049999972068545,0.0,0.0,1.0,7.0,0.0,0.0,0.0,26050902.0,1.0,-2.6500401014974164,85.94101915622554,30.82575187683105,0.2828634157776832
2026-05-09 17:23:12+00:00,USA,USA,-2.2000000896797,-2.04999995743952,0.0,-2.04999995743952,-2.04999995743952,-1.9100000332292102,-0.34300326889688704,-8.535337785456797,-0.9570990404682543,-2.78850455649363,17.85436208477075,5.955107809494289,0.10384497417734259,0.7389249998655651,0.2699999979084808,-2.7452387231961852,31.5279327392578,0.3587183681130408,1.0,110.999999673762,0.0,0.0,0.0,130.341729365404,0.490287637710571,84.76279923005782,-0.19419999123857953,32.2733371,0.9999999922536331,1919.88513469696,1910.114979743958,25.572374276816838,-61.99364028871058,-15.53745139390232,-64.8460679,-2.0,201.046157836914,-160.441070556641,541.631286621094,289.401000976562,73.5646188259125,97.3301827907562,0.6514000076538989,2.80002857972732,-0.248541485871346,-0.22639998493268973,0.0,0.0,1.0,7.0,0.0,0.0,0.0,26050902.0,1.0,-2.9716353750766005,85.83560201657555,31.110405921936,0.358687817752361
2026-05-09 17:23:13+00:00,USA,USA,-2.2000000896797,-2.04999995743952,0.0,-2.04999995743952,-2.04999995743952,-1.9100000332292102,-0.342710971484965,-8.53563105670428,-0.9560223892116488,-2.7773608894193424,17.8296700971475,5.977377812037849,0.0957154242270569,0.3009977362353982,0.2799999978310172,-3.05519228084454,31.397358512878398,0.22960584640502937,1.0,110.999999673762,0.0,0.0,0.0,168.873053115115,0.108743291348219,84.98679938200185,-0.3245999991930768,32.2733346,0.9999999922536331,1919.8212862014777,1910.1240873336799,165.1335269212724,0.274852477014074,-11.832364019937792,-64.8460667,-2.0,199.050628662109,-160.635864257812,541.125610351562,288.401000976562,73.4234511852264,96.7970013618469,0.252399991801597,-1.61853797478687,-0.42122531667537,0.6243999923884044,0.0,0.0,1.0,7.0,0.0,0.0,0.0,26050902.0,1.0,-2.9869863533022523,85.7049097619019,31.198916244506798,0.2289798684418202
2026-05-09 17:23:14+00:00,USA,USA,-2.2000000896797,-2.04999995743952,0.0,-2.04999995743952,-2.079999941198874,-1.950000011575014,-0.3432950994013465,-8.53533735856997,-0.9560223892116488,-2.773406722154094,17.90532297994185,5.971131177155049,0.09571537887033199,-1.216870225115971,0.23999999814087197,-2.500138238603925,31.8490201950073,0.352415624856949,1.0,110.999999673762,0.0,0.0,0.0,153.8353398082,0.350439861416817,85.52879811528558,0.12300000358286949,32.2733326,0.9999999922536331,1919.8486566543597,1910.078620910646,14.05947301536798,-85.25378853082658,-44.34806779026986,-64.8460654,-2.0,199.15998840332,-160.292633056641,540.912536621094,287.401000976562,73.2745468616486,97.7637588977814,-0.06240000194454544,-0.18713344283873,0.828221855205723,0.3213999835297744,0.0,0.0,1.0,7.0,0.0,0.0,0.0,26050902.0,1.0,-2.516516562658108,85.60232373566295,31.50286502838135,0.35232308328151724
2026-05-09 17:23:15+00:00,USA,USA,-2.2000000896797,-2.0599999520259713,0.0,-2.04999995743952,-2.0599999520259735,-1.95000001157501,-0.34402560947742,-8.535630629817454,-0.9570990404682542,-2.7881452031659237,18.07554068556865,5.989599496406572,0.07349438893716695,-1.3282594547255715,0.21999999829579941,-2.9091782043153,32.088850021362305,0.43025610387325297,1.0,110.999999673762,0.0,0.0,0.0,149.451724398886,0.433834004402161,85.71579913249568,-0.4897999943915604,32.2733307,0.9999999922536331,1919.930768012998,1910.169506072998,107.16775357723245,14.936484023928637,-22.58214792236685,-64.8460638,-2.0,200.772338867188,-159.826278686523,540.737426757812,286.401000976562,73.4563231468201,97.423928976059,0.43139999334984436,1.20781298006291,-0.802362225399526,0.14879999396482266,0.0,0.0,1.0,7.0,0.0,0.0,0.0,26050902.0,1.0,-3.075407079466838,85.52006776748846,31.65067234039305,0.42969711005687694
2026-05-09 17:23:16+00:00,USA,USA,-2.2000000896797,-2.04999995743952,0.0,-2.04999995743952,-1.989999989920816,-1.900000038642758,-0.3432950994013465,-8.535777478884611,-0.9570991258456185,-2.80036739979884,17.78921915556175,5.979822251364431,0.09707036033561556,0.3383816607486265,0.2999999976760902,-2.969464228694185,32.18923244476315,0.44580364644527437,1.0,110.999999673762,0.0,0.0,0.0,162.564772359962,0.288391515612602,86.112398164766,0.27820000552892354,32.2733279,0.9999999922536331,1919.9490070343022,1910.0694894790643,110.91665178537369,-39.751609228551374,-12.598909204825748,-64.8460623,-2.0,198.974212646484,-159.529220581055,540.436401367188,285.303009033203,73.201060295105,96.64466381073,0.19099999958766092,-0.974945470995851,1.20219643013105,0.5387999902767289,0.0,0.0,1.0,7.0,0.0,0.0,0.0,26050902.0,1.0,-2.8898714366544724,85.4305649686046,31.7737398147583,0.4443135613203048
2026-05-09 17:23:17+00:00,USA,USA,-2.2000000896797,-2.0799999411988757,0.0,-2.04999995743952,-2.0599999520259713,-2.0599999520259713,-0.3440260897250965,-8.53519093638964,-0.9402306716854616,-2.798210554124998,17.724073665031803,5.9822663491815575,0.07241053463243183,-2.8285798803637143,0.12999999899297232,-2.701291151642205,32.604953384399394,0.5441593122482301,1.0,110.999999673762,0.0,0.0,0.0,142.544545336549,0.497229784727096,86.24719877822534,0.029000006045255634,32.2733257,0.9999999922536331,1919.958114624022,1910.078597068786,53.4714724868536,-24.47744496166708,-49.647120013833096,-64.8460605,-2.0,199.732162475586,-159.038055419922,540.384582519531,284.401000976562,73.4215140342712,97.4981427192688,0.08599999631558938,-0.0946014150373426,-1.05922755075458,-0.19959998715466473,0.0,0.0,1.0,7.0,0.0,0.0,0.0,26050902.0,1.0,-2.882144529023802,85.3693015868442,32.059125137329104,0.5438966917991638
2026-05-09 17:23:18+00:00,USA,USA,-2.2000000896797,-2.0599999520259713,0.0,-2.04999995743952,-1.989999989920816,-2.0099999790937195,-0.343002801989424,-8.53592390106494,-0.9405897048480517,-2.797132109943734,17.79657356175055,5.966242725388705,0.10140604969490603,-1.1970338850077444,0.1899999985281906,-3.44969205447343,32.65589904785155,0.5904598939418791,1.0,110.999999673762,0.0,0.0,0.0,151.761899281859,0.547679990530014,86.3558001520664,-0.7839999875235462,32.2733231,0.9999999922536331,1919.91250514984,1910.1695060729958,88.20783793926239,-4.8872887156903655,-5.569614283740526,-64.8460585,-2.0,199.131652832031,-158.683258056641,540.205627441406,283.303009033203,73.3016192913056,97.7246999740601,0.403600008186067,1.02261464187384,-1.02096931333581,0.3207999887637857,0.0,0.0,1.0,7.0,0.0,0.0,0.0,26050902.0,1.0,-3.601357685654032,85.29807295908469,32.0631128311157,0.5880721914768221
2026-05-09 17:23:19+00:00,USA,USA,-2.2000000896797,-2.04999995743952,0.0,-2.04999995743952,-1.960000006161462,-2.00999997909372,-0.3435873968132685,-8.535630629817454,-0.9452553643814049,-2.7982105541249958,17.7613733280893,5.979550153703372,0.08460488357024407,-0.6900603297713704,0.1899999985281906,-3.3450303977786797,32.7578401565552,0.6717179524898528,1.0,110.999999673762,0.0,0.0,0.0,133.903249545837,0.625219166278839,86.53999805964112,0.0944000031640852,32.273321,0.9999999922536331,1919.89426612854,1910.1695060729976,119.59767937660203,-47.25729580968619,-26.953309774398843,-64.8460564,-2.0,200.217254638672,-158.215789794922,539.987915039062,282.303009033203,73.4195828437805,97.5606441497803,0.10959999819050277,-0.673077203138351,1.16986466247773,0.12339999253407441,0.0,0.0,1.0,7.0,0.0,0.0,0.0,26050902.0,1.0,-3.370064129648174,85.2215406894347,32.13262367248535,0.669633103609085
2026-05-09 17:23:20+00:00,USA,USA,-2.2000000896797,-2.0799999411988757,0.0,-2.04999995743952,-1.99999998450727,-2.04999995743952,-0.3435873968132685,-8.535484207637126,-0.9531511484393043,-2.7982105541249958,17.73090385420185,5.977921324341052,0.09490241960643511,-1.8539247350962718,0.149999998838045,-3.433150830407535,33.09457969665525,0.8240916287899015,1.0,110.999999673762,0.0,0.0,0.0,144.80906723511,0.732515466213226,86.79719976114063,0.3075999971903306,32.2733183,0.9999999922536331,1919.88513469696,1910.087680816648,9.835484623909084,-0.9076073765754813,-6.35345410555598,-64.8460539,-2.0,199.133712768555,-157.797866821289,539.935180664062,281.303009033203,73.4524548053741,97.472757101059,0.3276000050395316,0.704911167395047,-0.294681601509751,0.2439999863704987,0.0,0.0,1.0,7.0,0.0,0.0,0.0,26050902.0,1.0,-3.64414143566212,85.15978211895944,32.3087516784668,0.8226409399509429
2026-05-09 17:23:21+00:00,USA,USA,-2.2000000896797,-2.0799999411988757,0.0,-2.04999995743952,-1.99999998450727,-2.04999995743952,-0.34461021764147803,-8.535484207637126,-0.9549456952663606,-2.798569992830068,17.568040554763797,5.971402762551922,0.10547103811346019,-1.838284541047954,0.149999998838045,-3.80494342669731,33.332121276855446,0.935414718389511,1.0,110.999999673762,0.0,0.0,0.0,139.5063679107,0.979141688346863,86.8872011638339,-0.05139999896150653,32.2733153,0.9999999922536331,1919.9398756027217,1910.1149559021003,102.42882724851388,-75.57433352340016,-64.1636114567519,-64.8460509,-2.0,201.214691162109,-157.226165771484,539.615478515625,280.303009033203,73.2494056224823,97.334086894989,0.20379998886969783,0.0928070963279325,-0.394808386121582,0.03419999514604076,0.0,0.0,1.0,7.0,0.0,0.0,0.0,26050902.0,1.0,-3.9196138505027265,85.0939015293201,32.37574768066405,0.9317302536964416
2026-05-09 17:23:22+00:00,USA,USA,-2.2000000896797,-2.089999935785328,0.0,-2.04999995743952,-1.99999998450727,-2.04999995743952,-0.343149184149117,-8.53563105670428,-0.9545867474811353,-2.8003674424875222,17.650000263483,5.94777466226927,0.10330300133474482,-1.7581758989711758,0.149999998838045,-3.47849336137779,33.19745807647705,0.9197173047065734,1.0,110.999999673762,0.0,0.0,0.0,134.716315264635,0.86441690325737,86.82279931014982,-0.480199982086208,32.2733127,0.9999999922536331,1919.93987560272,1909.978604316712,79.5531351119281,-49.132166244089575,-27.555797109380343,-64.8460479,-2.0,200.118179321289,-156.742462158203,526.58349609375,279.303009033203,73.4892010688782,97.3047912120819,-0.07219999838683543,-1.25466508956144,-0.53148818205678,0.024800003996717,0.0,0.0,1.0,7.0,0.0,0.0,0.0,26050902.0,1.0,-3.5414044195537735,85.0303568643769,32.2953140258789,0.9178278708457948
2026-05-09 17:23:23+00:00,USA,USA,-2.2000000896797,-2.0699999466124237,0.0,-2.04999995743952,-1.9300000224021123,-2.00999997909372,-0.3435873968132685,-8.535484207637126,-0.9427429433282393,-2.796413147156226,17.6631338634833,5.9586379073894475,0.11631045361075683,-1.0848817839658262,0.1799999986056542,-3.937773744024545,32.862553596496596,0.6713740503787993,1.0,110.999999673762,0.0,0.0,0.0,136.590683097427,0.822133004665375,87.32120094596134,-0.085800003924395,32.2733105,0.9999999922536331,1919.8942899703998,1910.0604057312019,48.10036718845372,0.6818171590566614,3.1557579059153595,-64.8460453,-2.0,202.21565246582,-156.134475708008,526.134765625,278.303009033203,73.1817185878754,97.0352709293366,0.7385999682384372,1.85981419377416,0.406224967277979,0.806999966534647,0.0,0.0,1.0,7.0,0.0,0.0,0.0,26050902.0,1.0,-4.106240829478411,84.97401804900805,32.1486877441406,0.6690066683292386
2026-05-09 17:23:24+00:00,USA,USA,-2.2000000896797,-2.0799999411988757,0.0,-2.04999995743952,-1.970000000747914,-2.0599999520259717,-0.3435873968132685,-8.535484207637126,-0.93807717707318,-2.7903020061510837,17.559636860763753,5.995302875118266,0.0802692422357213,-2.306729351357916,0.13999999891550866,-3.72775097657535,33.0520694732666,0.889264587163926,1.0,110.999999673762,0.0,0.0,0.0,146.896905800221,0.724744784832001,87.52420099828329,0.5736000015330995,32.2733076,0.9999999922536331,1919.9398517608638,1910.0967645645137,70.63338682055483,-82.76392295956614,-46.2094888091087,-64.8460429,-2.0,197.818511962891,-155.861511230469,538.319030761719,277.303009033203,73.2745468616486,97.5528299808502,-0.3579999950923666,-2.05292114397017,0.511354918817698,-0.39119998384285176,0.0,0.0,1.0,7.0,0.0,0.0,0.0,26050902.0,1.0,-3.8554327826835957,84.9267838758028,32.20530681610105,0.8873100721836092
2026-05-09 17:23:25+00:00,USA,USA,-2.2000000896797,-2.089999935785328,0.0,-2.04999995743952,-1.99999998450727,-2.04999995743952,-0.34300326889688704,-8.53533735856997,-0.9402306289967794,-2.78131514206196,17.6457962820489,5.946416820662273,0.11116161288849921,-3.0017671387982516,0.12999999899297232,-4.553642509974486,33.17712993621825,0.9719913697242749,1.0,110.999999673762,0.0,0.0,0.0,134.967174452472,1.04820309877396,87.2499948578261,0.05380000337186591,32.273305,0.9999999922536331,1919.958114624022,1910.0604295730598,78.2222665846347,-11.73489219509064,-24.219813384115675,-64.8460397,-2.0,200.773895263672,-155.360687255859,538.031799316406,276.303009033203,73.4350502490997,97.0665216445923,0.584799985651528,1.61766146941729,-0.674047463526463,-0.10159999405030654,0.0,0.0,1.0,7.0,0.0,0.0,0.0,26050902.0,1.0,-4.919483962440424,84.8746046456385,32.1814184188843,0.9662816548347459
2026-05-09 17:23:26+00:00,USA,USA,-2.2000000896797,-2.09999993037178,0.0,-2.04999995743952,-1.95000001157501,-2.0399999628530696,-0.343733312065498,-8.535484207637126,-0.953868979976732,-2.786707277590908,17.63949201744495,5.967056969315134,0.10438694968798319,-1.2035188614760697,0.149999998838045,-5.084912339421235,32.87598094940185,0.917609388828278,1.0,110.999999673762,0.0,0.0,0.0,142.676559232827,0.765689992904663,86.75859689798952,-0.41000000216007493,32.2733027,0.9999999922536331,1919.9033737182617,1910.0877046585078,106.57368004322056,-34.965363889932725,-32.50117748975755,-64.8460369,-2.0,200.31233215332,-155.089416503906,537.639038085938,275.303009033203,73.4447240829468,97.2461998462677,0.04280000105583762,-1.14925531370916,-0.467043266164447,-0.9333999702512619,0.0,0.0,1.0,7.0,0.0,0.0,0.0,26050902.0,1.0,-5.16378804697546,84.785576544902,32.0075271606445,0.9067831885814677
2026-05-09 17:23:27+00:00,USA,USA,-2.2000000896797,-2.0599999520259713,0.0,-2.04999995743952,-1.900000038642758,-2.00999997909372,-0.34402560947742,-8.53519093638964,-0.954227906417616,-2.794615697498772,17.709363998880548,5.942342868954454,0.11170363508988582,0.13429546227331102,0.1799999986056542,-4.559847523392024,32.9171058654785,0.9319722747802734,1.0,110.999999673762,0.0,0.0,0.0,125.352945535248,0.985424709320068,85.95659881772231,-0.1362000011594203,32.2733007,0.9999999922536331,1919.9581146240241,1910.142278671264,58.07148069143294,-90.92680849134929,-4.956786893308169,-64.8460337,-2.0,203.287551879883,-154.918579101562,537.311950683594,274.303009033203,73.6032962799072,97.3438560962677,0.33139999679252374,0.76497937277243,0.272661205027762,-0.47939999084358487,0.0,0.0,1.0,7.0,0.0,0.0,0.0,26050902.0,1.0,-4.717936008336019,84.68217089596254,31.978981590271,0.9288495397567746
2026-05-09 17:23:28+00:00,USA,USA,-2.2000000896797,-2.0599999520259717,0.0,-2.04999995743952,-1.9100000332292102,-2.04999995743952,-0.343441481561039,-8.53533735856997,-0.9545867261367945,-2.781674623455714,17.6605033868792,5.961354017490267,0.1089937201840863,-0.5584536568422,0.149999998838045,-4.578245918581925,32.7916231155395,0.961877413988115,1.0,110.999999673762,0.0,0.0,0.0,140.319802459714,0.865020078420639,85.85779876534026,0.1725999888979412,32.2732981,0.9999999922536331,1919.9307680130019,1910.1149797439562,99.6627420186996,27.737730741500854,-60.51233895122998,-64.8460307,-2.0,200.496215820312,-154.622055053711,537.0126953125,273.401000976562,73.5008001327515,97.3087012767792,0.03780000643065481,-1.01040087625568,0.11033474912036,-0.18139999662045736,0.0,0.0,1.0,7.0,0.0,0.0,0.0,26050902.0,1.0,-4.790504975342746,84.5734069636193,31.86572971343995,0.9590060555934915
2026-05-09 17:23:29+00:00,USA,USA,-2.2000000896797,-2.069999946612424,0.0,-2.04999995743952,-1.95000001157501,-2.04999995743952,-0.3432950994013465,-8.53563105670428,-0.9538689586323906,-2.7874262830671,17.54755340234835,5.933380209348198,0.1382603150493522,-1.6425905286377578,0.12999999899297232,-4.902843828697615,32.802648925781256,0.8858256947994239,1.0,110.999999673762,0.0,0.0,0.0,122.752391989901,1.08077573776245,85.58080044355037,0.22799999743341556,32.2732958,0.9999999922536331,1919.89426612854,1910.1331472396862,115.63686430454258,-100.27220249176014,-41.22446812689322,-64.8460274,-2.0,199.84602355957,-153.947387695312,524.116577148438,272.401000976562,73.3344912528992,96.9649612903595,0.48199998506047204,1.40716912646266,0.119668436074914,0.27919997990796774,0.0,0.0,1.0,7.0,0.0,0.0,0.0,26050902.0,1.0,-5.114819774117334,84.45699663450014,31.84507884979245,0.881375674009323
2026-05-09 17:23:30+00:00,USA,USA,-2.2000000896797,-2.089999935785328,0.0,-2.04999995743952,-1.900000038642758,-2.029999968266618,-0.34417200497732603,-8.535777478884611,-0.9606880700893434,-2.79928899830626,17.68046802982315,5.97439003116279,0.09517345405250177,-2.1373567108861544,0.14999999883804507,-5.141472495607875,32.4710214614868,0.7263907921314238,1.0,110.999999673762,0.0,0.0,0.0,131.150273498972,0.656368517875671,86.15179879401211,-0.4456000019910258,32.2732941,0.9999999922536331,1919.8760032653802,1910.014963150024,12.069051107391706,-23.722885176539442,-25.623449310660398,-64.846025,-2.0,201.17658996582,-153.592575073242,548.956237792969,271.401000976562,73.6110329627991,97.3946332931519,-0.07579999999979492,-1.40159974752475,-1.02345464842005,0.2979999959323421,0.0,0.0,1.0,7.0,0.0,0.0,0.0,26050902.0,1.0,-5.268687714418446,84.33673407868915,31.77231674194335,0.7220310544967653
2026-05-09 17:23:31+00:00,USA,USA,-2.2000000896797,-2.089999935785328,0.0,-2.04999995743952,-1.8100000873647002,-1.93000002240211,-0.343441014653576,-8.535777478884611,-0.9667892859758451,-2.794975306958574,17.5890561930663,5.985797130095628,0.0862307540732702,-0.44439410808067537,0.2399999981408718,-4.962553342421865,32.523965263366705,0.7637048363685609,1.0,110.999999673762,0.0,0.0,0.0,131.150273498972,0.656368517875671,86.0727994600339,0.1724000150996692,32.2732916,0.9999999922536331,1919.93987560272,1910.042238235474,144.3650677800178,-36.977497301995754,-56.32104855030764,-64.8460224,-2.0,198.903747558594,-153.055068969727,548.706787109375,270.401000976562,73.3267605304718,97.1954226493836,0.3407999926109222,-1.40159974752475,-1.02345464842005,-0.2395999945154323,0.0,0.0,1.0,7.0,0.0,0.0,0.0,26050902.0,1.0,-5.082300304327893,84.23112910883705,31.7606008529663,0.7220310544967653
2026-05-09 17:23:32+00:00,USA,USA,-2.2000000896797,-2.09999993037178,0.0,-2.04999995743952,-1.90000003864276,-2.0399999628530696,-0.3438796942251905,-8.535484207637126,-0.9398717665889187,-2.7982105541249958,17.53231695785735,5.9502185893316675,0.1293178525259158,-3.3382234952848684,0.1599999987605814,-4.944811499165935,32.47238788604735,0.6743623423576353,1.0,110.999999673762,0.0,0.0,0.0,137.677393515133,0.71723803281784,85.91500023360126,0.05080000019345397,32.2732893,0.9999999922536331,1919.8668956756599,1910.0604057312019,27.495486242696625,-14.770191907882708,5.699404329061521,-64.84602,-2.0,197.634216308594,-152.923446655273,548.45751953125,269.401000976562,73.1411099433899,96.9063699245453,0.22559999702512018,-0.259251409252911,-0.52484982515291,-0.11780000047486006,0.0,0.0,1.0,7.0,0.0,0.0,0.0,26050902.0,1.0,-5.147706708084124,84.129506139271,31.79096088409425,0.6724840450286864
2026-05-09 17:23:33+00:00,USA,USA,-2.2000000896797,-2.09999993037178,0.0,-2.04999995743952,-1.8200000819511502,-1.9600000061614622,-0.34402560947742,-8.535337785456797,-0.9463321010153752,-2.799648479700014,17.60796898687805,5.972489189516776,0.1027610284921469,-1.0757265877301694,0.2399999981408718,-4.98007661962436,32.25793991088865,0.5996411168575286,1.0,110.999999673762,0.0,0.0,0.0,137.644622267495,0.675791466236114,85.79880095732751,-0.40520001201565436,32.2732872,0.9999999922536331,1919.976377487184,1910.133147239684,100.52286311984062,-96.13398239016529,-100.31173494935514,-64.8460178,-2.0,198.90934753418,-152.717315673828,535.538879394531,268.303009033203,73.5182046890259,96.8653559684754,0.23259998443109522,0.247133506406972,-0.285911878739292,-0.09340000010358261,0.0,0.0,1.0,7.0,0.0,0.0,0.0,26050902.0,1.0,-4.954682915441262,84.02168135793855,31.6370595932007,0.5963063049316406
2026-05-09 17:23:34+00:00,USA,USA,-2.2000000896797,-2.09999993037178,0.0,-2.04999995743952,-1.8000000927782502,-1.95000001157501,-0.34402560947742,-8.53519093638964,-0.9359237678382633,-2.8000079184050857,17.563312356310902,5.949947174689525,0.1187493780931933,-0.5676088290654717,0.249999998063408,-4.0429018812952595,32.03107566833495,0.4742904067039486,1.0,110.999999673762,0.0,0.0,0.0,147.868527530412,0.516514813899994,85.96380056918318,-0.15180000047828796,32.2732848,0.9999999922536331,1919.9490070343022,1910.2513551712022,138.59436213970199,29.213452339172374,38.408551737666144,-64.8460159,-2.0,196.359313964844,-152.350189208984,535.394165039062,267.401000976562,73.5974907875061,97.4903345108032,0.31979998503627216,-0.0680950050033636,0.00244626410099914,0.259199980062895,0.0,0.0,1.0,7.0,0.0,0.0,0.0,26050902.0,1.0,-4.049428596622714,83.93411833277901,31.5662612915039,0.474110269546509
2026-05-09 17:23:35+00:00,USA,USA,-2.2000000896797,-2.089999935785328,0.0,-2.04999995743952,-1.8200000819511502,-1.9600000061614622,-0.3438796942251905,-8.535337785456795,-0.9344881047634088,-2.799648479700014,17.520759424008048,5.995302106721981,0.07810125081373073,-0.18118000216368624,0.2299999982183356,-3.7451461877309047,32.003110313415505,0.4897265517711638,1.0,110.999999673762,0.0,0.0,0.0,141.597293721316,0.520535123348236,85.62100020492946,-0.11299999965826901,32.2732828,0.9999999922536331,1919.958114624024,1910.2331399917598,-23.25984016060826,-109.74499732255936,-60.409167408943176,-64.8460142,-2.0,196.173461914062,-152.073883056641,535.046936035156,266.303009033203,73.3712375164032,96.3380336761475,0.08339999851351954,-0.563946094766327,0.138098861116761,-0.7233999825501687,0.0,0.0,1.0,7.0,0.0,0.0,0.0,26050902.0,1.0,-3.7348996660041016,83.8741253662042,31.48808155059815,0.48950914263725254
2026-05-09 17:23:36+00:00,USA,USA,-2.2000000896797,-2.09999993037178,0.0,-2.04999995743952,-1.7500000131242799,-1.94000001698856,-0.3438796942251905,-8.535484207637126,-0.9341291569781832,-2.7996484797000143,17.5134050178192,5.9602679320348715,0.11522655328228597,0.6897153998821985,0.249999998063408,-3.47994968577488,31.778455352783197,0.38825515687465656,1.0,110.999999673762,0.0,0.0,0.0,142.271378750883,0.471393084526062,85.63559768522356,-0.599599986390655,32.2732809,0.9999999922536331,1919.9854850769038,1910.15133857727,171.62466645240778,19.54790819436312,-0.39767464622854903,-64.8460126,-2.0,197.828094482422,-151.817276000977,534.839111328125,265.401000976562,73.5646188259125,97.1055805683136,0.4143999953491626,0.651557571580316,-0.238334541889129,0.565599991723313,0.0,0.0,1.0,7.0,0.0,0.0,0.0,26050902.0,1.0,-3.6631602681607505,83.81156766359604,31.35516242980955,0.38819828331470496
2026-05-09 17:23:37+00:00,USA,USA,-2.2000000896797,-2.089999935785328,0.0,-2.04999995743952,-1.989999968576474,-1.84000007112405,-0.3435873968132685,-8.535630629817454,-0.9502799290113015,-2.799648479700014,17.66155608978505,5.994215935889218,0.06807470386688128,1.802081123352302,0.3599999972113082,-3.40745416464607,31.588333511352552,0.37533465564250934,1.0,110.999999673762,0.0,0.0,0.0,149.87837899558,0.327735283970833,85.66559997417177,-0.2727999972731415,32.2732793,0.9999999922536331,1919.967246055602,1910.005879402162,-7.9782947897911,-83.98174624890078,-18.302299198694595,-64.8460113,-2.0,194.843765258789,-151.315643310547,534.567504882812,264.303009033203,73.7386643886566,97.2989320755005,-0.07380000455095999,-0.798405891683649,0.747516446694558,-0.4991999888759378,0.0,0.0,1.0,7.0,0.0,0.0,0.0,26050902.0,1.0,-3.3144915761268345,83.75655390492615,31.2295904159546,0.37464865386486046
2026-05-09 17:23:38+00:00,USA,USA,-2.2000000896797,-2.089999935785328,0.0,-2.04999995743952,-2.1099999249582257,-1.880000049469856,-0.3438796942251905,-8.53519136327646,-0.9477677640902298,-2.791021011627272,17.285925567511953,5.981451678368304,0.07999815976488726,0.7049741865623104,0.32999999744369923,-2.8837534654601598,31.56703720092775,0.24522432636469596,1.0,110.999999673762,0.0,0.0,0.0,143.756480442497,0.428919634222984,85.56099835910868,-0.04500000065192968,32.2732778,0.9999999922536331,1919.8851346969618,1910.078597068786,160.86480915546412,-27.35295183956622,-51.560389995574965,-64.8460099,-2.0,198.120559692383,-150.792709350586,534.309448242188,263.303009033203,72.7485418319702,97.4180698394775,0.5329999910687098,1.68246641098408,0.309652255592508,0.7515999713393862,0.0,0.0,1.0,7.0,0.0,0.0,0.0,26050902.0,1.0,-3.012748674257118,83.71606112843175,31.25202140808105,0.24521889455616486
2026-05-09 17:23:39+00:00,USA,USA,-2.2000000896797,-2.09999993037178,0.0,-2.04999995743952,-2.0699999466124237,-1.860000060296952,-0.3432950994013465,-8.535484207637126,-0.9484855102502923,-2.798929474223818,17.4944913702338,5.998832802258692,0.07349443496090266,1.187914819405584,0.32999999744369923,-3.231324289962365,31.317199516296398,0.10499127857387074,1.0,110.999999673762,0.0,0.0,0.0,179.549922863409,-0.034040605276823,86.33160079183703,-0.21960000000644522,32.2732762,0.9999999922536331,1919.9307680130019,1910.0058555603039,19.452859461307515,-13.786623114719973,58.19715335965158,-64.8460095,-2.0,192.841659545898,-150.117401123047,533.858947753906,262.303009033203,73.4563231468201,97.2676873207092,0.003400017476022199,-1.5617464459421,-0.329116693901458,0.014799987398914837,0.0,0.0,1.0,7.0,0.0,0.0,0.0,26050902.0,1.0,-3.142762349636686,83.68462176768219,31.24351387023925,0.10472699146717787
2026-05-09 17:23:40+00:00,USA,USA,-2.2000000896797,-2.069999946612424,0.0,-2.04999995743952,-2.0799999411988757,-1.8700000548834042,-0.343441014653576,-8.535484207637126,-0.9553045790185625,-2.798570035518748,17.3841667396652,6.002091912398527,0.07159752801077808,1.0933103654676681,0.32999999744369923,-3.045928196452475,31.62296447753905,0.20310100793838495,1.0,110.999999673762,0.0,0.0,0.0,149.907407299552,0.281581923365593,85.91760116963721,-0.509399995947279,32.2732749,0.9999999922536331,1919.9033737182604,1910.124063491822,133.1218972802161,-75.36522857844838,-93.51114928722382,-64.8460087,-2.0,194.88671875,-149.633514404297,533.831970214844,261.303009033203,73.3228921890259,97.535252571106,0.38399999595817846,1.12365982012477,-0.356990989388971,-0.12839999516338524,0.0,0.0,1.0,7.0,0.0,0.0,0.0,26050902.0,1.0,-3.1892906227911864,83.6687415778619,31.37604160308835,0.2030323983728885
2026-05-09 17:23:41+00:00,USA,USA,-2.2000000896797,-2.0699999466124237,0.0,-2.04999995743952,-2.0099999790937195,-1.84000007112405,-0.343441481561039,-8.535337785456797,-0.9606881127780251,-2.7791583817654795,17.7492907234475,6.000734241546259,0.06915855550357378,1.9088926034326519,0.3699999971338444,-3.295286130053475,31.447586631774897,0.24538992494344716,1.0,110.999999673762,0.0,0.0,0.0,172.117884744492,0.0567373238503933,86.30779894861739,-0.3062000045116126,32.2732734,0.9999999922536331,1919.88513469696,1909.996771812442,82.31376716867103,3.4665629733353844,33.434851374477134,-64.8460081,-2.0,194.571670532227,-149.218963623047,520.913635253906,260.303009033203,73.4369874000549,97.1563637256622,0.0781999970730371,-0.759559190779202,0.330095011778356,0.2231999846106328,0.0,0.0,1.0,7.0,0.0,0.0,0.0,26050902.0,1.0,-3.1409633631866685,83.637025594451,31.286432647705098,0.24445339679717995
2026-05-09 17:23:42+00:00,USA,USA,-2.2000000896797,-2.0799999411988757,0.0,-2.04999995743952,-2.0199999736801697,-1.860000060296952,-0.34402560947742,-8.535484207637126,-0.9606881127780251,-2.7892236900358705,17.647895711445,5.989327569500242,0.08108205609129404,0.554675076464935,0.3399999973662356,-2.554059700615115,31.9719537734985,0.414947835803032,1.0,110.999999673762,0.0,0.0,0.0,138.391093641886,0.522183018922806,86.33220048244615,-0.019200002432600914,32.2732719,0.9999999922536331,1919.9125051498418,1910.187697410584,82.28335448075087,-63.20435404777528,-32.3673435021192,-64.8460066,-2.0,197.424743652344,-148.790222167969,545.918090820312,259.303009033203,73.3016192913056,97.3438560962677,0.23879999726971346,0.939434890614132,0.187831376114114,0.6155999633215474,0.0,0.0,1.0,7.0,0.0,0.0,0.0,26050902.0,1.0,-2.663979834574494,83.63061204682029,31.515387725830102,0.4149470847845077
2026-05-09 17:23:43+00:00,USA,USA,-2.2000000896797,-2.09999993037178,0.0,-2.04999995743952,-2.00999997909372,-1.8700000548834042,-0.3434414815610385,-8.53519093638964,-0.960329186337141,-2.7870667589846603,17.86644554318615,5.983352605391678,0.0827079292623627,0.23805522850673633,0.32999999744369923,-3.02572599099146,31.61896476745605,0.06849994663149103,1.0,110.999999673762,0.0,0.0,0.0,165.714609718361,0.143842162191868,87.4913996978132,-0.11280000051359187,32.27327,0.9999999922536331,1919.9216365814202,1910.1513624191302,96.67761474847785,-31.155805476009835,-27.006097882986058,-64.8460059,-2.0,193.439605712891,-148.387573242188,533.026489257812,258.303009033203,73.6129641532898,97.3907291889191,0.5087999911761305,0.4414757603474,0.0040424652194309,0.9527999966746867,0.0,0.0,1.0,7.0,0.0,0.0,0.0,26050902.0,1.0,-3.0157505423973374,83.63723733031526,31.5089967727661,0.06837275292724364
2026-05-09 17:23:44+00:00,USA,USA,-2.2000000896797,-2.089999935785328,0.0,-2.04999995743952,-1.99999998450727,-1.8900000440563083,-0.343295566308809,-8.535337785456797,-0.9603292076814821,-2.794256216105014,17.64579542827525,6.02218940252183,0.0558802115217768,0.23080721452043998,0.3099999975986264,-2.832266965888075,31.76777114868165,0.1923249495774509,1.0,110.999999673762,0.0,0.0,0.0,175.436318492364,0.031550294905901,87.79379676105069,-0.11439999767307277,32.2732679,0.9999999922536331,1919.9398756027222,1910.18772125244,52.81679816544058,-40.594788787711835,-26.476914901286342,-64.8460055,-2.0,192.37776184082,-147.998748779297,532.963500976562,257.303009033203,73.7734735012054,97.4766612052918,-0.2419999842515574,-1.77525036871218,-0.214492419229664,0.1421999841708713,0.0,0.0,1.0,7.0,0.0,0.0,0.0,26050902.0,1.0,-2.87444011832871,83.67014859683096,31.6050018310547,0.1921356305480002
2026-05-09 17:23:45+00:00,USA,USA,-2.2000000896797,-2.09999993037178,0.0,-2.04999995743952,-2.02999996826662,-1.90000003864276,-0.34417200497732603,-8.53519093638964,-0.9606881127780251,-2.784909913310818,17.75401892190045,5.9722174333651745,0.09842514970182865,-1.5281495885162826,0.29999999767609,-3.31653548889162,31.7300811767578,0.07668281497433796,1.0,110.999999673762,0.0,0.0,0.0,170.024377122369,0.0884452857077122,88.51779817910987,-0.11920000849482364,32.2732662,0.9999999922536331,1919.930768013,1910.042238235474,76.96889340877532,-44.06176880002024,-21.64963781833646,-64.846005,-2.0,193.899459838867,-147.752471923828,532.959777832031,256.303009033203,73.5375463962555,97.2813546657562,0.4990000017374528,1.3506232709846,0.21003696143606,0.6606000056616431,0.0,0.0,1.0,7.0,0.0,0.0,0.0,26050902.0,1.0,-3.416520771193756,83.70862646752025,31.599532699584948,0.07647387240082025
2026-05-09 17:23:46+00:00,USA,USA,-2.2000000896797,-2.089999935785328,0.0,-2.04999995743952,-1.970000000747914,-1.860000060296952,-0.3435873968132685,-8.534898092028975,-0.9524333595905595,-2.7809557033568866,17.8149621385435,6.027078110420268,0.048563670527682165,-0.11900044357408676,0.3399999973662356,-3.40416105297077,31.7194398880005,0.1595685839653015,1.0,110.999999673762,0.0,0.0,0.0,171.163980525008,0.0901646956801414,88.38259731656515,-0.1131999954678927,32.2732644,0.9999999922536331,1919.930744171142,1910.0604295730598,74.43317039869723,-46.871991828084006,-47.139598615467534,-64.8460048,-2.0,192.394866943359,-147.370208740234,520.390258789062,255.303009033203,73.8488912582398,97.382915019989,-0.0017999923020936115,-1.07670845943987,-0.29358463577645,-0.39539999256149677,0.0,0.0,1.0,7.0,0.0,0.0,0.0,26050902.0,1.0,-3.3621576734196976,83.75137320644075,31.5786998748779,0.1590971830487252
2026-05-09 17:23:47+00:00,USA,USA,-2.2000000896797,-2.089999935785328,0.0,-2.04999995743952,-2.0099999790937177,-1.9200000278156584,-0.3432950994013465,-8.53533735856997,-0.9402306716854616,-2.796053580385104,17.79237214163735,5.970045177077014,0.09734129739812548,-2.055340759827992,0.2499999980634084,-2.987969345589865,31.67821197509765,0.06771566511131824,1.0,110.999999673762,0.0,0.0,0.0,168.755970012363,0.169888691604137,88.44679972872542,0.4373999943705834,32.2732616,0.9999999922536331,1919.9216365814202,1910.133147239684,95.8252154290676,8.808346651494519,-6.5691471099853604,-64.8460043,-2.0,192.496765136719,-147.147659301758,520.491638183594,254.401000976562,73.6400365829468,97.382915019989,0.3851999934942832,0.472463554879381,0.889993765894201,0.5113999807239434,0.0,0.0,1.0,7.0,0.0,0.0,0.0,26050902.0,1.0,-2.9877386559506443,83.79288709621605,31.5866065979004,0.06765871309675271
2026-05-09 17:23:48+00:00,USA,USA,-2.2000000896797,-2.09999993037178,0.0,-2.04999995743952,-2.0099999790937195,-1.94000001698856,-0.344171991637113,-8.53504494109613,-0.9405895981263457,-2.7974914632714403,17.4246202425719,5.991771923449463,0.08108205542428328,-2.672940188991906,0.2399999981408718,-3.21688462972672,31.68089332580565,0.33823980957269656,1.0,110.999999673762,0.0,0.0,0.0,176.406533203586,0.0370462015271187,88.74400038404238,-0.22999999955235695,32.2732594,0.9999999922536331,1919.93987560272,1910.096788406372,43.988545984029756,-81.2170956283808,-57.000688067637455,-64.8460037,-2.0,191.745315551758,-146.675628662109,520.296508789062,253.401000976562,72.6731240749359,97.1485495567322,0.2188000007596942,0.294423575105598,-0.826944663191784,-0.256000015092403,0.0,0.0,1.0,7.0,0.0,0.0,0.0,26050902.0,1.0,-3.29536115541264,83.8471085529422,31.4447645187378,0.33766280606389054
2026-05-09 17:23:49+00:00,USA,USA,-2.2000000896797,-2.09999993037178,0.0,-2.04999995743952,-1.9899999899208178,-1.94000001698856,-0.3438796942251905,-8.53533735856997,-0.94094852456723,-2.78598835749208,17.63161083291645,5.993672765095475,0.07918515247622285,-0.5763826366092173,0.25999999798594436,-3.25613655294802,32.27831954956055,0.9733789837360403,1.0,110.999999673762,0.0,0.0,0.0,148.395722511689,0.691596382856369,88.11720075409949,-0.40619999439882654,32.2732566,0.9999999922536331,1919.9307680129998,1910.242247581482,114.52459990978237,-21.852422505617078,-37.331945449113775,-64.8460016,-2.0,193.561141967773,-146.482635498047,533.012573242188,252.401000976562,73.6110329627991,97.4004924297333,-0.09679999957031689,-1.31047509887814,-0.0708980105850736,-0.31879998130875864,0.0,0.0,1.0,7.0,0.0,0.0,0.0,26050902.0,1.0,-3.4500920047380164,83.8884960842179,31.3859842300415,0.9713764357566843
2026-05-09 17:23:50+00:00,USA,USA,-2.2000000896797,-2.09999993037178,0.0,-2.0399999628530696,-1.960000006161464,-1.93000002240211,-0.3443179068893425,-8.53519093638964,-0.9448963952518389,-2.798210554124998,17.5916824008022,5.957008736517672,0.11658143736401276,-0.9170351091402612,0.24999999806340822,-3.845550608860325,32.5648498535156,1.1051087808609021,1.0,110.999999673762,0.0,0.0,0.0,134.510221136619,1.04755754470825,88.28179738479409,0.4559999931993044,32.2732537,0.9999999922536331,1919.9763536453218,1910.1422548294079,67.7757956087589,-8.327804971486396,34.101952053606496,-64.8459983,-2.0,196.65625,-146.259643554688,532.562805175781,251.303009033203,73.2745468616486,97.2442507743836,0.811400022422737,1.75362129404486,1.30873959049872,-0.3119999890453976,0.0,0.0,1.0,7.0,0.0,0.0,0.0,26050902.0,1.0,-3.933926896106628,83.9057867081018,31.468256378173848,1.097511370182038
2026-05-09 17:23:51+00:00,USA,USA,-2.2000000896797,-2.089999935785328,0.0,-2.04999995743952,-1.9899999899208178,-1.9600000061614622,-0.343879707565404,-8.53445882548798,-0.9581758197909064,-2.794975306958574,17.6799429590307,5.970588433248127,0.1060129175745657,-2.407437331707266,0.21999999829579941,-2.830933051287515,33.04658832550045,1.572134263515474,1.0,110.999999673762,0.0,0.0,0.0,128.467825985476,1.25454715490341,87.23019823753577,0.03059999986968296,32.273251,0.9999999922536331,1919.921636581422,1910.105895996092,77.06564590334885,-94.3358316086233,-108.25439281761653,-64.8459942,-2.0,196.710601806641,-146.169830322266,532.227172851562,250.401000976562,73.5955595970154,97.2383916378021,-0.14360000152898378,-1.45993489912195,-0.770676871118131,-0.8711999934648098,0.0,0.0,1.0,7.0,0.0,0.0,0.0,26050902.0,1.0,-2.875469129015854,83.9201540110209,31.5656587600708,1.571445708274844
2026-05-09 17:23:52+00:00,USA,USA,-2.2000000896797,-2.04999995743952,0.0,-2.04999995743952,-1.8400000711240518,-1.790000034158772,-0.3435878770609445,-8.53475166984864,-0.958175713069201,-2.778798857683042,18.21791341749665,5.920887451846786,0.147745035895949,-0.2631959929089812,0.4000000022375384,-1.8621700754292898,33.25221805572505,1.69195723056793,1.0,110.999999673762,0.0,0.0,0.0,123.765732515542,1.70122658014297,87.4867988823883,-0.5782000112091417,32.2732482,0.9999999922536331,1919.89426612854,1910.1422309875481,95.80839723348603,42.692554928362355,-5.382029456086459,-64.845989,-2.0,199.474899291992,-146.04475402832,519.071411132812,249.303009033203,73.3132243156433,96.9669163227081,0.23140000327843918,0.427522831131402,-0.687243389002928,0.5002000246199619,0.0,0.0,1.0,7.0,0.0,0.0,0.0,26050902.0,1.0,-1.7031799948426856,83.94060359739595,31.5485595703125,1.691955835819244
2026-05-09 17:23:53+00:00,USA,USA,-2.2000000896797,-2.04999995743952,0.0,-2.04999995743952,-1.790000055503112,-2.009999979093716,-0.3432950994013465,-8.53519093638964,-0.9477676360241828,-2.7841909505233082,19.31276285937205,5.945602149849021,0.12850494262080786,0.7362546913858135,0.179999998605654,0.4132618830621965,33.2123685836792,1.719389147758482,1.0,110.999999673762,0.0,0.0,0.0,105.745412201866,1.70441626310348,86.67239717858828,-0.5381999955107402,32.2732462,0.9999999922536331,1919.8942422866817,1910.024070739746,78.07370871305467,-81.98543936014183,7.24744591861964,-64.8459839,-2.0,200.730651855469,-145.953094482422,543.532653808594,248.303009033203,73.5626876354218,97.263777256012,0.2555999954587076,0.376609720604054,0.0936374912505114,-1.4603999282827196,0.0,0.0,1.0,7.0,0.0,0.0,0.0,26050902.0,1.0,0.830705717530422,84.0203767918071,31.530166053772,1.705025811195372
2026-05-09 17:23:54+00:00,USA,USA,-2.2000000896797,-2.04999995743952,0.0,-1.99999998450727,-1.9199999851269738,-1.90000003864276,-0.343002801989424,-8.53504451420931,-0.9352060003338595,-2.783831426440874,19.63060571239865,5.9276769160138745,0.128504942620808,4.515093733383898,0.29999999767609,3.0744014408332596,33.8307580947876,2.307155213356018,1.0,110.999999673762,0.0,0.0,0.0,105.417904631164,2.11135210990906,85.70259774286788,-0.6429999742083534,32.2732448,0.9999999922536331,1919.958114624022,1910.024070739746,70.38844972848892,-12.696184776723385,-50.705167138948994,-64.8459779,-2.0,202.061996459961,-146.227600097656,530.20849609375,247.303009033203,73.483395576477,97.7286040782928,0.24920001082284943,0.122352406934038,0.164556746125142,-0.4025999457616158,0.0,0.0,1.0,7.0,0.0,0.0,0.0,26050902.0,1.0,3.6080940451003203,84.1449013856602,31.6382028579712,2.2339028406143178
2026-05-09 17:23:55+00:00,USA,USA,-2.2000000896797,-2.04999995743952,0.0,-1.99999998450727,-1.999999984507268,-1.830000055193258,-0.34417200497732603,-8.53519093638964,-0.9352060003338595,-2.783471945047118,19.6521455677199,5.9423426981997265,0.13609261310998838,5.384081796766422,0.359999997211308,5.37790418948292,34.52243156433105,3.2391523790359478,1.0,110.999999673762,0.0,0.0,0.0,104.240311716362,2.78938000202179,85.6105991928613,-0.7505999996283841,32.2732434,0.9999999922536331,1919.9854850769038,1910.114979743958,117.31407269835488,-80.09619787335396,-2.173914760351187,-64.8459697,-2.0,202.49543762207,-146.284332275391,529.643249511719,246.303009033203,73.5375463962555,97.3028421401978,0.3355999948389984,-0.0732898707952607,-0.186063477696992,-0.20479999326422188,0.0,0.0,1.0,7.0,0.0,0.0,0.0,26050902.0,1.0,6.2364114556501145,84.32942236118271,31.47833633422855,3.097103276252746
2026-05-09 17:23:56+00:00,USA,USA,-2.2000000896797,-2.0399999628530696,0.0,-1.99999998450727,-1.93000002240211,-1.7500000131242799,-0.3444643023892485,-8.535337785456797,-0.9416662707272927,-2.788504599182312,19.72307025206135,5.91138204833361,0.16834001458683862,7.651156393152398,0.43000001267731786,7.096151186764345,35.526916694641145,4.273495817184446,1.0,110.999999673762,0.0,0.0,0.0,89.9111007622413,3.9469199180603,84.67320080852559,-0.9319999949148212,32.2732429,0.9999999922536331,1919.98550891876,1910.1785898208618,80.10427579283723,-22.33614278957246,-28.321021981537342,-64.8459583,-2.0,202.467971801758,-146.32275390625,528.647827148438,245.303009033203,73.728996515274,97.5645482540131,-0.10439999174744048,-0.579117172212542,0.143638117853214,-1.509199901010828,0.0,0.0,1.0,7.0,0.0,0.0,0.0,26050902.0,1.0,8.025140498326047,84.5783486054838,31.39972229003905,4.022412128448486
2026-05-09 17:23:57+00:00,USA,USA,-2.2000000896797,-1.99999998450727,0.0,-1.9600000061614622,-1.8400000711240518,-1.8999999959540719,-0.34431792022955554,-8.534458825487976,-0.9585346181657439,-2.789583086052256,18.9197921943436,5.854077102706662,0.2133238832524234,8.936328031721853,0.2800000085031878,7.46867610739919,35.7592294692993,4.656443424224852,1.0,110.999999673762,0.0,0.0,0.0,89.407381141142,4.6542622089386,83.1499989556832,-0.8415999706422144,32.2732429,0.9999999922536331,1919.9398756027197,1910.1422548294079,83.58403891324994,-42.02554933726786,37.849633954465396,-64.8459449,-2.0,202.714691162109,-146.644409179688,527.489013671875,244.303009033203,72.8645741939545,97.1739411354065,0.5279999884393988,1.19082384499786,-0.158454759174316,-1.1999999106630803,0.0,0.0,1.0,7.0,0.0,0.0,0.0,26050902.0,1.0,8.50112869762142,84.8176613585281,31.1965456008911,4.489056158065796
2026-05-09 17:23:58+00:00,USA,USA,-2.2000000896797,-1.99999998450727,0.0,-1.95000001157501,-1.8300000765376,-2.04999995743952,-0.34446430238924797,-8.535044514209305,-0.9596114615214196,-2.7856288760983263,17.920032646093098,5.826102867677768,0.24313268574803942,7.257479486563767,0.13999999891550866,8.13950399050564,36.1991735458374,5.127270240783689,1.0,110.999999673762,0.0,0.0,0.0,89.3055088696713,4.90464491844177,81.88999844250726,-0.2493999989618505,32.2732433,0.9999999922536331,1919.8760032653802,1910.051321983336,100.15833973884583,-86.18220835924139,-24.61862163618209,-64.8459304,-2.0,202.978469848633,-147.049041748047,525.918579101562,243.303009033203,73.0424880981445,96.9610571861267,0.1686000073384208,-0.0910970410753434,1.1652621821942,-1.9103999087885994,0.0,0.0,1.0,7.0,0.0,0.0,0.0,26050902.0,1.0,9.308213390518288,85.02680858110305,31.16361923217775,4.958344373703002
2026-05-09 17:23:59+00:00,USA,USA,-2.2000000896797,-1.99999998450727,0.0,-1.94000001698856,-1.7700000449858682,-1.999999984507268,-0.3438796942251905,-8.534898092028975,-0.9588935659509691,-2.793896820088626,15.868501659062499,5.797586998647695,0.26968922430124537,8.395785153259753,0.1899999985281906,7.9216201022085855,36.11657180786135,5.166844539642332,1.0,110.999999673762,0.0,0.0,0.0,81.8856216572871,5.22654347419739,79.55079935367479,-1.011199997716403,32.2732448,0.9999999922536331,1919.90337371826,1910.0604057312019,76.87701955437646,-25.598024576902375,-76.81842576712364,-64.8459151,-2.0,203.443511962891,-147.44108581543,524.707092285156,242.303009033203,73.7618684768677,97.5684523582458,0.24260001570313242,-0.323213329385304,-0.837987798419225,-2.5089999821651903,0.0,0.0,1.0,7.0,0.0,0.0,0.0,26050902.0,1.0,9.112277119835968,85.19212647977406,30.9667064666748,5.070897073745728
2026-05-09 17:24:00+00:00,USA,USA,-2.2000000896797,-1.979999995334366,0.0,-1.90000003864276,-1.9199999851269738,-1.900000038642758,-0.3432950994013465,-8.535630629817454,-0.958893544606628,-2.791380450332344,9.331970282555481,5.788624424418805,0.2723991872318126,10.594576897097918,0.29999999767609,8.409954295315579,35.508741188049356,4.914255294799804,1.0,110.999999673762,0.0,0.0,0.0,78.475075978268,4.96649751663208,77.11899792611311,-0.7884000060590386,32.2732469,1.00000009897534,1919.9216127395598,1910.16044616699,93.9157433807849,10.037604160606858,8.374332869425412,-64.8459004,-2.0,203.863082885742,-148.22428894043,523.654602050781,241.303009033203,73.6303687095642,97.3594784736633,-0.004600003005935488,-1.10448619846408,0.0758533928691972,-1.7776000178196831,0.0,0.0,1.0,7.0,0.0,0.0,0.0,26050902.0,1.0,9.775127171237102,85.2762744103486,30.64020652770995,4.829510364532472
2026-05-09 17:24:01+00:00,USA,USA,-2.2000000896797,-1.979999995334366,0.0,-1.90000003864276,-2.0399999628530696,-1.90000003864276,-0.34271097148496454,-8.535337785456797,-0.9495620761295331,-2.6202702951130936,6.135679313506575,5.798401925593044,0.2791740892221452,9.86482514277649,0.29999999767609,9.17175773684566,35.24372692108155,4.696879291534424,1.0,110.999999673762,0.0,0.0,0.0,74.2708554875042,4.8750985622406,75.88880162639947,-0.6921999825784122,32.2732498,1.00000009897534,1919.97640132904,1910.214972496032,96.46141156554226,-22.403831779956825,18.63729152828455,-64.8458865,-2.0,204.274398803711,-148.950042724609,523.002563476562,240.303009033203,73.4311819076538,97.0860540866852,0.42539997098476456,1.49256964969798,-0.145181780626277,-1.223399941324388,0.0,0.0,1.0,7.0,0.0,0.0,0.0,26050902.0,1.0,10.56061292767638,85.32223475327359,30.53998889923095,4.559147129058839
2026-05-09 17:24:02+00:00,USA,USA,-2.2000000896797,-1.979999995334366,0.0,-1.90000003864276,-1.9899999899208178,-1.8700000548834042,-0.34256505623273503,-8.536070323245276,-0.9362826515904651,-2.631414004876064,1.770461952536749,5.803561450492073,0.2596628160926136,10.190218769930464,0.3299999974436992,10.181771960361282,34.8246723175049,4.618324556350708,1.0,110.999999673762,0.0,0.0,0.0,67.8484354411304,4.53520860671997,74.58020021916542,-0.9411999822503925,32.2732538,1.00000009897534,1919.8851346969618,1910.042238235474,40.60567989945414,-76.2061482295393,-44.13852849975235,-64.8458736,-2.0,205.166046142578,-149.874664306641,522.217712402344,239.303009033203,73.8972365856171,97.3282277584076,-0.3063999929841189,-1.48429082009368,-0.262433797158461,-1.1543999829467446,0.0,0.0,1.0,7.0,0.0,0.0,0.0,26050902.0,1.0,11.86326626467174,85.35361947250979,30.30217266082765,4.462900886535645
2026-05-09 17:24:03+00:00,USA,USA,-2.2000000896797,-1.970000000747914,0.0,-1.90000003864276,-1.95000001157501,-1.8100000873647002,-0.34314918414911655,-8.535337785456797,-0.942025197168177,-2.640760478424988,-4.725090076538735,5.829361807062878,0.241777613569306,10.16008278002928,0.3899999969789168,11.2258359575499,34.69695281982425,4.586403522491456,1.0,110.999999673762,0.0,0.0,0.0,67.9832838659139,4.69623470306396,74.07959789640331,-0.9462000008879592,32.2732582,1.00000009897534,1919.9854850769061,1910.151338577268,46.250450424850044,-9.222526056692004,-53.486914280802,-64.8458608,-2.0,205.924407958984,-150.605773925781,521.481201171875,238.303009033203,73.2126653194428,97.0840990543366,0.4490000127969417,1.7340126747114,0.0617955295359887,0.4135999680879636,0.0,0.0,1.0,7.0,0.0,0.0,0.0,26050902.0,1.0,12.825841067797597,85.39239445642801,30.137322807312,4.341238031387325
2026-05-09 17:24:04+00:00,USA,USA,-2.2000000896797,-1.9799999953343659,0.0,-1.90000003864276,-1.90000003864276,-1.8100000873647002,-0.3428568867371945,-8.084158967661025,-0.9380772197618624,-2.6242245904443875,-6.405716818758554,5.8060058898186515,0.24936519601307922,9.507388024640843,0.3799999970563806,11.506351826762351,34.4903085708618,4.570623207092284,1.0,110.999999673762,0.0,0.0,0.0,67.1151326714594,4.41497611999512,74.82760196524374,-0.7094000104062617,32.2732625,1.00000009897534,1919.8486328125,1910.2058887481678,132.5031146407126,-81.49355500936511,37.60367305949332,-64.8458484,-2.0,206.710876464844,-151.440216064453,520.582458496094,237.303009033203,73.3267605304718,97.375100851059,-0.12560000313584188,-1.7179697342898,0.387749599057786,0.5283999653844116,0.0,0.0,1.0,7.0,0.0,0.0,0.0,26050902.0,1.0,13.110667469395242,85.44849080008134,30.057642745971698,4.395795965194702
2026-05-09 17:24:05+00:00,USA,USA,-2.2000000896797,-1.970000000747914,0.0,-1.90000003864276,-1.8500000657105002,-1.8000000927782502,-0.3428568867371945,-6.694880134347034,-0.936641556687008,-2.640760393047626,-6.330590287417115,5.822572599027884,0.2488233645767414,8.839053160581452,0.3699999971338444,11.1884018251432,34.512114715576146,4.5191901111602775,1.0,110.999999673762,0.0,0.0,0.0,69.3374235103823,4.66097846031189,75.29479919881317,-0.7803999869111026,32.2732667,1.00000009897534,1919.921636581422,1910.2695465087884,86.8226155638695,-38.51340343244364,-36.36083570308982,-64.8458355,-2.0,207.603271484375,-152.03288269043,519.921264648438,236.303009033203,73.4717965126038,97.7618038654327,0.3357999993197608,1.37414526854736,-0.278157319514654,0.5763999628781522,0.0,0.0,1.0,7.0,0.0,0.0,0.0,26050902.0,1.0,12.58385139286282,85.52715750384695,30.02793159484865,4.385833940505982
2026-05-09 17:24:06+00:00,USA,USA,-2.2000000896797,-1.9600000061614622,0.0,-1.90000003864276,-1.84000007112405,-1.8200000819511502,-0.3431491841491165,-5.127619804754035,-0.9488443513138123,-2.662328977852102,-6.4151736425512595,5.806820731386634,0.25532707604051297,8.137530236590234,0.3699999971338444,10.498624862845,34.3221662521362,4.30799786567688,1.0,110.999999673762,0.0,0.0,0.0,70.1923309680361,4.4313127040863,75.92919946326442,-0.5453999913995415,32.2732704,1.00000009897534,1919.87602710724,1910.17858982086,33.51097702980042,-65.37111811339847,-37.07759976387024,-64.8458231,-2.0,208.067031860352,-152.51513671875,519.26904296875,235.401000976562,73.433119058609,97.3321378231049,0.3741999871761908,-0.00695345565836197,0.3169310761332,0.7967999647993921,0.0,0.0,1.0,7.0,0.0,0.0,0.0,26050902.0,1.0,11.72423622732358,85.59672298054349,30.03447704315185,4.237226600646972
2026-05-09 17:24:07+00:00,USA,USA,-2.2000000896797,-1.95000001157501,0.0,-1.90000003864276,-1.860000060296952,-1.8500000657105002,-0.3428568867371945,-4.61096145748923,-0.9434609456203958,-2.668080594774806,-6.3962602084092595,5.820128757342854,0.25397219596084974,6.23819276898565,0.349999997288772,9.9623551214824,34.20390529632565,4.140259208679199,1.0,110.999999673762,0.0,0.0,0.0,70.4010820396392,4.14910268783569,76.70199985086768,-0.4007999934801618,32.2732738,1.00000009897534,1919.967246055602,1910.2058649063104,121.29037678241727,-22.90559113025664,23.151766136288636,-64.8458113,-2.0,209.097946166992,-153.146011352539,518.309387207031,234.401000976562,73.3093559741974,94.9962913990021,0.010000001423310277,-1.02375784478617,0.329646914016206,0.579999952818425,0.0,0.0,1.0,7.0,0.0,0.0,0.0,26050902.0,1.0,11.14082656936626,85.6601617775546,30.1146961212158,4.099578981399538
2026-05-09 17:24:08+00:00,USA,USA,-2.2000000896797,-1.970000000747914,0.0,-1.90000003864276,-1.8000000927782502,-1.8000000927782502,-0.342710971484965,-3.78668163529081,-0.945614397543995,-2.66844007616856,-6.32743730134151,5.827189123887896,0.23473201197225838,6.10773009404552,0.399999996901453,9.910700108336869,34.166416168212905,4.0337816905975314,1.0,110.999999673762,0.0,0.0,0.0,70.7729995003248,4.09223470687866,77.46739767944848,-0.6633999883510364,32.273277,1.00000009897534,1919.8760032653802,1910.251355171204,85.13072095811377,-64.68291468918322,-27.93108541518444,-64.8457997,-2.0,209.511779785156,-153.492630004883,517.387573242188,233.401000976562,73.6303687095642,94.7287201881409,0.11419999919540624,0.22311940171864,-0.0363283421223764,0.9893999015155719,0.0,0.0,1.0,7.0,0.0,0.0,0.0,26050902.0,1.0,11.128619313772202,85.73237736764915,30.15566997528075,3.985251388549804
2026-05-09 17:24:09+00:00,USA,USA,-2.2000000896797,-1.9899999899208178,0.0,-1.90000003864276,-1.7500000131242799,-1.8000000927782502,-0.34271097148496454,-3.78668163529081,-0.9373593668800939,-2.6709563605474758,-6.331640215558595,5.826375221470924,0.2274153745951232,6.526201867981766,0.399999996901453,10.01912594631623,33.90490207672115,3.8026279735565174,1.0,110.999999673762,0.0,0.0,0.0,70.7979638417412,3.93483366966248,78.43079859395445,-0.7475999991180147,32.2732803,1.00000009897534,1919.9307680130019,1910.1331472396857,44.3783864378929,-18.647073954343817,-47.65132665634151,-64.8457886,-2.0,210.633911132812,-153.958068847656,516.383422851562,232.401000976562,73.7270593643188,94.8459029197693,0.3195999885596376,0.429307004608656,-0.126555587955388,0.9779999529370228,0.0,0.0,1.0,7.0,0.0,0.0,0.0,26050902.0,1.0,11.114164925941141,85.83204690311256,30.10543842315675,3.733822059631348
2026-05-09 17:24:10+00:00,USA,USA,-2.2000000896797,-1.9899999899208178,0.0,-1.90000003864276,-1.929999979713426,-1.8400000284353681,-0.343003268896887,-3.78756059525963,-0.9380772197618624,-2.66915903895607,-6.42410368800423,5.848644711750292,0.23012518811530258,6.1474023940658915,0.36000000254739317,10.14101152582875,33.61699504852295,3.6320029592514063,1.0,110.999999673762,0.0,0.0,0.0,71.9909451727431,3.66128697395325,79.43620107374252,-0.6239999994351353,32.2732831,1.00000009897534,1919.85776424408,1910.196781158448,105.77555745840073,-96.04262877255687,30.454780720174302,-64.845778,-2.0,211.036422729492,-154.308563232422,515.536010742188,231.303009033203,73.4234511852264,94.806843996048,0.21039999866364925,-0.582817000308573,0.0980725852086305,0.995199991437041,0.0,0.0,1.0,7.0,0.0,0.0,0.0,26050902.0,1.0,11.2778691924207,85.95672859131655,30.01550331115725,3.569004435539246
2026-05-09 17:24:11+00:00,USA,USA,-2.2000000896797,-1.9799999953343659,0.0,-1.880000049469856,-2.0599999520259735,-2.0799999411988757,-0.342857353644657,-3.786535213110475,-0.9427429646725806,-2.659453126702072,-6.51499173462912,5.851632834134808,0.21196890178713984,5.9982484795751985,0.11999999907043599,9.880586231173119,33.29481754302975,3.3682515621185303,1.0,110.999999673762,0.0,0.0,0.0,72.5482544580703,3.46480143070221,80.3665998802168,-0.8714000059496986,32.2732856,1.00000009897534,1919.93987560272,1910.2513790130622,113.05421814322463,-4.8187988111749185,-72.21057265996942,-64.845768,-2.0,211.957855224609,-154.873077392578,514.557495117188,230.401000976562,73.574286699295,94.6681797504425,0.09159998712415839,0.0491189952561893,-0.634086961539628,0.861799950955664,0.0,0.0,1.0,7.0,0.0,0.0,0.0,26050902.0,1.0,10.85538306017716,86.11095767787,29.94573669433595,3.3131033277511586
2026-05-09 17:24:12+00:00,USA,USA,-2.2000000896797,-1.979999995334366,0.0,-1.8700000548834042,-2.02999996826662,-2.04999995743952,-0.34314918414911655,-3.787414173079295,-0.9398718519662832,-2.6493879038090418,-10.065899935526161,5.867656031040836,0.19029011881731459,5.9776486290384385,0.13999999891550866,9.673309626657094,33.3265525817871,3.352537164688112,1.0,110.999999673762,0.0,0.0,0.0,71.5185897803125,3.42677500247955,81.43459831167235,-0.5177999813680576,32.273288,1.00000009897534,1919.9581146240203,1910.1876974105842,26.008945843204874,-64.62671533226967,19.405704736709605,-64.8457583,-2.0,212.286743164062,-155.182342529297,513.634155273438,229.303009033203,73.5220730304718,95.2013611793518,0.31380000002378916,0.507269024951003,0.617763343031826,1.206600002499344,0.0,0.0,1.0,7.0,0.0,0.0,0.0,26050902.0,1.0,10.477104985827054,86.27676735016125,29.968960762023897,3.2967016410827616
2026-05-09 17:24:13+00:00,USA,USA,-2.2000000896797,-1.970000000747914,0.0,-1.8900000440563083,-2.0199999736801697,-2.0599999520259717,-0.3431491841491165,-3.78624236874981,-0.9459731745744913,-2.6558584835192542,-10.21667977654875,5.863854091616714,0.192728947250216,4.524630598455938,0.10999999914789964,8.68982086967003,32.89659576416015,2.9380971622467063,1.0,110.999999673762,0.0,0.0,0.0,78.3186578160855,3.00688505172729,82.49479803313356,-0.03919999944287852,32.2732898,1.00000009897534,1919.949007034304,1910.260438919066,150.75992047786698,-41.62375181913376,-39.23810096457605,-64.8457492,-2.0,213.218017578125,-155.806182861328,512.742309570312,228.401000976562,73.487263917923,94.5314645767212,0.17479999416362335,-0.96992634917295,0.598848895033621,0.897199956978023,0.0,0.0,1.0,7.0,0.0,0.0,0.0,26050902.0,1.0,9.32353487086446,86.44829730588235,29.96212520599365,2.9246436309814463
2026-05-09 17:24:14+00:00,USA,USA,-2.2000000896797,-1.9899999899208178,0.0,-1.8900000440563083,-2.0099999790937195,-2.0599999520259713,-0.3435873968132685,-3.787120901831805,-0.9405895981263459,-2.66304789795093,-9.72021296257439,5.872544995071366,0.1997745541833486,1.939028700055562,0.11999999907043599,7.41603007649379,32.7111928939819,2.6756914615631104,1.0,110.999999673762,0.0,0.0,0.0,80.9919187251476,2.87286086082458,83.67100032142045,-0.4989999923993034,32.2732908,1.00000009897534,1919.958114624022,1910.405898094178,45.6969775259495,-39.84183967113496,-31.208838522434256,-64.8457409,-2.0,213.254806518555,-155.670364379883,511.995788574219,227.303009033203,73.2842147350311,94.7931706905365,0.32440000004839964,1.13771112007308,-1.03788278271146,1.5997999484404979,0.0,0.0,1.0,7.0,0.0,0.0,0.0,26050902.0,1.0,7.6646695809158105,86.61026841186005,29.97442474365235,2.670284900665282
2026-05-09 17:24:15+00:00,USA,USA,-2.2000000896797,-1.99999998450727,0.0,-1.90000003864276,-1.99999998450727,-2.069999946612424,-0.3432950994013465,-3.786388790930145,-0.9359238318712867,-2.6659237491009637,-6.577508882989065,5.892370302156246,0.1767407417234722,1.4297666365769202,0.11999999907043597,6.39271363268273,32.2718324661255,2.454613881111142,1.0,110.999999673762,0.0,0.0,0.0,86.083455921177,2.4436580657959,84.89499890748127,-0.353599997901215,32.2732914,1.00000009897534,1919.976353645324,1910.3059053420998,83.33978354930885,-43.36384348571299,-32.061320543289185,-64.8457334,-2.0,213.808181762695,-155.923080444336,511.281921386719,226.303009033203,73.6941874027252,95.162296295166,-0.1129999973237317,-1.38629905656686,0.455540107024235,0.5833999889707451,0.0,0.0,1.0,7.0,0.0,0.0,0.0,26050902.0,1.0,6.794482307069759,86.75781757340525,29.826662063598647,2.4544468545913682
2026-05-09 17:24:16+00:00,USA,USA,-2.2000000896797,-1.99999998450727,0.0,-1.90000003864276,-1.9899999899208178,-2.0599999520259713,-0.3440260897250965,-3.78609573312607,-0.9366415993756905,-2.672753596761516,-8.11839102200748,5.910838536030404,0.161023425234471,1.628130890098792,0.12999999899297232,5.849561835401095,31.85756549835205,2.07870147228241,1.0,110.999999673762,0.0,0.0,0.0,83.3311082517153,2.34861645698547,85.6763998692874,-0.3033999964758136,32.2732919,1.00000009897534,1919.9398756027217,1910.287714004516,135.17229259014132,-22.799255978316065,-34.13394317030908,-64.8457265,-2.0,214.135879516602,-155.832672119141,510.821197509766,225.303009033203,73.2436060905456,94.9005901813507,0.6603999931767517,1.81383933669716,0.0597148431394339,1.289999984671101,0.0,0.0,1.0,7.0,0.0,0.0,0.0,26050902.0,1.0,6.240564381420208,86.9089764899268,29.687221527099602,2.077981781959532
2026-05-09 17:24:17+00:00,USA,USA,-2.2000000896797,-1.99999998450727,0.0,-1.90000003864276,-1.95000001157501,-2.04999995743952,-0.343149184149117,-3.787120901831805,-0.9373594095687764,-2.677067330797884,-9.28468979212994,5.914369146189751,0.15397763420639599,2.154559139952382,0.149999998838045,6.88011593185484,31.5255517959595,1.9240162038803077,1.0,110.999999673762,0.0,0.0,0.0,83.2104461298378,1.81134510040283,86.59439915034245,-0.5379999936980207,32.2732925,1.00000009897534,1919.9855089187618,1910.1695299148582,6.61953459493815,-62.3429032042623,26.655546762049187,-64.8457207,-2.0,214.484313964844,-155.809585571289,522.865539550781,224.303009033203,73.1836557388306,85.166597366333,-0.18179999891187554,-1.99536634148565,-0.0321120710168021,0.30459998709168323,0.0,0.0,1.0,7.0,0.0,0.0,0.0,26050902.0,1.0,7.514314748414298,87.08485386105465,29.63537464141845,1.9127215719223039
2026-05-09 17:24:18+00:00,USA,USA,-2.2000000896797,-1.99999998450727,0.0,-1.880000049469856,-1.8700000548834042,-1.9300000224021123,-0.34314918414911655,-3.78712132871863,-0.9413073656307496,-2.66376673267239,-11.1696824110623,5.939355685720952,0.13121480950183978,3.49847697944102,0.2499999980634084,8.107447778296649,31.2998582839966,1.792849037647248,1.0,110.999999673762,0.0,0.0,0.0,72.4136519200968,1.91233713626862,87.46560070728023,-1.216999990039064,32.2732938,1.00000009897534,1919.9398756027217,1910.214996337892,144.32418495416658,-45.999329723417766,-92.67840757966059,-64.8457151,-2.0,215.345474243164,-155.891571044922,510.0,223.303009033203,73.0154097080231,84.7974717617035,0.4621999950322472,1.21382813556587,-1.13171453414692,1.674199939753319,0.0,0.0,1.0,7.0,0.0,0.0,0.0,26050902.0,1.0,8.517525249742954,87.3214003874851,29.479099273681648,1.7486435937881482
2026-05-09 17:24:19+00:00,USA,USA,-2.2000000896797,-1.99999998450727,0.0,-1.8500000657105002,-1.8200000819511502,-1.8800000494698559,-0.343733778972961,-3.78624194186299,-0.9380773905165917,-2.654780039337994,-10.551333432669999,5.956737065743434,0.106554746342861,4.846972454400088,0.3199999975211628,8.06784121884704,31.08902378082275,1.740464401245116,1.0,110.999999673762,0.0,0.0,0.0,71.5356311022917,1.67047934532166,88.89140133048258,-0.5977999860844334,32.273295,1.00000009897534,1919.958138465882,1910.1604223251338,68.72348971664925,-37.989877909421935,66.26631394028679,-64.84571,-2.0,215.550109863281,-156.251495361328,509.758605957031,222.303009033203,73.6497044563294,84.7427845001221,-0.07640000110238468,-1.02171711232822,0.715981356574904,0.7543999820432281,0.0,0.0,1.0,7.0,0.0,0.0,0.0,26050902.0,1.0,8.504869933739297,87.6055157663901,29.39366855621335,1.71074578285217
2026-05-09 17:24:20+00:00,USA,USA,-2.2000000896797,-1.99999998450727,0.0,-1.8500000657105002,-1.8200000819511502,-1.9200000278156584,-0.3432950994013465,-3.786828057471145,-0.937718271976637,-2.663766860738438,-8.03695937228847,5.957008651140306,0.1350085713752574,3.4713926326836164,0.2799999978310172,7.71167588193485,31.1574394226074,1.790701060295104,1.0,110.999999673762,0.0,0.0,0.0,73.3738740645631,1.8761803150177,89.54599983034741,-0.12239999743601138,32.2732963,1.00000009897534,1920.0037240982042,1910.124039649962,54.547080397605875,-41.425944812363,-116.16011336445808,-64.8457046,-2.0,216.220611572266,-156.405975341797,509.363433837891,221.303009033203,73.3480274677276,85.2115154266358,0.49180000985071504,0.858853439364232,1.03071471262095,1.1917999857519577,0.0,0.0,1.0,7.0,0.0,0.0,0.0,26050902.0,1.0,7.878031115586035,87.910394920372,29.326466560363748,1.769885358810426
2026-05-09 17:24:21+00:00,USA,USA,-2.2000000896797,-1.99999998450727,0.0,-1.8500000657105002,-1.800000050089562,-1.8900000440563058,-0.343879707565404,-3.786974479651475,-0.951356516234884,-2.6716753233349837,-8.466178705015832,5.952120199373964,0.13907322762250257,2.4681272977425266,0.29999999767609,5.4219403400527,30.307943916320802,1.4367380905151361,1.0,110.999999673762,0.0,0.0,0.0,82.9136607500224,1.45269416570663,90.77459923183315,-0.8467999804203284,32.273297,1.00000009897534,1919.90337371826,1910.2149486541741,144.76182013750068,-63.60034751705824,26.901972666382825,-64.8456998,-2.0,216.151611328125,-156.810852050781,508.958984375,220.303009033203,73.2494056224823,84.9048852920532,0.03999999035199606,-0.930188415303521,-1.1750344753492,0.45559999390943445,0.0,0.0,1.0,7.0,0.0,0.0,0.0,26050902.0,1.0,5.442522773607076,88.19037803482915,28.8887412071228,1.4362638759613042
2026-05-09 17:24:22+00:00,USA,USA,-2.2000000896797,-1.9899999899208178,0.0,-1.8500000657105002,-1.7500000131242799,-1.8700000548834042,-0.34417200497732603,-3.78668163529081,-0.9337702945703228,-2.678505384438952,-9.11237137644651,5.947502820740304,0.11929120819550969,2.859515258529902,0.3199999975211628,4.994500485047546,30.21559009552005,1.511630988121032,1.0,110.999999673762,0.0,0.0,0.0,72.8191465907422,1.61528420448303,91.02119911370296,-0.15799999997669328,32.2732978,1.00000009897534,1919.9398517608618,1910.124039649964,62.492832355201266,-15.911974292248477,-66.23613312840484,-64.8456952,-2.0,217.064346313477,-156.81916809082,508.543853759766,219.303009033203,73.4485864639282,84.5943510532379,0.38220002700145744,1.28033977065152,1.219416297524,0.8084000005680274,0.0,0.0,1.0,7.0,0.0,0.0,0.0,26050902.0,1.0,5.04923476091431,88.43507297693945,28.6559658050537,1.511518936157228
2026-05-09 17:24:23+00:00,USA,USA,-2.2000000896797,-1.99999998450727,0.0,-1.860000060296952,-1.780000060916662,-1.90000003864276,-0.3435873968132685,-3.7872673240121397,-0.9395130109027642,-2.6828189477205884,-9.154400945504186,5.950761930880143,0.1209172254408811,0.8133115949362664,0.29999999767609,4.522437936977635,29.4519647598267,1.163357326984406,1.0,110.999999673762,0.0,0.0,0.0,89.839499889172,1.19270786046982,91.99780005179889,-0.2411999916749133,32.2732979,1.00000009897534,1919.967222213744,1910.224080085754,100.53894519805901,-47.95153997838496,-0.24950616061688038,-64.8456912,-2.0,216.332138061523,-156.999725341797,508.312164306641,218.401000976562,73.2861459255218,84.6431791782379,0.13180000029970987,-1.16333468146609,-0.304830115358053,0.6935999739231096,0.0,0.0,1.0,7.0,0.0,0.0,0.0,26050902.0,1.0,4.748257181741088,88.67496629606315,28.28357219696045,1.16334782123566
2026-05-09 17:24:24+00:00,USA,USA,-2.2000000896797,-1.99999998450727,0.0,-1.8500000657105002,-1.7500000131242799,-1.90000003864276,-0.343295566308809,-3.786535213110475,-0.9495621615068979,-2.674191607713898,-9.83946977303013,5.964613127630104,0.10221910634235912,1.8161954958287219,0.29999999767609,4.741204200338085,29.1779949188232,1.228397526741028,1.0,110.999999673762,0.0,0.0,0.0,74.6375410232855,1.24375727176666,92.36799903688923,-0.4858000008258484,32.2732985,1.00000009897534,1919.87602710724,1910.2695226669318,48.94307721406223,-45.30124589800833,-63.900689035653954,-64.8456874,-2.0,217.230377197266,-156.899566650391,507.964202880859,217.401000976562,73.3460962772369,84.6607565879822,0.10519999566326596,0.692502101055309,-0.013869529537984,0.10300000573882877,0.0,0.0,1.0,7.0,0.0,0.0,0.0,26050902.0,1.0,4.8150475525778935,88.93176091828815,27.94666185379025,1.225855865478514
2026-05-09 17:24:25+00:00,USA,USA,-2.2000000896797,-1.99999998450727,0.0,-1.8500000657105002,-1.8400000070910238,-1.8500000657105002,-0.343733312065498,-3.7877068039965502,-0.9560224745890131,-2.6785053417502698,-10.489866425894949,5.9551072972301045,0.08921184616541775,2.15684791499891,0.349999997288772,4.11548395372746,28.58383455276485,1.0851871776580801,1.0,110.999999673762,0.0,0.0,0.0,80.8672746029841,1.15242408514023,92.74059815045396,-0.6842000114552436,32.273299,1.00000009897534,1919.8851346969598,1910.224080085754,121.3325291872026,-30.35207577049737,37.0408810675144,-64.8456838,-2.0,217.144607543945,-157.025009155273,507.585540771484,216.401000976562,73.6903190612793,85.0084006786346,0.36860000578914737,0.136622206234716,-0.487441892924955,0.7427999983014238,0.0,0.0,1.0,7.0,0.0,0.0,0.0,26050902.0,1.0,4.087508523415466,89.1831460306905,27.4736866950989,1.0839027214050299
2026-05-09 17:24:26+00:00,USA,USA,-2.2000000896797,-1.979999995334366,0.0,-1.8700000548834042,-2.10999996764691,-1.960000006161462,-0.34402560947742,-3.78668163529081,-0.9456141200675603,-2.678505256372902,-10.48146059746075,5.976291299695626,0.09707036033561553,0.9330930653058619,0.23999999814087197,3.4313329328712596,28.1209444999695,0.9933675026893617,1.0,110.999999673762,0.0,0.0,0.0,66.6883892823062,0.986951959133148,93.16040070137261,0.13100000071945375,32.2732997,1.00000009897534,1919.91250514984,1910.260415077212,54.71308827400209,-55.61834089457987,-86.46778203547008,-64.8456806,-2.0,217.648544311523,-156.870986938477,494.834136962891,215.401000976562,73.551082611084,85.1861238479614,0.038799999485997584,-0.794118347153879,1.74018161619239,0.07879999384005766,0.0,0.0,1.0,7.0,0.0,0.0,0.0,26050902.0,1.0,3.510105120370876,89.41694340597999,27.12590074539185,0.9933672881126409
2026-05-09 17:24:27+00:00,USA,USA,-2.2000000896797,-2.0099999790937195,0.0,-1.860000060296952,-2.0799999411988734,-1.9600000061614622,-0.3440256094774205,-3.78741374619247,-0.9448964592848622,-2.6752700945838437,-10.61857877948285,5.971402506419824,0.10655483972435324,-0.7625398733268021,0.2299999982183354,2.410158180251825,27.73548574447635,0.8817381155490874,1.0,110.999999673762,0.0,0.0,0.0,90.9326238545084,0.989988112449646,93.34959967345762,-0.3553999982074368,32.2732999,1.00000009897534,1919.9854850769038,1910.09681224823,102.82123163342484,-33.70317704975604,-8.766779012512432,-64.8456777,-2.0,217.765182495117,-157.164520263672,507.113708496094,214.401000976562,72.8587746620178,84.4888865947724,0.4217999890486196,0.950088491615471,-1.10815315627473,0.4509999975736056,0.0,0.0,1.0,7.0,0.0,0.0,0.0,26050902.0,1.0,2.359605346194936,89.6313191383646,26.8125045776367,0.8814324080944059
2026-05-09 17:24:28+00:00,USA,USA,-2.2000000896797,-2.0199999736801697,0.0,-1.880000049469856,-2.089999935785328,-1.970000000747914,-0.3438796942251905,-3.786535213110475,-0.9477676787128653,-2.6838974345905378,-10.50615215819715,5.977105799754152,0.09463133713560105,-0.7758912082852484,0.21999999829579941,2.2234729952578,27.3510878562927,0.7634239554405212,1.0,110.999999673762,0.0,0.0,0.0,89.0276226232893,0.735775905847549,93.79859718496454,-0.21179999067535657,32.2732997,1.00000009897534,1920.003747940066,1910.2240562438978,43.12661252915858,-34.3268028460443,-24.234762554988258,-64.8456752,-2.0,217.424896240234,-157.190032958984,506.916931152344,213.303009033203,73.49693775177,84.4830274581909,-0.15080000742294525,-1.20347026041126,0.408712676920172,0.20579999098863921,0.0,0.0,1.0,7.0,0.0,0.0,0.0,26050902.0,1.0,2.1931063797504082,89.82163552939784,26.6021266937256,0.7633591532707215
2026-05-09 17:24:29+00:00,USA,USA,-2.2000000896797,-2.0199999736801697,0.0,-1.8700000548834042,-2.0799999411988757,-1.95000001157501,-0.3443179068893425,-3.78756059525963,-0.9470499325528026,-2.683537995885466,-10.5114058543294,5.994487692040826,0.06021609431415892,-0.7095154726197465,0.20999999837326316,1.3299681386042426,27.160523128509553,0.6791928613185882,1.0,110.999999673762,0.0,0.0,0.0,103.464538830432,0.836369526386261,94.13780213763928,-0.46320000943193085,32.2732993,1.00000009897534,1919.958114624024,1910.2786064147938,119.44627910852455,-27.973328530788415,-17.23483614623546,-64.8456728,-2.0,217.346893310547,-157.278182983398,494.336334228516,212.401000976562,73.4292507171631,84.6431791782379,0.4577999738287118,1.70313189536989,-0.331156279101073,0.5099999907132677,0.0,0.0,1.0,7.0,0.0,0.0,0.0,26050902.0,1.0,1.2189400732562934,90.00721176914709,26.425560092926,0.6789839601516723
2026-05-09 17:24:30+00:00,USA,USA,-2.2000000896797,-1.99999998450727,0.0,-1.8500000657105002,-2.02999996826662,-1.960000006161462,-0.3435873968132685,-3.78682805747114,-0.9466910701449418,-2.6774268975690076,-10.46727557521515,5.987426471722134,0.08948273787120282,0.5912961945793829,0.20999999837326316,0.20273591610013972,26.6002109527588,0.39839908897876736,1.0,110.999999673762,0.0,0.0,0.0,124.807855458346,0.477380847930908,94.84740005277669,0.08319999236523071,32.2732985,1.00000009897534,1919.9398756027217,1910.1422548294079,62.36224398016934,-60.47725863754751,-34.81579115614297,-64.8456712,-2.0,216.963684082031,-157.212310791016,494.127197265625,211.303009033203,73.4215140342712,84.8287165164948,0.3116000040962562,-0.755064285975098,0.684673210162593,0.8621999812615302,0.0,0.0,1.0,7.0,0.0,0.0,0.0,26050902.0,1.0,0.08804864293841275,90.16546042202715,26.167160797119152,0.39735823094844813
2026-05-09 17:24:31+00:00,USA,USA,-2.2000000896797,-2.0199999736801697,0.0,-1.880000049469856,-2.12999991413113,-2.069999946612426,-0.345048910553306,-3.78712132871863,-0.9387951793653366,-0.807797480499674,-10.59809034640695,5.997474704519599,0.06644868662150974,-2.379590052819572,0.11999999907043597,-0.09429642441253885,26.313887500762952,0.2900742638111114,1.0,110.999999673762,0.0,0.0,0.0,154.185427984298,0.23485521376133,95.2701996907032,-0.14800000272219957,32.2732974,1.00000009897534,1919.9581146240241,1910.333156585694,70.40277961641544,-22.383257688488804,-15.482831746339798,-64.8456702,-2.0,207.389022827148,-157.249359130859,506.6533203125,210.401000976562,72.4430024623871,84.2584252357483,-0.13399999639399587,-0.832409188053764,-0.0970796131075069,0.14479999906508914,0.0,0.0,1.0,7.0,0.0,0.0,0.0,26050902.0,1.0,-0.21970919098569414,90.31484690445905,26.0509666442871,0.28959502279758437
2026-05-09 17:24:32+00:00,USA,USA,-2.2000000896797,-2.0399999628530696,0.0,-1.8700000548834042,-1.979999995334364,-1.8300000125045741,-0.343441481561039,-3.7872673240121397,-0.9352060003338597,0.2932743157364636,-10.61962977484145,5.973847116501136,0.06807470253285997,1.7803373435286023,0.34000001337449104,-0.937317878816972,26.0977692604065,0.26235500827431685,1.0,110.999999673762,0.0,0.0,0.0,90.3979498160906,0.415172213315964,95.769199651086,-0.9973999953687045,32.2732971,1.00000009897534,1919.9398756027217,1910.2968215942383,97.22275424865074,-46.46061994135378,-41.31163842976095,-64.8456691,-2.0,219.5283203125,-157.058181762695,506.516510009766,209.303009033203,73.4563231468201,84.5943510532379,0.47440001172639973,1.55923688503065,-1.18962034432176,0.5441999965314781,0.0,0.0,1.0,7.0,0.0,0.0,0.0,26050902.0,1.0,-1.0381804722375683,90.45549757494254,25.78013048171995,0.2614889390766621
2026-05-09 17:24:33+00:00,USA,USA,-2.2000000896797,-1.99999998450727,0.0,-1.8500000657105002,-1.970000000747914,-2.0799999411988757,-0.3447561195534945,-3.78668163529081,-0.9355648840860613,0.277817250799181,-10.79457482514755,5.9830815322589945,0.08135299848988935,2.1999540259234416,0.11999999907043597,-0.4762629943475465,25.82195920944215,0.04682826742529868,1.0,110.999999673762,0.0,0.0,0.0,180.625554714281,0.0280466476455331,95.88159997614336,0.15300000335047848,32.2732963,1.00000009897534,1919.9946403503423,1910.2513313293457,62.0295831933617,-16.345974430441835,13.252126798033697,-64.8456687,-2.0,203.058807373047,-157.151473999023,506.489685058594,208.303009033203,73.5820233821869,84.6256017684936,0.023799998935182497,-1.49104448980065,1.36283511561205,0.076599995244482,0.0,0.0,1.0,7.0,0.0,0.0,0.0,26050902.0,1.0,-0.44342447201454344,90.59546864160365,25.78297061920165,0.04681372784078118
2026-05-09 17:24:34+00:00,USA,USA,-2.2000000896797,-1.99999998450727,0.0,-1.8500000657105002,-2.0199999736801697,-2.13999990871758,-0.3438796942251905,-3.78668163529081,-0.9362827156234885,0.28860149517665223,-10.785119282015351,6.01485659680627,0.06238393832679343,-0.6446656333147134,0.05999999953521802,-1.2239358283617146,26.01428861618045,0.13683858186006542,1.0,110.999999673762,0.0,0.0,0.0,15.649503596157,0.0107241061516106,96.1235963105126,-0.0076000021822835275,32.2732961,1.00000009897534,1919.939851760862,1910.2513313293462,82.76378493756046,-60.179690271616,-51.35293155908586,-64.8456686,-2.0,211.282989501953,-157.030868530273,493.968414306641,207.303009033203,73.5104739665985,84.9634766578674,0.4490000034587922,1.33420989952223,-0.376590884222983,0.2131999966942884,0.0,0.0,1.0,7.0,0.0,0.0,0.0,26050902.0,1.0,-1.469047257264902,90.74113950112705,25.91596269607545,0.13674036372452997
2026-05-09 17:24:35+00:00,USA,USA,-2.2000000896797,-1.99999998450727,0.0,-1.8500000657105002,-1.979999995334366,-2.089999935785326,-0.3444643023892485,-3.78668163529081,-0.9409485672559125,0.2979476058717804,-10.762002079882599,6.019745731591533,0.03745298412903988,0.45968913211598583,0.089999999302827,-2.2846896329110997,26.16669216156005,0.2448237481713294,1.0,110.999999673762,0.0,0.0,0.0,263.026951276553,-0.258095133304596,96.03199800959138,-0.7502000066751152,32.2732959,1.00000009897534,1919.976353645324,1910.1604223251338,65.26774019002906,-34.643433243036284,-46.58284187316894,-64.8456691,-2.0,205.706008911133,-156.813903808594,506.433685302734,206.303009033203,73.433119058609,84.4986498355866,-0.09700000271705793,-0.910820133251481,-1.07588318048906,-0.46659998113434664,0.0,0.0,1.0,7.0,0.0,0.0,0.0,26050902.0,1.0,-2.4090490002192935,90.85092796184585,25.912486553192153,0.2434821581840516
2026-05-09 17:24:36+00:00,USA,USA,-2.2000000896797,-1.99999998450727,0.0,-1.8500000657105002,-1.950000011575014,-2.099999930371776,-0.3434414815610385,-3.78638836404332,-0.9506388341078449,0.30226144662985444,-10.72312677756095,5.4820021207833936,0.6002940563402897,1.4358701896687787,0.089999999302827,-2.595599203599845,26.2579087257385,0.2907314720749854,1.0,110.999999673762,0.0,0.0,0.0,259.629915711712,-0.229039970040321,96.09080047419386,-0.06939999802165912,32.2732958,1.00000009897534,1919.885110855104,1910.287714004518,98.18686880171302,-36.5365818142891,-9.736570529639659,-64.8456696,-2.0,209.693161010742,-156.873062133789,506.33251953125,205.303009033203,73.5916912555694,84.9732458591461,0.34899998922568903,0.771731655097222,1.44618017879401,0.672999973975962,0.0,0.0,1.0,7.0,0.0,0.0,0.0,26050902.0,1.0,-2.7053276653756377,90.92904483538331,26.00917911529545,0.2893671637773514
2026-05-09 17:24:37+00:00,USA,USA,-2.2000000896797,-1.99999998450727,0.0,-1.8500000657105002,-1.970000000747914,-2.10999992495823,-0.3435873968132685,-3.786388790930145,-0.9509977818930702,0.30477781105004886,-10.78301729129825,4.4334025364764305,1.6414280944740418,0.7423582217993099,0.07999999938029065,-3.10470176081702,26.457653045654297,0.5254570412635804,1.0,110.999999673762,0.0,0.0,0.0,296.458404999447,-0.516779440641403,95.92220408472126,-0.14200000103445026,32.2732961,1.00000009897534,1919.9398517608618,1910.3513479232781,57.21688382327559,-0.870151072740643,-23.332292772829497,-64.8456707,-2.0,218.219253540039,-156.703338623047,493.627624511719,204.303009033203,73.3074188232422,84.9419951438904,0.10059997798309608,-0.652408196936246,-0.646784550010946,-0.7474000053094231,0.0,0.0,1.0,7.0,0.0,0.0,0.0,26050902.0,1.0,-3.200198434895698,91.0016907273956,25.933175182342502,0.5225053989887236
2026-05-09 17:24:38+00:00,USA,USA,-2.2000000896797,-1.99999998450727,0.0,-1.8500000657105002,-1.979999995334366,-2.12999991413113,-0.343879707565404,-3.78726775089896,-0.9506388341078449,0.30190181048962694,-10.816639751261249,3.4149496996186057,2.670096653174384,0.06448657804523741,0.06999999945775434,-3.265119318923645,26.4835910797119,0.5939482462406158,1.0,110.999999673762,0.0,0.0,0.0,266.24066456407,-0.469304072856903,95.91439991057561,-0.17579997592147312,32.2732961,1.00000009897534,1919.948983192442,1910.26952266693,96.94753140211094,11.35234143584968,-48.16036745905876,-64.8456721,-2.0,210.575637817383,-156.745147705078,493.637054443359,203.303009033203,73.5104739665985,84.783798456192,0.3474000064069374,1.01880926601079,0.394090389165511,0.31340001240660575,0.0,0.0,1.0,7.0,0.0,0.0,0.0,26050902.0,1.0,-3.4411206793292477,91.0509944479193,25.936971473693852,0.5921231532096864
2026-05-09 17:24:39+00:00,USA,USA,-2.2000000896797,-2.0199999736801697,0.0,-1.8500000657105002,-1.900000038642758,-2.0599999520259713,-0.34373379231317447,-3.78726775089896,-0.9423840809203787,0.30046406100542467,-9.86941631055921,3.021419556719764,3.050292345822654,0.4245939926544482,0.11999999907043599,-3.623364234994695,26.59289817810055,0.7569560229778288,1.0,110.999999673762,0.0,0.0,0.0,281.172168429392,-0.773071217536926,95.80659903490528,-0.6078000126873964,32.2732964,1.00000009897534,1919.967269897462,1910.2967977523817,89.76400271058074,-50.76037608087065,-12.626461125910277,-64.845674,-2.0,217.97607421875,-156.727203369141,493.549652099609,202.303009033203,73.4717965126038,84.7584068775177,-0.03679999688764225,-1.22951782714133,-0.835025950918672,-0.20459999478655516,0.0,0.0,1.0,7.0,0.0,0.0,0.0,26050902.0,1.0,-3.7236453498652557,91.08840339400345,25.837152957916302,0.7520559382438661
2026-05-09 17:24:40+00:00,USA,USA,-2.2000000896797,-2.0199999736801697,0.0,-1.8500000657105002,-1.9200000278156584,-2.0799999411988757,-0.34446430238924797,-3.7872673240121397,-0.9405895981263459,0.288601303077582,-5.39492309990389,3.0409735345398663,3.025090441889188,0.16328707265537526,0.10999999914789964,-3.4393250012521097,26.7343789100647,0.8928207457065588,1.0,110.999999673762,0.0,0.0,0.0,268.208059573357,-0.761342936754226,95.94119884080305,0.2349999981796036,32.2732962,1.00000009897534,1919.930720329284,1910.3513479232781,53.35700176656246,-31.178408162668354,-34.6974678337574,-64.8456762,-2.0,210.816360473633,-156.803848266602,493.724304199219,201.401000976562,73.6574411392212,84.4849824905396,0.5829999746731356,1.14773228824595,1.28011714917326,0.37259997801051836,0.0,0.0,1.0,7.0,0.0,0.0,0.0,26050902.0,1.0,-3.6314979444234625,91.12227430209754,25.9055934906006,0.8911731076240542
2026-05-09 17:24:41+00:00,USA,USA,-2.2000000896797,-2.00999997909372,0.0,-1.860000060296952,-1.95000001157501,-2.11999991954468,-0.3443179068893425,-3.7875605952596247,-0.9405895981263457,0.28716335615822364,-2.9273071271981,3.03961573562155,3.021838460759298,-0.5138217083375141,0.07999999938029066,-3.55827242548277,27.062769699096698,1.179308681488036,1.0,110.999999673762,0.0,0.0,0.0,258.688715644084,-1.19134004116058,95.98260071547602,0.03680000537118402,32.2732958,1.00000009897534,1919.91250514984,1910.1513385772719,110.41495054960255,-45.206290110945694,-12.20085732638834,-64.8456793,-2.0,211.825531005859,-156.728652954102,493.625427246094,200.401000976562,73.2590734958649,84.7545027732849,-0.1525999943889535,-1.53438364090997,-0.100637541355488,-0.3216000000167286,0.0,0.0,1.0,7.0,0.0,0.0,0.0,26050902.0,1.0,-3.610462455883706,91.1571287574321,25.87519655227665,1.173063082695008
2026-05-09 17:24:42+00:00,USA,USA,-2.2000000896797,-2.0399999628530696,0.0,-1.8500000657105002,-1.860000060296954,-2.02999996826662,-0.3440260897250965,-3.787414173079295,-0.9405895981263459,0.2850065264926366,2.87897105238068,3.0398873210184223,3.02102575362543,1.1917295670602388,0.15999999876058132,-3.36487348469974,26.81752653121945,1.1237344050407398,1.0,110.999999673762,0.0,0.0,0.0,286.229622981463,-1.02256944179535,95.88519948583595,-1.1431999027787803,32.2732963,1.00000009897534,1919.912481307982,1910.251355171204,51.858014985918956,-44.81351692229508,-58.69509428739549,-64.8456823,-2.0,215.178237915039,-156.671844482422,493.830383300781,199.401000976562,73.4737277030945,85.0044906139374,0.45520000362420776,1.59433808094899,-1.89661247825784,0.056599994565645725,0.0,0.0,1.0,7.0,0.0,0.0,0.0,26050902.0,1.0,-3.6641494929959806,91.1966414017807,25.7495035171509,1.123253173828126
2026-05-09 17:24:43+00:00,USA,USA,-2.2000000896797,-1.99999998450727,0.0,-1.84000007112405,-1.790000076847456,-1.9200000278156601,-0.3434414815610385,-3.787120901831805,-0.9405895981263459,0.3019018158257124,2.92257690103275,3.039887321018422,3.02102575362543,3.9913358313636893,0.24999999806340822,-3.280218519301015,27.08427028656005,1.416732823848724,1.0,110.999999673762,0.0,0.0,0.0,276.171404447432,-1.40660147666931,95.67680358406972,0.06060000230533421,32.2732966,1.00000009897534,1919.958114624022,1910.224080085754,141.66992902755723,5.251042661257097,42.09122615866362,-64.8456859,-2.0,216.105697631836,-156.377456665039,494.103576660156,198.401000976562,73.6845135688782,85.2857291698456,0.10100000095184469,-1.3187551024212,1.84669724235998,-0.395999997999656,0.0,0.0,1.0,7.0,0.0,0.0,0.0,26050902.0,1.0,-3.349458345384574,91.2245598000131,25.6772229194641,1.412688717842104
2026-05-09 17:24:44+00:00,USA,USA,-2.2000000896797,-2.00999997909372,0.0,-1.8500000657105002,-1.880000049469856,-2.069999946612426,-0.3440260897250965,-3.787414173079295,-0.94094852456723,0.3004639649558896,2.9945525807327,3.040973534539866,3.020754680492746,-0.3989992354498288,0.12999999899297238,-3.32683744187241,27.293772697448752,1.527125701904298,1.0,110.999999673762,0.0,0.0,0.0,281.818632173955,-1.40863555669785,95.51860137647607,0.2845999861627179,32.2732971,1.00000009897534,1919.930744171142,1910.3059053421039,15.865361038595443,-49.11725064739579,-75.16721487045285,-64.8456899,-2.0,213.608291625977,-156.305572509766,482.206207275391,197.401000976562,73.7386643886566,84.8814487457275,0.401199997105601,1.32191385146892,0.125395816498234,0.15360000211853084,0.0,0.0,1.0,7.0,0.0,0.0,0.0,26050902.0,1.0,-3.7359704689112263,91.25705100989485,25.812255191802947,1.52531952381134
2026-05-09 17:24:45+00:00,USA,USA,-2.2000000896797,-1.99999998450727,0.0,-1.8500000657105002,-1.800000050089562,-2.00999997909372,-0.34461021764147803,-3.788146497424365,-0.9402306716854616,0.28896074178265374,5.576698339380025,3.041516534578882,3.020754680492746,0.6054105857321003,0.18999999852819033,-4.13290029578076,27.2529662132263,1.6134113359451299,1.0,110.999999673762,0.0,0.0,0.0,282.286281566048,-1.64100422859192,95.2853982276443,-0.8361999857318038,32.2732978,1.00000009897534,1919.958114624022,1910.142254829406,119.09384727478054,-58.781182020902506,-4.064104391727589,-64.8456944,-2.0,215.815673828125,-156.186645507812,482.867919921875,196.303009033203,73.483395576477,85.1060509681702,-0.04840000545474894,-0.918267600767734,-1.31383352423738,-0.5237999770527114,0.0,0.0,1.0,7.0,0.0,0.0,0.0,26050902.0,1.0,-4.272273422068681,91.2628191046489,25.635494613647452,1.6009922361373898
2026-05-09 17:24:46+00:00,USA,USA,-2.2000000896797,-1.99999998450727,0.0,-1.8500000657105002,-1.899999995954074,-1.90000003864276,-0.3443179068893425,-3.78726775089896,-0.9459731532301502,0.27386255526148784,8.50978305956402,3.0407020345203577,3.019941461094694,2.103442217647416,0.29999999767609,-2.4908489678892947,27.0685332298279,1.6552863693237299,1.0,110.999999673762,0.0,0.0,0.0,282.512060299252,-1.58020316362381,95.40119862087053,-0.5515999995690856,32.2732984,1.00000009897534,1919.885134696958,1910.224080085754,9.523293934762497,-60.41647754609569,-44.13078799843788,-64.8456989,-2.0,212.090469360352,-156.222351074219,483.414398193359,195.401000976562,73.4311819076538,85.047459602356,0.2771999884611971,0.795337215755609,0.577971888226948,0.5287999956902778,0.0,0.0,1.0,7.0,0.0,0.0,0.0,26050902.0,1.0,-2.3281411833209438,91.2679212559589,25.4429446220398,1.6550750970840462
2026-05-09 17:24:47+00:00,USA,USA,-2.2000000896797,-2.02999996826662,0.0,-1.8500000657105002,-1.99999998450727,-1.90000003864276,-0.3438796942251905,-3.78741374619247,-0.9506388341078449,0.2691894518891562,9.05510493601101,3.040702034520358,3.020754680492746,1.718920688721342,0.29999999767609,-0.39914257137183196,27.02824516296385,1.756002202033994,1.0,110.999999673762,0.0,0.0,0.0,284.558767465181,-1.73128706216812,95.89060079943161,-0.1846000002775682,32.2732994,1.00000009897534,1919.9763774871822,1910.2240800857562,133.76643806695915,-35.54691392928362,21.121704950928667,-64.8457036,-2.0,216.634826660156,-156.299530029297,484.215972900391,194.303009033203,73.5085368156433,84.6998155117035,0.1388000000453822,-0.496451125883613,0.301493941474472,0.579599991881668,0.0,0.0,1.0,7.0,0.0,0.0,0.0,26050902.0,1.0,-0.3149134235781433,91.35242094127571,25.281811237335198,1.742740223407744
2026-05-09 17:24:48+00:00,USA,USA,-2.2000000896797,-2.0199999736801697,0.0,-1.8500000657105002,-2.00999997909372,-1.90000003864276,-0.34461021764147803,-3.787560381816215,-0.9509977178600467,0.291477106202848,9.012552003708185,3.039887321018422,3.019941461094694,1.3622464950453597,0.28999999775355356,0.850264903369764,27.2214157104492,1.861425182819366,1.0,110.999999673762,0.0,0.0,0.0,275.121249202164,-1.8010632276535,96.72959391631927,-0.3968000025824922,32.2733001,1.00000009897534,1919.967246055602,1910.28769016266,-5.4984403774142,-41.184934787452235,-48.44132587313653,-64.8457086,-2.0,214.126693725586,-156.483978271484,484.82080078125,193.303009033203,73.4795331954956,84.8580121994019,0.19699999794035722,0.284861497030565,0.0106647584221731,1.0872000142031522,0.0,0.0,1.0,7.0,0.0,0.0,0.0,26050902.0,1.0,0.9127978785586809,91.5053044805627,25.3817190170288,1.842885968685152
2026-05-09 17:24:49+00:00,USA,USA,-2.2000000896797,-2.04999995743952,0.0,-1.8500000657105002,-1.9899999899208178,-1.90000003864276,-0.34417200497732603,-3.788146497424365,-0.9506388127635036,0.299385451405518,8.939527463083815,3.039887321018422,3.020212576916058,1.6338529637852919,0.28999999775355356,0.948576618570518,27.4596173286438,1.90607029438019,1.0,110.999999673762,0.0,0.0,0.0,294.51109074632,-1.92151973247528,97.57300070144866,-0.9643999897546405,32.2733016,1.00000009897534,1919.8668956756599,1910.187721252444,113.54868561029438,-80.58679476380354,-25.01142485998572,-64.8457138,-2.0,216.965469360352,-156.566314697266,485.548034667969,192.303009033203,73.5027372837067,84.8775446414948,0.09560000203421162,-0.176224963723559,-0.803892507938726,0.5085999833603149,0.0,0.0,1.0,7.0,0.0,0.0,0.0,26050902.0,1.0,0.9889928756018925,91.7065525893625,25.5498527526855,1.8988920593261738
2026-05-09 17:24:50+00:00,USA,USA,-2.2000000896797,-2.0199999736801697,0.0,-1.8500000657105002,-1.95000001157501,-1.90000003864276,-0.3440256094774205,-3.7882929196047,-0.9495621188182157,0.29075822879270424,8.989435228462275,3.041245034559374,3.0199415037833743,3.4706297005533258,0.29999999767609,1.62971995495354,27.70569820404055,2.0592841243743876,1.0,110.999999673762,0.0,0.0,0.0,280.691487036363,-1.92397856712341,98.36980100775747,-0.2844000096964035,32.2733028,1.00000009897534,1919.92166042328,1910.214972496032,78.42857986688624,34.58577021956442,2.222994028124958,-64.8457193,-2.0,216.70588684082,-156.530792236328,486.143371582031,191.303009033203,73.5530138015747,84.8619222640991,0.35819999957312876,0.339936087072728,0.838356628634406,1.1595998913392405,0.0,0.0,1.0,7.0,0.0,0.0,0.0,26050902.0,1.0,1.8430948938700038,91.93155268100111,25.70078859329225,2.0515182924270623
2026-05-09 17:24:51+00:00,USA,USA,-2.2000000896797,-2.0199999736801697,0.0,-1.8500000657105002,-1.99999998450727,-1.95000001157501,-0.3444643023892485,-3.7880000752440353,-0.9509977818930702,0.2871635429212088,9.011503142783765,3.040702034520358,3.0193994002066864,1.1581602155282475,0.249999998063408,2.26020948787383,28.01920080184935,2.172924256324766,1.0,110.999999673762,0.0,0.0,0.0,290.98731419124,-2.24553101062775,98.89439915111164,-0.02920000318890086,32.2733045,1.00000009897534,1919.95813846588,1910.260438919066,77.81309783458707,-74.91460836026816,-8.06367844343185,-64.8457252,-2.0,216.901519775391,-156.623916625977,486.622131347656,190.303009033203,73.6883819103241,84.9888682365418,-0.007799999992939161,-1.08104178758142,0.258857499436872,-0.22800000377001695,0.0,0.0,1.0,7.0,0.0,0.0,0.0,26050902.0,1.0,2.356891583971644,92.2043709270189,25.8260747909546,2.159917688369748
2026-05-09 17:24:52+00:00,USA,USA,-2.2000000896797,-1.99999998450727,0.0,-1.8500000657105002,-1.9200000278156601,-1.84000002843537,-0.344610204301265,-3.787414173079295,-0.9420252612012003,0.289320185823811,8.95791433232949,3.0401590344813423,3.0204836073600623,2.439135556626378,0.34000000270232056,1.73941684844876,28.13705921173095,2.3692510986328124,1.0,110.999999673762,0.0,0.0,0.0,286.887151632482,-2.17228503227234,99.22619881268822,-0.7633999982485704,32.2733062,1.00000009897534,1920.040249824524,1910.3604555129982,59.37936455011375,-33.78576496616007,-59.7737508825958,-64.8457313,-2.0,217.125732421875,-156.71110534668,487.068695068359,189.303009033203,73.4930694103241,84.5162272453308,0.6277999965242129,1.71244122976521,-0.853309300109739,0.8920000058968462,0.0,0.0,1.0,7.0,0.0,0.0,0.0,26050902.0,1.0,1.7386391673787318,92.4780907580072,25.83469562530515,2.3668909692764277
2026-05-09 17:24:53+00:00,USA,USA,-2.2000000896797,-1.99999998450727,0.0,-1.84000007112405,-1.880000049469856,-1.90000003864276,-0.343441481561039,-3.78931808831044,-0.9445376609100247,0.2889608431682744,8.954761346253886,3.041245034559374,3.018857296629998,2.692431414449008,0.29999999767609,2.038212811840225,28.312800979614252,2.361155462265016,1.0,110.999999673762,0.0,0.0,0.0,284.936586209309,-2.4909964799881,99.72620007880332,-0.5871999967319941,32.2733079,1.00000009897534,1919.958114624022,1910.29679775238,91.8325275182724,-52.964408695697784,21.345664979889985,-64.845738,-2.0,215.897369384766,-156.715942382812,487.603851318359,188.303009033203,73.2358694076538,84.1236650943756,-0.40320000456062777,-2.29423151390331,0.320091185882668,0.21019999751793997,0.0,0.0,1.0,7.0,0.0,0.0,0.0,26050902.0,1.0,2.244559005853074,92.74937221146175,25.910072994232202,2.359422712326052
2026-05-09 17:24:54+00:00,USA,USA,-2.2000000896797,-1.99999998450727,0.0,-1.8300000765376,-1.860000060296952,-1.90000003864276,-0.343149184149117,-3.787853866507115,-0.944896587350909,0.2936339358684356,12.32967563592035,3.04015882103793,3.0191283270740024,1.9958676987150699,0.29999999767609,1.936326933351995,28.4098394393921,2.433983273506164,1.0,110.999999673762,0.0,0.0,0.0,289.52374125589,-2.27820653915405,100.20120148651816,-0.234799999034927,32.2733098,1.00000009897534,1919.930744171142,1910.2695226669318,79.45557162165633,-21.395583637058724,-34.38434600830078,-64.8457444,-2.0,217.296661376953,-156.812347412109,487.820648193359,187.303009033203,73.3944416046142,84.9791049957275,0.581999986953878,2.28102897168109,0.288694593856691,0.8743999637713854,0.0,0.0,1.0,7.0,0.0,0.0,0.0,26050902.0,1.0,1.980579664951486,93.0371895528969,26.0365136146545,2.431517872810364
2026-05-09 17:24:55+00:00,USA,USA,-2.2000000896797,-1.99999998450727,0.0,-1.84000007112405,-1.8700000548834042,-1.9100000332292102,-0.3444643023892485,-3.787120901831805,-0.945614397543995,0.27601957702614566,15.98933453566915,3.040973534539866,3.019128369762682,1.1066617924735849,0.27999999783101714,1.988370947115085,28.6605191230774,2.614228534698486,1.0,110.999999673762,0.0,0.0,0.0,279.608355637782,-2.60940098762512,101.30779458489779,0.04679999962412984,32.273311,1.00000009897534,1919.91250514984,1910.2058887481683,113.88400048017517,-62.53329776227476,-19.31645218282938,-64.8457516,-2.0,214.925399780273,-156.903472900391,488.370697021484,186.303009033203,73.6322999000549,85.3169798851013,0.14780000024246925,-1.07611337920843,0.449051160508459,0.9120000057419174,0.0,0.0,1.0,7.0,0.0,0.0,0.0,26050902.0,1.0,2.064422969089062,93.33079547965366,26.04889726638795,2.6122251605987543
2026-05-09 17:24:56+00:00,USA,USA,-2.2000000896797,-2.0399999628530696,0.0,-1.8500000657105002,-1.890000044056308,-1.9100000332292102,-0.3443179068893425,-3.787414173079295,-0.9459733026405379,0.2842877397959426,16.958098685466148,3.0409735345398663,3.0193994002066864,-0.1281557071778194,0.2699999979084808,1.32431071425906,28.6259482383728,2.581129603385926,1.0,110.999999673762,0.0,0.0,0.0,286.213722301075,-2.61575889587402,102.1458014224694,-0.5313999792349948,32.2733126,1.00000009897534,1919.9398756027222,1910.34228801727,18.94662259146571,-32.08002897445112,-17.797529115341614,-64.8457589,-2.0,217.207748413086,-157.352554321289,476.261627197266,185.303009033203,73.6593782901764,84.9712908267975,0.1893999877539458,-0.0164835243086485,-1.04067344859594,1.3763999886975695,0.0,0.0,1.0,7.0,0.0,0.0,0.0,26050902.0,1.0,1.2141777558740143,93.64111146421484,26.03894777297975,2.5811235523223877
2026-05-09 17:24:57+00:00,USA,USA,-2.2000000896797,-2.02999996826662,0.0,-1.8300000765376,-1.8000000927782502,-1.90000003864276,-0.34461021764147803,-3.7881464974243704,-0.944896587350909,0.29866656865928876,16.7642399875746,3.040702034520358,3.0191283270740024,0.0988187767053478,0.29999999767609,0.9273019133272511,28.635457420349148,2.663187046051026,1.0,110.999999673762,0.0,0.0,0.0,278.722971876052,-2.62995572090149,103.84779850325319,-0.5133999895129912,32.2733138,1.00000009897534,1919.885134696958,1910.2513313293462,125.91100186109536,-45.19183826632798,-49.285321868956096,-64.8457662,-2.0,215.399719238281,-157.716796875,477.0029296875,184.303009033203,73.3248233795166,84.5377147197724,0.21619999587063615,0.18281096029053,0.193177093037134,1.5181999559027899,0.0,0.0,1.0,7.0,0.0,0.0,0.0,26050902.0,1.0,0.9251350144687229,93.9530974300281,25.985308742523202,2.662472076416016
2026-05-09 17:24:58+00:00,USA,USA,-2.2000000896797,-2.04999995743952,0.0,-1.8500000657105002,-1.8100000873647002,-1.9100000332292102,-0.3454871232174575,-3.7872673240121397,-0.944896587350909,0.2911175714482412,16.849874338067252,3.0407018210769463,3.0199415037833743,-0.4371461968140215,0.28999999775355356,0.9309912826961151,28.662663173675547,2.6630950784683223,1.0,110.999999673762,0.0,0.0,0.0,284.072239430223,-2.66864604949951,105.302799551195,0.13620000215993627,32.2733153,1.00000009897534,1919.9307680129998,1910.2240562438978,74.4944529607892,-31.237571686506282,15.657300874590874,-64.8457737,-2.0,217.166381835938,-157.985992431641,477.642333984375,183.401000976562,73.6961185932159,85.0337862968445,0.20980000323064982,-0.00231298348977715,0.749986734018282,1.6109999645754356,0.0,0.0,1.0,7.0,0.0,0.0,0.0,26050902.0,1.0,0.8394781670404639,94.30148488902296,26.002857685089097,2.663075380325316
2026-05-09 17:24:59+00:00,USA,USA,-2.2000000896797,-2.04999995743952,0.0,-1.8500000657105002,-1.890000044056308,-1.95000001157501,-0.3447566131413835,-3.78770744432678,-0.944537682254366,0.2932744971633634,16.6507623709304,3.04178803459839,3.018857296629998,-2.859097421707428,0.2299999982183356,-0.096366778813953,28.595837116241448,2.705353088378906,1.0,110.999999673762,0.0,0.0,0.0,282.569379246766,-2.68185496330261,107.04419862726279,-0.06479998834561722,32.2733166,1.00000009897534,1919.93989944458,1910.260462760926,66.8834656476974,-42.14170146733519,-52.548760920763016,-64.8457812,-2.0,216.09846496582,-158.238739013672,478.264831542969,182.401000976562,73.4659910202026,84.727156162262,0.3027999963737396,0.0945933041877032,-0.542343487082046,1.835599913850342,0.0,0.0,1.0,7.0,0.0,0.0,0.0,26050902.0,1.0,-0.49679703494443483,94.67365848180235,25.89889011383055,2.70326238155365
2026-05-09 17:25:00+00:00,USA,USA,-2.2000000896797,-2.04999995743952,0.0,-1.8500000657105002,-1.8500000657105002,-1.95000001157501,-0.34402560947742,-3.786828057471145,-0.93305271916499,0.2727843191875512,16.726415253724753,3.0409735345398663,3.019128327074002,-2.824765219712262,0.249999998063408,-1.566880453681275,28.41597032546995,2.608798284530638,1.0,110.999999673762,0.0,0.0,0.0,279.919019961991,-2.69610757827759,109.0127971158818,-0.26940000180847135,32.2733177,1.00000009897534,1919.948983192442,1910.2059125900262,96.23583555221565,-27.048067934811133,92.37678088247773,-64.8457889,-2.0,215.818023681641,-158.455657958984,479.033874511719,181.401000976562,73.7019181251526,85.0376963615418,-0.05599999663135652,-0.646614275529372,-0.242625688276469,1.8983998747306121,0.0,0.0,1.0,7.0,0.0,0.0,0.0,26050902.0,1.0,-2.062178910437254,95.04257407434764,25.77081871032715,2.5882285737991326
2026-05-09 17:25:01+00:00,USA,USA,-2.2000000896797,-2.04999995743952,0.0,-1.8500000657105002,-1.8900000440563083,-1.989999989920816,-0.345340727717552,-3.787120901831805,-0.9445375541883193,0.27494124490267363,16.49315404828505,3.041245034559374,3.018857296629998,-4.7153290958845515,0.16999999868311777,-3.36757108925678,28.31207399368285,2.547764039039614,1.0,110.999999673762,0.0,0.0,0.0,278.1534433823,-2.47771246433258,110.633599639888,0.4770000011074599,32.2733185,1.00000009897534,1919.9672222137458,1910.2967977523779,88.18216025829318,24.651426449418118,22.650599852204323,-64.8457963,-2.0,216.037963867188,-158.596435546875,480.015777587891,180.401000976562,73.4137833118439,84.6607565879822,0.5649999982913455,1.44101410118225,1.13713332875798,1.625599963501844,0.0,0.0,1.0,7.0,0.0,0.0,0.0,26050902.0,1.0,-4.147770855575663,95.40787308172744,25.79200859069825,2.505384664535522
2026-05-09 17:25:02+00:00,USA,USA,-2.2000000896797,-2.04999995743952,0.0,-1.8700000548834042,-1.93000002240211,-2.099999973060458,-0.3447561195534945,-3.78712132871863,-0.9506388341078449,0.28716335615822397,16.663370046364548,3.041245034559374,3.0180444187414004,-6.606274566188036,0.07999999938029065,-4.902918960778485,28.26317539215085,2.434477229118348,1.0,110.999999673762,0.0,0.0,0.0,276.059580590341,-2.60080268383026,112.19740013715682,0.6294000056898854,32.2733191,1.00000009897534,1919.9307441711421,1910.2786540985082,73.04763197898862,13.086366280913364,-42.55568906664847,-64.8458039,-2.0,214.125442504883,-158.514434814453,480.864593505859,179.401000976562,73.5955595970154,84.9810540676117,-0.06079999844846373,-1.44371341328658,0.448934513684039,1.2025999982614604,0.0,0.0,1.0,7.0,0.0,0.0,0.0,26050902.0,1.0,-5.681637878052288,95.74790721936739,25.773857975006102,2.36032723903656
2026-05-09 17:25:03+00:00,USA,USA,-2.2000000896797,-2.0799999411988757,0.0,-1.90000003864276,-1.94000001698856,-1.9200000278156621,-0.345194825805535,-3.786974906538295,-0.9502798863226193,0.29147701548939847,16.660745546176,3.04178803459839,3.018586266185994,-7.664471761561972,0.27999999783101737,-6.8265941426318,27.9273971557617,2.1536290025711082,1.0,110.999999673762,0.0,0.0,0.0,273.152214947476,-2.19585950374603,113.4717973230654,-0.30279999904178234,32.2733196,1.00000009897534,1919.9125289916979,1910.187697410584,65.73717296123505,108.16266685724263,-42.60385781526564,-64.8458107,-2.0,216.109176635742,-158.448776245117,481.737060546875,178.401000976562,73.6748456954956,84.664660692215,0.184600000277568,0.695433426148008,-1.57829300609328,1.453999891620032,0.0,0.0,1.0,7.0,0.0,0.0,0.0,26050902.0,1.0,-7.739376141000657,96.0729798276304,25.77529821395875,2.068222060203552
2026-05-09 17:25:04+00:00,USA,USA,-2.2000000896797,-2.069999946612424,0.0,-1.8900000440563083,-1.9100000332292102,-1.90000003864276,-0.3450484169654165,-3.78624194186299,-0.9502798863226193,0.2903986033246474,16.460583437454147,3.04015882103793,3.019399400206686,-5.614453234545646,0.28999999775355356,-7.963817437787744,27.74830541610715,1.996846718788148,1.0,110.999999673762,0.0,0.0,0.0,274.606635429339,-2.06750550270081,114.6688030015262,0.18659999372537084,32.2733198,1.00000009897534,1919.976377487184,1910.3422880172718,61.647460609674525,36.90044693648806,-34.62411762448027,-64.8458171,-2.0,214.229553222656,-158.237655639648,482.586669921875,177.401000976562,73.3944416046142,84.8970770835876,0.1983999999572246,-0.0488240197964626,1.13972495866117,1.181399934179217,0.0,0.0,1.0,7.0,0.0,0.0,0.0,26050902.0,1.0,-8.75735351131488,96.3714181132249,25.75513315200805,1.9126049280166622
2026-05-09 17:25:05+00:00,USA,USA,-2.2000000896797,-2.0799999411988757,0.0,-1.90000003864276,-1.9400000169885618,-1.960000006161464,-0.345194332217646,-3.78609551968266,-0.9499210025704177,0.29003906857004,16.30087483163905,3.041245034559374,3.0183156626288183,-7.256680354430877,0.2299999982183356,-8.745391715644075,27.687829971313448,1.8814825487136857,1.0,110.999999673762,0.0,0.0,0.0,261.769076318246,-1.95559773445129,116.09479623606299,0.8979999749010729,32.2733193,1.00000009897534,1919.91250514984,1910.305905342102,103.00733447074899,-22.52180594950914,-4.707679021521487,-64.8458235,-2.0,213.269287109375,-158.407958984375,483.246398925781,176.401000976562,73.2900142669678,84.8834037780762,0.12619999856884118,-0.186802712272513,0.835406787325754,1.1895999658120437,0.0,0.0,1.0,7.0,0.0,0.0,0.0,26050902.0,1.0,-9.602581224876948,96.67303926697265,25.797547245025648,1.8148583006858818
2026-05-09 17:25:06+00:00,USA,USA,-2.2000000896797,-2.089999935785328,0.0,-1.90000003864276,-1.9899999899208178,-2.089999935785328,-0.34592484229372,-3.786388364043325,-0.9499210452591,0.2907581327431692,16.62554531251465,3.04178803459839,3.018857296629998,-9.397488573348044,0.10999999914789964,-10.565881735602115,27.34087314605715,1.50337924718857,1.0,110.999999673762,0.0,0.0,0.0,262.089548794103,-1.65138459205627,116.66280023159261,0.08780000337529373,32.2733186,1.00000009897534,1919.9672460556042,1910.2968215942383,48.32892529666428,-65.56877382099631,-94.61837932467458,-64.8458294,-2.0,213.029067993164,-158.099716186523,471.315612792969,175.401000976562,73.5394775867462,85.0298821926117,0.012000000040445729,-0.0908940964115868,-1.58468190100988,0.4028000062712739,0.0,0.0,1.0,7.0,0.0,0.0,0.0,26050902.0,1.0,-11.639802965596441,96.9673999296327,25.8175312042236,1.4342646002769481
2026-05-09 17:25:07+00:00,USA,USA,-2.2000000896797,-2.09999993037178,0.0,-1.90000003864276,-1.970000000747914,-2.09999993037178,-0.345633025129474,-3.78594931094574,-0.9499209385373939,0.29722862707601594,15.7592280238524,3.040973534539866,3.0183154491854043,-7.658749514452699,0.0999999992253633,-12.39380727024535,27.1835952758789,1.22021196126938,1.0,110.999999673762,0.0,0.0,0.0,247.531328427301,-1.33715307712555,117.3300004304762,0.3583999933817207,32.2733168,1.00000009897534,1919.9307203292822,1910.3149890899658,56.76841903477913,-18.469596933573467,-13.925657980144038,-64.8458347,-2.0,209.943344116211,-158.054275512695,471.709777832031,174.29899597168,73.342227935791,84.7564578056336,0.20419999916524367,0.196495444395849,0.954987124632545,0.6315999615967789,0.0,0.0,1.0,7.0,0.0,0.0,0.0,26050902.0,1.0,-13.213617544717,97.20327368242995,25.9532166481018,1.134816627502442
2026-05-09 17:25:08+00:00,USA,USA,-2.2000000896797,-2.09999993037178,0.0,-1.90000003864276,-1.99999998450727,-2.12999991413113,-0.345340727717552,-3.786535213110475,-0.9499209385373939,0.29615011886173,14.6228728030512,3.041245034559374,3.01831523574199,-9.374218972619456,0.06999999945775434,-13.7719264282292,27.08098812103275,0.8784872996807097,1.0,110.999999673762,0.0,0.0,0.0,238.280629498463,-1.03914957046509,117.6185977795144,0.7253999953412809,32.2733142,1.00000009897534,1920.031094551086,1910.2967739105238,96.90264090895658,-23.40323631069621,-64.47852849960327,-64.8458397,-2.0,207.646011352539,-157.563507080078,471.973052978516,173.401000976562,73.4717965126038,83.9928150177002,-0.028399999940085734,-0.313460966508863,0.0793327272509774,0.2315999951276873,0.0,0.0,1.0,7.0,0.0,0.0,0.0,26050902.0,1.0,-14.40877514474324,97.40773881032891,26.161709690094,0.815328240394592
2026-05-09 17:25:09+00:00,USA,USA,-2.2000000896797,-2.09999993037178,0.0,-1.9100000332292102,-2.0399999628530696,-2.099999973060458,-0.345194825805535,-3.786388790930145,-0.9502798863226193,0.2364774668146552,10.08691386628133,3.04178803459839,3.018857552762092,-9.700756997968886,0.09999999922536328,-14.576148332712851,26.82038640975955,0.3463026344776152,1.0,110.999999673762,0.0,0.0,0.0,223.649626635865,-0.529936641454697,117.76900127711399,0.966600015030641,32.2733107,1.00000009897534,1919.95813846588,1910.433173179626,18.817679770290844,-68.77072639763357,-68.7620148062706,-64.8458436,-2.0,206.557586669922,-157.259063720703,472.168701171875,172.29899597168,73.1546461582184,84.8150491714478,0.021200004051284603,0.0954758793543026,0.308841197308995,0.1608000020093964,0.0,0.0,1.0,7.0,0.0,0.0,0.0,26050902.0,1.0,-14.90133662730492,97.5847226721022,26.424691486358647,0.3264800745248796
2026-05-09 17:25:10+00:00,USA,USA,-2.2000000896797,-2.089999935785328,0.0,-1.95000001157501,-2.04999995743952,-1.9899999899208178,-0.3463635485457615,-3.78624194186299,-0.9502798863226193,0.19046440069894102,7.9586811355318945,3.0407020345203577,3.018315577251452,-10.64146119386292,0.199999998450727,-15.2783716072261,26.7202408790588,0.11855603953823449,1.0,110.999999673762,0.0,0.0,0.0,214.236068676457,-0.24491950571537,118.3170010146022,0.1726000009041328,32.2733062,1.00000009897534,1920.021986961364,1910.3058815002441,79.6801686286926,-42.92464144527918,-57.52466544508932,-64.845847,-2.0,204.983093261719,-156.621490478516,472.163177490234,171.29899597168,73.291951417923,85.0142598152161,0.16879999847896981,-0.336278947659009,-0.88776643053369,0.39559998637008775,0.0,0.0,1.0,7.0,0.0,0.0,0.0,26050902.0,1.0,-15.425863736691678,97.74693624979545,26.5838610649109,0.11178461965173467
2026-05-09 17:25:11+00:00,USA,USA,-2.2000000896797,-2.0399999628530696,0.0,-1.95000001157501,-2.02999996826662,-1.970000000747914,-0.3454871232174575,-3.7865347862236547,-0.9502798863226193,0.19801340057803163,8.37371459223996,3.041245034559374,3.018315449185404,-7.474118316752491,0.199999998450727,-15.519179317925001,26.863192749023398,0.15350421667098998,1.0,110.999999673762,0.0,0.0,0.0,204.154204027519,0.142470534145832,118.4467964654378,0.030600004538757563,32.2733016,1.00000009897534,1919.9216127395598,1910.242247581482,59.21316593885422,-69.43854801356801,-47.85595387220381,-64.8458494,-2.0,204.605392456055,-155.769897460938,472.14453125,170.29899597168,73.6342370510101,84.998631477356,0.34320000502540954,0.558034299235417,0.094438491013254,0.406999982973407,0.0,0.0,1.0,7.0,0.0,0.0,0.0,26050902.0,1.0,-15.573582969947239,97.90425599694835,26.718882179260248,0.14538626968860618
2026-05-09 17:25:12+00:00,USA,USA,-2.2000000896797,-2.04999995743952,0.0,-1.95000001157501,-2.04999995743952,-2.0199999736801697,-0.345194825805535,-3.7852169866006653,-0.9499210452591,0.1911832807771276,7.806850726037565,3.04015882103793,3.018315449185404,-7.711773809772072,0.16999999868311777,-15.11428655770025,27.22391080856325,0.2667463812232018,1.0,110.999999673762,0.0,0.0,0.0,205.202788329278,0.148581531643867,118.8601977630668,0.748999995798797,32.2732965,1.00000009897534,1920.012855529788,1910.351371765136,66.30396693944934,8.362535387277617,-32.84494690597058,-64.8458519,-2.0,204.054565429688,-155.188018798828,472.165588378906,169.29899597168,73.756068944931,84.9634766578674,-0.17780000134409962,-1.07154099444593,0.763996625944741,0.012600002143551592,0.0,0.0,1.0,7.0,0.0,0.0,0.0,26050902.0,1.0,-15.175348107370718,98.06793465021855,27.01617307662965,0.256539387702942
2026-05-09 17:25:13+00:00,USA,USA,-2.2000000896797,-2.04999995743952,0.0,-1.960000006161462,-2.04999995743952,-2.0799999411988757,-0.34607123779362603,-3.78653521311048,-0.9506388981408682,0.2084381102008956,9.41340257260471,3.0415165345788817,3.0183153638080378,-8.015423700458056,0.10999999914789964,-15.271270771810201,27.8527467727661,0.5420483493804932,1.0,110.999999673762,0.0,0.0,0.0,195.427298645751,0.479072678089142,118.68359912396241,0.7343999968723892,32.2732913,1.00000009897534,1919.976353645324,1910.1786136627197,43.57857117429375,-55.04589583724735,-54.44982759654522,-64.8458536,-2.0,203.873336791992,-154.535446166992,459.814788818359,168.29899597168,73.6593782901764,84.9712908267975,0.3149999975598944,0.825996600918474,-0.120796391123532,-0.07840000088678863,0.0,0.0,1.0,7.0,0.0,0.0,0.0,26050902.0,1.0,-15.79790311625392,98.23814637942979,27.359249496459952,0.5220663750171661
2026-05-09 17:25:14+00:00,USA,USA,-2.190000052404566,-2.04999995743952,0.0,-1.979999995334364,-2.11999996223336,-2.149999988681398,-0.345633025129474,-3.78638836404332,-0.9517156134304974,0.21203298283537597,10.50982850751795,3.0409735345398663,3.018857296629998,-8.00893877735059,0.019999999845072662,-16.16188475089755,28.2706787109375,0.7345925581455228,1.0,110.999999673762,0.0,0.0,0.0,195.279684597408,0.584933513402939,118.7184003038218,0.7421999875271792,32.2732854,1.00000009897534,1919.976377487182,1910.2785825729359,70.87494432926178,-22.341517917811878,-88.2640719413757,-64.8458551,-2.0,203.235549926758,-154.078460693359,459.922607421875,167.29899597168,73.783141374588,84.9693357944489,0.04520000571632595,-0.65210238588833,0.214622526329225,-0.2115999888626368,0.0,0.0,1.0,7.0,0.0,0.0,0.0,26050902.0,1.0,-16.60051932864102,98.37026614363995,27.6333446502686,0.6888196742534638
2026-05-09 17:25:15+00:00,USA,USA,-2.14999990330403,-2.04999995743952,0.0,-2.0399999628530696,-2.0799999411988734,-1.9300000224021123,-0.34680176120991346,-3.786388790930145,-0.9520745612157228,0.2159872034614784,10.5108795028765,3.041245034559374,3.0188572966299985,-7.685452651277051,0.20999999837326286,-15.86725600331255,28.963248252868652,1.2404652571678179,1.0,110.999999673762,0.0,0.0,0.0,183.791825507824,1.08152976036072,117.9332017568368,0.19900000272734128,32.2732789,1.00000009897534,1919.9490070343,1910.260438919068,10.739379515871404,-63.51211071014404,-41.727184876799576,-64.8458557,-2.0,202.204086303711,-153.631546020508,459.696594238281,166.29899597168,73.460191488266,84.9634766578674,-0.011599999750059608,0.0575768471868745,-1.12047353687696,-0.8429999673229958,0.0,0.0,1.0,7.0,0.0,0.0,0.0,26050902.0,1.0,-16.611346203003883,98.4813386799227,27.82512645721435,1.181894545555116
2026-05-09 17:25:16+00:00,USA,USA,-2.14999990330403,-2.04999995743952,0.0,-1.99999998450727,-2.04999995743952,-1.9100000332292102,-0.3459253358816095,-3.786388790930145,-0.9520744971826993,0.20124874379399021,10.5912610110106,3.041245034559374,3.018857296629998,-6.365567173892562,0.249999998063408,-15.45678297853595,29.1317321777344,1.106848161220551,1.0,110.999999673762,0.0,0.0,0.0,178.86096168183,1.25780228376389,117.75339839297399,0.6369999998680412,32.2732725,1.00000009897534,1919.939851760862,1910.233139991762,163.62095177173612,-15.013522049412126,-30.302966386079795,-64.8458553,-2.0,201.259170532227,-152.637405395508,472.119201660156,165.29899597168,73.5858917236328,84.7193479537964,0.4946000098823859,0.86466182156224,0.905568678275093,0.11460001649456437,0.0,0.0,1.0,7.0,0.0,0.0,0.0,26050902.0,1.0,-15.96881084174164,98.56773032763965,28.023472595214848,1.0632107019424448
2026-05-09 17:25:17+00:00,USA,USA,-2.14999990330403,-2.04999995743952,0.0,-2.0199999736801697,-2.09999993037178,-1.9899999899208178,-0.3463635485457615,-3.786535213110475,-0.9509977818930702,0.210954570670625,7.367124427932614,3.0417882480418017,3.0180444187414004,-7.087689436156346,0.16999999868311777,-14.72757234595155,29.46379222869875,1.1085127186775199,1.0,110.999999673762,0.0,0.0,0.0,179.051728865348,1.01733108758926,117.2495981756424,0.22840000105885508,32.2732669,1.00000009897534,1919.8942899703998,1910.351371765136,-14.684659987688118,8.488971740007376,-54.941510409116766,-64.845855,-2.0,200.64860534668,-152.035736083984,459.661224365234,164.29899597168,73.4137833118439,84.8130941390991,-0.04239999476235555,-1.17867144436053,-0.69609099193818,-0.9066000154954231,0.0,0.0,1.0,7.0,0.0,0.0,0.0,26050902.0,1.0,-15.36972094775202,98.6748550145821,28.419514274597148,1.0826103472709667
2026-05-09 17:25:18+00:00,USA,USA,-2.14999990330403,-2.04999995743952,0.0,-1.99999998450727,-2.04999995743952,-1.9899999899208178,-0.345486629629568,-3.78624194186299,-0.9524333809349009,0.2023270599092058,2.884750406274719,3.041245034559374,3.019128327074002,-5.973416387696606,0.1599999987605814,-15.3914872238443,29.7643850326538,0.9913420057296751,1.0,110.999999673762,0.0,0.0,0.0,175.746245156142,1.09952319860458,116.77959919847558,-0.07260000071994159,32.2732616,1.00000009897534,1919.9216365814202,1910.351371765136,112.68298327922825,14.391849189996725,-48.97518306970596,-64.8458543,-2.0,200.137908935547,-151.032012939453,484.334625244141,163.29899597168,73.5356092453003,84.8697304725647,0.35119999499162946,0.813054833184328,-0.374720292844472,-0.08659999316598602,0.0,0.0,1.0,7.0,0.0,0.0,0.0,26050902.0,1.0,-15.97722324423288,98.7595869263307,28.78123741149905,0.9492526209354404
2026-05-09 17:25:19+00:00,USA,USA,-2.14999990330403,-2.04999995743952,0.0,-2.0199999736801697,-2.089999935785326,-2.069999946612426,-0.346071251133839,-3.786974479651475,-0.9517156134304974,0.211314108093275,1.78884884846285,3.040430449123486,3.018315449185404,-7.162076087255949,0.08999999930282701,-15.182060817286999,30.2450300216675,1.0032514858245842,1.0,110.999999673762,0.0,0.0,0.0,180.615678260741,0.971723985671997,116.7445985770928,0.5817999904772437,32.2732561,1.00000009897534,1919.9490070343022,1910.342264175414,64.65976610779762,-44.64696673676372,-6.614591181278234,-64.845854,-2.0,199.313995361328,-150.242935180664,459.123870849609,162.29899597168,73.2416689395904,84.8033308982849,0.04140000270752887,-0.420709530671329,1.04304117636041,0.003600000445690642,0.0,0.0,1.0,7.0,0.0,0.0,0.0,26050902.0,1.0,-15.730310198189619,98.8248152329043,29.29075756073,0.9667964458465574
2026-05-09 17:25:20+00:00,USA,USA,-2.14999990330403,-2.04999995743952,0.0,-2.0399999628530696,-2.11999991954468,-2.11999991954468,-0.34592484229372,-3.78668163529081,-0.9524334449679246,0.2131114990537904,2.292144784390165,3.0409735345398663,3.018315363808038,-7.462292783355624,0.02999999976760902,-15.435961146851149,30.59879150390625,0.9629617667198183,1.0,110.999999673762,0.0,0.0,0.0,179.108856567566,0.989133560657501,116.8395983122206,0.5376000007447517,32.2732508,1.00000009897534,1919.93989944458,1910.187721252442,83.19979235529901,-63.464914169162455,-75.3675565123558,-64.8458536,-2.0,199.018981933594,-149.644882202148,458.700439453125,161.401000976562,73.7154543399811,85.6665730476379,0.20540000203743417,0.142096762937039,0.0508236110368368,0.17359999929556097,0.0,0.0,1.0,7.0,0.0,0.0,0.0,26050902.0,1.0,-15.9639583338458,98.8902586904368,29.6702270507812,0.92260662317276
2026-05-09 17:25:21+00:00,USA,USA,-2.14999990330403,-2.04999995743952,0.0,-2.0199999736801697,-2.12999991413113,-2.159999940579164,-0.3459253358816095,-3.786974479651475,-0.9517156134304974,0.21814413451268638,2.17551620938273,3.0415165345788817,3.018586479629408,-6.454068069402531,0.0,-15.45807473806275,30.897288322448752,1.0128531718254095,1.0,110.999999673762,0.0,0.0,0.0,181.501526475335,0.983378291130066,116.93740115698381,0.15659999729281499,32.2732453,1.00000009897534,1919.88513469696,1910.27865409851,55.70392981171606,-25.83069130778309,-25.839343387633573,-64.8458535,-2.0,198.362945556641,-148.710678100586,458.228668212891,160.401000976562,73.4717965126038,75.135737657547,0.10360000050481724,-0.131505994339979,-0.604788971816564,-0.08059999881535376,0.0,0.0,1.0,7.0,0.0,0.0,0.0,26050902.0,1.0,-15.993967794492642,98.9526080722753,29.9337650299072,0.9705375909805294
2026-05-09 17:25:22+00:00,USA,USA,-2.14999990330403,-2.069999946612424,0.0,-2.04999995743952,-2.13999990871758,-2.009999979093716,-0.345633025129474,-3.786974479651475,-0.9520745612157228,0.2152684247689128,2.18024451455738,3.041245034559374,3.018586266185994,-6.485348799008628,0.13999999891550888,-15.48905818368525,31.1139833450317,0.9804867625236511,1.0,110.999999673762,0.0,0.0,0.0,175.957093095821,1.00234322547913,116.6713980737198,0.2183999998022974,32.2732399,1.00000009897534,1919.93074417114,1910.242247581482,62.66000270843507,-49.02407154440878,-51.2924984097481,-64.8458531,-2.0,197.752868652344,-147.947830200195,457.973541259766,159.401000976562,73.574286699295,63.1752669811249,0.12940000022491968,0.002951627646579,-0.141895485799936,-0.19779998939142115,0.0,0.0,1.0,7.0,0.0,0.0,0.0,26050902.0,1.0,-16.0367900070035,99.01107790666521,30.16643142700195,0.9406998610496521
2026-05-09 17:25:23+00:00,USA,USA,-2.14999990330403,-2.04999995743952,0.0,-2.02999996826662,-2.1499999459927137,-2.0099999790937177,-0.3463635485457615,-3.786974479651475,-0.9513566656452721,0.20052995976533902,2.12245375038137,3.040973534539866,3.0185862661859937,-6.553631736933809,0.1499999988380451,-15.29405201401315,31.3315984725952,1.0080041456222546,1.0,110.999999673762,0.0,0.0,0.0,182.042081306628,0.97839024066925,116.5743984592028,0.8960000101347287,32.2732344,1.00000009897534,1919.9398756027217,1910.260438919068,90.76491594314561,-13.405846431851382,-32.76357166469099,-64.8458529,-2.0,197.164642333984,-147.289245605469,457.362609863281,158.401000976562,73.5027372837067,52.0467936992645,0.09280000066851937,0.0304622168114337,1.09636254221999,-0.2095999854096743,0.0,0.0,1.0,7.0,0.0,0.0,0.0,26050902.0,1.0,-15.79049987421254,99.06227358958901,30.3809532165527,0.9707927656173709
2026-05-09 17:25:24+00:00,USA,USA,-2.14999990330403,-2.0799999411988757,0.0,-2.089999935785328,-2.129999956819814,-2.09999993037178,-0.34621715304585554,-3.786828057471145,-0.9517155493974737,0.2149087912967274,1.83087916457246,3.041516534578882,3.018586266185994,-7.5889407122669414,0.0499999996126817,-15.27976838091135,31.58591136932375,1.169069037437438,1.0,110.999999673762,0.0,0.0,0.0,177.061316118558,1.11645083427429,116.2149993692282,0.6921999932505829,32.2732286,1.00000009897534,1919.9854850769038,1910.1695299148537,35.76864681672299,-70.0609065592289,-59.55566987395288,-64.8458525,-2.0,196.619705200195,-146.731903076172,456.847412109375,157.29899597168,73.2958197593689,47.8555530309677,0.1846000016115894,0.0246345846857452,-0.540279382570527,-0.4139999957257873,0.0,0.0,1.0,7.0,0.0,0.0,0.0,26050902.0,1.0,-15.95497253697376,99.11167293276111,30.4794834136963,1.126073312759398
2026-05-09 17:25:25+00:00,USA,USA,-2.14999990330403,-2.089999935785328,0.0,-2.0799999411988757,-2.14999990330403,-2.14999990330403,-0.346801761209913,-3.786828057471145,-0.9520745612157228,0.20520305780158496,1.5781803613328251,3.040701821076946,3.018586266185994,-7.3306857955974225,0.01999999984507268,-15.23373888232095,31.665927886962848,1.2283755540847778,1.0,110.999999673762,0.0,0.0,0.0,177.422879012462,1.16221565008163,115.82279897878361,0.29740000345920276,32.2732225,1.00000009897534,1919.958138465882,1910.187673568726,42.47381379827856,-38.5862186551094,-53.1478576362133,-64.8458518,-2.0,195.986602783203,-146.121246337891,456.49169921875,156.401000976562,73.6497044563294,47.5508779287338,-0.029399999665535158,-0.594740803052123,-0.543595546134274,-0.3563999939308219,0.0,0.0,1.0,7.0,0.0,0.0,0.0,26050902.0,1.0,-15.79786964832698,99.14238487836411,30.51529712677,1.1791777038574238
2026-05-09 17:25:26+00:00,USA,USA,-2.14999990330403,-2.0799999411988757,0.0,-2.0799999411988757,-2.159999940579164,-2.14999990330403,-0.3466553657100075,-3.78609551968266,-0.9520745612157228,0.19801340324607422,0.2574253141556045,3.04178803459839,3.01831523574199,-6.85575576335921,0.0,-15.0609453416034,31.786489105224597,1.2673632001876842,1.0,110.999999673762,0.0,0.0,0.0,172.41003925605,1.32174271345139,115.83280110780399,0.375399998052509,32.2732166,1.00000009897534,1919.8942661285396,1910.114979743958,84.07860239967704,-39.53619822859764,-52.88213863968848,-64.8458508,-2.0,195.410781860352,-145.395523071289,456.145935058594,155.29899597168,72.9670643806458,44.1428065299988,0.24920000415274282,0.787578867910415,0.350613940581706,0.1810000083362632,0.0,0.0,1.0,7.0,0.0,0.0,0.0,26050902.0,1.0,-15.73658509298014,99.16965782371994,30.55139408111575,1.223947505950926
2026-05-09 17:25:27+00:00,USA,USA,-2.14999990330403,-2.089999935785328,0.0,-2.089999935785328,-2.159999940579164,-2.14999990330403,-0.34607123779362603,-3.78726775089896,-0.9513567296782955,0.21526832605133478,-4.414076772351975,3.0415165345788817,3.01831523574199,-6.950741752731385,-0.00999999992253634,-14.7045964433573,31.73025112152095,1.17637601852417,1.0,110.999999673762,0.0,0.0,0.0,173.6822029701,1.16781642436981,115.4085999150598,0.5158000059295429,32.2732109,1.00000009897534,1919.9489831924438,1910.3059291839577,71.43011987209317,-48.27902987599372,-30.60251940041771,-64.8458499,-2.0,194.6787109375,-145.034698486328,468.501647949219,154.401000976562,73.7657368183136,44.3674087524414,-0.06039999832483004,-0.714911684917856,0.0859762868380049,-0.69699997005479,0.0,0.0,1.0,7.0,0.0,0.0,0.0,26050902.0,1.0,-15.196593069274602,99.19990190136474,30.602372360229502,1.1396324586868283
2026-05-09 17:25:28+00:00,USA,USA,-2.14999990330403,-2.069999946612424,0.0,-2.09999993037178,-2.099999930371778,-2.1699999778542978,-0.34607123779362603,-3.78726775089896,-0.9517156134304974,0.213470937758862,-4.680433232528134,3.0415165345788817,3.018586266185994,-7.003003115920464,-0.01999999984507268,-14.48262810193655,31.76279640197755,1.10590576171875,1.0,110.999999673762,0.0,0.0,0.0,173.090558323815,1.18031905889511,115.29859835243902,0.5555999984708833,32.2732055,1.00000009897534,1919.92166042328,1910.1877450943,46.84075303375714,-54.916151240468025,-76.0711891576648,-64.8458488,-2.0,194.395492553711,-144.170593261719,468.341247558594,153.29899597168,73.1817185878754,44.1115587949753,0.4081999965177682,1.00510086290316,-0.0188454357401507,0.2201999974404762,0.0,0.0,1.0,7.0,0.0,0.0,0.0,26050902.0,1.0,-15.08344244793688,99.23049431865725,30.670506477356,1.0768332982063291
2026-05-09 17:25:29+00:00,USA,USA,-2.14999990330403,-2.089999935785328,0.0,-2.09999993037178,-2.1599999832678476,-2.0699999466124215,-0.34621715304585554,-3.786974479651475,-0.9513567296782955,0.20448408434190618,-4.682009725565935,3.04178803459839,3.01750278474022,-7.537823576518562,0.07999999938029065,-14.35666660703685,31.6406301498413,1.100448796749116,1.0,110.999999673762,0.0,0.0,0.0,177.345861799381,1.01160135269165,114.7354014440474,0.4975999957185209,32.2731999,1.00000009897534,1919.967222213744,1910.196781158448,83.65531116724017,-17.332781199365858,-14.772916212677961,-64.8458483,-2.0,193.276092529297,-143.769012451172,467.989807128906,152.29899597168,69.0220654010773,44.2287415266037,-0.255999997750126,-1.51755736316794,0.0566841201180127,-1.1367999621656264,0.0,0.0,1.0,7.0,0.0,0.0,0.0,26050902.0,1.0,-14.84456921756564,99.2599153585071,30.6162528991699,1.0660740995407116
2026-05-09 17:25:30+00:00,USA,USA,-2.14999990330403,-2.09999993037178,0.0,-2.09999993037178,-2.0699999466124237,-2.04999995743952,-0.3463635485457615,-3.786974479651475,-0.9513567296782955,0.20700035004452264,-5.31086545589242,3.040973534539866,3.0180444187414004,-5.98333450539038,0.0999999992253633,-14.400985570126949,31.6772747039795,1.151864662170408,1.0,110.999999673762,0.0,0.0,0.0,169.792970313289,1.24625644683838,114.453601499271,0.03880000165378215,32.2731945,1.00000009897534,1919.8760032653802,1910.26952266693,20.03333559259773,51.485088746994755,-71.84184193611144,-64.8458471,-2.0,193.073638916016,-143.03059387207,442.682922363281,151.29899597168,38.7364387512207,44.27170753479,0.4475999901027434,1.61778964218593,-0.805788472402786,0.4477999872463886,0.0,0.0,1.0,7.0,0.0,0.0,0.0,26050902.0,1.0,-15.033541768879662,99.27061826493645,30.527752876281752,1.1153189635276797
2026-05-09 17:25:31+00:00,USA,USA,-2.14999990330403,-2.09999993037178,0.0,-2.09999993037178,-2.089999935785328,-2.069999946612424,-0.34636354854576146,-3.786388790930145,-0.9520744971826993,0.20592165239920898,-6.630570488216785,3.04178803459839,3.018857424696046,-5.240231438788876,0.0999999992253633,-13.711897176274451,31.46844005584715,0.9757215714454649,1.0,110.999999673762,0.0,0.0,0.0,181.036376932479,0.942794752120972,114.8849976132866,0.3680000003509882,32.2731888,1.00000009897534,1919.9398517608638,1910.251331329348,121.50594890117641,-56.05330690741539,-12.740336917340754,-64.8458467,-2.0,192.109893798828,-142.853149414062,455.158843994141,150.29899597168,31.5600156784058,43.9221113920212,-0.07199999890865308,-1.51205799366902,0.445373023599127,0.46379998818966384,0.0,0.0,1.0,7.0,0.0,0.0,0.0,26050902.0,1.0,-14.01849506198358,99.28745126614601,30.534282875061052,0.9527200627326964
2026-05-09 17:25:32+00:00,USA,USA,-2.329999933926196,-2.199999961613654,0.0,-2.209999956200106,-2.209999956200106,-2.119999962233362,-0.3470940586218355,-3.78682805747114,-0.9513566656452721,0.20160808644952696,-7.90299332256831,3.041516534578882,3.018044632184814,-5.571347227674779,0.23000000355442082,-13.10505663974675,31.64766311645505,0.9286154043674463,1.0,110.999999673762,0.0,0.0,0.0,179.733736914353,1.00111649036407,115.96520295882678,0.50099999985433,32.273183,1.00000009897534,1919.9581146240241,1910.1786136627202,75.6074197590351,-0.1655256375670504,-31.48453310132026,-64.8458465,-2.0,191.576309204102,-142.284729003906,455.017578125,149.29899597168,31.6818475723267,44.2834258079529,0.34580000191033977,1.31660412644117,0.140304091743962,1.5375999343014488,0.0,0.0,1.0,7.0,0.0,0.0,0.0,26050902.0,1.0,-13.48391254810068,99.35105398769716,30.72353439331055,0.9109014093875881
2026-05-09 17:25:33+00:00,USA,USA,-10.049999938157256,-9.870000035601143,0.0,-10.050000108911993,-9.769999918981906,-9.740000020599918,-0.3470940586218355,-3.78682805747114,-0.9524334449679246,0.2080786688277812,-3.18473332847788,3.040702034520358,3.018857424696046,-0.7209595559597239,0.28999999241746927,-13.0026938753163,31.75301342010495,0.9750111937522892,1.0,110.999999673762,0.0,0.0,0.0,183.988070503057,0.86771634221077,116.98739814170821,0.22099999935526998,32.2731775,1.00000009897534,1919.976353645324,1910.287714004518,9.32851321995259,-117.85112768411614,-69.30976584553719,-64.8458465,-2.0,191.176727294922,-142.016723632812,467.281829833984,148.29899597168,31.5793544054031,44.205304980278,-0.18940000242818036,-1.02723078253571,0.0338253612710977,0.822399951367592,0.0,0.0,1.0,7.0,0.0,0.0,0.0,26050902.0,1.0,-13.47540162013066,99.46323984481461,30.85423564910885,0.9566390383243558
2026-05-09 17:25:34+00:00,USA,USA,-9.59999992563488,-9.469999739878922,0.0,-9.510000059734187,-9.44999975070602,-9.369999794014413,-0.346655845957684,-3.1736350181285546,-0.9524334449679246,0.21203307888491119,2.844297490337406,3.0409733210964545,3.01831523574199,1.1314573455081611,0.2299999982183356,-13.28802161279895,32.10768127441405,1.123865039348602,1.0,110.999999673762,0.0,0.0,0.0,183.215002372038,1.14732445478439,118.47680012042399,0.42160000991426233,32.273171,1.00000009897534,1919.9490070343022,1910.3240966796861,89.99453559517868,36.410242225974784,-49.830140545964234,-64.8458468,-2.0,190.674499511719,-141.962615966797,466.883056640625,147.29899597168,31.6857159137726,44.0705448389053,0.2528000003879284,0.869956765633734,0.62543770089457,1.949999926197648,0.0,0.0,1.0,7.0,0.0,0.0,0.0,26050902.0,1.0,-13.753872872215037,99.5955201184702,31.01176586151125,1.088888561725616
2026-05-09 17:25:35+00:00,USA,USA,-9.630000165526328,-9.459999659915107,0.0,-9.49999997977037,-9.409999772360216,-9.389999953942043,-0.347678186538217,-3.174221027015,-0.9520745612157228,0.3795483588016416,7.351888410328435,3.0409733210964545,3.01777360174081,-0.6744204558881693,0.2399999981408718,-12.8418066349825,32.40389499664305,1.3440984964370741,1.0,110.999999673762,0.0,0.0,0.0,183.167068104443,1.13810645341873,120.5081994663856,0.9280000333656201,32.2731643,1.00000009897534,1920.012855529784,1910.2058887481683,45.58086991310118,-105.00171706080421,-49.7896403074264,-64.8458471,-2.0,190.138732910156,-141.434005737305,453.884948730469,146.29899597168,31.6276997327805,44.0998405218124,-0.1614000074475554,-0.981876298734416,0.0699733070251171,1.817399914311488,0.0,0.0,1.0,7.0,0.0,0.0,0.0,26050902.0,1.0,-13.38595243823178,99.77930343356235,31.18338947296145,1.312423689365386
2026-05-09 17:25:36+00:00,USA,USA,-9.65000032545396,-9.479999819842739,0.0,-9.49999997977037,-9.359999714050597,-9.389999953942045,-0.3485550921141965,-3.172756591768265,-0.9531512124723281,0.41657428868787943,11.6456582306398,3.04178803459839,3.0180444187414004,-1.8302736242798372,0.249999998063408,-12.818718034266901,33.08078327178955,1.8963738083839403,1.0,110.999999673762,0.0,0.0,0.0,181.041813763058,1.7120157122612,122.0536008000682,0.9836000143653452,32.2731563,1.00000009897534,1920.003747940062,1910.3422641754157,51.956036314368234,-29.04734059193288,-73.61570969223979,-64.845847,-2.0,189.763854980469,-141.148361206055,440.799865722656,145.29899597168,31.7224562168121,46.6348975896835,-0.025600000742177987,0.680446443644266,0.126197123085881,1.88439995061147,0.0,0.0,1.0,7.0,0.0,0.0,0.0,26050902.0,1.0,-13.76546097116088,100.02069256411446,31.3155017852783,1.8462938117980958
2026-05-09 17:25:37+00:00,USA,USA,-4.8100000427812555,-4.609999980297504,0.0,-4.750000032573867,-4.829999989265476,-4.819999951990344,-0.3489933047783485,-3.173342280489595,-0.9527923287201265,0.4223257988888768,16.12697992291785,3.0409733210964545,3.01777360174081,-5.7269868336692245,-0.030000010439779668,-13.9561118707087,33.7004842758179,2.5250616502761836,1.0,110.999999673762,0.0,0.0,0.0,174.242510708472,2.24088499546051,123.6693995274886,0.6662000137291123,32.2731474,1.00000009897534,1919.8760032653797,1910.3877305984483,-55.083261220715954,-88.36098462343207,-105.21378368139253,-64.845846,-2.0,189.027816772461,-140.583084106445,452.506164550781,144.29899597168,31.6567063331604,51.0429263114929,0.17079999759636333,0.2056180691669,-0.827851530886662,0.8593999772277948,0.0,0.0,1.0,7.0,0.0,0.0,0.0,26050902.0,1.0,-15.32676418051452,100.2805949224115,31.37254314422605,2.398654589653016
2026-05-09 17:25:38+00:00,USA,USA,0.9500000406657199,1.090000007564716,0.0,0.890000009113988,0.7800000473186861,0.689999967974582,-0.3482627947022745,-3.17304943612893,-0.9524334449679246,0.4216069214787332,17.5354707977066,3.04178803459839,3.018586266185994,-7.929974448091888,-0.2500000033994937,-14.426987246523549,34.4822010040283,3.194543294906616,1.0,110.999999673762,0.0,0.0,0.0,172.404397519795,2.85586166381836,124.12739922832141,1.803599986668982,32.2731371,1.00000009897534,1919.9216365814202,1910.314965248108,48.191304504871354,2.5015890598297004,-48.27478118240832,-64.8458439,-2.0,188.509689331055,-139.788528442383,451.653564453125,143.29899597168,60.3237211704254,53.3924460411072,-0.07679999839122287,-0.849272871753673,1.1541938606442,0.04200001114723608,0.0,0.0,1.0,7.0,0.0,0.0,0.0,26050902.0,1.0,-15.937281664004482,100.52575090229101,31.5440860748291,2.988129630088806
2026-05-09 17:25:39+00:00,USA,USA,1.72000002936493,1.6900000242612379,0.0,1.5799999984329118,1.58999999301936,1.3799999999821861,-0.349577419354517,-3.169680125155705,-0.9517156134304974,0.42340440848878363,18.58776474595825,3.041516534578882,3.01831523574199,-8.638363932010444,-0.3499999972887716,-14.47350553052635,35.48575229644775,4.094839496612548,1.0,110.999999673762,0.0,0.0,0.0,165.057231331504,3.71026883125305,123.38819517520801,2.145199902487442,32.2731255,1.00000009897534,1919.88513469696,1910.287714004516,66.06656685471525,0.9180305525660402,-56.06720820069302,-64.8458399,-2.0,187.849243164062,-138.781967163086,451.045989990234,142.401000976562,71.3755309581756,53.1346440315247,-0.09960000076925653,0.256446069133887,0.135553508413233,-1.6718000140502152,0.0,0.0,1.0,7.0,0.0,0.0,0.0,26050902.0,1.0,-16.55127332321578,100.75584631505049,31.7135450363159,3.8722197532653824
2026-05-09 17:25:40+00:00,USA,USA,-3.3599999953165502,-3.3000000064535016,0.0,-3.3999999523180136,-3.2000000179003125,-3.1699999701079364,-0.35118484834678354,-3.1670432452492596,-0.9524334449679246,0.4323911711922898,18.51999475523975,3.042331376146864,3.018586479629408,-6.027966461899192,0.17999999326956845,-15.224314928813651,36.3599172592163,4.9034553909301755,1.0,110.999999673762,0.0,0.0,0.0,152.741512333379,4.72981338500977,121.4551969985808,1.2305999852379568,32.2731134,1.00000009897534,1919.976377487184,1910.20586490631,73.25586788356294,-91.1772564053536,-153.32464128732698,-64.8458329,-2.0,187.777755737305,-137.658782958984,462.596282958984,141.401000976562,71.4122712612152,53.3885419368744,0.28179999004973477,0.371926718793511,-1.00928040506668,-1.5935999722874663,0.0,0.0,1.0,7.0,0.0,0.0,0.0,26050902.0,1.0,-17.8809701112109,100.90986025064501,31.73491687774655,4.542422761917112
2026-05-09 17:25:41+00:00,USA,USA,-4.620000060261322,-4.4600001468781025,0.0,-4.540000103569712,-4.52000011439681,-4.4900001306374575,-0.3516230476707225,-3.167043245249255,-0.9524333809349009,0.43814277744282215,18.5452118136554,3.0426030896097833,3.018586266185994,-5.189496110615105,0.11999999907043604,-15.93256200328805,36.57558574676515,5.086190986633301,1.0,110.999999673762,0.0,0.0,0.0,149.746023589843,5.00213227272034,119.646598423345,0.5041999915052486,32.2731012,1.00000009897534,1919.92161273956,1910.3331565856959,61.37702977284789,-26.312885456718483,-17.885716259479523,-64.8458241,-2.0,187.121200561523,-136.319564819336,436.150787353516,140.401000976562,71.0603177547455,53.6619663238525,0.05099999700359355,-0.409294123453695,-0.83762867987927,-2.345799954401094,0.0,0.0,1.0,7.0,0.0,0.0,0.0,26050902.0,1.0,-18.532189716493342,100.9636855563995,31.7822078704834,4.632481040954589
2026-05-09 17:25:42+00:00,USA,USA,-9.17999989687183,-9.000000079693086,0.0,-9.080000036384686,-8.87000006469186,-8.930000032210561,-0.349139206690365,-3.1664572363628096,-0.9531512124723284,0.4244828206535344,18.58146304267525,3.04205974806131,3.018857296629998,-0.5042848489767524,0.25000000873557915,-15.2469544445913,36.922140884399454,5.182069702148437,1.0,110.999999673762,0.0,0.0,0.0,140.645916671825,5.36051917076111,117.31299872359439,0.8658000085544003,32.2730901,1.00000009897534,1919.9855089187618,1910.233139991762,28.4235443919896,-6.155571527779077,-61.04578236117965,-64.8458135,-2.0,186.962326049805,-135.095199584961,447.429534912109,139.401000976562,71.2362945079804,53.5037696361542,0.34719998991998346,1.14473084699256,0.989398151279598,-1.809399884491382,0.0,0.0,1.0,7.0,0.0,0.0,0.0,26050902.0,1.0,-17.797599797673364,100.949021140251,31.911942672729502,4.894278631210327
2026-05-09 17:25:43+00:00,USA,USA,-9.610000005598696,-9.49999997977037,0.0,-9.570000027252892,-9.49999980901564,-9.420000023078762,-0.35016250776625,-3.1673365164967446,-0.9520745612157228,0.4133388494223856,18.53890840282515,3.04178803459839,3.01777360174081,2.016467090348492,0.20999999837326286,-14.4094178655441,36.3980707168579,4.804999608993525,1.0,110.999999673762,0.0,0.0,0.0,139.802962045219,4.84017190933228,115.61540165067399,0.2810000007247674,32.2730801,1.00000009897534,1919.967246055602,1910.3149890899663,83.25296118855469,-40.56252911686899,-28.621870651841164,-64.8458028,-2.0,186.856323242188,-133.983612060547,446.270111083984,138.401000976562,71.2304949760437,53.2791674137116,0.2230000001818782,-1.00765183183646,-1.12958778399411,-2.168600002517856,0.0,0.0,1.0,7.0,0.0,0.0,0.0,26050902.0,1.0,-16.47537182153564,100.8992324762965,31.76614379882815,4.644675779342654
2026-05-09 17:25:44+00:00,USA,USA,-9.660000234663045,-9.49999997977037,0.0,-9.49999997977037,-9.34999997559624,-9.369999794014412,-0.349285121942595,-3.1689476940889296,-0.9524334449679246,0.4172931660980234,17.52286141472515,3.04178803459839,3.017502571296808,5.548113826948795,0.28999999775355356,-13.434914649297,36.126191711425804,4.570028572082519,1.0,110.999999673762,0.0,0.0,0.0,129.576666216092,4.68904809951782,112.93419996368259,-0.09579999650981423,32.2730719,0.999999885531928,1919.8851108551,1910.269546508788,82.4390202760697,13.294922746717944,-54.49732169508934,-64.8457917,-2.0,186.676803588867,-133.407165527344,445.250244140625,137.29899597168,71.4625537395477,53.6522030830383,0.2609999937093302,0.430867035823342,-0.3629391236607,-2.730399966469602,0.0,0.0,1.0,7.0,0.0,0.0,0.0,26050902.0,1.0,-15.4649576904441,100.83222490544401,31.68010883331295,4.49372320175171
2026-05-09 17:25:45+00:00,USA,USA,-9.69999987149939,-9.49999997977037,0.0,-9.49999997977037,-9.259999768186084,-9.369999794014413,-0.348700994026213,-3.16777620992456,-0.9524334449679246,0.40830630734498197,3.688026242846907,3.04205974806131,3.0180444187414004,6.768435039160456,0.32999999744369923,-12.9013560661481,35.94107551574705,4.416143245697021,1.0,110.999999673762,0.0,0.0,0.0,126.012605205288,4.43362755775452,110.89760147772499,0.28120000470527173,32.273065,0.999999885531928,1919.9490070343022,1910.3149890899663,35.43316610157482,23.625494819134456,-19.857505231630057,-64.8457805,-2.0,186.813903808594,-132.481811523438,443.950866699219,136.401000976562,71.510899066925,53.3748686313629,-0.056400000256795854,-0.738092279743822,0.681726570505115,-1.1541999864701096,0.0,0.0,1.0,7.0,0.0,0.0,0.0,26050902.0,1.0,-14.684202010759801,100.70873508525051,31.668077087402352,4.329287309646608
2026-05-09 17:25:46+00:00,USA,USA,-9.709999951463207,-9.49999997977037,0.0,-9.55000037958945,-9.42000002307876,-9.34999963408678,-0.347824101790447,-3.168801271908595,-0.9517156774635211,0.379189008141977,-4.05315399523945,3.04178803459839,3.0180444187414004,5.434817295694924,0.349999997288772,-12.33209907241525,35.772404479980494,4.135637054443358,1.0,110.999999673762,0.0,0.0,0.0,119.568308063003,4.37521677017212,110.77319641218239,0.7443999807866705,32.2730593,0.999999885531928,1919.976353645324,1910.1603984832782,126.02338693104684,-27.77887322008608,-4.23057421576233,-64.8457692,-2.0,188.547897338867,-131.811859130859,442.589416503906,135.29899597168,71.5959846973419,53.4158825874329,0.7043999917686956,1.74218254145409,0.347090763589169,0.5311999880944454,0.0,0.0,1.0,7.0,0.0,0.0,0.0,26050902.0,1.0,-14.00655076867252,100.57195371693149,31.6700717926025,4.072210578918456
2026-05-09 17:25:47+00:00,USA,USA,-9.75000027131847,-9.49999997977037,0.0,-9.55000037958945,-9.55000037958945,-9.389999953942043,-0.34957789960219254,-3.169094543156085,-0.9517155920861564,0.40219526772546316,-7.72384450427146,3.04205974806131,3.01831523574199,3.13341041193642,0.349999997288772,-11.62801414446635,35.44716453552245,3.93089919090271,1.0,110.999999673762,0.0,0.0,0.0,122.951655928747,3.78449048995972,111.1287951849026,0.3518000055991212,32.273054,0.999999885531928,1919.9490070343022,1910.3604555129982,68.68966295151024,-74.36632509343343,-91.4014644920826,-64.8457589,-2.0,186.918655395508,-131.222503662109,441.647308349609,134.29899597168,70.9848940372467,53.3084630966186,-0.35919999529651436,-2.77308967331056,-0.683407704175437,0.2775999970892166,0.0,0.0,1.0,7.0,0.0,0.0,0.0,26050902.0,1.0,-13.069454620207562,100.4678684641695,31.67163219451905,3.8810734462738017
2026-05-09 17:25:48+00:00,USA,USA,-9.75000027131847,-9.49999997977037,0.0,-9.55000037958945,-9.49999997977037,-9.339999724877693,-0.3479704839501395,-3.16792209849637,-0.9513567083339545,0.4021952570532926,-9.654542828138835,3.04205974806131,3.018315449185404,4.156893683117958,0.3899999969789168,-11.686939040209701,35.40656661987305,3.809350662231446,1.0,110.999999673762,0.0,0.0,0.0,121.417554460027,4.0522590637207,112.20459915654219,0.014400002116267884,32.273049,0.999999885531928,1919.9033737182617,1910.1968050003038,41.88616750761862,29.1859719902277,-16.683047759579487,-64.8457485,-2.0,189.207702636719,-131.095794677734,440.588287353516,133.29899597168,71.1337983608246,53.1502664089203,0.6059999750285775,2.63642975429306,-0.285070778295602,1.712599967630386,0.0,0.0,1.0,7.0,0.0,0.0,0.0,26050902.0,1.0,-13.2389544729526,100.3993719120785,31.6232957839966,3.7374090099334714
2026-05-09 17:25:49+00:00,USA,USA,-9.700000213008849,-9.49999997977037,0.0,-9.560000288798538,-9.49999997977037,-9.34999963408678,-0.348700994026213,-3.169094543156085,-0.9517156134304974,0.40614948301548015,-4.074693797199885,3.04205974806131,3.0180444187414004,3.641146653843164,0.3499999972887716,-11.283752546617,35.0349592208862,3.516659989356994,1.0,110.999999673762,0.0,0.0,0.0,124.508652191565,3.53753178119659,113.42600090468041,0.5067999937262637,32.2730438,0.999999885531928,1919.994616508484,1910.2968215942378,141.75616055727005,-19.922332838177677,18.70909454301,-64.8457393,-2.0,186.053604125977,-130.54621887207,439.672546386719,132.29899597168,71.0854530334473,54.5584142208099,0.10599999824507016,-1.09302727547091,0.650895470117647,0.4861999851079791,0.0,0.0,1.0,7.0,0.0,0.0,0.0,26050902.0,1.0,-12.54269386820744,100.3766478727095,31.60647468566895,3.4588710451126103
2026-05-09 17:25:50+00:00,USA,USA,-9.65000032545396,-9.49999997977037,0.0,-9.55000037958945,-9.44999957995129,-9.34999963408678,-0.3492856021902705,-3.168947694088925,-0.9520745612157228,0.4162148499828078,1.40586472041375,3.04233146152423,3.01777360174081,4.0416897788496815,0.29999999767609,-11.12124228258175,35.05110397338865,3.462146086692808,1.0,110.999999673762,0.0,0.0,0.0,125.093726195868,3.49624807834625,113.689597029281,0.3604000061728328,32.2730385,0.999999885531928,1919.967246055602,1910.342264175414,67.07972064614286,-87.63330262154344,-99.66207742691027,-64.8457305,-2.0,185.96745300293,-130.409042358398,438.66796875,131.29899597168,71.4161396026611,57.6051712036133,0.2121999976358495,-0.238510739425374,-0.27061919190934,0.20999999570522046,0.0,0.0,1.0,7.0,0.0,0.0,0.0,26050902.0,1.0,-12.488822458676259,100.397637044029,31.65840396881105,3.4052284526824943
2026-05-09 17:25:51+00:00,USA,USA,-9.65000032545396,-9.49999997977037,0.0,-9.55000037958945,-9.42999976153312,-9.339999724877694,-0.349139206690365,-3.168801271908595,-0.9509976965157053,0.41046314234665465,0.16706370569501505,3.04205974806131,3.0180444187414004,3.5869780030170384,0.3099999975986264,-11.58651092686165,34.8075954437256,3.327435550689696,1.0,110.999999673762,0.0,0.0,0.0,128.257141970338,3.32893595695496,113.7618003250348,-0.10360000517389208,32.2730333,0.999999885531928,1920.0311183929439,1910.405898094178,20.44688817113638,7.913212385028585,-27.658120915293694,-64.8457222,-2.0,185.472549438477,-129.934753417969,437.431304931641,130.29899597168,71.3213801383972,57.677435874939,0.08240000178961818,-0.648514402139957,-1.05720805591607,0.1783999974441096,0.0,0.0,1.0,7.0,0.0,0.0,0.0,26050902.0,1.0,-12.950681045635639,100.417642668108,31.575192832946748,3.2364493131637557
2026-05-09 17:25:52+00:00,USA,USA,-9.65000032545396,-9.49999997977037,0.0,-9.570000198007623,-9.429999932287847,-9.369999794014413,-0.348700994026213,-3.170119818583525,-0.9556634414264236,0.4007574115195548,-7.0161848260657145,3.04205974806131,3.017773815184224,4.4746580316577305,0.3099999975986264,-11.66061890624305,34.55094623565675,3.096926894187926,1.0,110.999999673762,0.0,0.0,0.0,128.454452475081,3.31056153774261,114.2858001438176,0.6422000043100718,32.2730282,0.999999885531928,1919.9216365814202,1910.296821594236,162.73072808980933,-25.35066884011031,13.327914103865604,-64.8457142,-2.0,184.742492675781,-129.536163330078,436.41259765625,129.29899597168,71.1202621459961,57.5836896896362,0.5084000082280218,1.60825064267978,1.6418451415559,0.7947999893608758,0.0,0.0,1.0,7.0,0.0,0.0,0.0,26050902.0,1.0,-12.892078022556921,100.43281251825451,31.4669225692749,3.011499524116514
2026-05-09 17:25:53+00:00,USA,USA,-9.660000234663045,-9.49999997977037,0.0,-9.59999992563488,-9.42999976153312,-9.369999794014412,-0.348701487614102,-3.16997296951637,-0.9563811235534629,0.4000385287733256,-9.271030267563566,3.04178803459839,3.01750278474022,2.052706697374574,0.29999999767609,-11.696346772017751,34.21605377197265,3.063817019462586,1.0,110.999999673762,0.0,0.0,0.0,126.397991799017,2.90792570114136,115.14679603209758,0.30279999904178234,32.2730235,0.999999885531928,1919.9307680129998,1910.260415077208,14.743315801024433,-85.1438861340285,-117.03232675790773,-64.8457067,-2.0,185.303970336914,-129.181060791016,435.4052734375,128.29899597168,71.2014853954315,57.3512732982636,-0.39219997556417285,-1.99387970812411,-1.08341933374282,0.8911999559572837,0.0,0.0,1.0,7.0,0.0,0.0,0.0,26050902.0,1.0,-12.915338744039582,100.47157384179451,31.289174079894998,2.986573734283446
2026-05-09 17:25:54+00:00,USA,USA,-9.65000032545396,-9.49999997977037,0.0,-9.590000016425794,-9.389999783187314,-9.359999714050597,-0.348993291438135,-3.1692409653364146,-0.9560223465229665,0.41118211580633357,-11.632523349979,3.04178803459839,3.01777360174081,1.4732540988407634,0.29999999767609,-12.019815566486301,34.1428075790405,3.038261961936952,1.0,110.999999673762,0.0,0.0,0.0,136.817226811818,3.17990212440491,116.6997980002888,0.717799974482699,32.2730179,0.999999885531928,1919.967222213744,1910.351395606994,82.62157440185545,14.648621249943968,-28.458439302630723,-64.8456996,-2.0,182.86018371582,-129.092391967773,434.436462402344,127.29899597168,71.3233172893524,57.7145397663116,0.5315999863837995,1.91385763869507,0.842445137182893,1.9609998604785883,0.0,0.0,1.0,7.0,0.0,0.0,0.0,26050902.0,1.0,-13.43004540743772,100.535190223724,31.13767776489255,2.9506856918334963
2026-05-09 17:25:55+00:00,USA,USA,-9.65000032545396,-9.49999997977037,0.0,-9.59999992563488,-9.424999806928575,-9.387499933951089,-0.3489933047783485,-3.1692409653364146,-0.9562018844486024,0.4054305575805688,-9.41445356796325,3.04178803459839,3.018654023796995,-1.1135871320484312,0.29999999767609,-12.92453687441745,33.78500690460205,2.927223390340805,1.0,110.999999673762,0.0,0.0,0.0,134.414803393914,2.86459128856659,117.97424777865425,0.4477499894612513,32.273013,0.999999885531928,1919.9512898921948,1910.2945029735552,107.80890029855077,-13.11266236007215,21.460691932588826,-64.8456936,-2.0,183.090454101562,-128.68132019043,433.196136474609,126.29899597168,71.1995542049408,57.7008724212646,-0.13875000276050303,-1.61571529239066,-0.870665077595006,0.8572499590750783,0.0,0.0,1.0,7.0,0.0,0.0,0.0,26050902.0,1.0,-14.2570724170977,100.6262981170625,30.95716209411625,2.7978183925151825
2026-05-09 17:25:57+00:00,USA,USA,-14.72499992595535,-14.4749996344073,0.0,-14.4999998343168,-14.4749996344073,-14.2999999425878,-0.349285121942595,-3.16982654733604,-0.955304621707245,0.4027345271686915,-2.93571284891056,3.04178803459839,3.01831523574199,3.77733131976047,0.3749999970951125,-14.6049166626101,33.5508007049561,2.9283843040466304,1.0,110.999999673762,0.0,0.0,0.0,134.414803393914,2.86459128856659,120.25599882939633,0.5656666621069361,32.2729988,0.999999885531928,1919.9703137079869,1910.2452993392933,116.58385520180066,-43.03121256331604,57.17630808552107,-64.845679,-2.0,183.090454101562,-128.68132019043,433.196136474609,126.29899597168,71.1995542049408,57.7008724212646,0.24999999806340834,-1.61571529239066,-0.870665077595006,0.662999988282987,0.0,0.0,1.0,7.0,0.0,0.0,0.0,26050902.0,1.0,-16.1743700521091,100.840414302259,30.7182540893555,2.7978183925151825
2026-05-09 17:25:58+00:00,USA,USA,-14.70999980600964,-14.4599995144616,0.0,-14.53000007420826,-14.440000037552881,-14.32000010251544,-0.3492856021902705,-3.1690941162692603,-0.9567401140273704,0.39105157930683443,-0.05989265114165425,3.04178803459839,3.0180446321848136,2.836626995800414,0.39000000765108733,-15.070505898894101,33.38113231658935,2.8382501506805418,1.0,110.999999673762,0.0,0.0,0.0,142.661833344976,2.86202130317688,120.9853974629378,0.7713999853799942,32.2729939,0.999999885531928,1919.930744171142,1910.333180427552,56.44311197102068,-46.02323323488234,-77.59851384907954,-64.8456744,-2.0,179.992279052734,-127.66471862793,430.646545410156,123.401000976562,70.9384858608246,57.4235379695892,0.06079999878196909,0.0149002877930609,0.550005091700949,1.027199939962739,0.0,0.0,1.0,7.0,0.0,0.0,0.0,26050902.0,1.0,-16.6576849384089,100.91722319457,30.668748664856,2.6705099916458117
2026-05-09 17:25:59+00:00,USA,USA,-14.729999965937258,-14.4699995944254,0.0,-14.550000234135899,-14.409999797661442,-14.320000273270182,-0.3504543249304965,-3.168801271908595,-0.9560223038342844,0.4065090124340022,0.4229145111695324,3.0417882480418017,3.01777360174081,3.4752072933350675,0.3900000023150022,-15.9188785730595,33.45237865447995,3.0491808271408063,1.0,110.999999673762,0.0,0.0,0.0,143.515456727066,2.97139835357666,121.8643990959076,-0.08559999810961136,32.2729874,0.999999885531928,1919.958114624022,1910.3786468505841,6.315054558217523,-44.508936628699225,-66.37537637725481,-64.8456687,-2.0,179.721664428711,-127.142311096191,442.360534667969,122.401000976562,71.3291168212891,57.7457904815674,-0.0926000008568318,-0.268450660208714,-1.37210933856616,0.9067999906277173,0.0,0.0,1.0,7.0,0.0,0.0,0.0,26050902.0,1.0,-17.7286053247914,101.0215953152775,30.56935501098635,2.8401235342025744
2026-05-09 17:26:00+00:00,USA,USA,-14.709999806009659,-14.4999998343168,0.0,-14.560000314099721,-14.31000002255162,-14.439999696043397,-0.348408696614291,-3.16924085861471,-0.9563812089308273,0.396803089507832,1.757329926681615,3.04178803459839,3.0175029128062674,6.7497434581004345,0.2800000085031879,-16.27558007982155,33.18237590789795,2.8912598705291757,1.0,110.999999673762,0.0,0.0,0.0,149.015179688274,2.99988706111908,123.05420165686999,0.8540000099097924,32.2729804,0.999999885531928,1919.976353645324,1910.160422325136,169.49545592069612,-1.1763505637645806,3.8788799196481762,-64.8456633,-2.0,178.925994873047,-126.687217712402,441.667175292969,121.401000976562,71.4103400707245,57.8766465187073,0.24640000011900778,0.708368256971278,1.65591927994924,1.2368000040796716,0.0,0.0,1.0,7.0,0.0,0.0,0.0,26050902.0,1.0,-17.709320627179302,101.122767492358,30.40498580932615,2.6754825496673598
2026-05-09 17:26:01+00:00,USA,USA,-13.759999722655241,-13.559999830926236,0.0,-13.690000528946399,-13.570000593909,-13.629999878408759,-0.350307942770804,-3.168801271908595,-0.9556633133603771,0.4054305095558012,5.504722659680075,3.04178803459839,3.0175029128062683,2.11641217058406,0.10999999914789971,-15.698909769518352,33.152455329895,3.01164346218109,1.0,110.999999673762,0.0,0.0,0.0,150.863073707842,2.95024065971374,124.04139895044398,0.7227999984563499,32.2729732,0.999999885531928,1919.9307680130019,1910.224080085754,24.39885288476944,-73.03356453776378,-84.07179787755005,-64.8456584,-2.0,177.671539306641,-126.08837890625,440.940582275391,120.401000976562,71.3697254657745,59.2554986476898,0.2369999989645238,0.13672699360958,-0.798430384315126,0.9593999604449024,0.0,0.0,1.0,7.0,0.0,0.0,0.0,26050902.0,1.0,-17.529483112370738,101.273776144718,30.302404403686502,2.903262691497802
2026-05-09 17:26:02+00:00,USA,USA,-9.230000040558828,-8.989999828974543,0.0,-9.209999880631196,-9.210000051385926,-9.270000018904632,-0.35030792943059097,-3.16997296951637,-0.9492032777546962,0.40363321464482116,5.550954929511425,3.04178803459839,3.0180444187413995,-0.8834655778072088,-0.05999999419913264,-16.51252190345025,32.9927896499634,3.0707802486419657,1.0,110.999999673762,0.0,0.0,0.0,149.446574436252,2.99270453453064,124.99100015075119,0.21319999802830963,32.2729659,0.999999885531928,1919.994616508482,1910.1968050003059,35.35726256668566,-24.10424817353485,-59.481292916461754,-64.8456532,-2.0,177.093658447266,-125.473365783691,415.23583984375,119.401000976562,71.2227582931519,59.4351768493652,-0.05079999619138979,-0.758146889085743,0.10094757458089,0.6781999784179937,0.0,0.0,1.0,7.0,0.0,0.0,0.0,26050902.0,1.0,-18.18576764443216,101.433431816567,30.10606327056885,2.8601803207397483
2026-05-09 17:26:03+00:00,USA,USA,-9.279999928113716,-9.389999953942045,0.0,-9.439999670742205,-9.279999928113718,-9.440000012251664,-0.34957789960219254,-3.16836221881101,-0.95351009622453,0.09053049289194665,5.55778298424732,3.04178803459839,3.018315363808038,-0.12777423711061017,-0.14999999883804493,-15.9206074646932,33.2506164550781,3.3614363479614253,1.0,110.999999673762,0.0,0.0,0.0,151.741736563429,3.32562739849091,125.36319901523021,0.44400000082948116,32.2729581,0.999999885531928,1919.95813846588,1910.1331233978278,102.15522097423651,-18.716844357550137,5.760938860476019,-64.8456478,-2.0,176.993576049805,-124.658065795898,427.074523925781,118.401000976562,71.537971496582,59.1187834739685,-0.04180000133038857,0.160413569382868,-0.0843924433427156,0.39559996769379,0.0,0.0,1.0,7.0,0.0,0.0,0.0,26050902.0,1.0,-17.75591481165934,101.609288697127,30.0663974761963,3.203344502449034
2026-05-09 17:26:04+00:00,USA,USA,-9.229999869804098,-9.329999815668609,0.0,-9.40000003390586,-9.369999964769141,-9.409999943114947,-0.349869716766439,-3.16836168520248,-0.9527923287201265,0.07579202655435158,5.56566438221928,3.04178803459839,3.0175029128062683,-1.6475495021072781,-0.1899999985281906,-15.887782429315749,33.0629545211792,3.2299838161468477,1.0,110.999999673762,0.0,0.0,0.0,147.486719955808,3.2927716255188,126.0737982361002,0.8334000137145805,32.2729504,0.999999885531928,1919.91250514984,1910.033130645752,85.50015836954123,-47.2328081727028,-56.42387121915817,-64.8456421,-2.0,176.198135375977,-123.887771606445,426.273254394531,117.29899597168,71.4818894863129,59.1285467147827,0.4238000045077744,0.866499569335797,0.640831133014781,0.76619999694622,0.0,0.0,1.0,7.0,0.0,0.0,0.0,26050902.0,1.0,-17.70432058719738,101.802026390221,29.9759387969971,3.0877123689651476
2026-05-09 17:26:05+00:00,USA,USA,-9.20000014217684,-9.269999848149903,0.0,-9.359999714050595,-9.239999949767913,-9.40000003390586,-0.3511848350065705,-3.16953370297537,-0.9524333809349009,0.09376563867274976,5.796297032045575,3.04205974806131,3.018044632184814,-1.3496216877758367,-0.20999999837326316,-15.805232763007,33.1179067611694,3.475686264038086,1.0,110.999999673762,0.0,0.0,0.0,149.657572640092,3.33102743625641,126.3049974074296,0.3124000060110498,32.2729426,0.999999885531928,1919.976353645324,1910.3240728378282,47.2457446157932,-45.16636028420188,-72.63625338673599,-64.8456365,-2.0,175.689239501953,-122.921325683594,425.364562988281,116.29899597168,71.3155806064606,58.9684009552002,0.026800000112562294,-0.871553642517342,-0.57410653476525,0.0381999993839236,0.0,0.0,1.0,7.0,0.0,0.0,0.0,26050902.0,1.0,-17.735310179990144,102.008977706978,29.8502414703369,3.3155873966217024
2026-05-09 17:26:06+00:00,USA,USA,-9.20000014217684,-9.359999714050597,0.0,-9.309999997250436,-9.309999826495705,-9.389999953942045,-0.3508925509348615,-3.16938685390822,-0.9531512124723281,0.07363519555474304,8.549709143800754,3.0295668198051677,3.009644097147252,-0.8113679899027473,-0.199999998450727,-16.2105618015649,33.04003772735595,3.453708457946776,1.0,110.999999673762,0.0,0.0,0.0,150.738928189488,3.51888377666473,126.8494017333388,0.2805999965990698,32.2729342,0.999999885531928,1919.9125289916979,1910.569572448734,80.20632192492486,1.7704368568956894,-7.52244442701342,-64.8456308,-2.0,174.862594604492,-122.122619628906,424.561187744141,115.29899597168,71.2575674057007,58.9957416057587,0.16980000287349387,0.43803105048904,-0.156593706048259,0.5865999752855788,0.0,0.0,1.0,7.0,0.0,0.0,0.0,26050902.0,1.0,-18.20068238701328,102.210174589359,29.7490711212158,3.2613408994674677
2026-05-09 17:26:07+00:00,USA,USA,-9.199999971422109,-9.309999826495705,0.0,-9.369999964769143,-9.329999815668609,-9.40000003390586,-0.3488473895261185,-3.16792252538319,-0.9502800143886665,0.07255668600643558,13.968273449412749,2.710995142905504,2.73540500102734,-1.003628733021441,-0.209999998373263,-15.9908525452122,33.16914081573485,3.6706189584732045,1.0,110.999999673762,0.0,0.0,0.0,150.295908459543,3.58457815647125,126.4793994576966,0.8613999793467364,32.2729257,0.999999885531928,1920.021986961364,1910.3695392608638,51.127791125327434,-51.921093836426756,-31.318900408223264,-64.8456249,-2.0,173.819396972656,-121.203308105469,423.595794677734,114.29899597168,70.9307491779327,59.1637074947357,-0.0024000097464449864,-0.656365811312593,0.675888786477164,-1.080399963242853,0.0,0.0,1.0,7.0,0.0,0.0,0.0,26050902.0,1.0,-18.153077334536142,102.41160369817149,29.697591590881352,3.494287104606626
2026-05-09 17:26:08+00:00,USA,USA,-9.2699998481499,-9.279999757358988,0.0,-9.379999873978228,-9.239999949767915,-9.409999943114947,-0.3501620275185745,-3.16748283195537,-0.9517156134304974,0.0617726323940133,16.04922675695375,2.6067056247988143,2.620505979328142,-0.6530578493119348,-0.12999999899297232,-16.87216892929185,32.9988338470459,3.6099096679687497,1.0,110.999999673762,0.0,0.0,0.0,148.040716599388,3.57249212265015,125.18839808191561,0.4992000102202788,32.2729175,0.999999885531928,1920.0128555297858,1910.124063491822,117.92897135019305,-23.58317226171494,-73.50730225443843,-64.8456185,-2.0,173.852645874023,-120.192687988281,435.291595458984,113.29899597168,71.510899066925,59.6851706504822,0.3207999927658498,0.353597959516634,-0.397490596072561,-1.7551999001724379,0.0,0.0,1.0,7.0,0.0,0.0,0.0,26050902.0,1.0,-19.0744835139492,102.572188275748,29.6050231933594,3.3558317327499383
2026-05-09 17:26:09+00:00,USA,USA,-9.24999968822227,-9.34999963408678,0.0,-9.34999963408678,-9.29999991728662,-9.369999794014413,-0.34987021035432797,-3.168801271908595,-0.9527923287201265,0.0790274618177815,10.531368362839205,2.470096932200092,2.48419913840205,1.516741753203673,-0.11999999907043599,-16.683394453463748,33.13212032318115,3.7745373058319105,1.0,110.999999673762,0.0,0.0,0.0,145.913522484279,3.77989082336426,123.41140142593181,0.4478000245989856,32.2729092,0.999999885531928,1919.9216365814198,1910.4059219360358,36.59433724824339,-22.673350386321548,-55.14230951666834,-64.8456117,-2.0,173.057479858398,-119.28271484375,434.267486572266,112.29899597168,71.2324261665344,59.3902587890625,0.1784000067822589,-0.16079357869673,0.32929598636717,-1.0937999459568561,0.0,0.0,1.0,7.0,0.0,0.0,0.0,26050902.0,1.0,-18.893066517895,102.6617115651995,29.5529119491577,3.53954794406891
2026-05-09 17:26:10+00:00,USA,USA,-9.24999968822227,-9.319999735704792,0.0,-9.30000008804135,-9.289999837322803,-9.319999906459522,-0.350016125606558,-3.16792252538319,-0.9527922646871028,0.08118419543383353,8.24237475025567,2.405459266234948,2.405071140735362,1.3908567564226495,-0.0799999993802907,-16.8747353728725,32.9825225830078,3.694487915039062,1.0,110.999999673762,0.0,0.0,0.0,140.290186759473,3.66156377792358,122.76379567373901,0.2601999931285578,32.2729015,0.999999885531928,1919.930744171142,1910.3877305984483,82.56126046180722,-3.1616728752851424,9.310647100210199,-64.8456043,-2.0,173.100036621094,-118.374099731445,433.333099365234,111.29899597168,71.2749719619751,59.4625234603882,0.10680000216089587,-0.227571177613394,-0.967338881416279,-0.8747999940772517,0.0,0.0,1.0,7.0,0.0,0.0,0.0,26050902.0,1.0,-18.99846316697748,102.70981658752399,29.5064586639404,3.468371558189394
2026-05-09 17:26:11+00:00,USA,USA,-9.20000014217684,-9.269999848149903,0.0,-9.34999997559624,-9.379999873978228,-9.410000113869675,-0.349285121942595,-3.16865452956315,-0.9531512124723284,0.077229974807731,7.255222237109125,2.4896512515296516,2.48311552889023,1.9081297246632167,-0.20999999837326305,-15.893449778779601,33.25229358673095,3.882227096557618,1.0,110.999999673762,0.0,0.0,0.0,139.821731405058,3.84250044822693,121.6744023577276,1.001399988934415,32.2728938,0.999999885531928,1919.93987560272,1910.369563102724,101.56100541353219,-23.250228771939884,-81.78396895527848,-64.8455965,-2.0,172.42219543457,-117.14762878418,432.110778808594,110.29899597168,71.4084029197693,58.9781641960144,0.05280000364641661,0.251130821257869,1.60656508005866,-0.8205999457252849,0.0,0.0,1.0,7.0,0.0,0.0,0.0,26050902.0,1.0,-18.033755978792783,102.74142328790799,29.57348556518555,3.7328077983856196
2026-05-09 17:26:12+00:00,USA,USA,-9.20000014217684,-9.369999794014412,0.0,-9.379999873978226,-9.25000002973173,-9.449999921460751,-0.3504543249304965,-3.16806894756352,-0.9520744971826993,0.07183780592824907,3.85194025082887,2.617025699125244,2.625383758923906,0.4013242531876416,-0.23999999814087197,-16.320572243431698,33.1596101760864,3.849722242355346,1.0,110.999999673762,0.0,0.0,0.0,138.290389332763,3.89362893104553,121.274800774298,-0.010400001546943738,32.2728863,0.999999885531928,1919.89426612854,1910.169506072998,95.79029828310013,-71.28508314490318,-28.750293573830287,-64.8455882,-2.0,172.24169921875,-116.257751464844,405.901641845703,109.29899597168,71.6907441616058,59.4293177127838,0.37240001088235297,0.279419116922534,-1.88906810743274,-0.2421999940684052,0.0,0.0,1.0,7.0,0.0,0.0,0.0,26050902.0,1.0,-18.5881416016457,102.7583963079955,29.4935617446899,3.6529548740386977
2026-05-09 17:26:13+00:00,USA,USA,-9.20000014217684,-9.299999746531888,0.0,-9.319999906459522,-9.34999980484151,-9.40000003390586,-0.3489933047783485,-3.16938728079504,-0.9520745612157228,0.07255659129092165,3.8808345123389705,2.61105073501668,2.60641491487226,2.602023103235946,-0.199999998450727,-15.933998050561001,33.051291847229,3.780110120773314,1.0,110.999999673762,0.0,0.0,0.0,132.733429386311,3.82001752853394,120.89559686780599,0.31140000495157943,32.2728794,0.999999885531928,1919.967246055602,1910.32407283783,24.075990775600083,15.24335145950322,-54.11005392670633,-64.8455798,-2.0,172.866973876953,-115.469802856445,404.782958984375,108.29899597168,71.1976170539856,58.9976966381073,0.1479999963855984,0.0478663058788865,0.896746955353493,-0.44899998211445097,0.0,0.0,1.0,7.0,0.0,0.0,0.0,26050902.0,1.0,-17.95057588602356,102.75667168523,29.44517040252685,3.60696473121643
2026-05-09 17:26:14+00:00,USA,USA,-9.20000014217684,-9.309999826495705,0.0,-9.30000008804135,-9.259999768186084,-9.389999953942045,-0.349139206690365,-3.16836221881101,-0.9531511911279871,0.07039995105636221,1.11061005002438,2.609149509172524,2.605331091917026,2.110690115573858,-0.199999998450727,-15.17315339683565,33.0852396011353,3.82045955657959,1.0,110.999999673762,0.0,0.0,0.0,135.995992186772,3.78517026901245,120.77619969696259,0.4908000087912446,32.2728724,0.999999885531928,1920.0219631195062,1910.3150129318242,109.9438086152077,21.156231872737422,-14.875950710847988,-64.8455714,-2.0,171.144500732422,-114.611228942871,403.77001953125,107.29899597168,71.7178165912628,59.2262029647827,0.0098000021118806,-0.570457025953495,0.134763140800429,0.3314000047966518,0.0,0.0,1.0,7.0,0.0,0.0,0.0,26050902.0,1.0,-17.172586603707877,102.76778098791499,29.44018363952635,3.698268156051634
2026-05-09 17:26:15+00:00,USA,USA,-9.190000062213024,-9.34999963408678,0.0,-9.309999997250435,-9.230000040558828,-9.379999873978226,-0.3497238148544225,-3.169533702975375,-0.9531512124723281,0.07004051101726898,-1.0375871635864504,2.6086064237561444,2.605331091917026,2.3060026192302283,-0.199999998450727,-15.040876538274599,32.9359645843506,3.6771126937866208,1.0,110.999999673762,0.0,0.0,0.0,133.78077059364,3.74900336265564,121.0734003522798,0.49340000567617437,32.2728656,0.999999885531928,1919.9398756027222,1910.2331638336182,105.41882142424565,-74.49043691158293,-2.152311429381372,-64.845563,-2.0,171.67643737793,-114.022911071777,402.932495117188,106.401000976562,71.360057592392,59.1090202331543,0.28259999471594727,0.63438199369526,0.00194784601236916,-0.03539999535018877,0.0,0.0,1.0,7.0,0.0,0.0,0.0,26050902.0,1.0,-16.953752123833063,102.79957893359651,29.399063873291,3.5447026348114
2026-05-09 17:26:16+00:00,USA,USA,-9.169999902285394,-9.290000008077534,0.0,-9.40000003390586,-9.380000044732958,-9.409999943114945,-0.34913970027825403,-3.169680125155705,-0.9531512124723284,0.0700404163017551,-2.42296131649016,2.60860633837878,2.605331091917026,1.3370695076286467,-0.2299999982183356,-14.7727233114599,32.96694259643555,3.7308019351959203,1.0,110.999999673762,0.0,0.0,0.0,134.70171232019,3.69357905387878,121.0663980423426,0.1769999940932208,32.2728589,0.999999885531928,1919.9033737182622,1910.3058815002441,14.132278226315957,-2.7210554806515526,-112.72548437118527,-64.8455549,-2.0,170.614898681641,-113.279685974121,401.839172363281,105.401000976562,71.3039755821228,58.9566826820374,0.043599989630417745,-0.724582379008948,-0.173765295209561,0.4532000095093949,0.0,0.0,1.0,7.0,0.0,0.0,0.0,26050902.0,1.0,-16.898624642513518,102.84314871031151,29.39712924957275,3.6154714107513444
2026-05-09 17:26:17+00:00,USA,USA,-14.53000007420828,-14.359999739351798,0.0,-14.43000012834376,-14.22999989510528,-14.21000041819658,-0.34913970027825403,-3.16894822769746,-0.9524333809349012,0.05673990288661398,-5.493690410066625,2.608878009153016,2.60506018953907,6.348818525519314,0.32000001886550483,-15.5919037571127,32.716759872436555,3.4865398120880124,1.0,110.999999673762,0.0,0.0,0.0,139.412862620963,3.57664053440094,122.1362023758148,0.5385999990528033,32.272852,0.999999885531928,1919.98550891876,1910.2422714233398,135.4539074003696,-49.64535832405096,6.307059433311232,-64.8455471,-2.0,170.339950561523,-112.448013305664,400.925567626953,104.401000976562,70.9655582904816,59.0504288673401,0.3700000198122068,0.765062188816116,1.04792316079138,1.2327999251365955,0.0,0.0,1.0,7.0,0.0,0.0,0.0,26050902.0,1.0,-17.49885961771752,102.881855392338,29.35848484039305,3.280753355026244
2026-05-09 17:26:18+00:00,USA,USA,-14.600000633955,-14.4599995144616,0.0,-14.539999812662618,-14.590000212481701,-14.53999981266266,-0.34987021035432797,-3.1676292541357,-0.9531512124723284,0.06716451712695362,-4.49182972487269,2.6077918383202565,2.60506018953907,3.162783597773378,0.0699999994577544,-15.552380013706749,32.86546325683595,3.664105525016784,1.0,110.999999673762,0.0,0.0,0.0,136.805096395852,3.55989260673523,123.0860002855698,0.7845999769534496,32.2728451,0.999999885531928,1920.012855529784,1910.2786302566521,40.285823680460474,-21.893818210810416,-35.813050903379924,-64.8455396,-2.0,169.330657958984,-111.783981323242,399.758056640625,103.401000976562,70.7760453224182,58.7105989456177,-0.03600000012133713,0.00477153788753018,-0.11504706604946,0.8393999827188076,0.0,0.0,1.0,7.0,0.0,0.0,0.0,26050902.0,1.0,-17.81592621974488,102.949368397189,29.412776184082,3.5098658895492543
2026-05-09 17:26:19+00:00,USA,USA,-14.6499993262268,-14.4599995144616,0.0,-14.509999914280622,-14.53000007420826,-14.449999434497801,-0.35045433827071,-3.168947694088925,-0.9531511911279873,0.06572666225506676,-3.23254102412998,2.6086064237561444,2.6042469701410176,1.6945066257642942,0.199999998450727,-16.71355827638585,33.255469322204604,3.9256909847259522,1.0,110.999999673762,0.0,0.0,0.0,142.690287913058,3.80770597457886,123.97079938310719,0.7849999805788889,32.2728373,0.999999885531928,1919.9398756027217,1910.2058649063117,16.386040765792128,-8.071360562462356,-96.63586765527732,-64.8455321,-2.0,168.117813110352,-111.143333435059,411.439880371094,102.29899597168,71.2208211421966,58.8180124759674,0.030400003393048415,-0.595492764191059,0.104306920414839,0.9441999720885914,0.0,0.0,1.0,7.0,0.0,0.0,0.0,26050902.0,1.0,-19.2953742222736,103.014132250899,29.5791744232178,3.628793535232546
2026-05-09 17:26:20+00:00,USA,USA,-14.6499993262268,-14.449999434497801,0.0,-14.53000007420826,-14.61999976935424,-14.6200001108637,-0.35030842301848,-3.1689476940889296,-0.95351009622453,0.07147827117364193,-1.8529452913053805,2.608334838359272,2.6039759396970164,0.02557658816771426,0.0399999996901454,-18.78292032601845,33.53962726593015,4.105536661148072,1.0,110.999999673762,0.0,0.0,0.0,142.050189904802,4.01284475326538,124.9298016557876,1.2202000190425792,32.2728291,0.999999885531928,1919.9216365814202,1910.15133857727,130.60698807239538,-41.745059192180655,-25.596558582037687,-64.8455242,-2.0,168.700820922852,-110.604446411133,410.433654785156,101.401000976562,71.4934945106506,59.0308964252472,0.09959999826796641,0.392913702317992,0.383376863926376,0.5117999990236174,0.0,0.0,1.0,7.0,0.0,0.0,0.0,26050902.0,1.0,-21.66413027172038,103.0498438949745,29.76187019348145,3.563155159950256
2026-05-09 17:26:21+00:00,USA,USA,-14.659999406190598,-14.489999754352999,0.0,-14.59000055399118,-14.650000009245678,-14.61999976935424,-0.35133123050647597,-3.166457663249635,-0.9527923287201265,0.06896209618447535,0.803276083366131,2.608334838359272,2.604789116406386,-0.5771457821829201,0.05999999953521806,-19.54692991865045,34.31409130096435,4.824171695709225,1.0,110.999999673762,0.0,0.0,0.0,141.236482148221,4.49678134918213,124.75460183942539,1.649599946240458,32.2728197,0.999999885531928,1919.967246055602,1910.1968050003059,4.9117246642708725,-12.144836026709516,-81.71883895993231,-64.8455157,-2.0,166.3232421875,-109.885597229004,409.333618164062,100.29899597168,71.4838206768036,59.1226875782013,-0.1925999974141523,-0.115068036864646,0.493938149877577,0.033799991937482864,0.0,0.0,1.0,7.0,0.0,0.0,0.0,26050902.0,1.0,-22.989648008471818,103.04342010206051,29.96449756622315,4.197711181640624
2026-05-09 17:26:22+00:00,USA,USA,-9.600000096389612,-9.429999932287847,0.0,-9.640000074735424,-9.699999871499383,-9.720000031427016,-0.352645881839145,-3.1663112410693,-0.9531512124723281,0.0808246606792264,4.333169953301571,2.6083350091139996,2.604789116406386,-2.18504048129349,-0.12999999899297227,-20.46337567317875,35.116999626159654,5.702778482437134,1.0,110.999999673762,0.0,0.0,0.0,143.310277844399,5.33103547096252,125.228999458418,1.3955999812917639,32.2728086,0.999999885531928,1919.9216365814198,1910.424089431762,40.75526036322118,-13.393584173172718,-78.07186692953108,-64.8455057,-2.0,166.037124633789,-108.916542053223,408.182830810547,99.2990036010742,70.5575227737427,59.1090202331543,0.02640000023905798,-0.266217054947987,-0.614369059179447,0.07020002795090075,0.0,0.0,1.0,7.0,0.0,0.0,0.0,26050902.0,1.0,-24.40053559664036,102.9881502112965,30.02399196624755,4.752851028442384
2026-05-09 17:26:23+00:00,USA,USA,-9.30000008804135,-9.339999895632424,0.0,-9.41999985232403,-9.34999997559624,-9.580000107216708,-0.3542528039033095,-3.16631081418248,-0.9588935659509694,0.07471370510305055,8.47143154737439,2.6077918383202565,2.604518043273702,-1.7928896097201679,-0.2799999978310172,-20.246167973609552,35.80961894989015,6.53592204093933,1.0,110.999999673762,0.0,0.0,0.0,140.497974774403,6.24033179283142,124.70359671877961,1.0689999933199599,32.2727962,0.999999885531928,1918.8632726669298,1910.2331638336177,21.469516027718775,-8.58072340488434,-83.82482081651699,-64.8454936,-2.0,165.25456237793,-107.476844787598,406.404846191406,98.2990036010742,71.5611755847931,59.4801008701324,-0.054199997659156396,-0.276386886457019,-0.595112247949095,-0.8271999842006948,0.0,0.0,1.0,7.0,0.0,0.0,0.0,26050902.0,1.0,-24.869761396393223,102.9149237532045,29.923408699035598,5.699746856689454
2026-05-09 17:26:24+00:00,USA,USA,-9.259999768186084,-9.359999884805326,0.0,-9.419999852324032,-9.369999794014412,-9.6499999839445,-0.35659122321932646,-3.16294193009608,-0.03544388331766992,0.06536722154896284,3.79520026856799,2.608606509133508,2.604518043273702,-1.4793214946187019,-0.3900000076510876,-20.9988428673139,36.2594455718994,7.274809856414791,1.0,110.999999673762,0.0,0.0,0.0,136.246318619853,7.0027473449707,123.86920168524121,1.3799999999821841,32.2727832,0.999999885531928,1824.104809761046,1910.4150056839,62.03168854117395,37.36959993839262,-77.537389844656,-64.8454791,-2.0,165.073333740234,-106.21280670166,404.752655029297,97.2990036010742,75.7807791233063,59.5386922359466,0.05619999844407617,0.464802217064743,0.378424176365324,-0.6563999782666989,0.0,0.0,1.0,7.0,0.0,0.0,0.0,26050902.0,1.0,-26.3774979934074,102.79505393327099,29.742317962646503,6.186534147262572
2026-05-09 17:26:25+00:00,USA,USA,-9.190000062213025,-9.31999990645952,0.0,-9.40000003390586,-9.419999681569301,-9.470000081388381,-0.362728108167943,-3.1604509387614304,1.3678552512911548,0.055661487386809684,0.17704582706378952,2.608063338339764,2.603704866564332,-1.819592469068084,-0.27999999783101726,-21.124410772562698,36.9693426132202,8.261957702636721,1.0,110.999999673762,0.0,0.0,0.0,133.249013045998,7.8192400932312,123.74180226476619,1.907399993655592,32.2727696,0.999999885531928,1576.2785196304342,1910.49680709839,74.93895515799521,-18.427041312679673,-48.49177226424216,-64.8454621,-2.0,164.932556152344,-105.147338867188,403.169281005859,96.2990036010742,75.7943212985992,59.2008113861084,-0.04920000303397319,-0.437465051922428,0.864771371393225,0.31679999253003077,0.0,0.0,1.0,7.0,0.0,0.0,0.0,26050902.0,1.0,-27.17153241461184,102.616495712894,29.6377487182617,6.966368780136108
2026-05-09 17:26:26+00:00,USA,USA,-6.9400000849784345,-6.7999999473247055,0.0,-7.0199999562926765,-7.1399998913300875,-7.240000093326694,-0.362874036760386,-3.154737912407535,2.771871935958908,0.06968088154714797,-0.07775306841382344,2.608606509133508,2.60506018953907,-2.518826447258042,-0.33000001878804,-22.532020552948552,37.92641315460205,9.270758743286132,1.0,110.999999673762,0.0,0.0,0.0,131.746549013514,8.80724401473999,123.8452004004976,2.1195999692800918,32.2727547,-3.3485727259813176,1328.543472290038,1910.260438919068,109.18858647346488,7.00645186007022,-34.95214972645045,-64.8454426,-2.0,164.140090942383,-103.652847290039,413.252197265625,95.2990036010742,75.5661249160766,59.6636831760406,-0.141400008936504,0.0167141782627954,-0.173969427152294,-0.4079999786967923,0.0,0.0,1.0,7.0,0.0,0.0,0.0,26050902.0,1.0,-28.519526937883978,102.4170849249805,29.56224689483645,7.622552204132077
2026-05-09 17:26:27+00:00,USA,USA,-4.249999833675808,-4.199999946120916,0.0,-4.34000004108596,-4.340000126463325,-4.520000029019446,-0.36462736766467,-3.134962593769645,4.173017369182146,0.07435417034844342,3.929693310071305,2.608063423717128,2.603704909253014,-2.9830751308514083,-0.2799999978310175,-23.8311524151626,39.72773838043215,10.897402038574239,1.0,110.999999673762,0.0,0.0,0.0,132.50515080387,10.2723292350769,122.64420179344799,3.0377999298307024,32.2727374,-8.88360033736719,1084.941422939299,1910.32407283783,40.797448530793204,74.15620759129521,-85.83369106054303,-64.8454202,-2.0,162.810180664062,-102.120933532715,410.825042724609,94.2990036010742,75.5023121833801,59.3648672103882,-0.46759997994265595,0.244301192376811,1.10387532342019,-1.86139999294471,0.0,0.0,1.0,7.0,0.0,0.0,0.0,26050902.0,1.0,-29.244662508854862,102.18671288956,29.568261909484853,9.146881027221678
2026-05-09 17:26:28+00:00,USA,USA,-4.219999849916453,-4.400000179359397,0.0,-4.4400001577051995,-4.4400001577051995,-4.560000007365249,-0.3637504487484765,-3.12397623448968,5.0053069115315605,0.07399473030935017,6.5559692411112,2.4595051444107403,2.7779497797918458,-2.9296694121555698,-0.33000000277978414,-23.4104699651241,41.085734367370605,12.3398080444336,1.0,110.999999673762,0.0,0.0,0.0,129.459842660529,11.8503727912903,120.0345996134882,3.288999986795196,32.2727186,-7.340165842033303,669.9603557586672,1910.378646850586,63.73051442205907,86.34462356567386,-104.87815439701077,-64.8453932,-2.0,162.214233398438,-100.251617431641,382.711273193359,93.2990036010742,75.7788479328156,59.808212518692,-0.2111999959093684,0.176448118810348,0.328068900194095,-3.375199834262472,0.0,0.0,1.0,7.0,0.0,0.0,0.0,26050902.0,1.0,-29.79111384245844,101.887810151102,29.58118629455565,10.161777248382563
2026-05-09 17:26:29+00:00,USA,USA,-9.50999988897945,-9.370000135523863,0.0,-9.480000161352196,-9.29000000807753,-9.299999917286609,-0.361705300679947,-3.114308315162945,5.001359403700753,0.05602073732786454,5.71591765834557,1.5149236849126622,3.734535787676068,-0.08543100295448522,0.190000009200361,-22.2852500871042,42.1925142288208,13.087054653167721,1.0,110.999999673762,0.0,0.0,0.0,125.454933919935,12.9209844589233,116.60700305022499,2.705199983526842,32.2727001,-6.0597935212615255,167.39199913572537,1910.396814346312,51.40186697244644,67.29233860969543,-103.93345355987542,-64.845362,-2.0,162.013732910156,-98.250373840332,379.61328125,92.2990036010742,75.4752397537231,59.3941628932953,0.13220000025659068,0.486987258458326,-0.165154827904555,-2.817799771452342,0.0,0.0,1.0,7.0,0.0,0.0,0.0,26050902.0,1.0,-28.850816725839003,101.50344808574849,29.8578769683838,11.26088230133056
2026-05-09 17:26:30+00:00,USA,USA,-9.59999992563488,-9.44999957995129,0.0,-9.519999968943273,-9.540000128870904,-9.449999921460751,-0.359512316368484,-3.1137224129982,5.001358976813928,0.056020928092913605,-2.4996643141889767,0.5057044980844599,4.744506212603648,1.07576275571626,0.1399999989155088,-20.503333987370652,42.475628471374506,13.096774806976319,1.0,110.999999673762,0.0,0.0,0.0,120.149475199101,13.1345355033874,115.64879581156399,1.6948000037334878,32.272683,-4.896173124444722,-2.8739482630044213,1910.333156585694,30.984019488096244,-2.3127935826778403,-27.604729309678095,-64.8453284,-2.0,162.319046020508,-96.3772735595703,388.992858886719,91.2990036010742,90.8046662807464,59.6929788589478,-0.06359999147652255,-0.701293728455879,-1.19154880554523,1.0235999380162761,0.0,0.0,1.0,7.0,0.0,0.0,0.0,26050902.0,1.0,-26.973681641905177,101.083545131049,30.04258975982665,11.972822456359859
2026-05-09 17:26:31+00:00,USA,USA,-9.630000165526326,-9.49999997977037,0.0,-9.55000003807999,-9.44999957995129,-9.369999794014413,-0.360536577939721,-3.118996172811095,5.001358976813928,0.049550247664092203,-8.127846565139716,0.20505724126693342,5.029043184935189,1.6613187792758821,0.26999999790848095,-19.021614946942897,42.692259979248,12.91919952392578,1.0,110.999999673762,0.0,0.0,0.0,121.860601510729,13.0367546081543,118.46819954622121,1.995000008558384,32.2726657,-4.9878616692403375,-2.91044246405363,1910.29679775238,18.112666718661778,56.99773393571378,-41.66224384680388,-64.8452954,-2.0,161.507995605469,-95.1414337158203,386.024139404297,90.4010009765625,91.0870015621185,52.304595708847,-0.04360000030258883,0.0275199860944251,0.489456905451814,4.133999828171086,0.0,0.0,1.0,7.0,0.0,0.0,0.0,26050902.0,1.0,-24.56476305561036,100.74646846531999,30.2906370162964,12.21135194778444
2026-05-09 17:26:32+00:00,USA,USA,-9.380000044732958,-9.329999986423338,0.0,-9.339999895632424,-9.339999895632426,-9.319999735704792,-0.3592204992042375,-3.118556479383275,5.00064146544162,0.06392936734408666,-9.596753024458184,0.19392194917850702,5.0290432703125525,1.490420349248731,0.079999999380291,-17.1414986561911,43.2448345184326,12.926656837463359,1.0,110.999999673762,0.0,0.0,0.0,127.139900607042,12.8012300491333,123.6998020655218,2.680199997060712,32.2726465,-6.104654289107532,-2.9378130100667486,1910.169529914856,74.47729781270023,25.603283662348975,-32.415752299129956,-64.8452646,-1.0,160.671997070312,-94.0080261230469,369.630554199219,89.4010009765625,90.6209528446198,51.517516374588,-0.03959999939975922,-0.249583996854272,0.589267153484298,6.0633999465206525,0.0,0.0,1.0,7.0,0.0,0.0,0.0,26050902.0,1.0,-21.576948371116522,100.5891862842075,30.730830001831052,12.433681068420439
2026-05-09 17:26:33+00:00,USA,USA,10.51000005198782,9.410000156558358,0.0,9.360000311692149,8.809999883729752,9.690000111700684,-0.359513290204049,-3.1162124438374947,5.0002827097554645,0.06321048726590019,-7.730148982318795,0.1993539319243522,5.04313471896657,-6.924038872039114,-0.8100000097336985,-16.92602326335015,44.14622840881345,13.766198043823257,1.0,110.999999673762,0.0,0.0,0.0,134.295889800464,13.2654994010925,128.729599815606,4.235600001980762,32.2726235,-7.7306710649034756,-2.4724986171349896,1910.033130645752,82.579581439495,7.190666417591281,-64.97262921184308,-64.8452359,-1.0,158.695571899414,-92.7746200561524,365.927673339844,88.4010009765625,90.636420249939,51.6932904720306,-0.5081999930750888,-0.60193694095126,1.63104714608664,3.360399924236794,0.0,0.0,1.0,7.0,0.0,0.0,0.0,26050902.0,1.0,-21.013915045755358,100.5700788300045,30.8753019332886,13.0279310417175
2026-05-09 17:26:34+00:00,USA,USA,18.36999970295276,18.32000032766208,0.0,17.79000018769334,17.619999852836862,17.02000000689506,-0.3592209794519135,-3.10346784445478,4.998847430878748,0.051707172712203944,-6.043217548608229,0.2080445765788692,5.031752806356297,-13.7775241097635,-1.3400000376446362,-16.86810923560395,46.01764640808105,15.420812873840338,1.0,110.999999673762,0.0,0.0,0.0,139.095135881152,14.7011798858643,130.96140510804238,8.086199998939746,32.272596,-9.181599271043362,-1.3046651147305939,1910.396814346312,148.84965717792505,251.99584066867843,-80.65038337372252,-64.8452071,-1.0,156.933868408203,-90.9522552490234,362.276397705078,87.4010009765625,98.0855166912079,51.2870609760284,-0.9298000123275003,-0.479275014390029,4.28067079814375,1.490799862306658,0.0,0.0,1.0,7.0,0.0,0.0,0.0,26050902.0,1.0,-20.479130016763623,100.8280482447665,31.0922338485718,14.59631040573122
2026-05-09 17:26:35+00:00,USA,USA,18.08999951302268,13.75000015495562,0.0,8.060000161679868,3.050000056414868,-2.769999887829114,-0.3587822865400855,-3.088379849856515,5.0006414654416185,0.7084680697806315,-4.275906741197665,0.26779389483133437,4.961025258349806,-15.83059410916888,-20.839999987976103,-15.97858894055745,47.9236524581909,17.15730091094968,1.0,110.999999673762,0.0,0.0,0.0,140.015695117108,16.5351413726807,132.1563931486226,11.77979998697636,32.2725644,-6.738648498812668,-1.1769356671720699,1910.305905342102,389.56192135810835,615.5257165431979,90.09827598929408,-64.8451756,-1.0,154.891326904297,-88.4634246826172,358.6796875,86.4010009765625,97.9366064071655,60.3550612926483,-0.7600000047849318,0.32375947771464,4.33180799757281,1.0503999581391557,0.0,0.0,1.0,7.0,0.0,0.0,0.0,26050902.0,1.0,-20.85244117754928,101.1472503054375,31.295235443115253,16.32826435089114
2026-05-09 17:26:36+00:00,USA,USA,18.08999951302268,11.91000029727498,0.0,5.549999983688092,-1.2500000276696397,-8.11000013461212,-0.3593664144564675,-3.0772467482311,5.0006414654416185,1.9177418818986862,-5.5141803372464295,0.34954180898934023,4.886503540259367,-16.32841108078744,-26.20000050140846,-16.17271486960025,49.193203353881856,18.84944160461428,1.0,110.999999673762,0.0,0.0,0.0,137.740313217767,18.1548385620117,133.5589970833658,11.827199963023679,32.2725307,-4.404475831567778,-1.1860592057928399,1910.3059053420998,500.8047699928285,770.7736015319823,181.46837949752802,-64.8451398,-1.0,154.233963012695,-85.4738311767578,380.049621582031,85.4010009765625,97.9018032550812,79.59064245224,-1.0799999809617526,-0.501935020735193,-0.555925051442352,1.950200029395988,0.0,0.0,1.0,7.0,0.0,0.0,0.0,26050902.0,1.0,-23.4042100967498,101.451350817854,31.209588432312,16.67701400756834
2026-05-09 17:26:37+00:00,USA,USA,18.08999951302268,10.880000257228986,0.0,2.9000000095520475,-5.259999969926282,-13.56999991089005,-0.359951983115877,-3.080029943596175,4.999923697937215,1.909474065974436,-6.415172575334205,0.4340054010252576,4.8111686881482445,-16.77892660183742,-31.649999343948924,-16.901455926679247,50.45403900146485,20.56676639556884,1.0,110.999999673762,0.0,0.0,0.0,138.365453111741,19.897208404541,136.04380077888658,11.38619957850642,32.2724937,-3.14128698608728,-1.213429775089022,1910.4149818420422,405.60380220413197,707.6561927795409,185.30777394771582,-64.8451009,-1.0,152.8349609375,-82.2658996582031,375.498229980469,84.2990036010742,97.5556433200836,86.5552127361298,-1.305999980278292,-0.348923895648951,0.0399591079345538,3.197399892949334,0.0,0.0,1.0,7.0,0.0,0.0,0.0,26050902.0,1.0,-26.34523627788178,101.71715787468901,31.1026210784912,16.82386241912844
2026-05-09 17:26:38+00:00,USA,USA,18.08999951302268,9.1000000255576,0.0,-0.44000000726376876,-10.49000004147058,-20.76999976973886,-0.359951502868201,-3.066260815837955,4.999565198383152,1.8979710455724397,-5.48423486693439,0.4942977379930376,4.735563531300715,-16.55500465555936,-38.85000056883556,-19.26330972846025,51.57988872528075,22.249449920654303,1.0,110.999999673762,0.0,0.0,0.0,140.915272011934,21.5587926864624,139.74700093931142,9.18479989768844,32.2724523,-2.4944047216825203,-1.259047468192872,1910.3059291839581,376.1486053466796,617.2963976860045,193.9438849687576,-64.8450606,-1.0,151.453872680664,-78.8934936523438,370.607116699219,83.4010009765625,97.199821472168,96.9747304916382,-1.0427999319444912,0.731752263368463,-2.90192475686016,4.012799828896503,0.0,0.0,1.0,7.0,0.0,0.0,0.0,26050902.0,1.0,-31.854688160543184,101.95077083487149,31.1963172912598,16.66265316009524
2026-05-09 17:26:39+00:00,USA,USA,18.1499999928056,10.35000011726024,0.0,2.099999930371778,-6.6999998733941455,-15.439999837707418,-0.3600983652755695,-3.069336428676875,5.0002827097554645,1.936794139635568,-5.842530155650564,0.5738729956564887,4.658874252677176,-15.55669908382842,-33.60000025198628,-21.6390697953914,53.01861362457275,24.16495742797854,1.0,110.999999673762,0.0,0.0,0.0,144.707256435342,23.367301940918,143.585001713195,8.156199875667543,32.2724052,-2.872928384021972,-1.2225533369928558,1910.1786136627184,205.1914423704148,436.38970851898205,91.48162845522177,-64.8450204,-1.0,149.042251586914,-75.0274200439453,365.430847167969,82.2990036010742,98.1512665748596,97.5489258766174,-1.6441999346496217,-1.01842794935603,-0.793677266343885,3.7241999612258594,0.0,0.0,1.0,7.0,0.0,0.0,0.0,26050902.0,1.0,-36.4632708765879,102.119380884722,31.4364080429077,16.38337760925294
2026-05-09 17:26:40+00:00,USA,USA,18.13999991284178,9.109999934766687,0.0,-0.7599999887766762,-10.979999861584037,-21.61000033952912,-0.359951983115877,-3.0634775137511747,5.0006414654416185,3.032114138856122,-4.15822599689293,0.66241045402286,4.574326158394621,-16.48481421655372,-39.719999329460514,-23.5024043113525,54.94007606506345,25.972923545837396,1.0,110.999999673762,0.0,0.0,0.0,149.859281786661,25.2825193405151,147.086599278002,9.372399922488757,32.2723514,-3.4593914353590365,-1.2772945454344118,1910.242247581482,308.6031138896942,494.4901943206788,117.11604073643684,-64.8449819,-1.0,147.018020629883,-70.6999435424805,360.241027832031,81.2990036010742,97.8476524353027,97.0450401306152,-0.7621999660279118,1.69060084612045,1.23747734540193,3.0659998172343,0.0,0.0,1.0,7.0,0.0,0.0,0.0,26050902.0,1.0,-39.75770743783032,102.278356952749,31.96774978637695,17.182419090271004
2026-05-09 17:26:41+00:00,USA,USA,18.11999975291414,8.74999995889972,0.0,-0.9500000193213779,-11.160000105649642,-21.99000030456898,-0.3602442805277995,-3.0565924696243947,5.0006414654416185,3.2089760817528097,-2.5038661878694297,0.730578794180373,4.491945453890444,-17.606334693364403,-40.08999955604602,-23.745110814640647,56.10149059295655,27.47544021606444,1.0,110.999999673762,0.0,0.0,0.0,151.533770963581,26.9661312103271,149.3521948823004,9.998000000458665,32.2722925,-2.929114331219462,-1.286418037489054,1910.0877046585078,432.8691780567168,643.1279897689819,191.4667516946792,-64.8449439,-1.0,144.091339111328,-65.3276519775391,355.061431884766,80.2990036010742,98.0661749839783,96.6622412204742,-0.5521999729907332,-0.195101592217277,0.709605748510667,1.4651999504436521,0.0,0.0,1.0,7.0,0.0,0.0,0.0,26050902.0,1.0,-41.5822025953403,102.44309428534049,32.128476333618195,17.51992046356202
2026-05-09 17:26:42+00:00,USA,USA,18.0999995929865,8.74999995889972,0.0,-0.980000003080731,-11.190000174786359,-21.83000004967628,-0.360390662687492,-3.055567300918655,5.00064146544162,3.198551078645254,-1.35122678223079,0.8174869536089201,4.41634038242028,-17.579250261229642,-39.9300003256817,-24.097144740878647,56.89113636016845,28.62558105468752,1.0,110.999999673762,0.0,0.0,0.0,152.479000842819,28.250072479248,150.0583954613446,9.413599794317001,32.2722302,-2.10626402492564,-1.2772945221513479,1910.114979743958,466.39185547828663,625.2525925636292,212.457287311554,-64.8449054,-1.0,140.990356445312,-59.4091186523438,337.043518066406,79.2990036010742,98.1725335121155,97.5665032863617,-0.4049999941946788,0.0849897113691215,-0.620671349431812,0.09820000092017374,0.0,0.0,1.0,7.0,0.0,0.0,0.0,26050902.0,1.0,-43.51679493811954,102.59851523990349,32.2573133468628,17.164272079467743
2026-05-09 17:26:43+00:00,USA,USA,18.11999975291414,8.730000140481547,0.0,-0.9500000193213779,-11.16000010564964,-21.8800001079859,-0.359806067863647,-3.0552745632796947,5.001358976813928,3.1910025670179705,-3.139027623542865,0.8598545850139976,4.375963121500195,-18.442516504389705,-39.99000012244568,-24.44256704400005,57.5170961380005,29.4490633392334,1.0,110.999999673762,0.0,0.0,0.0,151.931520199707,29.1946392059326,151.104397951597,8.19339998871783,32.2721658,-1.71500585907684,-1.2772945221513479,1910.187697410586,416.65723323822004,588.4169936180116,171.02335691452018,-64.8448652,-1.0,139.203048706055,-53.1784133911133,331.635467529297,78.2990036010742,97.4531531333923,96.777468919754,-0.3980000054546824,0.341813988888085,-1.38715101594412,2.4425999352951124,0.0,0.0,1.0,7.0,0.0,0.0,0.0,26050902.0,1.0,-45.116697766284425,102.7112372668715,32.4742984771728,17.85893348693848
2026-05-09 17:26:44+00:00,USA,USA,18.22000055255228,9.680000053081205,0.0,0.8500000307681841,-8.610000034689396,-18.07000003611396,-0.360244280527799,-3.0640635226376247,4.999565198383152,3.19675341554439,-3.9344224690195952,0.9008643107790526,4.335314702070062,-17.303066439498302,-36.28999990564734,-24.934852074655097,57.834142684936495,30.23894325256348,1.0,110.999999673762,0.0,0.0,0.0,153.588496771596,29.8803646087646,153.9063956321734,6.6314000146914776,32.2720989,-1.1530725890424052,-1.2772944988682842,1910.2331876754738,321.1034655570984,432.91063308715803,94.68971937894814,-64.8448261,-1.0,136.948089599609,-46.6140823364258,326.373229980469,77.2990036010742,97.7180898189545,97.4376022815704,-0.8157999929334622,-0.683420297336719,-1.79277844839143,3.086399970115198,0.0,0.0,1.0,7.0,0.0,0.0,0.0,26050902.0,1.0,-47.34968673050428,102.82041442565901,32.64401321411135,17.21327075958254
2026-05-09 17:26:45+00:00,USA,USA,18.27000026935242,10.250000000641,0.0,1.800000071433906,-7.110000078325461,-16.53000001602686,-0.359951489527988,-3.06801841561047,5.001000221127772,3.193518894085568,-4.2438592801685555,0.9253071779244891,4.3082163534248625,-16.27195342012704,-34.78999952239658,-26.30968463098765,58.1203399658203,30.978057403564442,1.0,110.999999673762,0.0,0.0,0.0,157.535212300461,30.6823837280273,156.9146049200198,6.722800069372026,32.2720285,-1.539285859776358,-1.21342982165515,1910.278606414796,209.4455927610398,298.94407987594616,161.69479191303247,-64.8447904,-1.0,134.661743164062,-38.3743324279785,320.237609863281,76.2990036010742,97.7045476436615,97.7930545806885,-0.9908000155902312,-0.508447179221977,0.129066883094558,2.892199805453846,0.0,0.0,1.0,7.0,0.0,0.0,0.0,26050902.0,1.0,-49.767670685374995,102.9393177738255,32.74799880981445,15.65476055145262
2026-05-09 17:26:46+00:00,USA,USA,18.2400007124799,8.970000181311102,0.0,-0.9199999928733428,-11.24999997155032,-22.0099997814777,-0.3598051073682955,-3.06669997565725,5.0002827097554645,3.201067277646806,-4.066288022126566,0.9663168930173744,4.269194116658744,-16.694240793865742,-40.25000015244816,-27.43599050908555,58.2616962432861,31.75921142578124,1.0,110.999999673762,0.0,0.0,0.0,161.046680854656,31.3079624176025,160.36339692631537,7.639799837619418,32.2719546,-2.0993190032002085,-1.3137886300683,1910.1240396499638,293.564909696579,446.5181529521944,149.82970058918016,-64.8447593,-1.0,132.67985534668,-32.3684577941894,316.404449462891,75.2990036010742,97.9211390018463,97.3497152328491,-0.5892000255313615,0.743766352675104,0.671210053534852,3.691999930846164,0.0,0.0,1.0,7.0,0.0,0.0,0.0,26050902.0,1.0,-52.3475014367805,103.08141644441301,32.62828044891355,16.46236209869386
2026-05-09 17:26:47+00:00,USA,USA,18.2200005525523,8.770000118827351,0.0,-0.940000024734927,-11.1300003780224,-21.819999969712462,-0.360682493191951,-3.065235113523695,4.999923954069308,3.221917070418504,-3.007162070435895,0.9801678763239254,4.254831851004134,-20.013408787073878,-40.039999156226955,-28.06567077131095,58.70211753845215,33.27067543029784,1.0,110.999999673762,0.0,0.0,0.0,165.081820012516,32.5881614685059,163.6761916700086,8.49720014356556,32.2718763,-2.274125742175636,-1.277294522151348,1910.2331399917598,356.28229975700356,533.3996295928954,133.8151276111602,-64.8447333,-1.0,130.061431884766,-22.8562355041504,324.874969482422,74.2990036010742,97.4009394645691,96.6778635978699,-0.7969999932925376,-0.129510205060374,0.8943566025874,2.495999976396202,0.0,0.0,1.0,7.0,0.0,0.0,0.0,26050902.0,1.0,-54.609657357813035,103.2458088524515,32.34125061035155,16.01583755493164
2026-05-09 17:26:48+00:00,USA,USA,18.230000632516102,8.74999995889972,0.0,-0.9800000030807311,-11.19000000403162,-21.8899998464403,-0.359659205456279,-3.058936078283355,4.999923954069308,5.185369993337502,-2.884753234399925,1.042632965835796,4.2006342145627205,-21.09373092884888,-40.10000031902876,-27.79353042156825,59.9174938201904,35.147589340209976,1.0,110.999999673762,0.0,0.0,0.0,166.739028810836,34.4840618133545,165.7269996815158,8.951599993196542,32.2717928,-2.0857572357163265,-1.231676852330562,1910.178589820864,335.2826416492462,599.1430401802062,111.69201321899891,-64.8447102,-1.0,127.917984008789,-14.4219741821289,321.534118652344,73.2990036010742,97.6542711257934,97.5489258766174,-0.8975999606034628,-0.133144559389908,0.724669410560013,2.1804000080827017,0.0,0.0,1.0,7.0,0.0,0.0,0.0,26050902.0,1.0,-55.97696014284993,103.43489580943401,32.2816514968872,16.546547584533702
2026-05-09 17:26:49+00:00,USA,USA,18.230000632516102,8.710000322063376,0.0,-0.960000013907829,-11.18000026557728,-21.94999998471374,-0.359513290204049,-3.064209517931135,5.0006414654416185,7.258821191848848,-2.88475227390457,1.096678908044614,4.135055263152582,-22.407894500633525,-40.17000087877546,-28.0788351071625,61.06712036132815,36.8312523651123,1.0,110.999999673762,0.0,0.0,0.0,168.866660058052,36.263932800293,168.0317978395746,9.138400032090328,32.2717043,-2.203678402679844,-1.18605920579284,1910.342264175414,552.4035871028901,800.510311126709,311.9675517082212,-64.8446896,-1.0,126.2685546875,-7.27010726928711,318.863037109375,72.4010009765625,97.8515207767486,97.5020527839661,-0.4483999833463984,-0.304363581421229,0.647801821310455,2.763399982755836,0.0,0.0,1.0,7.0,0.0,0.0,0.0,26050902.0,1.0,-58.20807968429392,103.6342382954555,32.348420906066906,15.478117561340321
2026-05-09 17:26:50+00:00,USA,USA,18.13999991284178,8.70000041285429,0.0,-0.9800000030807311,-11.180000094822542,-21.749999751475222,-0.359951489527988,-3.07109445533621,5.0006414654416185,5.752980569970906,-2.6420364324671453,1.1729948954856682,4.066766434189242,-24.6608542549676,-39.89000068884538,-29.056652672704352,61.00797271728515,37.962312011718765,1.0,110.999999673762,0.0,0.0,0.0,171.640782370588,37.6601543426514,170.0421984519516,8.642600015333688,32.2716116,-1.5472132974921942,-1.259047468192872,1910.17858982086,909.6953630447379,1066.3481593132012,560.1834893226621,-64.8446723,-1.0,124.146682739258,2.26842737197876,316.187072753906,71.4010009765625,98.2034742832184,97.5508749485016,0.8025999800156646,1.22836565960572,-0.140877334046354,1.4351999533440858,0.0,0.0,1.0,7.0,0.0,0.0,0.0,26050902.0,1.0,-61.984381993367265,103.81237987429299,32.49425582885745,11.72761962890626
2026-05-09 17:26:51+00:00,USA,USA,18.0999995929865,8.8000003587188,0.0,-0.980000003080731,-11.1199999565491,-21.840000129640117,-0.360244280527799,-3.084424529996845,5.000282709755462,4.120245193220516,-2.3220920689712052,1.220251202772672,4.015278675301026,-25.35398492552562,-39.919999562698976,-30.01032125066195,61.03459396362305,39.353058929443336,1.0,110.999999673762,0.0,0.0,0.0,172.826899361474,38.6414978027344,171.343401398277,6.85319982119443,32.2715159,-1.342129205044084,-1.268171006813642,1910.36956310272,1137.411713600158,1183.71741771698,797.7885961532595,-64.8446566,-1.0,123.263534545898,12.2897720336914,313.889526367188,70.4010009765625,97.7258205413818,97.4610388278961,0.7197999659294696,-0.430644761190626,-2.17834476147276,0.290000013761809,0.0,0.0,1.0,7.0,0.0,0.0,0.0,26050902.0,1.0,-65.36776674213293,103.922612297308,32.644854354858396,7.745790309906006
2026-05-09 17:26:52+00:00,USA,USA,18.12999983287796,8.8000003587188,0.0,-0.97000000849428,-11.26000022226888,-21.7599994899296,-0.3602442805277995,-3.0855961208829097,5.0006414654416185,5.181774837890503,-2.8873796555792053,1.279457182144704,3.9591844660818274,-24.1790585165757,-39.88000060888159,-29.90028007294385,62.0835067749023,41.33807899475096,1.0,110.999999673762,0.0,0.0,0.0,172.658876707892,40.5768218994141,171.3882019750808,4.830800017860695,32.2714157,-0.8165037211974695,-1.3137886533513639,1910.2513313293462,1011.3717079162609,999.4243979454037,834.0215444564819,-64.8446408,-1.0,122.624061584473,22.6427192687988,311.897521972656,69.2990036010742,97.495698928833,91.5882170200348,-0.4721999702753889,-1.44506760501124,-2.3092128935175,0.7793999778475028,0.0,0.0,1.0,7.0,0.0,0.0,0.0,26050902.0,1.0,-67.37517026750234,103.963166545505,32.87500076293945,7.615868911743166
2026-05-09 17:26:53+00:00,USA,USA,18.20000039262468,8.770000118827351,0.0,-0.97000000849428,-11.1799999240678,-21.94999998471372,-0.3598051073682955,-3.0959968981632553,5.0006414654416185,6.015037511441912,-4.04895129446578,1.3783149709696019,3.8730101891352584,-23.233776386390463,-40.13999995586512,-29.7299436927802,63.7288948059082,43.976913299560586,1.0,110.999999673762,0.0,0.0,0.0,172.961085257908,42.5683788299561,173.484993552156,3.478400065262592,32.2713101,-0.8267639940160667,-1.249923929572102,1910.3149890899645,778.0744910240176,899.2681503295901,736.1876845359802,-64.8446252,-1.0,122.895278930664,33.390796661377,310.245819091797,68.4010009765625,97.6039886474609,80.1804602146149,-1.745199990963354,-1.53979165662874,-1.48507116920636,3.016799958274628,0.0,0.0,1.0,7.0,0.0,0.0,0.0,26050902.0,1.0,-69.27883004956847,103.9613702057535,33.2408369064331,8.25991287231445
2026-05-09 17:26:54+00:00,USA,USA,18.210000472588497,8.70000024209956,0.0,-0.9800000030807314,-11.11000004734002,-21.779999649857224,-0.360097898368107,-3.7793575380664404,5.00064146544162,4.905698164751763,-2.37620445611404,1.480703433986866,3.730741788346852,-23.900585556944016,-39.9900001224457,-29.498629091254,66.62917900085449,47.80234519958496,1.0,110.999999673762,0.0,0.0,0.0,176.212938321751,46.3930561065674,175.1717907299606,3.05239997144579,32.2711954,-1.2214717789216933,-1.2590474681928718,1910.269546508786,701.4917612075808,860.8482718467709,749.8961806297302,-64.8446148,-1.0,123.059700012207,44.9895553588867,309.484283447266,67.2990036010742,97.8302478790283,71.5831398963928,-1.92060001724556,0.316259796603834,-0.704823442152894,-0.11400000205176011,0.0,0.0,1.0,7.0,0.0,0.0,0.0,26050902.0,1.0,-71.67807879554582,103.9700172252425,33.6451389312744,7.8907852935791
2026-05-09 17:26:55+00:00,USA,USA,18.2100004725885,8.790000278754983,0.0,-0.940000024734927,-11.1799999240678,-21.91999974482228,-0.3596591921160655,-4.1323899525837104,5.0006414654416185,3.596489852521246,-2.24749092858733,1.652346792192544,3.6003968487925384,-22.28811313164958,-40.15000003582892,-28.9145540021168,68.48086624145509,50.23668067932128,1.0,110.999999673762,0.0,0.0,0.0,176.105294540432,49.6376964569092,175.47579971784222,2.4897999362101424,32.2710725,-0.5499291058464332,-1.29554155282676,1910.205912590028,785.1213812828064,869.4507718086243,768.6049222946166,-64.8446052,-1.0,123.924255371094,58.7210807800293,284.149749755859,66.4010009765625,97.6755440235138,60.7886433601379,-1.323000000957336,1.00307304377161,-0.80482514892555,0.47539999194178667,0.0,0.0,1.0,7.0,0.0,0.0,0.0,26050902.0,1.0,-73.23357788089754,103.9385881097765,33.95240421295165,6.763041286468507
2026-05-09 17:26:56+00:00,USA,USA,18.24000037097046,8.760000209618266,0.0,-0.9899999976671824,-11.25000014230506,-21.8399994466212,-0.360097898368107,-5.33797490359503,5.0002827097554645,3.646097473774364,-3.36440657723695,1.719972239032748,3.5147648461773864,-20.69166159807232,-40.08999955604602,-28.4969280617319,69.7909034729004,52.63422225952151,1.0,110.999999673762,0.0,0.0,0.0,175.724429531933,51.3467880249023,176.2615993214738,2.00499998180049,32.2709443,-0.4001745829399412,-1.259047444909808,1910.2422714233398,707.784914970398,836.606240272522,750.5121946334841,-64.8445947,-1.0,126.763565063477,72.159782409668,283.778228759766,65.2990036010742,97.8882610797882,54.9939453601837,-2.030199964743254,-1.32736476931341,-0.795371633505724,2.342599962750176,0.0,0.0,1.0,7.0,0.0,0.0,0.0,26050902.0,1.0,-74.52749847952957,103.8748556146315,34.16935501098635,6.90297303199768
2026-05-09 17:26:57+00:00,USA,USA,18.2999994847155,8.710000322063376,0.0,-0.9800000030807314,-11.180000265577283,-21.8800001079859,-0.3598051073682955,-6.81719622922068,5.0002827097554645,4.907136090326778,-4.123552328127955,1.823990150398222,3.399595050166276,-22.324733532394077,-40.17000019575658,-28.0975037217114,72.4952705383301,56.24101936340334,1.0,110.999999673762,0.0,0.0,0.0,178.86087971956,54.9305728912353,180.2713957454376,2.9935998974095286,32.270808,0.016929537995987776,-1.2499239528551658,1910.1876974105842,547.7499842643738,743.9175248146056,664.5881652832031,-64.8445899,-1.0,129.904983520508,89.1523361206055,297.3427734375,64.2990036010742,98.6463248729706,49.5332211256027,-2.2588000356499163,-0.0591091240879515,1.17033818668629,4.885599735477448,0.0,0.0,1.0,7.0,0.0,0.0,0.0,26050902.0,1.0,-76.97530987050574,103.82573972431001,34.997797966003404,8.566755352020264
2026-05-09 17:26:58+00:00,USA,USA,18.32999972460696,8.8000003587188,0.0,-0.97000000849428,-11.14000011647674,-21.969999803131902,-0.35936737495181903,-8.771621349604214,4.999565198383152,4.121683204172894,-4.434040134635445,1.90736755025704,3.2491971020956285,-22.55475996024282,-40.29000115532236,-28.94807144792135,73.61660728454589,58.825128021240246,1.0,110.999999673762,0.0,0.0,0.0,182.668341351627,57.9698341369629,184.495195656476,4.051800038302546,32.2706639,0.5913448543411336,-1.249923929572102,1910.1968050003059,753.4974217414858,908.2098603248596,740.3386116027832,-64.8445961,-1.0,132.303298950195,101.416236877441,298.847900390625,63.298999786377,97.9984939098358,53.960782289505,-2.1475999882731003,0.336837475706217,0.972605063988064,3.288399911987928,0.0,0.0,1.0,7.0,0.0,0.0,0.0,26050902.0,1.0,-81.07856787099625,103.811160685526,36.731780433654805,3.3423602628707885
2026-05-09 17:26:59+00:00,USA,USA,18.2100004725885,8.74999995889972,0.0,-0.989999997667182,-11.3300002697514,-21.81999962820304,-0.359074103704332,-9.929451112042685,5.001358976813928,4.847822471442294,-4.525978109401819,1.8647284295046203,3.074951804669974,-22.80309744223748,-40.03999915622694,-29.474629514057852,73.9968372344971,60.98910919189452,1.0,110.999999673762,0.0,0.0,0.0,185.705303003803,60.2021667480469,188.1086006859204,4.778599784864686,32.2705145,1.0504850793716902,-1.2134297983720859,1910.4604482650743,765.6137228012084,919.7821259498596,789.1146540641784,-64.8446126,-1.0,134.683441162109,120.517616271973,303.645935058594,62.298999786377,98.222815990448,56.4313888549805,-2.790399933988308,-0.713997186621015,0.499965204850732,4.0985998114765545,0.0,0.0,1.0,7.0,0.0,0.0,0.0,26050902.0,1.0,-85.03412029860957,103.799395684681,37.63150234222415,-1.7499677681922923
2026-05-09 17:27:00+00:00,USA,USA,18.230000632516102,8.730000140481547,0.0,-0.97000000849428,-11.3599998266239,-22.00000004302334,-0.35878229988029897,-9.553419316155864,4.999923954069306,4.710502884217022,-4.60373106192254,1.9231198447851099,3.024548551755914,-23.072796682370818,-40.23000067553946,-31.3844835946822,73.9446075439453,63.65350112915036,1.0,110.999999673762,0.0,0.0,0.0,189.286371185641,62.4887924194336,192.226999849763,4.8387999623034395,32.2703606,0.9532011689028066,-1.2225533369928558,1910.35134792328,721.5952038764954,976.8986105918879,807.8521847724916,-64.8446412,-1.0,135.43620300293,134.103424072266,296.667755126953,61.298999786377,98.2363522052765,56.4196705818176,-3.068999935138546,-0.291392305135434,-0.0566999949717477,4.06699989859281,0.0,0.0,1.0,7.0,0.0,0.0,0.0,26050902.0,1.0,-90.80997004946899,103.7548696814815,39.7178867340088,-10.466171665191661
2026-05-09 17:27:01+00:00,USA,USA,18.26000053089806,8.710000322063376,0.0,-0.960000013907829,-11.310000109823761,-21.80000015129432,-0.3598051073682955,-8.70789909974258,5.0002827097554645,4.191421057768656,-3.956486754803085,1.9801528635057282,2.971705811402418,-24.33202845775568,-40.06000068219242,-32.79096297876045,74.44959068298336,66.72176559448243,1.0,110.999999673762,0.0,0.0,0.0,193.935394085723,65.383504486084,196.06660161998818,4.656400016650342,32.270202,0.7006905907356554,-1.1951827444136098,1910.424089431762,736.6091132164,1019.938921928406,854.6911835670469,-64.8446856,-1.0,134.118789672852,154.662170410156,318.069274902344,60.298999786377,98.3021020889282,56.3161611557007,-3.1726000737145683,0.44138456664981,-0.781081650462441,3.765799868696058,0.0,0.0,1.0,7.0,0.0,0.0,0.0,26050902.0,1.0,-95.73219641823853,103.670533920705,41.334037399292,-16.372454109191903
2026-05-09 17:27:02+00:00,USA,USA,18.2999994847155,8.74999995889972,0.0,-0.9500000193213779,-11.35999999737864,-21.99000030456896,-0.3587822865400855,-8.710389557468694,4.999923954069308,4.460308017654943,-3.613428124021325,2.025779722444518,2.92238621068886,-24.56968318237898,-40.2800003923396,-32.8693325692971,74.87909774780269,69.97280960083008,1.0,110.999999673762,0.0,0.0,0.0,197.347292142198,68.7430618286133,199.22239763541978,4.283400141736087,32.2700382,0.8218071016198063,-1.2316768523305621,1910.3058815002419,652.9321551322935,973.7770676612848,778.8185119628906,-64.8447443,-1.0,132.24089050293,169.123458862305,326.461822509766,59.298999786377,97.6774752140045,56.4138114452362,-3.3424000278962835,-0.385009545942274,-0.71450139331998,2.674599882271534,0.0,0.0,1.0,7.0,0.0,0.0,0.0,26050902.0,1.0,-99.48540175961458,103.555742346419,42.12451229095455,-23.250949859619162
2026-05-09 17:27:03+00:00,USA,USA,18.31999964464314,8.770000118827351,0.0,-0.9000000037004403,-11.289999949896119,-21.799999809784882,-0.359806067863647,-8.708045095036091,5.0002827097554645,3.8653771112283097,-3.509931441466885,2.09937991994987,2.85165840655027,-23.413830418195737,-40.109999715973665,-32.8805511550089,74.37344856262206,71.87864776611327,1.0,110.999999673762,0.0,0.0,0.0,200.035313090057,71.4933036804199,202.20260314766898,3.2283999871579043,32.2698707,1.0375024372242276,-1.22255336027592,1910.3877067565923,673.1630563735962,990.5436754226694,827.0305514335632,-64.8448151,-1.0,129.286422729492,191.694549560547,341.561614990234,58.298999786377,97.8824615478516,56.4450621604919,-2.8845999820304202,0.610297039134503,-0.65651639563945,2.654400046032388,0.0,0.0,1.0,7.0,0.0,0.0,0.0,26050902.0,1.0,-103.0202131683174,103.4315046205115,42.62600898742675,-29.55713310241698
2026-05-09 17:27:04+00:00,USA,USA,18.2400007124799,10.909999984856261,0.0,3.260000006763356,-4.8100000427812555,-12.65000023818186,-0.3592209794519135,-8.69998888691006,5.00064146544162,3.6859990120187573,-2.622598727945495,2.142562211496028,2.80098378168275,-22.702770501066475,-30.90999991530624,-33.276790919328846,73.70388679504396,73.47331054687497,1.0,110.999999673762,0.0,0.0,0.0,202.427982997825,72.7154846191406,203.2535944080912,1.9300000224021097,32.269702,0.7136471074095404,-1.186059182509776,1910.360455513,655.3164243698122,895.0160741806033,807.1197271347047,-64.8448954,-1.0,129.050170898438,211.109252929688,355.973327636719,57.298999786377,97.9849576950073,56.2770962715149,-2.8715999976057702,-0.471711273575328,-0.917430689150995,-0.2955999684684268,0.0,0.0,1.0,7.0,0.0,0.0,0.0,26050902.0,1.0,-105.9626094853968,103.28390081745249,43.118665122985846,-35.58987007141112
2026-05-09 17:27:05+00:00,USA,USA,18.230000632516102,10.749999900718302,0.0,2.629999995635309,-6.090000118243272,-14.940000449894319,-0.35936737495181903,-8.70233249556902,4.99884768701084,2.9889771400019,-2.783883186468175,2.1773255691825497,2.7752399876160063,-22.86031803502816,-33.16999954561786,-33.4029701265084,73.45953712463375,74.72470275878904,1.0,110.999999673762,0.0,0.0,0.0,202.530900288239,74.2329368591308,203.322795152686,2.5213999344712557,32.2695305,0.5125238790137197,-1.259047468192872,1910.160422325136,827.665913105011,974.3014931678763,892.2755002975464,-64.8449793,-1.0,129.480895996094,230.983734130859,371.778198242188,56.298999786377,97.9327440261841,53.0740976333618,-2.0507999860347423,0.736167980666876,1.05747304591153,0.7615999565876873,0.0,0.0,1.0,7.0,0.0,0.0,0.0,26050902.0,1.0,-108.1938328457162,103.0712018965095,43.18967456817625,-37.4284794616699
2026-05-09 17:27:06+00:00,USA,USA,18.25000045093428,9.850000046428258,0.0,1.1099999967376184,-8.050000167093417,-17.289999946106597,-0.360097898368107,-8.69383659401517,4.999923954069308,3.1582900163184275,-2.6162938230113353,2.205298993126476,2.7373017018711683,-22.80691176137948,-35.54000073855034,-33.039911421176356,72.6089618682861,75.44502960205075,1.0,110.999999673762,0.0,0.0,0.0,203.328283892703,75.1368026733398,204.2927912978546,1.9701999972245485,32.2693574,0.9212163962036687,-1.2043062597513159,1908.060169219972,879.5042634010315,1094.990015029906,943.4390425682066,-64.8450662,-1.0,131.836700439453,250.96337890625,388.375091552734,55.298999786377,98.1203198432922,56.3415467739105,-2.671599935122022,-1.66919908868645,-0.311957711241652,0.7249999536962342,0.0,0.0,1.0,7.0,0.0,0.0,0.0,26050902.0,1.0,-109.8476962173808,102.816285576306,43.075315475463896,-38.031637115478496
2026-05-09 17:27:07+00:00,USA,USA,18.27000026935248,13.099999738440061,0.0,7.6699998605440864,2.0800000052319,-3.2699999586611264,-0.3598051073682955,-8.70907090407206,4.999923954069308,3.538254848572754,-2.7218914290657903,2.23816129572357,2.7085768290524976,-22.003536373466122,-21.53999977978238,-32.7140499260642,71.46335906982421,75.88985916137695,1.0,110.999999673762,0.0,0.0,0.0,203.273095964209,75.7801139831543,204.1097996016872,0.3647999820196432,32.269183,1.0023926395363998,-1.2772944988682842,1908.0238103866577,755.7580232620239,916.8115139007568,885.9772324562073,-64.845154,-1.0,134.233947753906,271.179870605469,405.688568115234,54.298999786377,97.2597718238831,60.2066338062286,-2.375999934637082,0.199292153396918,-1.63740039595351,-0.9113999802934373,0.0,0.0,1.0,7.0,0.0,0.0,0.0,26050902.0,1.0,-111.672651729641,102.5404278961075,43.0393215179443,-39.047911605834955
2026-05-09 17:27:08+00:00,USA,USA,18.17000015273324,12.7599999225007,0.0,6.910000015841716,0.5199999639553795,-5.930000076794011,-0.359951983115877,-8.68167757663208,4.9984884190605,2.25996208561549,-1.6942863735079,2.2642333657572955,2.6665738550438998,-22.030238998026256,-24.099999759951697,-33.78862992780395,70.89353942871095,75.71060760498047,1.0,110.999999673762,0.0,0.0,0.0,203.125399953597,75.9170310974121,202.06040134122517,1.3633999936007504,32.2690078,-0.06559605756555288,-1.240800390951332,1908.0692768096899,1014.7535800933838,1109.9706292152384,1066.5312051773067,-64.845241,-1.0,135.946090698242,287.37939453125,410.540588378906,53.4010009765625,98.0352342128754,60.3687345981598,-1.3511999950826379,1.17408988153133,1.34272010178466,-3.4841998777076264,0.0,0.0,1.0,7.0,0.0,0.0,0.0,26050902.0,1.0,-113.54760286058782,102.19400411649951,42.86876392364505,-40.46238212585446
2026-05-09 17:27:09+00:00,USA,USA,18.269999927843,12.700000125736718,0.0,6.939999914223707,0.890000009113988,-5.209999911616664,-0.3600983652755695,-8.59378627550553,4.999923954069306,2.16002794435476,-0.750740055858968,2.2685789028619836,2.677955340767352,-21.76092156546758,-23.459999764909384,-32.88837342915585,68.98378257751465,74.71411331176753,1.0,110.999999673762,0.0,0.0,0.0,199.919623345895,74.7586051940918,197.8727959686362,1.5818000094113018,32.2688313,-0.3758991568147902,-1.122194458730516,1907.9692840576179,1185.1890087127679,1260.3147029876702,1237.54861354828,-64.8453178,-1.0,137.749847412109,307.965759277344,428.738586425781,52.4010009765625,97.9501485824585,64.1830384731293,-2.005999985528006,-1.31226396811045,0.106577944973655,-5.693199851524558,0.0,0.0,1.0,7.0,0.0,0.0,0.0,26050902.0,1.0,-114.2206906825354,101.7215155353795,40.77248668670655,-38.34563941955567
2026-05-09 17:27:10+00:00,USA,USA,18.28000000780678,12.669999885845261,0.0,6.610000007493454,0.17999999860565374,-6.530000050801848,-0.361413003268025,-8.504429045028374,4.999565198383152,0.6430435113282276,0.6393623488585369,2.23788953957197,2.702886427700226,-21.80479016295926,-24.80000023477692,-31.957567201897547,70.83143577575686,73.65214050292968,1.0,110.999999673762,0.0,0.0,0.0,194.694501310078,74.4800399780273,189.4625955303784,2.306599983306168,32.2686514,-1.737947760135658,-1.2499239295721019,1907.869243621828,1289.10045623779,1337.162590026856,1274.765777587892,-64.8453751,-1.0,140.753616333008,328.596984863281,446.405181884766,51.4010009765625,97.8476524353027,64.2279624938965,-1.0347999554852372,2.34724317337272,1.23709175987894,-9.757399586001071,0.0,0.0,1.0,7.0,0.0,0.0,0.0,26050902.0,1.0,-110.03153622304322,101.1814729682745,38.02055740356445,-29.74908760070802
2026-05-09 17:27:11+00:00,USA,USA,18.240000029460997,13.13999988754056,0.0,8.049999996338688,2.600000001203788,-2.8399999993446583,-0.361851215932177,-8.433383551716016,5.0006414654416185,0.7566375826978142,0.55320548889435,2.397854490924374,2.898539288220674,-21.609859296122742,-21.080000541069857,-30.299216054438702,76.6170902252197,71.57659103393553,1.0,110.999999673762,0.0,0.0,0.0,185.024333143553,72.1803749084473,179.22700244775382,3.4820000018420125,32.268471,-1.79803094924053,-1.268170983530578,1907.79650211334,1348.703384399412,1413.979816436768,1327.354717254638,-64.8453984,-1.0,144.45036315918,349.504608154297,481.015228271484,50.4010009765625,97.7180898189545,58.5524022579193,-1.237400014853916,-0.923245954899026,0.324096131335528,-10.228199573602899,0.0,0.0,1.0,7.0,0.0,0.0,0.0,26050902.0,1.0,-96.76288835644739,100.653041722758,36.91839179992675,-8.689543533325196
2026-05-09 17:27:12+00:00,USA,USA,18.25000010942482,13.480000044989342,0.0,8.500000008861079,3.2699999373167863,-2.140000036783628,-0.362874023420173,-8.410824717547928,4.999564942251061,0.8004935336673789,0.585775379353688,2.943202194024166,3.5174746810419038,-24.37208171157698,-20.389999804699,-27.813635937163802,81.3918685913086,68.9573391723633,1.0,110.999999673762,0.0,0.0,0.0,174.878510603227,70.0497138977051,169.32339753992642,4.860800086997413,32.2682954,-1.2990287156854077,-1.249923906289038,1907.7965021133436,1345.0219154357922,1416.29946231842,1270.874524116516,-64.8453838,-1.0,152.130813598633,368.929260253906,495.517913818359,49.4010009765625,97.9095339775086,54.8806667327881,-1.49839998455086,-0.209011992833522,1.68251464919509,-9.774799834421145,0.0,0.0,1.0,7.0,0.0,0.0,0.0,26050902.0,1.0,-84.03139115486267,100.13984179909099,36.377358055114755,8.67154930114746
2026-05-09 17:27:13+00:00,USA,USA,18.28000034931624,13.429999815925001,0.0,8.369999993859853,3.07999999748553,-2.2700000517848538,-0.3637504487484765,-8.44041480457972,4.999205503545989,3.020970727913932,-0.2926254177498327,3.022505855618574,3.6792543709680983,-23.382549176325476,-20.53999997962784,-24.490674627645348,84.13420372009276,66.28077850341798,1.0,110.999999673762,0.0,0.0,0.0,163.911863249206,67.2925643920898,160.18180132081403,4.424599874051481,32.2681317,0.015112992823821858,-1.2681709602475142,1907.9056262969978,914.9871587753307,1000.1504778862002,963.3370161056525,-64.8453334,-1.0,161.727127075195,387.817932128906,507.740417480469,48.4010009765625,97.7741658687592,48.7891107797623,-2.930199989788034,-2.32859014019282,-0.734438181898718,-8.025199835594464,0.0,0.0,1.0,7.0,0.0,0.0,0.0,26050902.0,1.0,-72.81533944329877,99.64153510290859,35.98798370361325,22.47213523864746
2026-05-09 17:27:14+00:00,USA,USA,18.289999746261138,13.3699996776516,0.0,8.45000012130619,3.140000007692922,-2.16000002595653,-0.3608284084441805,-8.44773932869091,4.999206186564904,3.7693976281526838,-0.981898336766662,2.9622131718052502,3.740497432915748,-22.215251747169,-20.449999942972404,-23.150282446428953,83.6243453979492,63.66261291503904,1.0,110.999999673762,0.0,0.0,0.0,155.551493139057,64.6665229797363,154.0337950526482,2.773399977342288,32.2679822,0.4099661020102334,-1.1769356904551358,1907.978343963622,746.5670228004456,926.6393542289734,799.0772724151609,-64.8452572,-1.0,177.311614990234,404.746398925781,516.850891113281,47.298999786377,82.705807685852,45.1173782348633,-2.099799912550804,1.17049058528214,-1.56541030882328,-4.843599877742664,0.0,0.0,1.0,7.0,0.0,0.0,0.0,26050902.0,1.0,-68.55017044249531,99.16887576705994,35.75562629699705,26.713863487243678
2026-05-09 17:27:15+00:00,USA,USA,18.26000053089808,13.279999811750901,0.0,8.389999812278024,3.05000001372618,-2.3000000355442096,-0.360536097692045,-8.44803217305158,1.6915833101356135,3.304596211500732,-1.4006099570644799,2.922018319624688,3.780874608458464,-21.18070621623034,-20.579999957973662,-22.5387243836189,82.65046920776365,60.53875350952145,1.0,110.999999673762,0.0,0.0,0.0,150.683344110023,61.8868446350098,149.33720398311,1.065600031872833,32.2678455,0.63338684580536,532.0560719585046,1907.7874422073378,880.4961800575254,967.3449397087097,933.8293075561523,-64.8451689,-1.0,183.003540039062,420.092437744141,515.815002441406,46.298999786377,82.6071798801422,40.6409919261932,-2.071600003802864,-0.536737075712229,-1.94921389949022,-4.825999760912012,0.0,0.0,1.0,7.0,0.0,0.0,0.0,26050902.0,1.0,-63.97036194738602,98.7355344151685,35.680605125427206,29.281542778015144
2026-05-09 17:27:16+00:00,USA,USA,18.2900000877706,13.3799997576154,0.0,8.429999961378556,3.169999991452272,-2.1200000049220438,-0.32240200429752697,-8.45828642142988,-0.5002193906074982,4.239231186675639,-2.409827289603045,2.868244154911816,3.8304653676820735,-20.1453970701425,-20.399999884662783,-21.44182076235065,81.5569278717041,57.19196502685547,1.0,110.999999673762,0.0,0.0,0.0,145.157830354509,58.5425514221191,145.2270010462716,-0.8351999980125464,32.2677226,0.74924278767945,1140.9698843955991,1907.9783439636237,775.0984191894531,863.9019250869751,906.1600685119629,-64.8450724,-1.0,165.933929443359,433.739013671875,514.363464355469,45.298999786377,82.914662361145,40.4495924711227,-2.36839998314761,-1.05285082211243,-2.1471510740899,-1.8677999228856934,0.0,0.0,1.0,7.0,0.0,0.0,0.0,26050902.0,1.0,-58.93004980409394,98.33243372582724,35.6524354934692,33.91495903015136
2026-05-09 17:27:17+00:00,USA,USA,18.290000087770643,13.3399997792696,0.0,8.379999903068938,3.1300000131064705,-2.220000036163918,-0.2683434449150425,-8.453451928157985,-0.674285986538885,3.846684761772008,-4.021106747653755,2.8158275756738442,3.968669037518042,-19.187145093742338,-20.519999819700217,-21.90028952642495,79.63893814086916,54.5129228210449,1.0,110.999999673762,0.0,0.0,0.0,144.7016693406,55.1491973876953,146.4649974220172,-2.2456000547486297,32.2676084,0.33933271723279396,1533.0231428146358,1907.9056024551398,735.3175163269044,769.0222740173341,922.9587912559513,-64.8449775,-1.0,149.875274658203,445.757904052734,519.152770996094,44.298999786377,82.904988527298,40.1937425136566,-2.318799960479938,-0.573471647337556,-2.00931977762975,3.464599966865356,0.0,0.0,1.0,7.0,0.0,0.0,0.0,26050902.0,1.0,-57.248544656858186,97.97506798316846,35.64840488433835,33.73919082641602
2026-05-09 17:27:18+00:00,USA,USA,18.2200005525523,13.0500001923946,0.0,7.5199999417473204,1.930000001057768,-3.7399999817007616,-0.24379778609064,-8.444515479402664,0.3478612796306766,4.55413159420774,-3.731107694387295,3.003766335168314,4.302254708185179,-18.516140137981683,-21.96999980313188,-21.60379272210195,79.85732917785646,53.42426490783693,1.0,110.999999673762,0.0,0.0,0.0,149.35491329759,53.7954277038574,150.24460281057299,-2.0934000039541583,32.2674931,-0.4917629640785958,1859.121465682986,1907.9056024551398,530.3545594215391,561.0623121261598,734.2238783836362,-64.8448944,-1.0,138.287689208984,456.648498535156,529.6611328125,43.298999786377,83.1815302371979,40.5706822872162,-3.189599902294542,-1.12362684311769,0.827526830096822,2.861799828741226,0.0,0.0,1.0,7.0,0.0,0.0,0.0,26050902.0,1.0,-54.22938862482937,97.7714805345779,35.639451026916504,35.396155700683586
2026-05-09 17:27:19+00:00,USA,USA,18.210000472588483,12.840000220701782,0.0,7.190000291149163,1.280000032773334,-4.829999946576792,-1.33827162092257,-8.43572630660133,2.855495777580714,4.331976105603759,-0.15603353715482493,4.16018579160922,3.322634613032688,-18.009929546892078,-23.030000083069343,-22.09054956839745,79.0825080871582,51.491094131469744,1.0,110.999999673762,0.0,0.0,0.0,152.500474957569,52.6460964202881,150.1307981986224,-1.04960001225326,32.2673769,-1.601010898291656,1924.446868896484,1907.9419851303142,287.9516363143922,398.34458231925953,557.0236444473268,-64.8448207,-1.0,124.270652770996,470.434020996094,535.797912597656,42.298999786377,82.8585803508759,40.467169880867,-2.986800017203956,0.19684258342433,0.794536376075425,-5.081799992971187,0.0,0.0,1.0,7.0,0.0,0.0,0.0,26050902.0,1.0,-52.859438458470244,97.74657424976945,35.635729408264154,34.34525093078614
2026-05-09 17:27:20+00:00,USA,USA,18.079999433058862,12.889999937501921,0.0,7.310000055431848,1.4899999831218278,-4.730000000712282,-1.391600083775585,-8.367170844128266,1.4295859994177145,1.7901280468448575,8.2539327109918,4.551271708624892,3.029968178796268,-18.189220305057642,-22.810000031412702,-22.2019542226286,77.03632507324215,46.919584808349626,1.0,110.999999673762,0.0,0.0,0.0,146.796174170342,49.2786117553711,135.0569969042086,0.4036000055180244,32.2672735,-2.598714431535946,1924.419498443604,1907.796525955202,517.3607170581818,550.1636147499084,542.8941786289214,-64.8447409,-1.0,113.911392211914,479.755462646484,534.952697753906,41.298999786377,83.2936882972717,40.4261559247971,-0.30000000301217483,2.97284175723875,2.09588431451002,-22.964199065133837,0.0,0.0,1.0,7.0,0.0,0.0,0.0,26050902.0,1.0,-47.500646205502065,97.74030072101681,35.62905178070065,32.76875267028808
2026-05-09 17:27:21+00:00,USA,USA,9.949999970948415,7.199999986914842,0.0,4.480000045337554,0.9300000088041347,-3.400000091056229,-1.41424562932962,-8.381673470170316,-0.43705297807206556,-0.0485863665659432,10.07588183011131,4.751160353647807,2.8307922213245638,-11.641293179471216,-13.330000168881275,-19.2260211644602,72.85889053344724,40.75501190185548,1.0,110.999999673762,0.0,0.0,0.0,122.102417528104,42.9078701019287,111.6118002082874,-1.632000016172792,32.2672096,-1.8437220759905397,1924.501609802246,1907.81469345093,967.7430272102359,730.9198021888732,750.0888824462891,-64.8446377,-1.0,101.91609954834,492.501861572266,542.997802734375,40.298999786377,82.641988992691,41.402679681778,1.8257999797735458,2.05781646861437,-3.17031938817334,-22.34859923788244,0.0,0.0,1.0,7.0,0.0,0.0,0.0,26050902.0,1.0,-37.53688304052224,97.73151368264955,35.60331115722655,30.973299636840817
2026-05-09 17:27:22+00:00,USA,USA,-15.809999722783473,-10.620000056471815,0.0,-5.559999978274542,-0.5700000115928268,4.150000037221686,-1.410008937692655,-8.397493468948536,2.63728438171296,-0.6449553479779784,11.19542325960995,5.007538590465496,2.598284812637148,11.074084351363101,19.94000013368605,-9.104444941914695,71.7455360412598,36.02658348083499,1.0,110.999999673762,0.0,0.0,0.0,101.32255735577,37.7698596954346,89.6785997568562,-2.1090000706411023,32.267187,-2.793778956636762,1924.4924783706679,1908.105611801146,1185.997509956358,851.3855218887327,971.1587548255933,-64.8445284,-1.0,98.9804992675781,498.821197509766,539.749633789062,39.298999786377,81.914871931076,41.1605030298233,1.7068000057749644,-0.311128136742186,1.5977569107937,-21.3679999070464,0.0,0.0,1.0,7.0,0.0,0.0,0.0,26050902.0,1.0,-11.670380271095393,97.72300326694369,35.56906642913815,34.923255386352544
2026-05-09 17:27:23+00:00,USA,USA,-18.109999672950302,-11.51999991076184,0.0,-4.690000022366476,2.589999963928654,10.140000145567418,-1.412785036064295,-8.3391926817406,4.559552800729342,1.1700339444474437,10.6810950740692,5.167503755261313,2.4107614567102624,17.484683560095156,28.24000042157286,6.4335360725263255,68.18109397888185,32.85147972106932,1.0,110.999999673762,0.0,0.0,0.0,78.5790109668681,33.8286998748779,69.99599854638197,-3.0263998745304463,32.2671989,-0.7267827818129847,1924.4468927383418,1908.9330196380622,1318.792152404786,930.5904388427729,1077.133321762084,-64.8444288,-1.0,98.5807266235352,496.50244140625,539.040771484375,38.298999786377,82.3190450668335,45.6876695156097,1.9324000228104041,-0.166835307904429,-0.170156180563444,-17.83259905301834,0.0,0.0,1.0,7.0,0.0,0.0,0.0,26050902.0,1.0,17.158440855049957,97.71475922861549,35.6387712478638,31.8656346130371
2026-05-09 17:27:24+00:00,USA,USA,-18.049999534676864,-11.4700001939617,0.0,-4.690000022366476,2.61999999037669,10.039999858193449,-1.405625823875355,-8.288068715803055,2.3200171428787177,1.477744617382756,7.077125481387865,5.315790491859509,2.280145572089308,21.68161145788212,28.089999905134523,20.053441379573,64.14242362976076,32.023964080810536,1.0,110.999999673762,0.0,0.0,0.0,58.5778743221854,31.8125610351562,55.0226003497483,-5.155399891655766,32.2672367,0.933158266932008,1924.3647575378418,1775.4511833190923,1431.1820268630981,1045.019376277923,1256.0788393020641,-64.8443453,-1.0,98.772102355957,492.503570556641,533.428833007812,37.298999786377,82.4679493904114,50.1230418682098,1.4251999801019761,-0.368406956895559,-2.58444561140692,-10.235199663728515,0.0,0.0,1.0,7.0,0.0,0.0,0.0,26050902.0,1.0,39.749384852326656,97.70677473747575,35.6594804763794,26.37613140106202
2026-05-09 17:27:25+00:00,USA,USA,-18.1499999928056,-12.6599999766362,0.0,-7.1500001420486345,-1.010000013520512,4.880000090263776,-1.411031705160005,-8.29568565738809,7.147940413127051,2.695645616095052,3.34076505136371,5.4089450513831,2.180151218442184,22.0775793806731,22.989999421704617,24.65145471938655,63.5610958099365,33.29957290649414,1.0,110.999999673762,0.0,0.0,0.0,50.6177601275883,32.7239284515381,49.1371991457343,-5.648199833196842,32.2672881,1.080117900442512,1924.3008852004998,1090.7669067382835,818.3561563491828,676.0244846343992,923.6261248588571,-64.8442703,-1.0,101.600135803223,486.459167480469,525.898620605469,36.4010009765625,82.5220942497254,50.0371098518372,-2.005999964183664,-4.44586746095697,0.216966655256501,-4.136199789414063,0.0,0.0,1.0,7.0,0.0,0.0,0.0,26050902.0,1.0,47.740689788787556,97.6779001127595,35.8848031997681,23.34877212524412
2026-05-09 17:27:26+00:00,USA,USA,-18.1499999928056,-12.71000020570056,0.0,-7.060000190770575,-0.8299999935705162,5.2999998628947225,-1.404457114475345,-8.296271772996239,7.758787880131294,4.09436270362494,0.773855176918437,5.37608313298415,2.216734736165148,22.11648891931792,23.47000018638264,27.902292646364252,63.95158767700195,34.36892303466796,1.0,110.999999673762,0.0,0.0,0.0,44.5187666138875,34.1136371612549,45.589400132324826,-5.785599931276957,32.2673476,2.072126184501048,1924.3556261062618,588.6166274547575,338.7364447116854,297.44416475296003,571.8768477439879,-64.8441988,-1.0,107.763053894043,479.557556152344,512.713989257812,35.4010009765625,97.5285708904266,50.1015603542328,-1.8829999752750297,0.610209367253204,0.105753379724254,-2.711999778355044,0.0,0.0,1.0,7.0,0.0,0.0,0.0,26050902.0,1.0,52.55344598365366,97.67539343333415,36.3418567657471,20.62483154296874
2026-05-09 17:27:27+00:00,USA,USA,-18.18000023269706,-12.00999990163006,0.0,-5.669999918725504,1.130000007254862,8.209999909721905,-1.40182733156233,-8.295978501748754,7.716796218623512,4.988377177767945,0.47912787183818295,5.30275456356435,2.283939443352476,20.71496996012442,26.389999971664203,28.7066652418964,63.12593765258789,34.58640083312988,1.0,110.999999673762,0.0,0.0,0.0,41.7729246996102,34.4899326324463,42.581799414333844,-5.268799985652924,32.2674117,2.2008122418606937,1924.437761306762,113.34271470550445,547.0676600933076,346.46932482719393,593.913173675537,-64.8441302,-1.0,113.820640563965,471.827484130859,508.430572509766,34.4010009765625,98.222815990448,50.2206921577454,-0.07540000070992472,1.66464164496275,0.325373883638423,-2.946999949957422,0.0,0.0,1.0,7.0,0.0,0.0,0.0,26050902.0,1.0,54.56348049789138,97.6792080939856,35.7477933883667,19.907113609313978
2026-05-09 17:27:28+00:00,USA,USA,-18.1499999928056,-9.859999955637326,0.0,-1.0400000132881198,8.269999962617977,18.079999774568318,-1.39992763183857,-6.33291148451786,7.563545898178103,4.998083303465355,-0.743385302824611,5.290533049950352,2.294779081631334,17.09672949825734,36.20999994895571,28.5552493395073,63.347672653198245,35.08039421081544,1.0,110.999999673762,0.0,0.0,0.0,38.901339002713,34.7348522186279,40.40279968040834,-3.9691999139712744,32.2674793,2.4030196934181483,1924.3647575378423,-0.5273365823086352,733.1240057945249,488.6170148849486,701.5772104263307,-64.8440651,-1.0,121.470848083496,463.698638916016,499.124267578125,33.4010009765625,97.7045476436615,50.1933515071869,0.44840000869280383,0.602650855802085,1.82076002587368,-1.7319998606516802,0.0,0.0,1.0,7.0,0.0,0.0,0.0,26050902.0,1.0,54.296538263616505,97.64015648740605,35.513842964172355,20.2204337310791
2026-05-09 17:27:29+00:00,USA,USA,-18.17000015273324,-9.720000031427029,0.0,-1.1500000177721035,8.109999963857392,17.54999997610906,-1.400512199981985,-0.11309099725472499,6.46638853538213,4.996286024562627,-0.285796159059692,5.301396551202622,2.293423972100004,14.381426555042301,35.72000081186118,27.93038948328875,64.56387977600096,36.35688400268554,1.0,110.999999673762,0.0,0.0,0.0,36.6755989182593,35.8278785705566,38.43839970907226,-3.4751999508817115,32.267551,2.967324287738536,1924.3647813796997,-0.5546126107219608,881.5369367599485,637.818968296051,784.4526886940006,-64.8440017,-1.0,128.356323242188,455.378356933594,484.968994140625,32.4010009765625,97.6233303546906,50.271475315094,0.6728000041797545,-0.00492577993410079,-0.12452510078119,-2.0481999464611302,0.0,0.0,1.0,7.0,0.0,0.0,0.0,26050902.0,1.0,53.87331925207502,97.51394142173339,35.358219909667994,22.08349422454834
2026-05-09 17:27:30+00:00,USA,USA,-18.11999975291414,-8.760000038863536,0.0,0.9000000357169524,11.28999994989612,21.840000129640117,-1.3902850055560951,-0.113530163744122,4.288583273476434,4.995926244348098,-2.77705481156716,5.261201314823921,2.330278434889604,14.31085482072626,39.94999980259044,29.130490432726752,65.02920570373536,37.95523063659668,1.0,110.999999673762,0.0,0.0,0.0,33.9388684763349,37.3080459594726,38.12900033589768,-3.3603999669254763,32.2676276,3.6850434258651914,1924.519848823546,-0.6091646733693781,1081.953859329224,835.916543006897,971.0787773132326,-64.8439392,-1.0,138.020782470703,446.497741699219,475.161193847656,31.298999786377,97.9888200759888,49.8144596815109,1.0076000077761313,0.209327435515386,-0.0475570263755319,1.7511999279510675,0.0,0.0,1.0,7.0,0.0,0.0,0.0,26050902.0,1.0,57.2210476812975,97.36803492068361,34.997763633728,20.7205588531494
2026-05-09 17:27:31+00:00,USA,USA,-18.13999991284178,-8.70000024209956,0.0,0.9800000030807314,11.170000014858719,21.6999993516562,-1.38414904108219,-0.11279773934745049,3.249567682546784,4.995206683919038,-1.270320896995315,5.440720457439834,2.7036992202114574,13.242358297725502,39.8200008121176,28.92769016343805,65.19748878479005,39.27173400878904,1.0,110.999999673762,0.0,0.0,0.0,36.3768430288684,38.809252166748,39.08380067620074,-2.72719998015477,32.2677064,2.9854396996533863,1924.3556261062618,-0.5455206090118739,1256.14631175995,994.223856925965,1128.814053535464,-64.8438725,-1.0,145.565292358398,437.239807128906,469.412261962891,30.4009990692139,98.0449020862579,50.3671705722809,0.9323999451794069,0.331045688733457,0.453161013398102,-0.45399997940767545,0.0,0.0,1.0,7.0,0.0,0.0,0.0,26050902.0,1.0,58.42123895998736,97.3443819755878,34.58455066680905,19.478909111022936
2026-05-09 17:27:32+00:00,USA,USA,-18.1499999928056,-8.740000049690632,0.0,0.940000024734927,11.110000218094763,21.6999993516562,-1.381664773215015,-0.11396980381108901,3.334269071887524,4.995206940051131,-1.920191785376605,5.75630593294569,3.07684910315536,12.185687051989499,39.8300008920814,27.8910774757471,66.89857749938965,41.20208473205564,1.0,110.999999673762,0.0,0.0,0.0,35.8473804247873,40.3678413391113,39.79180032707244,-1.566200006757382,32.2677877,2.9294383383182163,1924.346542358398,-0.5364286014810206,1132.522296905518,1000.5501627922058,1097.93951511383,-64.8438023,0.0,153.668609619141,427.624572753906,458.657623291016,29.298999786377,97.7993071079254,50.0390589237213,-0.5676000018463814,-1.94255190372852,1.36469687576941,1.6862000164999897,0.0,0.0,1.0,7.0,0.0,0.0,0.0,26050902.0,1.0,57.753116685565864,97.34137327725844,34.3836673736572,22.08711456298828
2026-05-09 17:27:33+00:00,USA,USA,-18.17000015273324,-8.70000024209956,0.0,0.9700000084942804,11.14000028723148,21.739999671511402,-1.38561006123434,-0.1144089703004865,4.364311245662975,4.996286024562627,-1.268745417813715,5.663422275800054,3.163294026347788,10.815066331808561,39.919999562698976,26.55689393648615,68.4187419891357,42.99424186706544,1.0,110.999999673762,0.0,0.0,0.0,38.4257495157105,42.3644931793213,40.9898004810765,-1.0568000161461897,32.2678709,2.254612660113194,1924.3830204009998,-0.4546005045995118,939.3202304840099,884.6703290939328,957.9928278923037,-64.8437254,0.0,163.462890625,417.642181396484,442.793548583984,28.298999786377,98.1493294239044,50.4863083362579,-1.478400016722302,-1.08434322354977,0.291295908754687,0.766199975601879,0.0,0.0,1.0,7.0,0.0,0.0,0.0,26050902.0,1.0,57.2985744264907,97.35596256132555,34.28157691955565,23.907403564453137
2026-05-09 17:27:34+00:00,USA,USA,-18.1499999928056,-8.750000129654449,0.0,0.910000040975574,11.100000138130941,21.82000031122194,-1.38444087158665,-0.11396933023351949,3.9253766091715114,4.99412759940754,-1.5949935656659,5.589550791718604,3.2367313238414384,12.16318021263646,39.96999859648024,25.78677217832065,69.58776626586915,44.434461593627915,1.0,110.999999673762,0.0,0.0,0.0,39.0884520350255,43.9234771728516,41.78280115315006,-0.49019999534895736,32.2679559,2.092692140224052,1924.346494674684,-0.5909806583076715,890.6493425369259,932.8144311904907,935.3769063949587,-64.8436436,0.0,174.645553588867,407.397491455078,431.116851806641,27.298999786377,97.4454164505005,37.7563387155533,-1.252599981865886,0.476357029510553,0.598860367616993,0.5249999665846882,0.0,0.0,1.0,7.0,0.0,0.0,0.0,26050902.0,1.0,57.13795569796865,97.3901237524594,34.05909004211425,25.00465518951418
2026-05-09 17:27:35+00:00,USA,USA,-18.21000047258848,-9.380000044732958,0.0,-0.5400000064891323,9.10999993476668,18.80000006781172,-1.383418104119295,-0.114116192640888,4.208907409260944,4.99556672026566,-1.012895549489178,5.508889245828514,3.315859961838366,11.536044025122198,37.00000011892694,24.92021327171645,70.66895484924315,45.70893264770508,1.0,110.999999673762,0.0,0.0,0.0,39.8222363330329,45.0095512390137,42.0297992350485,0.3487999890804961,32.2680422,1.8004753672227742,1924.3008852004998,-0.5182445689570159,893.8607454299923,940.6272649765015,926.9146084785461,-64.8435579,0.0,182.270477294922,396.700866699219,423.260986328125,26.298999786377,97.9965567588806,36.5220099687576,-1.7993999752822962,-1.35883059704601,0.653671194963317,0.39699998571891343,0.0,0.0,1.0,7.0,0.0,0.0,0.0,26050902.0,1.0,56.57898735969211,97.43389160466086,33.841020011901904,26.45998386383056
2026-05-09 17:27:36+00:00,USA,USA,-18.23750069248895,-9.974999722626793,0.0,-1.4999999883804476,7.587500054616255,16.662500051019027,-1.3880934753278749,-0.11396980381108901,3.4443607183002647,4.9950270499438645,-0.535867694016507,5.1818979307059525,3.1029991760838405,12.118643708021299,34.912500843462745,24.25706252123705,71.77071533203124,47.00869491577148,1.0,110.999999673762,0.0,0.0,0.0,40.5085678917817,46.6191650390625,42.5917981282598,-0.1236000036849434,32.2681305,1.8771298972589079,1924.4286060333238,-0.48187653301283717,879.0797114372253,950.4061937332151,933.8440895080564,-64.8434685,0.0,191.008483886719,386.130432128906,406.694610595703,25.298999786377,98.2015430927276,36.3345175981522,-1.5353999944028078,0.671721357227251,-0.681182076362218,0.3719999885806141,0.0,0.0,1.0,7.0,0.0,0.0,0.0,26050902.0,1.0,56.51993764224168,97.47290906029451,33.590742874145505,27.605309257507322
2026-05-09 17:27:37+00:00,USA,USA,-18.190000312660878,-8.820000177136972,0.0,0.9200000248898543,11.249999971550318,21.890000187949745,-1.38648656660392,-0.114115719063319,2.715165571035348,4.99448737962207,-1.008691781498444,4.450241172591989,2.4893479911305,13.71881385271482,40.07999947608219,24.211976442525803,72.3285495758056,48.3317303466797,1.0,110.999999673762,0.0,0.0,0.0,40.6877135084273,47.8821189880371,42.71159828026402,-1.1712000284934956,32.268221,2.0926288755968643,1924.419498443606,-0.5546126281842589,1045.2013373374937,1049.6382474899278,1069.898319244386,-64.8433766,0.0,202.90153503418,375.042602539062,393.955657958984,24.298999786377,98.3098387718201,36.3325655460358,-0.9146000026268496,0.432385498933627,-0.69413190158515,0.09439999649397875,0.0,0.0,1.0,7.0,0.0,0.0,0.0,26050902.0,1.0,57.467769140534564,97.53410755525786,33.1456558227539,25.641791839599602
2026-05-09 17:27:38+00:00,USA,USA,-18.1499999928056,-8.70000007134483,0.0,0.9500000193213782,11.139999945722,21.33999988805338,-1.384148614195365,-0.115141388027051,1.2364976187985108,4.9948471598366,-1.080141056384627,4.037971466554209,2.144652035938642,14.039629716332342,39.49000090538736,24.10182598178105,72.8999450683594,49.403145904541,1.0,110.999999673762,0.0,0.0,0.0,40.5110062693154,49.0000293731689,42.96539923057574,-1.550799979235754,32.2683139,2.0243921481702882,1924.3282556533818,-0.536428589839488,1186.9597434997581,1106.209087371828,1171.3941097259521,-64.8432823,0.0,213.947723388672,363.717254638672,389.632995605469,23.298999786377,97.8592574596405,32.3971718549728,-0.7745999610226572,0.207265852304166,-0.522652531952576,0.22959998525474695,0.0,0.0,1.0,7.0,0.0,0.0,0.0,26050902.0,1.0,58.14601375530602,97.62661905247106,32.86964664459225,24.37389404296874
2026-05-09 17:27:39+00:00,USA,USA,-18.24000037097048,-9.550000208834721,0.0,-1.0299999866851568,8.180000011339917,17.5700001360367,-1.389846806232155,-0.11514138802705101,3.163073027039456,4.99448737962207,1.133201567714856,3.8744757769764155,2.122702070446384,12.96617413448468,35.800000085533895,22.2771972940728,72.90730247497561,49.575836563110336,1.0,110.999999673762,0.0,0.0,0.0,42.4081732735564,49.6771064758301,42.029799235048486,0.17019999515975304,32.2684062,-0.1909270826491966,1924.4286298751842,-0.5273365881294011,995.5866932868952,992.2656893730167,1008.4135651588449,-64.8431844,0.0,223.414535522461,352.198272705078,376.181701660156,22.298999786377,98.2537567615509,35.7134491205215,-1.3975999247137678,-0.480513626507329,2.14108309134258,-2.6477999702043813,0.0,0.0,1.0,7.0,0.0,0.0,0.0,26050902.0,1.0,56.53453375649798,97.72462885196614,32.9813501358032,26.51601413726805
2026-05-09 17:27:40+00:00,USA,USA,-18.160000072769417,-10.520000110607294,0.0,-2.530000012418205,5.91999995414151,14.15000027992314,-1.39934349058197,-0.11396933023351949,2.934453490093662,4.995206940051129,-0.11295318618202499,3.773716655585654,1.9899178568960483,11.36934181786118,32.29000070502908,21.96866825775325,75.76523780822755,50.50872825622558,1.0,110.999999673762,0.0,0.0,0.0,39.6244272244802,50.0956306457519,39.74860074660994,1.041399967280218,32.2685015,1.1622370273777825,1924.4651317596442,-0.5909806583076718,845.4138278961182,925.4660606384274,821.6247200965881,-64.8430886,0.0,233.560302734375,340.600982666016,362.844268798828,21.298999786377,98.3059704303741,35.8462572097778,-1.151200017976253,0.285342865284492,0.204197843386787,-0.438399960745499,0.0,0.0,1.0,7.0,0.0,0.0,0.0,26050902.0,1.0,54.002196725486144,97.686775943586,34.00445709228515,33.424928283691386
2026-05-09 17:27:41+00:00,USA,USA,-18.08999951302268,-8.789999937245524,0.0,0.8000000204833331,11.099999967376181,21.659999714819815,-2.5531353839213446,-0.1144089703004865,1.0050072786393645,4.99448737962207,-0.7906675408180746,3.6794758398519343,1.988291887675442,11.91026616238844,39.749999569351964,21.7773205081553,76.4662273406982,50.66708930969238,1.0,110.999999673762,0.0,0.0,0.0,38.5091119745305,50.6720764160156,39.5265984249981,0.607399993053701,32.2686011,1.5257058001921038,1924.373865127564,-0.5546126107219609,1052.8409123420724,981.3347339630125,957.2678089141846,-64.8429958,0.0,244.279434204102,328.876312255859,341.379760742188,20.298999786377,98.0255663394928,35.5396270751953,0.01920000059832182,1.66396342852251,-0.363581668370783,-0.40880004464460995,0.0,0.0,1.0,7.0,0.0,0.0,0.0,26050902.0,1.0,52.9375245961564,97.5515006319793,33.8612176895142,33.89479705810545
2026-05-09 17:27:42+00:00,USA,USA,-18.0999995929865,-8.790000108000253,0.0,0.8599999933381252,11.0300000906484,21.45000008463644,-3.54343650755356,-0.114994999197252,1.0839650872018463,4.99448737962207,-1.135829002750343,3.669155509393412,1.9999445319089417,11.15342980517752,39.56000078211514,21.531553226345352,77.59208908081055,51.56544822692872,1.0,110.999999673762,0.0,0.0,0.0,37.6255279676464,51.1744262695312,39.7096003664492,0.5111999375565626,32.2687022,1.69286424274534,1924.300909042358,-0.5273365823086352,985.4529023170468,936.9228720664978,920.3774571418759,-64.8429033,0.0,256.348236083984,316.655456542969,327.859008789062,19.298999786377,98.0313658714294,35.8911752700806,-0.9836000357096865,-1.41130726060434,-0.482732477492231,0.9639999571142358,0.0,0.0,1.0,7.0,0.0,0.0,0.0,26050902.0,1.0,52.07254943966598,97.3821256009413,33.965472793579096,34.612661590576174
2026-05-09 17:27:43+00:00,USA,USA,-18.11999975291414,-9.069999956420881,0.0,0.30000001368434603,10.23000001146813,19.860000006239698,-4.13223968842197,-0.114702221537654,1.8279651710847822,4.994847586723424,-1.9658975436724848,3.66209437445209,2.007261414745998,10.722750519515085,37.98999983911766,20.9406829527576,78.9260662078857,52.71732765197752,1.0,110.999999673762,0.0,0.0,0.0,38.8552830371396,52.4370918273926,41.7193992391605,0.2606000020900825,32.2688038,1.7162887607020418,1924.3373870849616,-0.5637046240735801,699.306356906891,742.5504207611083,710.6516122817991,-64.8428063,0.0,266.719055175781,301.735168457031,311.222198486328,18.298999786377,97.8573203086853,35.7173562049866,-1.0621999850483406,0.135795513221306,-0.894462043632712,2.0599999306816312,0.0,0.0,1.0,7.0,0.0,0.0,0.0,26050902.0,1.0,51.35474436922182,97.21739851363355,33.94677028656005,35.72733306884764
2026-05-09 17:27:44+00:00,USA,USA,-18.0999995929865,-8.70000007134483,0.0,0.960000013907829,11.17000018561346,22.00000038453278,-4.218588220569744,-0.114555359130285,1.804995565071146,4.995925561329182,-1.845065147313465,3.6061473558095,2.0676914280503236,10.41490467286722,40.10000031902874,20.070989843097998,79.87229804992674,53.59917343139648,1.0,110.999999673762,0.0,0.0,0.0,41.003893210391,53.2048301696777,43.358598194677214,0.3633999906749462,32.2689044,1.657391697979562,1924.4286060333259,-0.4636925237718971,668.1707501411438,681.3482522964475,633.6437463760376,-64.8427034,0.0,275.7763671875,291.772033691406,300.137145996094,17.4009990692139,97.7761030197144,35.4575991630554,-0.6381999733917627,0.32065913212041,0.255123360312432,1.781799943829008,0.0,0.0,1.0,7.0,0.0,0.0,0.0,26050902.0,1.0,49.84348646818104,97.09146348571684,33.7038059234619,37.61443748474122
2026-05-09 17:27:45+00:00,USA,USA,-18.129999832877964,-8.80000018796407,0.0,0.8000000364915889,11.13000003651292,21.54000012129186,-4.833544515935255,-0.1158738124237225,1.800329606717014,4.995566464133567,-1.448417706077425,3.561878210411666,2.1061716039284355,9.778994595099897,39.650000135751625,19.099987952574203,80.44146537780759,53.787084274291985,1.0,110.999999673762,0.0,0.0,0.0,43.1320708727402,53.9306144714355,45.065998638113264,0.4666000028955694,32.2690032,1.152723192849849,1924.4377613067638,-0.609164673369378,800.7812619209292,765.6058549880983,688.8559460639951,-64.8425952,0.0,287.951995849609,279.282867431641,286.085876464844,16.4009990692139,97.7374255657196,35.723215341568,0.030200002914349877,0.781553307041142,-0.278644424060267,0.891999941863823,0.0,0.0,1.0,7.0,0.0,0.0,0.0,26050902.0,1.0,48.292393537862935,96.9711838544329,33.4670488357544,40.21045463562012
2026-05-09 17:27:46+00:00,USA,USA,-18.220000552552282,-9.919999923156029,0.0,-1.6199999661065447,7.5199999417473204,16.030000457459018,-6.131104367423135,-0.11528777685685,0.9576326169806496,4.9948471598366,0.6813926649681505,3.5192393457913425,2.1487167242023975,8.806628203534647,34.22999982555532,18.23806674441645,79.77432746887206,53.28853706359864,1.0,110.999999673762,0.0,0.0,0.0,44.3377631857876,53.1461048126221,44.35599979087151,0.27819999885881685,32.2690994,0.7157299255721682,1924.3283033370979,-0.590980664128438,962.2545599937448,881.3069820404055,841.51930809021,-64.8424853,0.0,298.125091552734,266.851135253906,272.187255859375,15.4010000228882,97.8747248649597,35.7876658439636,-0.4312000008752732,-0.794162796744337,-0.211236153223287,-1.8101999451031152,0.0,0.0,1.0,7.0,0.0,0.0,0.0,26050902.0,1.0,46.998422395831014,96.8429094867255,33.10837783813475,40.76620628356932
2026-05-09 17:27:47+00:00,USA,USA,-18.26999958633352,-10.63999987488998,0.0,-3.019999987278144,5.200000002407576,13.560000001680958,-7.100073422895225,-0.11558103476412451,2.984340764904612,4.9948471598366,1.644901224322655,3.5607922957109976,2.105358854105886,9.728640391481818,31.830000441788144,17.306264163313003,80.0191577911377,53.5770881652832,1.0,110.999999673762,0.0,0.0,0.0,42.8276595867165,53.5684089660644,42.13279985377012,-0.6169999893507978,32.2691973,-0.11111260494718307,1924.27353858948,-0.5546126165427268,750.8830428123474,734.1505646705625,776.1240363121033,-64.8423776,0.0,309.126953125,254.640380859375,258.678314208984,14.4010000228882,98.0951845645904,35.900941491127,-1.5840000133429641,-1.43417089196413,-0.743848154862586,-2.808800079414182,0.0,0.0,1.0,7.0,0.0,0.0,0.0,26050902.0,1.0,46.039046511802965,96.64204045342456,32.92887496948245,40.90425086975098
2026-05-09 17:27:48+00:00,USA,USA,-18.11999975291414,-9.610000005598707,0.0,-0.8500000200960127,8.499999923483713,17.619999852836862,-8.55571864305329,-0.11543464593432551,3.559298832160292,4.99412759940754,2.633628789763975,3.5931110860048903,2.0760921765313,10.301608056235978,35.750000368733694,16.417948542881348,79.34799270629881,53.07462364196776,1.0,110.999999673762,0.0,0.0,0.0,40.5648281599751,53.4109851837158,38.36099863935984,-1.0654000140518587,32.2692981,-0.9722296917323199,1924.273538589478,-0.5455205973703413,698.4911561012268,734.4364881515503,730.7479977607725,-64.842274,0.0,320.950073242188,242.167327880859,245.03515625,13.298999786377,97.6271986961365,35.6724351644516,-1.204000005614412,0.783858175720904,-0.291686216713156,-5.274799837263276,0.0,0.0,1.0,7.0,0.0,0.0,0.0,26050902.0,1.0,45.370787633598056,96.33890299768106,32.730779457092254,40.01619163513184
2026-05-09 17:27:49+00:00,USA,USA,-18.129999832877964,-8.709999980553917,0.0,0.9500000193213781,11.43000004486116,22.0700002612606,-9.94707812274319,-0.114994999197252,5.136305585566808,4.993768246079835,2.987722284840975,3.502400880430512,2.028127514594344,13.3049192446735,40.1900003556842,17.218202534344,79.37948913574215,53.937927246093736,1.0,110.999999673762,0.0,0.0,0.0,35.0893865212668,53.0533561706543,31.43939968164696,-1.175799968800428,32.269406,-0.7699232664649258,1924.3282794952418,-0.5909806583076718,691.6133284568785,711.7537736892702,798.9580631256104,-64.8421815,0.0,330.540222167969,229.48713684082,231.474533081055,12.4010000228882,97.9965567588806,35.8403980731964,-1.91039991946077,-1.58528114338785,-0.624952117133265,-6.314799658452327,0.0,0.0,1.0,7.0,0.0,0.0,0.0,26050902.0,1.0,48.32601855914688,95.96635374449735,32.864977455139154,37.76774002075194
2026-05-09 17:27:50+00:00,USA,USA,-18.109999672950323,-8.729999969726817,0.0,0.940000024734927,11.17000018561346,21.41000044780012,-9.925454597604581,-0.11514138802705101,4.231159354491883,4.99556672026566,2.324718490150485,3.4057158815023016,1.9186483760675959,15.386600223493142,39.51999977924098,19.046245462863602,79.8611709594727,56.22972473144531,1.0,110.999999673762,0.0,0.0,0.0,29.017508858571,55.3218372344971,26.264199839983622,-1.399199981904206,32.2695261,-0.521354075638759,1924.27351474762,-0.5273365881294012,876.2078523635864,855.0731062889101,927.4853110313418,-64.8421014,0.0,342.993804931641,216.299530029297,217.684768676758,11.298999786377,98.0835795402527,39.4222885370254,-1.153999968649134,1.72840380874235,-0.933554417903868,-4.8478000171954,0.0,0.0,1.0,7.0,0.0,0.0,0.0,26050902.0,1.0,54.75651735327102,95.49994061664465,33.06816444396975,31.32724685668944
2026-05-09 17:27:51+00:00,USA,USA,-18.11999975291414,-8.690000332890474,0.0,0.97000000849428,11.07000023974896,21.4000003678363,-9.826979491472276,-0.116020681501198,3.480340607383158,4.994128026294365,1.6963863898734148,3.1960502048806543,1.858489179763864,16.73357004763504,39.510001065314995,20.23831325606405,80.4544120788574,58.60749160766602,1.0,110.999999673762,0.0,0.0,0.0,24.15095297116,57.6504341125488,22.3622001935767,-1.278199979106258,32.2696568,-0.5057428778779015,1924.1914272308338,-0.6000726600177585,1071.83976173401,1145.0413703918462,1158.339524269102,-64.8420306,0.0,355.694427490234,202.041641235352,203.013702392578,10.298999786377,98.195743560791,39.5590007305145,-1.527399900549678,-0.449017649892843,1.07354917678362,-3.3071999223010238,0.0,0.0,1.0,7.0,0.0,0.0,0.0,26050902.0,1.0,58.95577093047037,95.0622450191573,33.1668062210083,24.50287628173826
2026-05-09 17:27:52+00:00,USA,USA,-18.12999983287796,-8.730000311236278,0.0,0.9600000032356588,11.16000010564964,21.450000426145916,-9.837060850687216,-0.116020681501198,4.065347377011804,4.994847330591332,1.5645217972618,3.134943021008806,1.9259649173951943,16.62141799995398,39.57999889298602,20.1251139696285,81.7989429473877,61.09535934448244,1.0,110.999999673762,0.0,0.0,0.0,21.0098975284856,60.1392013549805,19.042399724851442,-0.13240000740539554,32.2697963,-0.9808049408744169,1924.200558662416,-0.5637046298943462,996.7437744140622,1091.067290306092,1124.1125583648682,-64.841966,0.0,366.377868652344,186.645538330078,187.318664550781,9.29899978637695,98.1280565261841,39.5336121320724,-2.333199877552348,-0.784480203183051,1.37729814790126,-2.892199976208574,0.0,0.0,1.0,7.0,0.0,0.0,0.0,26050902.0,1.0,61.20325697120357,94.62944666730485,33.223140335083,22.710672798156743
2026-05-09 17:27:53+00:00,USA,USA,-18.17000015273324,-8.770000118827351,0.0,0.7400000316202858,10.8900001664381,21.35999970647154,-9.84480457765872,-0.11543464593432551,3.6992695146232224,4.99412759940754,1.75680352186785,3.075193764121324,1.983956297033728,14.553469628724802,39.53999993916858,19.73352812545425,83.33611564636229,63.610198516845685,1.0,110.999999673762,0.0,0.0,0.0,18.5962640626067,62.6518913269043,15.933799975075058,0.8905999878717219,32.2699443,-1.1195579286743818,1924.2461681365978,-0.5000605538953096,868.8633561134341,1024.885952472686,962.4278068542486,-64.8419068,0.0,360.584045410156,170.450073242188,174.518600463867,8.29899978637695,98.0294346809387,36.8520766496658,-2.232400116536028,0.570954669267554,1.04732658645606,-3.614600013728168,0.0,0.0,1.0,7.0,0.0,0.0,0.0,26050902.0,1.0,63.058504372432616,94.17405746477266,33.27339076995845,22.65621322631836
2026-05-09 17:27:54+00:00,USA,USA,-18.170000152733238,-9.039999887284164,0.0,0.3199999975211628,10.26000025135956,20.679999733083456,-9.84904142937824,-0.11528777685685,3.3769772629279204,4.994128026294365,1.25298310211747,3.013815037541284,2.044928584669468,14.284915299051118,38.84999988581664,20.180802209478898,84.95065269470214,65.78798263549804,1.0,110.999999673762,0.0,0.0,0.0,14.5388004314444,65.0124824523926,12.5051998862681,0.8903999807229173,32.2701008,-0.8524569138456626,1924.3100166320796,-0.48187652719207097,827.7448534965515,968.392252922059,910.217022895813,-64.8418567,0.0,358.410980224609,153.368057250977,156.755386352539,7.29899978637695,97.5305080413818,34.5299005508423,-1.961400024186588,-0.0147640191825179,0.00377020981034916,-3.5149999754395638,0.0,0.0,1.0,7.0,0.0,0.0,0.0,26050902.0,1.0,65.35963745098277,93.6914943546274,33.3357261657715,21.6819944000244
2026-05-09 17:27:55+00:00,USA,USA,-18.2000003926247,-8.95000002138347,0.0,0.4800000069539146,10.360000197224059,20.66999965311964,-9.838083671515426,-0.1160202012535215,3.299095732096074,4.9948471598366,0.7643985532289279,2.9725337583958678,2.077989048129858,15.29924295778232,38.87000004574424,20.70351487911265,85.30472145080566,67.86154495239259,1.0,110.999999673762,0.0,0.0,0.0,11.0836809379017,66.8376892089844,9.52359999090005,1.3384000071346218,32.2702646,-0.6455918762519001,1924.31001663208,-0.5818886507768186,852.3125648498537,979.8428654670721,936.0744118690491,-64.8418166,0.0,356.981170654297,142.750061035156,145.882308959961,6.29899978637695,98.2150793075562,32.0807784795761,-1.887999951223914,-0.911136242944006,0.731454243005068,-1.4495999317814758,0.0,0.0,1.0,7.0,0.0,0.0,0.0,26050902.0,1.0,68.61052609211504,93.2070802632172,33.39404983520505,16.291863899230957
2026-05-09 17:27:56+00:00,USA,USA,-18.190000312660857,-9.009999988902177,0.0,0.3700000024699296,10.340000208051162,20.61999993631946,-9.776135136403875,-0.116313459160796,2.311044408743438,4.993768246079835,0.10717201468394094,2.94184443779453,2.12080494271573,14.225787375934681,38.80999956596136,21.384747701646,86.5752388000488,69.3581684875488,1.0,110.999999673762,0.0,0.0,0.0,8.83890084736296,68.8305473327637,8.842600077817437,1.385799940493266,32.2704344,0.060838129113423414,1924.2005109787,-0.5909806524869056,924.0260004997253,1045.2794075012218,924.4617342948914,-64.8417835,0.0,356.740051269531,117.124130249023,117.159523010254,5.29899978637695,98.104852437973,32.2096794843674,-1.8346000168445322,-0.330461013868334,-0.619900925437776,-1.0789999802357875,0.0,0.0,1.0,7.0,0.0,0.0,0.0,26050902.0,1.0,70.16048999216338,92.75021573982426,33.415857696533195,14.602723846435541
2026-05-09 17:27:57+00:00,USA,USA,-18.2200005525523,-8.99999990893836,0.0,0.450000023194561,10.37000010643314,20.47999984135442,-9.764008135532514,-0.116606236820394,2.442760764905724,4.994128026294364,0.04045295595795101,2.913056001527892,2.145464871138556,15.7531920149281,38.72000089534377,21.14676512794255,87.81949882507325,71.49336410522457,1.0,110.999999673762,0.0,0.0,0.0,7.93748321655594,70.4295249938965,7.227199977312631,1.26100000463926,32.2706089,0.221817450268959,1924.2096900939937,-0.5182445805985483,942.9157376289365,1056.461906433106,975.7267832756037,-64.8417545,0.0,356.859802246094,97.8452224731445,97.8375701904297,4.29899978637695,97.9984939098358,32.0788264274597,-1.770199998773822,-0.128968859207797,-0.202422140944929,-1.017199979393832,0.0,0.0,1.0,7.0,0.0,0.0,0.0,26050902.0,1.0,71.26506408662434,92.31976014285709,33.43355255126955,14.58117742538452
2026-05-09 17:27:58+00:00,USA,USA,-18.17000015273324,-8.969999839801643,0.0,0.42000001275478177,10.32000021887826,20.360000247826463,-9.719738264427079,-0.11631297891311951,1.5882200030329778,4.99412759940754,-0.913075429698908,2.8636274592970743,2.193700606208194,16.207522538139,38.53000074206916,21.370733007242748,89.72611427307129,73.52839324951172,1.0,110.999999673762,0.0,0.0,0.0,6.25997253470153,72.8502731323242,6.705399564819868,1.080799998884804,32.2707897,0.685392226310955,1924.1731643676758,-0.6182566867209971,1007.768559455871,1098.8027334213261,1019.3497061729428,-64.8417305,0.0,357.088836669922,78.1576919555664,78.1601104736328,3.29900002479553,97.9598164558411,28.0985116958618,-1.80699994811611,0.226242385654709,-0.518457194976601,-0.08260002027760538,0.0,0.0,1.0,7.0,0.0,0.0,0.0,26050902.0,1.0,72.22785028410502,91.8944784141863,33.45107746124265,15.31560745239258
2026-05-09 17:27:59+00:00,USA,USA,-18.2200005525523,-8.99999990893836,0.0,0.3599999972113082,10.32000021887826,20.3500005093721,-9.71550141270756,-0.11675262565019301,2.337244160625962,4.994128026294365,-0.31889344484362897,2.821802795914498,2.242207457099204,15.884799514950481,38.560000981960606,20.81903899118695,90.5783443450928,75.08956420898437,1.0,110.999999673762,0.0,0.0,0.0,6.87391689485282,74.4508781433105,7.016799671157065,0.7042000113003172,32.2709747,0.045819574327047294,1924.2552757263197,-0.5273365939501675,865.589225292206,936.2352252006531,916.7263507843015,-64.8417055,0.0,357.916198730469,57.7022705078125,64.0104904174805,2.29900002479553,97.9540109634399,28.0555456876755,-2.2303999810149557,-0.427066809282597,0.0259638652297393,-0.22179999860202057,0.0,0.0,1.0,7.0,0.0,0.0,0.0,26050902.0,1.0,73.05244263014661,91.5033032351359,33.59206981658935,16.1760391616821
2026-05-09 17:28:00+00:00,USA,USA,-18.2100004725885,-8.989999999729275,0.0,0.43000001267731774,10.26000008060482,20.3500005093721,-9.729819623642019,-0.116167070330997,2.294535073123236,4.99412759940754,-0.513802527778943,2.784595340410856,2.275538908314914,17.14937181524736,38.55000090199678,20.905444299282202,91.4395797729492,76.3035932922363,1.0,110.999999673762,0.0,0.0,0.0,6.46962732570919,76.0189018249512,6.3275999452211185,0.7393999834934439,32.2711633,0.09883746601056749,1924.2279291152959,-0.5909806641284379,885.2439045906067,989.5317912101742,932.7136039733883,-64.8416794,0.0,358.791900634766,32.7680206298828,36.330696105957,1.29900002479553,98.0893790721893,28.0555456876755,-1.6536000465278762,1.01105006439195,0.120398279140327,-0.41919995747913513,0.0,0.0,1.0,7.0,0.0,0.0,0.0,26050902.0,1.0,74.36254121484676,91.15377513454965,33.74329833984375,13.980551090240459
2026-05-09 17:28:01+00:00,USA,USA,-18.280000007806798,-9.88000011556495,0.0,-1.6099999715200943,7.250000002535773,16.40999973948002,-9.72032309937476,-0.1166067103979635,2.244289085314814,4.99412759940754,-0.6278047816586946,2.726747138612798,2.3367820983286096,15.87984011459414,34.68000069185134,20.9222602250188,91.3677017211914,76.55613876342771,1.0,110.999999673762,0.0,0.0,0.0,6.73967635690539,76.4310470581055,7.109399790074784,2.4535999762977583,32.2713535,-0.047276251572780884,1924.1640567779536,-0.5546125990804284,960.6938362121582,1088.290762901308,931.5473914146423,-64.8416532,0.0,359.504760742188,15.8167247772217,22.7887153625488,0.29899999499321,98.0526387691498,28.0516386032104,-1.899999995954074,-0.11689000316596,3.28967651703249,1.0041999983042365,0.0,0.0,1.0,7.0,0.0,0.0,0.0,26050902.0,1.0,74.8775251839252,90.8409627158468,33.99130783081055,13.41767652511598
2026-05-09 17:28:02+00:00,USA,USA,-18.109999672950316,-9.669999973117395,0.0,-0.9399999980545017,8.409999972205654,17.94000002111274,-9.720469094668271,-0.1170458835574675,2.000596131955762,4.99412759940754,-0.8211383887474645,2.7324503465697587,2.322148588786586,17.106647274441638,36.06000079855524,21.45810990974745,92.77837371826175,78.19976898193359,1.0,110.999999673762,0.0,19.16796875,19.16796875,6.72334622837353,77.6034736633301,7.656399758623488,1.2217999908556554,32.2715458,0.5833422632000883,1924.2187976837158,-0.6000726833008232,907.8846335411072,981.9958209991455,929.9573779106138,-64.8416248,1.0,360.254669189453,7.38631820678711,18.2854423522949,-0.598999977111816,98.013961315155,28.0535906553268,-1.884000021691228,-0.139819655240994,-2.78148248169662,0.4245999850782266,0.5,1.00000011920929,2.0,7.0,1.0,0.0,0.0,26050902.0,2.0,76.05045581159966,90.57918205552775,34.1636678695679,15.25883697509766
2026-05-09 17:28:03+00:00,USA,USA,-18.16000007276942,-9.379999873978228,0.0,-0.3699999971338444,9.109999934766687,18.68999987122868,-9.670646706654441,-0.1170458768873605,2.107547929734878,4.993768246079835,-0.7355041716569155,2.682478249347054,2.37580407896263,16.68397945916618,36.83999952252478,21.322160116960248,92.5186878204346,78.92579910278319,1.0,110.999999673762,0.0,40.91796875,40.91796875,7.54951310377358,78.5683547973633,8.26899993754612,1.341399975628478,32.2717409,0.19425679920256697,1924.246144294738,-0.563704629894346,943.7120795249941,1052.3698806762682,993.756461143493,-64.8415942,1.0,361.039825439453,7.38631820678711,18.2854423522949,-1.59899997711182,97.4937617778778,28.0164837837219,-2.017399955450898,-0.982343099475504,0.747999789300043,0.9585999385197889,1.50000023841858,2.00000023841858,2.0,7.0,1.0,0.0,0.0,26050902.0,1.0,77.43886388117187,90.3882987587934,34.097964477539094,6.762713069915771
2026-05-09 17:28:04+00:00,USA,USA,-18.16000007276942,-9.420000023078762,0.0,-0.49000001754862155,9.009999818147445,18.179999549678122,-9.67415358190641,-0.1167530992277625,1.71885940911788,4.993768246079835,-0.9545793409947535,2.6664546255542017,2.3950442949677337,15.63531797626986,36.350000385430256,21.28125326024735,93.83308181762695,80.25097412109373,1.0,110.999999673762,0.0,62.87109375,62.87109375,8.51273113996452,79.7182113647461,8.865200149252635,1.620799962685254,32.2719382,0.7908795781711656,1924.3465423583978,-0.6455327151343229,991.7071938514724,1082.083678245546,1013.4235858917236,-64.8415604,1.0,360.225555419922,7.38631820678711,18.2854423522949,-2.59899997711182,98.0274975299835,27.9520332813263,-1.52900002177314,1.29866506147296,0.508224877908834,0.2545999810590244,2.49999976158142,2.99999928474426,2.0,7.0,1.0,0.0,0.0,26050902.0,1.0,77.44219154933546,90.25115539044876,34.03248596191405,11.397734527587879
2026-05-09 17:28:05+00:00,USA,USA,-18.13999991284178,-9.110000105521417,0.0,0.08999999930282707,9.779999998945728,19.1900001128154,-9.65296846953515,-0.117045403309791,1.047357578439422,4.993768502211929,-1.27504920216996,2.633863908353982,2.427021191604984,15.369815204362562,37.32999934263826,21.4394114131209,94.9586929321289,80.88073104858395,1.0,110.999999673762,0.0,85.19140625,85.19140625,7.70784884156553,80.8322525024414,9.302800124091593,1.6787999440932757,32.2721383,1.201154399395796,1924.091053009032,-0.5818886449560525,1172.194981575014,1216.66088104248,1125.697231292726,-64.8415273,1.0,359.484039306641,7.38631820678711,18.2854423522949,-3.59899997711182,97.7180898189545,28.0535906553268,-1.54499995334731,-0.127947652545388,0.0956546515516997,0.30679996859511005,3.4999988079071,3.99999833106995,2.0,7.0,1.0,0.0,0.0,26050902.0,2.0,77.03854376184171,90.1261765890158,33.796964836120594,17.408413696289063
2026-05-09 17:28:06+00:00,USA,USA,-18.2299999494972,-9.779999998945732,0.0,-1.3599999787927692,7.760000067954242,16.86000009351184,-9.6516532312331,-0.117045403309791,1.8268882423517419,4.99412759940754,-1.1557931921270395,2.596928080935896,2.456829759312846,14.989870905364441,35.0799997922905,20.820005462954548,94.88809547424316,80.8897810363769,1.0,110.999999673762,0.0,107.6640625,107.6640625,7.99123253645571,81.046760559082,9.806400046125649,2.307199972736072,32.2723389,0.5076634897199119,1923.251700401308,-0.6273486826103181,975.6289720535278,1161.799836158752,1064.5379543304443,-64.8414919,1.0,358.459503173828,7.38631820678711,18.2854423522949,-4.70100021362305,98.0294346809387,27.8465688228607,-2.152399946401012,-1.25862478501105,0.302703071720549,1.7169999007885157,4.49999809265137,4.99999761581421,2.0,7.0,1.0,0.0,0.0,26050902.0,2.0,76.58785782757194,90.0040732972235,33.61707572937015,20.21385566711428
2026-05-09 17:28:07+00:00,USA,USA,-18.109999672950316,-10.609999976507991,0.0,-2.799999999654514,5.390000070304874,13.270000073296504,-9.68028965310203,-0.1170458768873605,1.639183331458978,4.9930495394244225,-0.49541566520337516,2.581719512154436,2.475798816807898,15.399951365018477,31.39000102149376,20.4875596654825,93.98063507080076,80.21373458862304,1.0,110.999999673762,0.0,130.12109375,130.12109375,10.7017205378153,80.6996063232422,11.572599880579059,1.4502000119248302,32.2725375,0.14335788933219495,1923.2334613800042,-0.5818886449560524,1016.9312715530381,1140.372371673584,1059.5298767089848,-64.841448,1.0,357.048004150391,7.38631820678711,18.2854423522949,-5.59899997711182,97.7915704250336,26.9423067569733,-1.218399976047674,1.24227000376516,-2.35104438708924,0.028600029767253156,5.49999713897705,5.99999666213989,2.0,7.0,1.0,0.0,0.0,26050902.0,1.0,77.08871559940897,89.9153593851888,33.3368368148804,19.771572875976556
2026-05-09 17:28:08+00:00,USA,USA,-18.119999752914143,-10.040000028948171,0.0,-1.889999969351115,7.139999976707453,15.570000194218101,-9.67459199467376,-0.11675262565019301,1.9772673433691481,4.993768246079835,-0.37458229167373697,2.5977429651925563,2.4682110742815677,15.61433734268688,33.69999900256768,20.425227359116953,92.6545063018799,79.92335494995116,1.0,110.999999673762,0.0,152.37109375,152.37109375,10.7206230863433,79.4574920654297,10.40439984192374,1.4321999768461018,32.2727339,0.03450079961193515,1923.2243299484242,-0.5909806466661396,1154.625558853148,1208.584547042846,1175.3853082656883,-64.8414029,1.0,354.855224609375,7.38631820678711,18.2854423522949,-6.70100021362305,98.5883057117462,26.100543141365,-2.1908000169667616,-2.39220332047115,0.692758019705773,-0.23819995514596454,6.49999618530274,6.99999570846558,2.0,7.0,1.0,0.0,0.0,26050902.0,1.0,77.7382993743852,89.8747675709514,33.1340721130371,12.78382169723512
2026-05-09 17:28:09+00:00,USA,USA,-18.11999975291414,-9.450000092215472,0.0,-0.6099999899386301,8.840000080932509,17.36999990279822,-9.673423178552046,-0.116899014479992,1.8789289050532658,4.993408892752129,-0.629906645643742,2.631691267867686,2.431356782246698,15.46975999644956,35.47999957574852,20.4983069681415,93.24825210571291,80.37071960449218,1.0,110.999999673762,0.0,174.59765625,174.59765625,10.6697228091011,80.6973197937012,11.261999930903121,1.0099999868400835,32.2729317,0.12641556774338134,1923.224329948426,-0.5455206031911073,1071.301746368408,1177.659893035888,1063.4574174881,-64.8413588,1.0,352.839691162109,7.38631820678711,18.2854423522949,-7.59899997711182,97.8244483470917,26.034140586853,-1.619799980302084,1.72477975305742,-1.17808810351672,0.013800013019868329,7.49999523162842,7.99999475479126,2.0,7.0,1.0,0.0,0.0,26050902.0,2.0,78.24672226374696,89.83280971888004,33.1203289031982,14.24586095809936
2026-05-09 17:28:10+00:00,USA,USA,-18.11999975291414,-9.340000066387153,0.0,-0.400000028917965,9.38000004473296,18.769999827920262,-9.67473798996727,-0.1171922657171595,2.0336149099178735,4.9930495394244225,-0.4744014876542405,2.597742751749146,2.460623545198648,14.78464011325956,36.90000068532658,20.4347025390431,92.1210994720459,79.71608413696288,1.0,110.999999673762,0.0,196.90234375,196.90234375,11.1304916393784,79.6934646606445,11.02859973111382,1.7588000288509278,32.2731282,-0.08068319972419175,1923.196983337402,-0.5818886449560524,1163.636660575866,1276.609110832216,1156.2930345535299,-64.8413128,1.0,350.851531982422,7.38631820678711,18.2854423522949,-8.70100021362305,97.9733526706696,26.0282814502716,-1.714999968038682,-0.739779763355638,2.16921813463774,1.1909999198041443,8.49999618530274,8.99999809265137,2.0,7.0,1.0,0.0,0.0,26050902.0,2.0,78.66707805998837,89.8218370199784,33.17750415802005,12.01225444793702
2026-05-09 17:28:11+00:00,USA,USA,-18.23000029100664,-9.960000072256566,0.0,-1.6899999922447264,7.109999992948093,15.759999493719118,-9.67137796378245,-0.1182179413509985,2.2414179939528562,4.992690271474078,-0.3761577708553355,2.608063295651082,2.450325839741748,13.8096034592383,34.00000003544432,20.689203925254198,91.23103179931641,78.88646255493163,1.0,110.999999673762,0.0,219.02734375,219.02734375,11.8347652513031,79.0250495910644,11.891999845981598,2.746799976374402,32.273323,-0.03961720260522581,1923.224329948426,-0.718283001333475,1112.6374959945679,1270.2352762222258,1109.225392341614,-64.8412659,1.0,348.564361572266,7.38631820678711,18.2854423522949,-9.70100021362305,98.6869335174561,26.0946840047836,-1.93459992002036,-0.371109817496607,1.04270575003914,0.5532000194069295,9.5,10.0000019073486,2.0,7.0,1.0,0.0,0.0,26050902.0,2.0,78.7097681083388,89.83345858685115,32.97733154296875,10.91062751770018
2026-05-09 17:28:12+00:00,USA,USA,-18.270000610861878,-10.020000210530004,0.0,-1.78999999147009,7.079999923811384,15.880000282530181,-9.670938697241455,-0.117924696783938,1.576376284257442,4.993768246079834,-0.2863216367286405,2.6314198105368583,2.4281046303620757,13.145846358715357,34.130000391955,20.5997036876913,90.91779441833495,78.47209808349608,1.0,110.999999673762,0.0,240.92578125,240.92578125,12.2902219019534,78.7013580322266,12.14240021586038,2.370799940867224,32.2735158,0.018251995354423716,1923.2973337173457,-0.690999865764752,1055.419087409974,1211.982321739196,1069.613981246946,-64.8412171,1.0,345.682586669922,7.38631820678711,18.2854423522949,-10.701000213623,97.8070437908173,26.0185152292252,-1.9446000213285182,0.534726598857866,-1.13607080745522,-0.1431999478777454,10.5000038146973,11.0000057220459,2.0,7.0,1.0,0.0,0.0,26050902.0,1.0,78.21749861636411,89.85585477713965,32.512668228149394,17.86755672454834
2026-05-09 17:28:13+00:00,USA,USA,-18.18000023269706,-10.5100002013982,0.0,-2.7200000216185622,5.619999945793248,13.859999839274499,-9.68321169340632,-0.11719226571715949,1.9370706555752464,4.99412759940754,-0.25952912247672755,2.648801404002754,2.4088645851117017,13.454073842183101,32.029999992007696,20.34718476388675,90.77589912414545,78.26834701538087,1.0,110.999999673762,0.0,262.71875,262.71875,12.389159753402,78.6511711120605,12.7243997812635,0.9485999852879992,32.2737078,-0.10446501436460118,1923.2973098754878,-0.5637046182528136,908.6822390556335,1035.1789951324465,1017.6528930664081,-64.8411673,1.0,204.697067260742,7.38631820678711,18.2854423522949,-11.701000213623,97.7625668048859,26.2548327445984,-1.9447999751164702,0.279771031747349,-1.85764176673128,0.25079997062973297,11.5000076293945,12.0000095367432,2.0,7.0,1.0,0.0,0.0,26050902.0,2.0,78.1298727534642,89.8716700801628,32.377500343322794,19.654044914245578
2026-05-09 17:28:14+00:00,USA,USA,-18.19000031266086,-10.440000153915662,0.0,-2.4999999272732323,5.799999848349367,14.209999905932381,-9.693147484214574,-0.11719226571715949,2.19188941079504,4.993768246079835,0.599960348238482,2.6441844949445996,2.41536863274885,15.846270759351878,32.39999953557432,20.14226030576615,89.4437381744385,77.49833862304689,1.0,110.999999673762,0.0,284.43359375,284.43359375,12.9125375127062,77.6060073852539,11.581199942517719,-0.5265999784184039,32.2738979,-0.5153497790693626,1923.2790946960442,-0.6364407017827036,871.0133433341982,979.0646076202395,992.7072286605846,-64.8411164,1.0,268.093811035156,7.38631820678711,18.2854423522949,-12.701000213623,98.2073426246643,26.1435091495514,-2.327999969159854,-0.966342527571103,-1.810277393045,-1.674799950527562,12.5000114440918,13.0000133514404,2.0,7.0,1.0,0.0,0.0,26050902.0,2.0,78.39020541367924,89.90058910110865,32.30845127105715,15.66649154663084
2026-05-09 17:28:15+00:00,USA,USA,-18.2000003926247,-10.400000175569861,0.0,-2.6400000649269577,5.759999870003564,14.46999993593484,-9.68438050952804,-0.117924696783938,2.4050760499338244,4.993408892752129,-0.6083669770854455,2.50866235737678,2.185029126103996,17.07765619500006,32.699999885432035,20.6100736223987,89.8710788726807,77.63404449462887,1.0,110.999999673762,0.0,305.96484375,305.96484375,11.0899587355226,77.9317863464356,11.751400060407459,-0.7711999995755306,32.2740885,-0.32507312786430703,1923.352074623106,-0.618263793876395,796.6177701950072,892.5682425498959,923.7695574760435,-64.8410698,1.0,293.567138671875,7.38631820678711,18.2854423522949,-13.7009992599487,97.5672483444214,25.6396234035492,-1.757600028646782,0.48973555582561,-0.57378700997814,1.1409999628801422,13.5000152587891,14.0000171661377,2.0,7.0,1.0,0.0,0.0,26050902.0,2.0,78.85759389254538,89.9001895350422,32.55119247436525,14.6239363861084
2026-05-09 17:28:16+00:00,USA,USA,-18.290000429280077,-11.050000079821299,0.0,-3.909999975047794,3.6599999823204676,11.670000085690726,-9.68788738478002,-0.117778301284032,2.271565360387892,4.992690271474078,0.311014171300625,2.440493953186248,2.212669749080614,16.68474204978702,29.959999490442403,20.26115767751685,88.00774955749509,75.99328582763667,1.0,110.999999673762,0.0,327.5,327.5,12.8757227930799,76.6406936645508,11.568399997258421,1.040599975370585,32.2742763,-1.122768576487621,1923.2973098754878,-0.6091646559070796,934.6879124641421,1008.0692648887641,936.8772268295288,-64.8410199,1.0,316.494842529297,7.38631820678711,18.2854423522949,-14.7009992599487,98.1415927410126,26.0966360569,-1.7927999634873104,-0.323696938795052,2.26081033107738,-0.9399998886647524,14.5000190734863,15.000020980835,2.0,7.0,1.0,0.0,0.0,26050902.0,2.0,78.4578379468407,89.9285450653815,32.55279064178465,12.58361509323118
2026-05-09 17:28:17+00:00,USA,USA,-18.2000000511152,-13.22999992419598,0.0,-8.419999881414732,-3.2499999267995436,2.330000094008754,-9.693585896981926,-0.1171922723872665,2.410101041450548,4.993408892752129,-0.3167934334806948,2.537178909425772,2.13056067266199,15.885562105571342,20.52999989966404,20.87903110398815,89.219888305664,76.48291213989258,1.0,110.999999673762,0.0,348.58984375,348.58984375,11.6974861329487,76.0977973937988,11.71320000766266,1.39859998713822,32.2744628,0.227098341759844,1923.215198516848,-0.6000797555316237,798.9846706390381,946.4864611625675,826.5676379203796,-64.8409728,1.0,334.019378662109,7.38631820678711,18.2854423522949,-15.7009992599487,97.9501485824585,25.8935183286667,-1.6697999639065066,-0.277122919381367,0.519291438550694,1.3793999635280296,15.5000228881836,16.0000247955322,2.0,7.0,1.0,0.0,0.0,26050902.0,2.0,77.96539086994764,89.91113491318715,32.5870491027832,22.15066394805906
2026-05-09 17:28:18+00:00,USA,USA,-18.0999995929865,-10.96999978162024,0.0,-3.800000077285514,4.0899998776039075,12.1300000074222,-9.675761237682305,-0.11748505004686449,0.7627499670108262,4.992690186096716,-0.7517900373612976,2.5089338147076097,2.151155912821056,18.27203771478188,30.239999338863036,21.88330199218545,87.5441368103027,75.63559432983395,1.0,110.999999673762,0.0,369.84765625,369.84765625,11.3831036245104,76.2798820495606,12.52499992165304,-0.10300000507181799,32.2746499,0.5144105373450368,1923.3976840972919,-0.409140455303714,1218.43867301941,1210.719895362854,1163.6730670928978,-64.8409274,1.0,331.125579833984,7.38631820678711,18.2854423522949,-16.701000213623,98.0913162231445,25.9325802326202,-1.0447999874242844,0.242129752509702,-1.82303768051846,-0.10279999525497038,16.5000267028809,17.0000286102295,2.0,7.0,1.0,0.0,0.0,26050902.0,2.0,80.42310740125814,89.948571180028,32.091929626464804,2.84234504699707
2026-05-09 17:28:19+00:00,USA,USA,-18.33000006611642,-13.37000001916104,0.0,-8.82000000638224,-3.7999999919081473,1.1300000072548615,-9.68116690552355,-0.11733865454695849,2.7704363155727383,4.993408892752129,0.04728126582542615,2.517896175493086,2.150884754311008,17.39847188786286,19.459999881272218,20.60932400913725,87.1376495361328,75.5485716247559,1.0,110.999999673762,0.0,390.83203125,390.83203125,13.2193060677672,75.4138092041016,13.07860007275146,1.173199950571157,32.2748342,-0.6980387377738859,1923.31554889679,-0.6091646617278459,978.8479685783389,1072.7974534034734,1012.3445391654972,-64.8408774,1.0,328.684906005859,7.38631820678711,18.2854423522949,-17.701000213623,97.9424118995666,25.8681297302246,-2.452199915583954,-2.27563056091584,1.98878822898469,1.5117999405844422,17.5000305175781,18.0000324249268,2.0,7.0,1.0,0.0,0.0,26050902.0,2.0,78.8592413341732,90.03187899733464,32.1364294052124,11.729637165069601
2026-05-09 17:28:20+00:00,USA,USA,-18.12999983287794,-12.56000003077168,0.0,-6.939999914223703,-0.8800000412079653,5.709999971776503,-9.69256264926689,-0.1183643368509045,1.8785699786123822,4.993408892752129,0.3766822913639855,2.5293029756051477,2.1311025627952644,17.3793985846056,23.83999972994924,20.382845181543402,86.69318389892575,74.62597274780269,1.0,110.999999673762,0.0,411.81640625,411.81640625,14.4704404831363,75.4143585205078,13.658800224817758,0.28279999652866694,32.2750171,-0.56253188809042,1923.224329948426,-0.6000726600177588,1063.2923483848567,1089.9263739585872,1082.8077912330623,-64.8408228,1.0,325.329528808594,7.38631820678711,18.2854423522949,-18.701000213623,97.7973759174347,25.8954733610153,-0.8743999851157277,2.94604607135115,-1.38340999326965,-0.3643999820627625,18.5000343322754,19.000036239624,2.0,7.0,1.0,0.0,0.0,26050902.0,3.0,78.26710218219243,90.09341558666185,31.6712356567383,18.57653915405274
2026-05-09 17:28:21+00:00,USA,USA,-18.2200005525523,-12.52999996163496,0.0,-6.8699999521185475,-1.079999980961753,5.410000016789096,-9.69139383314517,-0.118657107840396,1.8286829812778702,4.992331003523734,-0.037300109954582494,2.536635824009394,2.1021070864194082,16.67253513570236,23.630000099765876,20.65350935665175,86.6822353363037,74.1023011779785,1.0,110.999999673762,0.0,432.50390625,432.50390625,13.8349818808731,73.9399108886719,13.98900008533596,-0.5983999821844436,32.2751975,-0.10222986489081795,1923.2699155807502,-0.672822952037677,1128.595232963562,1145.88179588318,1179.986238479614,-64.8407696,1.0,322.876800537109,7.38631820678711,18.2854423522949,-19.5990009307861,97.5266396999359,26.0575771331787,-2.016600012233042,-3.05983275405533,-1.9094963494666,0.963599971831591,19.5000381469727,20.0000400543213,2.0,7.0,1.0,0.0,0.0,26050902.0,3.0,76.94833062328419,90.13803038232041,31.57886466979985,21.7693628311157
2026-05-09 17:28:22+00:00,USA,USA,-18.25000045093426,-11.90000021731116,0.0,-5.679999913311955,1.130000007254862,7.94000014126509,-9.68993345332326,-0.118217474443536,2.303507465749056,4.992690186096716,0.8242893070900219,2.34652442402862,1.8939888104985698,16.228122388675757,26.189999738425723,19.8722065788149,86.44425773620605,73.31254348754881,1.0,110.999999673762,0.0,453.0859375,453.0859375,14.9389504790642,73.6746185302734,13.764799979603959,-0.48699999569391067,32.2753766,-0.9192592588578545,1923.2790946960438,-0.6455327034927905,956.6751241683963,1015.228843688963,1028.2284379005428,-64.8407147,1.0,320.166229248047,7.38631820678711,18.2854423522949,-20.5990009307861,97.6716756820679,25.9872674942017,-1.9276000219938159,0.0296708653579044,-0.0198331334544714,-1.6105999929665078,20.5000419616699,21.0000438690186,2.0,7.0,1.0,0.0,0.0,26050902.0,3.0,75.39750338732482,90.15049206246105,31.50073642730715,25.652945709228497
2026-05-09 17:28:23+00:00,USA,USA,-18.339999804570777,-11.960000184829859,0.0,-5.649999929552602,1.0800000129782652,7.809999955509132,-9.166291877962355,-0.117778301284032,2.2948939568754363,4.992690271474078,1.1610469949809534,2.265862920827214,1.7649985322444182,15.648669288549922,26.140000021625543,19.778763614553597,86.6780879974365,72.98184539794917,1.0,110.999999673762,0.0,473.43359375,473.43359375,13.4940529884519,72.9447486877441,10.906200009111519,-0.5491999831525343,32.2755547,-0.5604663331642191,1923.0874776840203,-0.7000918732956057,898.3723521232603,939.548921585083,961.0675692558294,-64.8406645,1.0,316.534912109375,7.38631820678711,18.2854423522949,-21.5990009307861,98.0468392372131,26.0966360569,-1.481999995990402,0.61737706381775,-0.0134159322729331,-2.995599883520212,21.5000457763672,22.0000476837158,2.0,7.0,1.0,0.0,0.0,26050902.0,3.0,73.9838768932991,90.0792361139449,31.54693908691405,26.73395404815674
2026-05-09 17:28:24+00:00,USA,USA,-18.1499999928056,-10.94999996320208,0.0,-3.569999988353726,4.250000047119222,12.33000006990594,-5.906102568237285,-0.118217474443536,0.9863445191100089,4.9926904422288105,-0.04570770596700449,2.287589923331756,1.7335641020376602,15.68796097627882,30.46000041504808,20.69761957208535,87.1923614501953,72.69177200317384,1.0,110.999999673762,0.0,493.69921875,493.69921875,9.19684544855394,72.8530883789062,8.664600054650299,-1.096199919684724,32.2757347,0.6530711681808162,1923.315596580506,-0.5909806408453732,1042.0397639274618,1044.6527600288396,1079.320836067198,-64.8406284,1.0,314.7626953125,7.38631820678711,18.2854423522949,-22.5990009307861,98.2750296592712,28.7937968969345,-0.8818000041615901,0.589923385253148,-1.40278105008605,-2.17079998510518,22.5000495910645,23.0000514984131,2.0,7.0,1.0,0.0,0.0,26050902.0,3.0,73.75544804669718,89.8864471944321,31.4493392944336,25.50215354919434
2026-05-09 17:28:25+00:00,USA,USA,-18.1499999928056,-10.829999857409941,0.0,-3.400000037695378,4.520000114396808,12.63000007825422,-3.776327495395895,-0.1171922657171595,0.8316585716083214,4.992690271474078,1.206750865636655,2.2886762222305643,1.733563867249908,17.211933274459536,30.7800002418145,20.636208487484048,87.09806098937986,72.60987716674803,1.0,110.999999673762,0.0,513.8828125,513.8828125,6.22545318552311,72.5118667602539,5.128800018753928,-1.395199966994154,32.2759154,0.030763545547707792,1923.4889268875122,-0.5091525730676951,1139.83497619629,1106.172108650208,1176.696014404296,-64.8406036,1.0,314.004058837891,7.38631820678711,18.2854423522949,-23.701000213623,97.5208342075348,32.2624117136002,-1.4342000269898079,-1.12571378607424,-0.200007135464801,-6.152999904845453,23.5000534057617,24.0000553131104,2.0,7.0,1.0,0.0,0.0,26050902.0,3.0,73.47173155083969,89.62568423229939,31.4544942855835,21.71757705688476
2026-05-09 17:28:26+00:00,USA,USA,-18.23000029100666,-10.829999857409941,0.0,-3.3499999793857578,4.710000011539378,12.75000018404636,-3.8562473254308,-0.117924690113831,2.543611581586092,4.993408892752129,2.496511408154645,2.320723640570992,1.714052556767778,19.55797177321742,30.98999918897896,19.92950845085675,88.1673774719238,74.99263458251954,1.0,110.999999673762,0.0,534.06640625,534.06640625,0.678872031679725,73.3823341369629,284.5012020865755,-2.451200018578146,32.2760992,-0.37474647701498603,1923.1969833374042,-0.6000797729939221,961.3116860389721,969.3477511405945,1090.6693220138561,-64.8405979,1.0,313.716430664062,7.38631820678711,18.2854423522949,-24.5990009307861,97.9965567588806,35.9575808048248,-2.2254000264104157,-1.52154800791222,-1.06354732523949,-9.176999650901555,24.500057220459,25.0000591278076,2.0,7.0,1.0,0.0,0.0,26050902.0,3.0,75.3993270478332,89.29558801990186,31.83684425354,22.13334812164306
2026-05-09 17:28:27+00:00,USA,USA,-18.230000632516102,-10.779999969855039,0.0,-3.22999995897098,4.749999989885184,13.039999941676038,-3.865159868524025,-0.1176314388766635,1.838373013342046,4.993768246079835,2.37200164861866,2.22023614726579,1.6874961196001919,23.86857963200278,31.25999998196416,21.4745322458331,85.55154647827149,77.56360977172854,1.0,110.999999673762,0.0,554.99609375,554.99609375,351.308785544368,77.0412551879883,347.8140017762774,-3.546599802945946,32.2762891,-0.6865220276450819,1923.1695890426643,-0.6728158448822799,1104.8017501831048,1133.5595369338998,1278.1214475631718,-64.8406271,1.0,314.214569091797,7.38631820678711,18.2854423522949,-25.701000213623,98.2440888881683,39.1781568527222,-1.4719999800596137,1.30665029966464,-1.7780899131379,-8.646799557144869,25.5000610351562,26.0000629425049,2.0,7.0,1.0,0.0,0.0,26050902.0,3.0,87.37609107820722,88.9666256189065,32.01631965637205,1.474730036258698
2026-05-09 17:28:28+00:00,USA,USA,-18.240000029461022,-11.76000012234614,0.0,-5.279999959099186,1.6500000565876038,8.650000098412573,-3.8842993392388703,-0.11807107894363,2.66240739696151,4.993049795556517,3.3791141089541,1.9959053287885258,1.624355993954914,23.30095232140592,26.88999987174148,20.57800246915085,83.42683181762695,78.91106918334958,1.0,110.999999673762,0.0,2.16796875,576.5703125,344.424747162939,78.1450172424316,338.8163968731716,-1.833799966904968,32.2764782,-2.218348069535788,1923.2699632644658,-0.5818886449560523,1154.6983003616301,1218.835306167602,1317.855525016784,-64.8406864,2.0,319.853912353516,7.38631820678711,18.2854423522949,-26.701000213623,98.2344210147858,39.391040802002,-2.4757999694023196,-1.43115162818587,2.67859187170932,-9.865799127752132,0.200000002980232,27.0000667572022,2.0,7.0,2.0,0.0,0.0,26050902.0,3.0,91.39003069492148,88.6476660299507,32.23304557800295,-5.321630487442016
2026-05-09 17:28:29+00:00,USA,USA,-18.28000000780678,-13.109999818403839,0.0,-8.100000054648309,-2.7400000374718916,2.5400000123407422,-3.9129364014380297,-0.118071085613737,3.188196127665374,4.993768502211929,3.04498680428578,1.9739062286229259,1.6509126659102538,20.299167509493202,20.81999982804848,20.994923192503947,83.0393989562988,81.55536026000976,1.0,110.999999673762,0.0,24.14453125,598.546875,334.420951576215,80.2955429077148,328.681396084567,-0.1971999992736629,32.2766611,-1.704975107294786,1923.215222358704,-0.6000726541969926,890.2171492576603,1027.5742888450645,1099.1489887237562,-64.840783,2.0,322.913970947266,7.38631820678711,18.2854423522949,-27.701000213623,89.1937911510468,39.5297050476074,-2.5527999576000737,-0.211589602172622,2.34480479583902,-9.091399792864165,1.20000016689301,28.0000705718994,2.0,7.0,2.0,0.0,0.0,26050902.0,3.0,97.507822938275,88.33842921527835,32.5362630844116,-11.69581438064576
2026-05-09 17:28:30+00:00,USA,USA,-18.30000033848915,-12.94999981964325,0.0,-7.750000286811206,-2.0500000108003764,4.300000020051475,-3.90957594836638,-0.118217474443536,1.8719301489489748,4.993229856418511,2.8537559149557,1.914700740170735,1.714188370810555,18.6289021215556,22.600000571984047,21.6433412249436,79.765747833252,82.90166130065916,1.0,110.999999673762,0.0,46.87109375,621.2734375,324.842731416296,82.9215843200684,322.68350371397946,-0.13250000030762776,32.276783,-1.393964876693145,1923.40683937073,-0.522790563991293,998.929411172865,1090.13503789902,1128.30060720444,-64.8408737,2.0,304.784606933594,7.38631820678711,18.2854423522949,-28.701000213623,69.3643510341644,39.3226832151413,-1.112499984712062,2.22003303451535,-0.755135095826884,-9.19949940393331,2.20000004768372,29.0000743865967,2.0,7.0,2.0,0.0,0.0,26050902.0,4.0,107.8810108647485,88.112431916021,32.5778411865234,-33.36654796600345
2026-05-09 17:28:32+00:00,USA,USA,-18.20000039262468,-12.0400001415215,0.0,-5.930000034105322,0.7300000316977482,7.450000065019523,-3.9028552556665,-0.118071085613737,2.00310823284381,4.992331003523734,0.8768272422476775,1.963585898164404,1.9766397557061282,12.111300486267242,25.65999993996644,20.39800137131165,67.3833457946777,83.89033126831053,1.0,110.999999673762,0.0,93.3125,667.71484375,311.479466305166,83.9732780456543,308.7413909989938,0.9609999856188288,32.277129,-0.9055581048220924,1923.1969833374023,-0.6546247168444099,970.7621812820438,1074.18005466461,1000.278818607331,-64.8412673,2.0,264.838165283203,7.38631820678711,18.2854423522949,-30.701000213623,69.5538640022278,39.5258009433746,-1.6914000209420181,0.105049596765372,0.746394908288501,-3.379599895486647,4.19999837875366,31.0000820159912,2.0,7.0,2.0,0.0,0.0,26050902.0,3.0,130.2086390313128,87.36090961673904,32.52077236175535,-60.43519226074218
2026-05-09 17:28:33+00:00,USA,USA,-18.19000031266086,-12.800000242355981,0.0,-7.350000033777654,-1.400000010499428,4.570000087329064,-4.657487852341715,-0.118364330180798,1.1123186325174257,4.992690527606173,0.2064666668104215,2.080911984896482,2.089912552052632,12.400454666477719,22.759999973103078,21.2607917210413,65.55371017456055,82.97520790100097,1.0,110.999999673762,0.0,116.60546875,691.0078125,307.945116617251,83.3881874084472,307.676990711193,0.53325000400678,32.2772462,-0.19570950740136145,1923.1444895267475,-0.7046396640362219,1068.206697702405,1146.8424201011649,1100.664526224135,-64.8414408,2.0,251.320297241211,7.38631820678711,18.2854423522949,-31.701000213623,69.2676603794098,39.2777621746063,-1.3347499913947625,0.491985676270306,-0.631481244371268,-0.2842499949966506,5.19999742507935,32.0000839233398,2.0,7.0,2.0,0.0,0.0,26050902.0,3.0,132.65800019221174,87.1021342396548,32.5758653640747,-63.80832767486575
2026-05-09 17:28:34+00:00,USA,USA,-18.230000632516102,-11.84999981749208,0.0,-5.360000001168156,1.509999993639072,8.950000106760825,-6.159302589968124,-0.1185107256807035,2.0870908728404522,4.993049624801785,0.599435811054566,2.064616476885986,2.0966872032469603,11.87898543278236,27.170000061671562,20.28901375027305,62.807018280029254,81.79146057128904,1.0,110.999999673762,0.0,139.578125,713.98046875,308.085244778263,82.1505226135254,306.266791606093,0.12120001128077548,32.2773853,-1.0171971812841083,1923.0874776840199,-0.663716718554497,1026.8106579780565,1093.441271781922,1104.206705093384,-64.8416517,2.0,237.476989746094,7.38631820678711,18.2854423522949,-32.701000213623,68.8924968242645,39.033630490303,-1.745999998214232,-0.0306008116216575,-0.572365690300543,-1.6967999578276605,6.19999647140503,33.0000686645508,2.0,7.0,2.0,0.0,0.0,26050902.0,3.0,134.9863071783746,86.91261356565985,32.60688972473145,-66.87913650512697
2026-05-09 17:28:35+00:00,USA,USA,-18.26000018938862,-12.080000119867298,0.0,-5.98000000703758,0.6899999946550065,7.309999970054489,-6.43281153886576,-0.118657114510503,1.8154034713614362,4.992331003523734,-0.0294208530868445,2.112687689773992,2.0511612603531537,11.00351244629234,25.5699995618016,20.4495616155824,61.2175952911377,80.85414276123046,1.0,110.999999673762,0.0,162.2734375,736.67578125,306.712649962657,81.3539108276367,306.02757106060244,1.1915999892753255,32.2775078,-0.7708546214551958,1923.1057405471802,-0.554612616542727,1039.3915653228748,1130.2913427352878,1084.3091487884542,-64.8418434,2.0,222.293090820312,7.38631820678711,18.2854423522949,-33.701000213623,68.8750922679901,39.5531415939331,-1.73160003845314,0.435412313272574,2.12444667151513,0.634199990498221,7.19999551773071,34.0000534057617,2.0,7.0,2.0,0.0,0.0,26050902.0,3.0,136.6217604581504,86.74504511965736,32.636563110351545,-66.04371414184567
2026-05-09 17:28:36+00:00,USA,USA,-18.180000232697044,-13.07999992002188,0.0,-8.0600000763025,-2.48999997537546,3.119999975831334,-6.44172386851557,-0.1180715525211995,2.2794609523467235,4.992331003523734,-0.471248621640552,2.124094447197374,2.0367988666325,9.812945416407283,21.289999488234297,20.2271672411122,59.32493591308595,79.7110496520996,1.0,110.999999673762,0.0,184.703125,759.10546875,307.24275460452,80.1778793334961,307.0376030426098,1.8911999802274302,32.2776296,-0.7978870320944811,1923.242592811584,-0.4909685405436906,902.8928399085999,1061.684942245482,944.9234485626223,-64.8420319,2.0,210.155349731445,7.38631820678711,18.2854423522949,-34.701000213623,69.0684795379639,34.3658447265625,-1.5538000224348065,-0.230752658384445,0.588451639569569,1.4635999519501506,8.19999504089356,35.0000381469727,2.0,7.0,2.0,0.0,0.0,26050902.0,3.0,138.486443082699,86.6449282068033,32.528840446472145,-66.7347720336914
2026-05-09 17:28:37+00:00,USA,USA,-19.149999792960163,-13.7699999733738,0.0,-8.12000004382121,-2.260000014509722,4.050000005979812,-6.433834146250556,-0.1176314388766635,1.2221416497245423,4.991612638377779,0.2332592177479205,2.14392026654644,2.020268741624008,10.54574872849515,23.199999734906942,19.87330197040305,56.82610416412355,78.37422637939451,1.0,110.999999673762,0.0,206.8125,781.21484375,308.416645556792,78.7142463684082,307.4519824233274,1.4929999729600278,32.277752,-0.6630130741428109,1923.13311100006,-0.6819007452577354,1141.0923719406142,1212.886810302734,1102.226328849792,-64.842215,2.0,195.479598999023,7.38631820678711,18.2854423522949,-35.701000213623,69.4745779037476,34.2623323202133,-1.214199996677498,0.237319591786721,-1.15416109708052,0.21320000069635253,9.19999885559082,36.0000228881836,2.0,7.0,2.0,0.0,0.0,26050902.0,2.0,141.22378346051642,86.64745879189076,32.39866104125975,-68.85368591308594
2026-05-09 17:28:38+00:00,USA,USA,-19.299999967889,-15.30999982270616,0.0,-11.610000118172,-7.360000028364105,-3.3300000755902204,-6.40811976468593,-0.11865711451050251,1.681533748652912,4.993050307820704,0.27108575252658995,2.1947070772710804,1.9676971170918822,11.185855103733797,15.969999977676139,19.5046647080664,55.477791595458996,77.69596343994141,1.0,110.999999673762,0.0,228.56640625,802.96875,309.138268702982,78.1910018920898,308.5159947563836,0.5473999868483771,32.2778745,-0.8090566111989321,1923.3064174652122,-0.5909806524869057,1067.31147766113,1157.950687408448,1077.3449182510362,-64.8423946,2.0,184.804229736328,7.38631820678711,18.2854423522949,-36.5989990234375,69.1013514995575,34.3326419591904,-1.495000001759396,0.426932926902694,-0.414107912714673,0.070599994223742,10.2000026702881,37.0000076293945,2.0,7.0,2.0,0.0,0.0,26050902.0,2.0,142.9091025853848,86.740653308021,32.14259548187255,-68.42095230102538
2026-05-09 17:28:39+00:00,USA,USA,-19.27000041101646,-15.569999852708639,0.0,-11.81999991911012,-7.659999951335005,-3.490000031662116,-6.4379247892331595,-0.119096754577469,1.7579795950655641,4.9923312596558285,0.6855945386486045,2.202311681826926,1.9590254662329478,13.43881502882256,15.77999982440148,19.1623894146051,53.65904960632325,76.79233245849608,1.0,110.999999673762,0.0,250.11328125,824.515625,308.441644049154,76.904736328125,307.2420005516362,-0.49360000215280897,32.2779957,-0.898301154226959,1923.269939422606,-0.6000726658385249,1048.6516833305345,1093.2351231575024,1108.0962181091302,-64.8425718,2.0,172.366012573242,7.38631820678711,18.2854423522949,-37.5989990234375,69.0046608448029,34.1002315282822,-1.806200004898256,-0.950505880206782,-1.02060912757879,-0.5498000206072045,11.2000064849854,37.9999923706055,2.0,7.0,2.0,0.0,0.0,26050902.0,2.0,144.680309973028,86.8985672816317,32.084216880798294,-69.81844894409178
2026-05-09 17:28:40+00:00,USA,USA,-19.270000069507,-15.529999532853362,0.0,-11.73999996241848,-7.689999849716992,-3.440000016041182,-6.42536001592469,-0.119389532237068,2.031461159173496,4.992690954492998,-0.1576080358307525,2.247666656548066,1.910519042228766,13.95837693219222,15.820000144256738,19.090589612276247,52.66899089813235,75.84818939208984,1.0,110.999999673762,0.0,271.44140625,845.84375,308.362932949159,76.4691284179688,307.99639221338845,0.2955999858107038,32.2781146,-0.8268637467944606,1923.31554889679,-0.5727966316044333,946.0498332977293,1026.2379407882686,1011.8666172027573,-64.8427485,2.0,159.695236206055,7.38631820678711,18.2854423522949,-38.5989990234375,68.946647644043,37.557128071785,-1.7459999768698922,1.01744034669073,1.22315828069382,1.2029999645343021,12.2000102996826,38.9999771118164,2.0,7.0,2.0,0.0,0.0,26050902.0,2.0,145.4180223128272,87.06526146342046,31.9782039642334,-66.67411102294923
2026-05-09 17:28:41+00:00,USA,USA,-19.24999990957938,-15.49999963447136,0.0,-11.6500000965178,-7.769999977163328,-3.62000008935203,-6.425798215248625,-0.118510252103134,1.6966076559860137,4.992331003523734,-0.08878516878363998,2.268307360153798,1.89805322128589,13.460940231355721,15.660000230873521,19.039035344421,51.220158576965304,74.6818519592285,1.0,110.999999673762,0.0,292.48046875,866.8828125,309.803037354521,75.1817916870117,309.72059970331486,0.9546000023169926,32.2782352,-0.9385822909066427,1923.2517004013043,-0.5909806583076718,1029.592132568359,1123.045921325684,1017.0186638832099,-64.8429191,2.0,144.948318481445,7.38631820678711,18.2854423522949,-39.5989990234375,69.3353474140167,37.738761305809,-1.222799994583168,1.43584909078754,2.39089085693345,1.6897999637515777,13.2000141143799,39.9999618530273,2.0,7.0,2.0,0.0,0.0,26050902.0,2.0,146.0591639739892,87.28769681902565,31.8804016113281,-65.1301075744629
2026-05-09 17:28:42+00:00,USA,USA,-19.27000041101644,-15.4800004990721,0.0,-11.859999726701222,-7.809999784754406,-3.490000031662116,-6.432226703918079,-0.11997556780394,2.22275512103169,4.993050051688611,0.6619548804052204,2.292478460475462,1.86959963504331,13.72110281986042,15.789999904365299,18.65310148178495,50.15901489257815,74.01556686401366,1.0,110.999999673762,0.0,313.1953125,887.59765625,311.388925317528,74.1235061645508,310.5182018738324,0.5046000004667732,32.2783581,-1.1736793231291887,1923.142218589782,-0.6000726483762264,990.5861616134632,1088.2002830505378,1077.254390716556,-64.8430836,2.0,132.592330932617,7.38631820678711,18.2854423522949,-40.5989990234375,69.087815284729,37.4340832233429,-1.6265999672293578,-1.1154808820371,-0.568239028742239,0.445399986838093,14.2000179290772,40.9999465942383,2.0,7.0,2.0,0.0,0.0,26050902.0,2.0,146.61099681363982,87.57010806573275,31.82144451141355,-64.78354110717773
2026-05-09 17:28:44+00:00,USA,USA,-19.290000229434643,-16.179999949368977,0.0,-13.23000009495074,-9.949999992292765,-6.5500000399747424,-6.426967031370345,-0.1278858206571005,2.722343801032256,4.992690783738264,0.3346538628945425,2.328328159749474,1.83382929402972,15.512484537255238,12.740000104082528,18.443898763923002,48.85247955322265,73.23678451538083,1.0,110.999999673762,0.0,354.10546875,928.5078125,312.145682956809,73.2849540710449,311.2583976704136,0.09939999645524675,32.2786056,-1.3498118658555387,1923.2608079910283,-0.7819341728463768,1002.4695754051208,1065.31593799591,1038.112628459929,-64.8434046,2.0,105.428611755371,7.38631820678711,18.2854423522949,-42.701000213623,69.34694647789,37.8383666276932,-1.8418000607581,-0.802342748688221,0.323523009095055,1.138199980190751,16.2000255584717,42.9999160766602,2.0,7.0,2.0,0.0,0.0,26050902.0,3.0,147.2315495525676,88.20777452664521,31.954933547973653,-63.46147109985352
2026-05-09 17:28:45+00:00,USA,USA,-19.54999991792764,-17.97000026100418,0.0,-16.61999971117282,-14.950000017593942,-13.560000172435679,-6.434418554311415,-4.28092757056786,1.7378808669704717,2.5996659302481797,1.384325025175025,2.441308495933452,1.909434792386704,15.962619275259021,6.009999990796932,18.392947260261998,48.222677993774454,72.75174224853518,1.0,110.999999673762,0.0,374.44140625,948.84375,313.365773308627,73.1281173706055,311.33659514018296,-0.8591999807511594,32.2787306,-1.482698767031178,1923.2243061065678,457.32597183669094,1175.0007390975954,1202.117848396302,1189.0537738800062,-64.843562,2.0,90.521858215332,7.38631820678711,18.2854423522949,-43.5989990234375,68.6314344406128,37.6313418149948,-0.8947999992584096,2.33065797996405,-0.6848283835228,-1.6580000010303475,17.2000293731689,43.9999008178711,2.0,7.0,2.0,0.0,0.0,26050902.0,2.0,148.0784083153038,88.53852643720305,31.9736291885376,-61.97641204833984
2026-05-09 17:28:46+00:00,USA,USA,-22.000000043023363,-20.729999791393038,0.0,-19.58000015781908,-18.370000044462223,-17.45999993945366,-6.443915292022085,-4.535081897791795,1.7863325000509083,-0.5320803594578203,2.1266575183721,2.4502709847849777,1.9235260275973123,18.08244703134794,4.5399999968480085,18.2154144220341,46.95042171478275,72.1020300292969,1.0,110.999999673762,0.0,394.62109375,969.0234375,311.555363367223,72.2781051635742,308.8685964420964,-3.3349999875060803,32.2788513,-1.087617754976092,1923.45242500305,1397.67231941223,1257.923984527586,1282.372617721558,1363.274550437928,-64.8437216,2.0,78.0067596435547,7.38631820678711,18.2854423522949,-44.701000213623,69.2947328090668,37.7602428197861,-2.0833999453346843,-2.09925031711037,-2.3210158872901,-2.9613999097185117,18.2000331878662,44.999885559082,2.0,7.0,2.0,0.0,0.0,26050902.0,3.0,149.3966293609648,88.87123519695811,32.0131851196289,-65.25444534301755
2026-05-09 17:28:47+00:00,USA,USA,-22.290000312917236,-21.81000023125812,0.0,-21.51000022290988,-20.999999559849858,-20.47000010290006,-6.43193492677447,-4.522776671671785,2.399692580207388,-1.1582855708438575,1.5613689179078951,2.392422697609554,1.8907365518922419,19.21350518431562,1.819999975229442,18.762309376424298,45.444318008422854,70.47057815551756,1.0,110.999999673762,0.0,414.63671875,989.0390625,307.83460415648,71.6091339111328,306.4692056281842,-4.647799954711648,32.278963,-1.1356940264729538,1923.29730987549,1839.632654190062,1281.50932788849,1279.8476457595839,1476.187801361084,-64.8438865,2.0,63.8671646118164,7.38631820678711,18.2854423522949,-45.701000213623,69.3160057067871,38.0082815885544,-1.3415999934494558,1.66917134104294,-1.72970933536918,-1.8746000272068497,19.2000370025635,45.999870300293,2.0,7.0,2.0,0.0,0.0,26050902.0,3.0,150.78165512086002,89.14734900925045,32.0688617706299,-63.87772796630861
2026-05-09 17:28:48+00:00,USA,USA,-22.260000414535263,-21.81000023125812,0.0,-21.40000002632682,-20.8699998863581,-20.2900000295892,-6.4388014013244455,-3.58116092300001,2.906459789025636,-0.5906745833318883,5.080232806066135,1.8003620501155742,2.36686178185784,22.5895099136831,1.9699999794035719,15.987971912929751,41.9872793197632,68.55365203857423,1.0,110.999999673762,0.0,434.1640625,1008.56640625,307.341573781432,69.1722564697266,301.0122014021214,-4.942799837700636,32.2790674,-3.186195351814068,1923.5618829727161,1913.069868087766,1428.1969547271722,1367.0788764953602,1545.032858848572,-64.8440506,2.0,49.422290802002,7.38631820678711,18.2854423522949,-46.701000213623,69.3024694919586,37.8481298685074,-2.220199947263188,-1.51551727104022,-0.0243575267999032,-9.310199268019465,20.2000408172607,46.9998550415039,2.0,7.0,2.0,0.0,0.0,26050902.0,3.0,151.9057020846446,89.3915897437809,32.2246788024902,-62.7541781616211
2026-05-09 17:28:49+00:00,USA,USA,-22.31000047284486,-21.87000002802212,0.0,-21.4800003245279,-21.07999985805092,-20.50999973973638,-6.4617399513217055,-3.44873657504157,2.693273064509482,0.453959734652425,7.586725255032279,1.7343665211990917,2.427020935472888,22.52389843349706,1.7899999914700886,13.88023017657715,37.9532936096191,66.06633087158204,1.0,110.999999673762,0.0,453.1640625,1027.56640625,297.354088686446,67.4722114562988,285.7451877164662,-4.706599857993185,32.2791471,-3.842018461908418,1924.474239349366,1911.878848075866,1197.7385997772221,1269.083261489868,1447.8408813476558,-64.8442256,2.0,39.7192993164062,7.38631820678711,18.2854423522949,-47.701000213623,69.0472066402435,37.6918882131577,-2.293199899206544,-0.194093579025745,1.54556337992081,-22.00859890967892,21.200044631958,47.9998397827148,2.0,7.0,2.0,0.0,0.0,26050902.0,3.0,158.7739681932424,89.6125190426742,32.57829780578615,-60.68514083862304
2026-05-09 17:28:50+00:00,USA,USA,-15.460000168389783,-14.76000012045138,0.0,-14.720000056728196,-14.72999970980519,-14.420000389889404,-6.452243427054444,-3.421929896818265,1.496700206598542,-0.440413946075941,7.47587384612391,1.7077507894517718,2.4589975759780462,14.673633189481532,1.0300000187016671,-2.7838139774419752,30.00676918029785,62.10531738281249,1.0,110.999999673762,0.0,471.40234375,1045.8046875,275.591138896304,63.5991668701172,261.4641985303024,-2.985999988608738,32.2791697,-3.3978869052322205,1924.5928525924678,1911.124181747436,1176.0291814804082,1169.30615901947,1331.1935663223242,-64.8444104,2.0,34.6766929626465,7.38631820678711,18.2854423522949,-48.701000213623,68.8499569892883,41.5647834539413,-1.895999938355338,-1.14037649467497,1.9394262384096,-23.646199259420378,22.2000484466553,48.9998245239258,2.0,7.0,2.0,0.0,0.0,26050902.0,3.0,33.9817675284738,89.82658400145155,32.79987144470215,-61.69217376708984
2026-05-09 17:28:51+00:00,USA,USA,13.310000051642337,12.129999879356165,0.0,11.309999896380353,9.999999922536334,10.519999897163887,-6.351869101446056,-3.42266264805016,0.21686277785093147,0.40003843539183304,3.1075057669147252,1.638224436932532,2.5259315942308302,-13.084774563761158,-2.7800000424981235,-22.66489761438295,30.98972454071045,58.915148620605486,1.0,110.999999673762,0.0,488.5703125,1062.97265625,249.600547896735,60.002840423584,242.2486033081008,-0.2766000030333578,32.2791278,-1.7617733809513658,1925.2953290939338,1911.269640922546,1072.0556259155278,1006.0824394226072,1119.188046455386,-64.8445798,2.0,33.5291137695312,7.38631820678711,18.2854423522949,-49.701000213623,68.360698223114,48.5586494207382,-0.7947999893608766,1.92290080915616,2.0667164185463,-14.548799828389281,23.2000522613525,49.9998092651367,2.0,7.0,2.0,0.0,0.0,26050902.0,2.0,-157.95139485111957,90.0340031861665,32.761803817749,-57.02305435180663
2026-05-09 17:28:52+00:00,USA,USA,22.470000044718642,20.6500001762109,0.0,18.090000025286862,16.32000004433403,13.450000018541349,-6.294449622084465,-3.4453677976768704,0.9974703783336665,1.4799013509988086,-1.954339956462322,1.5453413987727858,2.615086480353828,-22.856503032867277,-8.989999871663233,-33.48814087791115,39.021319198608396,57.45858467102048,1.0,110.999999673762,0.0,504.86328125,1079.265625,235.789932715726,57.7143196105957,233.10320403965844,3.2324000020679575,32.2790512,-0.44785548653545726,1812.70933151245,1911.36965751648,946.0123538970956,967.218804359436,922.9521512985248,-64.8447249,2.0,38.7442665100098,7.38631820678711,18.2854423522949,-50.701000213623,82.123726606369,48.6465364694595,-1.1261999247884174,-0.39846605914383,5.05159553042356,-2.875999856058705,24.2000560760498,50.9997940063477,2.0,7.0,2.0,0.0,0.0,26050902.0,2.0,-138.0760088192458,90.22884799261945,32.648371696472154,-45.55263221740722
2026-05-09 17:28:53+00:00,USA,USA,22.13000005802458,16.31000030587966,0.0,9.930000173874586,3.9099999750477905,-3.6700000195956024,-6.319433600294721,-3.4603095835382147,2.4022048945388463,3.7952798616161645,-2.6966743706500997,1.476086418207006,2.683375010496392,-23.391324261861637,-25.810000114895303,-33.32252415846395,42.628386497497544,58.33595626831052,1.0,110.999999673762,0.0,520.8125,1095.21484375,232.471417005584,57.5041854858398,232.9521967533364,3.4785999763618607,32.2789638,0.2860683784501982,1460.544753074644,1911.3605737686157,985.1953268051147,1058.564925193788,938.3804082870477,-64.84486,2.0,47.1232490539551,7.38631820678711,18.2854423522949,-51.701000213623,97.2481667995453,48.7402826547623,-1.57059995058768,0.0250166017016965,-1.80443459309688,-0.091000040382937,25.2000598907471,51.9997787475586,2.0,7.0,2.0,0.0,0.0,26050902.0,2.0,-133.79229448880818,90.4795569162939,32.6213041305542,-37.7188865661621
2026-05-09 17:28:54+00:00,USA,USA,22.110000581115862,13.9299997160023,0.0,4.720000091503198,-4.760000027160321,-14.579999961763175,-6.32717711382281,-3.45313126816394,3.7968905482884976,2.87430517940392,-2.9798431280248403,1.450285805504106,2.705867293008752,-24.93436815575236,-36.68000029216048,-31.519362755317047,43.356246185302695,61.149431304931646,1.0,110.999999673762,0.0,537.07421875,1111.4765625,232.638264866629,60.014005279541,232.7990038064802,4.68639991503233,32.2788735,-0.03427727700227162,920.2134966850281,1911.306023597718,1056.653690338133,1258.9127540588358,1067.159271240234,-64.8450003,2.0,55.2247886657715,7.38631820678711,18.2854423522949,-52.701000213623,98.1029152870178,49.1328477859497,-1.892599891530848,0.140029723578611,2.10105007195667,0.6029999745182092,26.2000637054443,52.9997634887695,2.0,7.0,2.0,0.0,0.0,26050902.0,2.0,-136.93614860149478,90.7096523290533,32.63215141296385,-44.175346298217775
2026-05-09 17:28:55+00:00,USA,USA,22.13999979647894,12.78000008242834,0.0,2.9800000089323397,-7.43999989967835,-18.099999934495962,-6.32717711382281,-3.44873657504157,4.912710463840518,2.8469850630541016,-2.83379265939393,1.528231134571668,2.6313456176070003,-25.34635526271322,-40.240000072484364,-29.2128864197792,44.5267810821533,64.10073944091796,1.0,110.999999673762,0.0,554.140625,1128.54296875,233.204952001686,62.8707870483398,233.6261998206334,4.551599728459777,32.2787795,0.1562202236004699,327.7496591210365,1911.3878488540638,1149.5437622070299,1329.334235191346,1161.980581283568,-64.8451478,2.0,67.4144439697266,7.38631820678711,18.2854423522949,-53.701000213623,97.8031754493714,49.0137100219727,-1.9354000126486042,0.430476861267006,-1.0951277720841,0.8970000031900713,27.2000675201416,53.9997482299805,2.0,7.0,2.0,0.0,0.0,26050902.0,2.0,-138.4599501449462,90.85734833966569,33.1078903198242,-48.02597465515136
2026-05-09 17:28:56+00:00,USA,USA,22.14999987644276,12.710000034945818,0.0,3.030000067241962,-7.349999948400287,-17.87999988283932,-6.161786217505066,-3.4455142198572,4.99992344180512,2.792703927550084,-2.4739218381353,1.583906845293816,2.5730832075244576,-25.52412049812768,-40.03999983924584,-27.921492308121103,47.0163843154907,67.47974258422855,1.0,110.999999673762,0.0,572.02734375,1146.4296875,234.402202200919,66.0595893859863,235.1044002891102,3.51839991554235,32.2786832,0.31396863899522265,-0.7663767086341984,1911.3241910934441,1048.0007886886592,1226.692509651184,1157.200288772586,-64.8453049,2.0,79.0902786254883,7.38631820678711,18.2854423522949,-54.701000213623,97.872793674469,48.945352435112,-2.6287998780372863,-0.95391361099409,-1.14573189659279,1.559599952273717,28.2000713348389,54.9997329711914,2.0,7.0,2.0,0.0,0.0,26050902.0,2.0,-138.9729465289766,91.00016759521066,33.6916540145874,-50.78488815307615
2026-05-09 17:28:57+00:00,USA,USA,22.189999854788578,12.73000019487346,0.0,3.03000006724196,-7.369999852195823,-17.959999839530916,-1.053950749373064,-3.4421453357708,4.99705245716487,3.243845051239372,-1.973253283882615,1.642026419045336,2.521866735212344,-22.844295435763698,-40.13999995586509,-25.87886959531545,49.5582670211792,71.18932159423827,1.0,110.999999673762,0.0,590.87890625,1165.28125,235.231633052969,69.8751136779785,235.3892027850456,1.657200004451638,32.2785837,0.4166435404027612,-0.7755002356134355,1911.215090751648,824.6206760406494,1027.7428627014165,919.2238926887512,-64.8454726,2.0,90.5559539794922,7.38631820678711,18.2854423522949,-55.701000213623,97.9095339775086,49.0312874317169,-2.744400061343474,0.285425414523914,-2.37926011199398,-0.778199956299015,29.2000751495361,55.9997177124023,2.0,7.0,2.0,0.0,0.0,26050902.0,2.0,-139.8437737915476,91.1588602103867,34.1941360473633,-54.559202041625966
2026-05-09 17:28:58+00:00,USA,USA,22.26000041453522,12.82000023152888,0.0,3.210000055175444,-7.150000142048631,-17.610000114382483,-0.25899314272492,-5.92509326889427,4.995975507087491,2.9127689628280238,-2.460786850752835,1.721330144672768,2.4430091703481,-20.63253401646534,-39.879999925862634,-24.6902740995343,51.4843557357788,73.87843139648434,1.0,110.999999673762,0.0,610.7421875,1185.14453125,234.078369271991,72.8994987487793,234.831198186461,0.5615999781472805,32.278478,0.7272804317971501,-0.6751413806341588,1911.3696575164781,898.6736774444582,963.0216360092156,1010.1309657096856,-64.8456466,2.0,100.504348754883,7.38631820678711,18.2854423522949,-56.701000213623,98.1802701950073,49.1308927536011,-1.6737999041113678,1.21733789230391,-1.09048132245779,0.3629999843814648,30.2000789642334,56.9997024536133,2.0,7.0,2.0,0.0,0.0,26050902.0,2.0,-139.9621846830746,91.28262665324195,34.8005779266357,-56.700547943115204
2026-05-09 17:28:59+00:00,USA,USA,22.329999949753578,13.760000064164739,0.0,4.879999919509049,-4.540000018192346,-14.33999992093364,-0.2600159635531295,-5.456482314232745,4.995975080200666,1.8717289038283815,-2.36569695712792,1.7742898093271222,2.379056273535932,-20.0271415654191,-36.66000013223286,-24.2146897351736,54.25277137756345,76.79792724609376,1.0,110.999999673762,0.0,631.3359375,1205.73828125,234.689862448004,75.7539184570312,235.80480067151143,0.6217999848313038,32.2783695,0.09727549146031936,-0.7298825774341822,1911.25147342682,1142.436027526856,1185.2416276931758,1198.49247932434,-64.8458281,2.0,110.07536315918,7.38631820678711,18.2854423522949,-57.5989990234375,97.9443430900574,48.9277750253677,-1.7031999624738396,-0.196056591401462,0.504946653911493,0.9313999894766622,31.2000827789307,57.9996871948242,2.0,7.0,2.0,0.0,0.0,26050902.0,2.0,-139.89095400625823,91.40439868085954,35.1708806991577,-58.52244781494138
2026-05-09 17:29:00+00:00,USA,USA,22.16000029791602,13.820000031683417,0.0,4.760000027160318,-4.800000048194804,-14.4700002774443,-0.261184699633569,-4.253681092195035,4.9941804479962455,1.6409460965620521,-1.826678278067785,1.86717257001043,2.307244347621338,-20.2579305838887,-36.63000057536034,-23.716361694650452,56.78468055725095,79.26193542480469,1.0,110.999999673762,0.0,652.74609375,1227.1484375,236.212202330973,78.6115791320801,236.05280210819882,1.055999966206629,32.2782607,-0.10128564743371209,-0.8119943668134513,1911.0969066619841,1077.647471427918,1163.642573356628,1155.0354957580562,-64.8460194,2.0,122.908378601074,7.38631820678711,18.2854423522949,-58.5989990234375,97.6097941398621,48.4570920467377,-2.1323999999167915,-0.283743400399519,0.501250027466635,-0.44319998957653856,32.200080871582,58.9996719360352,2.0,7.0,2.0,0.0,0.0,26050902.0,2.0,-140.0687001171432,91.54888450256195,35.2844347000122,-61.08136962890624
2026-05-09 17:29:01+00:00,USA,USA,22.220000094679982,13.84000002085632,0.0,5.090000061956614,-4.439999986950474,-13.81000046398378,-0.2608924022216465,-4.738551525619185,4.99525671505471,1.896532778487962,-1.90232945331485,1.9274649976916578,2.22920017290988,-19.76430905596782,-36.0200004787,-22.97254982516785,57.9067726135254,80.60541641235348,1.0,110.999999673762,0.0,674.80859375,1249.2109375,235.364111402111,80.2193389892578,235.1017993530742,1.181200023079946,32.2781479,-0.00016991262829064158,-0.7481296313926578,1911.106014251706,942.6857233047476,1078.4246325492863,1031.1601519584644,-64.8462143,2.0,135.193267822266,7.38631820678711,18.2854423522949,-59.5989990234375,96.6448128223419,39.8050844669342,-1.9546000159149677,-0.159382691065872,-0.707534333562302,-0.960799967797856,33.200065612793,59.9996566772461,2.0,7.0,2.0,0.0,0.0,26050902.0,2.0,-140.2200953582102,91.67709056837765,35.3634418487549,-62.43217575073241
2026-05-09 17:29:02+00:00,USA,USA,22.2400002546076,13.29999980092378,0.0,3.9499999960822785,-5.929999863350596,-15.999999534548698,-0.26176881420973697,-5.77977843298131,4.9941804479962455,1.576599866231056,-2.00319864747295,1.971190630786292,2.1844872359707184,-19.4743921143818,-38.22000031224758,-22.8344963341162,58.44418601989745,81.42055526733398,1.0,110.999999673762,0.0,697.21875,1271.62109375,234.95511967461,81.0191299438476,234.9447978927364,1.527800000224652,32.2780316,0.00023418360781286008,-0.7298825774341822,1911.242365837094,1045.87826728821,1426.107931137086,1104.8385620117183,-64.84641,2.0,148.413299560547,7.38631820678711,18.2854423522949,-60.5989990234375,74.5489358901978,39.816802740097,-1.7297999847860641,-0.0570526168278628,0.462872688624214,0.22479997376598507,34.2000503540039,60.999641418457,2.0,7.0,2.0,0.0,0.0,26050902.0,2.0,-140.4787300333974,91.77009042411655,35.5485786437988,-63.57350830078123
2026-05-09 17:29:03+00:00,USA,USA,22.01000012298716,12.95999998498444,0.0,3.680000014182054,-6.169999989557515,-16.21999958620532,-0.2608924022216465,-6.153612402059265,4.994539630569226,1.9587220564234098,-1.9679994810286998,2.004595933422404,2.1527816685982484,-19.4755361710678,-38.22000031224758,-22.3337828500254,58.9591152191162,82.2341354370117,1.0,110.999999673762,0.0,719.85546875,1294.2578125,234.966266543336,81.9509559631348,235.14439787688963,1.3767999282899859,32.277914,0.1785061455207224,-0.6933884462341666,1911.124181747436,942.828261852265,1386.499619483946,1042.1454310417168,-64.8466076,2.0,160.500122070312,7.38631820678711,18.2854423522949,-61.5989990234375,74.369090795517,38.7523919343948,-2.014799979910308,-0.484104758546022,-0.109037326673069,0.1306000130188937,35.2000350952148,61.999626159668,2.0,7.0,2.0,0.0,0.0,26050902.0,2.0,-140.7017439060252,91.8536782791792,35.6459209442139,-64.35366668701172
2026-05-09 17:29:04+00:00,USA,USA,20.93000002463154,12.5900000999084,0.0,3.7699999654601113,-5.500000010755832,-14.95000001759396,-0.2611846996335685,-6.1474601091643795,4.99346293662394,2.105028550426496,-1.655936195339605,2.023063740409742,2.133270464837824,-18.58099039358474,-35.8900001221893,-22.18615343375745,59.155351638793945,82.73921813964844,1.0,110.999999673762,0.0,742.71484375,1317.1171875,234.947415221227,82.597501373291,234.776999269359,0.8661999588189868,32.2777955,0.1324468972543576,-0.7025119848549366,1911.2878322601318,855.6488871574402,1378.8315773010281,947.570538520813,-64.8468068,2.0,174.879089355469,7.38631820678711,18.2854423522949,-62.5989990234375,74.456113576889,34.6216946840286,-2.2101999526767395,-0.336325691766142,-0.939622827538013,-1.194999950722453,36.2000198364258,62.9996109008789,2.0,7.0,2.0,0.0,0.0,26050902.0,2.0,-141.0437260136164,91.93021396392379,35.8920558929443,-65.32331039428712
2026-05-09 17:29:05+00:00,USA,USA,20.90999986470392,12.95000007577536,0.0,4.170000047738929,-5.140000034888869,-14.659999576945301,-0.26118421938589254,-6.1659169878490445,4.993821692310094,1.8857486568404518,-1.7736157657055749,2.0418032608600023,2.1164692666966562,-17.66393675222024,-35.56999892938502,-22.450808749943448,59.4828540802002,83.27305480957031,1.0,110.999999673762,0.0,765.71484375,1340.1171875,233.901849863081,83.2430305480957,234.1819969020782,0.6693999786996045,32.277674,0.017390692825334456,-0.7207590388134122,1911.2969398498499,972.3738193511966,1492.137432098388,1010.5250597000122,-64.8470056,2.0,187.123489379883,7.38631820678711,18.2854423522949,-63.701000213623,74.6127545833588,32.5163066387176,-1.253200013984472,2.08465548351452,-0.126785279746656,0.6889999815893425,37.2000045776367,63.9995956420898,2.0,7.0,2.0,0.0,0.0,26050902.0,2.0,-141.2811652457714,91.97208643863055,36.21833095550535,-66.12444442749025
2026-05-09 17:29:06+00:00,USA,USA,20.88999970477628,11.9200003772388,0.0,2.440000002443206,-7.6199999729891985,-18.07999977456834,-0.261330614885798,-6.159910903691076,4.995257568828359,1.5776784171340241,-1.86397836801205,2.068690428593804,2.0844926261915004,-17.11118661816402,-38.97000016236354,-22.20543078891615,59.245944213867205,83.57112213134765,1.0,110.999999673762,0.0,788.83984375,1363.2421875,234.480230281998,83.2952499389648,234.97540260436958,0.0017999869660084045,32.277553,0.199839603731065,-0.675141392275691,1911.233282089234,1182.5350522994981,1506.230473518372,1232.275080680844,-64.8472058,2.0,201.87858581543,7.38631820678711,18.2854423522949,-64.7010040283203,74.7771263122559,36.2056165933609,-1.316400031851036,-0.55047322646336,-1.57471494746354,0.6063999959962947,38.1999893188477,64.9995803833008,2.0,7.0,2.0,0.0,0.0,26050902.0,2.0,-141.63295550501059,92.00647644110154,36.5159591674805,-66.6835675048828
2026-05-09 17:29:07+00:00,USA,USA,20.9800004244506,13.50999977261662,0.0,5.650000014929964,-2.7000000537900037,-11.02999991989366,-0.261038304133663,-6.167235214358859,4.994180447996248,1.6643121096796443,-1.8261527803885151,2.0800972713945463,2.090183411741908,-16.17048378830786,-32.00000043513516,-22.1670545172908,60.0737846374512,84.60617019653321,1.0,110.999999673762,0.0,812.078125,1386.48046875,235.533609376554,84.1505012512207,235.1788001737012,-0.19979999863903902,32.2774329,-0.12980047659416535,-0.6933884462341666,1911.233282089232,1184.606957435606,1250.3490924835219,1262.9144430160518,-64.8474093,2.0,218.332107543945,7.38631820678711,18.2854423522949,-65.7010040283203,74.5586037635803,36.0845267772675,-1.903599975222176,-1.14248350131221,0.103232846487428,-0.6807999758031802,39.1999740600586,65.9995651245117,2.0,7.0,2.0,0.0,0.0,26050902.0,2.0,-141.91504231773243,92.05042529331601,36.6068109512329,-67.96100830078126
2026-05-09 17:29:08+00:00,USA,USA,20.9500001845592,12.309999739223601,0.0,2.8499999939311116,-7.350000119155018,-17.76000028931136,-0.261038784381339,-6.15507726419282,4.994898386255381,1.3551635752023379,-2.43662068097398,2.080097314083228,2.0915383078298255,-16.050700711776603,-38.70000005239724,-22.04923460788175,60.460640716552746,84.77326675415038,1.0,110.999999673762,0.0,835.60546875,1410.0078125,235.00301296107,85.0388832092285,235.3328018149554,0.7683999581891989,32.2773116,0.11277236225983737,-0.7572531816549599,1911.2332820892323,1180.217218399048,1724.903368949892,1253.260207176208,-64.8476147,2.0,229.107116699219,7.38631820678711,18.2854423522949,-66.7010040283203,74.5141267776489,36.0357016324997,-1.585999914076284,0.683615811501711,1.30428513322111,1.8363998757444933,40.1999588012695,66.9995498657226,2.0,7.0,2.0,0.0,0.0,26050902.0,2.0,-141.8077291175688,92.08301895603529,36.6655363082886,-67.33329208374023
2026-05-09 17:29:09+00:00,USA,USA,21.02999979974128,13.07999992002188,0.0,4.790000010919672,-4.010000006289666,-12.660000147390921,-0.261622418709831,-6.17675713839209,4.994539203682402,2.158230622763356,-2.643087374464825,2.0803688994801,2.09153839320719,-15.59446456578726,-33.6900002886417,-21.268172594213148,60.247705078125,85.12222000122071,1.0,110.999999673762,0.0,859.1484375,1433.55078125,236.276406109171,84.8202484130859,237.6762014701274,0.6005999901181684,32.2771932,0.4005030349977396,-0.6933884578756988,1911.1423730850197,1025.5278468132017,1477.480387687684,1171.289801597596,-64.8478225,2.0,241.645401000977,7.38631820678711,18.2854423522949,-67.7010040283203,74.4348406791687,36.0845267772675,-2.469400039461338,-1.79869019056148,-1.05216321416208,2.062799902698856,41.1999435424805,67.9995346069336,2.0,7.0,2.0,0.0,0.0,26050902.0,2.0,-142.03939547383717,92.1507368665614,36.64583129882815,-67.31808563232421
2026-05-09 17:29:10+00:00,USA,USA,21.04999927665,14.01999992341246,0.0,6.5999998421522745,-1.289999984671104,-9.529999878152356,-0.261184699633569,-6.17016515206938,4.993104180937782,1.7638862786267662,-1.902854950994115,2.080097314083228,2.0915383078298255,-15.936642016788701,-30.580000008576018,-21.682970836281648,60.497829437255845,85.36599838256836,1.0,110.999999673762,0.0,882.81640625,1457.21875,238.552935480293,85.5971740722656,238.76879677882204,0.5018000071052089,32.2770807,0.05622885065723423,-0.7390061160549521,1911.2787246704102,951.3734579086297,1202.451157569884,1024.3672728538506,-64.8480365,2.0,257.805999755859,7.38631820678711,18.2854423522949,-68.7010040283203,74.6572315692902,36.2427234649658,-1.75159998493736,1.1377724850539,-0.0231499973794126,0.3157999607880706,42.1999282836914,68.9995193481445,2.0,7.0,2.0,0.0,0.0,26050902.0,2.0,-142.5655495342844,92.26999196946986,36.84563484191895,-68.97715026855468
2026-05-09 17:29:11+00:00,USA,USA,21.06999943657764,13.579999820099157,0.0,5.559999978274543,-2.9699999609850343,-11.630000021967547,-0.2614765167978145,-6.162694205777861,4.9941804479962455,1.8753237817989459,-1.75260162150697,2.0803688994801,2.0918093382738276,-16.76595709713194,-32.71000030690528,-21.45892355603235,59.3217498779297,84.43593017578121,1.0,110.999999673762,0.0,906.51171875,1480.9140625,238.794423648588,84.8569152832031,238.75219668706322,0.411399969492388,32.2769702,0.30204075147838416,-0.7481296430341899,1911.269640922546,953.4630537033083,1281.130504608156,1049.6913194656358,-64.8482507,2.0,270.073211669922,7.38631820678711,18.2854423522949,-69.7010040283203,74.8080670833588,36.1157774925232,-1.7441999872358402,-0.107024188446167,0.368861324557924,-0.5653999779044021,43.1999130249023,69.9995040893555,2.0,7.0,2.0,0.0,0.0,26050902.0,2.0,-143.1317394315704,92.38730729865395,36.7809940338135,-69.5158854675293
2026-05-09 17:29:12+00:00,USA,USA,21.170000236215838,15.31000016421562,0.0,9.389999953942043,3.0799999974855323,-3.3699999685586577,-0.2620611249618725,-6.16445191227208,4.994539630569226,1.509018772931776,-1.485194165972275,2.080097314083228,2.092080283340466,-16.696147782681997,-24.53000012481066,-22.03626151732695,58.0555480957031,83.21804489135741,1.0,110.999999673762,0.0,929.93359375,1504.3359375,238.086433559981,83.758358001709,237.4026004844306,-0.3650000131808321,32.2768589,0.002605981221205316,-0.7755002472549678,1911.2151145935063,1015.6223535537705,1186.428546905518,1100.465035438538,-64.8484605,2.0,283.890350341797,7.38631820678711,18.2854423522949,-70.7010040283203,74.5605409145355,36.1704617738724,-1.461999985473162,0.738015333393953,-1.23331327788574,-1.3043999444321925,44.1998977661133,70.9994888305664,2.0,7.0,2.0,0.0,0.0,26050902.0,2.0,-143.5406027515144,92.47064585181185,36.807354354858404,-68.62040908813478
2026-05-09 17:29:13+00:00,USA,USA,21.22999969147032,15.22000046906966,0.0,8.980000090520186,2.2100000202331267,-4.54000006088103,-0.2611846996335685,-6.16240136141719,4.9945392036824,1.5039858626644858,-1.92964834236505,2.090689229938628,2.0763632069753015,-16.88077940726904,-25.78000055802276,-22.392691524069498,57.4978889465332,81.82690933227538,1.0,110.999999673762,0.0,953.015625,1527.41796875,236.76473731407,82.4047187805176,236.25959837966138,0.41700001491245525,32.2767459,0.09344519341092772,-0.8119943784549835,1911.178708076476,1073.3939886093121,1568.7408924102779,1123.2188463211041,-64.8486644,2.0,295.315307617188,7.38631820678711,18.2854423522949,-71.7010040283203,74.6707677841186,36.0200762748718,-1.20120001225285,-0.111019488924867,1.02391227109444,-0.5375999313756432,45.1998825073242,71.9994735717774,2.0,7.0,2.0,0.0,0.0,26050902.0,2.0,-142.588873264262,92.5077406091942,36.32685871124265,-65.24532669067383
2026-05-09 17:29:14+00:00,USA,USA,21.190000054633998,13.429999986679741,0.0,5.270000092578778,-3.5599999724229336,-12.41999959429719,-0.261476997045491,-6.169139769920235,4.994897959368556,1.358758261073834,-2.318414652433385,2.0521237193845723,2.1059007442391637,-17.27178553913746,-33.60999964893114,-22.8453665801803,57.430836296081495,81.1985133361816,1.0,110.999999673762,0.0,975.70703125,1550.109375,236.380552833635,80.841535949707,236.7691960615604,1.3379999928370117,32.2766331,-0.0845609809285284,-0.7481296430341899,1911.1878156661999,1179.1087627410882,1682.7359437942498,1214.08395767212,-64.8488641,2.0,309.092559814453,7.38631820678711,18.2854423522949,-72.7010040283203,74.4174361228943,36.1997574567795,-1.675199986169514,-1.22999796809564,1.04204407546329,0.832199970821752,46.1998672485352,72.9994583129883,2.0,7.0,2.0,0.0,0.0,26050902.0,2.0,-141.727589141999,92.55603346172074,35.8471715927124,-61.94396392822266
2026-05-09 17:29:15+00:00,USA,USA,21.21000021456164,11.919999864974619,0.0,2.340000013890014,-7.790000137090959,-18.11999992366886,-0.2622070268738885,-6.16298705013852,4.9941804479962455,2.026662823215516,-2.12613287446648,2.043161187844366,2.187739174411928,-17.826442662009942,-39.310000832076504,-22.3387338834,58.18665618896485,81.49997406005856,1.0,110.999999673762,0.0,998.28125,1572.68359375,237.484939780913,81.7096138000488,237.43120531667464,1.1671999548865035,32.2765226,0.325295371147522,-0.7390061160549523,1911.16964817047,1055.6727528572096,1395.5420017242438,1117.365860939024,-64.8490662,2.0,320.764251708984,7.38631820678711,18.2854423522949,-73.7010040283203,74.8158037662506,31.8854719400406,-2.0228000097304157,-0.641260154272022,0.133819627539829,0.33639999942183463,47.1998519897461,73.9994430541992,2.0,7.0,2.0,0.0,0.0,26050902.0,2.0,-141.1046458368618,92.6480463551246,35.6522415161133,-61.29968994140624
2026-05-09 17:29:16+00:00,USA,USA,21.2599995898523,13.54000001250806,0.0,5.660000009516418,-2.7399999681027856,-11.049999909066576,-0.2616229122977205,-6.1684072321317505,4.994180447996248,2.4519215853752763,-2.27113245446056,2.295194655953644,2.383934095820382,-17.26339328570428,-32.309999498918906,-22.18574789127545,57.478623390197754,80.97526840209959,1.0,110.999999673762,0.0,1020.8984375,1595.30078125,236.740695048192,80.8660148620605,237.7580052797788,-0.45979995993939704,32.276412,0.6518076792338998,-0.7298825890757143,1911.215114593504,951.4271616935727,1004.9937367439261,1062.725901603698,-64.849267,2.0,334.369812011719,7.38631820678711,18.2854423522949,-74.7010040283203,74.5489358901978,30.8952778577805,-2.254999974527818,-0.663001126647849,-1.88854068876277,-0.024799989989493954,48.199836730957,74.9994277954102,2.0,7.0,2.0,0.0,0.0,26050902.0,2.0,-140.4669383948144,92.77188793006064,35.85123825073245,-59.8128044128418
2026-05-09 17:29:17+00:00,USA,USA,21.27999940827046,13.6100000599906,0.0,5.569999972860989,-3.0500000457426912,-12.059999789184936,-0.261622418709831,-6.169579036461229,4.994898386255381,2.047512381199462,-1.7625837295355349,2.286503539055582,2.434337732932584,-17.24699024490302,-33.339999538964875,-23.266796935932902,58.4402721405029,80.9685186767578,1.0,110.999999673762,0.0,1043.40234375,1617.8046875,237.13884043529,81.1570289611816,236.9928000625328,-0.5249999825929441,32.2763021,0.06345515544754259,-0.8119943900965156,1911.306023597716,918.3475494384766,1115.5556917190556,1041.0864830017078,-64.849468,2.0,344.372314453125,7.38631820678711,18.2854423522949,-75.5989990234375,74.6340215206146,31.086677312851,-1.7362000214487563,0.948509543978434,-0.20280380444523,-0.5975999695974799,49.199821472168,75.9994125366211,2.0,7.0,2.0,0.0,0.0,26050902.0,2.0,-139.644089113049,92.9143110346338,35.86190185546875,-58.713515167236324
2026-05-09 17:29:18+00:00,USA,USA,21.209999531542678,13.160000047468198,0.0,4.959999876200656,-3.810000071871964,-12.679999965809099,-0.262791635037946,-6.1682608099514145,4.994180447996248,2.0518260725471498,-1.775192258743375,2.481503604246104,2.607769426762042,-16.328792546852576,-33.87000036195252,-23.371052089650348,58.5048099517822,80.72261169433592,1.0,110.999999673762,0.0,1065.8828125,1640.28515625,236.775064560095,80.7664581298828,236.6848022441758,-0.5037999718715531,32.2761911,0.3029317443195268,-0.7755002356134355,1911.30599975586,999.5572328567498,1099.0489244461078,1089.2560958862282,-64.8496674,2.0,355.631469726562,7.38631820678711,18.2854423522949,-76.5989990234375,75.0478625297546,30.5652111768723,-2.19719998959643,-0.93042928619347,-0.146624351263538,-0.6503999692418313,50.1998062133789,76.999397277832,2.0,7.0,2.0,0.0,0.0,26050902.0,2.0,-138.8858780095126,93.05738642227266,35.85404148101805,-57.48923927307128
2026-05-09 17:29:19+00:00,USA,USA,21.07999951654146,14.199999996723301,0.0,6.99000014328805,-0.6699999734655938,-8.48000019044291,-0.2623534223737945,-6.177635884917494,4.994180874883068,2.60577706058115,-2.73239807427827,2.592854470737532,2.730526837233434,-15.81457253443278,-29.560000390003296,-23.2666048368625,57.8744676589966,79.54106643676755,1.0,110.999999673762,0.0,1088.29296875,1662.6953125,235.481262806755,80.3035217285156,236.2775918300108,-1.041200002820096,32.276078,0.9871168040637898,-0.8211179054342213,1911.360573768614,880.4022789001463,988.1521463394165,1041.3813352584818,-64.8498633,2.0,369.131134033203,7.38631820678711,18.2854423522949,-77.5989990234375,74.1196274757385,30.778095126152,-2.168799998994494,0.739620321127201,-0.704775043859323,0.8477999734756716,51.1997909545898,77.999382019043,2.0,7.0,2.0,0.0,0.0,26050902.0,2.0,-137.9449183645434,93.20616501786844,35.8402536392212,-55.084243469238274
2026-05-09 17:29:20+00:00,USA,USA,21.169999894706358,16.69000027091952,0.0,11.99000008321189,7.020000127047403,2.840000063377683,-0.262061111621659,-6.19418884837102,4.9931041809377845,2.53927419801972,-2.754989565288315,2.6373949880888317,2.823475637308282,-15.81190193046732,-18.3299998953617,-23.4324956176501,56.8160877227783,78.4080093383789,1.0,110.999999673762,0.0,1110.34375,1684.74609375,236.233485200427,78.6385986328125,238.0386058433368,-1.7104000063874079,32.2759678,0.9255115286467204,-0.75725318165496,1911.2059831619263,863.9084219932556,941.8144345283511,1028.3779859542863,-64.8500564,2.0,380.817687988281,7.38631820678711,18.2854423522949,-78.7010040283203,74.3072092533112,30.6355208158493,-2.490399925640048,-0.614945943360049,-0.869722724932956,0.9849999390089751,52.1997756958008,78.9993667602539,2.0,7.0,2.0,0.0,0.0,26050902.0,2.0,-137.53771614660582,93.38850716304569,35.68269424438475,-54.596689453124974
2026-05-09 17:29:21+00:00,USA,USA,21.200000134597822,16.7200001693015,0.0,11.890000137347354,7.689999892405675,1.3100000165326862,-0.2626457197857165,-6.18232374256565,4.993821692310092,2.091727674824562,-2.29634951287625,2.586879463940288,2.86276903258445,-16.624431479415797,-19.89000024613116,-24.351195334604547,57.03899345397945,77.78775421142575,1.0,110.999999673762,0.0,1132.109375,1706.51171875,237.807925766385,78.3269508361816,238.04019591137563,-0.2561999822205678,32.2758633,0.26802574640312327,-0.8758591022342446,1911.1969232559222,832.7197909355161,925.4498600959784,992.8896427154548,-64.8502514,2.0,394.525787353516,7.38631820678711,18.2854423522949,-79.5989990234375,74.7519850730896,30.6843489408493,-1.966200025003176,1.37601268495512,1.96826735251021,0.7326000392548508,53.1997604370117,79.9993515014648,2.0,7.0,2.0,0.0,0.0,26050902.0,2.0,-137.50083858923898,93.6103892733281,35.3261552810669,-56.0236212158203
2026-05-09 17:29:22+00:00,USA,USA,21.21000021456164,15.369999619470182,0.0,9.429999761533102,3.079999933452508,-3.270000108071514,-0.2623534223737945,-6.18115151134935,4.993462936623937,2.6898942126157577,-2.970912015354815,2.587965677461732,2.8730663538432077,-16.73200593431512,-24.4700003280467,-23.558212933287052,55.59230346679685,77.32026260375976,1.0,110.999999673762,0.0,1153.67578125,1728.078125,238.3079775759,76.9555206298828,240.3046057948342,-0.11000000581800636,32.2757619,0.8167572332734689,-0.7755002588964999,1911.324214935302,951.2314677238464,1014.0739321708681,1075.328826904298,-64.8504459,2.0,382.399475097656,7.38631820678711,18.2854423522949,-80.7010040283203,74.5179951190948,30.4636538028717,-2.297400081347964,-1.41365535157494,-1.56492771326974,2.2829998974712877,54.1997451782227,80.9993362426758,2.0,7.0,2.0,0.0,0.0,26050902.0,2.0,-138.5117448354604,93.8371652141509,35.0516653060913,-58.046233062744136
2026-05-09 17:29:23+00:00,USA,USA,21.2000004761073,14.8399998210109,0.0,7.960000045060627,0.7199999837504449,-6.759999968978901,-0.262207040214102,-6.1763176584076795,4.993462936623938,2.4562350632795518,-2.661999634668065,2.626802944167388,2.98308733981455,-16.48366913533936,-27.96000091466164,-23.3858300576933,56.25696601867675,78.14582061767578,1.0,110.999999673762,0.0,1175.1796875,1749.58203125,241.231353182178,77.8146446228027,242.0844000963022,0.2796000047109958,32.2756667,0.475269812805075,-0.8028708398342135,1911.2060308456398,881.3698291778567,1008.3360075950619,1046.857714653015,-64.8506461,2.0,368.298583984375,7.38631820678711,18.2854423522949,-81.5989990234375,74.5566725730896,30.864030122757,-2.682399915615012,-0.438023446567503,1.65010241337562,1.9691999934970341,55.1997299194336,81.9993209838867,2.0,7.0,2.0,0.0,0.0,26050902.0,2.0,-139.17656539643718,94.0922693645563,34.86135120391845,-62.01051361083984
2026-05-09 17:29:24+00:00,USA,USA,21.28999948823428,15.31000016421562,0.0,9.290000178832262,2.83000000475821,-3.620000046663346,-0.2619147294619665,-6.18012634264361,4.993462936623938,3.009827316971736,-2.92415520833955,2.660208161426132,2.98986194832019,-15.9862332882765,-24.8899999299229,-22.28668869569815,56.200736618042,78.50225143432615,1.0,110.999999673762,0.0,1196.90625,1771.30859375,242.504527764225,78.4454246520996,244.21119532836343,0.1965999996510032,32.2755759,0.845763851395408,-0.7937473012134433,1911.260557174682,783.873975276947,978.3847570419308,930.3436875343323,-64.8508512,2.0,353.697204589844,7.38631820678711,18.2854423522949,-82.7010040283203,74.5392680168152,30.70387840271,-2.76579994047545,-0.227749776388019,-0.987100859840947,1.9679999719485437,56.1997146606445,82.9993057250976,2.0,7.0,2.0,0.0,0.0,26050902.0,2.0,-139.6706831376012,94.38254215899805,34.82772960662845,-61.668009338378894
2026-05-09 17:29:25+00:00,USA,USA,21.30999964816192,14.71999988597346,0.0,7.840000024645848,0.6900000159993496,-6.690000049562434,-0.261915209709643,-6.18745065331139,4.993104180937782,2.820024214654628,-3.1437549682221597,2.7050200080422124,2.948671937577558,-15.535337325689742,-27.98999978851528,-22.16607694646585,55.38730201721195,77.75490921020507,1.0,110.999999673762,0.0,1218.71484375,1793.1171875,244.240597926703,78.3657737731934,246.3019981955744,0.47739997538443013,32.2754909,1.0475915551071782,-0.7755002472549677,1911.206030845642,793.6467170715332,918.149983882904,897.3774075508118,-64.8510596,2.0,343.077697753906,7.38631820678711,18.2854423522949,-83.7010040283203,74.5566725730896,34.0162485837936,-2.335399966861374,0.888955363696948,0.631242507915435,2.614999971739124,57.1996994018555,83.9992904663086,2.0,7.0,2.0,0.0,0.0,26050902.0,2.0,-140.25368896062383,94.7086563711095,34.75950622558595,-62.35402450561522
2026-05-09 17:29:26+00:00,USA,USA,21.08999959650528,15.93999973778472,0.0,10.65999986406286,4.90999992461274,-0.5900000327822402,-0.2620611249618725,-6.1937493683866105,4.99346336351076,3.3063935330921383,-2.949897764434505,2.706106435007066,2.958969301525002,-14.79795556704652,-21.669999794783642,-22.26174996749115,54.09197273254395,76.60185974121093,1.0,110.999999673762,0.0,1240.28125,1814.68359375,246.48729303153,77.099063873291,247.82120165567662,-0.603399991483861,32.2754129,1.148205748421484,-0.7572531816549599,1911.19692325592,772.5023865699768,877.6900291442869,901.1521100997927,-64.851268,2.0,333.249755859375,7.38631820678711,18.2854423522949,-84.7010040283203,74.6591627597809,34.2271775007248,-2.149399956562812,-0.543014713250559,-2.17573072001135,0.27140000125937014,58.1996841430664,84.9992752075195,2.0,7.0,2.0,0.0,0.0,26050902.0,2.0,-140.4099008510932,95.07837451088224,34.747113990783646,-60.71541641235351
2026-05-09 17:29:27+00:00,USA,USA,21.089999596505276,16.00999995602196,0.0,10.500000121434379,4.829999989265476,-1.1699999695924097,-0.2620611249618725,-6.18906215106869,4.992027486992496,2.4177714506101777,-3.0539188774511548,2.6724296750401297,2.993655862272038,-15.023022594538919,-22.2600000730258,-23.42050351301485,52.620930862426746,74.85237075805662,1.0,110.999999673762,0.0,1261.51171875,1835.9140625,246.952237668711,75.4251525878906,248.7449929371478,-0.5979999878971531,32.2753391,1.0170641953665334,-0.7663767086341977,1911.369633674622,1004.5196294784539,1078.418350219728,1153.458642959594,-64.8514739,2.0,323.729278564453,7.38631820678711,18.2854423522949,-85.7010040283203,74.2801308631897,33.881488442421,-1.998999959435412,0.0393303770152623,0.477717571176708,1.140799945059169,59.1996688842774,85.9992599487305,2.0,7.0,2.0,0.0,0.0,26050902.0,2.0,-140.25848375342122,95.465605255687,34.803018951416,-58.14046142578125
2026-05-09 17:29:28+00:00,USA,USA,21.13999999632438,17.179999749523517,0.0,13.159999705958759,8.76999994807262,4.6300000548477716,-0.262499324285811,-6.18364196907546,4.992386669565472,3.5271110961211,-2.04890541962503,2.614852973261578,3.0440593286295123,-14.730435732006338,-16.5300000160269,-23.596473945470102,52.05378227233885,74.17795028686524,1.0,110.999999673762,0.0,1282.27734375,1856.6796875,248.112577525669,74.5007286071777,248.12080107343021,-1.038200002309729,32.2752691,0.7301752900829839,-0.7207590388134122,1911.160564422608,867.5974011421206,943.4006333351128,1142.0268535614,-64.8516777,2.0,311.904754638672,7.38631820678711,18.2854423522949,-86.7010040283203,74.7906625270844,34.1158539056778,-2.624600037405328,-1.20884850077411,-0.977179263019563,-1.995599955299604,60.1996536254883,86.9992446899414,2.0,7.0,2.0,0.0,0.0,26050902.0,2.0,-140.7287750626846,95.86567334103675,34.442603874206554,-58.74545791625976
2026-05-09 17:29:29+00:00,USA,USA,20.25999978969774,16.43999980861672,0.0,12.220000044077604,8.0200000979567,3.4999999835598876,-0.261915209709643,-6.431204309976695,4.992386498810744,2.735188185209874,-2.485479371984605,2.593397556153912,3.0692613606290235,-16.74497646354896,-16.7599998061379,-23.78133301535655,51.057617568969704,73.41078735351563,1.0,110.999999673762,0.0,1302.859375,1877.26171875,246.088956399135,73.605411529541,246.00479754025736,0.08879999909867937,32.2751951,0.7760393486850434,-0.6568943266756833,1911.3332748413081,1103.7628889083865,1115.3150081634521,1134.895467758176,-64.8518772,2.0,294.232025146484,7.38631820678711,18.2854423522949,-87.7010040283203,74.7075080871582,34.9634766578674,-1.774199949650852,1.44297073693605,1.35062231048924,-1.9407999388620738,61.1996383666992,87.9992294311524,2.0,7.0,2.0,0.0,0.0,26050902.0,2.0,-141.3457241938064,96.1952846100032,34.28993854522705,-58.63281921386717
2026-05-09 17:29:30+00:00,USA,USA,18.4000002843537,13.259999822578,0.0,7.750000158745152,1.8900000013676237,-4.110000037531543,-0.262061124961872,-7.051428175296159,4.992745425251629,3.2240739160923484,-2.815404829652905,2.5583629118912983,3.105031872397348,-16.748790782690957,-22.499999943100622,-22.7176189908126,50.54811973571775,73.44513748168944,1.0,110.999999673762,0.0,1323.2421875,1897.64453125,243.993672927828,73.3929908752441,244.46199987468617,0.9305999768896969,32.2751154,1.211267049414872,-0.7481296430341899,1911.360597610474,1117.8541183471682,1160.665178298952,1150.757670402528,-64.8520724,2.0,277.402099609375,7.38631820678711,18.2854423522949,-88.7010040283203,97.9694843292236,34.7857505083084,-2.410999958378342,-0.721371816573072,0.172741954113035,-1.95380003000843,62.1996231079102,88.9992141723633,2.0,7.0,2.0,0.0,0.0,26050902.0,2.0,-142.0674101777368,96.43236047609435,33.98273334503175,-60.7329217529297
2026-05-09 17:29:31+00:00,USA,USA,17.830000166039138,12.809999810055578,0.0,7.380000017537007,1.6000000302944961,-4.730000000712282,-0.2635221451140205,-7.744017254541685,4.992745425251629,3.7737109353022285,-1.944883346113025,2.5295745610020197,3.123188265447216,-16.83691046826786,-22.56999981982842,-22.80521872823895,50.88658103942875,74.00243270874024,1.0,110.999999673762,0.0,1343.65234375,1918.0546875,241.749382049589,73.7724998474121,241.3746013736032,0.5947999802379789,32.2750289,0.9003045767765696,-0.848488509654999,1911.1605405807481,967.7212834358222,1049.9846100807194,1047.95274734497,-64.8522647,2.0,258.040161132812,7.38631820678711,18.2854423522949,-89.7010040283203,97.7509617805481,47.712978720665,-2.7474000084929897,-0.378434981938034,-0.399572816593637,-4.01699984028319,63.1996078491211,89.9991989135742,2.0,7.0,2.0,0.0,0.0,26050902.0,2.0,-142.0486216933682,96.58834492126455,34.181005668640154,-60.38235076904298
2026-05-09 17:29:32+00:00,USA,USA,17.27999986614276,11.66999991493598,0.0,5.459999947032668,-1.2399999903945058,-8.340000010100495,-0.262938017197639,-8.911076310096131,4.993821692310092,3.350249964309378,-0.12240883603596997,2.55944912541274,3.1025926837786857,-19.460277869971442,-25.63000004158446,-24.6722637444666,51.521056938171355,74.58602096557618,1.0,110.999999673762,0.0,1364.22265625,1938.625,238.082144201182,74.4151176452636,236.1157983089518,-0.45879999089643864,32.2749319,0.2660211192322578,-0.8576120249927046,1911.0696077346797,936.8952751159666,1035.665678977966,1054.876828193664,-64.8524517,2.0,241.965087890625,7.38631820678711,18.2854423522949,-90.7010040283203,97.8882610797882,49.9160200357437,-2.3907999727288063,1.07122210998906,-1.30265090374048,-8.984000276184961,64.199592590332,90.9991836547852,2.0,7.0,2.0,0.0,0.0,26050902.0,2.0,-141.3959370125088,96.6388234343255,35.295307731628455,-58.7029586791992
2026-05-09 17:29:33+00:00,USA,USA,17.249999626251316,11.370000077342459,0.0,4.999999854546462,-1.7000000401920303,-8.65000001303521,-0.26454496594223,-9.343357275118944,4.992386498810744,1.7753895658330283,3.65598105632415,2.8345672241901503,3.343229810503074,-21.98522600233914,-25.919999628459482,-28.21462182918325,54.45488719940185,74.33491333007808,1.0,110.999999673762,0.0,1384.96484375,1959.3671875,229.724069034594,74.9517929077148,221.69240041221465,-2.30299989731636,32.2748139,-2.549323882232382,-0.8302414440549912,1910.978722572326,969.0912008285522,1034.495878219605,1141.888642311098,-64.8526219,2.0,223.382720947266,7.38631820678711,18.2854423522949,-91.7010040283203,97.290712594986,60.517168045044,-1.9383999811424601,1.81467752897437,-1.5026950849774,-17.26899916346558,65.199577331543,91.9991683959961,2.0,7.0,2.0,0.0,0.0,26050902.0,2.0,-137.9571990446714,96.63405596228485,35.153033065795896,-56.22178161621092
2026-05-09 17:29:34+00:00,USA,USA,17.31000010603422,11.370000077342459,0.0,4.9699998707871105,-1.8400000284353681,-8.89999996307385,-0.2646908811944595,-9.166841708190546,4.992386498810744,1.2261119746560474,6.322708035671511,3.14553502224157,3.61475911444715,-22.142772853281958,-26.21000023986282,-33.32239096977515,59.55196151733395,72.07942153930665,1.0,110.999999673762,0.0,1405.546875,1979.94921875,215.662307797804,72.8663955688476,203.48119543576558,-3.466399935155068,32.2746679,-4.599849892304043,-0.8758590905927124,1910.769581794738,938.7098789215097,962.7012133598334,1212.87453174591,-64.8527514,2.0,212.760147094727,7.38631820678711,18.2854423522949,-92.5989990234375,98.2112109661102,62.0151579380035,-3.313199944666104,-2.10306924663005,-1.05934259675341,-19.529400067390878,66.1995620727539,92.999153137207,2.0,7.0,2.0,0.0,0.0,26050902.0,2.0,-127.8660808554464,96.627915622221,34.845088005065946,-45.984135360717744
2026-05-09 17:29:35+00:00,USA,USA,17.350000425889498,12.250000113214341,0.0,6.1300000112117115,-0.10999998313964392,-6.620000066112937,-0.266005999434591,-9.054486377004299,4.992027572369858,2.775449247536702,5.93867104463402,3.366607242843186,3.892521392895682,-21.3912771917378,-23.980000166423757,-32.2237277210219,68.33406143188475,69.1708282470703,1.0,110.999999673762,0.0,1425.50390625,1999.90625,194.300713583671,70.3145668029785,180.9411968803572,-1.4719999427070154,32.2745001,-2.610855476983782,-0.8302414440549912,1910.86959838867,549.3908762931824,644.6881651878356,878.9909601211548,-64.8528113,2.0,203.01416015625,7.38631820678711,18.2854423522949,-93.5989990234375,97.0393121242523,51.3065874576569,-3.029199974613716,-0.0974909052213754,4.04315395796432,-24.452198464503418,67.1995468139648,93.999137878418,2.0,7.0,2.0,0.0,0.0,26050902.0,2.0,-106.36485298599719,96.6219665274539,34.8804416656494,-23.646160697937017
2026-05-09 17:29:36+00:00,USA,USA,17.27999986614276,9.599999925634874,0.0,1.0100000188565956,-7.779999886372416,-16.84000027509368,-0.266736509510665,-8.897013377481894,4.991668987438432,3.0522446700195376,4.2344016026022,3.766927106041206,4.410920627313874,-18.89875401641688,-34.12999902591718,-28.691556863452348,75.9412696838379,64.36681045532227,1.0,110.999999673762,0.0,1444.609375,2019.01171875,168.678980120039,66.0586624145508,158.945001594211,-1.4800000152158024,32.2743366,-0.9144027542341371,-0.7846237742342056,1910.987782478332,744.0895557403567,773.6659884452821,846.5074539184568,-64.8527836,2.0,201.439758300781,7.38631820678711,18.2854423522949,-94.5989990234375,97.6252615451813,38.8832479715347,-1.4989999739807662,0.584601173785828,0.389202054793045,-17.77739883018412,68.1995315551758,94.9991226196289,2.0,7.0,2.0,0.0,0.0,26050902.0,2.0,-84.65242064099472,96.6162086779836,35.0475008010864,5.79463285446167
2026-05-09 17:29:37+00:00,USA,USA,17.509999997763238,11.969999752529535,0.0,6.19000000007477,0.42999987393910344,-4.55000018353353,-0.2661519013466075,-8.88573374695444,4.990233110920168,3.966749028653666,-0.26688387884613507,3.9038070852160245,4.7377310918338225,-15.17446615919414,-22.07999965820546,-25.28152942503645,78.71321983337405,61.44928527832032,1.0,110.999999673762,0.0,5.23046875,2036.78515625,150.788419740214,62.2447998046875,147.7673997495606,-4.463599912702795,32.2741974,0.23131309675018522,-0.7481296430341899,1911.0877990722643,775.7449626922605,841.8935894966123,966.5522575378433,-64.8526995,3.0,188.795700073242,7.38631820678711,18.2854423522949,-95.5989990234375,96.8826770782471,29.8855513334274,-3.272399980413762,-1.73130610553108,-4.0252849024351,-6.2647998562748,0.400000005960464,95.9991073608398,2.0,7.0,3.0,0.0,0.0,26050902.0,2.0,-72.84865027588094,96.6106249983371,35.0225652694702,18.52430294036866
2026-05-09 17:29:38+00:00,USA,USA,17.70000015103792,12.98999988336644,0.0,7.869999923027821,3.380000096547242,-2.9000000949294096,-0.266298296846513,-8.90917154109134,4.986644358775512,6.4654602272965604,-4.26382349622568,3.91412758642928,4.8610306912592645,-13.61463656315394,-20.60999985635564,-23.267900865257502,79.04049224853514,57.45456367492674,1.0,110.999999673762,0.0,22.19921875,2053.75390625,144.515847214041,59.076301574707,145.25399668594682,-1.8369999959084862,32.2740745,0.6106213450540317,0.45619798474945117,1911.242365837096,392.20820665359497,555.0269484519958,703.3541202545164,-64.8526002,3.0,173.030181884766,7.38631820678711,18.2854423522949,-96.7010040283203,52.7334630489349,29.7351658344269,-3.9892000312102263,-0.551494606548541,4.14542536861468,1.595999930007078,1.40000021457672,96.9990921020508,2.0,7.0,3.0,0.0,0.0,26050902.0,2.0,-64.5056629971696,96.18213649585095,34.96728687286375,36.690147399902344
2026-05-09 17:29:39+00:00,USA,USA,17.48999983783562,8.799999846454611,0.0,-0.37000000246992937,-10.180000123913235,-19.9199998030037,-0.26556778677043946,-8.900968483898154,4.990951305311391,4.929782350916238,-3.15373707625072,3.8280345887338276,4.944495090652632,-14.94176981039882,-37.42000074533151,-22.7704436738535,78.05505638122554,55.52702339172363,1.0,110.999999673762,0.0,38.07421875,2069.62890625,147.217801747806,55.938777923584,149.1915980103838,-1.0526000127636306,32.2739571,0.6910111347925187,0.4105732077732682,1911.16054058075,788.2536172866821,819.0980315208436,867.9189324378965,-64.852509,3.0,161.61865234375,7.38631820678711,18.2854423522949,-97.5989990234375,47.800275683403,29.698058962822,-2.321400042742236,2.82047026869611,0.82590423328212,2.14180001574551,2.39999985694885,97.9990768432617,2.0,7.0,3.0,0.0,0.0,26050902.0,2.0,-62.351232819726455,95.7407730867793,34.911630821228,35.56178901672362
2026-05-09 17:29:40+00:00,USA,USA,17.650000092728302,11.349999917414843,0.0,4.830000031954156,-1.9400000063163898,-8.779999857281718,-0.266736509510665,-8.893497537606631,4.990951219934028,6.375950768978276,-1.8797398032542214,3.740854822564068,5.027959233913908,-12.057476888060279,-26.430000291519455,-21.63988429544995,78.24170722961425,54.79915718078614,1.0,110.999999673762,0.0,53.484375,2085.0390625,148.105343849315,55.2786884307861,146.9640001144758,-2.927199957261152,32.2738401,1.541905738915076,0.355817750096321,1911.0696315765358,630.8041930198667,764.8097753524778,927.633011341095,-64.8524224,3.0,148.541351318359,7.38631820678711,18.2854423522949,-98.7010040283203,47.7906048297882,29.7488391399384,-3.789200054103842,-3.04241086247333,-2.19028051704736,-4.080999886744972,3.39999890327454,98.9990615844726,2.0,7.0,3.0,0.0,0.0,26050902.0,2.0,-58.300484630556085,95.4604996892824,34.880189323425256,31.421594696044924
2026-05-09 17:29:41+00:00,USA,USA,17.6500000927283,10.24000009143194,0.0,2.6100000064624096,-5.71999995569079,-14.479999845143922,-0.266882891670358,-8.911954843178119,4.991310060997549,6.7764058699218594,-5.10755142831207,3.7413977372257157,5.032566111131718,-12.62624825534312,-32.109999948699326,-19.98525218599415,77.53551292419435,52.386856155395506,1.0,110.999999673762,0.0,68.65234375,2100.20703125,143.215666064016,53.4075691223144,146.16620123451042,-1.8105999487285522,32.2737313,2.172068415267072,0.3193236218066884,1911.25147342682,643.5841977596283,772.8438496589663,870.9800601005552,-64.8523296,3.0,137.816467285156,7.38631820678711,18.2854423522949,-99.5989990234375,47.8389501571655,29.5984536409378,-2.457199998254544,2.50990967798527,2.69605154277516,2.789999967715466,4.3999981880188,99.9990463256836,2.0,7.0,3.0,0.0,0.0,26050902.0,2.0,-54.61830301126447,95.27806533655135,34.85506324768065,38.14722633361814
2026-05-09 17:29:42+00:00,USA,USA,17.66000017269214,9.959999901501835,0.0,1.699999965486834,-6.920000053116842,-15.399999859361623,-0.266005986094378,-8.911955270064945,4.991668816683702,6.806961745702287,-4.964128341355785,3.6496012754412184,5.119552753702696,-13.133221437053518,-33.05999934903482,-20.370960652387602,76.72276496887204,51.43382995605468,1.0,110.999999673762,0.0,83.15234375,2114.70703125,146.64600563125,51.416104888916,149.0589967178372,-1.4449999861384561,32.2736243,1.556541585662454,0.2919530234066772,1911.1787080764777,666.0138249397279,838.7590408325198,946.4133381843565,-64.852244,3.0,125.810157775879,7.38631820678711,18.2854423522949,-100.70100402832,47.7732002735138,29.5300960540772,-2.883599914269884,-2.37243013626737,1.46936088034168,2.4583999771143494,5.39999723434448,100.999031066895,2.0,7.0,3.0,0.0,0.0,26050902.0,2.0,-53.970690428882676,95.1969090288333,34.87480430603025,33.7047816467285
2026-05-09 17:29:43+00:00,USA,USA,17.62000019434632,8.57999979479796,0.0,-0.9800000030807305,-11.01000010147547,-21.38999994636302,-0.266298296846513,-8.901261755145644,4.992027913879316,6.907254877436922,-3.44058314344157,3.5958271107283393,5.176730999320542,-13.192349360169962,-39.009999799199875,-21.030131963901752,76.99778022766115,51.16755912780762,1.0,110.999999673762,0.0,97.4375,2128.9921875,149.758782383213,51.1451923370361,150.7236012449906,-1.3215999615878722,32.2735143,1.0018908234036463,0.2189647668274118,1911.3151073455817,752.1644473075866,845.6139683723446,1011.0833168029782,-64.8521661,3.0,112.335998535156,7.38631820678711,18.2854423522949,-101.70100402832,47.9027658700943,29.7097772359848,-3.30900001865678,-0.843175647258967,0.275453685181239,-0.06040000316065679,6.39999628067017,101.999015808105,2.0,7.0,3.0,0.0,0.0,26050902.0,2.0,-54.03361696170604,95.21673023780465,35.22334213256835,32.29523986816406
2026-05-09 17:29:44+00:00,USA,USA,17.610000455891957,8.279999957204428,0.0,-1.5000000203969601,-11.85000015900154,-22.47000004471862,-0.2670283400151245,-8.900675212650665,4.9913102317522755,7.285422814986664,-3.32815641543416,3.5670386744617018,5.199494141522171,-11.738949820833621,-40.10000031902874,-21.3329799903792,76.62929191589356,50.86508697509766,1.0,110.999999673762,0.0,111.6484375,2143.203125,149.471887117316,50.9964820861816,150.2039987019954,-1.9184000133139019,32.2734041,0.9901340401296433,0.2645824250066652,1911.206030845642,637.5118970870972,728.6208033561708,920.4566955566409,-64.85209,3.0,103.119995117188,7.38631820678711,18.2854423522949,-102.70100402832,47.6668417453766,29.5515805482864,-3.2012000821374778,0.652276875877282,-0.522887159622736,0.01840000135157156,7.39999532699585,102.999000549316,2.0,7.0,3.0,0.0,0.0,26050902.0,2.0,-54.67342195484757,95.2519330327869,35.283406448364246,30.213282623291
2026-05-09 17:29:45+00:00,USA,USA,17.639999671255044,8.210000080476636,0.0,-1.4900000258105082,-11.600000038208183,-22.0000000430233,-0.26688242476289503,-8.902286710407965,4.991668987438432,7.030554391485003,-4.30637728230215,3.5499286663926823,5.21710877250481,-10.39236146275686,-39.6499994527327,-21.6832167230918,76.50544509887695,50.750664367675796,1.0,110.999999673762,0.0,125.765625,2157.3203125,149.745900646438,50.6319625854492,151.5868060164484,-1.233599975076156,32.2732942,0.5040452236875241,0.2463353652274236,1911.178731918336,590.7456398010254,732.8516602516172,929.7504663467405,-64.8520152,3.0,89.3510131835938,7.38631820678711,18.2854423522949,-103.70100402832,47.5856214761734,29.5593917369842,-3.2282000760586342,-0.317425250991821,1.36088872514201,2.214599981884402,8.39999580383301,103.998985290527,2.0,7.0,3.0,0.0,0.0,26050902.0,2.0,-54.54050305850454,95.26457571294054,35.30249691009525,28.3741469192505
2026-05-09 17:29:46+00:00,USA,USA,17.60000003441868,8.239999978858624,0.0,-1.460000020706816,-11.719999973245582,-22.030000282914763,-0.2677588500911985,-8.89906414178019,4.992027913879316,6.576537800843821,-2.75131225547221,3.5523729776532162,5.215211260576018,-13.88586166754784,-39.619999895860175,-21.44152621044265,76.94383735656734,50.99604675292968,1.0,110.999999673762,0.0,139.87890625,2171.43359375,152.050747981859,51.0345771789551,152.271802956233,-0.3979999894464266,32.2731818,0.6388801268309636,0.1824706385377792,1911.1423730850197,695.331084728241,758.408284187317,933.192610740661,-64.8519444,3.0,81.6745529174805,7.38631820678711,18.2854423522949,-104.70100402832,47.9627162218094,29.8972696065903,-2.790199980200356,1.08460469172894,0.381801491466483,-0.9517999449224055,9.39999961853027,104.998970031738,2.0,7.0,3.0,0.0,0.0,26050902.0,2.0,-54.51090716581194,95.34068792595664,35.36568202972415,30.815752944946258
2026-05-09 17:29:47+00:00,USA,USA,17.58000021600052,8.219999989685721,0.0,-1.4399999888452317,-11.549999809143818,-22.10999989809694,-0.2648367964466895,-8.896573684054076,1.7999708963875887,4.918279330514244,-3.00716207043589,3.551286593377042,5.215753492218752,-13.34188576525418,-39.699999852551805,-22.33004588277575,77.16154174804686,51.09275253295898,1.0,110.999999673762,0.0,154.0390625,2185.59375,151.344547402815,50.8756256103516,151.9591933941486,0.8489999823509565,32.2730693,-0.43286476743799424,535.869738153996,1911.1787319183338,985.7074737548819,990.3620958328254,1084.7533226013202,-64.8518734,3.0,66.9484481811524,7.38631820678711,18.2854423522949,-105.70100402832,47.8466868400574,29.6414196491241,-1.7521999957116041,1.02811080972158,1.52606062851949,0.989199974408048,10.4000034332275,105.998954772949,2.0,7.0,3.0,0.0,0.0,26050902.0,2.0,-54.91065696434638,95.3996631943451,35.43657474517825,28.42226291656494
2026-05-09 17:29:48+00:00,USA,USA,17.48000009938126,8.270000047995339,0.0,-1.4700000152932682,-11.709999893281758,-22.240000254607622,-0.2550482682522015,-8.887199249418234,-1.5342102821711001,2.353065995017518,-1.6438522033156748,3.6056040142610284,5.289733234798544,-16.73391326464084,-39.720000012479424,-22.620325507406747,77.84602432250975,51.62743377685545,1.0,110.999999673762,0.0,168.234375,2199.7890625,153.758527500794,51.2086555480957,152.42979342796258,2.3505999979063703,32.2729543,-1.2892289523633431,1448.711347579954,1911.2241744995122,1169.343709945678,1346.246266365054,1176.4741420745838,-64.8518058,3.0,53.5517616271973,7.38631820678711,18.2854423522949,-106.70100402832,47.5740164518356,29.8211008310318,-1.6117999718263138,-0.182433538978034,1.09266997119996,-0.892599952638065,11.4000072479248,106.99893951416,2.0,7.0,3.0,0.0,0.0,26050902.0,2.0,-55.03153492020156,95.46157202898209,35.4185176849365,29.52812507629394
2026-05-09 17:29:49+00:00,USA,USA,17.420000302617318,8.209999909721905,0.0,-1.479999988535378,-11.64999992576306,-22.33000029126304,-0.25957728398151503,-8.877530689761254,0.29546205200804604,3.22227659450094,0.8458289989936899,3.921460136012746,5.511671864896376,-16.58018141585896,-39.7600003323347,-23.03644026843775,78.397253036499,52.059147033691374,1.0,110.999999673762,0.0,182.59765625,2214.15234375,153.434940458676,51.7933925628662,149.955592918109,3.0643998881099037,32.2728383,-1.8431895133343503,1858.6926221847539,1911.0605239868141,1046.5353727340705,1251.094102859496,1085.541176795958,-64.851737,3.0,41.6972923278809,7.38631820678711,18.2854423522949,-107.70100402832,47.8486210107803,29.698058962822,-3.1709998457694,-1.93225966242296,0.24588590298596,-5.1173998353876256,12.4000110626221,107.998924255371,2.0,7.0,3.0,0.0,0.0,26050902.0,2.0,-55.05422207654867,95.49971180530744,35.388598823547355,27.624175872802738
2026-05-09 17:29:50+00:00,USA,USA,17.26999978617898,8.209999909721905,0.0,-1.3400000216363819,-11.57999987828054,-22.149999876442717,-1.584166541892665,-8.86170983720939,2.477573961628846,2.7132599696012543,5.991205231191765,5.171849121611276,4.22150010096765,-14.41648574529724,-39.41999897960278,-23.328102152602,78.0934844970703,50.80095634460448,1.0,110.999999673762,0.0,197.06640625,2228.62109375,147.245655259242,52.0533050537109,139.1190032941878,3.16959991312164,32.2727286,-2.8583447775495716,1920.6241607666022,1911.0423326492298,800.6000757217408,983.3844065666206,934.4115614891058,-64.851656,3.0,30.6892700195312,7.38631820678711,18.2854423522949,-108.70100402832,47.8524893522263,29.7488391399384,-2.442199985030526,1.12331158719881,-0.90486015287041,-17.251199690488523,13.4000148773193,108.998908996582,2.0,7.0,3.0,0.0,0.0,26050902.0,2.0,-54.219758058099636,95.4863792760476,35.21317977905275,29.313901634216318
2026-05-09 17:29:51+00:00,USA,USA,12.770000087841877,6.410000030387069,0.0,-0.8199999936479804,-8.75999991079748,-17.110000043550475,-1.6110496328573052,-8.813662444606114,0.5409495361858964,0.2364773707651203,13.50700814976015,5.479558108343632,3.926394862310714,-3.2798585896761,-29.859999886087337,-19.94126235264465,76.84165077209474,44.89070526123048,1.0,110.999999673762,0.0,211.0625,2242.6171875,130.403310350961,47.6695678710938,112.6370020404415,3.3832000348373077,32.2726488,-4.4523708255751995,1920.578503608706,1911.01508140564,936.7118120193479,968.541073799134,838.1796002388003,-64.851552,3.0,21.3388175964355,7.38631820678711,18.2854423522949,-109.598999023438,47.5604802370071,29.612123966217,0.15839999759903683,2.98623020867245,0.408478022569585,-34.41539916340504,14.4000186920166,109.998893737793,2.0,7.0,3.0,0.0,0.0,26050902.0,2.0,-35.60694956977588,95.47004487864754,34.9951852798462,31.41060493469238
2026-05-09 17:29:52+00:00,USA,USA,-11.650000032484792,-5.309999969538966,0.0,0.1299999989929724,5.88000006117307,8.810000054484453,-1.5955624457185649,-8.84090892297894,2.3117622776334636,0.066445731764281,15.19814164391415,5.6843343513592455,3.710959852963204,9.9113645149884,20.4600001830188,-4.191762319099188,74.5642158508301,39.13470359802246,1.0,110.999999673762,0.0,223.3515625,2254.90625,94.6558351031632,40.891686630249,77.26300017042237,2.989800049730836,32.2726313,-2.8562693391928997,1920.5693960189842,1911.106014251706,1116.229009628294,977.136588096618,869.2447900772095,-64.8514343,3.0,16.8174781799316,7.38631820678711,18.2854423522949,-110.598999023438,47.038346529007,35.5064243078232,1.4797999707143998,1.20041086927162,-0.325963974630115,-33.57860058629768,15.4000225067139,110.998878479004,2.0,7.0,3.0,0.0,0.0,26050902.0,2.0,-0.5744508776850402,95.45422957562434,34.93056335449215,38.98960372924804
2026-05-09 17:29:53+00:00,USA,USA,-17.71000023100172,-9.140000003903404,0.0,-0.06999999945775434,9.689999962290305,19.429999982890216,-1.5761308776949998,-8.840029963010124,5.125538475359201,2.1668581015082653,10.29442952741832,5.939355002702034,3.4730327318580665,13.366717601000662,37.139999189363586,13.240769083460364,69.72867279052736,36.89382568359374,1.0,110.999999673762,0.0,234.1171875,2265.671875,59.0457900916555,37.1266136169434,49.30620056542468,0.3107999995134198,32.2726715,0.6228158794208092,1920.4781532287602,1902.2320508956898,1348.078775405884,1148.1942176818839,1076.992535591125,-64.8513367,3.0,15.7704792022705,7.38631820678711,18.2854423522949,-111.598999023438,56.1737358570099,38.3168637752533,2.014599983433674,0.756496544627538,-2.50895238428441,-21.135998871508583,16.4000263214111,111.998863220215,2.0,7.0,3.0,0.0,0.0,26050902.0,2.0,32.6013039934348,95.43890263112685,35.0387340545654,33.787142715454095
2026-05-09 17:29:54+00:00,USA,USA,-17.54000023765468,-8.410000142960381,0.0,1.290000006015441,11.63000010734488,22.040000021369156,-1.56385804161269,-8.836660545315194,2.5701702172208156,4.729195916692242,2.58687214283127,6.086555909976928,3.3323900868468557,15.163058547997121,39.57000086207896,26.20351360920805,66.2184448242187,37.587915802001966,1.0,110.999999673762,0.0,244.34375,2275.8984375,36.1349860303582,36.7596290588379,36.76459969823918,-3.0511999498973017,32.2727427,3.526025522929892,1920.505523681642,1479.8472166061422,1634.493756294252,1448.173999786378,1469.4984436035143,-64.8512675,3.0,19.9202404022217,7.38631820678711,18.2854423522949,-112.598999023438,79.5265972614288,38.06491792202,0.7631999964358511,-0.88449434303443,-3.38079444221163,-6.325199816746773,17.4000301361084,112.998847961426,2.0,7.0,3.0,0.0,0.0,26050902.0,2.0,51.6870030195106,95.42405721496584,35.06201305389405,24.115801506042484
2026-05-09 17:29:55+00:00,USA,USA,-17.5500003176185,-8.180000011339919,0.0,1.5000000417413,11.940000024902242,22.2700001529896,-1.5320072153264799,-8.83900458086098,6.115025845984832,5.003475310928256,0.7680759230759979,6.126479134071936,3.286051351441818,16.03776911462102,39.82000012909866,27.219742451094753,67.0894889831543,39.990952606201176,1.0,110.999999673762,0.0,254.85546875,2286.41015625,30.1663944882913,39.1754299163818,32.16019979004216,-2.4113999726759543,32.2728261,2.820318467741808,1920.496392250064,923.4531641006477,1342.83564090729,1244.953918457032,1392.641949653626,-64.8512084,3.0,29.4149684906006,7.38631820678711,18.2854423522949,-113.70100402832,79.6658337116241,38.0414813756943,-1.8535999809455803,-2.83048759488758,0.895872691139731,-2.931799940256772,18.4000339508057,113.998832702637,2.0,7.0,3.0,0.0,0.0,26050902.0,2.0,55.3879485344901,95.2795372423175,35.01228618621825,23.172550048828118
2026-05-09 17:29:56+00:00,USA,USA,-17.50999999776322,-8.180000182094647,0.0,1.379999999982184,11.709999893281779,22.14999987644276,-1.509506704570605,-8.840176812077281,4.451883192757146,4.99988024085862,-2.69036957243765,6.028979293575742,3.386316820910314,16.65498735519622,39.65999953269652,28.25304932722745,68.14644927978514,42.11976928710938,1.0,110.999999673762,0.0,266.015625,2297.5703125,27.8180525082359,41.2359432220459,32.0445995213586,0.09639997059847247,32.2729165,3.245687878966124,1920.5420255661018,428.5675227642058,1055.1374435424798,1143.542313575744,1173.0521440506,-64.8511503,3.0,38.4854927062988,7.38631820678711,18.2854423522949,-114.598999023438,79.8514842987061,38.2113993167877,-2.501399945298354,0.0994502757188831,2.60917068275895,1.7187998797503963,19.4000377655029,114.998817443848,2.0,7.0,3.0,0.0,0.0,26050902.0,2.0,58.61409071724046,95.0623338116165,34.9969036102295,22.11319988250732
2026-05-09 17:29:57+00:00,USA,USA,-17.6400000127645,-10.259999909850118,0.0,-2.9399999452091676,5.039999982302641,13.110000159913307,-1.506585091153135,-8.840616078618275,6.592362836886553,5.000240106450514,-1.74997514696684,5.922788293492802,3.4941698194617317,14.408129521111942,30.76000042339636,26.10707475322205,70.4338954925537,44.51294105529784,1.0,110.999999673762,0.0,277.77734375,2309.33203125,31.0344876261378,43.660062789917,33.41280115929024,2.3657999862626804,32.2730101,2.112487778674722,1920.49641609192,27.894705237122178,642.4665808677673,860.5360627174375,779.817247390747,-64.8510858,3.0,49.9734687805176,7.38631820678711,18.2854423522949,-115.70100402832,79.7064483165741,38.3227229118347,-3.45680001889925,-1.02320491962852,3.70167352776766,1.3959999635728628,20.4000415802002,115.998802185059,2.0,7.0,3.0,0.0,0.0,26050902.0,2.0,55.93316496989178,94.936586613902,35.070623588562,22.949488449096684
2026-05-09 17:29:58+00:00,USA,USA,-17.610000455891957,-9.150000083867223,0.0,-0.149999961485448,9.259999853563446,18.88999993371242,-1.50264023002063,-3.55303532457581,4.907326908736717,4.999880240858623,-1.92754736550418,5.82284426980212,3.594164386552266,13.735217235025521,36.489999797376356,23.1906838691432,73.72864723205565,46.1276634979248,1.0,110.999999673762,0.0,290.19921875,2321.75390625,31.862111893152,45.852717590332,34.55639885655514,2.7795999961840017,32.2731069,2.480705069754768,1920.5511569976802,0.10001210830523644,698.9460468292236,899.4258761405943,772.0093369483948,-64.8510152,3.0,59.9950675964356,7.38631820678711,18.2854423522949,-116.598999023438,79.5846164226532,38.299286365509,-1.9778000340913877,2.37146793336805,-0.364033554753488,0.047200014255245025,21.4000453948975,116.99878692627,2.0,7.0,3.0,0.0,0.0,26050902.0,2.0,50.77450272375632,94.7077616163282,34.745071220397946,30.08924560546874
2026-05-09 17:29:59+00:00,USA,USA,-17.740000129383702,-11.65999983497217,0.0,-6.010000054829956,0.35000002396920016,6.529999853366698,-1.492996216355985,-0.14443874408998703,2.856572556903366,4.999161534203206,-3.4206198878797998,5.7467997610362325,3.6657048978247198,11.3903226221989,24.270000094808218,22.2669929914528,75.5361316680908,47.552365036010755,1.0,110.999999673762,0.0,303.0390625,2334.59375,31.4612412605748,46.7569232940674,36.04379822380614,3.3285999294990503,32.2732062,3.478436478708604,1920.5602884292603,0.06364406872307891,853.0226349830627,1006.1230540275561,856.0981750488281,-64.8509421,3.0,74.6393127441406,7.38631820678711,18.2854423522949,-117.70100402832,79.6639025211334,38.3305341005325,-2.4496000040763883,-1.81309079065281,1.27006044267235,4.45740000591887,22.4000492095947,117.99877166748,2.0,7.0,3.0,0.0,0.0,26050902.0,2.0,48.08897001381246,94.39553659389405,34.318696975708,31.78695739746094
2026-05-09 17:30:00+00:00,USA,USA,-17.77000036927516,-11.40000014647918,0.0,-4.909999988645767,2.1099999996634224,9.459999830669835,-1.760368773892895,-0.1453170770687815,3.612774773738528,4.998442827547795,-1.5450840260390803,5.657175897049344,3.758924600277522,13.991183355304159,27.229999516926096,20.35575921261605,73.53344078063965,47.70505508422851,1.0,110.999999673762,0.0,316.28125,2347.8359375,36.6124811401392,47.8965316772461,40.3297999845971,1.2470000164870991,32.2733037,1.9835946812058598,1920.6423759460442,0.03636803958215755,775.0574707984922,920.9368109703064,853.2311916351318,-64.8508603,3.0,82.9581604003906,7.38631820678711,18.2854423522949,-118.70100402832,79.8669517040253,38.402795791626,-2.218600018138796,1.27883744919923,-2.52403749739662,1.8755998815239745,23.400053024292,118.998756408691,2.0,7.0,3.0,0.0,0.0,26050902.0,2.0,48.15703353191054,94.09341342124225,31.6909355163574,32.49805091857912
2026-05-09 17:30:01+00:00,USA,USA,-16.779999966065503,-10.259999909850112,0.0,-3.8200000237697345,3.1599999541771404,10.249999915263665,-3.103075535464325,-0.1460499750430225,4.681219984943156,4.9980833034653545,-0.3661766066468595,5.627301588770722,3.784397278522902,13.402194115813861,27.020000228252137,18.93824565793375,72.89383392333986,47.69769287109374,1.0,110.999999673762,0.0,329.51953125,2361.07421875,39.8142176909473,47.5551624298096,40.84359891585456,2.5567999725101282,32.2733955,0.6110726231230138,1920.5237865448003,0.06364407236105765,673.729956150055,829.8290491104126,731.8527221679688,-64.8507707,3.0,95.5785064697266,7.38631820678711,18.2854423522949,-119.70100402832,79.8379480838776,34.0045303106308,-2.84699991871555,-1.13456400369129,2.84748921639221,0.31779997141139704,24.4000568389893,119.998741149902,2.0,7.0,3.0,0.0,0.0,26050902.0,2.0,47.03823283642733,93.9193904464741,31.418605041503902,32.70475730895998
2026-05-09 17:30:02+00:00,USA,USA,-16.50000011764486,-11.159999934894884,0.0,-5.629999940379699,0.4299999806608056,6.56999998645896,-4.181769658961965,-0.145903105965547,5.668554309187668,4.998442827547792,0.7943439568399016,5.662336104967294,3.74862698019799,13.694399683036078,23.07000006141518,17.97941687205815,73.71421737670894,48.053479614257824,1.0,110.999999673762,0.0,342.77734375,2374.33203125,40.8425675572899,47.8013591766357,40.36279867753418,2.127599935067174,32.2734866,0.2873556793442128,1920.4781770706163,0.07273607770912356,534.4148099422454,774.7924327850343,600.4054307937621,-64.850679,3.0,108.541648864746,7.38631820678711,18.2854423522949,-120.70100402832,70.8746671676636,30.3425639867783,-2.5221999630664738,0.297326005296456,-1.63436939278761,-1.5101998887300836,25.4000606536865,120.998725891113,2.0,7.0,3.0,0.0,0.0,26050902.0,2.0,45.65095106504931,93.7119166202458,31.6892120361328,34.81917778015136
2026-05-09 17:30:03+00:00,USA,USA,-16.419999819443838,-8.810000267927887,0.0,-0.9899999976671829,7.519999984436003,16.24999999685148,-5.040721442378075,-0.146342272454944,4.104467498926469,4.998083474220086,-1.01237010517076,5.6373500777002805,3.7703061713783383,13.23816217100888,32.65999922406728,18.300818253642248,74.01575088500975,48.37321884155274,1.0,110.999999673762,0.0,356.13671875,2387.69140625,38.7118285740019,48.2085502624512,39.16879964834588,3.2237999828179484,32.2735802,0.9586530792591631,1920.523786544802,0.13638015298056425,789.5764231681821,1024.6632456779485,749.8958826065061,-64.8505894,3.0,118.675361633301,7.38631820678711,18.2854423522949,-121.70100402832,61.9597375392914,30.3679555654526,-1.8961999561763156,0.554499462896524,1.49114630230797,-0.46499997238555635,26.4000644683838,121.998710632324,2.0,7.0,3.0,0.0,0.0,26050902.0,2.0,45.555371446860896,93.45775162085124,31.4982181549072,34.751759490966776
2026-05-09 17:30:04+00:00,USA,USA,-16.57999939131756,-12.67999996580908,0.0,-9.050000052625345,-4.990000030714738,-1.250000006325298,-5.85189754665383,-0.146636010609895,5.429526460409102,4.998442827547793,-0.60679055074871,5.649300091294772,3.765699208783166,11.978167634248459,15.31000016421566,17.871294123723203,75.04277343749999,48.83994483947752,1.0,110.999999673762,0.0,369.59375,2401.1484375,38.3908574943355,48.8726978302002,40.734599341984904,3.6640000399192063,32.273675,0.4409899192033551,1920.6788539886481,0.2182082360377536,624.905002117157,966.2499427795412,650.0290751457214,-64.8504993,3.0,127.657829284668,7.38631820678711,18.2854423522949,-122.70100402832,60.6505393981934,30.5202931165695,-2.9739998585012124,-2.30933519659232,0.461586425265283,2.6373998759429558,27.4000682830811,122.998695373535,2.0,7.0,3.0,0.0,0.0,26050902.0,2.0,44.65675282757576,93.18668873345015,31.8502252578735,35.58563827514648
2026-05-09 17:30:05+00:00,USA,USA,-16.52999967451738,-11.280000040687025,0.0,-5.920000082207556,0.17999997726131464,6.460000003319324,-5.901280668126665,-0.1466355303622185,5.044067893561921,4.999161534203204,1.293436071415635,5.58384758376164,3.8293811605286963,13.499468816199562,22.989999421704642,17.13607121712185,74.01394157409669,48.04450721740723,1.0,110.999999673762,0.0,383.14453125,2414.69921875,42.2736219620018,48.3715702056885,41.557199321845644,1.5358000300447578,32.2737657,-0.1669948728628279,1920.4964399337762,0.009092009713640482,847.8739261627192,973.1003880500803,841.4495110511778,-64.8504044,3.0,139.845092773438,7.38631820678711,18.2854423522949,-123.70100402832,60.4764938354492,30.444124341011,-1.673599993012094,2.14254048295673,-3.00370567455075,-1.0483999079954494,28.4000720977783,123.998680114746,2.0,7.0,3.0,0.0,0.0,26050902.0,2.0,44.403873269783034,92.95609471688135,31.53368854522705,36.166716842651354
2026-05-09 17:30:06+00:00,USA,USA,-16.559999572899383,-10.339999866541726,0.0,-4.289999940087659,2.409999970659085,9.149999998489854,-5.888423690787765,-0.145903105965547,5.177219699355656,4.99844265679306,0.13974570793781055,5.621869795455904,3.793611032958516,11.5165892557998,25.7099996567666,18.038886475387798,73.96142692565915,47.98081398010254,1.0,110.999999673762,0.0,396.47265625,2428.02734375,40.2421802688674,47.7972290039062,40.4719990589654,1.9385999349304122,32.2738566,0.692338219203911,1920.63326835632,0.09092009931919176,976.9341111183164,1088.321566581726,958.7753176689146,-64.8503122,3.0,152.950225830078,7.38631820678711,18.2854423522949,-124.70100402832,45.9476709365845,30.1570236682892,-2.757399960390756,-1.56687645161731,1.39389710840997,-0.1497999756809834,29.4000759124756,124.998664855957,2.0,7.0,3.0,0.0,0.0,26050902.0,2.0,45.04510850453678,92.73051405916334,31.6676376342773,33.9012261199951
2026-05-09 17:30:07+00:00,USA,USA,-16.55999957289938,-10.53999992902546,0.0,-4.489999917194046,2.2800000036826265,8.970000053245062,-5.885939849807405,-0.1463427527026205,6.314573920700258,4.998083474220087,0.6761379416395235,5.6300173573620835,3.7833134982563457,12.435931181290979,25.54000000492904,18.22120386112935,73.84051208496095,48.043960647583006,1.0,110.999999673762,0.0,409.81640625,2441.37109375,39.9638466450948,48.208752822876,40.856400739415896,2.004999981800492,32.2739486,0.007665694728277184,1920.6606388092018,0.10910411947406837,785.2702617645263,1011.2594366073624,907.7518582344053,-64.8502207,3.0,163.012619018555,7.38631820678711,18.2854423522949,-125.70100402832,31.4033776521683,30.3816258907318,-3.092799942744864,0.458681994042441,0.30063739306387,0.38439996756710604,30.4000797271728,125.998649597168,2.0,7.0,3.0,0.0,0.0,26050902.0,2.0,46.161754275336804,92.52146928942591,31.7856719970703,31.312157135009762
2026-05-09 17:30:08+00:00,USA,USA,-16.5999995512452,-10.700000013163423,0.0,-4.590000119190648,2.089999914440986,8.939999941419662,-5.89718981170065,-0.145317550646351,5.965723289502321,4.998083474220086,0.9309368012653145,5.646312651929172,3.764886416271934,13.53380110357212,25.540000004929038,18.257250184474053,73.64275817871095,48.237024078369146,1.0,110.999999673762,0.0,423.16015625,2454.71484375,41.2955764388964,48.319718170166,41.2643979913731,0.8986000016835733,32.2740391,0.05517384923266762,1920.4964160919178,0.1272881418117323,833.82328748703,1088.451886177064,959.3183636665351,-64.850127,3.0,174.614028930664,7.38631820678711,18.2854423522949,-126.70100402832,31.1519801616669,30.5124789476395,-2.4331999941715923,1.23603318727929,-2.11353544431604,-0.08699999212235024,31.4000835418701,126.998634338379,2.0,7.0,3.0,0.0,0.0,26050902.0,2.0,47.105436433708945,92.3633333346672,31.68858547210695,30.91322639465332
2026-05-09 17:30:09+00:00,USA,USA,-16.55999957289938,-8.839999995555145,0.0,-1.0999999808068266,7.329999959227391,16.01000012677668,-5.886232053837835,-0.14634275270262048,5.858770979459023,4.997364596809942,0.5610847657724075,5.612092635791127,3.784397449277626,13.94044785637568,32.57000021194026,18.944676281037303,73.30221290588375,48.61578186035153,1.0,110.999999673762,0.0,436.5546875,2468.109375,40.9148412039924,48.130135345459,40.18899836693292,1.578000055010908,32.2741306,0.0892577638463408,1920.569396018982,0.13638014643220248,1016.6222333908099,1234.638524055478,1072.6481199264522,-64.8500338,3.0,184.730712890625,7.38631820678711,18.2854423522949,-127.70100402832,48.4171658754349,30.4870903491974,-2.8628000245678082,-0.527726028484573,1.73833778528161,-0.9619999720040651,32.4000778198242,127.99861907959,2.0,7.0,3.0,0.0,0.0,26050902.0,2.0,48.80572938229466,92.24981559066154,31.7020437240601,27.75703731536862
2026-05-09 17:30:10+00:00,USA,USA,-16.63999987110048,-9.859999784882614,0.0,-3.129999970417786,4.190000036911832,11.569999798316754,-5.87775771006855,-0.1460499750430225,6.165271620349843,4.997723779382915,0.203313834147266,5.641966858692387,3.768138269335778,12.26312568774236,28.20000010171758,19.048548944161148,74.8704460144043,50.152455368042,1.0,110.999999673762,0.0,450.10546875,2481.66015625,39.7536987998064,49.6297004699707,40.04759842469748,2.50980001076041,32.2742255,0.3755628527074892,1920.55115699768,0.09092009931919177,840.1597380638125,1159.180951118468,980.2593111991876,-64.8499403,3.0,196.710525512695,7.38631820678711,18.2854423522949,-128.70100402832,48.4867811203003,30.4284989833832,-3.5270000201697242,-0.581571024393575,0.900112317623605,-0.32620001636287643,33.4000625610352,128.998672485352,2.0,7.0,3.0,0.0,0.0,26050902.0,2.0,49.232903073365605,92.15247514970515,31.88358249664305,29.099681282043456
2026-05-09 17:30:11+00:00,USA,USA,-16.69000027091958,-10.79000004981888,0.0,-4.859999930336146,1.6200000194673987,8.0400000871296,-5.8615400662145944,-0.1466355303622185,4.8481083148590605,4.998083303465354,-0.219076156513617,5.595525414317707,3.8182707479379316,12.0285214963571,24.7200002780853,19.087866928118352,75.9365627288818,51.410087814331085,1.0,110.999999673762,0.0,464.078125,2495.6328125,38.9024796443044,50.9960426330566,39.987199061867095,2.543599842198456,32.274324,0.8333309007379167,1920.6150293350238,-0.009092008986044686,724.430513381958,1018.7659144401557,880.6123852729797,-64.8498453,3.0,207.324081420898,7.38631820678711,18.2854423522949,-129.70100402832,40.7495498657227,30.2449136972427,-3.355599923420204,0.0385197489536261,-0.408209297314427,0.4427999899531632,34.4000473022461,129.998733520508,2.0,7.0,3.0,0.0,0.0,26050902.0,2.0,49.43437931048374,92.0634914451982,31.63409671783445,31.45168830871582
2026-05-09 17:30:12+00:00,USA,USA,-16.64999995106428,-12.61999999829036,0.0,-8.829999915591328,-4.520000029019448,-0.430000023349488,-5.868114977064375,-0.1467819191920175,5.281301024758706,4.997723950137648,0.17126844752131104,5.543924530421366,3.8700294092040997,12.543124170125141,16.189999687823338,18.200096015273047,76.70932731628415,52.111703567504875,1.0,110.999999673762,0.0,478.37890625,2509.93359375,39.7514175166237,51.9633544921875,41.05159934966784,2.20679994854093,32.2744233,0.2800591696807878,1920.6515073776259,0.07273608207469809,611.742329597473,918.5100793838501,763.3329987525939,-64.8497472,3.0,220.240097045898,7.38631820678711,18.2854423522949,-130.70100402832,40.4440075159073,28.9109796285629,-3.17460003848091,-0.599215377371275,-0.0987362541463523,1.341799960577622,35.400032043457,130.998794555664,2.0,7.0,3.0,0.0,0.0,26050902.0,2.0,48.6156090176906,91.98126279778045,31.44547691345215,34.934366683959965
2026-05-09 17:30:13+00:00,USA,USA,-16.480000299226703,-11.16000010564964,0.0,-5.800000019104097,0.15999999342449706,6.319999993731644,-5.87731972418803,-0.146928788269493,4.698806356018104,4.998442827547792,0.761245713895666,5.465163740799924,3.94238313987461,13.1324950464353,22.81000037292214,17.5118460271412,75.79006690979006,51.79401603698731,1.0,110.999999673762,0.0,492.8515625,2524.40625,41.4710679043361,51.8259326934814,40.968398083312266,1.7085999740646762,32.2745209,-0.3772540288903254,1920.6150054931618,0.04546005075098952,769.456470012665,991.3958907127371,831.807601451874,-64.8496459,3.0,229.743087768555,7.38631820678711,18.2854423522949,-131.598999023438,40.652859210968,25.9794533252716,-2.8651998969100556,0.407434097524057,-0.237625296112932,-1.0957999907644809,36.400016784668,131.99885559082,2.0,7.0,3.0,0.0,0.0,26050902.0,2.0,48.36538776952284,91.91369856651065,30.846761512756352,35.45663543701174
2026-05-09 17:30:14+00:00,USA,USA,-16.559999231389916,-12.809999980810321,0.0,-9.169999902285392,-5.0300000944379075,-1.1799999961953742,-5.8819949886749,-0.14766073241848798,5.613642149581706,4.998083303465354,0.10717393900969852,5.50671579425725,3.907154731682976,12.3199643022037,15.39999985936162,17.214408364260052,76.49472999572751,52.49287147521973,1.0,110.999999673762,0.0,507.24609375,2538.80078125,40.6864499234309,52.1622173309326,40.7302000171405,1.512799987000636,32.2746194,0.1977113661444779,1920.487308502196,0.10910411801887687,569.4775342941284,860.7375979423523,713.7486219406132,-64.8495451,3.0,242.021865844727,7.38631820678711,18.2854423522949,-132.598999023438,40.7534182071686,26.0712474584579,-3.572200077662754,-1.50471959573608,-0.950737679751739,0.9507999838835743,37.4000015258789,132.998916625977,2.0,7.0,3.0,0.0,0.0,26050902.0,2.0,47.52214559195248,91.81617371044665,30.6543273925781,37.689975357055665
2026-05-09 17:30:15+00:00,USA,USA,-16.51000019760866,-11.07999997820328,0.0,-5.5299999945151885,0.660000048248252,7.099999998361651,-5.868553176388315,-0.146636010609895,4.118464648281256,4.998083303465354,-0.25952720523795847,5.469780777924128,3.9431961031405676,11.689395090857861,23.609999598328777,17.4787733974063,76.15733642578124,52.18362693786622,1.0,110.999999673762,0.0,521.83984375,2553.39453125,40.8329472358439,52.4440853118896,41.809999649444,0.9093999981848182,32.2747187,0.6118601279260608,1920.6697702407841,0.17274818819714732,664.5443558692932,898.3078479766843,817.806136608124,-64.8494439,3.0,252.314422607422,7.38631820678711,18.2854423522949,-133.598999023438,40.4865503311157,25.9403944015503,-2.589599928286704,1.83475102805821,-0.480886778951594,0.7667999917122094,38.3999862670898,133.998977661133,2.0,7.0,3.0,0.0,0.0,26050902.0,2.0,47.47700009059548,91.71657247687494,30.15358428955075,36.94575805664062
2026-05-09 17:30:16+00:00,USA,USA,-16.579999391317564,-11.21999990241358,0.0,-5.94999993790086,-0.11000000448398492,5.589999962033895,-5.862855517960055,-0.147221565929091,5.238591595746522,4.997723950137648,0.2442932132617773,5.467064667823307,3.949699809268256,11.029071014166542,22.180000116334178,16.7077338325711,75.7553363800049,51.89973472595214,1.0,110.999999673762,0.0,536.3203125,2567.875,42.4118001040057,51.9793773651123,42.31099948921576,1.489200018559634,32.2748154,-0.2139081739194062,1920.615005493164,0.0,625.5998015403748,894.5287227630618,703.4048080444338,-64.8493412,3.0,266.694000244141,7.38631820678711,18.2854423522949,-134.598999023438,40.6992703676224,22.2374126315117,-3.11719998246977,-0.834827715350184,1.3647466080843,0.10940001905614567,39.3999710083008,134.999038696289,2.0,7.0,3.0,0.0,0.0,26050902.0,2.0,46.6781589237626,91.6392923015108,30.117906188964852,37.796352539062504
2026-05-09 17:30:17+00:00,USA,USA,-16.61999971117284,-10.719999831581573,0.0,-4.8899999140955,1.7699999809528464,8.46000020127001,-5.868552962944905,-0.14751434358868898,4.633486524909606,4.997723950137647,0.4859581010288355,5.473583229612436,3.9396734330761354,9.930819284310799,25.05999992326992,16.68095778347735,75.642493057251,51.63790649414062,1.0,110.999999673762,0.0,550.73046875,2582.28515625,42.217027014539,51.7215213775635,41.57059946997828,0.9606000033377328,32.2749113,0.09222003006283597,1920.6241369247423,0.11819613282568756,619.3002462387087,918.0947661399841,711.4045143127439,-64.8492386,3.0,278.143157958984,7.38631820678711,18.2854423522949,-135.598999023438,40.5561685562134,23.0147257447243,-2.7088000054836243,0.505630099715317,-0.815603827766065,-1.4767999381875183,40.3999557495117,135.999099731445,2.0,7.0,3.0,0.0,0.0,26050902.0,2.0,46.20343345569004,91.5476858043626,30.064679145813002,37.61403991699218
2026-05-09 17:30:18+00:00,USA,USA,-16.55999923138992,-8.979999919765458,0.0,-1.3500000108867458,7.00000005249714,15.640000241700623,-5.860955658153735,-0.14766073241848798,4.981619303225768,4.997004901972771,0.015233993643707899,5.497754244556736,3.910406926256276,8.796328619775728,32.1700004284822,16.6757770849919,75.20514793395995,51.368262176513646,1.0,110.999999673762,0.0,565.0703125,2596.625,40.4737134364471,51.5186553955078,40.7552005585595,1.0141999982267715,32.2750085,-0.17958299421248372,1920.605921745302,0.07273607843671936,634.5235943794253,877.8533816337585,764.2926335334778,-64.8491387,3.0,291.87646484375,7.38631820678711,18.2854423522949,-136.70100402832,40.6702637672424,24.006874859333,-2.923199942351102,-0.524684086343831,0.16172587283801,0.10419999593781662,41.3999404907227,136.999160766602,2.0,7.0,3.0,0.0,0.0,26050902.0,2.0,46.36040691225203,91.41861571961685,29.9298974990845,36.37346717834472
2026-05-09 17:30:19+00:00,USA,USA,-16.50999985609924,-8.160000192921741,0.0,0.6700000321625306,9.930000003119867,18.630000074464682,-5.869867987803545,-0.14707517709929202,4.8951242635203,4.996645548645065,0.178623200555666,5.516765307715184,3.90200613508662,9.328860369360319,35.13999958905446,16.97522538480995,75.6199436187744,51.69388732910154,1.0,110.999999673762,0.0,579.33984375,2610.89453125,40.8878926926221,51.5562252044678,40.38539909047882,0.5411999906850244,32.2751059,0.33787539098568764,1920.615005493164,0.09092010150197896,630.3274273872375,896.0389256477358,708.7431788444518,-64.8490393,3.0,303.63818359375,7.38631820678711,18.2854423522949,-137.598999023438,40.6605958938599,23.9307060837746,-2.63219994620612,0.584006306997802,-1.32104737793968,-1.1589999766145327,42.3999252319336,137.999221801758,2.0,7.0,3.0,0.0,0.0,26050902.0,2.0,46.76672735276803,91.2881454460913,30.13275146484375,35.43617820739748
2026-05-09 17:30:20+00:00,USA,USA,-16.4500000593353,-7.160000136635082,0.0,2.45999994892743,12.76000009325544,23.220000236344003,-5.82676714626324,-0.1478076014959635,4.299350853259551,4.998442827547793,-0.920956640907882,5.53333244381124,3.8838498701028,8.845919549754063,39.67999969262416,17.547269949497803,76.56190795898435,52.499387054443346,1.0,110.999999673762,0.0,593.7109375,2625.265625,38.680556552887,52.0429779052734,39.342200392880684,0.6911999788508982,32.275207,1.2207396466756901,1920.596766471864,0.07273608061950661,735.8728885650634,926.9439339637756,850.6313562393191,-64.8489426,3.0,317.845977783203,7.38631820678711,18.2854423522949,-138.70100402832,40.1713371276856,24.0654662251472,-2.6880000304041856,-0.66397987141157,0.659445266132916,-0.9629999984099422,43.3999099731445,138.999282836914,2.0,7.0,3.0,0.0,0.0,26050902.0,2.0,46.64236190232259,91.14917841723826,30.2252494812012,35.43459823608398
2026-05-09 17:30:21+00:00,USA,USA,-16.4500000593353,-7.28000015704986,0.0,2.199999961613656,12.31000008073306,22.880000249649918,-5.78907218600758,-0.1481003791555615,3.633591055894614,4.998083303465354,-1.644377700994945,5.507802904241022,3.91040675550155,7.863253915939346,39.329998942947356,17.4233540962545,78.03409652709959,53.5503254699707,1.0,110.999999673762,0.0,608.33203125,2639.88671875,37.4030482158115,53.3431720733642,38.74379932346885,1.8806000602440982,32.2753122,1.56053786531281,1920.697140693666,0.07273607843671932,770.8261132240293,929.5989871025085,845.7274079322817,-64.8488469,3.0,330.230773925781,7.38631820678711,18.2854423522949,-139.70100402832,40.6470566987991,24.1377294063568,-2.6713999386453877,0.382320559162978,1.3888582430715,0.15279999086558818,44.3998947143555,139.99934387207,2.0,7.0,3.0,0.0,0.0,26050902.0,2.0,46.35303918719435,90.97458512167435,30.470890045166,37.45800247192382
2026-05-09 17:30:22+00:00,USA,USA,-16.56999999437268,-8.5900000455165,0.0,-0.780000025974344,7.9699999542697295,16.439999637861963,-5.78994858465546,-0.1479539903257625,3.6834779891961036,4.997723950137648,-1.9254455882305201,5.448325275439094,3.969752732407226,7.147234939963151,33.01000031525358,17.628633724211902,78.76336555480955,53.82825691223144,1.0,110.999999673762,0.0,623.22265625,2654.77734375,37.0952798918108,53.9506576538086,39.801598916455745,2.859399913710294,32.2754192,1.609000469384598,1920.697116851806,0.12728814035654082,644.3421363830565,817.2977447509766,747.7097749710085,-64.8487505,3.0,348.042541503906,7.38631820678711,18.2854423522949,-140.70100402832,40.6683295965195,24.3291273713112,-3.145799862826636,-0.46908437214837,0.904641266651852,1.8232000042329575,45.3998794555664,140.999404907227,2.0,7.0,3.0,0.0,0.0,26050902.0,2.0,46.26790156220906,90.79756027876596,30.68537406921385,37.32760299682616
2026-05-09 17:30:23+00:00,USA,USA,-16.61999971117284,-9.140000003903404,0.0,-1.5299999988202304,6.900000106632629,15.16999989849588,-5.81361753800708,-0.1481003791555615,4.112363624493826,4.99772412089238,-0.38561439120979,5.396180623107454,4.016362711699674,7.486361516217104,31.78000072498798,16.8883564776248,78.5213539123535,53.246604309082,1.0,110.999999673762,0.0,638.1640625,2669.71875,39.8466576744103,53.5717906951904,40.583600251889905,1.95219999416233,32.2755229,1.0831179303013518,1920.660638809204,0.1545641738630366,634.4309210777282,762.004280090332,756.2318682670592,-64.8486504,3.0,357.30810546875,7.38631820678711,18.2854423522949,-141.70100402832,40.3473138809204,23.9990621805191,-2.523200030827012,1.68756642785996,-1.93129895362752,-0.5227999519808568,46.3998641967773,141.999465942383,2.0,7.0,3.0,0.0,0.0,26050902.0,2.0,44.904905211443925,90.65351500426499,30.81069717407225,38.991481704711894
2026-05-09 17:30:24+00:00,USA,USA,-16.55999991440884,-7.97000003964708,0.0,0.5599999956620367,9.97000015222039,18.14999999280558,-5.80850407419627,-0.1479539903257625,4.0240740379613005,4.997364596809942,0.19385720378765248,5.414920186246394,4.001729372912382,8.3522980218332,34.7200003286877,16.408218938408652,77.9010795593262,52.308679504394505,1.0,110.999999673762,0.0,652.9296875,2684.484375,39.7667888573508,52.5753273010254,39.903799037006635,1.7004000118009561,32.2756245,0.4461065178808994,1920.542001724242,0.07273608207469809,743.1817889213562,904.2697906494143,824.3092894554138,-64.8485511,3.0,374.636138916016,7.38631820678711,18.2854423522949,-142.70100402832,40.6605958938599,24.1806954145432,-2.643600001506376,0.0786837325478006,0.360572970041393,-0.9015999861856855,47.3998489379883,142.999526977539,2.0,7.0,3.0,0.0,0.0,26050902.0,2.0,43.85206023768096,90.47372393474275,31.0914888381958,40.47443412780761
2026-05-09 17:30:25+00:00,USA,USA,-16.51000019760866,-7.330000044604752,0.0,2.3200000247171118,12.380000128215581,20.84000032948558,-5.80821187016584,-0.1479539903257625,3.74520885471654,4.997005072727504,-0.7192182525916815,5.477384742149736,3.926395118442808,8.948153650496083,37.360000265548614,16.9180387722104,79.24604988098145,52.936672439575204,1.0,110.999999673762,0.0,667.46484375,2699.01953125,38.2868507887491,52.7132022857666,39.22419999572278,0.9111999771466962,32.2757273,1.64168977609662,1920.6241369247423,-0.02727602914092132,676.9736766815186,906.7702651023867,758.3208441734314,-64.8484543,3.0,389.194061279297,7.38631820678711,18.2854423522949,-143.70100402832,40.5445635318756,24.1943672299385,-2.6913998851296066,0.86002721804527,-1.22064082237614,-0.5451999842507365,48.3998336791992,143.999588012695,2.0,7.0,3.0,0.0,0.0,26050902.0,2.0,43.30123758300852,90.25031186208619,31.613250160217298,40.94188934326171
2026-05-09 17:30:26+00:00,USA,USA,-16.4700002192629,-7.140000147462182,0.0,2.4399999597545277,12.61000008908132,21.870000028022123,-5.758828108362765,-0.148686414722434,3.558222052837638,4.998083132710621,-1.8928728429655501,5.480915693818536,3.9404860548326375,9.180849999291413,38.34999998573936,17.037015544910098,80.36919250488279,53.541344833374,1.0,110.999999673762,0.0,682.19140625,2713.74609375,36.7378185265036,53.4069854736328,39.127800754834,1.0667999893882978,32.2758335,1.79363873206173,1920.551156997682,0.0727360798919108,712.9739761352539,874.0610480308535,818.5662746429441,-64.848359,3.0,398.889495849609,7.38631820678711,18.2854423522949,-144.70100402832,40.5793726444244,24.15921241045,-2.6234000158568382,-0.506775437061764,-0.800283073127492,0.42339997253438194,49.3998184204102,144.999649047852,2.0,7.0,3.0,0.0,0.0,26050902.0,2.0,42.83368654564015,90.00155295741975,31.90764255523685,41.14161735534666
2026-05-09 17:30:27+00:00,USA,USA,-16.59999989275468,-8.44000004134237,0.0,-0.4499999858419663,8.62999993848495,17.27999986614278,-5.77270811997329,-0.148979192382032,3.576167222287424,4.997005072727504,-0.09666824762246551,5.4208949796002255,3.9884509729016884,7.680911002365818,33.889999838861264,16.51016121931835,80.66130180358886,53.35853645324706,1.0,110.999999673762,0.0,697.06640625,2728.62109375,38.3516043971754,53.3404838562012,39.28020003370882,2.4727999795641242,32.2759388,1.1477829810562004,1920.6241607666002,0.09092009786400024,618.1039690971373,826.887309551239,660.9006643295288,-64.8482617,3.0,403.852569580078,7.38631820678711,18.2854423522949,-145.70100402832,40.7862931489944,24.2353811860085,-3.132399970826082,-0.548992943043318,2.45230983894091,-0.5727999996183053,50.3998031616211,145.999710083008,2.0,7.0,3.0,0.0,0.0,26050902.0,2.0,42.13676136348872,89.75094648658285,32.4923006057739,41.055399398803715
2026-05-09 17:30:28+00:00,USA,USA,-16.56999931135374,-7.58000033615285,0.0,1.7599999756942235,11.499999921588962,19.69999975134704,-5.767302238688635,-0.1464891415324195,4.262383564282594,4.999161704957936,-1.633870095287115,5.447510433871112,3.9635200140348603,8.10281665390729,36.27000042873862,16.823699345620497,81.40451316833494,53.40827430725096,1.0,110.999999673762,0.0,711.88671875,2743.44140625,36.7753640763711,53.4992431640625,38.84959963673126,1.25100001005281,32.2760449,1.9427373433644899,1920.605897903442,0.11819612991530459,498.75285029411316,701.3533115386965,614.0652179718018,-64.8481658,3.0,388.896087646484,7.38631820678711,18.2854423522949,-146.70100402832,40.7862931489944,24.2685839533806,-3.017599944181162,0.430436440420941,-1.83951935387253,0.7660000031376294,51.399787902832,146.999771118164,2.0,7.0,3.0,0.0,0.0,26050902.0,2.0,41.608433936847746,89.47584012719301,32.81801090240475,41.921457138061506
2026-05-09 17:30:29+00:00,USA,USA,-16.51000019760866,-7.180000211185347,0.0,2.39999998140872,12.6199999982904,21.37000012794484,-6.005599854867565,-0.148832803552233,3.2032700990315,4.998083474220087,-2.379880912156505,5.41546318628541,3.990076814056246,7.2139923551372105,37.879998959515675,17.1506348879796,80.86250610351564,52.46732620239256,1.0,110.999999673762,0.0,726.7109375,2758.265625,37.8361129450416,52.9874279022217,40.956198682435705,1.1746000112849626,32.2761498,2.12971712295515,1920.6332683563262,0.06364407090586616,660.5926036834719,764.1000866889952,692.6414847373965,-64.8480698,3.0,376.395202636719,7.38631820678711,18.2854423522949,-147.70100402832,40.5232936143875,24.1455405950546,-2.04060003766034,1.17507054728575,0.16460284990204,1.936199934522119,52.399772644043,147.99983215332,2.0,7.0,3.0,0.0,0.0,26050902.0,2.0,41.57312459091444,89.2128129573504,32.9355474472046,40.4538649749756
2026-05-09 17:30:30+00:00,USA,USA,-16.51000019760866,-7.129999982121001,0.0,2.479999938100332,12.62000016904514,21.629999816437838,-6.638381236419515,-0.149565694856367,3.4390670122005558,4.998083474220087,-0.745485292509698,5.434474420198589,3.9754436460236775,7.833117926038146,38.14000035555598,17.34614905297125,80.1210319519043,51.878688354492155,1.0,110.999999673762,0.0,741.25390625,2772.80859375,39.5828006365836,51.7091411590576,40.97819667269555,0.038400009200771267,32.2762505,1.960182841787806,1920.5785274505622,0.05455206483020447,654.3350577354431,753.078293800354,727.687704563141,-64.8479724,3.0,366.302001953125,7.38631820678711,18.2854423522949,-148.70100402832,40.445938706398,24.3740484118462,-2.67119989948007,-1.53918387651431,-2.22096834354482,-0.676399919414834,53.3997573852539,148.999893188477,2.0,7.0,3.0,0.0,0.0,26050902.0,2.0,42.03579067698844,89.01403737703015,33.17770671844485,39.1763939666748
2026-05-09 17:30:31+00:00,USA,USA,-16.499999776135418,-7.20000037111298,0.0,2.449999954340978,12.6199999982904,22.160000297915996,-6.9630271713028,-0.15000486134576502,4.028021844612885,4.997364596809942,-1.154216752450085,5.499926842354352,3.9179941565184224,9.085863924541874,38.650000335597085,17.9122462304393,80.3323677062988,52.22224937438966,1.0,110.999999673762,0.0,755.67578125,2787.23046875,38.6448893050412,52.1802898406982,41.19340022400756,-1.5655999746387959,32.2763519,2.102571283150874,1920.605897903442,1.3877787807814458e-18,545.3986048698423,605.9941411018373,715.5887484550474,-64.8478757,3.0,354.097412109375,7.38631820678711,18.2854423522949,-149.70100402832,40.5909776687622,24.3193626403809,-2.8247999256109844,-0.16828226747184,-1.97208478792601,0.4359999896856732,54.3997421264648,149.999954223633,2.0,7.0,3.0,0.0,0.0,26050902.0,2.0,43.27272905643184,88.83847419460415,33.267518234252904,36.59413787841796
2026-05-09 17:30:32+00:00,USA,USA,-16.419999819443838,-7.180000125807986,0.0,2.449999954340978,12.569999939980779,22.589999979756037,-7.30914978225755,-0.150297639005363,4.578574621435734,4.99772412089238,-1.61758425626316,5.478199839849809,3.933169726948448,11.685580088696959,39.01999919614472,18.46865905343795,79.77088050842285,52.09992141723633,1.0,110.999999673762,0.0,770.1796875,2801.734375,39.3398098266712,52.1652557373047,41.64780041514802,-1.890599990797524,32.2764526,1.8600606355371538,1920.532870292664,-2.7755575615628915e-18,589.7305607795716,621.1629152297974,731.3878536224363,-64.8477777,3.0,343.704925537109,7.38631820678711,18.2854423522949,-150.70100402832,40.8404409885406,24.1045266389847,-2.5379998981640077,0.491573410320872,-0.14362617836238,1.0751999881492906,55.3997268676758,151.000015258789,2.0,7.0,3.0,0.0,0.0,26050902.0,2.0,45.11639792097984,88.7240514505335,33.271512794494654,32.92892303466796
2026-05-09 17:30:33+00:00,USA,USA,-16.4500000593353,-7.160000136635081,0.0,2.4599999489274276,12.670000227354759,22.94000004641392,-7.3087109426033745,-0.150151250175564,4.677990073862024,4.997723950137647,-1.65225792502814,5.476298912826431,3.916639217741822,11.52231141753172,39.37000062884048,18.7122961700005,79.2539497375488,52.01029907226564,1.0,110.999999673762,0.0,784.6484375,2816.203125,41.0013182290739,51.9841770172119,42.73220017985754,-0.5643999661727588,32.2765514,1.5113066301716358,1920.5420255661,0.01818401942728088,645.9502696990968,725.1129627227782,738.3817315101624,-64.8476775,3.0,334.185607910156,7.38631820678711,18.2854423522949,-151.598999023438,40.7050728797913,24.2353811860085,-2.19280004576613,0.616481188458568,1.80853889645782,0.754599995862139,56.3997116088867,152.000076293945,2.0,7.0,3.0,0.0,0.0,26050902.0,2.0,46.36335004076541,88.69039910849285,33.3719793319702,30.85318267822264
2026-05-09 17:30:34+00:00,USA,USA,-16.46999987775346,-7.180000296562713,0.0,2.4599999916161095,12.639999987463302,23.27000029465364,-7.95785681707644,-0.149126054789401,3.653330430661998,4.997723950137647,-1.782546985097305,5.355442301312371,3.802553799638814,9.780138993295338,39.73999948938816,19.1416640593423,79.57832794189454,52.399259033203144,1.0,110.999999673762,0.0,799.09765625,2830.65234375,41.5792615158837,52.1155975341797,43.857200638050315,0.5291999886435466,32.2766489,1.76430902464771,1920.770120620728,0.07273608061950661,731.6941618919369,845.507335662842,797.8992223739625,-64.8475752,3.0,323.738800048828,7.38631820678711,18.2854423522949,-152.598999023438,40.7456815242767,24.006874859333,-2.584200023417572,-0.488609321664498,0.737889134976867,1.5199999241925,57.3996963500976,153.000137329102,2.0,7.0,3.0,0.0,0.0,26050902.0,2.0,46.76265177889028,88.71716661985015,33.4866611480713,32.66206581115724
2026-05-09 17:30:35+00:00,USA,USA,-16.539999412971742,-7.180000211185347,0.0,2.439999959754526,12.670000227354759,23.50000008476464,-8.120033255616045,-0.1494188324489985,4.541608015477698,4.998442827547792,-1.44946960857046,5.166960755222298,3.610694298117346,7.798785126401427,40.04999991920967,18.5913813311238,80.15061950683595,53.14779670715332,1.0,110.999999673762,0.0,813.671875,2845.2265625,43.4725489726762,52.9548397064209,44.96899970661532,1.20120001225285,32.2767452,1.306333613674904,1920.669746398924,0.06364407017827037,656.4831733703616,806.9337129592893,709.1864705085754,-64.8474686,3.0,311.922637939453,7.38631820678711,18.2854423522949,-153.598999023438,40.5542343854904,24.1846024990082,-2.4299999651680735,0.602170127878393,1.21055530101467,0.7050000132151102,58.3996810913086,154.000198364258,2.0,7.0,3.0,0.0,0.0,26050902.0,2.0,46.853630581653746,88.79153371953325,33.51897296905515,34.060712585449195
2026-05-09 17:30:36+00:00,USA,USA,-16.43999997937148,-7.150000142048631,0.0,2.459999948927428,12.70000029649148,22.490000546155702,-8.51948448950637,-0.14985799893839602,3.5022337115505757,4.99772412089238,-1.5477113676930752,5.1305677997771735,3.642129048489224,8.666628791588517,38.92000044556334,18.6427665517971,80.62507781982424,53.63230407714842,1.0,110.999999673762,0.0,828.44921875,2860.00390625,43.6865251389944,53.4396423339844,45.91439829152586,0.932000005586991,32.2768414,1.798824916042864,1920.560288429262,-0.009092011168831925,784.464955329895,914.9525046348574,824.6234178543091,-64.8473593,3.0,302.123352050781,7.38631820678711,18.2854423522949,-154.598999023438,40.7920956611633,24.3310809135437,-2.0855999279220034,0.0647890733831584,-0.58896150251894,0.980799967642928,59.3996658325195,155.000259399414,2.0,7.0,3.0,0.0,0.0,26050902.0,2.0,46.495814729528604,88.8902504436074,33.2699369430542,36.550436325073235
2026-05-09 17:30:37+00:00,USA,USA,-16.4500000593353,-7.190000120394437,0.0,2.46999994351388,12.61000008908132,22.54999965990076,-8.92945592226581,-0.1502981192530385,3.4778285918724743,4.997005072727504,-1.285556807877792,5.118074871521036,3.6632659226494737,7.5706664557652035,39.0000010852739,18.1669926496869,80.98650398254395,53.8753189086914,1.0,110.999999673762,0.0,843.359375,2874.9140625,45.070000445948,53.9339687347412,46.9819985229528,1.6615999482819341,32.2769365,1.2158200108269213,1920.505523681642,-0.03636803885456176,809.1837525367736,954.3836712837217,855.0257921218872,-64.8472469,3.0,291.635406494141,7.38631820678711,18.2854423522949,-155.598999023438,40.6006455421448,24.1846024990082,-2.276199985249206,0.303541530802021,1.26949417730148,1.1241999493499055,60.3996505737305,156.00032043457,2.0,7.0,3.0,0.0,0.0,26050902.0,2.0,45.989477096920496,89.0047073386239,33.2675148010254,37.89471725463866
2026-05-09 17:30:38+00:00,USA,USA,-16.62999979113666,-7.780000057127145,0.0,1.0899999968925453,10.770000060645936,19.81999968638446,-8.95064103463707,-0.149565221278798,4.003976163639858,4.996645548645065,-0.558984749406893,5.094990198164226,3.6703117750425323,6.686800788955192,36.43999973906674,17.663273882361302,81.1387641906738,53.99432556152341,1.0,110.999999673762,0.0,858.328125,2889.8828125,46.7227798665914,53.7793601989746,47.86580041287142,1.669799953234336,32.2770292,0.9518785561308846,1920.7427501678478,0.07273607843671932,743.7760233879088,968.4255480766296,834.6134185791016,-64.8471313,3.0,279.850463867188,7.38631820678711,18.2854423522949,-156.70100402832,40.5793726444244,24.2080390453339,-2.65800000395615,-1.23824499463161,0.686213257737873,0.29039998003465295,61.3996353149414,157.000381469727,2.0,7.0,3.0,0.0,0.0,26050902.0,2.0,45.46977415014448,89.1314380835789,33.3397928237915,39.0816725921631
2026-05-09 17:30:39+00:00,USA,USA,-16.559999231389916,-7.150000056671265,0.0,2.47999993810033,12.860000039119942,23.049999901487517,-8.95429390518256,-0.1491260547894005,3.524485400649418,4.997005072727504,0.0173358938974585,5.078694988974502,3.693616636622706,7.671374436114553,39.6099998158964,17.69796697447675,81.21999778747559,54.123587265014635,1.0,110.999999673762,0.0,873.33203125,2904.88671875,46.534908683281,53.9435165405273,47.146598568742036,0.566599991448762,32.2771218,0.9733263426365875,1920.687985420226,0.009092011896427719,703.3868193626404,884.810733795166,825.6133556365967,-64.8470152,3.0,270.446075439453,7.38631820678711,18.2854423522949,-157.598999023438,40.7282769680023,24.2060855031014,-2.880999917384952,-0.350193990669456,-1.16859435401382,-0.9069999657600087,62.3996200561524,158.000442504883,2.0,7.0,3.0,0.0,0.0,26050902.0,2.0,45.4797783282218,89.2556894698652,33.3007106781006,39.1016526031494
2026-05-09 17:30:40+00:00,USA,USA,-16.56999931135374,-7.210000280322068,0.0,2.469999986202558,12.57999984918986,23.6199996782926,-8.951955419165479,-0.1494188324489985,5.184038874845632,4.997364426055209,-0.272136687854166,5.103680674732056,3.6711247383084897,7.979983556402156,40.19000035568418,17.5591672852583,81.70139122009275,54.59780799865722,1.0,110.999999673762,0.0,888.3828125,2919.9375,46.1649958831169,54.5063941955566,46.860399982140144,0.2857999970390364,32.2772159,0.6852116958734549,1920.688009262082,-0.09092009786400021,579.161512851715,753.475761413574,686.7977142333983,-64.8468991,3.0,259.075958251953,7.38631820678711,18.2854423522949,-158.70100402832,40.7843589782715,24.3095979094505,-2.863200017521078,0.0598796414634803,-0.160571891033395,-0.42660000587346547,63.3996047973633,159.000503540039,2.0,7.0,3.0,0.0,0.0,26050902.0,2.0,45.76875885087262,89.35931368485805,33.455209350585946,37.80402511596678
2026-05-09 17:30:41+00:00,USA,USA,-16.50999985609924,-7.180000125807986,0.0,2.4199999705816237,12.570000110735519,22.990000104723542,-8.94874224204781,-0.149565221278798,3.139744473240598,4.99772412089238,-0.6398897333442106,4.919000897311372,3.550264156746974,9.776324161889175,39.50000030233224,17.961683993425552,82.0740543365478,54.93408920288086,1.0,110.999999673762,0.0,903.5546875,2935.109375,44.6487895100224,54.781436920166,45.68659987138438,-0.41599999884524463,32.2773122,1.6475785944442758,1920.6697463989262,0.09092010004678755,862.9602193832397,923.4232425689697,936.5210056304938,-64.8467843,3.0,247.565383911133,7.38631820678711,18.2854423522949,-159.70100402832,40.6586617231369,24.2314755916595,-1.8809999678200058,1.32802398929002,-0.913961059774335,-0.9087999660662327,64.3995895385742,160.000564575195,2.0,7.0,3.0,0.0,0.0,26050902.0,2.0,45.93435747031848,89.45042157819685,33.279546546936004,38.283920288085945
2026-05-09 17:30:42+00:00,USA,USA,-16.5000004591543,-7.150000056671265,0.0,2.4899999326867817,12.62000033979988,23.05000024299698,-8.939244437120085,-0.15000486134576502,3.739825043480642,4.997364426055209,-1.050194732298938,4.778590478731942,3.3998662086763263,9.991854537752952,39.5500000191324,18.1628800220329,82.41006088256835,55.587202377319315,1.0,110.999999673762,0.0,918.828125,2950.3828125,43.9985998972668,55.34319190979,46.20940030894898,-0.7778000006983432,32.2774112,1.459735052055702,1920.7427263259858,0.0909201000467875,905.1361203193667,977.1015286445615,984.8332285881037,-64.8466704,3.0,238.404495239258,7.38631820678711,18.2854423522949,-160.70100402832,40.5987113714218,24.2607712745666,-2.5628000162195477,-1.36590389826179,-0.424193594158696,0.9561999743385101,65.3995742797852,161.000625610352,2.0,7.0,3.0,0.0,0.0,26050902.0,2.0,46.875065764326,89.5264893949833,33.2556100845337,36.37128227233888
2026-05-09 17:30:43+00:00,USA,USA,-16.5000004591543,-7.20000037111298,0.0,2.47999993810033,12.619999827535661,23.179999916488782,-8.94012083576796,-0.149125581211831,3.679171469547048,4.996645548645065,-1.1374053623860099,4.732149119734626,3.442682060573516,9.340685817379823,39.67999969262415,18.3051887209374,82.5438091278076,55.942936935424825,1.0,110.999999673762,0.0,934.28515625,2965.83984375,45.0347771603982,55.8737972259521,46.611598730300834,-0.5382000168550816,32.2775098,1.4434586899192219,1920.6058979034442,-0.045460049295798007,876.7105937004089,994.910311698913,1003.663647174835,-64.8465536,3.0,226.527786254883,7.38631820678711,18.2854423522949,-161.70100402832,40.4498070478439,23.8350063562393,-2.270200005572808,0.806655639623114,0.516805036249398,0.7813999639581898,66.3995590209961,162.000686645508,2.0,7.0,3.0,0.0,0.0,26050902.0,2.0,47.4716097053025,89.6485346301676,33.238782119751,35.69042861938478
2026-05-09 17:30:44+00:00,USA,USA,-16.4899996961716,-7.150000056671265,0.0,2.489999975375464,12.69000021652766,23.25999987318038,-8.940998088189485,-0.150151250175564,4.813295438301058,4.997004901972772,-0.5043458907492225,4.719384435326882,3.4462048160153125,9.973162871315564,39.73999948938814,17.9271462881137,82.19727630615235,55.84296409606934,1.0,110.999999673762,0.0,949.828125,2981.3828125,46.2998784588463,55.943478012085,47.5805990338884,-0.10520000033234041,32.2776068,0.3786688879026582,1920.633244514464,-0.08182808960555128,890.446996688843,984.4397306442266,991.9512987136843,-64.8464344,3.0,213.234191894531,7.38631820678711,18.2854423522949,-162.70100402832,40.5832409858704,24.2490530014038,-2.4726000257761718,-0.284918006173776,0.204018777704699,0.6275999680310668,67.399543762207,163.000747680664,2.0,7.0,3.0,0.0,0.0,26050902.0,2.0,47.74427768715859,89.79963549008124,33.25803050994875,36.10200942993164
2026-05-09 17:30:45+00:00,USA,USA,-16.55999957289938,-7.190000035017074,0.0,2.4799999807890143,12.62000016904514,23.45000002645502,-8.96057597167168,-0.150590896912637,4.401996131389602,4.997005072727504,0.49751472774364447,4.7182979229846636,3.4415981522409185,8.679980103868605,39.9999995193906,17.686517016106848,81.6685214996338,55.4432766723633,1.0,110.999999673762,0.0,965.33203125,2996.88671875,48.4218543094292,55.5891792297363,47.318599807515895,1.1431999454674622,32.2777005,0.18338190007211938,1920.5693960189842,-0.0272760313237086,977.0790696144111,1060.6914162635787,1025.6798505783086,-64.8463129,3.0,203.668212890625,7.38631820678711,18.2854423522949,-163.70100402832,40.4904186725616,24.3545174598694,-2.024599978020126,1.41565456928934,1.81214694388688,-1.5967999052414439,68.399528503418,164.00080871582,2.0,7.0,3.0,0.0,0.0,26050902.0,2.0,48.1384110211385,89.9772408990691,33.4056215286255,35.690621566772435
2026-05-09 17:30:46+00:00,USA,USA,-16.58999947128138,-7.170000131221532,0.0,2.4299999651680757,12.65000006742712,23.420000128072996,-8.95926158714328,-0.149858472515966,4.683014617147576,4.997005072727504,-0.3677520924985645,4.728890094972156,3.4429529202627878,8.281725775252957,40.00000020240948,18.375964848664402,81.9898750305176,55.80748374938962,1.0,110.999999673762,0.0,980.73046875,3012.28515625,45.1495345837382,55.3618412017822,45.60499823533236,1.444399975364214,32.2777973,0.8956749678354299,1920.5876350402839,-0.0454600485682022,943.7391519546507,1093.642616271974,1018.8847184181202,-64.8461953,3.0,195.076034545898,7.38631820678711,18.2854423522949,-164.70100402832,40.5774414539337,24.196320772171,-2.640399972502862,-1.31567714170475,0.222688326068562,-0.4132000418357622,69.3995132446289,165.000869750977,2.0,7.0,3.0,0.0,0.0,26050902.0,2.0,48.43898442386758,90.12983074022175,33.4228940963745,35.55920173645019
2026-05-09 17:30:47+00:00,USA,USA,-16.480000299226703,-7.129999982120999,0.0,2.4999999699619138,12.53999987084406,22.98000002475974,-8.956046702478314,-0.15000486134576502,3.50223345541848,4.997005072727504,-0.151828768648103,4.727531997233062,3.443495151905522,10.067767138490503,39.45000058553209,18.0574611748357,82.33066062927244,56.0536784362793,1.0,110.999999673762,0.0,996.25390625,3027.80859375,45.20942851257,56.2618515014648,45.62180050069061,1.7796000039303699,32.2778965,0.6692693940204102,1920.596766471862,0.009092009713640442,944.642877578735,1117.470479011536,1029.4585943222053,-64.8460784,3.0,181.920989990234,7.38631820678711,18.2854423522949,-165.70100402832,40.6837999820709,24.0791380405426,-2.196400025034232,1.64840585841881,0.760170065823094,-1.4253999098775445,70.3994979858398,166.000930786133,2.0,7.0,3.0,0.0,0.0,26050902.0,2.0,48.202049942692256,90.2535186359015,33.3101572036743,36.47826438903808
2026-05-09 17:30:48+00:00,USA,USA,-16.69000027091954,-8.499999838106351,0.0,-0.4200000340991229,8.35000009006432,17.059999985240857,-8.95838433472175,-0.148832803552233,4.585034870484827,4.997723950137647,0.11190033653385449,4.712051629611319,3.4529795952756857,8.768862721575813,33.74000000544184,17.56015680891435,82.77508850097655,56.69800186157223,1.0,110.999999673762,0.0,1011.8203125,3043.375,44.4667000818445,56.0741191864014,44.22339918134377,2.352399966196076,32.2779968,0.5134458635047171,1920.760989189148,0.181840203003958,770.9073901176451,1029.4099807739262,877.976727485657,-64.8459621,3.0,169.78044128418,7.38631820678711,18.2854423522949,-166.70100402832,40.7592207193375,24.2470994591713,-3.1319998924954495,-1.84658390390844,1.89605026831178,-0.08140000139715796,71.3994827270508,167.000991821289,2.0,7.0,3.0,0.0,0.0,26050902.0,2.0,47.80298589515049,90.33862279295991,33.420688247680644,38.722554931640595
2026-05-09 17:30:49+00:00,USA,USA,-16.660000031028122,-7.360000113741469,0.0,2.2300000094060284,12.35000022983358,22.07999999971496,-8.9502021949829,-0.149418832448999,2.9473741589465723,4.996645548645065,-0.45758818993967354,4.7215570331245,3.4502697177224837,9.140414254876564,38.7499997691974,18.3191095002396,83.5066268920898,57.506060028076135,1.0,110.999999673762,0.0,1027.60546875,3059.16015625,43.0151960907576,57.2951019287109,43.67079999446824,0.9745999701455543,32.2781013,1.3669804854853778,1920.71533203125,0.127288136718562,748.3060836791994,958.5974335670469,830.429947376251,-64.8458468,3.0,159.310119628906,7.38631820678711,18.2854423522949,-167.70100402832,40.5909776687622,24.0732789039612,-2.4597999524507923,1.80739996241372,-1.74175405380538,-1.5707999257199747,72.3994674682617,168.001052856445,2.0,7.0,3.0,0.0,0.0,26050902.0,2.0,48.766409349280735,90.397905419861,33.131322097778295,37.68732078552246
2026-05-09 17:30:50+00:00,USA,USA,-16.56999931135374,-7.150000056671265,0.0,2.389999986822268,12.669999885845279,23.52000024469228,-8.940267684835113,-0.150151250175564,3.763512523720388,4.996645548645065,-1.30236814458101,4.7060764947480305,3.4724907990361102,10.219592169210857,40.09000092208386,18.2588868685539,83.9965965270996,58.6668850708008,1.0,110.999999673762,0.0,1043.6015625,3075.15625,41.8711496500642,58.2782066345215,42.994599655315405,0.8490000056963305,32.2782092,1.120036041916282,1920.469045639038,0.06364407090586614,748.9185094833376,917.9223895072937,841.9253230094912,-64.845732,3.0,146.427795410156,7.38631820678711,18.2854423522949,-168.70100402832,40.3453797101974,23.9092215895653,-2.834600009098164,-0.151444797290914,0.401807995999523,0.588399975591801,73.3994522094726,169.001113891602,2.0,7.0,3.0,0.0,0.0,26050902.0,2.0,49.88366505597366,90.46124176403455,32.9476358413696,35.281615676879895
2026-05-09 17:30:51+00:00,USA,USA,-16.569999652863203,-7.190000291149163,0.0,2.459999948927428,12.560000201526439,23.429999866527396,-8.933108365924475,-0.150590416664961,3.7050122949886855,4.997364596809942,-0.997134194288285,4.673485905613855,3.505280274741176,9.564990083496687,39.989999439426796,18.0599226042578,84.6359836578369,59.55188323974609,1.0,110.999999673762,0.0,1059.9296875,3091.484375,42.7066252195293,59.3135925292969,43.982000488526914,0.8994000035983672,32.2783182,0.9344721071797135,1920.5785274505622,0.054552064830204486,789.5044326782224,916.9683456420896,844.1420793533329,-64.8456139,3.0,135.286605834961,7.38631820678711,18.2854423522949,-169.70100402832,40.7611519098282,24.3525639176369,-2.457399994731178,0.379027207363842,0.271384546622351,0.591399986774341,74.3994369506836,170.001174926758,2.0,7.0,3.0,0.0,0.0,26050902.0,2.0,50.33537142050547,90.55143782711914,32.877112197876,35.29139144897462
2026-05-09 17:30:52+00:00,USA,USA,-16.559999231389916,-7.150000142048631,0.0,2.459999948927428,12.700000125736741,23.349999909835763,-8.933985191459175,-0.149565221278798,3.0564795153709925,4.996285768430536,-0.4975166220539215,4.614008703698747,3.549722309302384,9.653872701203891,39.91000016575408,17.90203168253555,84.6579837799072,59.71535705566406,1.0,110.999999673762,0.0,1076.48046875,3108.03515625,42.8591911550199,59.5156379699707,43.545198962801976,0.5169999954615199,32.2784273,0.6393199776732988,1920.578527450562,-0.045460048568202245,853.1387448310854,983.1946730613711,958.7544918060303,-64.8454936,3.0,122.04467010498,7.38631820678711,18.2854423522949,-170.70100402832,40.7843589782715,24.2724895477295,-2.650200013301362,-0.468903318774512,-1.05907611265407,-0.4173999358285719,75.3994216918945,171.001235961914,2.0,7.0,3.0,0.0,0.0,26050902.0,2.0,50.35158697261396,90.66654359010676,32.7761220932007,36.85196434020996
2026-05-09 17:30:53+00:00,USA,USA,-16.68000019095576,-7.509999776406145,0.0,1.7100000134341378,11.639999845799279,21.42999958319934,-8.949472645402174,-0.150590896912637,4.32913944266409,4.997004901972771,0.381937014692612,4.625415204990034,3.540237396356712,8.823031244335894,38.0899999557369,17.41137650577125,84.65528869628905,59.94251037597655,1.0,110.999999673762,0.0,1093.07421875,3124.62890625,43.929464722488,59.8551498413086,43.5219988592482,0.8586000073295142,32.2785358,-0.10778456459160372,1920.6515073776259,0.09092009786400027,698.4066009521487,885.2564334869382,821.0982918739319,-64.8453719,3.0,112.283218383789,7.38631820678711,18.2854423522949,-171.70100402832,40.9023225307465,24.3740484118462,-2.93999994520917,-0.430882643872813,0.783723226123943,-0.8353999838170083,76.3994064331055,172.00129699707,2.0,7.0,3.0,0.0,0.0,26050902.0,2.0,50.68660160423284,90.7699185031949,32.916911888122556,37.155754165649384
2026-05-09 17:30:54+00:00,USA,USA,-16.6499999510643,-7.180000040430625,0.0,2.46999994351388,12.809999980810321,23.419999786563583,-8.94903337886118,-0.1498584725159655,3.67522340676337,4.996645548645065,-0.05306244566114651,4.635192364654814,3.5434890786658277,9.239596456342692,40.05000060222859,17.95799825259465,84.40207099914551,59.983523712158195,1.0,110.999999673762,0.0,1109.72265625,3141.27734375,42.069525664318,59.9358238220215,41.881800647055925,0.49000000154036555,32.2786462,0.3692194319097164,1920.5420017242438,-0.01818401942728088,750.2629160881042,926.7706155776978,867.3834681510925,-64.8452521,3.0,97.6519470214844,7.38631820678711,18.2854423522949,-172.70100402832,40.9487336874008,24.385766685009,-2.663000001249376,0.446048758759709,-0.609554416144823,-1.3759999530556213,77.3993911743164,173.001358032227,2.0,7.0,3.0,0.0,0.0,26050902.0,2.0,51.52518012863792,90.8698919820764,32.718129730224604,34.82449516296388
2026-05-09 17:30:55+00:00,USA,USA,-16.649999951064302,-7.210000109567339,0.0,2.4799999381003297,12.580000019944599,23.31000027299944,-8.944212119080799,-0.150444027835162,3.692809393640178,4.997005072727504,-0.27739142785805965,4.64143874340552,3.5410507438208163,8.19856600229657,39.95999919953534,18.103054395092748,84.4371139526367,60.36606765747068,1.0,110.999999673762,0.0,1126.390625,3157.9453125,41.2430830200302,60.1199340820312,41.346000310444,0.5107999886259975,32.2787594,0.6978107428577396,1920.49641609192,0.009092011896427681,782.8794360160826,965.374720096587,902.7115345001223,-64.8451351,3.0,86.1555328369141,7.38631820678711,18.2854423522949,-173.70100402832,40.8713817596436,24.2646768689156,-2.5193999697049136,0.0453150201155285,0.0844820762353588,-0.6622000041551435,78.3993759155274,174.001419067383,2.0,7.0,3.0,0.0,0.0,26050902.0,2.0,52.34658687445064,90.9482205914781,32.5417699813843,34.84825515747068
2026-05-09 17:30:56+00:00,USA,USA,-16.61999971117284,-7.150000056671265,0.0,2.459999948927428,12.66000014739094,23.429999866527396,-8.936175974635455,-0.15015125017556402,3.4430148615408243,4.996285768430536,-0.7617721453898575,4.5996145922871365,3.57085931152868,9.798068069111888,40.02999975928204,18.642149273450798,84.11149291992186,60.627498321533224,1.0,110.999999673762,0.0,1143.16796875,3174.72265625,39.334659864037,60.4422248840332,40.37379938021138,-0.3925999885277616,32.2788755,1.13384708996053,1920.6150054931618,0.0363680388545618,888.6233925819397,1043.650364875792,1029.588294029234,-64.8450205,3.0,72.1631851196289,7.38631820678711,18.2854423522949,-174.70100402832,40.5542343854904,24.2099910974503,-2.48559996751214,-0.723285443479439,-0.730047277396899,-0.3234000016569708,79.3993606567383,175.001480102539,2.0,7.0,3.0,0.0,0.0,26050902.0,2.0,53.4836699372852,91.0347556731676,32.12491607666015,32.354774093627896
2026-05-09 17:30:57+00:00,USA,USA,-16.490000379190498,-7.180000125807988,0.0,2.479999938100332,12.52999996163498,23.31999966994436,-8.916160532159559,-0.150590896912637,2.17035570264401,3.6928291371557456,-1.23880005422338,4.5966268114120785,3.578175938233644,10.31152634468448,39.81000004913484,19.046604047795,84.07890472412105,60.78529769897464,1.0,110.999999673762,0.0,1160.0234375,3191.578125,38.8970462288197,60.8049522399902,40.469400171986216,-0.8483999629055754,32.2789935,1.7043843172759199,1920.60589790344,216.40223264839742,997.190558910371,1130.7121276855457,1136.818504333496,-64.8449075,3.0,60.2005805969238,7.38631820678711,18.2854423522949,-175.70100402832,40.5909776687622,24.3681892752647,-2.24739998034966,1.29707586855216,-0.24623192143653,0.1851999765340108,80.3993453979492,176.001541137695,2.0,7.0,3.0,0.0,0.0,26050902.0,2.0,53.94396936281178,91.12857856670145,31.860878562927248,32.67461013793944
2026-05-09 17:30:58+00:00,USA,USA,-16.5000004591543,-7.190000035017074,0.0,2.4399999597545277,12.57999984918986,22.97000062781486,-8.86823736362181,-0.135356426773188,2.579142780601366,0.3734373066756724,-1.752077084323055,4.67484400335295,3.668143787622604,9.025210307919604,39.4700007454597,19.314927175565302,84.47194747924804,60.80252700805662,1.0,110.999999673762,0.0,1176.90625,3208.4609375,38.5917640936768,61.1036224365234,42.03099861626672,-2.367200025632144,32.2791117,2.022023523943488,1920.669746398924,1263.8177394866939,901.065230369567,974.7447013854983,1047.9575157165546,-64.8447941,3.0,49.5439186096191,7.38631820678711,18.2854423522949,-176.598999023438,40.5426323413849,24.1377294063568,-3.27859991387811,-1.09618613124034,-2.13194707299745,2.88319979325057,81.3993301391602,177.001602172852,2.0,7.0,3.0,0.0,0.0,26050902.0,2.0,53.504347651978506,91.23540955550959,31.858854675293,34.6759284210205
2026-05-09 17:30:59+00:00,USA,USA,-16.5000004591543,-7.170000045844171,0.0,2.4699999435138777,12.60000017987224,22.88000024964996,-8.830980816133504,-0.0990276377536687,3.835292774632708,0.4949398062907563,-2.2853174233453553,4.886410649686655,3.962707306900994,7.6736630617506965,39.37000062884046,19.3448545031874,83.95521240234376,59.67350326538086,1.0,110.999999673762,0.0,1193.77734375,3225.33203125,41.8075605888914,60.3023277282715,45.306199998768605,-4.522599855149645,32.2792246,2.3884920518082597,1920.432543754578,1773.3963251113898,704.9648165702818,773.8555788993837,962.9836678504944,-64.8446759,3.0,35.3362045288086,7.38631820678711,18.2854423522949,-177.598999023438,40.6702637672424,24.4775593280792,-3.0197999481128255,0.915428803393947,-2.58643981320115,4.788199999941276,82.3993148803711,178.001663208008,2.0,7.0,3.0,0.0,0.0,26050902.0,2.0,52.83075302999403,91.38940641563136,31.9167749404907,37.77677490234374
2026-05-09 17:31:00+00:00,USA,USA,-16.287500040583726,-7.250000130601828,0.0,2.2500000092511,12.487499963298223,22.56250027211975,-8.700654830354136,-1.077851342187083,2.7292527454850504,1.209755681964001,-9.574688952118084,4.061260042402085,4.961634788700202,6.796663720080272,38.84999988581665,19.3459507485492,82.7147289276123,56.949308967590326,1.0,110.999999673762,0.0,1210.30859375,3241.86328125,47.230068261532,58.4158103942871,56.45124796655138,-4.95849994531458,32.2793154,3.4204300299652104,1919.7231829166399,1911.8287861347198,810.3339225053787,783.4482640028,1025.453180074689,-64.8445631,3.0,23.7522678375244,7.38631820678711,18.2854423522949,-178.598999023438,40.5755072832108,24.2021799087524,-1.503999984614203,1.66605261263489,0.123461032013696,22.424498434373753,83.399299621582,179.001724243164,2.0,7.0,3.0,0.0,0.0,26050902.0,2.0,48.30749986725025,91.61197837501994,32.062611579895005,35.82466764450075
2026-05-09 17:31:02+00:00,USA,USA,13.160000388977664,5.630000153823108,0.0,-1.679999997658276,-9.28000009886844,-14.599999950936075,-8.66778112987887,-1.28600834741495,-0.2037679683558992,2.2434262189792307,-14.53513774250195,3.728904808969576,5.2569434602727,-14.104443259668596,-27.75999982764954,2.731898616695211,75.70170593261714,43.161043853759764,1.0,110.999999673762,0.0,1239.0234375,3270.578125,102.669286244989,44.4560394287109,118.7927988223746,2.086400041894588,32.2793517,4.709509561268289,1920.751857757568,1910.6786489486701,1773.0549097061162,1572.430801391602,1551.693248748778,-64.8442773,3.0,11.9696359634399,7.38631820678711,18.2854423522949,-180.598999023438,39.6762788295746,29.2840123176575,0.4563999958242273,-1.80031577558395,5.58946951246748,25.2245996275497,85.3992691040039,181.001846313477,2.0,7.0,3.0,0.0,0.0,26050902.0,2.0,-5.02081289236268,92.0686618983999,32.29349098205565,43.1601519012451
2026-05-09 17:31:03+00:00,USA,USA,16.75000006768354,7.480000048778882,0.0,-2.4699999435138777,-12.850000129910859,-23.11000003976094,-8.679469717982876,-1.2482147229423,1.0609958653863494,6.4068658273316785,-7.71228697042214,3.530374347063122,5.457474143077597,-16.72475842058684,-39.869999845898846,-13.1062916233261,71.82725028991695,42.292376861572265,1.0,110.999999673762,0.0,1250.9296875,3282.484375,132.751242519666,41.8973030090332,140.7413999843464,2.199199890329752,32.2792871,0.07578704798677785,1845.9377050399762,1910.5968236923218,1507.1692466735863,1552.021193504332,1469.476652145384,-64.8441802,3.0,11.4877443313599,7.38631820678711,18.2854423522949,-181.598999023438,56.7577481269836,32.1100741624832,-1.7521999957116061,-2.85843886340539,0.785424903722628,15.68819934988083,86.3992538452148,182.001907348633,2.0,7.0,3.0,0.0,0.0,26050902.0,2.0,-34.840975614738596,92.28655859330166,32.4983636856079,37.21864608764648
2026-05-09 17:31:04+00:00,USA,USA,16.6499999510643,7.4400000704330775,0.0,-2.369999997649364,-12.68000013656384,-23.219999553325103,-8.69057389802602,-1.21115400978411,2.458911046019,6.8608825887275895,-2.9089192974570697,3.403814484903414,5.583212717678291,-16.69385898629114,-39.87000121193664,-24.13623049840405,67.27911987304691,43.18029052734373,1.0,110.999999673762,0.0,1262.69921875,3294.25390625,147.897528513628,42.9155982971191,148.18179825480797,-0.0788000205204848,32.2791983,-0.9165596052440661,1511.765027046202,1910.4513645172124,1332.940340042116,1367.4293041229241,1412.9992485046382,-64.8441093,3.0,17.82741355896,7.38631820678711,18.2854423522949,-182.598999023438,74.4154989719391,32.1237444877624,-2.6361999184274922,-1.13501735749745,-2.57524918857632,2.690999956209358,87.3992385864258,183.001968383789,2.0,7.0,3.0,0.0,0.0,26050902.0,2.0,-57.43562763633834,92.42951103753545,32.572011566162104,23.65373508453368
2026-05-09 17:31:05+00:00,USA,USA,16.7000000093739,8.130000123785022,0.0,-0.8899999984418165,-10.299999973573279,-19.830000107857742,-8.6923271222086,-1.21144722767074,3.860415576437852,6.190101919303783,-2.880549359687485,3.3280417749778115,5.655294948329292,-16.791514981987223,-36.52000003726784,-26.8434758674552,65.8744354248047,44.06493301391602,1.0,110.999999673762,0.0,1274.71875,3306.2734375,150.403265372917,43.5924110412598,150.08819694273137,-2.5357999796097124,32.2791032,-0.8752452637141989,953.0952572822569,1910.542273521422,972.3473072052004,1132.9071879386906,1244.104599952698,-64.8440445,3.0,28.7147731781006,7.38631820678711,18.2854423522949,-183.70100402832,74.2685317993164,32.0807784795761,-3.554799999997414,-1.067052919831,-2.63129110415968,1.7929998959309246,88.3992233276367,184.002029418945,2.0,7.0,3.0,0.0,0.0,26050902.0,2.0,-62.35257700095514,92.31469214249296,32.5814546585083,18.41477165222168
2026-05-09 17:31:06+00:00,USA,USA,16.739999987719703,9.01999989811125,0.0,0.4599999537479905,-8.200000000512812,-16.709999747828242,-8.69174271414774,-1.2335663150501501,4.938192362841274,5.515726606697152,-2.202835098432935,3.3609037360654463,5.621692381292216,-16.66143437075378,-33.429999917129784,-25.04294664845965,68.8910957336426,45.90270057678224,1.0,110.999999673762,0.0,1286.99609375,3318.55078125,152.344582719953,44.8870914459228,152.10720086138699,-2.281400021707746,32.2790034,-2.0214354019672696,373.71470630168903,1910.4786396026623,752.9782891273499,911.5334630012514,1043.156123161316,-64.8439822,3.0,38.3183097839356,7.38631820678711,18.2854423522949,-184.70100402832,74.4154989719391,32.3659241199493,-3.545999898893406,0.420030353735736,0.863352186149744,2.360799946280772,89.3992080688476,185.002090454102,2.0,7.0,3.0,0.0,0.0,26050902.0,2.0,-59.062779504196975,92.24067338245754,32.591361236572254,24.8641884613037
2026-05-09 17:31:07+00:00,USA,USA,16.730000249265338,8.179999840585186,0.0,-0.5600000009981194,-9.749999929809002,-19.4499998013084,-8.69203513162158,-1.1494832179118601,5.001000391882503,4.6058958903799745,-0.2768669073494105,3.4491698438226974,5.5447322856680845,-15.39114076249866,-36.1800010751021,-25.121089988980152,70.87323188781735,48.32415939331054,1.0,110.999999673762,0.0,1299.8125,3331.3671875,155.519336608445,47.3321811676025,152.71759574298142,-2.142800072833876,32.278896,-2.088444744399996,0.5930581013672052,1910.5332136154161,607.9409480094907,707.153785228729,921.0186719894406,-64.8439225,3.0,51.917366027832,7.38631820678711,18.2854423522949,-185.70100402832,73.9707231521606,32.4635744094849,-3.3133999411427397,-0.736317764580941,-0.178703428597987,-1.1445999528204172,90.3991928100586,186.002151489258,2.0,7.0,3.0,0.0,0.0,26050902.0,2.0,-59.86795772054175,92.2651971766725,32.587567520141604,23.462656745910657
2026-05-09 17:31:08+00:00,USA,USA,16.7900000460293,8.350000175441677,0.0,-0.5900000114378989,-9.88000011556497,-19.210000272743038,-2.172239833004921,-1.1551957106572202,4.997411639737848,4.10191168482773,-0.0640945451971994,3.5330902437205323,5.43986010973651,-13.216382234538278,-35.9800001588447,-23.89261643372995,72.14982948303219,49.50179695129394,1.0,110.999999673762,0.0,1313.3046875,3344.859375,153.479760160009,49.6922229766846,150.4382004244838,-1.944799953772128,32.2787855,-1.299768371811664,0.7116711465641856,1910.4240655899061,634.7030520439148,647.0835328102112,866.2402153015139,-64.843857,3.0,64.8746490478516,7.38631820678711,18.2854423522949,-186.70100402832,74.5760083198547,32.2096794843674,-2.292200044889416,1.67654453025197,1.61965012168282,-3.224199975771218,91.3991775512695,187.002212524414,2.0,7.0,3.0,0.0,0.0,26050902.0,2.0,-59.915453489992196,92.273816875405,32.4728204727173,25.821960067749025
2026-05-09 17:31:09+00:00,USA,USA,16.679999849446283,8.539999987206874,0.0,-0.320000018865504,-9.299999874597933,-18.449999659644384,-0.18900871663208202,-3.3743218774776897,4.997770224669274,3.4954773738009637,-0.740758881645332,3.6037030018602842,5.382410534853884,-13.22172258869556,-35.11000071520084,-23.040513622504,72.93957138061525,49.69996421813964,1.0,110.999999673762,0.0,1327.0546875,3358.609375,149.768085100862,49.6637786865234,147.9783979534006,-1.467200000587362,32.2786772,-1.389854490194974,0.7937829359434546,1910.587763786314,744.6681022644044,790.6020164489744,886.5490078926086,-64.8437836,3.0,73.2790374755859,7.38631820678711,18.2854423522949,-187.70100402832,74.6166169643402,32.2643637657166,-1.5533999974650259,0.255945811138037,2.4187302811036,-1.0953999924751263,92.3991622924805,188.00227355957,2.0,7.0,3.0,0.0,0.0,26050902.0,2.0,-56.95179752610213,92.20805239898155,32.4209873199463,26.840973930358878
2026-05-09 17:31:10+00:00,USA,USA,16.71000008933772,7.810000126263861,0.0,-1.299999968585384,-10.930000144783893,-20.9099998647039,-0.1897392333782625,-3.366118927006215,4.998129663374344,3.022408568111582,-1.3007926653994155,3.616739058221488,5.366964488932726,-11.4986236384712,-37.59999945260452,-22.31419472125945,73.76158218383785,49.94519554138182,1.0,110.999999673762,0.0,1340.86328125,3372.41796875,149.301760765469,49.678246307373,147.10880012488,-2.18720001635432,32.2785701,-1.1791880681299587,0.8394006057642402,1910.5513811111439,785.9462618827819,800.1079916954039,965.7097578048699,-64.8437072,3.0,88.0576019287109,7.38631820678711,18.2854423522949,-188.70100402832,73.9417135715485,32.2155386209488,-2.631799995941534,-1.63700445842506,-1.45534810692917,-0.609200020040349,93.3991470336914,189.002334594727,2.0,7.0,3.0,0.0,0.0,26050902.0,2.0,-54.774307947002136,92.18305049152471,32.54499549865725,28.679945869445817
2026-05-09 17:31:11+00:00,USA,USA,16.70000035088336,8.929999861455837,0.0,0.4099999808157347,-8.399999977619213,-16.98999993775834,-0.1903233546245375,-3.39058156968373,4.9970526279196,4.66592778903305,-1.3748674543303792,3.599085964736086,5.385120668539182,-11.92930309488836,-33.699999685586604,-20.4376659873692,76.12202568054201,51.033571243286154,1.0,110.999999673762,0.0,1354.76171875,3386.31640625,147.829650093656,50.6117168426514,147.168198181978,-1.102800006184903,32.2784624,-1.4628806850057796,0.7755358703434467,1910.569548606874,492.48974323272705,643.5757756233216,741.0067677497861,-64.8436277,3.0,100.752563476562,7.38631820678711,18.2854423522949,-189.70100402832,74.459981918335,32.2546005249023,-3.033999996774648,-0.186442873361045,1.83055835912488,0.14099999063683022,94.3991317749024,190.002395629883,2.0,7.0,3.0,0.0,0.0,26050902.0,2.0,-51.211832906123085,92.2333445894781,32.7234992980957,34.84144844055178
2026-05-09 17:31:12+00:00,USA,USA,16.6499999510643,7.240000178704055,0.0,-2.539999990996402,-12.699999954982,-23.379999808217757,-0.1901774460424145,-3.336967466185185,4.997411639737848,3.7974362377145,-0.32047080833034547,3.656391081117762,5.3290262031878886,-12.33099061809032,-40.04999991920968,-20.9441279294202,76.8367893218994,51.3100538635254,1.0,110.999999673762,0.0,1368.95703125,3400.51171875,149.141019093542,51.3615165710449,146.5826023512224,-0.5639999998999173,32.278352,-2.115878882220268,0.7299182121641934,1910.405921936034,766.0946488380432,740.2011632919309,901.7507076263421,-64.8435488,3.0,111.79753112793,7.38631820678711,18.2854423522949,-190.70100402832,74.3903636932373,24.8857468366623,-1.5787999982287642,1.5096911196782,0.437303742064139,-0.9105999470291453,95.3991165161133,191.002456665039,2.0,7.0,3.0,0.0,0.0,26050902.0,2.0,-51.583510627168735,92.34663010705195,32.7852355957031,33.37869300842286
2026-05-09 17:31:13+00:00,USA,USA,16.68000019095576,7.230000269494967,0.0,-2.47999993810033,-12.680000136563839,-22.6500001180295,-0.19046974345433698,-3.794737950138545,4.997770651556096,3.359236486889048,-0.189655303426772,3.6824633645949,5.300843476634585,-12.039929449063601,-39.3300003089852,-21.16136807238805,76.7275405883789,51.38433586120608,1.0,110.999999673762,0.0,1383.20703125,3414.76171875,148.626022830123,51.1558181762695,146.05080109036942,-0.658599998206616,32.2782421,-2.147486692510244,0.6934240809641778,1910.451340675354,926.2292265892029,927.1578431129456,986.7609739303582,-64.8434689,3.0,121.633392333984,7.38631820678711,18.2854423522949,-191.70100402832,48.9160925149918,24.5381042361259,-2.0925999967032802,-1.0499356119973,0.00900861597379683,-0.7145999161307144,96.3991012573242,192.002517700195,2.0,7.0,3.0,0.0,0.0,26050902.0,2.0,-51.553983036367846,92.42106209353216,32.783774757385245,31.64856674194336
2026-05-09 17:31:14+00:00,USA,USA,16.720000510810998,7.249999917158421,0.0,-2.47999993810033,-12.62000016904514,-22.709999914793464,-0.190908429696058,-4.518675143075194,4.996693274591893,4.0479907564250635,-0.907297143021928,3.6830066207660095,5.3051791953423395,-11.47192101391104,-39.410000948695725,-20.5791747003672,77.63398132324221,52.18348960876464,1.0,110.999999673762,0.0,1397.5078125,3429.0625,147.245395712053,51.9922897338867,144.5689970140864,-0.5582000220362394,32.2781324,-1.7161240677656782,0.6386828958056865,1910.342264175412,892.89870262146,985.1119637489321,960.3957056999213,-64.8433855,3.0,136.21940612793,7.38631820678711,18.2854423522949,-192.70100402832,48.763319849968,24.8447328805923,-2.273800070218274,0.187804695687669,0.341985570710555,-1.5705999946103864,97.3990859985352,193.002578735352,2.0,7.0,3.0,0.0,0.0,26050902.0,2.0,-51.27237092179364,92.47876694673499,32.883072280883795,33.65093284606934
2026-05-09 17:31:15+00:00,USA,USA,16.7000003508834,7.210000109567341,0.0,-2.49999992727323,-12.6599999766362,-22.769999370047934,-0.1898851419603855,-5.17420297555399,4.9966937014787165,3.093944084808208,-1.22829244851555,3.699301915333096,5.282416650782264,-13.72182921047864,-39.46000134851482,-20.580614162734747,77.7538867950439,52.35192306518552,1.0,110.999999673762,0.0,1412.0,3443.5546875,145.860165046483,52.1215919494629,144.5117982779012,-0.38300001357500574,32.2780236,-1.6752518315741802,0.7755358703434467,1910.415005683896,1015.544915199281,1061.431908607484,1128.4888267517078,-64.8432986,3.0,149.322067260742,7.38631820678711,18.2854423522949,-193.70100402832,44.6597427129746,24.7138783335686,-1.8089999982598202,0.862580481495238,0.660567231425797,0.8085999783683612,98.3990707397461,194.002639770508,2.0,7.0,3.0,0.0,0.0,26050902.0,2.0,-51.59714846588448,92.4950227969596,33.033986663818354,32.50025779724122
2026-05-09 17:31:16+00:00,USA,USA,16.76999988610168,7.429999990469264,0.0,-2.15999998326785,-12.270000102387261,-22.55000034291972,-0.190031524120078,-5.161751540697055,4.996334262773644,3.5414904799373175,-0.966137888700267,3.7012030131112064,5.285668418468742,-12.66477684018698,-39.31999954600246,-20.799654060548797,78.7582946777344,53.48226928710936,1.0,110.999999673762,0.0,1426.56640625,3458.12109375,146.590749400864,52.9369319915771,144.977600786842,-2.013800018871478,32.2779128,-2.085052573637392,0.7846594089642167,1910.4877233505242,1047.762942314148,1160.286998748782,1202.34613418579,-64.8432119,3.0,160.347473144531,7.38631820678711,18.2854423522949,-194.70100402832,44.8009133338928,24.6201321482658,-2.529999911032584,-0.614391150572544,-2.32915811311099,0.5585999576265912,99.399055480957,195.002700805664,2.0,7.0,3.0,0.0,0.0,26050902.0,2.0,-52.22109171071649,92.50872415643471,33.14630126953125,31.954130859375
2026-05-09 17:31:17+00:00,USA,USA,16.739999646210244,8.330000186268773,0.0,-0.45000001785847515,-9.700000213008847,-18.6499995513734,-0.190616132284136,-5.16365588281502,4.99705245716487,3.6759340452578257,-0.41608524914433853,3.727003796568836,5.2585694721819864,-12.40156269391584,-35.389999539093075,-21.0702900611268,80.6088764190674,55.4157600402832,1.0,110.999999673762,0.0,1441.4609375,3473.015625,147.962019159771,54.5031566619873,146.2883987829132,-2.856200012772824,32.2777969,-3.0422629888777997,0.7937829359434546,1910.4513406753545,967.6749229431152,1039.4699335098287,1266.8493509292598,-64.843126,3.0,170.203887939453,7.38631820678711,18.2854423522949,-195.598999023438,44.5862591266632,24.7451275587082,-2.872600022677628,-0.524490759973808,-1.41882815265417,1.6651999488943812,100.399040222168,196.00276184082,2.0,7.0,3.0,0.0,0.0,26050902.0,2.0,-52.51805467545032,92.5231836669076,33.086504745483396,32.01206108093262
2026-05-09 17:31:18+00:00,USA,USA,16.62999979113666,8.110000134612124,0.0,-0.9800000084168177,-10.380000015642244,-19.429999982890237,-0.190762040866259,-5.087482838426685,4.996334518905739,3.14319218197889,0.894163116134818,3.8044061469417216,5.187028704777441,-13.533383266749619,-36.06000011553634,-20.9429309387682,82.385684967041,57.192191619873064,1.0,110.999999673762,0.0,1456.91015625,3488.46484375,150.813910006196,56.6317886352539,146.45779840263202,-3.163999969087194,32.2776739,-2.8692066566319157,0.7572887931019068,1910.3604555129998,847.998917102814,1005.449998378756,1159.027433395386,-64.8430421,3.0,184.161392211914,7.38631820678711,18.2854423522949,-196.598999023438,44.6945518255234,24.6045082807541,-3.0687998959732257,-0.257760106816748,-0.0626021855491378,-2.0183999538423243,101.399024963379,197.002822875977,2.0,7.0,3.0,0.0,0.0,26050902.0,2.0,-52.5235659550916,92.57478233099245,32.96364154815675,34.1362703704834
2026-05-09 17:31:19+00:00,USA,USA,16.76000014764732,9.549999867325244,0.0,1.7899999914700881,-6.090000118243272,-13.629999878408778,-0.190616132284136,-5.11487595242326,4.99705228641014,3.4713926753723,-0.4434051553857965,3.880722241104484,5.110068267643852,-13.3308229078555,-30.399999935265157,-20.019205056358253,82.943968963623,58.075383911132825,1.0,110.999999673762,0.0,1472.83203125,3504.38671875,146.311749833648,57.8378608703613,143.9547990831624,-2.975000011639114,32.2775517,-2.40328056395576,0.8394005941227081,1910.4786396026618,898.8034605979908,947.4183201789856,1128.762817382812,-64.8429497,3.0,196.661224365234,7.38631820678711,18.2854423522949,-197.598999023438,44.7274267673492,24.6045082807541,-2.590399999570606,0.651208271437293,0.240886684761187,-1.5905999290884132,102.39900970459,198.002883911133,2.0,7.0,3.0,0.0,0.0,26050902.0,2.0,-52.41103449040213,92.59009561511161,32.798197746276855,34.80584999084474
2026-05-09 17:31:20+00:00,USA,USA,16.76000014764734,9.319999906459511,0.0,1.5500000360179005,-6.580000109111468,-14.91000003924816,-0.190908429696058,-5.11106705474392,4.996334262773644,3.591816999944922,-0.6677322332672725,3.9035357559512462,5.078633688026701,-12.958889908489601,-31.670000186895482,-19.4130530882763,82.8713905334473,57.935320587158195,1.0,110.999999673762,0.0,1488.95703125,3520.51171875,145.288532854466,57.6902938842773,142.95019846758262,-2.8985999915269263,32.2774315,-1.5705090450386958,0.8211535285227003,1910.4695320129383,935.4409694671637,1025.9035825729356,1166.746258735658,-64.8428522,3.0,211.411041259766,7.38631820678711,18.2854423522949,-198.598999023438,44.764170050621,24.4072496891022,-2.891599858712626,-1.30440700940912,-1.19256212814163,-1.1547999759000143,103.398994445801,199.002944946289,2.0,7.0,3.0,0.0,0.0,26050902.0,2.0,-51.79486195178883,92.55412783894229,32.8122791290283,35.947987289428696
2026-05-09 17:31:21+00:00,USA,USA,16.71999982779208,9.610000005598717,0.0,2.2000000203105907,-5.489999888103338,-13.390000179088677,-0.1910543449482875,-5.115900907685585,4.997411639737848,2.305615134060878,-1.569251062931796,3.9002765604340417,5.0875764547069995,-12.525540360371119,-30.110000348390184,-19.17439261829775,82.6100086212158,57.7959088897705,1.0,110.999999673762,0.0,1505.0625,3536.6171875,143.597623902781,58.0626686096191,142.14419516438622,-3.1159999182325997,32.277314,-1.1828296528550584,0.7481652544811368,1910.4422807693459,933.9191794395445,978.3664584159853,1198.895597457888,-64.8427505,3.0,225.650192260742,7.38631820678711,18.2854423522949,-199.70100402832,44.8589265346527,24.608413875103,-3.4073999927082164,1.15122102080795,-0.654300426140604,-0.2749999898656212,104.398979187012,200.003005981445,2.0,7.0,3.0,0.0,0.0,26050902.0,2.0,-51.76341507783121,92.49957511804145,32.8055242538452,35.72416763305664
2026-05-09 17:31:22+00:00,USA,USA,16.739999987719703,11.41000005568824,0.0,5.839999997449903,-0.1399999775711671,-6.049999969142732,-0.19163846619456248,-5.13479769324148,4.995975507087491,4.706908326411574,-3.05024146091334,3.883981265866958,5.095705660479785,-13.127499616831079,-22.79000021299454,-17.42596493606475,82.5264404296875,57.44298683166502,1.0,110.999999673762,0.0,1521.109375,3552.6640625,141.702710860966,58.0663215637207,141.97919965064418,-1.702800033553594,32.2771993,0.3692491352284771,0.7572887931019068,1910.53321361542,485.12643575668363,644.6014285087583,827.3235321044924,-64.8426455,3.0,236.423690795898,7.38631820678711,18.2854423522949,-200.598999023438,44.6268677711487,24.5166197419167,-3.76980001167216,0.273356310177943,2.0726473706234,1.2159999863115492,105.398963928223,201.003067016602,2.0,7.0,3.0,0.0,0.0,26050902.0,2.0,-49.99537758098162,92.45112858625856,32.75426959991455,41.26670837402344
2026-05-09 17:31:23+00:00,USA,USA,16.750000409192957,10.130000065603594,0.0,3.280000102657966,-4.039999990049018,-11.43999995407026,-0.191054344948288,-5.137141515343854,4.996693274591893,4.889521544721509,-3.8818855076975,3.912226232519076,5.074840030206948,-13.816052523852623,-28.19000036326322,-17.459739367736802,81.29817924499511,56.4379431152344,1.0,110.999999673762,0.0,1537.03125,3568.5859375,143.225187347719,56.4658744812012,145.349597477722,-0.6809999931238988,32.2770855,0.3304495039323652,0.7299182238057256,1910.4149818420422,429.1200280189516,630.1036000251768,706.7580580711362,-64.8425439,3.0,248.586822509766,7.38631820678711,18.2854423522949,-201.70100402832,44.9594855308533,24.4912311434746,-3.3142000551153243,-0.944124349087874,0.564552807663695,4.300599753349286,106.398948669434,202.003128051758,2.0,7.0,3.0,0.0,0.0,26050902.0,2.0,-49.3808135519179,92.46623013451344,32.56727027893071,38.349379577636746
2026-05-09 17:31:24+00:00,USA,USA,16.67999984944628,7.99000002881998,0.0,-1.2300000064802252,-10.809999868237002,-20.05000015951438,-0.1910543449482875,-5.11546142770118,4.995257141941534,4.584327433641544,-1.527222614452035,3.8693157398132003,5.11223608430905,-13.879757868996057,-36.73000000896066,-18.347828738152202,81.61716041564941,56.104205245971684,1.0,110.999999673762,0.0,1552.7109375,3584.265625,148.495825764164,56.514767074585,147.98440305571918,-1.0096000045589857,32.2769666,-0.45684886465070207,0.7572888047434391,1910.4877233505238,539.4065320491792,662.8150939941406,771.4069247245791,-64.8424532,3.0,264.066040039062,7.38631820678711,18.2854423522949,-202.70100402832,44.7506338357925,24.6611461043358,-2.7900000264124043,1.3671980056661,-0.289674085672353,0.35760004107584514,107.398933410645,203.003189086914,2.0,7.0,3.0,0.0,0.0,26050902.0,2.0,-49.933548659557914,92.607966805075,32.914237403869606,37.10174468994142
2026-05-09 17:31:25+00:00,USA,USA,16.78999970451984,8.700000071344828,0.0,0.2099999930371769,-8.680000252926648,-17.309999764524797,-0.192076685528821,-5.121174240611655,4.9963346896604675,4.20148649410509,-1.152115828950075,3.8714881668560865,5.115758925128212,-13.198452987966983,-34.100000152063565,-18.89311432921925,80.98177642822264,55.53116180419922,1.0,110.999999673762,0.0,1568.2734375,3599.828125,147.898361796707,55.79274559021,147.2101983812226,-1.9038000357318339,32.2768474,-0.8426661151468837,0.6751770270057023,1910.424113273618,662.4740839004515,727.8697371482851,849.237012863159,-64.8423657,3.0,274.643463134766,7.38631820678711,18.2854423522949,-203.70100402832,44.5997953414917,23.2822939753532,-2.184399980304072,0.855162309087222,-0.562380220538249,-1.2783999969272337,108.398918151855,204.00325012207,2.0,7.0,3.0,0.0,0.0,26050902.0,2.0,-50.85068801979648,92.76164264630566,33.162439155578596,33.302163619995106
2026-05-09 17:31:26+00:00,USA,USA,16.7999994429742,8.269999877240611,0.0,-0.48000000695391465,-9.610000005598689,-19.169999952887764,-0.1916389464422385,-5.11795167198388,4.996334262773644,3.0677022418849242,-0.5889301263374405,3.866871471241346,5.120094814590702,-12.45306129572936,-35.9599999989171,-20.165254137607,80.48370780944825,54.62421775817872,1.0,110.999999673762,0.0,1583.671875,3615.2265625,148.36147594319,54.7843585968018,146.0269965150738,-2.421399945918064,32.27673,-1.759600100134832,0.7025476079434156,1910.415005683896,881.8101763725283,856.4511775970459,1036.4296913146954,-64.8422791,3.0,288.960693359375,7.38631820678711,18.2854423522949,-204.70100402832,44.677147269249,22.2354590892792,-2.430400000810026,-0.809228539866946,-1.11295840779924,-1.4415999339778818,109.398902893066,205.003311157227,2.0,7.0,3.0,0.0,0.0,26050902.0,2.0,-51.35613431271794,92.85518891717815,33.3826051712036,31.59929168701172
2026-05-09 17:31:27+00:00,USA,USA,16.71666715082303,8.983333450508127,0.0,0.5833333199211451,-8.03333353790845,-16.50000017456313,-0.191784381446792,-5.119270111937105,4.995855352676339,3.839015113893877,-0.811681751717744,3.8085708263290137,5.1798929500194335,-11.661384314316933,-33.23333270236977,-20.14763737219025,80.34609375,54.54222679138179,1.0,110.999999673762,0.0,1598.8359375,3630.390625,146.403492934579,54.5654010772705,144.1232411103595,-1.627500036751575,32.2766096,-1.71804339894722,0.6957049627089873,1910.442262887955,676.1926114559172,768.2290226221082,962.6489132642757,-64.8421856,3.0,300.919799804688,7.38631820678711,18.2854423522949,-205.70100402832,44.7312951087952,21.987421810627,-3.0167499484833002,-0.663707997866092,0.588638029028717,-1.7560000141450225,110.398887634277,206.003372192383,2.0,7.0,3.0,0.0,0.0,26050902.0,2.0,-51.438567865810825,92.89534359930865,33.48990383148195,32.829086494445804
2026-05-09 17:31:28+00:00,USA,USA,16.69000027091958,7.4600000596059814,0.0,-2.2999999501668458,-12.399999946633738,-22.80999968990322,-0.1925153717705425,-5.10608656617851,4.996693274591893,3.014499892071626,-1.121119470001205,3.800603951385508,5.170227549324947,-12.391262939402178,-39.49000022236844,-20.6062179806122,80.15849189758299,54.339299697876,1.0,110.999999673762,0.0,1613.98046875,3645.53515625,145.02031132576,54.3549476623535,143.131397922112,-0.3249999948143881,32.2765027,-1.890289494666726,0.739041727501899,1910.433173179624,794.5507764816286,857.4225068092344,968.1710600852979,-64.8420982,3.0,316.066131591797,7.38631820678711,18.2854423522949,-206.70100402832,44.7951108217239,22.0284357666969,-2.1962000285576004,1.31885702165022,1.34622921819246,-0.35299999679862526,111.398872375488,207.003433227539,2.0,7.0,3.0,0.0,0.0,26050902.0,2.0,-51.77338852005727,92.8737704468152,33.55580291748045,32.03190238952638
2026-05-09 17:31:29+00:00,USA,USA,16.69000027091958,7.210000280322065,0.0,-2.47999993810033,-12.6000000091175,-23.049999901487503,-0.192076678858714,-5.103742530632725,4.996693445346622,3.2916552228350398,-0.7875156352997394,3.7949007434285464,5.190009655463326,-12.5354584780649,-39.72000001247942,-20.3834795353626,80.6292697906494,54.65976676940918,1.0,110.999999673762,0.0,1629.07421875,3660.62890625,145.061524687212,54.3837284088135,142.901395399925,-0.44840001269486784,32.2763907,-1.6701042168175178,0.6478064227849245,1910.3877305984483,850.1830935478213,920.4424262046816,962.8303527832046,-64.8420051,3.0,326.030670166016,7.38631820678711,18.2854423522949,-207.70100402832,44.7177588939667,22.1456199884415,-2.772599906058386,-1.13420840696762,0.499371618723176,-0.1172000017068076,112.398857116699,208.003494262695,2.0,7.0,3.0,0.0,0.0,26050902.0,2.0,-51.27564121636824,92.82813795297031,33.6662635803223,33.22610870361328
2026-05-09 17:31:30+00:00,USA,USA,16.79000004602932,9.799999988118646,0.0,2.5400000550294215,-5.290000124440374,-12.710000205700538,-0.191638472864669,-5.10843017483747,4.995975507087491,4.559523687048006,-1.78780078795122,3.8095662694823043,5.1718530489700445,-12.771588362955999,-29.509999990184202,-19.465784709989748,80.9083225250244,55.10843124389648,1.0,110.999999673762,0.0,1644.265625,3675.8203125,143.499760952353,54.836323928833,142.9839997077474,-1.572599958042706,32.2762791,-0.8546678994408474,0.7116711465641856,1910.40587425232,709.5932126045228,767.9577350616456,906.9454312324526,-64.8419093,3.0,340.807983398438,7.38631820678711,18.2854423522949,-208.70100402832,44.8879361152649,22.0733568072319,-2.9226000382985617,-0.0776230922151049,-2.85842541647046,-0.0024000057443810175,113.39884185791,209.003555297852,2.0,7.0,3.0,0.0,0.0,26050902.0,2.0,-50.84235450599014,92.79645270541064,33.78321475982665,35.03451805114748
2026-05-09 17:31:31+00:00,USA,USA,16.6499999510643,8.39999989224184,0.0,-0.3199999975211634,-9.390000124696773,-18.7200001111201,-0.192953110857125,-5.11077399693984,4.9956158976276885,3.164041633241132,-1.496751753182435,3.82233121002214,5.168872525170982,-12.770443794005839,-35.34999990225674,-19.6256777309125,81.6498275756836,55.15673057556152,1.0,110.999999673762,0.0,1659.58984375,3691.14453125,144.234375118345,55.2479953765869,143.17799893678102,-0.5647999964786258,32.2761664,-1.4650581599853518,0.6295593571849165,1910.4604721069322,834.5150589942932,913.4564042091367,984.7994685173037,-64.8418135,3.0,354.155181884766,7.38631820678711,18.2854423522949,-209.70100402832,44.8376566171646,21.7862576246262,-2.250799963141128,1.48925348613423,1.89270134118436,0.8011999940070552,114.398826599121,210.003616333008,2.0,7.0,3.0,0.0,0.0,26050902.0,2.0,-49.97874880242832,92.78615278014225,33.90195980072025,37.177189178466804
2026-05-09 17:31:32+00:00,USA,USA,16.680000190955738,8.399999892241839,0.0,-0.01000000525862097,-8.900000219205944,-17.7999999261477,-0.19251489819297302,-5.682950683099445,4.9956158976276885,3.799234285013506,-1.3386182530229451,3.854921628401582,5.130392263915506,-12.55415048601174,-34.50000061854052,-19.049862048029148,81.92997550964355,55.5027793121338,1.0,110.999999673762,0.0,1674.91796875,3706.47265625,144.767184515119,55.318448638916,143.70420490666578,-1.1612000125627038,32.2760531,-0.8916726584087009,0.6478064227849244,1910.4058980941759,819.9119925498962,903.6299109458923,966.3994193077085,-64.8417184,3.0,365.612731933594,7.38631820678711,18.2854423522949,-210.70100402832,44.6597427129746,20.825357735157,-2.784000046736008,-0.77867214115016,-0.845866741791952,-0.12040003204434561,115.398811340332,211.003677368164,2.0,7.0,3.0,0.0,0.0,26050902.0,2.0,-49.327679461307625,92.81529036714156,33.891023254394554,38.457178115844705
2026-05-09 17:31:33+00:00,USA,USA,16.77000022761112,8.689999820626285,0.0,0.149999993501961,-8.770000033449978,-17.409999881144017,-0.19339179709884602,-7.1756494660614205,4.996693274591893,4.480798329032888,-1.8897200169725048,3.822059112361078,5.156136356803023,-12.67202486617946,-34.1699993457724,-18.27567205843925,82.40771255493165,55.85588195800781,1.0,110.999999673762,0.0,1690.34765625,3721.90234375,143.950307550764,55.9029350280762,143.05839412818722,-0.9859999720849576,32.2759398,-0.29360441464358444,0.6113123148679731,1910.324096679688,763.6473655700686,837.0359778404234,940.7338619232175,-64.8416211,3.0,375.644592285156,7.38631820678711,18.2854423522949,-211.70100402832,44.8763310909271,20.9835559129715,-2.715199935424608,0.0946535886112565,1.05229928433695,-0.08759995086976362,116.398796081543,212.00373840332,2.0,7.0,3.0,0.0,0.0,26050902.0,3.0,-48.63591243801736,92.86612405003936,33.85742053985595,39.35580139160154
2026-05-09 17:31:34+00:00,USA,USA,16.7999994429742,8.0400000871296,0.0,-0.8000000044750774,-9.969999810710924,-19.559999656382,-0.1935381925987515,-8.210576804574675,4.99525671505471,4.027500274292391,-2.2606248487527347,3.852748774471872,5.126056374453018,-11.95524295807298,-36.33999893942858,-18.230407541035902,82.2677707672119,55.815478363037094,1.0,110.999999673762,0.0,1705.86328125,3737.41796875,143.998678950466,55.6376495361328,144.4036026172968,-1.401799978789136,32.2758266,-0.42652157875993046,0.6204358185641465,1910.3877305984522,808.4133625030518,904.067325592041,991.4944767951968,-64.8415233,3.0,390.603424072266,7.38631820678711,18.2854423522949,-212.70100402832,44.7777062654495,20.8038747310638,-2.75279991336212,-0.339591536045613,-0.407250242705422,1.6055999102959189,117.398780822754,213.003799438477,2.0,7.0,3.0,0.0,0.0,26050902.0,3.0,-48.6062004321089,92.92423188440326,33.821618843078596,38.141830673217775
2026-05-09 17:31:35+00:00,USA,USA,16.78999970451986,8.740000049690634,0.0,0.5499999957394979,-8.040000001752231,-16.56999982361794,-0.192953110857125,-8.972600519705484,4.995975080200666,5.136840133246726,-2.2122917621430798,3.832108113554824,5.154510174139008,-10.75246901410326,-33.33999885594598,-17.8775053269997,82.52139358520505,56.37579414367674,1.0,110.999999673762,0.0,1721.375,3752.9296875,145.307766667169,55.9679260253906,145.3851964236762,-1.9506000223492577,32.275711,-0.06900230025207517,0.6386828841641544,1910.587739944458,611.6164684295653,725.8466720581054,866.5563464164734,-64.8414283,3.0,396.358825683594,7.38631820678711,18.2854423522949,-213.70100402832,44.8666632175446,21.0382401943207,-3.369399851062706,-1.13958995570336,-0.506321709729634,0.7463999708994186,118.398765563965,214.003860473633,2.0,7.0,3.0,0.0,0.0,26050902.0,3.0,-48.53476416659866,93.0273062691679,33.71894645690915,38.01930427551268
2026-05-09 17:31:36+00:00,USA,USA,16.6499999510643,7.990000028819978,0.0,-1.449999967423428,-11.11000004734001,-20.850000067939938,-0.192076685528821,-9.487061040161425,4.994898386255381,3.695705095027486,-1.608653036871425,3.837268321472768,5.146922260857947,-11.949902603915657,-37.5000007020231,-18.5111821036631,83.50300483703614,57.4703173828125,1.0,110.999999673762,0.0,1737.05859375,3768.61328125,146.682847671633,56.9899635314941,145.8740002776658,-0.12139999174915521,32.2755921,-1.1732089365387846,0.7572888163849709,1910.433173179626,744.6911811828614,812.5579953193667,927.6587963104248,-64.8413344,3.0,384.666748046875,7.38631820678711,18.2854423522949,-214.70100402832,44.8860019445419,20.7745790481567,-2.830799990664746,1.07520912619535,2.27849347739513,-0.11259994800806175,119.398750305176,215.003921508789,2.0,7.0,3.0,0.0,0.0,26050902.0,3.0,-49.41134859562135,93.14428008889355,33.6442377090454,36.70269927978516
2026-05-09 17:31:37+00:00,USA,USA,16.63999987110048,7.220000189531156,0.0,-2.5099999218596816,-12.64000015821804,-23.33000009141762,-0.19309949968692403,-9.438427531949994,4.99597550708749,4.528608457939872,-1.0197248315246885,3.872574593820938,5.11033925539917,-14.12809483872654,-39.96000056557318,-18.2154989456251,83.98461112976071,58.15322204589842,1.0,110.999999673762,0.0,1753.0546875,3784.609375,146.387906442893,58.0775482177734,144.8275989043662,0.8049999910961316,32.275471,-0.2493533752501426,0.7116711582057178,1910.4604482650764,649.3617177009583,867.0282959938049,806.6118240356446,-64.8412392,3.0,374.0517578125,7.38631820678711,18.2854423522949,-215.70100402832,45.000097155571,20.9796488285065,-3.29059995860827,-0.643010923855367,0.552246354244066,-1.61979991626906,120.398735046387,216.003982543945,2.0,7.0,3.0,0.0,0.0,26050902.0,3.0,-50.1103037099941,93.23643641626995,33.6094470977783,36.713889541625974
2026-05-09 17:31:38+00:00,USA,USA,16.66000003102812,7.220000189531156,0.0,-2.47999993810033,-12.65000006742712,-22.8500000097585,-0.1932458885167225,-9.45278330892489,4.996334262773644,5.50458315306628,-1.9580173196392798,3.8956596086872084,5.073214103675028,-13.083630507075219,-39.52999985920481,-18.2238420216962,82.8497611999512,57.77219696044924,1.0,110.999999673762,0.0,1769.20703125,3800.76171875,143.549020276647,58.1499687194824,143.637192554681,-0.7757999732329969,32.2753532,0.719167661167055,0.6660534883849323,1910.433197021482,588.7030243873598,711.5778088569639,785.1665616035463,-64.8411375,3.0,365.452270507812,7.38631820678711,18.2854423522949,-216.598999023438,44.7235584259033,20.6866919994354,-3.26019998189565,-0.0714687115768466,-1.17233740440069,-0.2639999915516558,121.398719787598,217.004043579102,2.0,7.0,3.0,0.0,0.0,26050902.0,3.0,-52.10795509126658,93.2466543792683,33.565690612793,31.30017448425292
2026-05-09 17:31:39+00:00,USA,USA,16.77000022761112,7.190000120394434,0.0,-2.48999993268678,-12.71000003494582,-23.010000606160656,-0.1939759250152275,-9.475635414340465,3.349342162799575,5.8755618042503945,-3.87820915837674,3.91548551341364,5.068878299589904,-10.020428634145699,-39.779999126224475,-18.26856780792875,80.5606533050537,56.66253181457519,1.0,110.999999673762,0.0,1785.22265625,3816.77734375,142.45927725495,56.9912544250488,145.48119883057421,-2.0889999960908363,32.2752385,1.5092788323844215,227.07907651783907,1910.4331731796283,639.1409754753114,693.3109641075138,845.8511114120483,-64.8410351,3.0,355.416961669922,7.38631820678711,18.2854423522949,-217.598999023438,44.8531270027161,20.7980155944824,-2.934200047386772,0.301820883420133,-1.17553734802684,3.109799899390886,122.398704528809,218.004104614258,2.0,7.0,3.0,0.0,0.0,26050902.0,3.0,-54.16262557474922,93.1813850915596,33.3804559707642,27.6683120727539
2026-05-09 17:31:40+00:00,USA,USA,16.77999962455604,7.280000157049862,0.0,-2.4899999326867817,-12.630000078254222,-23.309999589980517,-0.176297187637946,-9.476514801196105,0.030234814138222422,4.784195588096948,-4.00219459417222,3.9201021236510156,5.119281680570012,-8.27978241567936,-40.09999963600984,-19.87590000360855,79.96478576660155,55.94615592956543,1.0,110.999999673762,0.0,1800.9375,3832.4921875,146.608603515355,55.9870868682861,148.53799808417563,-0.3748000192947772,32.2751211,-0.30212453568804587,1144.3091034889221,1910.44228076935,778.1702399253847,837.6203775405884,956.015229225159,-64.8409424,3.0,343.848358154297,7.38631820678711,18.2854423522949,-218.598999023438,44.6829497814178,20.6456780433655,-3.034199993251282,0.0105567127002293,2.11539133477958,3.4145999085557377,123.39868927002,219.004165649414,2.0,7.0,3.0,0.0,0.0,26050902.0,3.0,-54.64251398281542,93.14120308867246,33.34245872497555,26.743088493347198
2026-05-09 17:31:41+00:00,USA,USA,16.750000409192957,7.210000109567341,0.0,-2.4799999381003297,-12.69000004577292,-23.46000010641884,-0.15905666959492298,-9.42846655481918,0.818379221774447,6.053860818948452,-1.016047468347725,4.006195633610652,5.284313394314774,-12.551098757490601,-40.200000435648,-20.6887019063502,80.90140113830566,56.524126739501945,1.0,110.999999673762,0.0,1816.48046875,3848.03515625,151.708541844063,56.2127700805664,151.2843980249078,1.210200003111787,32.2749974,-1.3759177239813138,1709.027910232544,1910.0513219833379,735.4690432548522,926.9342660903933,929.7177195549011,-64.8408618,3.0,335.470672607422,7.38631820678711,18.2854423522949,-219.598999023438,44.6075290441513,20.792156457901,-3.713800016374826,-1.26290678001212,2.33346774903386,-0.4111999063146877,124.39867401123,220.00422668457,2.0,7.0,3.0,0.0,0.0,26050902.0,3.0,-55.13845401845005,93.20398960261781,33.34109745025635,30.920172500610317
2026-05-09 17:31:42+00:00,USA,USA,16.70000035088338,7.200000200358249,0.0,-2.4399999597545277,-12.6199999982904,-23.21999989483454,-0.7970981505814294,-9.392430903645014,2.5156174536312403,4.4538377794541875,0.1513023504941225,4.972504074268928,4.2914149418402765,-12.939053502347301,-39.92000024571792,-22.5820038772947,79.71760368347165,56.62642799377439,1.0,110.999999673762,0.0,1832.1953125,3863.75,150.602583953276,56.8266929626465,145.8222028550762,0.8609999970656365,32.2748731,-1.9726914154460158,1913.90907764435,1909.369421005248,822.6063847541812,1027.4127483367909,1059.17102098465,-64.8407799,3.0,326.33935546875,7.38631820678711,18.2854423522949,-220.598999023438,44.7757720947266,20.8487942814827,-3.176000013817356,0.332981166909083,-1.26099080522822,-6.984199775890147,125.398658752441,221.004287719727,2.0,7.0,3.0,0.0,0.0,26050902.0,3.0,-60.14635349903582,93.30674638358605,33.31064643859865,25.36815364837646
2026-05-09 17:31:43+00:00,USA,USA,16.730000590774782,7.249999917158421,0.0,-2.4599999489274262,-12.52999979088024,-23.28000003310796,-1.2735466672742648,-9.40429707666744,2.2787432488753416,5.22742807843496,-0.282118722511555,5.226709627911638,4.045629389274259,-12.894039994396,-39.9999988363717,-22.7044734379813,78.4084590911865,55.69950874328613,1.0,110.999999673762,0.0,1847.9140625,3879.46875,143.51271099102,56.0921230316162,140.70979806509482,1.8891998873950364,32.2747578,-1.6671767550505698,1914.0458583831798,1909.4421386718743,930.0588250160215,1114.916276931762,1104.040074348452,-64.8406833,3.0,317.51904296875,7.38631820678711,18.2854423522949,-221.598999023438,44.8086470365524,20.8351239562035,-2.982599920439904,-0.0225341914592071,1.4741643175972,-5.9361994553054815,126.398643493652,222.004348754883,2.0,7.0,3.0,0.0,0.0,26050902.0,3.0,-60.142407015733376,93.16873899631135,33.2671714782715,25.683948783874502
2026-05-09 17:31:44+00:00,USA,USA,13.259999566445895,6.130000053900391,0.0,-1.9800000593673879,-10.739999991509231,-19.220000011197378,-1.3692459952000449,-9.333689569235615,2.04689397160314,1.647057066812462,11.78120077339779,5.2579422046840865,4.028015099801083,-8.875638087030932,-32.460000356866686,-26.07717730767765,76.9654220581055,52.291368484497085,1.0,110.999999673762,0.0,1863.34765625,3894.90234375,138.321671599162,54.5569725036621,123.2473949235816,-0.042800009059966615,32.2746565,-6.189710037200149,1914.128017425536,1909.2057943344098,1186.854720115662,1289.792490005492,1263.3576393127462,-64.8405751,3.0,306.026489257812,7.38631820678711,18.2854423522949,-222.70100402832,44.7293609380722,20.6866919994354,-1.4498000296437312,2.42638180052131,-2.88978815103528,-29.011598695882164,127.398628234863,223.004409790039,2.0,7.0,3.0,0.0,0.0,26050902.0,3.0,-58.91074495742382,92.78697240284265,33.1142469406128,25.532937583923342
2026-05-09 17:31:45+00:00,USA,USA,-6.400000078489287,-2.2600000358540626,0.0,0.4600000177810126,3.7199999284948326,6.220000005178454,-1.3728981186935951,-9.337645102538701,3.99105545209826,0.5341226500526778,14.7673470988095,5.30058170963464,3.9767988409323762,3.083437823793868,12.629999822122103,-18.51774975743695,78.234916305542,46.41466140747072,1.0,110.999999673762,0.0,1877.72265625,3909.27734375,112.438847324317,48.6490745544434,91.04699947027373,-2.032400054052282,32.2746025,-8.748336637082087,1913.5714769363422,1909.3330383300781,1372.351145744324,1335.5334043502821,1408.532905578614,-64.8404449,3.0,295.234802246094,7.38631820678711,18.2854423522949,-223.598999023438,44.443154335022,20.8116874098778,-1.350199991355124,-0.979385307399771,-1.58029958760538,-32.0765982746012,128.398635864258,224.004470825195,2.0,7.0,3.0,0.0,0.0,26050902.0,3.0,-26.067463924904217,92.4110866022494,32.877846908569296,37.11446548461914
2026-05-09 17:31:46+00:00,USA,USA,-16.970000119340177,-7.339999953813835,0.0,2.389999986822268,12.730000194873439,21.110000097942358,-1.330966466800975,-9.238180899637204,7.084055604763172,1.0046755128725997,12.24877119142792,5.506173391859788,3.780332547570462,12.950152388993839,38.07999919275416,-2.164169130737225,74.3106994628906,41.331821594238285,1.0,110.999999673762,0.0,1890.47265625,3922.02734375,81.0511228048733,43.0173076629639,62.45399779692175,-2.83619981015651,32.2746114,-7.119133151151514,1913.981986045838,1907.932829856874,1382.500910758972,1302.073907852174,1456.6665649414058,-64.8403168,3.0,283.280578613281,7.38631820678711,18.2854423522949,-224.70100402832,44.0235167741776,31.5007239580154,-1.04560001068342,0.326287394759486,-0.00020055473329168,-23.369199571592663,129.398696899414,225.004531860352,2.0,7.0,3.0,0.0,0.0,26050902.0,3.0,9.572324724825588,92.04639889680024,32.87219066619875,41.101954650878895
2026-05-09 17:31:47+00:00,USA,USA,-16.7300005907748,-8.72999996972682,0.0,-0.930000040820647,7.46999996881506,17.06999989444996,-1.337832941350955,-9.15658745981224,6.519864903847191,1.8249975392677762,6.110463962638185,5.776131325407933,3.515848797198666,13.721865922745419,33.799999802205846,12.36963395011221,68.37328605651855,38.8395524597168,1.0,110.999999673762,0.0,1901.8359375,3933.390625,55.4865614396889,39.2139198303223,47.309997867275186,-0.2893999896473519,32.2746621,-3.838224633333936,1913.845205307008,1206.1372041702284,1411.3430738449078,1320.3921556472778,1390.138077735902,-64.8402155,3.0,268.0146484375,7.38631820678711,18.2854423522949,-225.70100402832,56.9337248802185,34.6978634595871,-1.4502000225969998,0.345623873743203,3.08895262525144,-7.859599850110756,130.39875793457,226.004592895508,2.0,7.0,3.0,0.0,0.0,26050902.0,3.0,34.509656456970156,91.6926360789286,32.95396842956545,32.97766593933106
2026-05-09 17:31:48+00:00,USA,USA,-16.740000329229183,-11.189999833276879,0.0,-5.660000009516416,0.30999999226254077,7.280000071672494,-1.35536571678526,-9.15585492202375,7.7516093513136095,3.53358184658604,4.77972604037014,5.908937779761757,3.3608438865328436,13.48459146890416,23.999999984841924,17.85300543844685,67.2872257232666,39.21923583984376,1.0,110.999999673762,0.0,1912.625,3944.1796875,46.1166688796445,38.966219329834,42.19379959022858,1.298600003921112,32.2747284,-1.2157290092284005,1913.7722015380882,551.7752587795258,617.0013308525085,956.9841146469105,903.5020112991339,-64.8401306,3.0,260.362457275391,7.38631820678711,18.2854423522949,-226.70100402832,71.8377113342285,34.5728695392609,-4.357999894737788,-3.61139123354478,0.958439251649458,-4.458799997263566,131.398818969727,227.004653930664,2.0,7.0,3.0,0.0,0.0,26050902.0,3.0,41.460081545056134,91.40743128485096,33.04919757843015,29.401861953735363
2026-05-09 17:31:49+00:00,USA,USA,-16.7500007507024,-11.87999988662882,0.0,-7.04999994005203,-1.6799999549695912,3.799999986572061,-1.357995499698275,-9.156880731059726,7.753403983518029,4.58792199144699,3.2377949337056,5.3845024510419295,2.77767887741389,13.69478131985592,20.560000139555477,20.477739561003297,67.0744033813476,39.34471549987794,1.0,110.999999673762,0.0,1923.52734375,3955.08203125,39.3500312047641,39.2965301513672,37.52559956801342,0.39419999769343395,32.2748035,0.7955711497346826,1913.799571990968,175.7421389222143,313.82994651794445,646.6304898262026,456.08296394348145,-64.8400552,3.0,253.635955810547,7.38631820678711,18.2854423522949,-227.70100402832,71.6133892536163,34.6783339977264,-3.5917998604389725,1.02645929132462,-0.792403969672206,-4.135799924526844,132.398880004883,228.00471496582,2.0,7.0,3.0,0.0,0.0,26050902.0,3.0,45.04601487063964,91.1535326628341,32.9916275024414,28.32934879302976
2026-05-09 17:31:50+00:00,USA,USA,-16.69000027091954,-8.369999823105113,0.0,0.6800000267489823,9.9200000085334,19.469999961236,-1.3311124087336301,-8.124589418679271,6.211569716129317,5.000958727728564,-0.13134096256219996,4.922260178205937,2.31347702330502,13.622301913704721,36.15000015219176,24.3134798837814,64.82033500671386,39.4665209197998,1.0,110.999999673762,0.0,1934.46484375,3966.01953125,33.5198636915113,39.5387580871582,34.67620037459716,-1.121799980958121,32.2748848,2.2905160190608718,1913.7265920639043,0.700084771960974,568.2772457599638,638.1654739379884,586.9165003299714,-64.8399889,3.0,248.847534179688,7.38631820678711,18.2854423522949,-228.70100402832,72.3134338855744,34.8404347896576,-0.6657999940954167,3.03860666054904,-1.92681984363587,-1.089000003837203,133.398941040039,229.004776000977,2.0,7.0,3.0,0.0,0.0,26050902.0,3.0,53.472174045893134,90.92621713706694,31.9014009475708,25.04359828948974
2026-05-09 17:31:51+00:00,USA,USA,-16.6499999510643,-7.170000131221532,0.0,2.430000007856754,12.770000002464519,23.43999994649122,-1.278953082167445,-1.738066672128282,3.55929900291502,4.991971906328122,-2.65517051271511,4.960010804503328,2.38799861332941,12.882632041689499,40.09000023906494,26.0934254739394,63.71391563415525,39.73658203124998,1.0,110.999999673762,0.0,1945.42578125,3976.98046875,32.234930938808,39.5397331237793,35.70840041857482,-0.3355999908369345,32.2749682,2.691683850244348,1913.9090776443477,0.5909806583076718,995.9416866302485,877.838945388794,857.3080658912661,-64.8399258,3.0,244.006484985352,7.38631820678711,18.2854423522949,-229.70100402832,72.2747564315796,34.4244360923767,0.7348000004978288,1.0380384896802,0.633321820270028,2.2703999593607618,134.399002075195,230.004837036133,2.0,7.0,3.0,0.0,0.0,26050902.0,3.0,55.819591901353895,90.89615064434051,31.563246917724598,21.7792127609253
2026-05-09 17:31:52+00:00,USA,USA,-16.67000011099194,-7.200000200358252,0.0,2.4199999705816237,12.67000022735476,23.14000027965242,-1.2812905543283248,-0.24668598227399002,1.994853757132778,4.991253114295341,-3.278247796282055,5.619153685355086,3.03349093423807,9.270114083063778,39.83000089208142,25.3173674276115,65.29238319396975,40.517488861084,1.0,110.999999673762,0.0,1956.484375,3988.0390625,33.9178178333129,40.337491607666,38.42479943639692,0.9923999767311361,32.2750514,3.177833578100046,1913.9272928237901,0.7546368287876247,1058.323538303374,989.731597900389,892.7484393119812,-64.8398587,3.0,238.237594604492,7.38631820678711,18.2854423522949,-230.70100402832,72.0523655414581,34.9771499633789,0.07699999086579343,-0.488388194290119,1.50265655844161,3.1928000166754225,135.399063110352,231.004898071289,2.0,7.0,3.0,0.0,0.0,26050902.0,3.0,53.6709885582917,90.9132397776439,31.73237113952635,24.31085346221924
2026-05-09 17:31:53+00:00,USA,USA,-16.7500007507024,-7.180000125807986,0.0,2.4499999543409756,12.77000017321926,23.37999980821778,-1.2896184759172749,-0.2475652624079235,4.508948099923449,4.991612382245685,-1.945934341471565,5.656361140858729,3.1974384408294583,6.362932940684418,40.11999979593746,23.984120478040552,66.17441024780271,40.95682319641114,1.0,110.999999673762,0.0,1967.75390625,3999.30859375,37.7439190516248,40.8872406005859,41.00160031588665,1.1669999850902963,32.2751326,2.669500804546664,1913.89994621277,0.7182687870226799,869.7106122970581,896.1848378181458,803.2265186309814,-64.8397854,3.0,232.874771118164,7.38631820678711,18.2854423522949,-231.70100402832,72.1664607524872,34.961524605751,-0.8193999828737348,-0.971009681208337,0.801859192639325,1.605199938686992,136.399124145508,232.004959106445,2.0,7.0,3.0,0.0,0.0,26050902.0,3.0,51.75370664694494,90.96302161140954,31.81839752197265,25.3170754623413
2026-05-09 17:31:54+00:00,USA,USA,-16.67000011099194,-7.170000045844171,0.0,2.4199999705816237,12.53999987084406,23.42999952501796,-1.286404178221695,-0.24756526240792348,2.54576471334457,4.991252687408522,-3.3491706663544702,5.673199691596928,3.2383576345715,9.711092781730397,40.09999963600982,23.6159655978141,67.17067794799806,41.51621475219726,1.0,110.999999673762,0.0,1979.14453125,4010.69921875,38.3343376789536,41.534956741333,42.85879841914262,0.907000008448693,32.2752132,3.455883194069222,1913.8451814651478,0.6273487000726168,1066.4223313331593,981.9679021835324,913.9477610588077,-64.8397085,3.0,226.112518310547,7.38631820678711,18.2854423522949,-232.70100402832,72.2322165966034,34.9634766578674,0.105400002812071,1.2301078914526,-0.984087038869679,2.677599850765392,137.399185180664,233.005020141602,2.0,7.0,3.0,0.0,0.0,26050902.0,3.0,49.78473044886492,91.01881401164479,31.57550868988035,26.13655632019042
2026-05-09 17:31:56+00:00,USA,USA,-16.7500007507024,-10.3499999465055,0.0,-4.349999992983729,2.25000006261195,8.624999813125669,-1.29575444039118,-0.24712563568117,5.30301458032832,4.99143266289315,-1.35437966158469,6.61927420910323,4.1740775852960645,7.7865774439205,25.375000563828053,19.8889832309638,69.8700393676758,42.4597469329834,1.0,110.999999673762,0.0,1979.14453125,4010.69921875,38.3343376789536,41.534956741333,45.88233305777533,0.864333278790992,32.2753844,2.567571486766793,1913.8725598653134,0.6667473935522139,585.696280002594,711.6785248120626,644.6311473846437,-64.8395263,3.0,226.112518310547,7.38631820678711,18.2854423522949,-232.70100402832,72.2322165966034,34.9634766578674,-2.600000015433347,1.2301078914526,-0.984087038869679,1.0679999682481045,137.399185180664,233.005020141602,2.0,7.0,3.0,0.0,0.0,26050902.0,3.0,43.02367918570673,90.9697391024582,31.9889122009277,26.13655632019042
2026-05-09 17:31:57+00:00,USA,USA,-16.76000048915676,-10.5100002013982,0.0,-4.27999981743516,2.439999959754526,9.409999943114947,-1.292686458154225,-0.24712563568117,4.010076888606513,4.990174542048035,-1.738416652622175,6.553414622295568,4.239656451328837,9.843844338438762,26.160000181553198,19.53785942743265,69.98346290588381,42.27461540222168,1.0,110.999999673762,0.0,2013.99609375,4045.55078125,43.5301274673794,42.5744728088379,47.15160031627122,-0.8184000191668626,32.2754458,3.03221351810855,1913.8269424438477,0.6728087435476484,793.2174444198611,810.1507425308225,779.497289657593,-64.8394564,3.0,206.539352416992,7.38631820678711,18.2854423522949,-235.598999023438,51.7897546291351,27.7782112360001,-1.0459999769562618,2.36408727363962,-2.53892837700431,1.6373999904110281,140.399368286133,236.00520324707,2.0,7.0,3.0,0.0,0.0,26050902.0,3.0,41.6919555390754,90.91723885340289,31.763299369812,33.639369735717764
2026-05-09 17:31:58+00:00,USA,USA,-16.7400006707386,-9.369999964769141,0.0,-1.9800000166787057,6.019999985383382,14.350000171652141,-1.270186854532855,-0.248444075634394,2.934453916980484,4.989814932588234,-1.584486973814275,6.540378267113586,4.248327888744354,11.397570477436682,31.100000068580943,18.94028959204285,69.36394729614256,41.64938827514648,1.0,110.999999673762,0.0,2025.72265625,4057.27734375,45.2580048179471,41.7979866027832,48.47959877772924,-1.517199930830934,32.2755198,2.492630323913516,1913.8908147811878,0.654624728485942,1093.281507492068,1010.2748036384576,1102.8161764144882,-64.8393681,3.0,199.77668762207,7.38631820678711,18.2854423522949,-236.598999023438,52.234536409378,27.9481261968613,-0.8751999816944359,0.203910708637382,-0.876741064470261,1.410399944678295,141.399429321289,237.005264282227,2.0,7.0,3.0,0.0,0.0,26050902.0,3.0,40.66441026901708,90.85298726388065,31.61584224700925,34.23847549438476
2026-05-09 17:31:59+00:00,USA,USA,-16.7999994429742,-9.279999928113716,0.0,-1.8200000819511502,6.220000047867134,14.51000059729958,-1.2809987238238651,-0.2472720178408625,4.74725775431079,4.9908937609676345,-1.0691080063583804,6.575956637122817,4.213099736684816,8.888644261314514,31.31999977872814,18.533247029776852,69.6663082122803,41.612868347167954,1.0,110.999999673762,0.0,2037.28515625,4068.83984375,47.4530022209466,41.6846111297607,49.79019801529554,-0.7521999927858009,32.2755907,1.967264467296642,1914.0824079513543,0.7455448154360058,945.8649516105655,948.0972647666943,985.3349447250366,-64.8392773,3.0,191.359436035156,7.38631820678711,18.2854423522949,-237.598999023438,51.9618630409241,27.7879774570465,-2.0489999750563497,-1.10171314166105,1.21757428088221,0.3982000086014245,142.399490356445,238.005325317383,2.0,7.0,3.0,0.0,0.0,26050902.0,3.0,40.12978882305595,90.80954384566475,32.0308319091797,33.44168518066406
2026-05-09 17:32:00+00:00,USA,USA,-16.60999963120902,-8.959999930592556,0.0,-0.9300000088041355,7.520000027124693,15.790000075120043,-1.29195594807815,-0.2490301112012665,5.288837540866263,4.98981527409769,-0.378259651515648,6.581117015795492,4.216893650636665,10.196703863792681,32.3800000586656,18.5176767597902,69.8039291381836,41.443344497680656,1.0,110.999999673762,0.0,2048.83984375,4080.39453125,47.4824744872152,41.5721866607666,49.22280054056422,-0.5966000018885419,32.2756607,2.072145842639254,1913.982033729554,0.6091646617278458,852.4292707443241,887.774729728699,934.1768622398376,-64.839186,3.0,184.114852905273,7.38631820678711,18.2854423522949,-238.598999023438,52.0063400268555,27.8016477823257,-1.8160000030080738,0.435686054447904,-0.215260161840842,-0.968599969124817,143.399551391602,239.005386352539,2.0,7.0,3.0,0.0,0.0,26050902.0,3.0,39.82431066148386,90.7727052203763,32.1731340408325,33.289875411987296
2026-05-09 17:32:01+00:00,USA,USA,-16.62999979113666,-7.720000260363167,0.0,1.1600000176946428,10.810000038991735,20.8699998863581,-1.286988266117435,-0.2485904711343,5.383587461825244,4.9908937609676345,-0.19543458061458202,6.437989889473688,4.068121372965844,9.391039679488449,37.4899999390404,18.21716978065075,69.41242446899415,41.34004005432128,1.0,110.999999673762,0.0,2060.34375,4091.8984375,47.3086837388788,41.2278579711914,48.2157997965104,1.0393999971777879,32.2757309,1.283746733042544,1913.7904644012463,0.6182566867209972,871.183705329895,936.4696502685547,932.8340053558346,-64.8390958,3.0,175.7841796875,7.38631820678711,18.2854423522949,-239.70100402832,51.8864452838898,28.0184358358383,-2.144999927355146,-0.567546244789159,2.30991725677566,-1.1459999815177095,144.399612426758,240.005447387695,2.0,7.0,3.0,0.0,0.0,26050902.0,3.0,40.10250973052984,90.71081004611764,32.2209434509277,32.008642272949224
2026-05-09 17:32:02+00:00,USA,USA,-16.7000003508834,-9.119999843975773,0.0,-1.400000010499426,6.920000095805529,14.790000104210742,-1.306127576749725,-0.249322888860865,5.87097345392071,4.9908937609676345,0.8326950021220625,6.0333250868125265,3.5711300431519057,9.27087684443932,31.499999852038957,18.3346328126757,70.0689811706543,42.08802017211916,1.0,110.999999673762,0.0,2071.84375,4103.3984375,45.9481305467798,41.8607425689697,46.71359804329016,0.9953999879136759,32.275803,1.310506176238868,1913.7539386749281,0.5818886449560524,747.202467918396,867.1785831451418,803.9612531661987,-64.8390063,3.0,168.655456542969,7.38631820678711,18.2854423522949,-240.598999023438,75.3882169723511,27.6883721351624,-2.2265999625815383,0.206689061505057,-0.73628489429556,-1.797199971350634,145.399673461914,241.005508422852,2.0,7.0,3.0,0.0,0.0,26050902.0,3.0,40.82716069957908,90.62723585143335,32.31638202667235,31.610979080200195
2026-05-09 17:32:03+00:00,USA,USA,-16.740000670738603,-8.989999999729275,0.0,-1.1000000234955105,7.310000055431845,15.859999781093103,-1.30831953386477,-0.2482976934747015,5.04837475472044,4.99017488355749,2.392490401859705,5.970044579435464,3.639419170936022,10.698718157410923,32.5999997688128,18.432845810298602,69.6267059326172,42.43414031982424,1.0,110.999999673762,0.0,2083.55078125,4115.10546875,44.619102092795,42.2852714538574,44.10619996537556,0.43199998811583323,32.2758782,0.7998031136000808,1913.744831085204,0.6546247168444098,844.6240305900574,909.3398451805117,871.7707633972168,-64.838918,3.0,160.531600952148,7.38631820678711,18.2854423522949,-241.70100402832,91.4524972438812,42.1565562486649,-1.8885999833425005,0.433646736052553,-0.553346334865555,-3.8229999282305642,146.39973449707,242.005569458008,2.0,7.0,3.0,0.0,0.0,26050902.0,3.0,42.4525927258047,90.52303448545564,31.93027954101565,29.863804092407218
2026-05-09 17:32:04+00:00,USA,USA,-16.77000022761112,-8.100000054648307,0.0,0.5600000170063757,9.91000001394695,19.6200001361649,-1.960825381161805,-0.248883235453685,6.373792514577913,4.990893419458178,5.150104574058305,5.9925863381306215,3.6247858321487256,11.16067783117,36.39000070528548,19.756812240334803,69.49400482177735,43.59288619995118,1.0,110.999999673762,0.0,2095.34765625,4126.90234375,40.6792338285728,42.9139400482178,38.03819843503368,-0.19459999753206178,32.2759592,0.21153515400897707,1913.744831085204,0.49096853472292395,628.4543573856354,796.392238140106,749.9304890632628,-64.8388343,3.0,151.864776611328,7.38631820678711,18.2854423522949,-242.70100402832,91.2610471248627,54.5974791049957,-3.2159999494744738,-1.35203840080326,-0.310346533649469,-8.970399747377552,147.399795532227,243.005630493164,2.0,7.0,3.0,0.0,0.0,26050902.0,3.0,47.245460092826626,90.39072689104336,32.0983137130737,28.07731624603274
2026-05-09 17:32:05+00:00,USA,USA,-16.68000019095574,-8.890000053864764,0.0,-1.1500000177721046,7.33999995381384,15.49999963447138,-2.5465607932366803,-0.24815129797479601,7.749097207736879,4.990893931722367,7.41230612929225,5.552886677763432,3.2909292164149475,13.10655501249596,32.179999825427096,21.8810693741005,70.5596752166748,46.691103515625,1.0,110.999999673762,0.0,2107.51953125,4139.07421875,31.4021430487813,45.1142852783203,25.70540020737954,-2.29020001609005,32.2760541,0.25757141617081947,1913.72661590576,0.6637167301960292,267.4037903547288,535.3500545024872,558.6415529251097,-64.8387633,3.0,146.827667236328,7.38631820678711,18.2854423522949,-243.70100402832,91.4563655853272,66.1165595054626,-4.840000111917972,-1.52883912812951,-1.43270517605693,-14.569799415747221,148.399856567383,244.00569152832,2.0,7.0,3.0,0.0,0.0,26050902.0,3.0,54.930409188407125,90.25298246605169,32.5596279144287,26.83942897796632
2026-05-09 17:32:06+00:00,USA,USA,-16.7300005907748,-7.510000032538235,0.0,1.8899999480067713,11.970000094038983,22.25999973151634,-2.529612639306645,-0.25005530658742947,7.744431164005386,4.990893419458178,6.12149429126093,4.415206314885962,2.4031740556933903,16.486759112919877,38.98000024232732,25.4888504257821,69.96080017089841,50.34130966186524,1.0,110.999999673762,0.0,2120.59375,4152.1484375,16.1439546505526,49.3085597991943,11.769800163144621,-5.586999886818331,32.2761693,0.425257126649619,1913.8177871704102,0.6000726600177586,57.21067860722542,295.9551125764848,519.480550289154,-64.8387184,4.0,143.293884277344,7.38631820678711,18.2854423522949,-244.70100402832,91.5975332260132,79.4109582901001,-4.95439988947753,0.515507300307096,-3.82265538787562,-12.36519979130304,149.399917602539,245.005752563477,2.0,7.0,3.0,0.0,0.0,26050902.0,3.0,68.0431354475729,90.1195103243859,32.74560928344725,18.29536880493164
2026-05-09 17:32:07+00:00,USA,USA,-16.71000043084718,-7.240000178704056,0.0,2.4599999916161077,12.880000199047581,23.48000026634644,-2.51909297404606,-0.2490301112012665,7.744790602710458,4.991253285050073,6.568050565092484,3.89620286485832,2.0975001665129165,20.06418236430698,40.18999967266528,29.238696850879002,65.70335083007811,52.65821708679198,1.0,110.999999673762,0.0,11.3046875,4166.20703125,4.32699612930254,51.8462471008301,214.48279939913792,-7.011199855188669,32.2762973,-0.5608682834602721,1913.8543128967299,0.5364286014810206,177.34056711196885,323.4275996685028,636.055064201355,-64.8387033,4.0,142.065017700195,7.38631820678711,18.2854423522949,-245.70100402832,91.1237478256226,96.9805896282196,-3.739599775304078,1.84414936835615,-2.09654897729363,-15.9577995522712,0.900000095367432,246.005813598633,2.0,7.0,4.0,0.0,0.0,26050902.0,3.0,83.89437892615005,89.99016703207334,32.73139572143555,5.79836022377014
2026-05-09 17:32:08+00:00,USA,USA,-16.766666981459668,-7.5666668392828536,0.0,1.5666666545306922,11.56666666600178,21.7666665514149,-2.54334686906707,-0.2490301112012665,7.743833693207737,4.989336364000383,6.00591639144691,3.827129019486373,2.1967717580798136,22.641644519944833,38.5333329636922,30.666012580794,60.8969764709473,55.74255981445314,1.0,110.999999673762,0.0,26.0078125,4180.91015625,349.796718265911,54.8641914367676,345.86567119100164,-5.777333438701857,32.2764043,-1.7295115089005602,1913.61407438914,0.5606739626576506,422.55730430285166,470.088352759679,776.4534751574197,-64.8387167,4.0,141.341247558594,7.38631820678711,18.2854423522949,-246.70100402832,91.336464881897,97.5157201290131,-4.0796665840155235,-1.17838788478826,2.7459791583909,-12.935666240783165,1.90000033378601,247.005874633789,2.0,7.0,4.0,0.0,0.0,26050902.0,3.0,95.7426639108145,89.8956781950954,32.5449886322022,-11.281413745880135
2026-05-09 17:32:10+00:00,USA,USA,-16.76000014764732,-11.37999998655152,0.0,-6.260000026212938,-0.25999999264985957,4.949999881614206,-2.549775037571405,-0.250348097587241,4.99597533633276,4.989815530229785,3.0581207244511797,3.13439980752638,1.98612415638761,16.776294246931297,21.69999969316562,28.74555804657775,60.5688766479492,64.51713638305662,1.0,110.999999673762,0.0,58.6953125,4213.59765625,328.664194936161,62.7863708496094,324.3354068213528,-0.2333999963510486,32.276704,-1.4202068476824778,1913.699197769168,0.5364285898394882,787.1685147285461,993.8409090042117,1001.1039733886724,-64.8388746,4.0,149.514831542969,7.38631820678711,18.2854423522949,-248.70100402832,91.3828790187836,82.8444182872772,-3.03299988632543,-0.00841874592938626,2.40661950193152,-6.83379977876275,3.89999842643738,249.005996704102,2.0,7.0,4.0,0.0,0.0,26050902.0,3.0,110.2464412950884,89.62568423229935,32.65973052978515,-23.35403491973878
2026-05-09 17:32:11+00:00,USA,USA,-16.69000027091958,-11.72999988245466,0.0,-6.750000102458496,-1.229999995808056,4.380000019431766,-2.537356366278145,-0.24990892442773752,3.53919993331047,4.988736787227746,2.44082263469571,3.0428749311387495,2.081240773127656,15.549868894658399,21.07000011959658,27.49117758380565,59.1606594085693,68.34204299926759,1.0,110.999999673762,0.0,76.73046875,4231.6328125,321.67311383006,67.0304992675781,318.53260377799063,0.1561999990034608,32.2768361,-1.240154928966962,1913.7630701065077,0.6000726600177588,984.0493679046624,1148.69301319122,1076.067543029784,-64.8389933,4.0,161.426788330078,7.38631820678711,18.2854423522949,-249.70100402832,91.4292871952057,71.3331520557404,-2.3773999953508875,0.614851227846168,0.352823800262896,-4.805399824997886,4.89999771118164,250.006057739258,2.0,7.0,4.0,0.0,0.0,26050902.0,3.0,119.2640204034032,89.44502914384714,32.59634456634525,-37.801915740966805
2026-05-09 17:32:12+00:00,USA,USA,-16.720000510810998,-11.369999906587719,0.0,-6.149999915007247,-0.45000001785847665,5.239999938064697,-2.531073552737085,-0.25064135549451505,2.817452136167932,4.989096396687546,1.7799186429273202,2.983668802356328,2.14085807929811,15.536135774803721,21.950000326223183,25.30559645035065,57.184074783325144,71.13524139404296,1.0,110.999999673762,0.0,95.80078125,4250.703125,316.974408133955,70.2075805664062,314.02118733307844,0.49299999404660716,32.2769649,-1.4071694252834361,1913.717460632326,0.6364407134242358,1130.2269458770759,1267.207193374634,1232.8615665435802,-64.8391316,4.0,175.482711791992,7.38631820678711,18.2854423522949,-250.70100402832,91.2127017974854,58.2125723361969,-2.1069999778087136,0.343456275857503,0.315358932004907,-3.5415997416196974,5.89999675750732,251.006118774414,2.0,7.0,4.0,0.0,0.0,26050902.0,3.0,126.71913090133698,89.1202604790022,32.500306892395,-48.78403472900392
2026-05-09 17:32:13+00:00,USA,USA,-16.779999966065482,-11.89000013734736,0.0,-7.210000280322068,-1.880000028125514,3.310000001039954,-2.50740481282888,-0.2507877376542075,2.4029228541423224,4.989096396687546,0.07092476104763865,2.91767299596341,2.2029145313985437,13.39113125841522,20.09000013786018,25.1141667384827,58.10888328552245,73.26602325439453,1.0,110.999999673762,0.0,115.62109375,4270.5234375,313.34492757128,72.5846031188965,313.002587561776,1.639399997866056,32.2770906,-0.3356312803070481,1913.753962516784,0.6728087319061162,1143.591380119322,1314.5252466201782,1209.2899799346942,-64.8392841,4.0,190.135147094727,7.38631820678711,18.2854423522949,-251.70100402832,91.4969742298126,45.4142421483994,-2.0778000013002385,-0.241545184366285,1.32397838286726,0.6183999540150698,6.89999580383301,252.00617980957,2.0,7.0,4.0,0.0,0.0,26050902.0,3.0,129.1455556039838,88.86990672516455,32.4762845993042,-53.31249206542968
2026-05-09 17:32:14+00:00,USA,USA,-16.80999952293802,-11.880000228138261,0.0,-7.1199999875345465,-1.8199999965737839,3.4900000316621194,-2.46503448136464,-0.2502021823350115,1.492393473506074,4.989815530229784,0.311012263650134,2.8467887804928282,2.272016152873114,13.112658469538278,20.29000002958922,24.7221625452218,57.9560085296631,74.20981887817383,1.0,110.999999673762,0.0,136.015625,4290.91796875,313.485410902129,74.0007682800293,313.2145966336132,1.3183999966173812,32.2772173,-0.10680299926908114,1912.5952243804938,0.6455327151343226,1278.36208343506,1392.474603652954,1279.266023635864,-64.8394419,4.0,202.857452392578,7.38631820678711,18.2854423522949,-252.70100402832,68.2543337345123,41.0023033618927,-1.777399935965684,0.824537875283,-0.91840580537672,-0.42499998203355904,7.89999485015869,253.006240844727,2.0,7.0,4.0,0.0,0.0,26050902.0,3.0,132.04057772898017,88.6965052976108,32.466331672668446,-58.2226089477539
2026-05-09 17:32:15+00:00,USA,USA,-18.13000017438742,-13.78999996254672,0.0,-9.540000043493546,-4.8000000055061225,0.06999996210515783,-2.4761385546860852,-0.2507877376542075,1.8032008901780419,4.98981527409769,0.22117614619870501,2.809038068818074,2.312935175860428,12.921160968042837,18.200000051115204,23.3600571926339,56.792101478576654,74.47966781616209,1.0,110.999999673762,0.0,156.64453125,4311.546875,313.435659804214,74.6116149902344,312.655799733085,0.9818000140591225,32.277345,-0.5247389146201764,1912.6590967178358,0.6455327151343229,1117.7068948745725,1265.020847320558,1196.579790115356,-64.8396009,4.0,222.283187866211,7.38631820678711,18.2854423522949,-253.70100402832,67.3628449440002,38.295379281044,-2.5759999971208343,-0.476385097319174,0.131637688924914,-0.4147999816323254,8.89999771118164,254.006301879883,2.0,7.0,4.0,0.0,0.0,26050902.0,3.0,133.9591396177776,88.6087032158303,32.2758562088013,-61.1634910583496
2026-05-09 17:32:16+00:00,USA,USA,-18.7500000095021,-15.04999979270374,0.0,-11.309999939069035,-7.109999928915069,-2.2899999395721373,-2.49177115014895,-0.25078821790188355,2.162818695616608,4.9898152740976895,0.3934936547476345,2.803606403569304,2.3151032913464,12.41495054770796,16.44000015012616,23.242622335139302,56.2615270614624,74.30160690307616,1.0,110.999999673762,0.0,177.33984375,4332.2421875,313.070080759079,74.6947402954101,312.270604384653,-0.1877999945965292,32.2774719,-0.329714122010422,1912.65001296997,0.5727966316044331,941.0977721214306,1091.697216033934,1053.7526845932,-64.8397611,4.0,228.827377319336,7.38631820678711,18.2854423522949,-254.70100402832,67.6683902740478,40.467169880867,-1.9287999154762558,1.23840753178952,-1.41655433999079,-1.0817999225710362,9.90000152587891,255.006362915039,2.0,7.0,4.0,0.0,0.0,26050902.0,3.0,135.60234379622338,88.55817689144516,32.10995750427245,-59.197434082031236
2026-05-09 17:32:17+00:00,USA,USA,-18.779999907884058,-12.81000015156506,0.0,-6.899999850500533,-0.25999999798594536,6.170000074934878,-2.48081349900784,-0.2510809955614815,1.454350173602746,4.989456006147346,0.019437784562930494,2.804421287825968,2.315916041168952,12.073535004308441,24.939999988232522,23.17311320750335,54.165921020507795,73.48720550537108,1.0,110.999999673762,0.0,197.94140625,4352.84375,311.528261176596,73.4910163879394,311.04179324730273,-0.8639999975760068,32.2775951,-0.13847056147881598,1912.6499414444002,0.6546247401274743,1123.026943206786,1189.905452728272,1201.8667936325078,-64.8399226,4.0,210.795806884766,7.38631820678711,18.2854423522949,-255.70100402832,67.6683902740478,40.3753757476807,-2.085400016822734,-1.05433532103985,-0.395476730804039,-0.3005999888152088,10.9000053405762,256.006408691406,2.0,7.0,4.0,0.0,0.0,26050902.0,3.0,137.91728615123742,88.552104853273,32.0159059524536,-63.503933258056634
2026-05-09 17:32:18+00:00,USA,USA,-18.769999827920255,-13.179999695131638,0.0,-7.529999765579045,-1.279999990084652,4.999999897235144,-2.46868713846672,-0.25166655088067846,1.8803647388828502,4.989096140555452,-0.4003238705980735,2.8147414475297623,2.283397595907882,11.615771457265941,23.769999853221456,22.723111316678953,53.98853645324705,73.68540573120119,1.0,110.999999673762,0.0,218.359375,4373.26171875,311.239808627569,73.6318611145019,311.48500695462064,-0.7856000020253038,32.2777163,0.18966708742074595,1912.686491012574,0.6455327151343228,907.7547550201416,1046.3627219200139,1047.058248519896,-64.8400853,4.0,200.076797485352,7.38631820678711,18.2854423522949,-256.598999023438,68.0261433124542,40.6585693359375,-2.335199927696058,0.1194178134891,0.309480140161509,0.4297999948563428,11.9000091552734,257.006469726562,2.0,7.0,4.0,0.0,0.0,26050902.0,3.0,139.42239210089264,88.57947342127724,31.640659332275398,-61.58325942993164
2026-05-09 17:32:19+00:00,USA,USA,-18.749999667992636,-10.589999987335093,0.0,-2.0199999843523417,7.339999996502525,16.89000016264854,-2.4571451859864553,-0.252106657855108,1.7120403190052698,4.989456006147345,0.34043311673697896,2.818000301537506,2.280687846420728,12.83990767163852,35.6500009351334,22.047341791708,53.55055103302,74.0688752746582,1.0,110.999999673762,0.0,238.8359375,4393.73828125,311.31056938737,73.9626594543457,311.01440145665543,-1.8863999794108401,32.277838,0.02359112121159479,1912.649965286256,0.6364407134242358,909.3567371368408,996.1529374122638,1052.73082256317,-64.8402487,4.0,187.917663574219,7.38631820678711,18.2854423522949,-257.598999023438,67.9990708827972,37.7758681774139,-2.160800054551752,0.0536904328635509,-1.75489373694289,-1.5101999741074483,12.9000129699707,258.006530761719,2.0,7.0,4.0,0.0,0.0,26050902.0,3.0,140.8262801112,88.67205663547679,31.491358566284198,-64.62507843017576
2026-05-09 17:32:20+00:00,USA,USA,-18.779999907884058,-10.579999907371253,0.0,-2.530000081787312,6.22000000517845,15.31999990267002,-2.473947024457865,-0.251667031128354,2.261875157568986,4.989096396687546,-0.06829834320341,2.8003473788068343,2.2953209290759284,11.37735260522924,34.100000152063544,21.3776408898146,53.690896224975546,73.81575164794921,1.0,110.999999673762,0.0,259.4140625,4414.31640625,310.164518286155,74.031591796875,309.2589991267514,-0.5981999950459598,32.2779581,-0.5097171728568618,1912.6043558120741,0.5818886333145199,794.9924349784851,909.0998411178587,965.4548525810239,-64.8404142,4.0,173.462966918945,7.38631820678711,18.2854423522949,-258.598999023438,67.9410576820374,37.7192288637161,-2.5972000078422264,-0.605078934691172,2.24502362947136,-0.700800052521234,13.900016784668,259.006591796875,2.0,7.0,4.0,0.0,0.0,26050902.0,3.0,139.3517706769506,88.74056684794661,31.3191598892212,-59.16352752685545
2026-05-09 17:32:21+00:00,USA,USA,-18.76999982792026,-12.280000182351078,0.0,-5.6999999024848576,1.42999999425878,8.599999954725591,-2.475700355362145,-0.2525458310146115,2.505209376586224,4.9898152740976895,-0.6477689910457141,2.794372286632224,2.299927934359784,10.442752037132262,27.350000134982423,22.0124506241066,54.07627086639405,72.84655838012694,1.0,110.999999673762,0.0,279.90234375,4434.8046875,310.107827716044,73.4407264709472,310.2172036333368,0.7367999866085142,32.2780765,-0.4868579651117718,1912.6773834228502,0.6182566750794651,656.9541454315186,809.2175006866455,771.9205617904663,-64.8405793,4.0,161.3447265625,7.38631820678711,18.2854423522949,-259.598999023438,67.8753077983856,37.6215785741806,-1.7899999701257479,0.923534103504636,0.894410016801144,1.2115999677760572,14.9000205993652,260.006652832031,2.0,7.0,4.0,0.0,0.0,26050902.0,3.0,137.4713321720246,88.7179794123613,31.1067306518555,-49.51376312255858
2026-05-09 17:32:22+00:00,USA,USA,-18.78999998784788,-12.19000014569564,0.0,-5.439999957859767,1.89000000136762,9.460000001424577,-2.486803468188235,-0.25166655088067846,1.9223556533386918,4.989096396687546,-0.10507202083003632,2.8141981913586536,2.310767231129182,10.72122482600923,28.250000501536636,22.75001030917775,53.0962526321411,71.3642170715332,1.0,110.999999673762,0.0,300.09375,4454.99609375,310.793660670983,71.804972076416,310.3323988718024,0.8769999820006579,32.2781943,-0.46520142027738887,1912.586164474486,0.5364285956602544,918.7957048416135,984.563887119293,960.9756946563724,-64.8407395,4.0,147.197387695312,7.38631820678711,18.2854423522949,-260.598999023438,68.1731164455414,37.7016514539719,-1.3826000182114542,-0.0510536229932222,-0.0926768424860262,0.12919999174209326,15.9000244140625,261.006713867188,2.0,7.0,4.0,0.0,0.0,26050902.0,3.0,136.8116643057578,88.68520816472365,30.8693796157837,-49.52706756591796
2026-05-09 17:32:23+00:00,USA,USA,-18.75999974795646,-12.680000136563839,0.0,-6.699999873394148,-0.089999999302827,6.319999993731644,-2.48183631983605,-0.25181341328804696,1.5433571007528522,4.98945566463789,-0.9419708117869114,2.860367964959098,2.269035031432496,10.4694550032019,25.08999982165192,23.621413527450798,53.184823036193805,70.38188003540037,1.0,110.999999673762,0.0,319.8984375,4474.80078125,311.258878515731,70.8877510070801,311.7219926622146,1.381199978841992,32.2783112,-0.01516843474997533,1912.6225948333763,0.5818886333145199,1014.3821954727161,1088.9234781265259,1043.7361001968386,-64.8408963,4.0,135.2724609375,7.38631820678711,18.2854423522949,-261.700988769531,67.801821231842,37.6489192247391,-1.585800024321356,0.784472946107058,1.02720442227438,1.943399935747004,16.9000282287598,262.006774902344,2.0,7.0,4.0,0.0,0.0,26050902.0,3.0,135.41383877135817,88.63090133063285,30.606135177612302,-44.81778968811036
2026-05-09 17:32:24+00:00,USA,USA,-18.73999958802882,-13.76000006416472,0.0,-8.95000002138347,-3.5599999937672764,1.6600000405018824,-2.47467710764711,-0.251812933040371,1.846986692970398,4.989815530229784,-0.057788845686592795,2.8744907044172483,2.249524041115488,11.48378283268784,20.409999964626643,23.9930902239681,53.09589557647705,70.02225906372071,1.0,110.999999673762,0.0,339.42578125,4494.328125,312.956453732046,70.1155220031738,312.9927903384308,0.16960001106593342,32.2784294,0.2207620713163582,1912.7138376235998,0.7364528253674506,1008.2905292510983,1123.6577749252342,1067.9753303527862,-64.8410486,4.0,121.345069885254,7.38631820678711,18.2854423522949,-262.700988769531,68.0203437805176,37.623530626297,-1.518199998591475,0.595427824033091,-0.89445387942222,0.47960000866455993,17.900032043457,263.0068359375,2.0,7.0,4.0,0.0,0.0,26050902.0,3.0,135.3305842295268,88.5939465921285,30.4116136550903,-44.9221364593506
2026-05-09 17:32:25+00:00,USA,USA,-18.77999990788408,-13.959999785139022,0.0,-9.060000047211796,-3.8200000664584137,1.4499999620873418,-2.4891414205967903,-0.250641822401978,1.067097113289364,4.99017488355749,1.0985260046395942,2.8937732675952037,2.21971543071894,17.420978556461158,20.239999629770118,23.992155341825402,52.099782371521,70.24182495117188,1.0,110.999999673762,0.0,358.87109375,4513.7734375,312.343239348362,69.9369323730469,312.0959974287106,-3.3363999628425227,32.278548,0.050570445806381946,1912.5952243804938,0.6364407017827036,1288.643169403076,1279.2942047119138,1368.2857990264922,-64.8412003,4.0,109.412048339844,7.38631820678711,18.2854423522949,-263.700988769531,67.5774991512299,37.6020461320877,-1.7535999923923868,-0.523978068899234,-4.30185719117548,-2.5707997045301973,18.9000358581543,264.006896972656,2.0,7.0,4.0,0.0,0.0,26050902.0,3.0,137.5961470489176,88.60664732889015,30.6569366455078,-53.67389556884764
2026-05-09 17:32:26+00:00,USA,USA,-18.72999984957448,-13.950000046684679,0.0,-9.069999956420883,-3.860000002115534,1.480000031224062,-2.51807068682638,-0.25210619094764497,2.07094039962811,4.988736787227746,1.055448561833281,2.9149571419946843,2.207792012173532,19.12118971353156,20.2000006759527,23.13646924260625,52.1345558166504,71.20286361694336,1.0,110.999999673762,0.0,378.41015625,4533.3125,310.619682092445,71.0736534118652,310.3391962760646,-5.131399972950176,32.2786645,-0.01814905059651083,1912.686491012574,0.6455327151343229,1086.1471414566042,1130.250954627992,1262.646770477296,-64.8413571,4.0,93.8041229248047,7.38631820678711,18.2854423522949,-264.700988769531,67.9081797599792,42.2249138355255,-2.5042000240372824,-0.582481147100479,-0.68350263313273,-0.9825999786213216,19.9000396728516,265.006958007812,2.0,7.0,4.0,0.0,0.0,26050902.0,3.0,138.5664847035446,88.63319627419395,31.0314588546753,-56.6293620300293
2026-05-09 17:32:27+00:00,USA,USA,-18.75999974795644,-13.890000079165981,0.0,-9.000000079693091,-3.7400000243894396,1.799999986056538,-2.51383308805492,-1.3517813348944545,1.9722428427722722,4.989815786361879,0.828491194110687,2.744400104032152,2.1321864284391805,19.32680094717322,20.539999979627858,22.89517573470265,51.389907646179196,70.7972703552246,1.0,110.999999673762,0.0,398.1796875,4553.08203125,309.894452606373,70.9325065612793,308.70680292103697,-5.054199881554085,32.2787785,-0.39055193496079216,1912.54050731659,0.6819007568992674,1074.4147062301622,1028.272008895874,1245.854163169858,-64.8415173,4.0,83.6963500976562,7.38631820678711,18.2854423522949,-265.700988769531,67.6084399223328,41.9788300991058,-1.7947999922866777,0.610273080111555,0.6067481688913,-1.623199963093547,20.9000434875488,266.007019042969,2.0,7.0,4.0,0.0,0.0,26050902.0,3.0,138.7979079050786,88.6295933494068,31.25754203796385,-55.31136520385742
2026-05-09 17:32:28+00:00,USA,USA,-18.75999974795644,-13.859999839274519,0.0,-9.019999898111262,-3.8000000772855116,1.480000009879722,-2.49557022943136,-4.60012173383301,1.750801471790362,0.6793504650867428,0.2159233071751955,2.64852981860588,2.014578169517014,16.946429819533357,20.24000031278904,23.5532789753853,50.90036544799805,70.34656997680665,1.0,110.999999673762,0.0,417.828125,4572.73046875,308.06428975789,70.3823661804199,307.329388723953,-4.434400085604708,32.278888,-0.11078903399002642,1912.4492883682258,785.2798029780389,1099.3825435638441,1041.889238357542,1261.51692867279,-64.8416801,4.0,70.6761245727539,7.38631820678711,18.2854423522949,-266.700988769531,67.8269624710083,42.074528336525,-1.728999977535188,-0.41618997315319,0.318604952727529,-1.2995999702960275,21.9000473022461,267.007080078125,2.0,7.0,4.0,0.0,0.0,26050902.0,3.0,139.0112638902202,88.5824308931879,31.33498878479005,-54.189823837280244
2026-05-09 17:32:29+00:00,USA,USA,-18.739999588028798,-13.82999994089254,0.0,-9.130000094694317,-3.840000055631318,1.700000018847686,-2.4584598906799746,-4.574193481969996,1.8408853703621901,-0.7955754292750842,-0.2463951189349895,2.6637387288967944,2.009700176477836,17.48735382255116,20.449999942972404,24.23533654326095,50.3960054397583,69.67196685791016,1.0,110.999999673762,0.0,437.35546875,4592.2578125,306.77188136314,70.0954444885254,306.73399293777584,-3.988400002615004,32.2789931,0.39356472606759957,1912.4219179153417,1551.429748535154,1066.620469093322,1042.205047607422,1300.384736061094,-64.8418451,4.0,57.0323295593262,7.38631820678711,18.2854423522949,-267.700988769531,68.1247711181641,42.0491397380829,-1.833599970428338,-0.422961438704597,-0.13543415352553,-0.39579999351889317,22.9000511169434,268.007141113281,2.0,7.0,4.0,0.0,0.0,26050902.0,3.0,140.0192959928388,88.51114762391505,31.35750045776365,-54.172389907836894
2026-05-09 17:32:30+00:00,USA,USA,-18.8000000678117,-13.789999962546739,0.0,-9.040000228793623,-3.8000000772855103,1.6599999764688598,-2.45977448865179,-4.542112937212096,1.975831701638636,-0.575576793015055,0.7165908975974744,2.589052061737902,2.0817827059496143,20.87861958509066,20.44999994297242,23.612645272103798,48.216563415527304,68.66000381469726,1.0,110.999999673762,0.0,456.68359375,4611.5859375,306.414881035602,69.1348411560058,305.4264051306146,-3.3115998874756634,32.2790952,-0.3739484788002184,1912.5769853591942,1895.8039999008179,1149.550509452822,1102.58023738861,1316.3054227829002,-64.8420093,4.0,44.7533187866211,7.38631820678711,18.2854423522949,-268.700988769531,67.778617143631,42.0159369707108,-1.980200034499682,0.607609039530986,1.10670099402416,-2.6108000670741407,23.9000549316406,269.007202148438,2.0,7.0,4.0,0.0,0.0,26050902.0,3.0,141.59744125340262,88.46830867744075,31.37608451843265,-58.00998504638672
2026-05-09 17:32:31+00:00,USA,USA,-18.74999966799262,-13.869999919238342,0.0,-8.989999999729275,-3.8200000664584137,1.459999999362476,-2.504774549668185,-4.14366958311117,2.84616433044796,2.266072949144193,4.562751634449755,1.9866711691627619,2.687169052514288,19.38669214392938,20.1999999929338,23.24839640630885,47.761768913269,67.62579345703124,1.0,110.999999673762,0.0,475.71484375,4630.6171875,303.958471802498,68.207080078125,297.12180214900076,-2.041599998699172,32.2791888,-1.121573432121088,1912.668251991272,1915.7521724700916,940.7903909683239,1061.3134860992434,1177.9165267944359,-64.8421766,4.0,34.5650901794434,7.38631820678711,18.2854423522949,-269.700988769531,67.9236531257629,42.1819448471069,-3.297599963356526,-1.7026078917945,1.3267481312974,-16.046799307722683,24.9000587463379,270.007263183594,2.0,7.0,4.0,0.0,0.0,26050902.0,3.0,139.8613109852606,88.39947403098535,31.474489402771,-53.13005516052247
2026-05-09 17:32:32+00:00,USA,USA,-18.48999929648076,-13.809999780964882,0.0,-9.04999996724798,-4.019999958187434,1.3000000219462318,-2.48475836014035,-4.005825480046315,1.1686657188184746,1.680488697693388,6.447744253382115,1.9741778140197979,2.702344366812222,18.536777213049383,19.789999788002458,13.458125339644004,37.8788938522339,63.98648162841796,1.0,110.999999673762,0.0,494.4375,4649.33984375,286.224951132071,65.8922882080078,275.6665933621032,-2.50759998548441,32.2792411,-1.929106996512472,1912.04786300659,1914.8156881332402,1051.782941818235,1044.8159098625179,1172.646546363828,-64.8423589,4.0,25.8185081481934,7.38631820678711,18.2854423522949,-270.700988769531,67.364776134491,43.4768170118332,-0.6933999961227724,3.8786458635968,-0.47829925783407,-23.3698002867302,25.9000625610352,271.00732421875,2.0,7.0,4.0,0.0,0.0,26050902.0,3.0,162.2474718239552,88.30160083527365,31.6726655960083,-53.77454338073733
2026-05-09 17:32:33+00:00,USA,USA,1.93000002240212,2.0299998828892596,0.0,0.6399999843701546,-0.20999999303717737,0.8100000097336991,-2.5319510186020198,-4.034390184928959,0.5416673517150681,-0.623746305932237,5.9334162812847495,1.91958897849367,2.7592517527407923,3.4603299270298793,-1.1199999272910535,-6.07611664884948,28.484584236144997,59.60973037719724,1.0,110.999999673762,0.0,512.07421875,4666.9765625,265.050627044601,60.6477378845215,255.36720557900964,-4.71000001153938,32.2792359,-3.043507620099306,1911.42749786377,1914.852046966552,1310.9581708908104,1163.204908370974,1423.791003227234,-64.8425391,4.0,24.4158172607422,7.38631820678711,18.2854423522949,-271.700988769531,67.0959770679474,49.9902337789536,-1.2453999326162328,-2.51913214091208,-3.74607786822238,-17.87579931649976,26.9000663757324,272.007385253906,2.0,7.0,4.0,0.0,0.0,26050902.0,3.0,36.1880142530364,88.206763658648,31.78712940216065,-59.5912156677246
2026-05-09 17:32:34+00:00,USA,USA,19.19000011281542,14.490000095862479,0.0,9.170000073040121,3.8300000183561833,-1.5100000363277546,-2.513979403513545,-4.035562416145259,2.444196598735308,-0.19920635181351243,3.67962268891909,1.838655975272756,2.8438000604667577,-6.714993419282794,-20.68999981304722,-1.2747005957180249,25.362065505981448,56.68051162719727,1.0,110.999999673762,0.0,528.57421875,4683.4765625,247.603045413586,57.7938262939453,239.39080298200537,-2.306199947664218,32.2791862,-1.8853974783954102,1757.0640563964862,1914.761114120484,978.4907460212702,973.0223059654239,1155.5616259574913,-64.842699,4.0,24.2597522735596,7.38631820678711,18.2854423522949,-272.700988769531,67.4575984477997,50.1210868358612,-1.9435999962566641,0.0244578935616107,3.22942976624133,-14.38339894291986,27.9000701904297,273.007446289062,2.0,7.0,4.0,0.0,0.0,26050902.0,3.0,106.2374262447656,88.1148634633655,31.74655036926265,-56.50607070922854
2026-05-09 17:32:35+00:00,USA,USA,18.63000041597416,11.029999919893687,0.0,2.5800000760639086,-6.069999958315653,-15.06999995263136,-2.504189928163915,-4.0595858990034905,3.9831594972856292,2.243426176290548,-0.6593265615806102,1.7509333584743678,2.9253671613747456,-8.306866506304672,-33.719999504004775,-11.17094471539826,24.449635505676248,54.77095458984375,1.0,110.999999673762,0.0,544.2421875,4699.14453125,231.997920971562,55.39680519104,229.56460050992843,0.3521999932163048,32.2791058,-0.02148133247288411,1014.5796895027173,1914.8156881332402,657.0270299911497,713.0347013473512,770.5468654632571,-64.8428319,4.0,28.4477481842041,7.38631820678711,18.2854423522949,-273.598999023438,80.5089831352234,49.9687522649765,-1.284200001471338,0.80756709635134,3.01168440271838,-5.25579987316223,28.900074005127,274.007507324219,2.0,7.0,4.0,0.0,0.0,26050902.0,3.0,-169.1129594115986,87.95834626344,31.54695625305175,-54.49439987182616
2026-05-09 17:32:36+00:00,USA,USA,18.68999987122868,10.320000048123525,0.0,1.5300000255006543,-7.980000034233532,-17.2600000477246,-2.472339582125385,-4.057681556885525,4.975877077813174,2.513391612374607,-1.41006662077463,1.6566923292972338,3.0142509743650616,-11.64625271322968,-35.94999991895328,-22.5230960570243,26.6486864089966,54.651584014892556,1.0,110.999999673762,0.0,559.4140625,4714.31640625,227.641913186873,54.1820503234863,226.268796544814,0.9150000062522862,32.2790141,-0.020054410572744142,235.18087808042748,1914.870262145996,630.3408861160276,687.9077553749087,675.4746913909912,-64.8429506,4.0,38.1047821044922,7.38631820678711,18.2854423522949,-274.598999023438,97.4860310554504,50.3320157527924,-1.877200013419608,-1.81263893095053,0.549803014151052,-3.485199902779482,29.9000778198242,275.007568359375,2.0,7.0,4.0,0.0,0.0,26050902.0,3.0,-159.99476615265797,87.3372532565487,31.4832715988159,-51.25545730590822
2026-05-09 17:32:37+00:00,USA,USA,18.779999907884058,11.6499999257631,0.0,3.9799999798416303,-3.989999974428084,-12.319999819187416,-2.45962902696681,-4.060904552400125,5.004588802517697,3.5357389483919803,-1.363835284758206,1.6241018041960822,3.054628192596462,-14.181881724666741,-31.1000004100904,-27.9059041088879,31.179770851135252,55.45710845947266,1.0,110.999999673762,0.0,574.61328125,4729.515625,223.624969652961,55.438858795166,223.2433970368652,0.38220000215531036,32.2789155,0.27212426944967677,6.65116917807609,1914.9156808853138,702.9567718505857,725.4015922546389,647.7975964546201,-64.8430642,4.0,47.5447616577148,7.38631820678711,18.2854423522949,-275.598999023438,98.1299936771393,50.6249785423279,-0.8652000137884108,2.46543746252567,-1.10760663441942,-2.019399920217241,30.9000816345215,276.007629394531,2.0,7.0,4.0,0.0,0.0,26050902.0,3.0,-150.9575680089716,86.7539824221863,31.602785682678252,-48.5832204437256
2026-05-09 17:32:38+00:00,USA,USA,18.77999990788408,13.000000304839721,0.0,7.019999870915305,0.6899999893189219,-5.039999918269627,-2.4610896202321397,-4.0566559612929645,5.00243524387239,2.545744991173342,-1.77046395356873,1.64501409319869,3.021025326738608,-14.892559834221458,-23.81000017307672,-30.325169065737448,33.76883468627925,56.283969039916975,1.0,110.999999673762,0.0,590.0234375,4744.92578125,222.048165841551,55.7139255523682,221.3155925360828,-0.4702000035080124,32.2788118,0.22308087484934722,1.7517538508400343,1915.0338888168321,857.0070624351499,844.0137743949892,901.0073781013489,-64.843174,4.0,59.5563011169434,7.38631820678711,18.2854423522949,-276.598999023438,97.8437840938568,50.2831935882568,-1.5081999933328516,-1.84635765389218,-0.389011102980975,-2.430199940300368,31.9000854492188,277.007690429688,2.0,7.0,4.0,0.0,0.0,26050902.0,3.0,-146.6786211505746,86.3461552419394,32.045644569397,-46.0930785369873
2026-05-09 17:32:39+00:00,USA,USA,18.74999966799262,15.519999794399018,0.0,11.77000003155524,7.9399999705103665,4.470000109448046,-2.460797309480005,-4.064273756651645,5.003153096754159,2.9336184140902617,-2.21702102781308,1.668370608084464,3.004766402928848,-15.626507373749998,-14.290000033378746,-30.2537543153231,37.35347442626955,58.678920593261715,1.0,110.999999673762,0.0,605.703125,4760.60546875,220.048723584678,57.5904727935791,219.6195991915798,0.17079999526182602,32.2787021,-0.10768787005709113,1.7426303122192643,1914.96114730835,660.0990533828735,700.0039815902712,832.4474453926084,-64.843283,4.0,70.1322784423828,7.38631820678711,18.2854423522949,-277.700988769531,98.168671131134,50.724583864212,-1.7973999891716101,-0.579192891262794,0.753564525843752,-0.4312000022092953,32.9000701904297,278.007751464844,2.0,7.0,4.0,0.0,0.0,26050902.0,3.0,-143.87341328108803,85.99198261271755,32.023198127746596,-46.55460731506348
2026-05-09 17:32:40+00:00,USA,USA,18.75999974795642,12.03000006155768,0.0,4.490000045260091,-3.010000078069058,-11.220000158545693,-2.4605054256146897,-4.06647158346051,5.002076488186236,2.6690449107639056,-2.786510461421105,1.729477663890266,2.9456909015143053,-14.8376285500858,-30.0000004933166,-29.1577266658158,40.1881393432617,60.488848114013685,1.0,110.999999673762,0.0,622.0625,4776.96484375,220.298489942247,59.8508720397949,220.68340115480936,1.2521999889126159,32.2785876,0.2163261169144862,1.706136157736184,1914.897513389588,802.32492685318,1256.2677979469302,843.7987089157102,-64.8433958,4.0,82.0974578857422,7.38631820678711,18.2854423522949,-278.700988769531,97.9849576950073,50.3710806369782,-1.831199991364382,-0.331048250054396,2.04848621676472,1.7195999510342983,33.9000549316406,279.0078125,2.0,7.0,4.0,0.0,0.0,26050902.0,3.0,-141.6951320830632,85.7063748374789,31.9631664276123,-46.09370338439942
2026-05-09 17:32:41+00:00,USA,USA,18.7500000095021,12.759999922500679,0.0,6.879999861327635,0.47999998560957413,-5.7599999553809225,-2.46138182426257,-4.05738849908145,5.001717732500082,3.098976824320764,-2.5390653009528252,1.7829805420270417,2.894745459646192,-14.12199104017474,-24.499999884919198,-28.098044160429502,42.52389106750485,62.25216064453124,1.0,110.999999673762,0.0,638.90234375,4793.8046875,221.011425087813,61.4712936401367,221.3567922371566,0.847199994717938,32.2784714,0.1966571641321888,1.7243832116946582,1914.97025489807,749.9446511268613,1250.68793296814,796.893119812012,-64.8435138,4.0,96.3861236572266,7.38631820678711,18.2854423522949,-279.598999023438,97.8495895862579,50.4023253917694,-2.285400036617802,-0.508635649754387,-0.694188517450067,-0.09379999238984077,34.9000396728516,280.007873535156,2.0,7.0,4.0,0.0,0.0,26050902.0,3.0,-139.97913174844342,85.52672037174005,31.80176010131835,-46.527778701782225
2026-05-09 17:32:42+00:00,USA,USA,18.66000031435616,10.530000019816388,0.0,1.1100000180819594,-8.37999998844632,-18.080000286832497,-2.46094362493863,-4.0522615883357105,5.00243541462712,3.0583560244680905,-2.73975365440584,1.823990278464268,2.85328441845956,-13.973217908730259,-36.75999956583318,-27.541174568530103,44.52829856872555,63.508709564208985,1.0,110.999999673762,0.0,656.23828125,4811.140625,221.430689419825,63.2393165588379,221.89339648703358,1.1827999948930223,32.2783529,0.2815612136566382,1.687889103777708,1914.8793458938599,892.8704738616937,1571.84638977051,917.1982884407041,-64.8436361,4.0,112.121017456055,7.38631820678711,18.2854423522949,-280.700988769531,97.7567613124847,50.5331814289093,-0.9463999866924221,2.05898101586785,0.631372975200753,1.3643999563071074,35.9000244140625,281.007934570312,2.0,7.0,4.0,0.0,0.0,26050902.0,3.0,-138.7936267425068,85.41322653339651,31.65077533721925,-45.772442550659164
2026-05-09 17:32:43+00:00,USA,USA,18.6599999728467,9.349999975596239,0.0,-0.27000000324456624,-10.50999985988877,-20.95000018455918,-2.460943731660335,-4.0522615883357105,5.00243541462712,2.198491557024136,-2.873194633333555,1.875320046539246,2.843528944645394,-14.92918108873956,-39.6099998158964,-27.156613573917298,45.93243541717525,65.01055572509766,1.0,110.999999673762,0.0,673.90234375,4828.8046875,222.510392063442,64.2775039672852,223.725403486593,0.15060001027930012,32.2782344,0.17147541259182772,1.7061361344531178,1914.979362487794,1273.9836931228642,1525.571942329406,1295.924210548402,-64.8437635,4.0,123.153907775879,7.38631820678711,18.2854423522949,-281.700988769531,87.8343105316162,42.3342823982239,-0.9997999957769987,-0.0778744218322202,-1.42448739126835,1.763799994127644,36.9000091552734,282.007995605469,2.0,7.0,4.0,0.0,0.0,26050902.0,3.0,-138.0870136200368,85.367426699917,31.918131065368648,-45.90659454345702
2026-05-09 17:32:44+00:00,USA,USA,18.709999348137398,10.119999985639776,0.0,0.8600000146824639,-8.810000097173152,-18.51999953637218,-2.460505105449575,-4.5347886265443105,5.001717732500082,2.6507114664041502,-2.355714742377645,2.00541077499039,2.937832470053434,-13.901883071529218,-37.25000006896556,-26.49234523373495,48.500611495971654,67.39665847778322,1.0,110.999999673762,0.0,692.0234375,4846.92578125,224.408802162112,66.4921348571777,224.63540051801618,-0.8124000101419935,32.2781156,-0.062007249058497985,1.7061361344531178,1914.952063560484,1263.063383102416,1435.755348205564,1414.94059562683,-64.8438995,4.0,136.157653808594,7.38631820678711,18.2854423522949,-282.700988769531,77.8654456138611,42.6331013441086,-1.904400025161736,-0.598826963723083,-1.11876940467904,0.5671999862147509,37.8999938964844,283.008056640625,2.0,7.0,4.0,0.0,0.0,26050902.0,3.0,-137.57923823260822,85.39427275844974,31.96057777404785,-47.1211798095703
2026-05-09 17:32:45+00:00,USA,USA,18.71999976961066,10.450000063124769,0.0,1.8999999639375613,-7.149999885916541,-16.09999999267738,-2.460943731660335,-5.023028691106805,5.001717732500082,2.219700831189588,-2.65201859385656,2.0475067676377376,2.8993522941753183,-13.261013934915022,-34.83000052527076,-25.15670344908625,50.4320749282837,69.28366470336913,1.0,110.999999673762,0.0,710.8046875,4865.70703125,225.096055796399,68.6758804321289,225.37119494069643,-1.147599974675126,32.2779943,0.2520584183100731,1.660518464632334,1914.888429641724,1176.542234420776,1275.6540298461919,1341.171336174012,-64.8440416,4.0,148.418609619141,7.38631820678711,18.2854423522949,-283.700988769531,62.5495553016663,41.1331593990326,-2.024000031278906,0.299703418055723,0.191189854834204,0.3909999846981746,38.8999786376953,284.008117675781,2.0,7.0,4.0,0.0,0.0,26050902.0,3.0,-137.1822567097446,85.45893074422764,31.991626167297397,-48.57956474304198
2026-05-09 17:32:46+00:00,USA,USA,18.699999951192478,11.039999829102742,0.0,2.8600000525505864,-5.660000052205101,-14.219999985896203,-2.4607977363668248,-5.025957988487095,5.00243541462712,2.5360389508532983,-2.81015198729434,2.309045511194152,3.072513213692866,-13.006192212831781,-32.91000019863432,-24.375809628826,51.598522567749,70.46599548339843,1.0,110.999999673762,0.0,730.0859375,4884.98828125,225.375246608912,69.9580261230469,226.39460043309901,-1.211799932236182,32.2778712,0.583970171028224,1.6878891270607739,1914.9339199066162,1048.462176322937,1633.649992942808,1195.1688289642339,-64.8441878,4.0,164.861663818359,7.38631820678711,18.2854423522949,-284.700988769531,62.6926600933075,40.9007459878922,-2.5853999595886963,-0.712793045614683,-0.369758987505678,1.7107999353076533,39.8999633789062,285.008178710938,2.0,7.0,4.0,0.0,0.0,26050902.0,3.0,-136.774262189863,85.55517493982235,31.9655559539795,-49.070680389404274
2026-05-09 17:32:47+00:00,USA,USA,18.75999974795642,12.239999862495798,0.0,5.290000124440364,-2.0499999894560323,-9.449999921460748,-2.461235935690765,-5.03123174829999,5.001717732500082,2.9178014462084856,-2.3620195405901,2.339463075643886,3.06194486199011,-13.76493538810424,-28.219999920135745,-23.787332482768747,52.8732301712036,71.82239227294922,1.0,110.999999673762,0.0,749.6953125,4904.59765625,226.641085567791,71.4370811462402,227.34879152052798,-1.062999970954878,32.2777481,0.31731849860354866,1.633147895336154,1914.952063560484,916.04356765747,1157.232785224916,1093.503451347352,-64.8443397,4.0,179.878311157227,7.38631820678711,18.2854423522949,-285.700988769531,62.6810550689697,45.363461971283,-2.0122000043697197,0.719724513683482,0.365760205231326,0.7863999905998826,40.8999481201172,286.008239746094,2.0,7.0,4.0,0.0,0.0,26050902.0,3.0,-136.913180041354,85.6925061383692,31.86141414642335,-51.676534423828116
2026-05-09 17:32:48+00:00,USA,USA,20.34000008789882,12.84000004994704,0.0,4.600000028399736,-3.949999953393596,-12.470000164871,-2.4615282464429002,-5.025518721946095,5.002794170313274,1.6524493944404839,-2.67671111508833,2.359288980370318,3.034846086458084,-15.793972342386558,-32.8200001619789,-23.8233711221507,54.30235404968265,73.27082565307614,1.0,110.999999673762,0.0,769.6796875,4924.58203125,228.217561530121,72.5818840026856,228.61899633632402,-0.4170000042402844,32.2776265,-0.24809703799153401,1.6605184879153998,1915.0247812271118,1196.5995550155642,1213.0444288253761,1320.9426879882799,-64.844498,4.0,190.954483032227,7.38631820678711,18.2854423522949,-286.700988769531,62.76034116745,45.5001771450043,-1.501599970865696,0.502704804398994,0.583831977091408,1.8571998961806575,41.8999328613281,287.00830078125,2.0,7.0,4.0,0.0,0.0,26050902.0,3.0,-137.18318561547142,85.84922824396969,31.81445789337155,-53.39038925170896
2026-05-09 17:32:49+00:00,USA,USA,21.770000252912318,13.21000010577782,0.0,4.39000001401822,-5.0100000625763235,-14.69999972604586,-2.46094362493863,-5.022295939874905,5.002076488186236,2.413098256524394,-2.39143951322287,2.389978813235842,3.004766402928852,-16.21091850819436,-36.480000058922016,-22.226315799850752,55.65792789459225,74.94808502197266,1.0,110.999999673762,0.0,790.05859375,4944.9609375,230.328103644034,74.1240074157715,230.7271997934644,-0.291400011776613,32.2775068,0.14972690441292769,1.687889103777708,1914.99752998352,1209.726762771606,1377.5990247726418,1345.494174957274,-64.8446647,4.0,207.351806640625,7.38631820678711,18.2854423522949,-287.700988769531,62.783545255661,45.43377161026,-2.8367999703411444,-2.61166455557965,-0.143495831138981,1.2917999743051518,42.8999176025391,288.008361816406,2.0,7.0,4.0,0.0,0.0,26050902.0,3.0,-137.86101085662798,86.03932948404415,31.25742359161375,-56.90102989196775
2026-05-09 17:32:50+00:00,USA,USA,21.76999991140288,14.449999776007221,0.0,6.649999985839258,-1.6800000190026168,-9.850000131805617,-2.4606514209082,-5.030498997068095,5.003153096754159,2.588881776584158,-2.70560548332013,2.434247190237396,2.964931202896774,-15.645962826091317,-31.610000048622044,-21.0617130510766,56.56322021484375,76.1532423019409,1.0,110.999999673762,0.0,810.9296875,4965.83203125,230.646882232976,75.8307884216309,231.6972492141085,-0.6107499860641592,32.277399,0.35808748904857207,1.7677199793979526,1915.0566458702074,964.1729742288585,1218.443155288695,1173.847794532775,-64.8448199,4.0,219.789642333984,7.38631820678711,18.2854423522949,-288.700988769531,62.615305185318,45.3165888786316,-2.6422499292395596,0.722440794539032,-0.170735879529035,1.32474990075878,43.89990234375,289.008422851562,2.0,7.0,4.0,0.0,0.0,26050902.0,3.0,-138.15990881395373,86.25722276385125,31.32129878997805,-58.546209526062
2026-05-09 17:32:51+00:00,USA,USA,21.79000007133048,12.83999987919232,0.0,3.5300000526966038,-6.4699999125284124,-16.3599998519251,-2.461235935690765,-5.028741504017285,5.002794170313274,2.18950486368974,-2.321041180334375,2.4747138839469236,2.919134314936334,-15.71272007051066,-38.12999959257324,-21.1259458575787,57.76887016296385,77.49548080444335,1.0,110.999999673762,0.0,832.140625,4987.04296875,232.816587445479,76.9109436035156,233.54580029787502,-0.26719999787681004,32.27727,-0.010298744659508918,1.669642003253104,1914.788389205932,991.7096495628366,1115.7604932785039,1147.3739147186302,-64.8450172,4.0,234.435943603516,7.38631820678711,18.2854423522949,-289.700988769531,62.8086864948273,42.1975702047348,-2.18200002258446,0.668940509739704,-0.504085249663278,1.691599910696946,44.8998870849609,290.008483886719,2.0,7.0,4.0,0.0,0.0,26050902.0,3.0,-138.2123503233822,86.50388480044255,31.38963890075685,-58.7345004272461
2026-05-09 17:32:52+00:00,USA,USA,21.76999991140286,12.31000008073304,0.0,2.5399999483077176,-7.829999944682035,-18.309999906188818,-2.461235615525645,-5.01438572704239,5.002076488186236,2.020551468766962,-1.840862233096375,2.499971411233446,2.8979973127100362,-16.07130056231336,-40.08000015910114,-21.53819046267125,59.677751541137695,78.99952285766601,1.0,110.999999673762,0.0,853.69921875,5008.6015625,234.814527060735,78.3257286071777,234.4134037111582,0.48559996966465907,32.2771559,-0.504231138235081,1.596653740853074,1914.870238304136,1030.251002311708,1219.649291038512,1136.17627620697,-64.8452044,4.0,246.444320678711,7.38631820678711,18.2854423522949,-290.700988769531,62.4644637107849,39.4418179988861,-2.260999954204214,-0.514565427892722,0.687909599251269,-0.11159997629706123,45.8998718261719,291.008544921875,2.0,7.0,4.0,0.0,0.0,26050902.0,3.0,-137.4257420253528,86.79671891582305,31.4734697341919,-57.41482543945311
2026-05-09 17:32:53+00:00,USA,USA,21.75999983143904,12.260000022423439,0.0,2.509999921859684,-7.779999886372418,-18.5100001394273,-2.46138193098427,-4.986114079963825,5.00243524387239,1.64957339388006,-1.3354654270299,2.5442402151218237,2.8527424002602357,-16.66791929386126,-40.270000312375785,-21.640115668108052,61.6191078186035,80.17083709716796,1.0,110.999999673762,0.0,875.68359375,5030.5859375,235.13188497033,79.8881286621094,233.68060637548578,2.0583999802129,32.277041,-0.8236814122497634,1.551036117598416,1914.7793054580677,1041.143703460692,1300.403356552124,1128.2161712646498,-64.8453963,4.0,256.7373046875,7.38631820678711,18.2854423522949,-291.598999023438,62.638509273529,37.9262536764145,-2.247799930614248,0.172841218639625,1.80008611047311,-0.963799936291713,46.8998565673828,292.008605957031,2.0,7.0,4.0,0.0,0.0,26050902.0,3.0,-136.51937045834057,87.1165220331414,31.39744606018065,-55.63701370239257
2026-05-09 17:32:54+00:00,USA,USA,21.76999991140286,12.220000214832321,0.0,2.509999921859684,-7.81000012626386,-18.42000044428132,-2.4626969558429153,-4.990508452921086,5.00243541462712,2.385418680125164,-2.0967131152771197,2.586336421212588,2.812907114850792,-18.514614273721058,-40.179999592701435,-20.78645215865685,62.330712890625,80.8102386474609,1.0,110.999999673762,0.0,897.9765625,5052.87890625,233.302295857737,80.6301040649414,233.55479429097423,3.09339997486345,32.276922,-0.20131602382535743,1.5966537408530739,1914.7702217102058,1039.501595497132,1137.11597919464,1084.442090988159,-64.8455879,4.0,270.7119140625,7.38631820678711,18.2854423522949,-292.598999023438,62.8647685050964,37.8969579935074,-1.997000016013408,0.7440625587695,0.488378375893187,1.2627999409124608,47.8998413085938,293.008666992188,2.0,7.0,4.0,0.0,0.0,26050902.0,3.0,-135.8727865024478,87.4295461877085,31.241922569274898,-54.34302337646484
2026-05-09 17:32:55+00:00,USA,USA,21.77999999136668,12.420000106561341,0.0,2.84999995124243,-7.289999895504222,-17.56999979452726,-2.46182013030821,-4.99944404790275,5.002794170313274,1.9695064555473558,-2.3677988411232853,2.607248582149146,2.7860793270740882,-20.98081594903748,-39.33999902291117,-20.34602704682245,62.697975540161096,81.49476516723631,1.0,110.999999673762,0.0,920.4453125,5075.34765625,234.632925991082,81.3977806091308,235.58939836169438,2.43360002981354,32.2768038,0.2113111403960907,1.5784066868945978,1914.75203037262,1246.717786788938,1313.99028301239,1245.681071281434,-64.8457827,4.0,283.047149658203,7.38631820678711,18.2854423522949,-293.598999023438,62.6269102096558,35.2818250656128,-2.120399976530974,0.410565259010832,-0.651109660581151,2.207999970089418,48.8998260498047,294.008728027344,2.0,7.0,4.0,0.0,0.0,26050902.0,3.0,-135.9350259182408,87.76635647606014,31.50520133972165,-56.202018585205074
2026-05-09 17:32:56+00:00,USA,USA,21.82000031122194,15.47999981605324,0.0,8.879999888523582,1.9499999688863288,-4.709999968850698,-2.46182013030821,-5.012481384924425,5.001358976813928,2.8275731104800563,-2.275860866356915,2.620827980058826,2.777678834725204,-20.31133651602794,-26.54000014659306,-19.58452413361585,63.015913009643555,82.33226943969726,1.0,110.999999673762,0.0,943.1015625,5098.00390625,236.106552964891,81.9548355102539,236.64520353944357,0.843799990582129,32.2766886,0.4949059610025418,1.5601596329361223,1914.8156881332402,989.5706415176401,1201.217174530028,1166.880059242248,-64.8459825,4.0,297.673461914062,7.38631820678711,18.2854423522949,-294.598999023438,62.4470591545105,34.602165222168,-2.980199920031608,-1.60899694756831,-1.91032579056393,-0.040999992745488004,49.8998107910156,295.0087890625,2.0,7.0,4.0,0.0,0.0,26050902.0,3.0,-136.2127741948016,88.1476756921382,31.677451515197752,-59.356056060790976
2026-05-09 17:32:57+00:00,USA,USA,21.76999991140286,15.019999894321739,0.0,7.860000099196116,0.2500000140716615,-7.550000010884039,-2.46196612560172,-5.019220006870875,5.001717732500082,2.507281079683192,-2.3294477558204854,2.66292401539486,2.725107167504396,-20.1484491401731,-29.31999983690954,-20.07549947549755,62.6683811187744,82.04009353637694,1.0,110.999999673762,0.0,965.98046875,5120.8828125,236.60747903862,82.2061546325684,237.31080274198558,0.8049999910961313,32.2765745,0.507172046936959,1.614900841377678,1914.7247791290279,979.5302271842954,1186.566424369814,1081.600403785706,-64.8461846,4.0,309.527465820312,7.38631820678711,18.2854423522949,-295.598999023438,62.901508808136,35.1490169763565,-2.350799994383004,0.388506656158173,0.727747744802426,1.1011999676707602,50.8997955322266,296.008850097656,2.0,7.0,4.0,0.0,0.0,26050902.0,3.0,-136.53478756133518,88.52882073839245,32.01501846313475,-59.5715803527832
2026-05-09 17:32:58+00:00,USA,USA,21.79999980978484,15.54999935127156,0.0,9.290000178832255,2.6599999580503235,-3.7400000777502944,-2.4619664457668398,-5.0225889976789855,5.001000221127774,2.6144044005878384,-2.26062484875273,2.6686274794839138,2.72917181307947,-19.79711513757034,-25.55000008489286,-20.01501815039705,61.6370704650879,81.59756286621094,1.0,110.999999673762,0.0,988.74609375,5143.6484375,237.050922240294,81.5307563781738,238.0850019523312,-0.41640001080831707,32.276463,0.5496458611032038,1.633147895336154,1914.779329299926,972.4127173423769,1109.39121246338,1119.046616554262,-64.8463869,4.0,323.544555664062,7.38631820678711,18.2854423522949,-296.598999023438,62.7738773822784,36.9204342365265,-2.308599969416856,0.273316076094863,-2.02629002295288,0.40359999351183296,51.8997802734375,297.008911132812,2.0,7.0,4.0,0.0,0.0,26050902.0,3.0,-137.17006345603818,88.91103129415714,32.37707805633545,-61.0144450378418
2026-05-09 17:32:59+00:00,USA,USA,21.7799999913667,16.42999989940764,0.0,10.749999900718304,4.7399999526100505,-1.5299999614676325,-2.46138182426257,-5.017315451309505,5.002076488186236,2.120845304864858,-1.893923731602385,2.6428266106489184,2.7381146224484483,-18.86289586478378,-23.32000035296324,-20.6981292749521,61.4039714813232,81.63383972167966,1.0,110.999999673762,0.0,1011.41796875,5166.3203125,237.614931941197,81.8038284301758,237.40720129985561,-0.7127999931977294,32.2763531,0.22000187392977838,1.605777279473844,1914.9338960647601,1078.592371940612,1124.5964050292962,1240.115809440612,-64.84659,4.0,338.616363525391,7.38631820678711,18.2854423522949,-297.700988769531,62.6075685024262,37.2465908527374,-1.9189998746777561,0.743148754163747,-0.309016914597565,-1.2261999773746344,52.8997650146484,298.008972167969,2.0,7.0,4.0,0.0,0.0,26050902.0,3.0,-138.00928879935762,89.27137841438869,32.637692642211945,-63.2304409790039
2026-05-09 17:33:00+00:00,USA,USA,21.7900000713305,15.279999924324201,0.0,8.500000008861075,1.2800000114289922,-5.760000147479997,-2.46138193098427,-5.01658291352102,5.00243524387239,2.199210733255056,-2.62995345429942,2.651788715302304,2.7519349979697814,-18.32159039570084,-27.57000018663906,-19.9382220646904,60.20088958740235,81.01555526733397,1.0,110.999999673762,0.0,1034.07421875,5188.9765625,236.441423479518,81.2775215148926,237.25139102450922,-0.7893999884422116,32.2762411,0.8232911683243174,1.560159656219186,1914.8429632186878,1179.566192626954,1272.5715875625601,1351.665925979612,-64.8467903,4.0,349.902679443359,7.38631820678711,18.2854423522949,-298.700988769531,62.5456869602203,33.795553445816,-2.2958000028131798,-0.211379627216497,-0.31377953080062,0.5893999899914848,53.8997497558594,299.009033203125,2.0,7.0,4.0,0.0,0.0,26050902.0,3.0,-138.93927369636822,89.56943079429516,32.64590492248535,-63.99327392578124
2026-05-09 17:33:01+00:00,USA,USA,21.790000071330503,17.00000035923158,0.0,12.07999994911258,6.959999988773971,1.6700000137439925,-2.461381930984275,-5.02171003771017,5.002076488186236,2.7510049396482357,-2.71401120503259,2.622729248591666,2.76548451380184,-17.65707036304764,-20.10999995627834,-19.30222387748275,58.8859977722168,80.47579559326171,1.0,110.999999673762,0.0,1056.5703125,5211.47265625,236.146741797967,80.8391189575195,237.45380504660042,-1.766800015982352,32.2761287,1.0933885391171538,1.596653764136138,1914.8247718811022,1052.781164646148,1100.5156040191637,1279.9640417099022,-64.8469885,4.0,360.673889160156,7.38631820678711,18.2854423522949,-299.700988769531,62.2594833374024,31.5768927335739,-2.2683999945944158,0.486839182091554,-1.222094692174,0.2055999851738556,54.8997344970703,300.009094238281,2.0,7.0,4.0,0.0,0.0,26050902.0,3.0,-139.89833880678898,89.83305219059554,32.74240608215335,-65.11318038940432
2026-05-09 17:33:02+00:00,USA,USA,21.81000023125812,17.11000021430522,0.0,12.390000037424679,7.320000135395664,2.219999993475236,-2.461527819556075,-5.01423930486206,5.001717732500082,2.3929680028374163,-2.67408362669199,2.621370980097842,2.7771369445919296,-17.16382995968248,-19.61000005620106,-20.20786683406505,58.146796417236345,80.02796264648437,1.0,110.999999673762,0.0,1078.90234375,5233.8046875,237.108705640672,80.0794830322266,237.50580191071398,-1.2527999996868633,32.2760185,0.40833708588492945,1.5966537641361378,1914.897513389588,1082.529091835022,1247.872614860534,1243.703007698058,-64.8471864,4.0,372.783508300781,7.38631820678711,18.2854423522949,-300.700988769531,62.2672140598297,31.6862612962723,-2.097200022387578,-0.788956271606084,0.71995540609394,-0.260199994462579,55.8997192382812,301.009155273438,2.0,7.0,4.0,0.0,0.0,26050902.0,3.0,-140.9324431075074,90.06505664122795,32.90244426727295,-65.46905364990235
2026-05-09 17:33:03+00:00,USA,USA,21.709999431620002,15.2399999459784,0.0,7.959999788928525,0.6099999685942888,-7.449999851576102,-2.461527819556075,-5.0149718426505405,5.001358976813928,1.8753236750772402,-2.5001896784661097,2.6048043135772923,2.78445348591953,-16.97233228743226,-29.149999502053085,-20.041889822139147,57.077569198608344,79.39162216186523,1.0,110.999999673762,0.0,1101.125,5256.02734375,237.251156066002,79.6607597351074,238.13380775206437,-0.8655999907334244,32.27591,0.7031936362869678,1.6057773260399721,1914.888453483584,1268.5528755187959,1295.1320171356178,1394.643831253052,-64.8473839,4.0,387.594573974609,7.38631820678711,18.2854423522949,-301.700988769531,62.7448678016663,26.8524676561356,-1.885200021895372,1.27208612736979,0.658584342132378,1.0779999628345553,56.8997039794922,302.009216308594,2.0,7.0,4.0,0.0,0.0,26050902.0,3.0,-141.978196978874,90.2586071268332,32.9070602416992,-66.2148097229004
2026-05-09 17:33:04+00:00,USA,USA,21.77999999136668,15.99999987605816,0.0,10.159999963985591,3.8999999804613403,-1.9500000115750118,-2.4606514209082,-5.01394624705798,5.001717732500082,2.627345730762992,-1.9485616164244899,2.586607793166048,2.806945298856384,-15.844708695088741,-23.740000296348917,-19.5398854322952,56.8617530822754,79.3890101623535,1.0,110.999999673762,0.0,1123.171875,5278.07421875,237.600451940156,79.4806800842285,237.73060256082863,-1.9679998865711839,32.2758027,0.7254705490609732,1.5601596329361218,1914.8247957229644,1070.013356208802,1149.11615848541,1270.4577684402461,-64.8475811,4.0,400.916656494141,7.38631820678711,18.2854423522949,-302.700988769531,62.9498541355133,26.7157524824142,-2.6559999538124375,-1.34563467156955,-1.81268204651967,-1.701799923104374,57.8996887207031,303.00927734375,2.0,7.0,4.0,0.0,0.0,26050902.0,3.0,-142.1515526441602,90.43896510205656,32.730559730529805,-66.37806381225586
2026-05-09 17:33:05+00:00,USA,USA,21.82000031122194,17.4799997578718,0.0,13.07999974926712,8.440000041342369,3.9200000336672667,-2.460359110156065,-5.01614386042343,5.001717732500082,2.0971199811082424,-1.758905405863215,2.581990884107898,2.806674652610522,-15.361386409417317,-17.889999962803138,-20.1481658580773,56.2781352996826,78.26368331909178,1.0,110.999999673762,0.0,1145.2109375,5300.11328125,236.089013039102,78.7763259887695,236.09239534877938,-2.3036000148123117,32.2756929,0.42283233612309135,1.560159656219186,1914.870262145996,1018.6000585556021,1007.2018265724184,1235.9051942825322,-64.8477747,4.0,410.505157470703,7.38631820678711,18.2854423522949,-303.700988769531,62.8666996955872,26.7274707555771,-1.911599983697942,0.871154610059425,0.0642691719233374,-1.6996000258944217,58.8996734619141,304.009338378906,2.0,7.0,4.0,0.0,0.0,26050902.0,3.0,-141.87970565104223,90.58692065985736,32.58667316436765,-62.046868743896496
2026-05-09 17:33:06+00:00,USA,USA,21.749999751475222,16.8999999011029,0.0,11.75999995159142,6.720000076010466,0.5299999478696578,-2.4618201303082152,-5.0082336475909095,5.001358976813928,1.449345693997876,-2.08673090052685,2.56732518729941,2.825101563840204,-16.27462436560196,-21.21000021456162,-21.08666714720925,55.717394828796344,77.44189498901366,1.0,110.999999673762,0.0,1166.9140625,5321.81640625,235.463531635669,77.594677734375,234.8442028666406,-0.8151999941654093,32.275582,-0.17432090041605058,1.697012619115414,1914.861154556274,1088.97910118103,1123.7135887146,1240.9414529800401,-64.8479634,4.0,407.617950439453,7.38631820678711,18.2854423522949,-304.700988769531,62.6752555370331,26.6181021928787,-1.9681999684251799,-0.387151984185836,2.49885757813455,-0.14800000739127359,59.899658203125,305.009399414062,2.0,7.0,4.0,0.0,0.0,26050902.0,3.0,-142.5916954984272,90.67614342098526,32.1725143432617,-63.16057067871092
2026-05-09 17:33:07+00:00,USA,USA,21.81000023125812,15.83000022422056,0.0,9.709999951463189,3.1900000019695156,-3.3699999685586604,-2.46167381484958,-5.015411536078361,5.001717732500082,2.624829190251984,-2.239085206874865,2.54858583760388,2.85328429039351,-16.497020789128918,-25.1800001998168,-19.713396142875602,55.134432792663546,77.19348312377932,1.0,110.999999673762,0.0,1188.4140625,5343.31640625,234.866846309777,77.1571815490723,235.13639835933378,0.04080000097961648,32.2754702,0.4486316054665198,1.5966537641361378,1914.82479572296,955.4486751556399,1080.8934211730962,1079.037976264954,-64.8481495,4.0,391.110809326172,7.38631820678711,18.2854423522949,-305.700988769531,62.460595369339,26.7255187034607,-2.5089999821651903,-1.31161819506877,0.612322990636205,-0.0772000016831563,60.8996429443359,306.009460449219,2.0,7.0,4.0,0.0,0.0,26050902.0,3.0,-142.9753089750472,90.72214132995066,31.7066682815552,-64.25346450805667
2026-05-09 17:33:08+00:00,USA,USA,21.71999951158382,14.5299995619441,0.0,6.610000007493454,-1.739999997193492,-10.219999931504281,-2.462404324925655,-5.01482542047021,5.001358976813928,2.645319160120466,-2.33732701935833,2.511649882119746,2.870085531223366,-16.563396567483082,-31.950000035316116,-19.6815742915326,54.653341484069855,76.61685882568361,1.0,110.999999673762,0.0,1209.85546875,5364.7578125,234.669044031414,76.9571891784668,235.17100282974442,-0.32640000483538456,32.2753584,0.6917982927500217,1.514542009681464,1914.8793458938603,1042.0598387718226,1120.7282543182362,1155.5220842361439,-64.8483346,4.0,372.67333984375,7.38631820678711,18.2854423522949,-306.700988769531,62.4625325202942,26.4677166938782,-1.9449999715931021,1.09069839440735,0.22595370344057,0.23019999202692762,61.8996276855469,307.009521484375,2.0,7.0,4.0,0.0,0.0,26050902.0,3.0,-142.8040023665122,90.76672197466335,31.7286100387573,-62.1124639892578
2026-05-09 17:33:09+00:00,USA,USA,21.81000023125812,15.290000345797461,0.0,8.780000198791166,1.7600000290550786,-5.2600000979923305,-2.46167381484958,-5.01204211838343,5.0006414654416185,2.227609549918232,-2.17341517916101,2.5233279261192236,2.872795366087888,-16.165524046442037,-27.070000286561775,-19.91878420008615,54.54250831604,76.60967102050782,1.0,110.999999673762,0.0,1231.125,5386.02734375,234.33537563008,76.5738830566406,234.6399966029112,-1.5555999800523461,32.2752463,0.5077062637795892,1.5327890403568758,1914.8975372314442,1158.021259307862,1160.7304811477659,1286.2403154373158,-64.8485181,4.0,356.920501708984,7.38631820678711,18.2854423522949,-307.700988769531,62.3658418655396,26.7098933458328,-2.0086000891346423,-0.0675963811836328,-1.30445674172401,-1.1941999701519992,62.8996124267578,308.009582519531,2.0,7.0,4.0,0.0,0.0,26050902.0,3.0,-142.7005331968136,90.81683507260375,31.91804008483885,-60.707694396972634
2026-05-09 17:33:10+00:00,USA,USA,21.7900000713305,15.26999984436038,0.0,8.359999743141303,1.220000022565946,-6.22999995707622,-2.46225843635386,-5.0098449319048,5.001358976813928,2.231563674494798,-2.43714617865325,2.493453404397186,2.8996230257985443,-15.845853093284159,-28.03000044988,-19.878608173614502,54.25201950073245,76.29379486083985,1.0,110.999999673762,0.0,1252.40625,5407.30859375,233.797976346183,76.5853981018066,233.9894019599376,-1.5508000219244382,32.2751328,0.6431856886527116,1.5601596096530579,1914.870262145998,1106.123757362366,1197.1701860427859,1235.411143302914,-64.8487,4.0,340.794799804688,7.38631820678711,18.2854423522949,-308.700988769531,62.4664008617401,26.924729347229,-2.404199950106726,-0.418306184537557,0.439274972011202,-0.26719999120670324,63.8995971679688,309.009643554688,2.0,7.0,4.0,0.0,0.0,26050902.0,3.0,-143.03385735661283,90.8391697911897,31.788979911804198,-61.026703033447255
2026-05-09 17:33:11+00:00,USA,USA,21.76999991140288,16.64999995106428,0.0,11.50000009234368,5.950000108655592,0.4600000124449274,-2.461674135014705,-5.020098539952871,5.000641465441616,2.44509190846945,-1.93962954325911,2.5149086080614422,2.8822798521467297,-15.21223147039824,-21.30999964816192,-20.24317720452675,53.88223686218265,75.89040573120114,1.0,110.999999673762,0.0,1273.58984375,5428.4921875,233.224732229523,76.1990295410156,233.050802828346,-1.9779999665349959,32.2750182,0.21452880599525,1.687889080494644,1914.9520635604858,972.3053574562066,1021.3628530502316,1171.004223823548,-64.8488796,4.0,326.552520751953,7.38631820678711,18.2854423522949,-309.598999023438,62.4567329883576,27.0243346691132,-2.153399992817206,0.856147510514144,-0.85367647613848,-0.9833999698639418,64.8995819091797,310.009704589844,2.0,7.0,4.0,0.0,0.0,26050902.0,3.0,-143.30320723257,90.8313116585496,31.7803916931152,-61.95227645874022
2026-05-09 17:33:12+00:00,USA,USA,21.74999975147524,17.370000244307683,0.0,12.77000017321926,7.980000119610895,3.1100000239335683,-2.46182013030821,-5.0225889976789855,5.001717732500082,1.653168229161944,-2.348360122745425,2.4763433536394777,2.909920432434668,-18.9876366341241,-18.649999551373398,-20.57905090318845,53.5287311553955,75.49735885620116,1.0,110.999999673762,0.0,1294.65234375,5449.5546875,232.650668490161,75.5578948974609,232.80699785988418,-0.1885999885071948,32.274903,0.20474710465487905,1.651394972577694,1914.9520874023442,1066.1278963088985,1108.0930709838838,1187.637424468994,-64.8490569,4.0,308.126770019531,7.38631820678711,18.2854423522949,-310.598999023438,63.0504131317139,26.8114537000656,-1.751800002758334,0.50388482629982,2.65112319874505,0.4638000041979195,65.8995666503906,311.009765625,2.0,7.0,4.0,0.0,0.0,26050902.0,3.0,-143.0057634225186,90.79228395763215,31.69831867218015,-61.204287414550755
2026-05-09 17:33:13+00:00,USA,USA,21.81000023125812,17.34000034592568,0.0,12.680000136563839,7.799999875545315,2.8699999831040097,-2.4344983064111,-5.02405385981254,1.3567292466591734,2.482476991580198,-2.1382169732121152,2.455974363496666,2.9063975062381404,-20.53525880381548,-18.93000008281296,-20.811132193449048,54.1282928466797,75.30336776733397,1.0,110.999999673762,0.0,1315.62109375,5470.5234375,232.988353042727,75.4533805847168,232.9721955472262,1.2423999267697758,32.2747886,0.047115649412803565,874.3214488029483,1914.9520635604836,998.1243610382074,1137.523555755616,1125.757360458376,-64.8492344,4.0,292.469879150391,7.38631820678711,18.2854423522949,-311.598999023438,62.5572919845581,26.5575557947159,-2.7230000114567625,-1.67193447272733,2.06963440342578,-1.3183999432565272,66.8995513916016,312.009826660156,2.0,7.0,4.0,0.0,0.0,26050902.0,3.0,-141.463307266406,90.78131467382511,31.557865333557153,-57.532631835937515
2026-05-09 17:33:14+00:00,USA,USA,21.76999991140286,17.34000034592568,0.0,12.650000238181859,7.789999795581501,2.909999961449814,-2.40410855363789,-5.01233496274409,0.01695537598796794,3.032114523054264,-1.707420347034165,2.3497834914797764,2.766568208691028,-19.176464043918262,-18.8699999445395,-22.5914961326937,54.32765350341795,73.68756042480466,1.0,110.999999673762,0.0,1336.51953125,5491.421875,231.656356871548,74.5621078491211,230.22999753887098,1.29559995004989,32.2746732,-0.26329057368670916,1680.9178829193122,1914.924812316894,940.2747631073,1091.081905364988,1092.574858665466,-64.8494076,4.0,274.267974853516,7.38631820678711,18.2854423522949,-312.598999023438,62.8686368465424,26.7157524824142,-2.239399993218234,1.23890784314622,0.687919150843936,-2.70059974439913,67.8995361328125,313.009887695312,2.0,7.0,4.0,0.0,0.0,26050902.0,3.0,-138.71227645741618,90.8060741095664,31.55685596466065,-50.00611267089844
2026-05-09 17:33:15+00:00,USA,USA,21.75999983143906,17.25999970621514,0.0,12.670000227354759,7.860000013818754,2.699999947068298,-2.340260478885145,-5.01233496274409,0.779618063653269,3.2661320438784904,-3.06705290433827,2.585521622333288,2.4075098170898324,-19.87188351086716,-19.089999996196163,-23.267296393516,53.0765441894531,71.91335357666014,1.0,110.999999673762,0.0,1356.91796875,5511.8203125,228.595913029005,72.129727935791,228.7081958748086,-1.1452000062833432,32.2745538,0.3821417629531966,1912.1390819549538,1914.9066209793102,1009.3516469001764,1168.550753593442,1221.358823776244,-64.8495696,4.0,259.397247314453,7.38631820678711,18.2854423522949,-313.598999023438,62.9247188568115,26.7235666513443,-2.97859990552985,-1.4553061652988,-3.45808486285949,1.0856000210457353,68.8995208740234,314.009948730469,2.0,7.0,4.0,0.0,0.0,26050902.0,3.0,-136.965064890365,90.8284600545711,31.5572473526001,-43.48673149108886
2026-05-09 17:33:16+00:00,USA,USA,21.75999983143904,17.2399995462875,0.0,12.630000249008962,7.96000030119272,2.83999999934466,-2.423248237796155,-5.004717807715645,2.055866406917648,2.2362368685805762,-5.4148875294044245,2.7691148447230702,2.211856828503334,-20.54899158216072,-18.91999966133966,-24.4182182733826,52.4972608566284,70.1996058654785,1.0,110.999999673762,0.0,1376.85546875,5531.7578125,230.657346082785,71.3174057006836,235.19259715582461,-2.6460000019146697,32.2744405,0.441379962108463,1909.3107938766498,1914.8429632186878,966.7212843894964,1077.9286623001099,1195.1416730880721,-64.8497318,4.0,242.215133666992,7.38631820678711,18.2854423522949,-314.598999023438,62.665581703186,26.5419334173202,-1.963400010297272,1.97823985558525,-1.51602697390703,12.745999229985276,69.8995056152344,315.010009765625,2.0,7.0,4.0,0.0,0.0,26050902.0,3.0,-136.2612248246978,90.87550981266875,31.58429260253905,-46.5426040649414
2026-05-09 17:33:17+00:00,USA,USA,21.039999538195662,16.86999931970202,0.0,12.360000309797421,7.74000007878134,3.0499999710374963,-2.7734622387854397,-5.02317511328714,0.9928049215715543,0.9151660972429971,-9.528457536060404,2.7767191504581357,2.2194445710296677,-20.2335167557194,-18.00000015938618,-22.913574556779352,47.0123743057251,66.69349639892579,1.0,110.999999673762,0.0,1396.26953125,5551.171875,243.383054016029,68.0770706176758,255.2038055974574,-1.3848000221431138,32.2743619,1.987986919729002,1909.210467338562,1914.9793386459344,1138.999581336976,1127.090215682982,1266.830992698668,-64.8499096,4.0,227.508087158203,7.38631820678711,18.2854423522949,-315.598999023438,62.3890459537506,32.3620170354843,-1.403400014635238,-0.842039701422629,1.27164824821097,25.15179903175276,70.8994903564453,316.010070800781,2.0,7.0,4.0,0.0,0.0,26050902.0,3.0,-140.90289297708182,90.94855527074745,31.6386972427368,-47.096450958251964
2026-05-09 17:33:18+00:00,USA,USA,-1.1800000228757859,-0.9899999336341517,0.0,-0.23000008359569862,0.31999998151290737,1.179999996195373,-3.72329150337757,-5.0231751132871345,0.5771985987551117,0.7030758715526801,-9.101338059616005,2.80985278232001,2.173105451426494,-7.622128345311921,2.379999992235816,-13.814357270900636,34.59778747558595,62.439793395996084,1.0,110.999999673762,0.0,1414.6953125,5569.59765625,269.052953973688,64.0651931762695,280.3779977459136,-0.9597999960868533,32.2743495,1.9443502071596217,1909.2834472656243,1915.1793718338,1043.6104774475086,1059.8703742027285,1114.3631219863898,-64.8500967,4.0,221.525466918945,7.38631820678711,18.2854423522949,-316.700988769531,62.1589243412018,39.7894620895386,-0.9159999993076301,-0.345762878764984,0.910999105552076,24.13919924012678,71.8994750976562,317.010131835938,2.0,7.0,4.0,0.0,0.0,26050902.0,3.0,-163.67561520204282,91.01932286073796,31.61019973754885,-57.75024215698242
2026-05-09 17:33:19+00:00,USA,USA,-21.66000005632926,-17.3100001060342,0.0,-12.6100000890813,-7.570000000056941,-2.1900000310602237,-4.2852118067247496,-5.0110165227908645,-0.3333309179513128,-0.9648880768069571,-6.9878149950178345,2.9089821778861222,2.091809295585144,15.650576789630392,19.490000121163682,-4.77942460491216,27.40884075164795,57.83978210449218,1.0,110.999999673762,0.0,1431.91796875,5586.8203125,293.242833900475,59.484107208252,302.2314010972714,-1.7292000167005022,32.2743994,1.4499578070135573,1909.4020366668742,1915.9885883331299,1180.0352096557601,1022.4546194076541,1170.6354856491077,-64.8502619,4.0,220.274108886719,7.38631820678711,18.2854423522949,-317.598999023438,61.9810104370117,41.5784537792206,0.5163999846872753,2.69845320804207,-0.337766995083147,17.649599160624017,72.8994598388672,318.010192871094,2.0,7.0,4.0,0.0,0.0,26050902.0,3.0,-103.34069930455239,91.08788088453196,31.50632915496825,-56.897068634033204
2026-05-09 17:33:20+00:00,USA,USA,-21.68999961320184,-17.13000037423286,0.0,-12.68000030731858,-7.709999838889891,-2.4699999435138777,-4.34350768473422,-4.97527392942078,1.0383849190093342,-0.4634204831358624,-1.917038906022705,3.0184320319767997,1.9758268778175343,20.02145816501072,19.220000011197403,16.46679720205158,26.66692972183225,55.4059691619873,1.0,110.999999673762,0.0,1447.890625,5602.79296875,309.984529141147,55.9369960784912,312.87679733386983,-1.9556000196424796,32.274485,0.13294426942858262,1909.420323371888,1897.9496717452998,1230.17237186432,1078.83336544037,1182.1459531784062,-64.8503937,4.0,223.11701965332,7.38631820678711,18.2854423522949,-318.700988769531,77.7996957302094,42.2268658876419,-0.35740001099854846,-0.794046523445888,-0.951837553651523,5.772799943328944,73.8994445800781,319.01025390625,2.0,7.0,4.0,0.0,0.0,26050902.0,3.0,162.2029635792476,91.15429764402114,31.39923305511475,-54.69336433410645
2026-05-09 17:33:21+00:00,USA,USA,-21.75999983143904,-17.49000017934508,0.0,-13.45999988506174,-8.839999824800419,-4.599999900333699,-4.36352419442718,-4.9808401067075145,2.3752873644797496,1.6650307309576935,-1.1563177293109554,3.0944763272992803,1.883690998319964,20.195407715245317,17.159999931105364,31.1594937483274,35.50953769683839,55.557428741455055,1.0,110.999999673762,0.0,1463.2578125,5618.16015625,315.814150239266,55.0969573974609,317.5207959467988,-1.950999993958186,32.2745834,-0.3521547458810962,1909.566259384154,1511.7333650589,905.7319998741143,922.383892536163,1014.1761898994458,-64.8505087,4.0,229.908950805664,7.38631820678711,18.2854423522949,-319.700988769531,97.9327440261841,41.9651567935944,-2.521799991457546,-3.20632152873188,-0.240295900078407,4.609199909013602,74.8994293212891,320.010314941406,2.0,7.0,4.0,0.0,0.0,26050902.0,3.0,141.52271351973118,91.46699736460269,31.32495517730715,-44.0059130859375
2026-05-09 17:33:22+00:00,USA,USA,-21.709999431620002,-19.39000000454444,0.0,-17.16000027261486,-14.509999914280638,-12.02000015234858,-4.369514697216105,-4.974541391632295,4.260948370783247,2.369601797620756,0.2017364531515201,3.133584923269718,1.8468365355303642,20.53796697382138,9.700000042254121,31.858676307999552,37.96693897247315,56.048703689575156,1.0,110.999999673762,0.0,1478.70703125,5633.609375,320.382153435414,55.9072677612305,319.8735884781176,-2.5313999717463878,32.2746895,-0.37030566410745813,1909.329056739806,1249.988627433776,612.8120183944704,711.5020036697387,752.2312283515934,-64.8506163,4.0,240.567657470703,7.38631820678711,18.2854423522949,-320.700988769531,97.8495895862579,42.252254486084,-2.29060003038766,0.75895498584192,-1.3111461649641,0.17759999286127237,75.8994140625,321.010375976562,2.0,7.0,4.0,0.0,0.0,26050902.0,3.0,139.78822796114142,91.7026423060627,31.26951541900635,-40.91024391174316
2026-05-09 17:33:23+00:00,USA,USA,-21.709999431620002,-17.16999966955974,0.0,-12.230000124041435,-7.1399999980517865,-1.2699997820547981,-4.374335956996485,-4.984502582206525,3.01987200660857,3.6712609578937516,1.6186351715804155,3.1200056961147657,1.8527983515247723,19.97491828053462,20.429999953799523,30.05587519733135,37.4698539733887,57.02253730773924,1.0,110.999999673762,0.0,1494.29296875,5649.1953125,320.540231333565,56.4546718597412,319.4370027863702,-3.7063999332959376,32.2747982,-0.7924072406924878,1909.4476699829102,864.1087293624881,878.6011338233948,872.2577333450317,997.298610210418,-64.8507232,4.0,253.480972290039,7.38631820678711,18.2854423522949,-321.700988769531,98.2479572296142,42.0764803886414,-1.379399925174916,0.669447918089842,-2.22210983890985,-2.9153998876632867,76.8993988037109,322.010437011719,2.0,7.0,4.0,0.0,0.0,26050902.0,4.0,141.7466672263888,91.97861609947705,31.097153663635247,-44.71035575866698
2026-05-09 17:33:24+00:00,USA,USA,-21.76999991140286,-14.65999974770006,0.0,-7.830000115436762,-0.129999993656888,7.209999981501291,-4.37258273281391,-4.98201212448041,3.6282074154134443,4.860763374730622,2.11825185002049,3.131683825491606,1.851985601702222,18.363208787370503,28.98000053323442,28.91099291223825,39.81118469238285,59.00742691040038,1.0,110.999999673762,0.0,1510.16796875,5665.0703125,318.284001284656,57.8974067687988,314.8066044461164,-3.9469998354893483,32.2749067,-1.4305902293247765,1909.420323371886,293.67640167474747,1057.0255398750305,1017.4945950508111,1171.44138813019,-64.8508371,4.0,262.313171386719,7.38631820678711,18.2854423522949,-322.700988769531,97.0373809337616,42.0979648828506,-2.364399968237558,-1.55263251899007,-0.206358944588648,-3.385799967689214,77.8993835449219,323.010498046875,2.0,7.0,4.0,0.0,0.0,26050902.0,4.0,137.55705377818398,92.24181402404889,31.60508422851565,-45.12377540588378
2026-05-09 17:33:25+00:00,USA,USA,-21.79000007133048,-14.570000394063538,0.0,-7.249999831781051,0.7200000264391268,8.959999930592558,-4.368345667650971,-4.334248509540625,3.477828719938522,5.000239764941059,1.102729772630326,3.085513923825118,1.8999502209504961,17.36185114560892,30.74999966041358,28.9129915963442,44.2612449645996,61.746365203857394,1.0,110.999999673762,0.0,1526.63671875,5681.5390625,314.417786365349,60.827961730957,312.5051967939618,-2.774400045102824,32.2750133,-1.2091004493771176,1909.402060508728,0.8091888856142762,891.8973088264463,964.633059501648,1098.708081245422,-64.8509644,4.0,275.698181152344,7.38631820678711,18.2854423522949,-323.700988769531,97.4144756793976,42.3928767442703,-2.7236000008866683,0.421132495471767,0.994167971197794,-2.0983999585587,78.8993682861328,324.010559082031,2.0,7.0,4.0,0.0,0.0,26050902.0,4.0,135.0239934301388,92.1923907752147,31.978856277465802,-40.9613667297363
2026-05-09 17:33:26+00:00,USA,USA,-21.73999967151144,-16.150000050987,0.0,-10.789999879064116,-4.73999995261005,1.2099999639464716,-4.375358777824696,-0.3670983353392675,3.2535158307078262,4.995566464133567,0.495939261902259,3.02169118480532,1.9649874529820859,16.63515043678974,22.950000126377738,27.46028293064235,46.34097919464109,64.2716194152832,1.0,110.999999673762,0.0,1543.86328125,5698.765625,312.280920702375,63.3525032043457,310.8827919075764,-1.6426000055252281,32.2751202,-0.9003565502472848,1909.420299530028,0.7455448154360057,785.5910301208498,920.289957523346,984.7499132156363,-64.8511018,4.0,285.564422607422,7.38631820678711,18.2854423522949,-324.700988769531,98.3117699623108,42.3889696598053,-2.4801998065109183,-0.14637611657589,1.69216559977061,-0.8257999795157869,79.8993530273438,325.010620117188,2.0,7.0,4.0,0.0,0.0,26050902.0,4.0,135.74261402516998,92.03187108443564,31.98928813934325,-44.62440834045408
2026-05-09 17:33:27+00:00,USA,USA,-21.68999961320184,-15.38000038245288,0.0,-8.819999835627504,-1.4400000315339172,6.1500000430732955,-4.3759429724421395,-0.365340241978863,2.6232875738676276,4.995206683919038,0.6950511890185365,2.955966793054548,2.030024258126856,17.44157789473372,27.82999987513204,26.051788640759,46.39528427124025,65.68582901000974,1.0,110.999999673762,0.0,1561.76953125,5716.671875,311.349255578829,65.2698028564453,310.057185961462,-1.4623999997707708,32.2752281,-1.0518042983933642,1909.48417186737,0.845556927379221,860.662794113159,962.460720539093,986.6195440292361,-64.8512465,4.0,296.091278076172,7.38631820678711,18.2854423522949,-325.700988769531,97.7799713611603,42.3460006713867,-1.83199997727092,0.771039778278641,-0.0568394135401379,-1.384799942101838,80.8993377685547,326.010681152344,2.0,7.0,4.0,0.0,0.0,26050902.0,4.0,138.1278581512732,91.88528839465805,32.039662170410196,-51.36125633239747
2026-05-09 17:33:28+00:00,USA,USA,-21.77999999136668,-16.8700000027209,0.0,-12.57000011073551,-7.5600000481591705,-2.9300000466722533,-5.119180038817425,-0.366805557679669,2.720190327764314,4.99448737962207,0.37930870587315996,2.927450283694236,2.054413070728314,16.735477377960784,18.85000029687606,24.98703813500855,47.318971824646,66.93140670776366,1.0,110.999999673762,0.0,1580.04296875,5734.9453125,310.362866979652,66.4389060974121,309.29200260082064,-0.19439999538583672,32.2753363,-1.322366842421276,1909.329080581664,0.7182687986642124,814.2106533050537,948.6173868179319,939.0137910842896,-64.8513955,4.0,304.604064941406,7.38631820678711,18.2854423522949,-326.700988769531,97.7528929710388,42.1760857105255,-2.449800043241706,-0.91092717512238,1.87009768389985,0.4150000132937725,81.8993225097656,327.0107421875,2.0,7.0,4.0,0.0,0.0,26050902.0,4.0,138.13088255903799,91.7620034801393,31.9749475479126,-52.35440460205079
2026-05-09 17:33:29+00:00,USA,USA,-21.68749967858825,-18.599999749195874,0.0,-15.54999990622445,-12.099999639464695,-8.075000004149132,-7.589671627885499,-0.366365917612702,3.0141293969978324,4.994577324675703,1.8319302132918498,2.9073525160944973,2.0762953853312776,16.446895738357497,13.612499994604175,23.432322301599953,47.2285440444946,67.4523296356201,1.0,110.999999673762,0.0,1598.66796875,5753.5703125,311.852667841415,67.5312286376953,309.5912468487378,-0.7652500190182927,32.2754362,-1.866253407975045,1909.2879891395576,0.7955508917802947,744.0288215875626,813.9140903949738,913.5229885578156,-64.8515306,4.0,317.442504882812,7.38631820678711,18.2854423522949,-327.700988769531,94.7264611721039,42.0413255691528,-1.9440000105542725,1.31050359357359,-1.30541382198146,-1.3125000298535325,82.8993072509766,328.010803222656,2.0,7.0,4.0,0.0,0.0,26050902.0,4.0,139.14700433770926,91.64121841485675,31.901972579956052,-52.47983980178833
2026-05-09 17:33:31+00:00,USA,USA,-21.6999993516562,-19.475000342727398,0.0,-17.550000317618498,-15.1999994553684,-13.00000021946235,-8.72257077296659,-0.366072659705428,2.789817126753035,4.99412759940754,0.820613878243975,2.8489615490451747,2.107120509303225,15.9748263600984,8.699999985967466,23.0831229038675,46.1269912719726,67.48478164672849,1.0,110.999999673762,0.0,1598.66796875,5753.5703125,311.852667841415,67.5312286376953,305.1239934963067,-1.4036666623745233,32.2756794,-1.3162226319169068,1909.2804193496734,0.6819007491382463,906.0130516688026,926.8625378608704,964.009722073873,-64.8518902,4.0,317.442504882812,7.38631820678711,18.2854423522949,-327.700988769531,94.7264611721039,42.0413255691528,-1.8420000287756164,1.31050359357359,-1.30541382198146,-0.5079999708073751,82.8993072509766,328.010803222656,2.0,7.0,4.0,0.0,0.0,26050902.0,4.0,142.0283196390793,91.3647972440518,31.9541130065918,-52.47983980178833
2026-05-09 17:33:32+00:00,USA,USA,-21.76999991140284,-19.21999966968794,0.0,-16.810000547466423,-14.2299998951053,-11.340000008205731,-8.894536580134119,-0.3663659042724895,2.649845697238164,4.994128026294364,0.853708305887229,2.8546647996908185,2.107526585393722,16.17624266230658,10.43999998316096,23.1162868873825,45.32969799041745,67.24722381591798,1.0,110.999999673762,0.0,1654.9609375,5809.86328125,306.308056876982,67.2005950927734,305.08240401910496,-1.927199965007522,32.2757592,-1.329549789517578,1909.2195749282841,0.6819007452577351,943.1990742683396,992.8904771804807,1006.4433574676523,-64.8520188,4.0,276.830230712891,7.38631820678711,18.2854423522949,-330.700988769531,87.2019469738006,42.2151476144791,-1.94000001698856,-0.306658391580221,-0.498954496936129,0.4393999831493116,85.8992614746094,331.010986328125,2.0,7.0,4.0,0.0,0.0,26050902.0,3.0,143.286271095504,91.2768722188662,31.89028415679935,-57.94002960205078
2026-05-09 17:33:33+00:00,USA,USA,-20.859999806394296,-18.20999944806012,0.0,-15.579999932672482,-13.010000043294081,-9.799999988118639,-9.412333221112785,-0.368124010973106,2.619698224081422,4.9948469037045085,0.9908294761171105,2.880193826996846,2.1213470036037383,17.354602607352263,11.04999990906656,21.88936976148935,44.8391670227051,67.45691848754885,1.0,110.999999673762,0.0,1673.64453125,5828.546875,307.162376938368,67.3594024658203,305.138187540094,-2.346999975949584,32.2758598,-1.4083749963606258,1909.2378377914417,0.7091767736710608,885.9692335128786,887.2123003005984,1049.250483512878,-64.8521789,4.0,264.472015380859,7.38631820678711,18.2854423522949,-331.598999023438,87.0723843574524,42.1253085136414,-1.976599969854216,0.442509173304909,-0.692091489292315,-0.5323999923006564,86.8992462158203,332.011047363281,2.0,7.0,4.0,0.0,0.0,26050902.0,3.0,144.446359601501,91.20332132678894,31.74900856018065,-58.75211700439454
2026-05-09 17:33:34+00:00,USA,USA,-20.04999947649548,-16.74999972617406,0.0,-13.709999835100358,-10.340000208051185,-6.799999990013387,-9.47194369709407,-0.3679771485657375,2.8852846231173483,4.993409405016317,0.779109940267702,3.00267990820346,2.2226965521595603,16.36735852698212,13.24000000415982,21.2909111477338,45.2423910140991,68.10988677978517,1.0,110.999999673762,0.0,1692.390625,5847.29296875,306.17994984891,67.7722480773926,304.41401263523005,-1.4927999551390518,32.27596,-1.571366319156898,1909.2652082443237,0.8182808989658952,737.1862649917603,834.5592141151428,917.4756884574888,-64.852341,4.0,250.292785644531,7.38631820678711,18.2854423522949,-332.598999023438,97.7528929710388,42.5588846206665,-2.882000070522854,-1.18001805884408,0.506513595356629,-0.3653999821217172,87.8992309570312,333.011108398438,2.0,7.0,4.0,0.0,0.0,26050902.0,3.0,144.5159920140516,91.1491818323328,31.65492782592775,-57.96382461547849
2026-05-09 17:33:35+00:00,USA,USA,-18.85999986457572,-15.659999889364082,0.0,-12.75000001329158,-9.299999917286621,-5.819999922899636,-9.45631067474438,-0.367244730839173,3.5747309615710186,4.9948471598366,-0.658276556732904,3.2500962111225,2.4993745807660317,14.242572053555781,13.03999994167604,21.23598874284405,46.0709146499634,68.65395309448243,1.0,110.999999673762,0.0,1711.33203125,5866.234375,305.475402175645,68.6740608215332,306.1953970047368,-0.20439999916452845,32.2760611,-1.0974166858688523,1909.3108177185059,0.8091888972558087,448.6033022403718,673.0973482131958,644.4533228874207,-64.8525049,4.0,233.34358215332,7.38631820678711,18.2854423522949,-333.598999023438,97.4550843238831,49.0508168935776,-2.9998000016286084,0.0284474444084122,2.08646633741822,3.9341998048526543,88.8992156982422,334.011169433594,2.0,7.0,4.0,0.0,0.0,26050902.0,3.0,145.1715945517244,91.08988212995875,31.390284347534198,-57.304871520996095
2026-05-09 17:33:36+00:00,USA,USA,-16.8700000027209,-13.660000118300221,0.0,-10.550000179744027,-7.099999998361651,-3.439999984024669,-9.437463194616555,-0.367830753065832,3.116416047507784,4.9959258174612735,-1.60812759255301,3.32804177497781,2.625383801612588,16.04463550379362,13.44000006664356,20.5771111294642,44.73660278320315,68.12312255859374,1.0,110.999999673762,0.0,1730.39453125,5885.296875,310.417153323176,68.2958221435547,311.19399171861636,0.25060000216754635,32.2761703,-0.755009841896895,1909.392952919006,0.85464894073084,477.8743267059326,613.7274622917178,578.3040165901184,-64.852661,4.0,218.893325805664,7.38631820678711,18.2854423522949,-334.598999023438,97.990757226944,56.1755418777466,-2.376800005920984,1.35191150869508,0.836901424815223,6.413999874542394,89.8992004394531,335.01123046875,2.0,7.0,4.0,0.0,0.0,26050902.0,3.0,147.47337649824578,91.17530047571896,31.129223442077652,-59.6125291442871
2026-05-09 17:33:37+00:00,USA,USA,-16.389999579552377,-12.479999903325359,0.0,-8.539999987206883,-4.219999935293818,0.1399999989155086,-9.301877963176281,-0.3701744017454325,3.8991770707323994,4.9973642553004805,-2.8327427312524502,3.537707238156046,2.8294374106140117,15.77722471854168,16.53000001602686,22.03249552177335,45.3140562057495,67.35272140502931,1.0,110.999999673762,0.0,1749.30078125,5904.203125,316.675792263442,67.8018081665039,320.0048046083004,0.7941999999309727,32.2762917,-0.6791740087503617,1909.310793876648,0.2182011376135054,361.0666573047638,570.6987500190738,505.82847595214844,-64.8528007,4.0,202.699157714844,7.38631820678711,18.2854423522949,-335.598999023438,97.8341162204742,61.6089224815369,-2.898999984480194,-0.762846486121535,-0.231334558485218,10.574399835270782,90.8991851806641,336.011291503906,2.0,7.0,4.0,0.0,0.0,26050902.0,3.0,144.47964721143998,91.40464115257504,31.15396327972415,-55.201125640869144
2026-05-09 17:33:38+00:00,USA,USA,-16.31000030587966,-11.88999996659262,0.0,-7.240000093326692,-2.1799999724407497,3.050000035070519,-9.20720129599615,-0.3694419840188675,3.0044392795562898,4.997005072727504,-5.6675853187878555,3.748730799073374,3.02590340515515,16.94833749136854,19.36000010616242,24.8928856848472,45.87717761993405,66.35900665283202,1.0,110.999999673762,0.0,1767.98046875,5922.8828125,326.973231342963,66.7528541564941,333.0824093517352,0.43420000805575026,32.2764299,0.9819528395418026,1909.246945381166,0.5000605538953096,530.7110905647278,659.4638109207153,601.7532169818876,-64.8529116,4.0,190.910293579102,7.38631820678711,18.2854423522949,-336.700988769531,97.3023176193237,73.4600186347961,-1.991399858535552,1.26932907882263,-0.483993928054568,17.655398845003,91.899169921875,337.011352539062,2.0,7.0,4.0,0.0,0.0,26050902.0,3.0,143.1884573224382,91.63582256541244,31.0873346328735,-52.68171546936031
2026-05-09 17:33:39+00:00,USA,USA,-16.27999972447878,-11.7500000423823,0.0,-7.010000047083591,-1.8800000067811697,3.4800000370756656,-8.964228842217171,-0.3720789039459555,0.8323764805189852,4.996645548645065,-10.49091614059305,4.299510338176668,3.5502643275017043,20.04091259282368,19.759999889620463,31.6158152716814,49.70664596557615,63.19220718383789,1.0,110.999999673762,0.0,1786.37890625,5941.28125,343.157829034172,65.0988624572754,213.6967933103499,-0.4999999954598059,32.2765828,3.7522601712609323,1909.42029953003,0.4364164837170392,925.124561786651,960.8524441719062,902.8412342071537,-64.8529724,4.0,180.187576293945,7.38631820678711,18.2854423522949,-337.700988769531,97.9076027870178,81.0905814170837,-0.9839999966464437,1.49319162379927,-0.880557005782182,29.015799603731175,92.8991546630859,338.011413574219,2.0,7.0,4.0,0.0,0.0,26050902.0,3.0,131.516598400765,91.85989033622931,31.00076580047605,-45.93860115051272
2026-05-09 17:33:40+00:00,USA,USA,-16.379999499588557,-11.95000010486606,0.0,-7.429999990469261,-2.450000039718338,2.5699999961000923,-8.89482899760796,-0.372078410358066,0.27572241844052503,4.995925988216006,-9.175415303146215,4.997761686932812,4.241824353371397,18.62070111341916,18.9700004026682,32.43047925474545,61.8645149230957,58.212512512207,1.0,110.999999673762,0.0,1.671875,5958.69140625,11.7040490909674,59.8945152282715,25.14539948600988,-0.930799994710671,32.2767304,2.6000280369958957,1909.3016862869258,0.40004844777286064,1064.1715288162236,1038.3377432823174,1046.668100357057,-64.8529494,5.0,177.451309204102,7.38631820678711,18.2854423522949,-338.700988769531,98.0313658714294,80.864030122757,-1.399799928645428,0.285143775942357,-0.39138838233811,23.472199165785938,0.200000002980232,339.011474609375,2.0,7.0,5.0,0.0,0.0,26050902.0,3.0,94.93490160623375,92.07706644617365,31.26839447021485,-17.93965415954588
2026-05-09 17:33:41+00:00,USA,USA,-16.6333331511246,-13.833333243962235,0.0,-11.2500003130598,-8.19999982975809,-5.38333340724724,-8.956192697771826,-0.36402177534521296,4.738644088912,4.996525280397433,-2.83957195992711,5.266542864264333,4.28879530816148,15.471922092831269,11.233333228528865,22.2234291911528,74.81301498413086,55.53477029800415,1.0,110.999999673762,0.0,17.7421875,5974.76171875,37.5901578330294,56.5804172515869,41.875249471113506,-1.4734999749787105,32.2768534,-0.42800955548093744,1909.4134569168073,0.272760313237086,426.9205071032047,591.2822410464285,620.4477697610855,-64.8528533,5.0,177.886215209961,7.38631820678711,18.2854423522949,-339.700988769531,97.9114711284638,68.598884344101,-3.90800004229796,-3.7870321093726,-1.14665247802686,9.153749516212088,1.20000016689301,340.011535644531,2.0,7.0,5.0,0.0,0.0,26050902.0,3.0,62.05301566150633,92.28754214054214,31.4904676437378,29.787773895263676
2026-05-09 17:33:42+00:00,USA,USA,-16.5800000743365,-11.100000138130918,0.0,-5.74000001956888,0.08999995661414424,6.620000130145945,-8.975478590666999,-0.36929558851896205,5.699061007606074,4.9948471598366,0.782260898630899,5.384773865684075,4.187626973062076,14.64158897279226,23.199999905661663,19.571287227004348,75.37752342224124,52.865416488647455,1.0,110.999999673762,0.0,33.14453125,5990.1640625,46.062235687054,53.8441555023193,45.40919993447128,-3.2183998645054084,32.2769451,-0.7474506634351146,1909.5663070678697,0.6273486884310842,414.1352415084838,525.3834962844847,678.2437205314636,-64.852747,5.0,184.568283081055,7.38631820678711,18.2854423522949,-340.700988769531,97.6968169212341,57.1130037307739,-2.334799977431474,2.69879194273622,-2.88702448574236,-0.12520001952072274,2.20000004768372,341.011596679688,2.0,7.0,5.0,0.0,0.0,26050902.0,3.0,55.4408620099902,92.5288766295808,31.42134990692135,37.012778091430654
2026-05-09 17:33:43+00:00,USA,USA,-16.47999995771726,-7.760000238708969,0.0,1.0599999704445093,10.390000180983431,18.99000056259582,-8.964374837510675,-0.3694419840188675,6.000895007123849,4.995206683919038,1.2056999436492921,5.4912356827676065,4.062701617859437,12.934130985012478,35.45000070189492,19.1145362555063,73.82069549560545,51.46178810119627,1.0,110.999999673762,0.0,47.7734375,6004.79296875,46.0872000284704,51.5893421173096,43.88939951583558,-1.1696000273319525,32.2770358,-1.5246916238220638,1909.338188171386,0.5909806583076715,749.1065979003905,805.3609371185302,906.0558915138245,-64.8526376,5.0,196.820678710938,7.38631820678711,18.2854423522949,-341.700988769531,96.054995059967,47.8477388620377,-2.637799932929248,-1.2267262007615,3.19144153473819,-2.126200002419416,3.1999990940094,342.011657714844,2.0,7.0,5.0,0.0,0.0,26050902.0,3.0,54.13112405927821,92.763903438921,31.40685653686525,35.33736167907714
2026-05-09 17:33:44+00:00,USA,USA,-16.490000037681064,-8.709999809799186,0.0,-0.5400000118252185,8.250000144199802,17.2400005708159,-8.965982493286566,-0.368563170792397,6.826724385801536,4.994847586723424,0.748111713688981,5.581946485983532,3.964874952811462,11.985034023421079,33.74000068846076,18.7538331116643,74.41424560546875,51.67234039306639,1.0,110.999999673762,0.0,62.06640625,6019.0859375,44.149803210018,51.6815277099609,42.82359903925496,0.2440000063808188,32.2771282,-1.1271086921296603,1909.484148025514,0.7546368404291574,689.1107678413389,914.7340297698975,856.7529797554016,-64.8525316,5.0,207.615463256836,7.38631820678711,18.2854423522949,-342.700988769531,54.9360871315002,46.7891871929169,-3.1815999578518,-0.279780396577031,0.235933116746061,-0.03919999910937304,4.19999837875366,343.01171875,2.0,7.0,5.0,0.0,0.0,26050902.0,3.0,53.0671561224519,92.8983966938677,31.4145263671875,35.7554443359375
2026-05-09 17:33:45+00:00,USA,USA,-15.539999612817201,-6.860000042909459,0.0,2.130000026188921,11.470000023206955,20.000000101204783,-8.96422841533034,-0.368562703884934,6.079494604280874,4.99448737962207,0.0788040129127961,5.565922435303858,3.9851991198378443,13.38045037934586,35.54000073855036,19.0081748422036,75.24764099121094,52.24055534362792,1.0,110.999999673762,0.0,76.4296875,6033.44921875,43.32624290556,52.0962203979492,43.002000165281125,0.3655999946066074,32.2772227,-0.55439427264722,1909.4020366668697,0.6637167185544969,812.2175097465517,1035.806155204774,989.3215537071231,-64.8524268,5.0,216.252883911133,7.38631820678711,18.2854423522949,-343.700988769531,54.651814699173,35.1568311452866,-2.970999911351696,-0.301772858652531,-0.583518802245792,-0.09179999427296422,5.19999742507935,344.011779785156,2.0,7.0,5.0,0.0,0.0,26050902.0,3.0,52.77116031250455,92.98870545507356,31.4413621902466,34.737072830200205
2026-05-09 17:33:46+00:00,USA,USA,-15.279999924324178,-6.030000150724564,0.0,3.46000000521408,13.869999919238342,23.46000010641884,-8.961599646273536,-0.3684167886327045,5.423784234996508,4.9948471598366,-0.30628487895019896,5.567552459949284,3.987096119502452,11.82176483999164,38.739999689233606,19.0615741149084,76.54571685791015,53.5001749420166,1.0,110.999999673762,0.0,90.953125,6047.97265625,42.9926496363074,52.765449142456,42.62119936056106,0.31339997505400863,32.2773196,0.21375885691280444,1909.3473196029659,0.7910048589110377,911.7721438407896,1105.0386190414422,1113.9350414276118,-64.8523215,5.0,226.524353027344,7.38631820678711,18.2854423522949,-344.700988769531,55.1526725292206,29.9597680568695,-3.4612000267625698,-1.00501335110442,-0.54745753786224,0.42039997902762477,6.19999647140503,345.011840820312,2.0,7.0,5.0,0.0,0.0,26050902.0,3.0,52.65293588514188,93.06681208332719,31.480293273925803,34.698137969970695
2026-05-09 17:33:47+00:00,USA,USA,-15.22000046906966,-6.120000102002625,0.0,3.500000068937252,13.58000016160858,24.419999586718156,-8.955608289710966,-0.368855948451995,4.828727994598608,4.99448737962207,-1.20360088777913,5.531430919146305,4.0166338702097235,12.538165111278241,39.65999953269652,19.53827948406665,78.08234367370605,54.837936859130835,1.0,110.999999673762,0.0,105.86328125,6062.8828125,42.997014127187,54.4602207183838,44.150400168551435,0.07339999825747792,32.2774199,1.0598710612960975,1909.365558624268,0.7000847603194413,968.9952015876754,1145.93493938446,1194.7268247604338,-64.8522138,5.0,235.208557128906,7.38631820678711,18.2854423522949,-345.700988769531,34.0778559446335,29.1101902723312,-2.6585999933860522,1.46618601631639,0.0187217803012097,1.2200000279020284,7.19999551773071,346.011901855469,2.0,7.0,5.0,0.0,0.0,26050902.0,3.0,53.3946705233432,93.15814878800325,31.64454917907715,32.15104225158694
2026-05-09 17:33:48+00:00,USA,USA,-15.30000008425182,-6.450000094110237,0.0,2.790000010404148,12.670000056599989,22.26999981148014,-8.950202621869725,-0.36914872611159355,3.320630080577336,4.9948471598366,-2.12928484668588,5.473311131951374,4.0781478345353275,13.26372073888308,37.5700005787509,20.5872172481149,79.97352676391606,56.250508804321285,1.0,110.999999673762,0.0,121.12890625,6078.1484375,41.7544866039458,55.6687477111816,43.35019979407376,1.4331999805736146,32.2775236,2.83629244459713,1909.420275688172,0.681900745257735,1202.366495132444,1354.6954154968282,1328.244209289548,-64.8521052,5.0,227.986633300781,7.38631820678711,18.2854423522949,-346.700988769531,33.9792311191559,24.1689771413803,-2.664399805831086,-0.125423337358113,1.38470698216002,-1.949999862164622,8.19999504089356,347.011962890625,2.0,7.0,5.0,0.0,0.0,26050902.0,3.0,53.591908628081306,93.29684602438411,31.8433193206787,32.36948616027832
2026-05-09 17:33:49+00:00,USA,USA,-15.420000360798678,-8.24000014961335,0.0,-0.8099999990615283,7.339999953813837,14.429999957589018,-8.947134159385094,-0.368563170792397,3.5560685368810176,4.995206940051129,-2.38513562214492,5.446423921528889,4.103620768912798,12.253207228539122,29.8499996353688,20.1385933479555,82.6012195587158,58.864119873046874,1.0,110.999999673762,0.0,136.80078125,6093.8203125,39.1891597592428,57.7400756835938,43.45119916736858,0.9291999895470637,32.2776342,2.2032227223404997,1909.4294071197498,0.7182687986642126,873.7703323364252,1189.97175693512,1077.9465436935425,-64.8519965,5.0,218.394592285156,7.38631820678711,18.2854423522949,-347.598999023438,33.9637607336044,24.2803022265434,-4.290200107319024,-2.65807697165036,-1.99558106555768,2.4675999217612383,9.19999885559082,348.012023925781,2.0,7.0,5.0,0.0,0.0,26050902.0,3.0,53.57333666070912,93.3956378805392,32.17460861206055,34.87692604064938
2026-05-09 17:33:50+00:00,USA,USA,-15.30999982270618,-6.359999972077448,0.0,3.0799999547968495,13.020000123257882,22.45000056780994,-8.94289730766557,-0.36812353072543,4.054939492065858,4.995206940051129,-2.165534955127815,5.358158411413195,4.19169178939188,11.6779509381488,37.780000208934304,18.99499769974735,83.34125175476075,60.014947357177746,1.0,110.999999673762,0.0,153.2109375,6110.23046875,44.1192517738605,59.8813591003418,46.185798590272,-0.1617999977327817,32.277743,1.2138748156399823,1909.4020605087258,0.763728842139244,821.31130695343,1045.0008869171138,989.5136475563042,-64.8518764,5.0,207.203399658203,7.38631820678711,18.2854423522949,-348.598999023438,34.1281354427338,24.2060855031014,-2.946599999692834,2.36516238810366,-0.151996081602342,2.323999911561118,10.2000026702881,349.012084960938,2.0,7.0,5.0,0.0,0.0,26050902.0,3.0,54.01894639838777,93.54171172122365,31.98313579559325,34.1336775970459
2026-05-09 17:33:51+00:00,USA,USA,-15.289999662778538,-6.349999977490997,0.0,2.969999971657208,12.92000000663864,22.789999529975574,-8.94012168954161,-0.3682703931327985,3.3400109557906594,4.994487806508895,-2.385135675505775,5.310630369318931,4.239385378196152,11.207598669447062,38.0600003988644,19.07500653568485,83.5124290466309,60.24660232543945,1.0,110.999999673762,0.0,169.89453125,6126.9140625,46.2908728544256,60.1256057739258,48.614999764816645,-0.19979999663800685,32.2778481,1.385305050599216,1909.347343444822,0.6364407017827034,1022.5655794143673,1131.62522315979,1168.727374076842,-64.8517495,5.0,194.123443603516,7.38631820678711,18.2854423522949,-349.598999023438,33.8748037815094,23.9502370357513,-2.78879987679787,-0.240874811971418,0.603658041900398,2.6235998842674277,11.2000064849854,350.012145996094,2.0,7.0,5.0,0.0,0.0,26050902.0,3.0,54.05407132921349,93.7734156435326,31.9263038635254,34.41598365783692
2026-05-09 17:33:52+00:00,USA,USA,-15.280000265833639,-6.499999981665127,0.0,2.740000053480152,12.570000110735501,22.64999977652002,-8.94348171572643,-0.3697352419261415,3.5531972107313066,4.9948471598366,-1.143183675743419,5.285101000503443,4.255373570382682,8.933657427756389,37.9200006454088,18.704248499610948,83.40043716430665,59.889962768554675,1.0,110.999999673762,0.0,186.625,6143.64453125,49.1564309093803,60.0739974975586,50.63259871356014,1.0333999801487956,32.277948,0.6718415205318756,1909.4294071197498,0.6728087319061159,982.4485778808601,1168.82975101471,1167.181086540222,-64.8516174,5.0,183.414520263672,7.38631820678711,18.2854423522949,-350.598999023438,34.1184675693512,20.3761577606201,-3.300599995883404,-0.209193619836549,1.63071086599172,1.2659999699159763,12.2000102996826,351.01220703125,2.0,7.0,5.0,0.0,0.0,26050902.0,3.0,53.44534164773878,94.0673323438966,32.146543693542455,35.846615066528315
2026-05-09 17:33:53+00:00,USA,USA,-15.290000004288,-6.7800000008404835,0.0,2.250000062611952,11.77000003155522,20.299999768043556,-8.950202621869721,-0.36973476167846553,4.28212281098393,4.99448737962207,-0.649870875041078,5.309544113108804,4.23830142717487,7.9151335569311865,35.58999977233158,18.2103575207273,83.59396820068355,59.6969027709961,1.0,110.999999673762,0.0,203.26171875,6160.28125,50.6906689818836,59.9854476928711,52.23999904037693,1.22160001572336,32.278043,0.32508500265510676,1909.2834472656239,0.6728087435476484,851.6321301460266,1083.010792732238,1012.7091646194467,-64.8514812,5.0,171.569519042969,7.38631820678711,18.2854423522949,-351.598999023438,34.1126650571823,20.2999889850616,-3.2713999126532256,-0.292955671403427,-1.18260435266198,1.272800007536062,13.2000141143799,352.012268066406,2.0,7.0,5.0,0.0,0.0,26050902.0,3.0,52.78630830604582,94.3819615929186,32.333973884582505,38.3777655029297
2026-05-09 17:33:54+00:00,USA,USA,-15.279999924324178,-6.150000085761978,0.0,3.4199999841795945,13.780000053337622,23.440000288000636,-8.9519558460523,-0.369881624085834,3.9522942566244836,4.99412759940754,-0.826392191601378,5.297594099514312,4.246430974457112,7.211703302614245,38.72000021232488,18.090019832835452,82.62818756103515,58.898936920166,1.0,110.999999673762,0.0,219.8203125,6176.83984375,52.2290666395914,59.0558601379394,52.19559939567726,1.3851999937520438,32.2781345,0.26679219022663514,1909.2560768127437,0.6455327151343229,913.8387322425845,1100.842261314392,1024.9702453613265,-64.851344,5.0,161.992202758789,7.38631820678711,18.2854423522949,-352.700988769531,34.2248260974884,20.4601377248764,-3.12719997705622,-0.0274370099681801,0.184349113555532,0.1308000115799376,14.2000179290772,353.012329101562,2.0,7.0,5.0,0.0,0.0,26050902.0,3.0,52.440881051037266,94.71180850341145,32.16550712585445,37.04173599243164
2026-05-09 17:33:55+00:00,USA,USA,-15.270000185869822,-6.18000006952133,0.0,3.490000031662116,13.6599999475455,23.640000521239116,-8.95137101110462,-0.369002343951901,4.39266430005871,4.994128026294365,-0.657751059053636,5.3242098952946515,4.232881757445832,6.279391104021334,38.90000028563574,18.044175603126348,82.50812759399409,58.522613983154294,1.0,110.999999673762,0.0,236.171875,6193.19140625,52.5202000378686,58.6284370422363,52.77080036153533,1.46939996183034,32.278225,0.15455715774818357,1909.274315834048,0.6455327034927905,829.0856599807742,1050.403547286988,977.0483732223514,-64.8512079,5.0,150.769836425781,7.38631820678711,18.2854423522949,-353.598999023438,34.0701192617416,20.1710864901543,-3.3437999605440423,0.0140583735963643,-0.134421217795319,0.6031999910051622,15.2000217437744,354.012390136719,2.0,7.0,5.0,0.0,0.0,26050902.0,3.0,51.87603191988531,95.01770877067426,32.2825201034546,37.9614186859131
2026-05-09 17:33:56+00:00,USA,USA,-15.279999582814721,-6.18000006952133,0.0,3.4500000106276305,13.63000021991822,24.00999972329626,-8.951371864878261,-0.3697352419261415,4.436809007947611,4.9948471598366,-0.2642555266709903,5.320407699738437,4.224752210163588,7.363910226286572,39.29000067214886,18.0884147383805,81.90531806945799,57.66178504943846,1.0,110.999999673762,0.0,252.4140625,6209.43359375,53.059460548314,58.0705787658691,53.19619956945987,1.4207999855788678,32.2783134,0.04019283247227913,1909.3473434448238,0.6728087435476484,856.3283205032346,1060.277462005614,1012.1777772903457,-64.8510719,5.0,141.49006652832,7.38631820678711,18.2854423522949,-354.700988769531,34.0681880712509,20.2941298484802,-2.9199999987249496,0.70327923243109,-0.167408523526394,0.05760000046094389,16.2000255584717,355.012451171875,2.0,7.0,5.0,0.0,0.0,26050902.0,3.0,51.528115060924264,95.31779996204796,32.2818695068359,37.38290405273436
2026-05-09 17:33:57+00:00,USA,USA,-15.30999982270618,-6.35000006286836,0.0,3.080000018829872,13.109999989158581,23.57999969994678,-8.95400148770872,-0.3700280195857395,3.882667222848012,4.994487806508895,0.436048508041164,5.344578800060104,4.20605388429176,6.311435107267178,38.8900002056719,17.759679441175052,81.2806526184082,56.85871398925781,1.0,110.999999673762,0.0,268.40625,6225.42578125,53.2787779225632,57.1817882537842,52.62179841875362,2.191999974482226,32.2783997,-0.40049073532114826,1909.392929077148,0.6546247052028775,892.3656463623047,1090.3429031372082,1005.2051186561605,-64.8509373,5.0,130.861053466797,7.38631820678711,18.2854423522949,-355.598999023438,34.1590762138367,22.7901250123978,-3.2671999439552204,-0.278532926558151,0.450957583699686,-1.3463999835938774,17.2000293731689,356.012512207031,2.0,7.0,5.0,0.0,0.0,26050902.0,3.0,50.5151624900277,95.5991730200012,32.2963731765747,37.80828437805174
2026-05-09 17:33:58+00:00,USA,USA,-15.460000339144461,-8.72999996972682,0.0,-2.0900000425070298,5.299999948272088,12.850000129910859,-8.964959672458356,-0.36929558851896205,5.576675629001032,4.997004218953856,1.3659362882994999,5.370379754272462,4.180852279179072,5.657595612173845,28.310000639810077,16.6132227974783,81.15591316223146,56.325073699951155,1.0,110.999999673762,0.0,284.18359375,6241.203125,52.4289726162193,56.6146053314209,50.38339926169224,2.4408000737271083,32.2784866,-1.1603762063714336,1909.5754146575916,0.818280898965895,528.2468795776368,871.003878116608,694.8233723640442,-64.8508058,5.0,119.135208129883,7.38631820678711,18.2854423522949,-356.700988769531,34.0082377195358,25.8857071399689,-4.1073998272032,-1.27453848544694,0.076198744309106,-2.820999864488882,18.2000331878662,357.012573242188,2.0,7.0,5.0,0.0,0.0,26050902.0,3.0,48.35981092006554,95.7934714113205,32.3828510284424,41.076654510498045
2026-05-09 17:33:59+00:00,USA,USA,-15.469999736089381,-8.380000073823668,0.0,-0.9899999656506706,6.940000084978436,14.199999996723301,-8.96642005228027,-0.368269926225336,5.538632158342979,4.995206683919038,1.573978460971945,5.388847475882434,4.158902441752859,6.76156933300676,29.679999983531257,15.8551230260257,80.77773971557616,55.440070724487306,1.0,110.999999673762,0.0,299.8125,6256.83203125,49.9026461516771,55.8301231384277,47.381998989429775,1.1066000246183199,32.2785769,-0.9960639570061947,1909.548020362854,0.7455448270775378,549.1329610347748,793.6808347702025,712.5561594963076,-64.85068,5.0,109.22534942627,7.38631820678711,18.2854423522949,-357.700988769531,34.1320037841797,25.8251637220383,-2.70940003760221,1.89622294403174,-1.14564470495916,-3.077799950865186,19.2000370025635,358.012634277344,2.0,7.0,5.0,0.0,0.0,26050902.0,3.0,46.01900400470246,95.8291045082205,32.0566789627075,43.62920425415038
2026-05-09 17:34:00+00:00,USA,USA,-15.38000004094344,-6.469999997905774,0.0,2.7600000213087084,12.89000010825668,22.45000022630046,-8.957069523306526,-0.368855948451995,4.747257668933424,4.99448737962207,1.0675296990515775,5.405957355885413,4.1483337485406375,7.3307219956000225,37.819999845770624,15.6337164676642,79.9924129486084,54.37024543762205,1.0,110.999999673762,0.0,315.17578125,6272.1953125,46.3790813324618,54.591987991333,44.28000027597676,1.4885999224080244,32.2786716,-0.8437458399886151,1909.420299530028,0.6364406959619375,926.9489169120789,1034.7261548042286,1022.5574851036063,-64.8505631,5.0,100.733978271484,7.38631820678711,18.2854423522949,-358.700988769531,34.1648787260056,25.9989857673645,-2.323000014555312,0.427228546027709,1.05178968819184,-3.075399907768208,20.2000408172607,359.0126953125,2.0,7.0,5.0,0.0,0.0,26050902.0,3.0,44.39556229560097,95.7018000273752,31.783335685730002,43.99156356811524
2026-05-09 17:34:01+00:00,USA,USA,-15.4400005207263,-7.180000296562713,0.0,1.369999984051394,10.31000030966918,19.4800003827093,-8.962913603915116,-0.3687095662923025,5.062371946763912,4.9948471598366,0.693475749857578,5.435832347182952,4.066766434189242,5.8277311847759,34.91999919588834,15.70776340222995,80.9532188415527,54.73609497070311,1.0,110.999999673762,0.0,330.26953125,6287.2890625,43.046710583588,54.4372146606445,41.39319896666554,1.699999954814664,32.2787711,-0.34797582670553473,1909.3016862869258,0.6819007336162031,818.585181236267,1073.628115653994,903.7795066833496,-64.8504534,5.0,87.8001556396484,7.38631820678711,18.2854423522949,-359.700988769531,46.2164729833603,25.9364873170853,-3.4459999530288963,-1.41222090512753,-0.0800336153835905,-2.3671999615991197,21.200044631958,360.012756347656,2.0,7.0,5.0,0.0,0.0,26050902.0,3.0,43.55145405004386,95.4447663485293,32.32802925109865,42.756462020874
2026-05-09 17:34:02+00:00,USA,USA,-15.4000002008711,-7.170000216598898,0.0,1.480000009879716,10.31000013891444,19.54999957641816,-8.957507936073874,-0.368562703884934,4.5832404944125,4.200407238838862,-0.889435771455523,5.106668199475022,3.708791780165916,8.61322320095873,34.96999959570744,15.453735860392499,82.12955932617186,55.43561988830568,1.0,110.999999673762,0.0,345.5,6302.51953125,40.2519337790022,55.551358795166,39.81540067971158,0.9539999595262376,32.2788768,0.3982582426342044,1909.3564033508278,117.90698015829545,809.4319939613345,1013.5281682014465,931.5278172492974,-64.8503487,5.0,77.1748886108398,7.38631820678711,18.2854423522949,-360.700988769531,46.4930087327957,26.1278867721558,-2.7520000128329456,2.28854367387198,0.0666931286865383,-0.5469999485383819,22.2000484466553,361.012817382812,2.0,7.0,5.0,0.0,0.0,26050902.0,3.0,42.59197093204582,95.08804947384161,32.19605083465575,44.14960189819335
2026-05-09 17:34:03+00:00,USA,USA,-15.430000440762502,-7.160000136635082,0.0,1.530000004156316,10.5600000889531,19.70000009285652,-8.95429347829574,-0.36153173116570647,4.020843742682026,-0.18482741956351373,0.008932099845805008,4.960554231429168,3.677357285926128,6.3018976018649,35.12000011214574,15.408660026965,81.2738994598389,54.141945419311504,1.0,110.999999673762,0.0,360.890625,6317.91015625,39.7500480636951,55.0065296173096,40.07579822672372,0.9370000028802176,32.2789835,0.1917575744550739,1909.438514709474,1098.3497977256766,888.5069012641907,1074.221444129942,995.8299636840817,-64.8502463,5.0,64.0990142822266,7.38631820678711,18.2854423522949,-361.700988769531,46.4040547609329,26.0380446910858,-2.7521999666208963,0.694781623329948,0.0665447388247558,-0.07160000595538593,23.2000522613525,362.012878417969,2.0,7.0,5.0,0.0,0.0,26050902.0,3.0,41.72412914516074,94.688589275328,32.13039379119875,43.11798706054684
2026-05-09 17:34:04+00:00,USA,USA,-15.4500006006901,-7.16000005125772,0.0,1.389999994568638,10.58000007812598,20.12000003624216,-8.954439900476071,-0.305427063219341,4.461214383757802,-0.2962646469267839,0.20961762517362054,4.994230906018738,3.660014154962996,4.043978703306598,35.599999852295376,16.08526539633565,80.19668655395506,52.76218002319335,1.0,110.999999673762,0.0,375.88671875,6332.90625,39.1027646964313,53.3253398895264,39.22519925239836,-0.5247999500977331,32.2790879,1.337771880526988,1909.420323371888,1690.348649024964,902.0584344863889,1064.051151275634,971.6750621795661,-64.8501477,5.0,53.2750778198242,7.38631820678711,18.2854423522949,-362.700988769531,46.3827818632126,25.9735941886902,-2.6176000326570783,1.41634836709863,-2.20496819852724,0.2905999765112856,24.2000560760498,363.012939453125,2.0,7.0,5.0,0.0,0.0,26050902.0,3.0,41.47213614592228,94.27766118919794,32.141084861755346,41.603615112304695
2026-05-09 17:34:05+00:00,USA,USA,-15.31000016421562,-7.230000269494968,0.0,1.2399999903945065,10.31000013891444,20.26000013120722,-8.945235366795831,-1.275608050382286,3.032792269919002,1.6402273258736138,-7.4816538937090495,4.280770604282997,5.047199193786916,5.3596677978424,35.54999945247632,16.92401006509225,79.26212768554686,50.698982620239285,1.0,110.999999673762,0.0,390.51953125,6347.5390625,38.9215051362375,52.2204208374023,47.0038004867835,-0.8526000009726886,32.279189,3.0861199750479082,1909.329056739806,1911.2332820892339,985.3483676910407,1082.664704322814,1068.729925155642,-64.8500511,5.0,40.4211730957031,7.38631820678711,18.2854423522949,-363.700988769531,46.6554492712021,26.1259317398071,-2.027999918122912,-0.18267878545792,0.0482117540353412,17.72679942277481,25.2000598907471,364.013000488281,2.0,7.0,5.0,0.0,0.0,26050902.0,4.0,39.7428695348774,93.85815780056495,32.129806709289554,39.17409645080566
2026-05-09 17:34:06+00:00,USA,USA,-9.430000092370395,-4.589999991124602,0.0,0.6000000166965211,6.599999863496618,12.139999852598269,-8.932231967276596,-1.6659950896354752,0.3055111899389769,0.8993494121737413,-16.13223319216325,3.8907708154114062,5.387017838958518,-2.205258369509172,21.57000044656067,13.563586448636798,76.71915664672855,45.21086677551271,1.0,110.999999673762,0.0,404.49609375,6361.515625,56.2410821920165,47.5594093322754,74.31399906041545,1.233199976786801,32.2792584,4.8841174990501885,1909.5480203628522,1910.5240821838402,1172.243547439576,1168.268203735352,1149.5581150054938,-64.8499381,5.0,30.9688930511475,7.38631820678711,18.2854423522949,-364.700988769531,46.4833408594132,26.1591345071793,-0.8893999663232334,1.93536846571237,2.77355476650435,32.8409995785821,26.2000637054443,365.013061523438,2.0,7.0,5.0,0.0,0.0,26050902.0,4.0,22.966010772811163,93.4558972244916,32.01589908599855,38.72795196533204
2026-05-09 17:34:07+00:00,USA,USA,11.739999877041154,5.59000000472258,0.0,-0.7500000048623963,-7.090000046463878,-13.260000164087435,-8.94260489019173,-1.6500282417901,0.7767467428396454,3.086035323390882,-16.3991160037923,3.743299005758556,5.523595240753105,-15.13135946930436,-24.96999971585978,-0.597572823597595,72.7561477661133,41.03972740173338,1.0,110.999999673762,0.0,416.91796875,6373.9375,90.0697523962824,42.3654270172119,107.39779342248085,1.747200041107062,32.2792662,3.00922002777716,1909.5936298370361,1910.4149818420399,1077.0935297012322,1106.144642829894,993.4532880783084,-64.849816,5.0,27.9107055664062,7.38631820678711,18.2854423522949,-365.700988769531,46.0404932498932,32.1198403835297,-1.5208000168207438,-0.668069980785644,0.194620784252305,31.75259971358518,27.2000675201416,366.013122558594,2.0,7.0,5.0,0.0,0.0,26050902.0,3.0,-12.365099344833581,93.06570900777625,31.92556743621825,41.03798126220704
2026-05-09 17:34:08+00:00,USA,USA,15.799999642819639,8.20000000051282,0.0,-0.010000005258622302,-8.379999988446285,-16.7999999552384,-8.948594966093829,-1.586598889649985,1.250495173695781,7.047449888925402,-10.7845925036756,3.5705694126870937,5.70569909770568,-17.28704452325274,-32.579999950394615,-19.1925045724293,65.4327129364014,39.70499702453612,1.0,110.999999673762,0.0,428.26171875,6385.28125,124.232439341529,40.0549987792969,132.66260032461759,0.46520000688179824,32.2792187,1.8237555760889141,1781.7344427108758,1910.4786396026598,782.2998642921449,825.8762121200562,836.4145159721372,-64.8497148,5.0,26.8205051422119,7.38631820678711,18.2854423522949,-366.700988769531,57.1735203266144,35.8111023902893,-1.9033999360568579,-0.00513214636254906,-1.07153683229941,17.98139984672892,28.2000713348389,367.01318359375,2.0,7.0,5.0,0.0,0.0,26050902.0,3.0,-50.14681380318348,92.68726871643341,31.93832874298095,28.11160491943358
2026-05-09 17:34:09+00:00,USA,USA,15.759999664473861,10.850000017337553,0.0,5.440000000548449,-0.35000002396919994,-5.730000067671115,-8.96057597167168,-1.602273480104075,3.8614922276944563,7.752021211720562,-5.23784070182464,3.4203815783107876,5.849051449515368,-17.163448493617302,-21.480000324527897,-22.729731477532,65.6008586883545,40.925240249633774,1.0,110.999999673762,0.0,439.30078125,6396.3203125,140.766496831433,40.1856674194336,143.4274019282864,0.8127999990931979,32.2791444,-0.8708073483009825,1324.8209953308099,1910.542273521424,255.83481589565054,478.5849809646608,477.8926551342012,-64.8496369,5.0,30.3843250274658,7.38631820678711,18.2854423522949,-367.598999023438,70.8340585231781,35.6001704931259,-4.699999846198198,-4.83449156435236,1.41667055992838,4.38259990959499,29.2000751495361,368.013244628906,2.0,7.0,5.0,0.0,0.0,26050902.0,3.0,-50.04776103380212,92.36538922160736,31.9849519729614,22.671630821228
2026-05-09 17:34:10+00:00,USA,USA,15.749999584510022,10.100000167221614,0.0,4.429999949675339,-1.6800000510191286,-7.850000104609654,-8.96013798579115,-1.5763449614367948,4.023356398522946,7.753100040099964,-2.01370518596372,3.149065589712234,5.63551318370037,-17.21418348028162,-23.5899997799106,-25.7667170353702,64.36710777282715,40.73767066955564,1.0,110.999999673762,0.0,450.69921875,6407.71875,145.943752901546,41.1182865142822,145.17139784227643,1.684199955684108,32.27906,-1.4279896988313159,1073.6006975173955,1910.3877305984502,-77.24236100912094,303.8813591003418,203.85866165161138,-64.8495692,5.0,39.4842720031738,7.38631820678711,18.2854423522949,-368.598999023438,71.0409760475159,35.785710811615,-3.6560000100990977,2.23726923032928,0.19405555941806,0.9587999923593407,30.2000789642334,369.013305664062,2.0,7.0,5.0,0.0,0.0,26050902.0,3.0,-59.990616989732516,92.3334307664809,31.991837310791,23.36674713134766
2026-05-09 17:34:11+00:00,USA,USA,15.74999958451006,9.259999938940803,0.0,1.8699999428256107,-5.600000084686398,-13.330000211569978,-8.963790002562991,-1.58117913454358,4.956496245288532,7.751302334310417,-2.16238303626927,2.2335442585993723,4.713613779251867,-17.04900696652644,-29.06000014841656,-30.717618075068,60.5042942047119,40.1419692993164,1.0,110.999999673762,0.0,462.0,6419.01953125,147.409921308781,40.4302196502686,146.2188018873464,2.47179995449227,32.2789752,-1.4469588630480763,742.1833038330078,1910.5422973632842,202.64424905180914,389.0290558338164,261.7057710886002,-64.8495049,5.0,48.1570014953613,7.38631820678711,18.2854423522949,-369.598999023438,70.9887623786926,35.7173562049866,-1.53200000093917,1.90846093547711,1.05013133960571,1.0343999678680527,31.2000827789307,370.013366699219,2.0,7.0,5.0,0.0,0.0,26050902.0,3.0,-69.6044470239083,92.00270276158514,31.993195152282752,14.44224981307984
2026-05-09 17:34:12+00:00,USA,USA,15.699999184691,6.339999982904546,0.0,-3.570000031042408,-13.77000014412856,-24.609999739992837,-8.96335201668247,-1.5776634013900201,5.0002821121139105,6.722484685387101,-2.112473456621805,2.191991223302352,4.712258584343173,-16.26241711000784,-40.27999970932068,-34.2179909869566,55.7039674758911,39.58761291503906,1.0,110.999999673762,0.0,473.1328125,6430.15234375,146.799534623413,39.6943279266357,147.38439825788998,0.321199987053141,32.2788917,0.055743520693485205,156.25201514922088,1910.487747192384,684.0035438537598,683.7745189666748,634.8930954933165,-64.8494418,5.0,58.2967567443848,7.38631820678711,18.2854423522949,-370.598999023438,70.837926864624,35.834538936615,0.15719999472684623,1.95683105451867,-3.02238282683615,1.5641999566136717,32.200080871582,371.013427734375,2.0,7.0,5.0,0.0,0.0,26050902.0,3.0,-79.49021284366111,91.4368352492279,32.00588607788085,7.636931762695312
2026-05-09 17:34:13+00:00,USA,USA,15.759999664473861,7.639999962162099,0.0,-0.9900000030032665,-10.049999938157274,-18.869999603030077,-7.380595481966585,-1.596852764502315,4.99633494579256,6.958659308017262,-4.69409361086816,2.1287114416328903,4.774314609556784,-13.81109329425102,-34.63000029203228,-32.9634303779451,56.59289016723635,40.3606665802002,1.0,110.999999673762,0.0,484.140625,6441.16015625,148.363183490483,39.90563621521,150.27699976384457,-1.9589998316792196,32.2788071,0.4592946540068629,1.1860948288813238,1910.4968309402461,836.0936880111697,815.0909900665284,849.2817521095278,-64.8493803,5.0,66.5929260253906,7.38631820678711,18.2854423522949,-371.598999023438,70.6677496433258,35.9380483627319,-0.7463999722334405,-1.90817214654126,-1.46183230432904,3.8111998372883584,33.200065612793,372.013488769531,2.0,7.0,5.0,0.0,0.0,26050902.0,3.0,-74.67514394674208,90.737321425381,32.00967121124265,5.1219941425323485
2026-05-09 17:34:14+00:00,USA,USA,15.759999664473838,9.030000234207169,0.0,2.0599999733703136,-5.270000103250952,-12.419999765051912,-0.746399864177715,-1.5789818947040999,4.99705228641014,6.3371273760943705,-2.10196590427483,2.6512459287067003,5.212501553777545,-11.6382417551069,-28.19000036326322,-29.55385970843,60.410560226440396,41.265943450927736,1.0,110.999999673762,0.0,495.375,6452.39453125,151.620623649067,40.8076583862305,152.075593477984,-4.096400063676988,32.278718,-0.44620016484370095,1.249959575943648,1910.460472106936,912.9122138023376,717.8098320961001,992.8738951683032,-64.8493227,5.0,76.6976699829102,7.38631820678711,18.2854423522949,-372.700988769531,70.747035741806,35.9400033950806,-1.3043999444321908,0.0844264742266467,-3.54817825966314,-0.6043999711989905,34.2000503540039,373.013549804688,2.0,7.0,5.0,0.0,0.0,26050902.0,3.0,-68.08856576781832,90.39559340082695,31.83532848358155,15.921205787658701
2026-05-09 17:34:15+00:00,USA,USA,15.699999184691,8.259999968031526,0.0,-0.27999999783101737,-8.760000038863534,-17.8099998353568,-0.16636228395387248,-1.57722429493158,4.9970524571648705,5.144030017253906,-1.60917853455069,2.788397407901024,5.30788898751818,-10.869961586696359,-33.489999372384304,-26.99045983084655,63.792203521728496,42.2578028869629,1.0,110.999999673762,0.0,506.87109375,6463.890625,152.211175465084,42.1289531707764,150.7793984263582,-3.7412000886266137,32.2786255,-1.1260972798517987,1.1587242130190119,1910.4695558547942,846.2066173553465,758.4701299667358,1075.441050529478,-64.8492659,5.0,85.8873138427734,7.38631820678711,18.2854423522949,-373.598999023438,70.3312635421753,35.6861054897308,-1.5679999963914342,0.727727414317474,0.827972820105282,-1.1749999295330373,35.2000350952148,374.013610839844,2.0,7.0,5.0,0.0,0.0,26050902.0,3.0,-61.7931203041529,90.25102220175984,31.7518409729004,22.065974464416502
2026-05-09 17:34:16+00:00,USA,USA,15.7199993446186,8.029999921788422,0.0,-0.4200000287630365,-9.059999876457065,-17.43999960877128,-0.166946405200147,-1.5791282635235748,4.9970524571648705,4.538314583637283,-1.56189537608252,2.8410851029603617,5.25965325244854,-13.130932811417361,-33.15999946565406,-25.262270852898,66.8577838897705,43.793203353881836,1.0,110.999999673762,0.0,518.62890625,6475.6484375,151.836443966461,42.9404479980469,150.1377977764838,-2.3767998778549364,32.2785311,-1.99195954984935,1.0766124585643442,1910.4604482650764,781.3920140266421,813.41335773468,957.1933269500726,-64.8492066,5.0,97.0195465087891,7.38631820678711,18.2854423522949,-374.598999023438,70.7392990589142,30.3347527980804,-1.8175998894437821,-0.841505345841782,1.8863020942623,0.024799989322483153,36.2000198364258,375.013671875,2.0,7.0,5.0,0.0,0.0,26050902.0,3.0,-57.44295096516642,90.24867261668541,31.998999023437502,25.282053451538083
2026-05-09 17:34:17+00:00,USA,USA,15.679999707782281,6.399999950423252,0.0,-3.4900000743508004,-13.68000010747312,-24.4099998482638,-0.16680049661802399,-1.5359148839445251,4.995257141941534,3.5828299864454083,-0.44655706090413494,2.896489335007344,5.205997847649859,-14.281063926132862,-40.089999556046024,-24.593003668016898,69.12704086303711,45.438162231445304,1.0,110.999999673762,0.0,530.83984375,6487.859375,152.328367850863,44.682982635498,150.4085983846208,-2.11739992265975,32.2784323,-2.621726704887552,1.113106589764358,1910.5241060256958,888.2819890975945,865.0384426116941,941.952395439148,-64.8491459,5.0,106.648246765137,7.38631820678711,18.2854423522949,-375.700988769531,41.7551398277283,29.9421906471252,-1.001199992457781,1.08006432347817,-0.382632960276226,-0.259199988067023,37.2000045776367,376.013732910156,2.0,7.0,5.0,0.0,0.0,26050902.0,3.0,-56.79566076771347,90.3500565296305,32.27319030761715,27.41593311309814
2026-05-09 17:34:18+00:00,USA,USA,15.69000012925552,6.620000087457268,0.0,-2.630000070340506,-12.58000019069928,-22.06999991975112,-0.1675305397866355,-1.471021149918525,4.996693274591893,1.49571817480628,1.2177848961685749,2.9524361402065162,5.142315895904328,-13.87899493686578,-37.77000012897048,-25.342106372785302,71.46385002136225,47.41151275634764,1.0,110.999999673762,0.0,543.5078125,6500.52734375,153.854737545443,46.515941619873,149.6574005193244,-2.582400055127864,32.2783286,-3.955708283992432,1.0766124818474077,1910.26952266693,1049.371004104616,918.1504964828489,1109.1413974761958,-64.8490851,5.0,118.842964172363,7.38631820678711,18.2854423522949,-376.700988769531,41.818955540657,29.8406302928925,-1.6329999185146835,-0.593027119261537,-0.58851588603645,-0.8803999701282088,38.1999893188477,377.013793945312,2.0,7.0,5.0,0.0,0.0,26050902.0,3.0,-56.996097450039926,90.4396686115411,32.4903968811035,25.38398666381834
2026-05-09 17:34:19+00:00,USA,USA,15.779999824401461,7.190000035017071,0.0,-2.0000000271959477,-11.470000023206941,-20.510000081245842,-0.167531013364205,-1.442016591525505,4.9970524571648705,3.662992885837402,0.354093555107964,3.056454200982382,5.040695573036594,-12.58237931634196,-36.28999990564732,-23.4441112081074,74.02945976257325,50.0124002838135,1.0,110.999999673762,0.0,556.73828125,6513.7578125,151.95091793695,49.0743621826172,147.91120528442178,-1.653600003839194,32.2782208,-2.731459584941966,1.122230151668194,1909.633088111876,680.2480578422545,761.206614971161,878.3391714096069,-64.8490181,5.0,129.697967529297,7.38631820678711,18.2854423522949,-377.700988769531,41.7416036128998,29.7000110149384,-2.411599905119568,-1.25747902077778,0.831141654354198,-2.088800042302886,39.1999740600586,378.013854980469,2.0,7.0,5.0,0.0,0.0,26050902.0,4.0,-55.61537402630292,90.51155635255546,32.5826683044434,30.620127639770523
2026-05-09 17:34:20+00:00,USA,USA,15.7199993446186,6.319999993731644,0.0,-3.490000074350798,-13.68000010747312,-24.29999999319018,-0.16782331744623402,-1.430151965967815,4.9970526279196,2.091008754725736,0.5736942287951765,3.1417325705532604,4.957502161398546,-12.580471986016217,-40.02000036233714,-22.8048353838718,75.58731422424316,51.28060157775879,1.0,110.999999673762,0.0,570.68359375,6527.703125,149.584353012189,50.8949649810791,146.2303968164814,-0.45859998107959077,32.2781113,-2.7315068840019654,1.0857360088266452,1909.6058368682861,809.9721670150755,780.8658480644228,835.6341838836672,-64.8489427,5.0,143.528686523438,7.38631820678711,18.2854423522949,-378.700988769531,41.8885737657547,29.7781348228455,-1.236999979211966,1.33922581969396,0.947906139453946,-1.499599899377646,40.1999588012695,379.013916015625,2.0,7.0,5.0,0.0,0.0,26050902.0,4.0,-55.18639170113977,90.55507831794675,32.6793085098267,31.479746017456023
2026-05-09 17:34:21+00:00,USA,USA,15.709999264654801,6.190000064107783,0.0,-3.490000031662118,-13.6200001399544,-23.479999583327576,-0.1691379554386895,-2.78398126371579,4.9970526279196,2.390091895555288,0.351465219608085,3.201482040884154,4.89815601373814,-12.77807328606348,-39.16999902956412,-22.2123924592277,76.92791061401365,52.55342605590822,1.0,110.999999673762,0.0,584.953125,6541.97265625,148.049882713254,51.9106201171875,144.6357989962448,0.39560000437937637,32.2780013,-2.5324135291305376,1.0492418310604994,1909.542179107666,797.8574275970459,860.254156589508,890.2379751205444,-64.848862,5.0,156.617980957031,7.38631820678711,18.2854423522949,-379.700988769531,41.6565150022507,29.653137922287,-1.8219999826844682,-1.09884424876624,0.763983605896636,-1.9833999567814922,41.1999435424805,380.013977050781,2.0,7.0,5.0,0.0,0.0,26050902.0,4.0,-54.527931412318175,90.56235929960195,32.76612453460695,32.15757293701172
2026-05-09 17:34:22+00:00,USA,USA,15.699999184691,6.270000020799391,0.0,-3.4800000370756665,-13.67000019826402,-23.459999764909398,-0.168261056532816,-3.97403799309249,4.996693445346622,3.1244994056357642,-0.7869901509606865,3.2397759660413366,4.862114727657913,-14.036160321743418,-39.15999894960032,-21.2272657375003,78.36994857788085,53.84226104736329,1.0,110.999999673762,0.0,599.59375,6556.61328125,145.482141396679,53.4457843780518,142.97619963171502,1.7183999721744923,32.2778913,-1.73557377847923,1.1039830744266539,1909.751272201538,756.6321849822998,868.3331847190857,773.5335826873782,-64.8487739,5.0,167.81201171875,7.38631820678711,18.2854423522949,-380.700988769531,41.5288805961609,26.4657616615295,-1.9637999819062,0.333591294901036,1.53236702755752,-0.5355999986258096,42.1999282836914,381.014038085938,2.0,7.0,5.0,0.0,0.0,26050902.0,4.0,-53.81368145533704,90.53843997712866,32.90643882751465,34.356568908691386
2026-05-09 17:34:23+00:00,USA,USA,15.68999944623664,6.210000053280684,0.0,-3.51000002083502,-13.610000059990579,-23.4499996849456,-0.1681151412805865,-4.59953583166827,4.996334092018914,2.974238787056114,-1.871858592045245,3.287575123956968,4.803581030999278,-15.157681481573041,-39.1499988696365,-20.7209958945197,79.37330589294436,54.78506721496579,1.0,110.999999673762,0.0,614.578125,6571.59765625,144.709961190253,54.4781181335449,144.25039874213758,1.890200019188598,32.2777805,-1.3417450069032701,1.1222301051020618,1909.5057964324958,837.6636266708374,902.3248791694641,818.4635281562806,-64.8486817,5.0,181.060638427734,7.38631820678711,18.2854423522949,-381.700988769531,41.588830947876,26.6161471605301,-1.94820000059662,0.460956020149232,-0.209724466941319,2.231200009610178,43.1999130249023,382.014099121094,2.0,7.0,5.0,0.0,0.0,26050902.0,4.0,-53.85987675676951,90.503964597293,33.16004962921145,34.256675033569365
2026-05-09 17:34:24+00:00,USA,USA,15.7399995045462,6.280000015385838,0.0,-3.4400000587298623,-13.610000059990579,-23.680000158075497,-0.168261530110386,-5.923628193317304,4.99597533633276,4.6177583067983585,-1.78675080644889,3.3247826221492938,4.767810647297004,-14.721661670998538,-39.400000185713004,-20.1456480795945,80.30101890563965,56.05635086059571,1.0,110.999999673762,0.0,629.82421875,6586.84375,145.870096141536,55.451647567749,145.999998143323,0.6408000099638278,32.2776658,-0.29779818481151576,1.05836540460587,1909.5785379409779,656.3025236129762,803.1565189361575,734.0078949928284,-64.8485906,5.0,192.208480834961,7.38631820678711,18.2854423522949,-382.700988769531,41.7976826429367,26.3700634241104,-2.8339999769795803,-1.69410846842436,-1.57590201299695,1.0189999963753207,44.1998977661133,383.01416015625,2.0,7.0,5.0,0.0,0.0,26050902.0,4.0,-54.40486711290966,90.51810991906405,33.5388977050781,33.099120483398416
2026-05-09 17:34:25+00:00,USA,USA,15.7399995045462,6.270000020799391,0.0,-3.460000047902766,-13.59999998002678,-23.949999926532303,-0.1685533539447385,-8.414632974897035,4.995975080200667,4.451680976469028,-1.249306672755432,3.4021853140316396,4.688953637385632,-13.537961030286102,-39.67999969262416,-20.3875930167902,81.13069267272951,56.8070260620117,1.0,110.999999673762,0.0,645.42578125,6602.4453125,146.92982731202,56.6266353607178,146.1031941054546,-0.736599968787538,32.2775481,-0.4280012698745049,1.113106578122823,1909.569454193114,690.87575674057,753.2427191734314,792.4126505851748,-64.8484989,5.0,205.999481201172,7.38631820678711,18.2854423522949,-383.700988769531,41.5076106786728,22.7393463253975,-2.24739998034966,0.627948115579667,-1.60616231234105,-1.0361999801804669,45.1998825073242,384.014221191406,2.0,7.0,5.0,0.0,0.0,26050902.0,4.0,-55.43986821746596,90.54643471355215,33.903283309936555,30.083942642211916
2026-05-09 17:34:26+00:00,USA,USA,15.76999974443766,6.820000064563658,0.0,-2.3600000244072588,-12.149999996595096,-22.139999796478957,-0.16928434426848848,-9.44443340266455,4.9970526279196,4.45743293490119,-1.84243776563883,3.4106044613346915,4.6786561880608275,-12.266522340816582,-37.90999988242608,-20.460250007859848,81.05974159240725,56.677491760253886,1.0,110.999999673762,0.0,661.21484375,6618.234375,145.232074510787,56.9161251068115,144.6972023968836,-1.3840000148922378,32.2774311,0.18608915541881654,1.113106613047424,1909.5603942871062,790.7960653305055,798.7804412841795,912.72292137146,-64.8484042,5.0,217.951675415039,7.38631820678711,18.2854423522949,-384.700988769531,41.8363600969315,22.6866140961647,-2.3462000327317276,-0.00144544618275347,-0.443144781104116,-0.9221999674565347,46.1998672485352,385.014282226562,2.0,7.0,5.0,0.0,0.0,26050902.0,4.0,-55.99050509099296,90.52786342919885,34.31599502563475,29.02560905456542
2026-05-09 17:34:27+00:00,USA,USA,15.74999958451004,7.119999902157185,0.0,-2.2500000572758703,-11.799999929937217,-20.75999968977504,-0.169722076684964,-9.456299148800156,4.996334092018914,4.775208681319141,-2.5175256590749546,3.3959385937714743,4.688953552008268,-12.742978066560642,-36.499999535830696,-20.58458421018985,81.60941162109376,57.003978652954096,1.0,110.999999673762,0.0,676.953125,6633.97265625,144.286298216415,56.8011943817139,144.2877953938814,-0.0311999879655648,32.2773159,-0.19167107501176414,1.103983062785119,1909.5603466033922,832.2222113609317,881.5329670906067,991.7529463768,-64.8483066,5.0,228.293182373047,7.38631820678711,18.2854423522949,-385.598999023438,41.5636897087097,22.4971681833267,-2.466399964245776,-0.317238701450115,2.36770898144702,0.3267999737762682,47.1998519897461,386.014343261719,2.0,7.0,5.0,0.0,0.0,26050902.0,4.0,-55.72889655144096,90.4659716700348,34.558727645874,30.925761795043922
2026-05-09 17:34:28+00:00,USA,USA,15.7199993446186,6.220000047867131,0.0,-3.43000002145473,-13.6200001399544,-24.47000032804666,-0.170014380766993,-9.44882734873499,4.995257568828359,4.484033704265357,-1.6112804719069098,3.4233691457424364,4.672694457443784,-13.615017858464341,-40.199999069610165,-20.5450664431994,81.92863655090329,57.0464813232422,1.0,110.999999673762,0.0,692.796875,6649.81640625,144.858572446214,57.0646671295166,144.9059985477348,-0.405799998777516,32.2771994,-0.08639873178700902,1.0492418310604992,1909.4876527786241,1040.4022336006165,1138.188552856444,1125.3508567810059,-64.8482097,5.0,242.099212646484,7.38631820678711,18.2854423522949,-386.598999023438,41.7880147695541,22.4971681833267,-1.8700000335390619,0.288313410604066,-0.636730298109276,-0.13879998803919175,48.199836730957,387.014404296875,2.0,7.0,5.0,0.0,0.0,26050902.0,4.0,-55.8151686708474,90.4151038361911,34.74252033233645,32.13358360290526
2026-05-09 17:34:29+00:00,USA,USA,15.870000202566379,9.520000139697995,0.0,3.000000030121752,-3.6299998598228966,-9.909999800503543,-0.170452593431145,-9.45322257546589,4.995975080200665,6.175723175817799,-3.1784286369871397,3.4399356841969366,4.655893216613926,-12.07311716748594,-25.77999987500388,-20.115225563257603,80.0163906097412,55.97770660400388,1.0,110.999999673762,0.0,708.625,6665.64453125,144.055902275332,56.2250438690186,144.9691941900116,-3.7019998827439347,32.2770849,1.5745813692405026,1.122230128385128,1909.514904022218,1054.1602015495318,1053.8482904434215,1245.5406427383418,-64.8481124,5.0,253.876174926758,7.38631820678711,18.2854423522949,-387.598999023438,41.7125940322876,21.954220533371,-3.124600022859974,-1.52107106860909,-5.6547733780088,0.3335999887179923,49.199821472168,388.014465332031,2.0,7.0,5.0,0.0,0.0,26050902.0,4.0,-56.43331376809296,90.3646287382247,34.48762550354,29.91636131286624
2026-05-09 17:34:30+00:00,USA,USA,15.64999980940026,10.020000039775288,0.0,3.750000040320235,-2.730000016205024,-9.600000075045266,-0.168845658026767,-9.46889743272425,4.995975080200665,5.39710039345656,-3.5724497637656,3.41114750406239,4.688953552008267,-14.070874075181099,-25.25000024729932,-19.8935936086535,79.22337684631344,55.53005424499511,1.0,110.999999673762,0.0,724.16015625,6681.1796875,142.99887585976,55.7989665985107,144.73700054313923,-1.5134000404635626,32.2769733,1.2479480467438981,1.17697129026055,1909.433054924012,856.0173511505136,939.343822002412,1128.8152217865002,-64.8480139,5.0,267.803283691406,7.38631820678711,18.2854423522949,-388.598999023438,41.8247580528259,22.4131867289543,-2.276800060056478,2.23324582202132,3.6289870815072,0.43279999003062797,50.1998062133789,389.014526367188,2.0,7.0,5.0,0.0,0.0,26050902.0,4.0,-56.54512123273041,90.3041542433134,34.26630764007565,30.082124404907223
2026-05-09 17:34:31+00:00,USA,USA,15.59999975109064,6.860000128286826,0.0,-2.660000059435945,-12.280000011596332,-22.30000039288104,-0.16928434426848848,-9.459521717427936,4.995975507087489,5.109520401095052,-2.726094236561165,3.4008271309151823,4.695186355757998,-13.51888772702882,-37.90000048548116,-20.701605841239648,78.93428535461425,55.13124984741212,1.0,110.999999673762,0.0,739.5625,6696.58203125,145.059188762516,54.9765781402588,146.7080018923078,-2.0856000559880505,32.2768607,0.6924706768490421,1.1313536437228318,1908.651161193848,1042.6978111267085,1093.24152469635,1194.402623176572,-64.8479199,5.0,279.822509765625,7.38631820678711,18.2854423522949,-389.700988769531,41.7261332273483,22.4112346768379,-2.71620004587383,-1.17584822835578,-1.51948251601853,1.8522000056091383,51.1997909545898,390.014587402344,2.0,7.0,5.0,0.0,0.0,26050902.0,4.0,-56.86090751579788,90.2511348998812,34.138220787048354,29.53673149108884
2026-05-09 17:34:32+00:00,USA,USA,15.76999974443766,10.10999990567598,0.0,4.249999983086198,-1.749999949091258,-6.910000079874754,-0.17030667817891498,-9.454101535434706,4.99346293662394,7.365585244803154,-2.5926522971381,3.369594596831418,4.724995008843228,-11.8984041728569,-22.679999845656738,-20.3247475924633,78.4582443237305,54.86063186645506,1.0,110.999999673762,0.0,754.90234375,6711.921875,145.820399685135,55.4287582397461,146.3878026240178,-4.597799981779392,32.2767467,1.2837854943660847,1.094859535805884,1908.551144599912,689.9376988410947,771.8782901763916,1041.6002869606025,-64.8478284,5.0,291.206634521484,7.38631820678711,18.2854423522949,-390.598999023438,41.4573311805725,22.4581077694893,-3.912600014621404,-0.742256240538296,-2.99679330966728,-0.9180000134327632,52.1997756958008,391.0146484375,2.0,7.0,5.0,0.0,0.0,26050902.0,3.0,-56.65111620638419,90.2410193897204,33.75699176788331,29.7553704071045
2026-05-09 17:34:33+00:00,USA,USA,15.69999986770988,11.209999993204505,0.0,6.429999976871288,1.1800000015314565,-4.209999898018694,-0.16913795543868898,-9.43974618534663,4.99238624267865,7.752020870211102,-3.139027623542865,3.3915931847328293,4.705212902704849,-12.423687896448978,-19.93000022447696,-20.67379672603395,77.3939575195312,52.11510040283201,1.0,110.999999673762,0.0,770.0859375,6727.10546875,145.793324815265,53.4154724121094,146.36779836597663,-0.5169999874573917,32.2766361,-0.2769801790998848,2.536384735140018,1908.38747024536,328.00962328910845,488.9991760253908,623.7598717212679,-64.8477392,5.0,304.835418701172,7.38631820678711,18.2854423522949,-391.700988769531,41.6642487049103,22.4756851792336,-4.066999855904126,-0.52348309362782,5.99519043312905,-0.10879998293549542,53.1997604370117,392.014709472656,2.0,7.0,5.0,0.0,0.0,26050902.0,3.0,-53.530877472752685,90.25043822058585,33.6420455932617,34.6987154388428
2026-05-09 17:34:34+00:00,USA,USA,15.640000412455379,8.239999978858622,0.0,0.19000000386427657,-8.1200000438212,-16.660000031028098,-0.169430259520718,-9.427588021737186,4.994539630569227,7.749864579490129,-1.192567837752889,3.2845875138366383,4.814420711966818,-13.164883632724761,-32.31000018193782,-21.3067597479291,75.08796157836915,48.62775901794434,1.0,110.999999673762,0.0,784.4765625,6741.49609375,146.730727297714,50.0314258575439,145.4064000629352,3.027800063310298,32.2765308,-0.8163204800286422,-0.2007177070481702,1908.278369903564,202.8759986162186,342.94534921646124,358.9854359626772,-64.8476579,5.0,319.457122802734,7.38631820678711,18.2854423522949,-392.700988769531,41.7996168136597,22.3526418209076,-2.5658000700907704,1.82516186935034,4.0445490241023,-1.4399999568287203,54.1997451782227,393.014770507812,2.0,7.0,5.0,0.0,0.0,26050902.0,3.0,-51.80992730004114,90.35031607681896,33.66993885040285,36.458553543090794
2026-05-09 17:34:35+00:00,USA,USA,15.62000025252774,6.869999952118546,0.0,-2.7800000745146356,-12.56999993998076,-22.589999979756023,-0.1713294990071245,-9.46098636611808,4.9956158976276885,5.850398618951788,-1.993742037123655,3.1588425786222816,4.94612110256192,-13.5192686808298,-38.19000075537504,-21.796885585032797,72.1295150756836,46.0846245574951,1.0,110.999999673762,0.0,797.89453125,6754.9140625,144.300108858917,46.7089954376221,144.712799816872,2.958200008781046,32.276434,-0.33241759492725576,-0.2645824250066652,1908.4329605102516,645.6626892089844,684.732848405838,522.6963281631467,-64.8475786,5.0,328.706604003906,7.38631820678711,18.2854423522949,-393.700988769531,41.8054193258286,25.873988866806,0.00919998733557218,2.82824473151888,-0.842875812626574,0.43779996064342575,55.1997299194336,394.014831542969,2.0,7.0,5.0,0.0,0.0,26050902.0,4.0,-52.56078160682224,90.43684774341385,33.721526527404805,31.203084182739257
2026-05-09 17:34:36+00:00,USA,USA,15.61000017256392,6.290000009972291,0.0,-3.4700000424892137,-13.68000010747312,-24.26000001484436,-0.1714754142593545,-9.454394806682195,4.99525799571518,3.170152646180222,-1.35595418027094,3.0548246032237802,5.038798573371988,-12.75022609255314,-39.87000052891774,-23.088016734407802,71.935795211792,46.06756759643554,1.0,110.999999673762,0.0,810.67578125,6767.6953125,146.598467514626,45.6739597320557,144.7848009390264,2.01019989019299,32.2763391,-1.2819926123976353,-0.20984123984817402,1908.623862266542,1058.1640958786018,1001.7637372016891,939.8304343223572,-64.8475027,5.0,338.367095947266,7.38631820678711,18.2854423522949,-394.700988769531,41.615903377533,29.834771156311,-0.9438000058157503,-1.92875940391674,-0.735349318461827,-0.31799999773675874,56.1997146606445,395.014892578125,2.0,7.0,5.0,0.0,0.0,26050902.0,4.0,-52.915529337972224,90.4828422372847,33.782124710082996,26.559727363586422
2026-05-09 17:34:37+00:00,USA,USA,15.699999184691,7.010000132460954,0.0,-1.95000001157501,-11.39000006651536,-20.450000284481863,-0.17132949900712502,-9.461718903906565,4.994897959368556,5.305434473662568,-1.479414972160795,2.9920878215933344,5.104919585670133,-11.92358127466594,-36.15999954913666,-21.953985058585,73.2271556854248,47.360043869018554,1.0,110.999999673762,0.0,823.50390625,6780.5234375,145.247811266635,46.8623439788818,144.33139932154282,0.8762000067662891,32.276243,-0.8958643668466808,-0.2372118295170366,1908.460187911988,830.4526448249819,868.1494355201721,901.2380123138428,-64.8474249,5.0,350.979400634766,7.38631820678711,18.2854423522949,-395.700988769531,41.6565150022507,30.0398409366608,-2.2463999979664857,-1.05788381775708,-2.56175060034226,-0.9954000252662738,57.1996994018555,396.014953613281,2.0,7.0,5.0,0.0,0.0,26050902.0,4.0,-52.01984291889776,90.53408573153274,33.76434059143065,30.366686782836915
2026-05-09 17:34:38+00:00,USA,USA,15.76999974443766,7.280000157049862,0.0,-1.57999999843291,-10.77000006064596,-19.74999980965666,-0.171183583754895,-9.463477250731014,4.994539203682402,5.880593946121403,-3.0308026358137754,3.058355298760488,5.043405365212432,-11.9876680858745,-35.5100004986589,-20.9349601080068,73.7040309906006,47.681847839355484,1.0,110.999999673762,0.0,836.6796875,6793.69921875,144.45479898324,47.5489860534668,144.37679275876638,0.5321999944900013,32.2761461,-0.014737358271345305,-0.2645824250066652,1908.405661582946,665.939450263977,735.2192759513856,760.4467749595643,-64.8473438,5.0,361.657592773438,7.38631820678711,18.2854423522949,-396.700988769531,41.5250152349472,30.0027340650558,-2.399600031144132,-0.364859794199648,0.182711909207352,1.9731999870627477,58.1996841430664,397.015014648438,2.0,7.0,5.0,0.0,0.0,26050902.0,4.0,-50.78862004175182,90.59503150949675,33.68175086975095,32.44637054443358
2026-05-09 17:34:39+00:00,USA,USA,15.739999504546239,7.280000157049862,0.0,-1.609999982192262,-10.819999948200861,-20.640000096247057,-0.1714754075892475,-8.80692360921625,4.994180447996248,6.417290232797681,-2.73292346523583,3.08116881360725,5.010615932196047,-10.86385830040878,-36.390000022266584,-20.479120966763,73.8744529724121,47.986748657226556,1.0,110.999999673762,0.0,849.93359375,6806.953125,145.262523494107,48.0862827301025,146.5241905734402,-0.7835999945702783,32.2760478,0.055596555232969844,-0.291953023406677,1908.478379249572,671.029531955719,803.4075856208802,808.3506584167479,-64.8472633,5.0,373.10595703125,7.38631820678711,18.2854423522949,-397.700988769531,41.5114760398865,29.9656271934509,-1.912600030114136,1.1801550895143,-1.5544772036745,0.8693999984946725,59.1996688842774,398.015075683594,2.0,7.0,5.0,0.0,0.0,26050902.0,4.0,-51.128021020855684,90.71488766905216,33.60976467132565,32.24760520935058
2026-05-09 17:34:40+00:00,USA,USA,15.7399995045462,7.270000077086048,0.0,-1.6599999764688618,-10.78999987906414,-20.120000377751644,-0.1719141005010755,-7.31451831094518,4.994897959368556,4.845306058997335,-2.860060713168155,3.108870524088258,4.990562752924984,-10.945111255303582,-35.849999802334,-21.59474613654625,73.67245559692381,47.92537422180178,1.0,110.999999673762,0.0,863.2578125,6820.27734375,147.214919407977,47.8190437316894,146.66400181367482,-0.477200004254201,32.2759473,-0.8607874394442321,-0.3102000860963018,1908.460211753846,890.8749103546145,952.997636795044,1032.8713417053223,-64.8471869,5.0,383.148529052734,7.38631820678711,18.2854423522949,-398.700988769531,41.5520876646042,30.0183594226837,-1.7337999783517781,-0.14908962266709,0.335236676799921,0.18239999367786425,60.1996536254883,399.01513671875,2.0,7.0,5.0,0.0,0.0,26050902.0,4.0,-51.8584680884346,90.85186369776216,33.46425590515135,28.6509220504761
2026-05-09 17:34:41+00:00,USA,USA,15.7199993446186,6.509999976251578,0.0,-3.3800000058337902,-13.630000049163518,-24.14000007980696,-0.1722064045831045,-7.25006480395553,4.994539203682402,4.085735406306929,-3.001382876624415,3.089044832805238,4.995982593408755,-12.810116606290421,-39.83999960600738,-21.5583933084625,74.052112197876,48.4626805114746,1.0,110.999999673762,0.0,876.578125,6833.59765625,147.376576325253,48.2017421722412,147.14539901052882,0.09139999598360923,32.2758456,-0.79378398271358,-0.28282948769629,1908.43291282654,1052.3361325263982,1068.883967399598,1125.022959709168,-64.8471109,5.0,395.2607421875,7.38631820678711,18.2854423522949,-399.700988769531,41.6275054216385,30.1863223314285,-1.6571999831072959,0.753651824199081,0.572387194724258,1.4955999698449554,61.1996383666992,400.015197753906,2.0,7.0,5.0,0.0,0.0,26050902.0,4.0,-52.35113919553245,90.9738235555819,33.50190639495845,28.954223327636697
2026-05-09 17:34:42+00:00,USA,USA,15.76999974443764,6.3400000682819115,0.0,-3.2900000545557306,-13.44999997585268,-23.490000004800837,-0.171621322841477,-7.224282974272845,4.994897959368556,4.698280858338836,-2.29845150359332,3.0893160766926564,5.00492493320223,-11.810666124099821,-39.249999669274686,-21.362007440578047,74.65290641784671,49.52787712097167,1.0,110.999999673762,0.0,890.05859375,6847.078125,148.71097672302,49.0514419555664,148.98760211648082,-1.3505999522918835,32.2757412,-0.48186073991485384,-0.2098412369377908,1908.469319343568,1019.7801351547236,1024.632382392882,1148.865699768066,-64.8470359,5.0,405.613708496094,7.38631820678711,18.2854423522949,-400.700988769531,41.7706102132797,28.1942099332809,-2.2564000352416222,-0.279993359740918,-2.08372337613622,1.2279998986400937,62.1996231079102,401.015258789062,2.0,7.0,5.0,0.0,0.0,26050902.0,4.0,-53.13142888556064,91.10482658386275,33.54774856567386,28.013234024047858
2026-05-09 17:34:43+00:00,USA,USA,15.72999942458242,7.640000047539466,0.0,-1.0999999808068273,-10.030000119739096,-18.90999958137586,-0.1710371949250955,-7.23116780495622,4.994539203682402,4.776286997434354,-1.85609723684435,3.133856594043952,4.968883561744632,-11.77099331181528,-34.62000089508736,-21.1882294988464,75.41735916137695,50.58898956298829,1.0,110.999999673762,0.0,903.84765625,6860.8671875,149.920411979732,50.2695888519287,148.37700506128698,-1.889400054626402,32.2756334,-0.4159434393427281,-0.2189647668274118,1908.623886108398,867.8282856941223,845.4538464546201,1071.606540679932,-64.8469608,5.0,418.194610595703,7.38631820678711,18.2854423522949,-401.700988769531,41.6275054216385,25.1376897096634,-2.506599981756892,-0.752163003042577,0.145128699917864,-1.252399916020144,63.1996078491211,402.015319824219,2.0,7.0,5.0,0.0,0.0,26050902.0,4.0,-53.696175563875066,91.24677499028854,33.4081878662109,27.515324707031244
2026-05-09 17:34:44+00:00,USA,USA,15.739999504546239,7.629999967575651,0.0,-0.7500000101984801,-9.519999968943278,-18.44999931813492,-0.17206001575330498,-7.238491902180584,4.994539203682402,4.234198617917808,-2.461837739389665,3.1797548676248844,4.911163425993513,-11.87055697934656,-34.18999882268116,-21.31978321112905,75.5239402770996,51.08474624633786,1.0,110.999999673762,0.0,917.91015625,6874.9296875,148.554251202324,50.5646404266357,148.45359880263982,-1.9269999044978623,32.2755252,-0.44510990123352345,-0.2554588980274276,1908.4965944290138,874.0433573722842,930.9921264648435,1021.9758391380317,-64.8468827,5.0,427.796447753906,7.38631820678711,18.2854423522949,-402.598999023438,41.6545808315277,25.0849574804306,-2.329199990708344,-0.530586650447192,-0.172508100175242,0.2513999920761485,64.199592590332,403.015380859375,2.0,7.0,5.0,0.0,0.0,26050902.0,4.0,-54.32187894845619,91.34219614808819,33.38248672485355,26.75851913452148
2026-05-09 17:34:45+00:00,USA,USA,15.70999960616426,6.800000075390753,0.0,-2.9100000041385,-12.930000086602458,-23.03999982152374,-0.173082356333839,-7.202456251006424,4.993821692310092,3.775508811846504,-1.843488654275655,3.19903755886889,4.89815601373814,-11.821728639989061,-38.74999976919738,-21.48115923687535,76.66547813415525,52.15883148193361,1.0,110.999999673762,0.0,932.13671875,6889.15625,149.312251936034,51.7900863647461,148.82460101797622,-1.815600010054802,32.2754142,-1.0734254329657702,-0.2919530234066772,1908.4692955017078,829.2418837547305,876.969039440155,1022.4375367164624,-64.8468052,5.0,418.448181152344,7.38631820678711,18.2854423522949,-403.598999023438,41.8170213699341,24.9912112951279,-2.68960000221726,0.293570628552566,0.0741306177233004,0.9289999837322795,65.199577331543,404.015441894531,2.0,7.0,5.0,0.0,0.0,26050902.0,4.0,-54.380908858358,91.43072906010994,33.2796169281006,29.59078422546388
2026-05-09 17:34:46+00:00,USA,USA,15.68000004929172,7.199999944226161,0.0,-1.980000070039558,-11.320000019032829,-20.41000030613606,-0.172205931005535,-7.165101946435625,4.995257141941534,4.30213902185611,-0.7738552302792856,3.2267398243027663,4.873225054871314,-12.476330896457942,-36.090000355427776,-21.22982620466545,78.2764377593994,53.97782958984372,1.0,110.999999673762,0.0,946.66015625,6903.6796875,150.530470816019,53.3681728363037,148.71619225546982,-1.0729999868856712,32.2752991,-1.5621135045769639,-0.2645824250066652,1908.342003822328,733.4110617637633,836.2188577651978,885.6867074966431,-64.8467276,5.0,407.762817382812,7.38631820678711,18.2854423522949,-404.598999023438,41.6777849197388,23.899456858635,-2.898399824295562,-0.274331693207932,1.39959273912582,-1.0905999756502778,66.1995620727539,405.015502929688,2.0,7.0,5.0,0.0,0.0,26050902.0,4.0,-54.626674774130166,91.5276631048107,33.19058818817135,30.75662040710448
2026-05-09 17:34:47+00:00,USA,USA,15.6500004924192,6.250000031626487,0.0,-3.4400000587298623,-13.6700000275093,-24.310000073153997,-0.17176819191895248,-7.1085586522785,4.995975507087491,3.8384166470269774,-0.43499947369397196,3.30604314438772,4.793283667051836,-12.816220234087439,-39.950000485609365,-21.3624821387254,78.91695785522461,54.56181472778322,1.0,110.999999673762,0.0,961.69140625,6918.7109375,149.765407666708,54.6428718566894,146.89899583810703,-0.3745999908016304,32.2751818,-1.2998844209945342,-0.2737059607170522,1908.28745365143,807.2175025939943,863.5107159614563,903.9634585380554,-64.8466461,5.0,398.372589111328,7.38631820678711,18.2854423522949,-405.598999023438,41.728064417839,21.3409632444382,-2.000799970413802,0.65601485698313,0.929395152864448,-2.58919989264475,67.1995468139648,406.015563964844,2.0,7.0,5.0,0.0,0.0,26050902.0,4.0,-55.46951738563406,91.5858050901205,33.234241676330555,29.38076957702636
2026-05-09 17:34:48+00:00,USA,USA,15.709999264654801,6.819999979186292,0.0,-2.7200000002742217,-12.66999988584528,-21.97999988309574,-0.172644617247256,-7.1344864772546845,4.994898386255381,3.551555958962436,-1.16419886047865,3.337547135802308,4.754261515663083,-12.14712226714306,-37.690000172278836,-21.28321352453915,78.21936035156244,54.28829566955564,1.0,110.999999673762,0.0,976.84375,6933.86328125,145.916828295837,54.373445892334,145.10259871280476,-0.8282000092725499,32.2750681,-1.0321399062964625,-0.2737059607170524,1908.360195159912,937.7975344657901,947.7199196815479,977.864491939545,-64.8465582,5.0,387.488006591797,7.38631820678711,18.2854423522949,-406.700988769531,41.6352421045303,20.9894150495529,-1.5743999690211,0.230683315956113,-0.546192085235937,-0.7359999746885608,68.1995315551758,407.015625,2.0,7.0,5.0,0.0,0.0,26050902.0,4.0,-56.22115101699944,91.54840638932005,33.32340259552,27.373074417114218
2026-05-09 17:34:49+00:00,USA,USA,16.01999935296688,6.8199999791862895,0.0,-2.960000019759436,-13.27999998250564,-23.56999996149242,-0.17191362692350598,-7.134193632894025,4.993822119196916,3.0083890071985797,-0.34516144859205233,3.33320189751839,4.753177820773898,-12.98330407816836,-39.60999981589636,-22.16711257389875,79.11878356933596,54.9582625579834,1.0,110.999999673762,0.0,991.92578125,6948.9453125,146.885895535279,54.5143043518066,144.5757998824998,-0.7181999834442235,32.2749543,-2.105940743534492,-0.25545889511704445,1908.4420204162602,1005.2049994468686,989.7231698036197,1090.132665634156,-64.8464696,5.0,378.630584716797,7.38631820678711,18.2854423522949,-407.598999023438,41.8073534965515,21.0948795080185,-2.132200003440156,-1.09763434478779,0.477222222379323,-1.4033998949068232,69.1995162963867,408.015686035156,2.0,7.0,5.0,0.0,0.0,26050902.0,4.0,-56.34924916582628,91.4595524584074,33.498282623291004,28.32355419158936
2026-05-09 17:34:50+00:00,USA,USA,16.72000016930154,7.529999936333775,0.0,-2.280000046371304,-12.519999881671158,-22.060000181296736,-0.172936441081609,-7.12906629526146,4.993822119196916,3.021329995864274,-0.24324226626151452,3.348682307828814,4.753177820773898,-13.051968652913422,-38.78000000908886,-21.8151717089882,79.9796962738037,55.72215911865233,1.0,110.999999673762,0.0,1007.21875,6964.23828125,145.292603647212,55.5705814361572,142.6253956517918,-0.6501999967775814,32.2748398,-1.8134806023553498,-0.2828294935170562,1908.4420204162598,954.9226284027097,1030.5778503417962,1152.757930755616,-64.8463773,5.0,367.959136962891,7.38631820678711,18.2854423522949,-408.598999023438,41.3161605596542,20.9679305553436,-2.3083999302515403,-0.0292561714896641,0.0221298112433147,-1.7527999744693374,70.1995010375976,409.015747070312,2.0,7.0,5.0,0.0,0.0,26050902.0,4.0,-56.125078942171896,91.34318652551785,33.492183494567854,30.892134704589857
2026-05-09 17:34:51+00:00,USA,USA,16.78999970451984,7.480000048778882,0.0,-2.3100000301306602,-12.549999950807878,-22.7000001763391,-0.172498708665133,-7.131410117363835,4.994898386255381,3.206819193390286,-0.8868083897808889,3.371224194590018,4.721743155779386,-12.794857792929879,-39.48999953934949,-21.27630991083555,80.2982482910156,56.22953384399413,1.0,110.999999673762,0.0,1022.7109375,6979.73046875,142.806496751597,55.9990997314453,140.80000027534942,-0.7771999685797576,32.2747278,-1.2938064490955519,-0.25545889511704445,1908.387470245362,980.0597429275509,1026.467013359068,1115.929079055788,-64.8462783,5.0,359.295166015625,7.38631820678711,18.2854423522949,-409.700988769531,41.4263904094696,20.9523066878319,-2.5269999638830662,-0.318568427223725,-0.437614222186684,-1.79399994234712,71.1994857788086,410.015808105469,2.0,7.0,5.0,0.0,0.0,26050902.0,4.0,-56.20020009473935,91.17521168325975,33.5132085800171,31.1703311920166
2026-05-09 17:34:52+00:00,USA,USA,16.779999966065482,8.129999782275565,0.0,-0.7200000264391265,-10.139999974812694,-20.20999973138816,-0.172936441081609,-7.13390036164654,4.994180874883069,4.193218336671378,-1.2183113009823405,3.4035429848839103,4.687598783986396,-11.94608760175478,-36.99000003896312,-20.902471459445948,80.01344833374026,56.12292869567871,1.0,110.999999673762,0.0,1038.3359375,6995.35546875,140.855835705776,56.325101852417,139.2653988367822,-1.3542000062651762,32.2746185,-0.5892670707749763,-0.2372118295170366,1908.414745330812,843.711507320404,961.8666410446167,1021.0964560508746,-64.846174,5.0,349.580596923828,7.38631820678711,18.2854423522949,-410.700988769531,41.8750375509262,21.0714429616928,-2.739999840036738,-0.49852718322618,-0.584180583543343,-1.433599973526882,72.1994705200195,411.015869140625,2.0,7.0,5.0,0.0,0.0,26050902.0,4.0,-56.32237783559363,90.95429262965024,33.4684461593628,31.05090980529784
2026-05-09 17:34:53+00:00,USA,USA,16.6899999294101,8.079999894720675,0.0,-1.2100000493238334,-10.740000247641325,-20.250000221998118,-0.172790532499486,-7.139466965820095,4.993462936623938,3.185609833847468,-1.66591739623367,3.3994692466195,4.695186355758,-11.606579900945118,-36.94999971910786,-21.218008269854,79.739782333374,55.88257118225098,1.0,110.999999673762,0.0,1053.92578125,7010.9453125,139.684717810308,56.1170860290527,138.641597659885,-1.280799975991188,32.2745119,-1.24127134473114,-0.21896476682741178,1908.5329532623298,946.6198682785034,989.0647768974288,1087.0645523071285,-64.8460669,5.0,341.815795898438,7.38631820678711,18.2854423522949,-411.700988769531,41.6700512170792,21.0987851023674,-1.9831999816491959,1.58974958120892,0.971845739051429,0.7729999818724634,73.1994552612305,412.015930175781,2.0,7.0,5.0,0.0,0.0,26050902.0,4.0,-56.335858579958504,90.69280225237091,33.31044731140135,30.582721939086877
2026-05-09 17:34:54+00:00,USA,USA,16.71000043084718,7.200000200358252,0.0,-2.4399999597545277,-12.6199999982904,-22.900000068068138,-0.172936921329285,-7.131117273003165,4.994180447996248,2.867115039264646,-0.9976587314722005,3.3915931847328324,4.701419244885092,-11.890011577914219,-39.6100011819342,-21.22696777049775,80.61638145446776,56.96120544433592,1.0,110.999999673762,0.0,1069.4375,7026.45703125,140.835112911835,56.0114009857178,139.8750014164328,-1.0743999835664537,32.2744031,-1.96371398555568,-0.25545889220666124,1908.487486839294,909.7489953041071,952.5269865989674,1083.3172559738161,-64.8459621,5.0,331.409210205078,7.38631820678711,18.2854423522949,-412.700988769531,41.82088971138,21.1808130145073,-2.88580000357891,-1.61284031635861,-0.194874648509933,0.5611999531775014,74.1994400024414,413.015991210938,2.0,7.0,5.0,0.0,0.0,26050902.0,4.0,-55.945836336839974,90.45060374440226,33.15516757965085,32.349215698242176
2026-05-09 17:34:55+00:00,USA,USA,16.78999970451984,7.259999997122234,0.0,-2.48999993268678,-12.569999939980779,-22.5999997182104,-0.174251552651634,-7.04952426006502,4.994180447996248,3.308191196193004,-0.337281237899069,3.405172539953824,4.695457514268048,-13.01153290849856,-39.370000628840444,-20.76236293522785,82.7029529571533,58.505469818115216,1.0,110.999999673762,0.0,1085.3203125,7042.33984375,141.984128315149,58.2044609069824,138.45340135957,0.605799983221017,32.2742897,-1.8046200327328399,-0.28282949060667323,1908.3238363266003,757.5194001197814,844.1360354423525,892.2502994537354,-64.8458559,5.0,324.207305908203,7.38631820678711,18.2854423522949,-413.700988769531,41.6449099779129,20.8566069602966,-2.673199864246412,0.10763905888392,2.37528024614197,-2.583400037511036,75.1994247436524,414.016052246094,2.0,7.0,5.0,0.0,0.0,26050902.0,5.0,-55.1189435830859,90.25170522067691,33.2441911697388,34.955717239379865
2026-05-09 17:34:56+00:00,USA,USA,16.77000022761112,7.259999997122233,0.0,-2.48999993268678,-12.61999982753566,-22.5499993183913,-0.172936921329285,-7.050549428770754,4.9941804479962455,2.8980302683727817,-0.5679149682826335,3.4548731798457055,4.64478263326843,-14.12656914522068,-39.3200002290214,-20.3661001190195,83.08535270690919,58.5491665649414,1.0,110.999999673762,0.0,1101.57421875,7058.59375,138.966673683243,58.512222290039,136.77680028815863,1.8515999521462099,32.2741791,-1.512885407053944,-0.28282949060667323,1908.396553993224,831.1837673187256,890.0432586669922,932.7731370925903,-64.8457427,5.0,314.616638183594,7.38631820678711,18.2854423522949,-414.700988769531,41.6971236467361,20.8409830927849,-2.033800029388722,0.477101893656055,1.64609373266306,-1.1101999078368892,76.1994094848633,415.01611328125,2.0,7.0,5.0,0.0,0.0,26050902.0,5.0,-54.650275809788226,90.0224294306179,33.5369167327881,35.31566986083984
2026-05-09 17:34:57+00:00,USA,USA,16.7999994429742,7.240000007949332,0.0,-2.45999994892743,-12.65000006742712,-22.49999960159114,-0.17352104257556,-7.685569191379765,4.994897959368556,3.7377635216344016,-0.6309566538264995,3.489636494843542,4.611451053986676,-14.48743911643318,-39.310000149057544,-20.1395922631216,83.2292392730713,58.43237228393552,1.0,110.999999673762,0.0,1117.8359375,7074.85546875,137.230917709467,58.4651390075684,135.29620652139639,1.289199966748051,32.2740716,-0.9773034337242406,-0.3193236218066884,1908.260154724124,844.3004369735718,959.0541243553158,915.1070117950437,-64.8456258,5.0,306.727935791016,7.38631820678711,18.2854423522949,-415.700988769531,41.7957484722137,21.0030853748322,-2.0407998206935622,-0.265445697139025,-0.671177610136294,-1.685599952364894,77.1993942260742,416.016174316406,2.0,7.0,5.0,0.0,0.0,26050902.0,5.0,-54.45290656541805,89.7683771293447,33.8581260681152,35.55288940429688
2026-05-09 17:34:58+00:00,USA,USA,16.7799999660655,7.240000178704055,0.0,-2.459999948927428,-12.47999990332536,-22.50000028461006,-0.173813339987482,-8.63231195751899,4.993104180937782,2.875742550026064,-0.9530039151740085,3.4651929980400396,4.636923988364144,-14.628201802019039,-39.27999990916612,-20.47062421143545,83.1664421081543,58.09834396362304,1.0,110.999999673762,0.0,1134.05859375,7091.078125,135.758492848953,58.1432327270508,134.6084010078248,-0.2695999996191266,32.2739671,-1.0688447132380492,-0.2737059578066693,1908.232903480528,1047.6936697959898,1089.03772830963,1079.468441009522,-64.8455058,5.0,297.107025146484,7.38631820678711,18.2854423522949,-416.700988769531,41.7435348033905,21.1769074201584,-1.881199985640978,0.219896166080202,-0.971657268519019,0.1008000144803702,78.1993789672852,417.016235351562,2.0,7.0,5.0,0.0,0.0,26050902.0,5.0,-54.623462536163515,89.47807359905161,34.25316524505615,33.58759941101074
2026-05-09 17:34:59+00:00,USA,USA,16.829999682865658,9.600000096389603,0.0,2.2299999987338595,-5.469999984307792,-13.770000144128534,-0.173666951157683,-9.57348811948465,4.992745425251629,4.548379977285036,-1.674848562264545,3.450527685429696,4.6312332455024166,-13.936978461786762,-30.5999998269942,-19.78138896851585,83.2653842926025,58.10710968017578,1.0,110.999999673762,0.0,1150.19140625,7107.2109375,135.05524291163,58.054126739502,133.78379500140483,-1.598399994448394,32.2738646,0.08998715801357893,-0.19159417133778323,1908.623886108398,836.2928867340088,899.2567539215095,1040.401089191438,-64.8453844,5.0,286.716583251953,7.38631820678711,18.2854423522949,-417.700988769531,41.846027970314,20.9679305553436,-3.252399905863494,-2.40190965961197,-2.08869447319152,-1.7399999651769817,79.1993637084961,418.016296386719,2.0,7.0,5.0,0.0,0.0,26050902.0,5.0,-53.86187185502606,89.187083634747,34.680212402343756,34.76703323364256
2026-05-09 17:35:00+00:00,USA,USA,16.639999529591,9.1200000147305,0.0,1.0300000613903506,-7.130000120859229,-14.680000163759754,-0.172498708665133,-9.82661706455944,4.993821692310092,4.504523930265936,-2.153977421278505,3.4570456068885917,4.61578728495862,-14.47065426805732,-31.32000012023758,-19.5345741064419,84.2182456970215,57.889344863891594,1.0,110.999999673762,0.0,1166.3359375,7123.35546875,132.721380932615,58.1514175415039,132.5499978259606,-0.13439999751814535,32.2737658,-0.2098492594666847,-0.1368529810861218,1908.5511445999139,765.6463265419009,841.0150527954099,962.1354818344116,-64.8452591,5.0,276.557525634766,7.38631820678711,18.2854423522949,-418.700988769531,41.7164623737335,20.8878561854362,-2.3693999655307842,1.05541897324035,3.0228434377183,0.3423999550858501,80.199348449707,419.016357421875,2.0,7.0,5.0,0.0,0.0,26050902.0,5.0,-52.549127938060394,88.89576240626761,35.1617380142212,38.514731369018556
2026-05-09 17:35:01+00:00,USA,USA,16.7399999877197,9.300000088041367,0.0,1.580000019777252,-6.6499999858392655,-14.799999671910347,-0.173228738493531,-9.784429120490385,4.993104180937782,4.208675908536762,-2.30948353976336,3.4727977306619358,4.623374942107588,-13.78172023648008,-31.53999983038476,-19.75513628266725,83.5848804473877,57.09810333251954,1.0,110.999999673762,0.0,1182.39453125,7139.4140625,133.43374234229,57.0704452514648,134.2215991989,-1.3491999662832714,32.2736673,0.006911384377792396,-0.2098412369377908,1908.4692955017101,1020.5057263374329,1020.9523320198053,1130.6428670883158,-64.845136,5.0,264.784912109375,7.38631820678711,18.2854423522949,-419.700988769531,41.6913241147995,21.0030853748322,-2.3745999166119582,-0.548117238086528,-3.15718344029552,0.8317999245076264,81.199333190918,420.016418457031,2.0,7.0,5.0,0.0,0.0,26050902.0,5.0,-52.59288896007264,88.63514287810744,35.57015647888185,36.44730834960938
2026-05-09 17:35:02+00:00,USA,USA,16.7300005907748,8.82000000638224,0.0,0.42999998066080725,-8.320000020927589,-17.17999974952354,-0.174105163821835,-9.791899639895089,4.994539630569227,4.476844332522366,-2.310008984081775,3.420924535661122,4.661855032608336,-13.727932838275681,-33.89999991882504,-19.7085646378115,84.2029266357422,56.88302673339844,1.0,110.999999673762,0.0,1198.25390625,7155.2734375,134.34472565303,57.3049140930176,133.8529984780754,-1.2848000122455798,32.2735677,-0.13133280101975217,-0.209841234027408,1908.4693193435658,916.5629625320437,995.5612778663633,1096.784710884094,-64.8450154,5.0,254.730422973633,7.38631820678711,18.2854423522949,-420.700988769531,41.7338669300079,21.0792541503906,-2.56200003031301,0.58039249659663,0.770197850741731,0.6166000284140406,82.1993179321289,421.016479492188,2.0,7.0,5.0,0.0,0.0,26050902.0,5.0,-51.4833015067609,88.4263610706531,35.810133934020996,38.1647817993164
2026-05-09 17:35:03+00:00,USA,USA,16.78999970451986,8.630000194617036,0.0,0.2200000036318847,-8.660000092999026,-17.50999999776326,-0.173374653745761,-9.800103123975095,4.9941804479962455,4.904619763259182,-3.112233218315725,3.442651580854342,4.65589330199129,-13.6962709841139,-34.28999962231929,-19.4982024953379,83.92435455322266,56.73571037292479,1.0,110.999999673762,0.0,1214.03125,7171.05078125,134.51087683478,56.3557674407959,136.104799832326,-1.4450000074827982,32.2734682,-0.0012385801007870345,-0.1915941713377832,1908.523869514464,939.6793842315674,963.8694763183596,1115.6486272811899,-64.8448966,5.0,242.985870361328,7.38631820678711,18.2854423522949,-421.700988769531,41.6371762752533,20.5441191792488,-2.6795998368760783,-0.612302019821019,-1.18309153724888,2.410799897868684,83.1993026733398,422.016540527344,2.0,7.0,5.0,0.0,0.0,26050902.0,5.0,-51.363164626430624,88.2593117190275,36.21942443847655,37.1428493499756
2026-05-09 17:35:04+00:00,USA,USA,16.63999987110048,7.300000146222763,0.0,-2.5199999591348154,-12.7599999225007,-23.25000013472598,-0.173813339987482,-9.755864415607746,4.994539630569224,2.884010707459778,-0.6330585357374582,3.3953956791098223,4.699251428219896,-15.011960078649741,-39.89000000582644,-20.9491882458216,86.5039752960205,58.29949264526368,1.0,110.999999673762,0.0,1229.82421875,7186.84375,138.96825828713,57.720588684082,137.1887972988936,-0.0012000042062116577,32.2733611,-2.44040671886394,-0.23721183242741958,1908.3693027496324,1079.488372802734,1096.0299372673048,1185.586380958556,-64.8447834,5.0,232.637283325195,7.38631820678711,18.2854423522949,-422.700988769531,41.7667418718338,17.4387723207474,-2.174400028406306,1.36546868714562,1.48040497606448,-0.08439999740520547,84.1992874145508,423.0166015625,2.0,7.0,5.0,0.0,0.0,26050902.0,5.0,-51.78052196962642,88.16624014630236,36.574681091308605,37.1902869415283
2026-05-09 17:35:05+00:00,USA,USA,16.68000019095576,7.220000189531153,0.0,-2.47999993810033,-12.6000000091175,-22.36000018964506,-0.174397467903864,-9.656985474540765,4.994539203682402,2.8167885832900637,0.2264308962077585,3.4345041043255313,4.664022934650896,-14.90057062158948,-39.050000119055134,-20.775724492791703,87.973070526123,59.74839157104492,1.0,110.999999673762,0.0,1246.05078125,7203.0703125,139.666057733495,59.1327713012695,136.2238008521972,0.46339998990030945,32.2732488,-2.13798579265305,-0.2554588951170444,1908.323836326602,1035.4162573814388,1144.969129562376,1175.33311843872,-64.8446701,5.0,222.771728515625,7.38631820678711,18.2854423522949,-423.599029541016,41.822823882103,17.3782274127007,-2.9401999416858082,-1.25439060133417,0.687890549426787,-2.3377998818923045,85.1992721557617,424.016662597656,2.0,7.0,5.0,0.0,0.0,26050902.0,5.0,-51.53577306902169,88.0749751586126,36.72407455444335,35.88075645446778
2026-05-09 17:35:06+00:00,USA,USA,16.73000024926536,7.250000087913146,0.0,-2.489999932686782,-12.6199999982904,-22.2399999130982,-0.174689765315786,-9.653030368124504,4.993821692310092,3.735966200042996,-0.604165063384352,3.477957810513832,4.616871065225173,-13.41703526310668,-38.960000082399674,-19.5191293411812,88.7142082214355,60.213203887939414,1.0,110.999999673762,0.0,1262.69140625,7219.7109375,135.785280850877,60.5250068664551,133.0679993726146,0.173199984997951,32.2731402,-1.0142509258247718,-0.3466942202067004,1908.369302749632,850.254476070404,976.2662291526789,984.3404412269576,-64.8445471,5.0,209.109252929688,7.38631820678711,18.2854423522949,-424.599029541016,41.5810942649841,17.3840865492821,-2.7315999026407276,0.98445181366004,-0.462659085130092,-2.5239999753788878,86.1992568969726,425.016723632812,2.0,7.0,5.0,0.0,0.0,26050902.0,5.0,-50.61909064843862,87.95140337614875,36.66341800689695,39.83069984436038
2026-05-09 17:35:07+00:00,USA,USA,16.7999994429742,7.190000120394435,0.0,-2.46999994351388,-12.579999849189859,-22.669999936447635,-0.17498206939781452,-9.67280632709263,4.994180447996248,4.117728610020824,-1.704793925854875,3.521955199760068,4.559692734229964,-11.75497156632442,-39.4800001424046,-19.0572950013934,87.882848739624,59.65124359130857,1.0,110.999999673762,0.0,1279.3984375,7236.41796875,132.603792395864,59.8185722351074,132.49319524074718,-0.7539999850878938,32.2730378,-0.474323436734717,-0.3010765532962978,1908.3238124847398,910.1870059967041,958.6020588874823,1049.0037202835072,-64.8444181,5.0,198.973175048828,7.38631820678711,18.2854423522949,-425.599029541016,41.9794619083405,16.6263043880463,-2.358000038296572,0.475829824283993,-1.55026745926825,0.6357999783195524,87.1992416381836,426.016784667969,2.0,7.0,5.0,0.0,0.0,26050902.0,5.0,-50.54365189207474,87.7690168347419,36.6638677597046,39.35058288574218
2026-05-09 17:35:08+00:00,USA,USA,16.76999988610168,7.249999917158421,0.0,-2.48999993268678,-12.680000136563839,-22.96000020634156,-0.174251552651634,-9.67383170924178,4.993821692310094,3.692829243877452,-1.6060257085576448,3.5230412425267845,4.578390718592334,-10.292798136735044,-39.74000017240708,-19.45755945468175,87.6064979553222,59.51057464599609,1.0,110.999999673762,0.0,1295.95703125,7252.9765625,133.632241299949,59.3537887573242,132.96000315353382,-1.2177999972899405,32.2729354,-0.9120164408846089,-0.291953020496294,1908.369278907774,954.2474627494812,1025.3608465194698,1079.48088645935,-64.8442906,5.0,186.865463256836,7.38631820678711,18.2854423522949,-426.599029541016,41.704860329628,16.4368584752083,-2.3881999331551915,-0.625132103290065,-0.415219285878255,0.060799994779905074,88.1992263793945,427.016845703125,2.0,7.0,5.0,0.0,0.0,26050902.0,5.0,-50.70139032982376,87.59173244464506,36.576691246032695,37.22942161560058
2026-05-09 17:35:09+00:00,USA,USA,16.720000510810998,7.220000189531156,0.0,-2.45999994892743,-12.62999990749948,-23.190000337962022,-0.174836154145585,-9.67178094494348,4.99238624267865,2.895154161090652,-0.997134220968708,3.4817602195134625,4.589230655691964,-11.56156622223906,-39.900000085790296,-19.96687726957955,88.0667701721191,59.5551008605957,1.0,110.999999673762,0.0,1312.4921875,7269.51171875,134.502038569994,59.6920303344726,132.90499827411,-0.2755999926357376,32.2728312,-1.7447051224136438,-0.28282949060667306,1908.3511114120479,1058.4465026855455,1136.696743965148,1177.5642395019518,-64.8441648,5.0,176.480926513672,7.38631820678711,18.2854423522949,-427.599029541016,41.7648077011108,16.5169328451157,-1.9954000655446762,0.737877609032642,1.751859105239,0.08319999836832663,89.1992111206055,428.016906738281,2.0,7.0,5.0,0.0,0.0,26050902.0,5.0,-50.72843446384244,87.4252773194772,36.575333404541,37.20942512512208
2026-05-09 17:35:10+00:00,USA,USA,16.75999980613788,8.310000026341147,0.0,-0.5899999687492188,-9.939999912328945,-19.06000009781418,-0.17527436680973701,-9.668852074450015,4.9931041809377845,3.771194864366722,-1.0974778907671154,3.496697544407504,4.59735986146475,-12.32832069714374,-35.80000008553388,-19.70255151002095,87.7970729827881,59.779044799804694,1.0,110.999999673762,0.0,1329.02734375,7286.046875,134.316448669866,59.294263458252,133.27039973432738,-1.0665999715673222,32.2727265,-1.801688750328824,-0.22808829962741584,1908.414769172668,1136.639618873596,1194.65684890747,1246.842670440674,-64.8440399,5.0,162.600524902344,7.38631820678711,18.2854423522949,-428.700988769531,41.6371762752533,16.3626417517662,-2.5059999923269918,-1.3114748678179,-2.22235017619127,0.29339999188420235,90.1991958618164,429.016967773438,2.0,7.0,5.0,0.0,0.0,26050902.0,5.0,-50.51537832400548,87.2689001384298,36.29089393615725,38.019767761230455
2026-05-09 17:35:11+00:00,USA,USA,16.670000110991918,7.420000081260179,0.0,-2.2199999721308963,-12.37999995746084,-22.859999748212864,-0.17352104257556,-9.671048407155,4.993821692310094,2.236596179219604,-0.0861606594236657,3.4915373791782414,4.591669460112482,-13.10575570960832,-39.530000542223675,-20.89984269038915,88.63800430297849,60.33038406372068,1.0,110.999999673762,0.0,1345.6640625,7302.68359375,136.028230679655,60.3409172058105,134.2167962098754,-2.099199987153922,32.2726176,-3.7075214930463383,-0.18247064144816222,1908.3965539932262,1233.885407447814,1301.154923439024,1367.1061038970922,-64.8439169,5.0,153.372970581055,7.38631820678711,18.2854423522949,-429.599029541016,41.7570739984512,16.2747547030449,-1.986399903931008,1.51385796195873,-1.03439405014947,3.1084000574565778,91.1991806030274,430.017028808594,2.0,7.0,5.0,0.0,0.0,26050902.0,5.0,-51.60002260948725,87.1278874679203,35.98636837005615,37.721359176635715
2026-05-09 17:35:12+00:00,USA,USA,16.85000018430276,10.809999868236996,0.0,4.720000048814512,-1.5399999773984254,-7.849999933854943,-0.17512798465004448,-9.662552505601145,4.993822119196915,3.0917874952664564,0.30155563329052,3.492351921925448,4.607657652299016,-13.371640118335481,-24.699999435138757,-20.1152562991089,89.33148193359375,62.304423980712876,1.0,110.999999673762,0.0,1362.453125,7319.47265625,140.292413401142,61.0236213684082,135.8713986080084,-2.3021999967871887,32.2725018,-2.716618309583126,-0.2554588922066614,1908.4238290786739,938.5560631752016,1057.19779729843,1203.149819374084,-64.8437986,5.0,139.893524169922,7.38631820678711,18.2854423522949,-430.700988769531,41.8924421072006,16.5618523955345,-3.769199851487526,-4.2136717650278,-0.503501642015212,-2.3153999563441316,92.1991653442383,431.01708984375,2.0,7.0,5.0,0.0,0.0,26050902.0,5.0,-50.655418375577156,87.01165130862505,35.196322631835955,36.19520713806152
2026-05-09 17:35:13+00:00,USA,USA,16.68999958790062,9.590000016425801,0.0,1.9900000379455847,-5.680000041378002,-13.780000224092356,-0.175127984650044,-9.628567618725281,4.994180447996248,3.198551121333938,-0.8011741726903405,3.543410702245102,4.55047923592644,-13.9785584336423,-30.47999955044732,-17.6202855254989,89.96458625793454,62.1269123840332,1.0,110.999999673762,0.0,1379.81640625,7336.8359375,135.232540962105,62.9318435668945,132.56979991040242,-0.5855999982384921,32.2723892,-0.8524661065865946,-0.15510004377574657,1908.442020416258,915.8333659172058,975.4965782165525,1050.1672506332402,-64.8436702,5.0,128.595016479492,7.38631820678711,18.2854423522949,-431.700988769531,41.5714263916016,16.2845194339752,-2.3297999801382483,3.73417455604634,2.08141114365876,-2.4847999816056023,93.1991500854492,432.017150878906,2.0,7.0,5.0,0.0,0.0,26050902.0,5.0,-47.78282659181524,86.9597862671625,34.93341464996335,44.68602172851564
2026-05-09 17:35:14+00:00,USA,USA,16.79999978448368,10.629999965680899,0.0,4.3600000302588615,-2.3199999820284303,-8.910000213792397,-0.17498206939781452,-9.64790388426559,4.992745425251629,4.023186753699434,-2.2800636738522897,3.559705954123506,4.535032848495818,-13.748150881237859,-25.719999736730422,-16.43966512934735,88.85627517700195,61.16035034179684,1.0,110.999999673762,0.0,1397.03125,7354.05078125,131.420612386321,61.4969192504883,131.2855986709594,-0.6181999948910308,32.2722863,0.32216712049527263,-0.18247063999297083,1908.4874629974358,899.7202634811399,978.0864953994751,1058.764505386352,-64.8435349,5.0,114.278617858887,7.38631820678711,18.2854423522949,-432.700988769531,41.6951894760132,16.3977965712547,-2.7606000320829542,-0.409671864931309,0.575628279567988,-0.29919996908086977,94.1991348266602,433.017211914062,2.0,7.0,5.0,0.0,0.0,26050902.0,5.0,-46.38874263504276,86.8890255073612,34.86653881073,45.524810714721696
2026-05-09 17:35:15+00:00,USA,USA,16.779999966065496,10.6499997840991,0.0,4.1899998661571,-2.340000013890012,-9.31999990645952,-0.17498206939781452,-9.651419297254026,4.993462936623938,4.397759535802175,-2.7166376262118748,3.539065250517774,4.560505526741196,-14.9528321555333,-26.1000003847892,-16.0314742415272,88.45921897888185,60.564130554199174,1.0,110.999999673762,0.0,1413.99609375,7371.015625,130.579515571169,60.7954971313476,131.2927949582688,-0.11760000599925771,32.2721869,0.4039433772702912,-0.2645824250066652,1908.4238529205322,893.6058163642883,993.0222749710092,1068.577575683596,-64.8433989,5.0,102.371109008789,7.38631820678711,18.2854423522949,-433.700988769531,41.6043013334274,16.5364637970924,-2.7089999592715777,0.0107851330024246,0.51679713884317,0.05300000612614701,95.1991195678711,434.017272949219,2.0,7.0,5.0,0.0,0.0,26050902.0,5.0,-45.6558838276679,86.8363135224416,34.8621871948242,46.160509185791014
2026-05-09 17:35:16+00:00,USA,USA,16.77000022761112,10.550000179744,0.0,4.239999839089358,-2.360000003062916,-9.359999884805326,-0.175420762309642,-9.653470488439151,4.993104180937782,4.4150146427023795,-2.574265427892425,3.5352628415181457,4.564028623692449,-16.72666575091252,-26.119999861697938,-16.319890078288402,87.9201370239258,59.9506622314453,1.0,110.999999673762,0.0,1430.80078125,7387.8203125,131.05548413367,60.165348815918,131.70299699529022,0.6048000015048565,32.2720877,0.2506619341074324,-0.23721183242741958,1908.4692955017083,995.2064990997309,1149.695253372192,1142.3498868942281,-64.843265,5.0,93.6899566650391,7.38631820678711,18.2854423522949,-434.700988769531,41.7938143014908,16.419281065464,-2.5469999103672882,0.0715251406787785,1.04441532504405,0.6347999852642094,96.199104309082,435.017333984375,2.0,7.0,5.0,0.0,0.0,26050902.0,5.0,-45.79623670190361,86.80193035015981,34.8835109710693,43.56636451721191
2026-05-09 17:35:17+00:00,USA,USA,16.819999602901838,10.49000021222528,0.0,4.1899998661571,-2.270000009096172,-9.339999895632422,-0.175858501396225,-9.64995422167706,4.9931041809377845,4.173447585722494,-2.39564232071825,3.5273866515654264,4.569448293421495,-16.346721451914398,-26.159999840043735,-16.62641616163385,87.04116554260256,59.381015624999975,1.0,110.999999673762,0.0,1447.44140625,7404.4609375,131.68017323516,59.6044692993164,132.4146016200056,-0.714799997984713,32.2719883,0.28285736211356716,-0.2737059578066692,1908.3329200744622,1181.738448143008,1259.7319126129141,1291.630172729492,-64.8431335,5.0,80.5212249755859,7.38631820678711,18.2854423522949,-435.700988769531,42.1380370855331,16.4700597524643,-2.4520000044846837,0.457280151076149,-1.72122421270761,1.05299997636843,97.199089050293,436.017395019531,2.0,7.0,5.0,0.0,0.0,26050902.0,5.0,-46.472857780709305,86.77386851795481,34.76253948211669,40.91886749267576
2026-05-09 17:35:18+00:00,USA,USA,16.76999988610168,10.42000016474276,0.0,4.089999920292589,-2.579999969342204,-9.340000066387153,-0.17527437347984348,-9.651126452893365,2.453886625463404,5.022886452417342,-2.718213158754325,3.494253318524332,4.596005093442878,-13.681393636818518,-26.10999978173412,-16.294176123610598,86.69457092285155,59.16056671142576,1.0,110.999999673762,0.0,1463.92578125,7420.9453125,132.562032619278,59.3709342956543,133.15719617902363,-1.829799973339258,32.2718883,0.7536365042982164,476.4290334424004,1908.38747024536,975.5984783172604,1067.0636177063002,1220.57068347931,-64.8430041,5.0,70.4819488525391,7.38631820678711,18.2854423522949,-436.700988769531,41.7222648859024,16.4036557078362,-3.4225999383758436,-1.98724844821368,-1.04270084084067,0.13879999871136098,98.1990737915039,437.017456054688,2.0,7.0,5.0,0.0,0.0,26050902.0,5.0,-46.21376138473402,86.7588762527266,34.5626277923584,40.31966491699216
2026-05-09 17:35:19+00:00,USA,USA,16.80999952293802,10.370000106433139,0.0,4.029999952773883,-2.710000027032112,-9.719999860672292,-0.152044299803035,-9.654056177160474,0.2904374126729548,4.655144200994068,-2.8695182840128,3.604517843428268,4.707380975502138,-10.433560310056727,-26.53999980508358,-17.13326742446755,85.89788703918455,57.96049438476564,1.0,110.999999673762,0.0,1480.34375,7437.36328125,132.914279135154,58.4983177185058,133.1411971439118,-0.5235999959173215,32.2717882,-0.7683891579525746,1416.4135456085219,1908.3601951599098,889.6510243415835,1037.7123117446922,1118.899846076966,-64.8428776,5.0,58.6589965820312,7.38631820678711,18.2854423522949,-437.700988769531,41.6487783193588,16.3782671093941,-3.2122000591071016,0.0279669766188775,1.20317987064982,-0.5045999887940864,99.1990585327148,438.017517089844,2.0,7.0,5.0,0.0,0.0,26050902.0,5.0,-45.99245779147428,86.76592500795005,34.56767635345455,39.70440376281738
2026-05-09 17:35:20+00:00,USA,USA,16.7300005907748,10.45999997233386,0.0,4.149999887811296,-2.639999979549594,-9.559999776534346,-0.19032335462453748,-9.647024497409944,1.2501359297578234,4.400276076313183,-0.7712297695953599,4.147964149929176,4.503869171256626,-10.807782276568243,-26.2800001165906,-17.625361209825847,85.5411060333252,56.62134338378904,1.0,110.999999673762,0.0,1496.41015625,7453.4296875,133.961251512269,57.2649616241455,130.42760396780082,1.8575999745112939,32.2716891,-1.6290381313196403,1890.3243780136102,1908.351063728332,952.4688959121704,1096.932291984558,1093.8396692276,-64.842755,5.0,47.7933349609375,7.38631820678711,18.2854423522949,-438.700988769531,41.7976826429367,16.4075627923012,-2.775199945631998,0.826518630142304,2.66445828932586,-6.437999494427197,100.199043273926,439.017578125,2.0,7.0,5.0,0.0,0.0,26050902.0,5.0,-44.505696363891715,86.7831507450368,34.5702341079712,42.80055221557616
2026-05-09 17:35:21+00:00,USA,USA,16.649999951064302,10.619999885717101,0.0,4.360000030258863,-2.4299999651680757,-9.359999884805326,-1.492412075099385,-9.62534462321068,1.51715756231374,1.827872942186644,6.3705157313236,4.913840774770792,3.73887142100646,-16.31811183853798,-26.02000008658814,-18.62236136165165,83.5485809326172,53.13094024658202,1.0,110.999999673762,0.0,1512.08984375,7469.109375,126.96578542472,55.1197471618652,116.7867995838986,0.9920000211304663,32.2716054,-3.3507911714237357,1910.478639602664,1908.32381248474,1113.274478912354,1252.8022050857562,1195.5827951431281,-64.8426258,5.0,38.193416595459,7.38631820678711,18.2854423522949,-439.700988769531,41.6681170463562,16.2083506584167,-2.0353999798574542,0.215915833320737,-2.44122700323892,-20.8919992426558,101.199028015137,440.017639160156,2.0,7.0,5.0,0.0,0.0,26050902.0,5.0,-43.13063653301452,86.79796201025201,34.60148162841795,39.6816497039795
2026-05-09 17:35:22+00:00,USA,USA,4.559999879299202,3.369999931206069,0.0,1.7600000397272477,-1.2599999742313244,-3.3800000218420485,-1.95541912635118,-9.576857537179585,2.3817476242010125,0.6200373584664467,13.7108478884632,5.026549739001313,3.615301175335154,-2.913647645320404,-7.93999971437827,-16.0954466470672,79.61170234680175,46.58394149780274,1.0,110.999999673762,0.0,1526.703125,7483.72265625,105.440621840343,49.0986042022705,88.65499755500566,-2.031999975721646,32.2715664,-4.538508048745523,1910.7432126998901,1908.323836326598,1140.7011985778822,1139.28737640381,1189.886331558226,-64.8424877,5.0,30.5878238677978,7.38631820678711,18.2854423522949,-440.700988769531,41.4302557706833,20.5148234963417,-1.28079999733553,0.660228123205676,-4.72913589640491,-32.827998996515916,102.199012756348,441.017700195312,2.0,7.0,5.0,0.0,0.0,26050902.0,5.0,-27.624609768864822,86.81118867157974,34.6531843185425,36.63648056030272
2026-05-09 17:35:23+00:00,USA,USA,-16.7100000893377,-10.060000018121087,0.0,-3.8799999059110717,2.5299999964099484,9.079999865629958,-1.93554925228197,-9.581251910136839,4.682296892331856,0.48092031091155024,11.8405649356821,5.245449532560038,3.405556866160688,14.703387499874179,25.779999533494426,0.9456808851666949,76.88347778320309,42.3574233055115,1.0,110.999999673762,0.0,1539.47265625,7496.4921875,72.4965840769991,43.2281627655029,60.02575148282305,-2.327750026924913,32.2715847,-2.703526010882975,1910.95304489136,1908.4192812442775,1176.4265000820124,1114.084273576735,1209.796130657195,-64.8423741,5.0,30.7583446502686,7.38631820678711,18.2854423522949,-441.599029541016,41.1150425672531,28.0360132455826,-1.0554999750150424,0.627259013525436,-0.0354045490319722,-28.2722485620975,103.198997497559,442.017761230469,2.0,7.0,5.0,0.0,0.0,26050902.0,5.0,7.729771614367152,86.82399527627355,34.73257255554195,42.22331199645995
2026-05-09 17:35:24+00:00,USA,USA,-16.579999391317564,-10.440000153915658,0.0,-3.939999958807146,3.0399999764510417,9.980000232184217,-1.8782758749355901,-9.566017600079949,6.673473894601395,0.981309403705476,4.448223129168685,5.430943553907152,3.2272470512260076,16.89798397076938,26.54999988504742,15.9156431978271,72.78105239868165,41.441388244628904,1.0,110.999999673762,0.0,1551.1484375,7508.16796875,44.0013080672727,41.4752906799316,39.4255997347222,-1.4832000175388935,32.2716596,0.22467504933926136,1910.9256744384759,1802.754950523376,1176.969957351684,1091.758990287779,1249.113035202026,-64.8422727,5.0,30.4274768829346,7.38631820678711,18.2854423522949,-442.599029541016,71.2846398353577,28.8406699895859,-1.5247999890421138,-0.255990500852333,0.892286254856093,-9.364999412523064,104.19898223877,443.017822265625,2.0,7.0,5.0,0.0,0.0,26050902.0,5.0,37.1747955880902,86.83640914508999,34.870243263244646,34.57784317016602
2026-05-09 17:35:25+00:00,USA,USA,-16.50000011764488,-8.499999838106351,0.0,-0.11000001515615603,8.579999880175329,17.1400001126872,-1.875062057487685,-9.580959065776174,5.616513817240872,2.389732670293628,1.906530393180375,5.54528177438681,3.109367463039062,16.77438725811504,33.62999912583986,20.96022497774665,70.76262016296386,42.0550309753418,1.0,110.999999673762,0.0,1562.671875,7519.69140625,35.2290092482802,41.8343994140625,35.08979974771163,0.5056000121984142,32.2717439,-0.1854104635875708,1910.989546775816,1280.3200364112868,977.2119045257568,1079.9153566360471,1089.0950322151189,-64.8421993,5.0,38.8716735839844,7.38631820678711,18.2854423522949,-443.599029541016,91.5665924549103,28.7645012140274,-3.1845999476899998,-1.84833478021349,1.42189095888839,-2.225399855655686,105.19896697998,444.017883300781,2.0,7.0,5.0,0.0,0.0,26050902.0,5.0,46.86881204312196,86.7266684956954,34.9440902709961,29.128438339233384
2026-05-09 17:35:26+00:00,USA,USA,-16.63999987110048,-10.9500001339568,0.0,-5.330000102786171,0.9800000030807305,7.1999999442261595,-1.897123355063415,-9.572902857650146,7.716796047868783,3.845965841673182,2.658845901540515,5.524098113430744,3.1329435258179696,16.95749267693204,23.829999649985457,22.67101661010565,70.35629081726074,42.857005462646484,1.0,110.999999673762,0.0,1574.375,7531.39453125,33.8059769007485,42.6001773834228,32.32119964311986,1.1380000157306265,32.2718322,0.050019580377649794,1910.980439186098,744.083273410797,417.13104248046886,731.299364566803,646.860134601593,-64.8421286,5.0,47.5722351074219,7.38631820678711,18.2854423522949,-444.599029541016,91.5201783180237,28.8328588008881,-4.425599899123336,-1.51639953938192,-0.722957594399278,-2.7475999195922562,106.198951721191,445.017944335938,2.0,7.0,5.0,0.0,0.0,26050902.0,5.0,51.65927040242362,86.6018228829513,34.99239406585695,27.516169624328604
2026-05-09 17:35:27+00:00,USA,USA,-16.61999971117284,-9.990000141393317,0.0,-2.8399998926229544,4.6700000972266125,12.180000065731807,-1.895370024159135,-9.575246466309105,7.75771058854445,4.897430306138828,0.9172783226550266,5.487434170230302,3.1692558423422,17.28631949867232,28.78999969694082,25.1331367351288,69.89391059875484,43.72028297424314,1.0,110.999999673762,0.0,1586.29296875,7543.3125,30.5809494048707,43.0633644104004,29.993999830621277,-0.3018000006503542,32.2719255,1.2939074985426675,1910.907435417176,456.0258209705354,265.0922000408172,560.1145625114441,496.7132329940796,-64.8420636,5.0,58.4047584533691,7.38631820678711,18.2854423522949,-445.599029541016,91.454428434372,28.8953542709351,-3.9353998264011403,0.580361974188777,-2.10155209086066,-2.0123998994607337,107.198936462402,446.018005371094,2.0,7.0,5.0,0.0,0.0,26050902.0,5.0,56.234109251892804,86.54705842618615,35.041731262206994,24.71850219726562
2026-05-09 17:35:28+00:00,USA,USA,-16.519999936063023,-7.279999986295134,0.0,2.5399999909964004,12.849999959156118,23.55999988152862,-1.812967313639225,-9.576271848458255,4.740079695068614,4.998442229906238,-1.9312238749075,5.482273791557629,3.17765616393635,16.10261834569572,40.08000015910114,27.011282516305002,69.78890190124514,45.15701454162596,1.0,110.999999673762,0.0,1598.4765625,7555.49609375,27.6830264985339,44.5198253631592,29.83039972452654,-0.3976000071653282,32.2720241,1.8630590458941079,1910.9530448913579,146.58363002818066,535.9541833400726,630.8790087699892,641.6743993759156,-64.8420017,5.0,71.1556625366211,7.38631820678711,18.2854423522949,-446.700988769531,91.7251646518707,28.8680136203766,-2.210599988318688,2.99140834583696,1.04422738812017,1.665799948996456,108.198921203613,447.01806640625,2.0,7.0,5.0,0.0,0.0,26050902.0,5.0,60.62370585786316,86.5809703154153,34.9368015289307,21.25436702728272
2026-05-09 17:35:29+00:00,USA,USA,-16.519999936063023,-7.240000178704055,0.0,2.3499999657877817,12.53999987084406,22.959999523322598,-1.799379826224245,-7.787084372022965,4.06427128070807,4.9955660372467445,-1.791479111623538,5.3950941961426,3.260849660951764,13.84050272277924,39.48000014240464,26.26456440133055,70.86673965454099,46.5308363342285,1.0,110.999999673762,0.0,1611.05859375,7568.078125,29.4870775338202,46.0422180175781,32.12079984381494,0.43179999297322097,32.2721246,1.4086858766895678,1910.9621524810798,-0.7000989862717687,557.5116634368894,666.6371941566467,633.0534815788268,-64.8419353,5.0,81.0467071533203,7.38631820678711,18.2854423522949,-447.599029541016,91.8315231800079,28.7469238042831,-2.428799986308266,-0.587974593544726,1.06537418739906,1.679599972688494,109.198905944824,448.018127441406,2.0,7.0,5.0,0.0,0.0,26050902.0,5.0,59.76042595432474,86.7257190994008,34.69904022216795,22.54343788146972
2026-05-09 17:35:30+00:00,USA,USA,-16.60999963120902,-9.190000062213025,0.0,-1.5700000145186326,6.489999901701313,14.789999933455999,-1.8123831190217699,-0.696253802570456,4.46910991168361,4.994487806508895,-1.4930734828709649,5.334801555017958,3.3166731812364185,12.14525130757462,31.3899999969654,24.0265504669383,72.64735908508294,47.23804344177248,1.0,110.999999673762,0.0,1624.01171875,7581.03125,31.5822244013433,47.103311920166,33.9819983888678,0.808200009427478,32.2722248,1.1370613983282813,1911.016917228698,-0.5546126049011944,474.20743703842163,606.487452983856,568.7437534332277,-64.841862,5.0,90.8500823974609,7.38631820678711,18.2854423522949,-448.700988769531,91.6516780853272,28.8797318935394,-2.267199930357246,-0.329136197293189,-0.475521185110873,2.5195999875258854,110.198890686035,449.018188476562,2.0,7.0,5.0,0.0,0.0,26050902.0,5.0,55.748424062278026,86.85674944843831,34.43950366973875,27.183635787963862
2026-05-09 17:35:31+00:00,USA,USA,-16.73999998771972,-11.350000088169562,0.0,-6.460000003319323,-1.0000000135979763,3.759999885496306,-1.82158711909348,-0.1870660747619555,4.623437267583764,4.993768246079835,0.06199074057590075,5.258213790080958,3.40095015969761,11.67566197100318,20.50000017203676,22.36243378604635,72.4276943206787,46.59936149597168,1.0,110.999999673762,0.0,1637.12109375,7594.140625,34.9659069463568,46.6117080688477,35.32199885873534,1.2821999726719704,32.2723221,0.5654429654074902,1910.998678207398,-0.5637046124320475,561.0363721847536,679.514229297638,622.2445368766785,-64.841784,5.0,101.638008117676,7.38631820678711,18.2854423522949,-449.599029541016,92.036509513855,28.9461344480514,-1.741400015218614,0.0628988919015301,2.12002540468802,0.8091999597941385,111.198875427246,450.018249511719,2.0,7.0,5.0,0.0,0.0,26050902.0,5.0,52.51385889024316,86.9377213410488,34.0184595108032,28.78276931762694
2026-05-09 17:35:32+00:00,USA,USA,-16.519999936063023,-11.770000031555217,0.0,-6.419999939596146,-0.9799999497198799,5.54999985562205,-2.751400087436065,-0.18648004586518951,2.9714203521837916,4.994128026294364,0.1397457237793135,5.302211051261151,3.3445845358362662,13.707369529251,22.0899997381693,21.7105793146805,72.58122825622556,45.961619567871075,1.0,110.999999673762,0.0,1650.06640625,7607.0859375,34.5078539700482,46.5741725921631,36.16359974184816,-0.6616000090556513,32.2724179,1.0630523713124185,1911.0990524292022,-0.5455277103465053,840.1354074478147,841.4175629615784,799.8610258102418,-64.8417055,5.0,114.665725708008,7.38631820678711,18.2854423522949,-450.700988769531,91.6516780853272,24.1904616355896,-0.8069999665346475,2.50203489675907,-2.95619722656167,-0.1687999611263728,112.198860168457,451.018310546875,2.0,7.0,5.0,0.0,0.0,26050902.0,5.0,50.6401371933471,86.94374898299134,33.43286933898925,32.143208999633785
2026-05-09 17:35:33+00:00,USA,USA,-16.58999947128138,-10.760000151436856,0.0,-4.909999903268405,1.509999966958646,7.799999875545323,-2.75622177410327,-0.1873593326692295,5.280224074681324,4.9930495394244225,0.42396546317237505,5.282113390383116,3.372225329567614,12.59500389649436,24.39000002984562,21.120101776970102,71.24296646118165,45.28718399047854,1.0,110.999999673762,0.0,1662.80078125,7619.8203125,36.0111239648546,45.3380802154541,35.77200040805032,0.7555999915855243,32.2725106,-0.3478640583970912,1911.062550544742,-0.43641647789627325,881.612420082092,926.3595938682558,876.7406344413755,-64.8416268,5.0,123.295906066895,7.38631820678711,18.2854423522949,-451.700988769531,68.7300562858582,24.1201519966126,-1.8919999874783102,-1.90816488946527,2.81140361945974,0.2693999978064072,113.198844909668,452.018371582031,2.0,7.0,5.0,0.0,0.0,26050902.0,5.0,50.5678389579636,86.9365158126603,33.371146774292,29.69921104431154
2026-05-09 17:35:34+00:00,USA,USA,-16.63999987110048,-11.16000027640438,0.0,-5.51999999992874,0.6899999999910922,6.950000079564885,-2.76352740847254,-0.188091757065901,5.426296805460062,4.993768246079835,0.6099433900819695,5.326382407714904,3.3302223555590196,10.024279324045017,23.59999951836498,20.8149801512727,71.33119354248049,44.751518096923796,1.0,110.999999673762,0.0,1675.37109375,7632.390625,36.2738130403333,45.0401653289795,35.813799116714065,2.178799972236602,32.272602,-0.027573359104627427,1910.971307754518,-0.7091838750056924,825.4853844642643,959.3064665794373,829.7629833221436,-64.841548,5.0,134.388381958008,7.38631820678711,18.2854423522949,-452.700988769531,56.1350584030151,24.192413687706,-1.9117999588302361,0.336444099498706,1.16265475747855,-0.212200006306988,114.198829650879,453.018432617188,2.0,7.0,5.0,0.0,0.0,26050902.0,5.0,49.325255427171165,86.90519939531575,33.5175310134888,31.7854515838623
2026-05-09 17:35:35+00:00,USA,USA,-16.670000110991943,-10.840000108128482,0.0,-4.909999988645768,1.4599999780181339,8.010000017992885,-2.760751256740045,-0.1876521103288275,4.468751241374818,4.9930495394244225,0.970863365749711,5.355442386689738,3.300684604851748,10.768145493531552,24.65999979830244,21.29966830402335,70.8051338195801,44.34041793823239,1.0,110.999999673762,0.0,1687.7890625,7644.80859375,35.3069861029397,44.4513221740723,35.55460026790124,1.8328000058661398,32.2726931,0.46536958166918857,1910.9804153442378,-0.7364670163951812,927.5183796882627,1017.5849914550778,890.9393906593323,-64.8414714,5.0,146.699447631836,7.38631820678711,18.2854423522949,-453.700988769531,54.4971108436584,27.9481261968613,-1.643400012776106,0.226378349107875,-1.50569823377809,-0.6209999962567236,115.19881439209,454.018493652344,2.0,7.0,5.0,0.0,0.0,26050902.0,5.0,49.662160655152306,86.85103258010301,33.2892574310303,30.1003788757324
2026-05-09 17:35:36+00:00,USA,USA,-16.63999987110048,-9.179999982249209,0.0,-1.159999958997703,7.080000009188754,15.519999965153778,-2.761043460770475,-0.187652110328828,4.205677455491128,4.993408892752129,0.5637111669413695,5.406229112037014,3.2489260716516264,11.38841546262792,32.149999585535674,21.80585703850765,70.690779876709,45.04044410705566,1.0,110.999999673762,0.0,1700.10546875,7657.125,34.6819486618026,44.5736927032471,35.018399682203956,1.0523999869385257,32.272785,0.6820489607700244,1910.934805870058,-0.6273557955864818,876.0295748710635,986.622536182403,907.2126507759092,-64.841396,5.0,156.108047485352,7.38631820678711,18.2854423522949,-454.700988769531,54.4816374778748,31.9694548845291,-2.321799907629458,-0.981294238551084,-0.864562356932452,-0.10899999075131164,116.198799133301,455.0185546875,2.0,7.0,5.0,0.0,0.0,26050902.0,5.0,51.70533729629964,86.80885957707275,33.1306131362915,27.290222740173363
2026-05-09 17:35:37+00:00,USA,USA,-16.679999849446283,-8.630000023862307,0.0,-0.6300000164641304,7.950000050474168,16.86000009351184,-2.74833194511655,-0.188677785962667,4.606210335213886,4.993408892752129,-0.45601368375987705,5.405957526640142,3.248112937630938,10.576647821281359,33.55000019367664,22.6251262766196,71.43926811218259,46.3716279602051,1.0,110.999999673762,0.0,1712.64453125,7669.6640625,34.0678122025809,45.603235244751,35.21440015666445,1.052400018955037,32.2728799,0.7833047863238292,1910.9074354171782,-0.663716730196029,558.6093723773959,743.4381127357483,717.5280928611753,-64.8413199,5.0,167.351181030273,7.38631820678711,18.2854423522949,-455.700988769531,54.4062197208405,31.8464130163193,-3.6844000647340556,-1.96424351731543,0.523178029631843,0.9607999998143658,117.198783874512,456.018615722656,2.0,7.0,5.0,0.0,0.0,26050902.0,5.0,53.52341958919793,86.8309518239432,33.26849155426025,21.521816825866683
2026-05-09 17:35:38+00:00,USA,USA,-16.649999609554822,-12.22999995328672,0.0,-7.9599998743059,-3.140000029037261,1.280000000756821,-2.762066281598685,-0.18706655500963149,5.072780130530637,4.991612126113591,-0.30470944645934694,5.3171485042212385,3.340520103704604,10.490435807539624,17.919999861185097,22.511939796788702,71.3084690093994,46.083687973022464,1.0,110.999999673762,0.0,1725.5625,7682.58203125,35.9122501464295,46.5733074188232,36.60039990153532,0.6285999917688994,32.2729748,0.6891572560331326,1910.0315809249878,-0.5728037387598306,325.4322588443758,541.7128920555114,468.95664930343617,-64.8412401,5.0,177.138732910156,7.38631820678711,18.2854423522949,-456.700988769531,54.4739007949829,31.9909363985062,-2.6370000110557363,1.60101555135803,-0.456900221803567,0.38379998880937244,118.198768615723,457.018676757812,2.0,7.0,5.0,0.0,0.0,26050902.0,5.0,53.95294969553252,86.90964243337085,33.278794670105,23.9157421875
2026-05-09 17:35:39+00:00,USA,USA,-16.54999949293556,-10.800000129782655,0.0,-4.639999985401203,2.0999999303717756,9.10999987073366,-2.7525691170011948,-0.188091757065901,3.337498556081834,4.9930495394244225,-0.60416414290964,5.318778016602474,3.3367261043753897,12.51069921307834,25.67999975838462,23.301938259212598,70.4003562927246,46.0125789642334,1.0,110.999999673762,0.0,1738.34765625,7695.3671875,34.861804618122,45.9541042327881,36.73779871895498,-1.627599992301213,32.2730689,1.4357691135412316,1909.995055198668,-0.5364285898394882,545.860606431961,600.6694912910461,614.3383860588071,-64.841161,5.0,188.702209472656,7.38631820678711,18.2854423522949,-457.700988769531,54.3075919151306,31.9225817918777,-1.74039994745808,0.0851714784443871,-3.13350658953767,0.2895999834559434,119.198753356934,458.018737792969,2.0,7.0,5.0,0.0,0.0,26050902.0,5.0,55.15757786510716,87.0352018008832,32.4627559661865,24.21060012817382
2026-05-09 17:35:40+00:00,USA,USA,-16.60999963120902,-9.779999998945716,0.0,-3.1700000554852976,4.240000031188439,11.490000268511972,-2.74555536649724,-0.18853139713286798,5.34805613474392,4.991971564818666,-0.550579081055282,5.2981369287985975,3.355424515624582,11.930865329906279,28.08999956362506,22.7343427089954,69.4785243988037,45.69906349182128,1.0,110.999999673762,0.0,1751.125,7708.14453125,36.602287082803,45.63303565979,36.69219832699922,-0.2059999964699179,32.273162,0.31239531159001654,1909.912967681884,-0.5546126107219609,553.3182978630066,635.7396364212034,637.001848220825,-64.841081,5.0,198.365447998047,7.38631820678711,18.2854423522949,-458.700988769531,54.5164465904236,31.7741483449936,-1.978000009223678,-0.352334854767858,3.83171520692282,-0.2794000084011132,120.198738098145,459.018798828125,2.0,7.0,5.0,0.0,0.0,26050902.0,5.0,55.30837819669728,87.19202294422675,32.32942657470705,23.3814200592041
2026-05-09 17:35:41+00:00,USA,USA,-16.6499999510643,-10.316666631217366,0.0,-3.799999934989904,3.2166666328557096,10.433333377021563,-2.7538838216947203,-0.1879453615659955,4.340863405456177,4.992929754981854,-0.4040021909353365,5.341682059914857,3.313692102484483,11.058952807194098,27.083333043494633,23.00138944516455,69.7293800354004,45.813092994689946,1.0,110.999999673762,0.0,1763.82421875,7720.84375,35.4763440585047,45.7490753173828,36.2905000462493,0.6514999885499395,32.2732598,1.1093442772329558,1910.006493330005,-0.6932835312909448,675.801560282707,742.2685623168945,696.1145251989365,-64.8409977,5.0,209.590942382812,7.38631820678711,18.2854423522949,-459.700988769531,54.4564962387085,29.5652508735657,-1.344499953032825,0.936899076163059,0.114234647064199,-0.22725000030737133,121.198722839355,460.018859863281,2.0,7.0,5.0,0.0,0.0,26050902.0,5.0,55.2235965953225,87.33407721858465,32.25936641693115,25.612343502044673
2026-05-09 17:35:42+00:00,USA,USA,-16.62999979113666,-9.529999878152358,0.0,-2.2999999661751,5.470000026996484,13.420000077470661,-2.7350358079583597,-0.188530923555298,2.9136374213809897,4.9930495394244225,-1.0953760067717504,5.34865275176792,3.3017685131843457,11.55321016880848,30.0200006532442,23.35779725379225,70.13384513854979,46.73901008605956,1.0,110.999999673762,0.0,1776.55078125,7733.5703125,34.4169339069116,46.0975135803223,36.476799432276934,0.13940000481653064,32.2733503,1.9690701558697818,1909.995079040526,-0.7000918732956054,839.0995621681211,868.8725829124447,851.9889235496521,-64.8409236,5.0,219.225646972656,7.38631820678711,18.2854423522949,-460.700988769531,54.3346703052521,24.752938747406,-1.521400006250646,-0.641500704996854,-0.828546449273858,0.4749999749761343,122.198707580566,461.018920898438,2.0,7.0,5.0,0.0,0.0,26050902.0,5.0,55.648766138136196,87.46682194510385,31.732424354553203,26.080915374755882
2026-05-09 17:35:43+00:00,USA,USA,-16.69000027091954,-10.310000138914466,0.0,-4.179999994300614,2.520000081864776,9.289999922700162,-2.709176071430455,-0.188824174792466,3.986030994190068,4.993409319638952,-1.0071163023168443,5.313889650213494,3.342416932614479,10.88716427189466,25.959999606805262,22.077792482575248,70.78970489501955,47.650297164917,1.0,110.999999673762,0.0,1789.55859375,7746.578125,35.6366383530412,47.1923320770264,36.75719987129238,0.8915999809270648,32.2734472,1.1406681010638438,1910.0680589675899,-0.7182758883573114,765.2473330497739,834.2402935028076,787.6258611679079,-64.840843,5.0,227.813064575195,7.38631820678711,18.2854423522949,-461.599029541016,47.7886706590652,24.6435686945915,-2.006200067382002,-0.0690177075313368,2.73751313891467,0.5936000253905562,123.198692321777,462.018981933594,2.0,7.0,5.0,0.0,0.0,26050902.0,5.0,54.56874042657116,87.6053996531742,31.44310970306395,28.27717712402342
2026-05-09 17:35:44+00:00,USA,USA,-16.73000024926536,-10.89000016643806,0.0,-5.089999891201886,1.2200000865989662,7.530000021711142,-2.72101076154968,-0.188824174792466,3.4631133335038222,4.992330918146372,-0.872623447576523,5.279941048717592,3.376832377540152,10.95811747227588,24.27000009480818,21.417517241736398,71.46525077819825,47.911030197143575,1.0,110.999999673762,0.0,1802.81640625,7759.8359375,36.0112230025976,47.9993705749512,37.490198697545225,0.8116000028911156,32.2735445,1.131152985875444,1909.9220752716042,-0.6546318298205736,798.9291071891785,886.401104927063,812.7599954605103,-64.8407597,5.0,239.542205810547,7.38631820678711,18.2854423522949,-462.599029541016,40.0939851999283,24.4072496891022,-1.7056000269151599,1.81111750631291,0.0997712679294472,0.758999990385248,124.198677062988,463.01904296875,2.0,7.0,5.0,0.0,0.0,26050902.0,5.0,53.01436217526229,87.71438898176015,31.2873115539551,30.747233963012697
2026-05-09 17:35:45+00:00,USA,USA,-16.77000022761112,-10.45999997233386,0.0,-4.129999984015762,2.8099999141996843,9.760000009772831,-2.7245168897497196,-0.189410203689232,3.7100367528968774,4.992690186096716,-0.409255970443878,5.239474141564656,3.4153124253522185,12.15288079963226,26.520000328174877,20.0797060182526,72.10824966430665,48.00217208862304,1.0,110.999999673762,0.0,1816.12890625,7773.1484375,36.9267893702703,48.2000907897949,37.86019960714965,0.7063999938876364,32.2736409,0.5719346199865507,1909.885621070864,-0.7273750146850944,844.1218018531799,905.2181482315063,864.9799227714536,-64.8406744,5.0,249.610733032227,7.38631820678711,18.2854423522949,-463.599029541016,40.2061462402344,24.2275685071945,-1.7659999660427939,1.07062991124368,-0.472867069648941,-0.21759999655348233,125.198661804199,464.019104003906,2.0,7.0,5.0,0.0,0.0,26050902.0,5.0,50.36530062642953,87.7792108920781,31.16152324676515,34.91991485595702
2026-05-09 17:35:46+00:00,USA,USA,-16.670000110991943,-11.5800000490353,0.0,-6.6599999804257095,-1.1699999802645802,4.080000053772188,-2.73299069991047,-0.18970298801893698,4.103749688733378,4.992690271474078,-0.30155753427090404,5.254683350676344,3.3909235700620757,11.191577094710961,20.74999960981122,19.0682881908625,72.59004478454591,48.202940368652335,1.0,110.999999673762,0.0,1829.4609375,7786.48046875,37.4344397652369,48.020584487915,38.003399304231365,1.3154000067791798,32.2737366,0.5390368270861987,1910.250544548034,-0.5909877654630692,754.8974037170412,924.0349173545837,799.4927287101743,-64.8405877,5.0,261.325531005859,7.38631820678711,18.2854423522949,-464.599029541016,40.1694029569626,24.4736537337303,-2.1720000279980103,-1.1423448698164,0.707210006298432,0.26379996305851056,126.19864654541,465.019165039062,2.0,7.0,5.0,0.0,0.0,26050902.0,5.0,48.7337105016482,87.7682381931765,31.0251537322998,37.93719451904296
2026-05-09 17:35:47+00:00,USA,USA,-16.70000035088336,-12.02000015234862,0.0,-7.38000001753701,-2.2599999931653842,2.68999997382619,-2.736351473147235,-0.1891169524520645,4.413121698462592,4.992690186096716,-0.1849269849119115,5.229968994183568,3.41693839457282,11.539095924398099,19.3999997429988,18.8007898084345,72.41610031127931,48.03753845214844,1.0,110.999999673762,0.0,1842.85546875,7799.875,37.2525586578286,48.1069747924805,38.09599959390384,1.1829999913696545,32.2738326,0.6116084514634019,1909.757852554318,-0.7273750030435622,787.1295571327211,882.4503779411316,814.782500267029,-64.840501,5.0,271.120971679688,7.38631820678711,18.2854423522949,-465.700988769531,40.2796298265457,24.3838131427765,-2.1331999858233304,-0.123486818645855,0.0391550666031964,0.3044000055394122,127.198631286621,466.019226074219,2.0,7.0,5.0,0.0,0.0,26050902.0,5.0,47.99136934264861,87.73041943574216,30.7115352630615,35.92287460327146
2026-05-09 17:35:48+00:00,USA,USA,-16.7300005907748,-11.479999932416039,0.0,-6.009999905419567,-0.17000000401920295,5.849999992036352,-2.7353281187104947,-0.1892633412818635,3.231982079868118,4.993408892752128,-0.44130325805021803,5.264188839566883,3.394175551191966,13.052386148226441,22.579999558282783,18.9119443069873,72.9780406951904,48.229192199707015,1.0,110.999999673762,0.0,1856.203125,7813.22265625,36.9188219546035,48.4456077575684,38.43500032392234,0.23019997601867162,32.2739289,1.2246423740787553,1910.068082809446,-0.6455398164689541,903.0901312828067,983.3602547645554,925.2165794372555,-64.8404144,5.0,278.8583984375,7.38631820678711,18.2854423522949,-466.599029541016,40.1210576295853,24.3662357330322,-1.559999987915668,1.46663371387214,-2.06897187507629,0.16799999589716555,128.198623657227,467.019287109375,2.0,7.0,5.0,0.0,0.0,26050902.0,5.0,47.09001386656304,87.6763755639344,30.62018394470215,34.80414367675782
2026-05-09 17:35:49+00:00,USA,USA,-16.71000008933772,-13.030000203221721,0.0,-9.68000005308122,-5.880000061173073,-2.350000019148635,-2.73678924558435,-0.1898493768487355,3.6562015006796145,4.992690271474078,0.16075893416299003,5.737837528316801,3.9543064303539714,13.12143218903662,14.35999973935182,17.798404906221748,72.7248882293701,47.66579750061034,1.0,110.999999673762,0.0,1869.58984375,7826.609375,38.2565520695909,47.862336730957,39.435199565600655,0.8663999766399613,32.2740235,0.14235272611046496,1910.02244949341,-0.7182758999988439,901.9438982009895,1030.2873730659503,956.208109855653,-64.8403266,5.0,270.409301757812,7.38631820678711,18.2854423522949,-467.700988769531,40.1287913322449,24.3740484118462,-2.4265998756549,-1.39210717196061,1.27200469870828,1.3963999031652787,129.198684692383,468.019348144531,2.0,7.0,5.0,0.0,0.0,26050902.0,5.0,45.52054977643434,87.59630184119979,30.760626983642602,37.422423934936525
2026-05-09 17:35:50+00:00,USA,USA,-16.690000270919562,-11.950000104866081,0.0,-7.039999945465588,-1.8699999054730143,4.120000074806676,-2.75066904375146,-0.188824174792466,5.536120100143614,4.992330918146372,1.579757708144275,6.108554327123608,4.2732588476111815,13.13974290167306,20.810000089594098,17.938515137987153,72.66902275085445,47.648530426025374,1.0,110.999999673762,0.0,1882.8203125,7839.83984375,39.9425910963977,47.4015769958496,38.92719878192962,-0.6968000242709668,32.2741157,0.36770938647397405,1910.03158092499,-0.6728158448822796,706.5415263175964,894.2256927490237,847.7536082267761,-64.840237,5.0,262.217712402344,7.38631820678711,18.2854423522949,-468.599029541016,40.0727123022079,24.270536005497,-3.2830000071188,-0.729614360797396,-2.43644096162144,-2.3427999005298727,130.198745727539,469.019409179688,2.0,7.0,5.0,0.0,0.0,26050902.0,5.0,46.057631456534544,87.51863234505299,31.0121606826782,35.726365585327144
2026-05-09 17:35:51+00:00,USA,USA,-16.559999231389916,-7.760000067954242,0.0,1.6899999815725562,11.380000157306277,21.19000005463398,-2.723201758169375,-0.1898493768487355,5.1043633521396,4.9930495394244225,-0.205942156306932,5.830992258595124,3.9204331316936702,13.77679720688108,37.759999365987746,19.38547961459695,73.008239364624,48.421925354003896,1.0,110.999999673762,0.0,1896.07421875,7853.09375,35.837063424046,48.3165458679199,36.48939976525778,-1.5377999681306789,32.2742124,1.1454169181503455,1910.141062736512,-0.6273486942518505,816.4725065231324,955.9694528579712,1002.8022289276117,-64.8401519,5.0,255.766906738281,7.38631820678711,18.2854423522949,-469.700988769531,40.2409553527832,24.5166197419167,-2.82480001098835,0.772929019275237,-1.28131157850436,-1.6976000184393918,131.198806762695,470.019470214844,2.0,7.0,5.0,0.0,0.0,26050902.0,5.0,48.8084703372086,87.44133167912135,30.94324035644535,29.27561531066894
2026-05-09 17:35:52+00:00,USA,USA,-16.62999979113666,-8.29000003716824,0.0,-0.009999994586451821,8.989999999729271,18.229999607987722,-2.71458195271511,-0.189556592519031,5.11261806263838,4.992690186096716,-1.32495878181742,5.757392018401086,3.9193490952950243,11.6005124731507,34.85000000217948,19.59531327118355,72.9826824188232,48.587476272583004,1.0,110.999999673762,0.0,1909.52734375,7866.546875,35.3511398608292,48.4659873962402,36.22799954647546,1.8689999817867808,32.2743117,0.7667935990820322,1909.995102882386,-0.6819078582338988,828.1381607055664,1028.90397310257,983.5845351219174,-64.8400687,5.0,247.767288208008,7.38631820678711,18.2854423522949,-470.700988769531,40.2274191379547,24.6533334255218,-2.9645999387220283,-0.475191361679155,4.20634254516156,0.6477999750249444,132.198867797852,471.01953125,2.0,7.0,5.0,0.0,0.0,26050902.0,5.0,49.561077953549585,87.38164265596461,31.2628171920776,26.58474357604978
2026-05-09 17:35:53+00:00,USA,USA,-16.68999992941008,-11.529999990725681,0.0,-6.429999934182608,-0.8899999824335625,4.520000077044213,-2.7215948494454203,-0.1898493768487355,4.42819537100794,4.993408892752129,-1.61390683972534,5.747343956358353,3.9258528868000737,10.011309648584795,21.21000021456162,20.002417305152,74.2749183654785,49.224515075683584,1.0,110.999999673762,0.0,1923.03515625,7880.0546875,35.3369433126394,48.797798538208,37.816599777601795,3.4424000164494766,32.2744115,1.909952904923934,1910.141038894652,-0.6182566750794649,706.9554686546327,963.1532788276675,793.3665990829467,-64.8399844,5.0,242.398956298828,7.38631820678711,18.2854423522949,-471.700988769531,40.186807513237,24.4502171874046,-3.0693999707804958,-0.959282246403426,1.96412911164683,2.1375999509979677,133.198928833008,472.019592285156,2.0,7.0,5.0,0.0,0.0,26050902.0,5.0,49.21333799648808,87.33641655837539,31.62630672454835,31.8450070953369
2026-05-09 17:35:54+00:00,USA,USA,-16.55999957289938,-9.950000163047498,0.0,-2.75999999996437,4.530000066294574,11.789999849973407,-2.7053770988697554,-0.189995765678535,2.646256945093512,4.991971564818666,-1.6653919519152498,5.736208272067655,3.9431962738952975,10.567874101783016,28.34999959362752,20.7381712589613,74.65830688476561,50.03475608825684,1.0,110.999999673762,0.0,1936.73046875,7893.75,36.0666534028068,49.6046550750732,39.090397955920096,0.8978000136092502,32.2745122,2.86850993464789,1910.1684331893898,-0.6910069612786172,815.8848166465759,1010.8524560928342,893.8129901885984,-64.8398977,5.0,234.320037841797,7.38631820678711,18.2854423522949,-472.700988769531,40.0901168584824,24.3740484118462,-2.354400016339786,0.723063889218237,-3.3220563094534,0.8871999730637427,134.198989868164,473.019653320312,2.0,7.0,5.0,0.0,0.0,26050902.0,5.0,50.204347218638176,87.3544311823113,31.196851158142053,29.383943252563462
2026-05-09 17:35:55+00:00,USA,USA,-16.519999594553582,-7.870000093782567,0.0,1.0500000025384857,10.630000136435635,19.6900000128927,-2.65044167393193,-0.1902890169157025,3.934349044486015,4.992690186096716,-1.46260352873587,5.695741791801541,3.9746305973803557,10.59457672634318,36.1999998689919,19.918803836880002,74.7948051452637,50.51178520202634,1.0,110.999999673762,0.0,1950.65234375,7907.671875,37.4496847474644,50.2305805206299,39.58379647816452,0.7659999897974167,32.274613,1.8033890405453359,1910.0041866302502,-0.6909998715855183,854.7311425209045,968.6542630195624,942.8574323654175,-64.8398078,5.0,226.676773071289,7.38631820678711,18.2854423522949,-473.700988769531,40.4091984033585,24.3994370102882,-2.764399965139008,-0.514875774613134,0.937499492479785,-0.05359999889110354,135.19905090332,474.019714355469,2.0,7.0,5.0,0.0,0.0,26050902.0,5.0,49.883744969186935,87.41975852662785,31.06086959838865,31.32202285766604
2026-05-09 17:35:56+00:00,USA,USA,-16.5499991514261,-8.319999935550232,0.0,0.29999999767609,9.34999980484151,18.0999995929865,-2.655555671351275,-0.19014216117844052,3.6016488651560863,4.991612296868322,-1.676425001941495,5.69302568170072,3.9879090827684136,9.701555959347044,34.6500004519599,19.25946945459945,76.04365882873535,51.37012367248534,1.0,110.999999673762,0.0,1964.7109375,7921.73046875,38.2150313496264,51.2326229095459,39.797399716154025,1.3915999877260539,32.2747139,1.6404555822579379,1910.09542942047,-0.6364407134242358,750.9003400802612,900.163996219635,849.9027729034422,-64.8397147,5.0,219.019836425781,7.38631820678711,18.2854423522949,-474.700988769531,40.2312844991684,24.2763951420784,-2.624200044452058,0.806859638163715,0.108629149498988,0.2817999928011536,136.199111938477,475.019775390625,2.0,7.0,5.0,0.0,0.0,26050902.0,5.0,49.0349915119753,87.4754792098768,31.3651737213135,34.24351890563962
2026-05-09 17:35:57+00:00,USA,USA,-16.58999947128138,-9.069999785666152,0.0,-1.440000031533912,6.769999920876669,14.910000039248121,-2.659354110303445,-0.19131421897197198,3.4189690525017484,4.992330918146372,-1.643852203315675,5.649843432843244,4.025034490624648,8.6498441139674,31.5000012180768,18.99598551585605,76.8999538421631,51.77784759521484,1.0,110.999999673762,0.0,1978.98828125,7936.0078125,38.0105730519167,51.50852394104,40.09540018662274,1.511999958405418,32.2748157,1.882529567340286,1910.204911231994,-0.7637501577846704,727.1418690681458,873.3697414398191,762.866222858429,-64.8396203,5.0,212.878173828125,7.38631820678711,18.2854423522949,-475.700988769531,40.2583599090576,24.4775593280792,-2.8433999394474463,-0.760459174924056,-0.136746030093848,0.6690000070906781,137.199172973633,476.019836425781,2.0,7.0,5.0,0.0,0.0,26050902.0,5.0,47.79488597381381,87.50500611765881,31.4584699630737,37.29913467407226
2026-05-09 17:35:58+00:00,USA,USA,-16.58999947128138,-8.559999976379782,0.0,-0.24999997138298183,8.600000040102938,16.830000365884562,-2.66475967142298,-0.19131421897197198,3.6849139937804183,4.991971564818666,-1.47100925044833,5.629474271945702,4.045900291652218,8.803958111833358,33.420000178675416,18.6502575617693,77.33694190979,51.891985244750984,1.0,110.999999673762,0.0,1993.3828125,7950.40234375,38.8276515068524,52.0027542114258,41.09699961708092,0.5903999777107416,32.2749175,1.9356607978088518,1910.0224494934082,-0.7546510430984201,725.5442142486575,835.7466340065002,799.2087006568906,-64.839524,5.0,203.569107055664,7.38631820678711,18.2854423522949,-476.700988769531,40.0204986333847,24.2666304111481,-2.368800082822586,0.41959903796182,-1.67166030466518,0.563999989227749,138.199234008789,477.019897460938,2.0,7.0,5.0,0.0,0.0,26050902.0,5.0,47.15029575013976,87.5179629865143,31.37768096923825,37.728708343505886
2026-05-09 17:35:59+00:00,USA,USA,-16.539999412971742,-7.180000125807986,0.0,2.5100000072370476,12.91000009742956,22.530000182992058,-2.66475967142298,-0.18984937684873598,2.7133714937837956,4.991971564818666,-0.37615966183056,5.592538316461564,4.081399858353899,8.729189909291248,39.069999595963814,18.405607869662248,76.86114120483396,51.63766136169435,1.0,110.999999673762,0.0,2007.78515625,7964.8046875,39.3937068494118,51.3760906219482,40.065998271302576,0.26339999945371095,32.2750182,1.623520853918492,1910.0954294204698,-0.663716730196029,871.3913798332214,964.4055485725406,932.3228836059568,-64.8394274,5.0,196.21321105957,7.38631820678711,18.2854423522949,-477.700988769531,40.1964753866196,24.3603765964508,-2.402799974770286,-0.516662135885357,-0.84607677010893,-2.180199990261726,139.199295043945,478.019958496094,2.0,7.0,5.0,0.0,0.0,26050902.0,5.0,46.909219442251725,87.53303721401255,31.29697265625,37.36519271850584
2026-05-09 17:36:00+00:00,USA,USA,-16.58999947128138,-7.910000072128369,0.0,0.9000000037004405,10.609999976507979,20.73999987135686,-2.65760077939916,-0.1916074768792465,3.8277558743270097,4.99233083276901,-0.9661378887002681,5.64142385865337,4.029099136199724,8.694094689788434,37.31999994569332,18.4534695664975,77.95908393859864,52.646222763061495,1.0,110.999999673762,0.0,2022.1484375,7979.16796875,37.5164703371688,52.2200019836426,38.69699955029484,0.013600002536011634,32.2751219,1.7575583858371844,1910.18669605255,-0.6364407017827034,718.3977603912351,876.82820558548,827.4314641952515,-64.8393331,5.0,187.844329833984,7.38631820678711,18.2854423522949,-478.700988769531,40.1771396398544,24.4502171874046,-3.0937999678167203,-1.06361605401801,-0.43364742974364,-0.5015999639378285,140.199356079102,479.02001953125,2.0,7.0,5.0,0.0,0.0,26050902.0,5.0,47.255408263352734,87.49831936246136,31.5261199951172,36.322579879760745
2026-05-09 17:36:01+00:00,USA,USA,-16.55999923138992,-7.479999878024157,0.0,1.919999985126978,11.980000003248062,21.61999973647404,-2.65087987325587,-0.1905817945753005,3.2255214893095663,4.991253028917979,-1.332313561532205,5.605846000908326,4.068663092344389,8.38319660235523,38.17999999239234,18.47327967641145,78.10778045654295,52.94630126953124,1.0,110.999999673762,0.0,2036.79296875,7993.8125,36.5383872480229,52.8414779663086,38.638199134749144,-0.7797999547925165,32.2752282,1.6225146176433622,1910.040688514708,-0.7091909879818561,714.1968965530396,827.582037448883,846.3174223899841,-64.8392393,5.0,180.960800170898,7.38631820678711,18.2854423522949,-479.700988769531,40.18874168396,24.4248270988464,-2.682799993945642,0.230905403825844,-1.28964643700419,0.350399987573998,141.199417114258,480.020080566406,2.0,7.0,5.0,0.0,0.0,26050902.0,5.0,47.498851914807084,87.45098956660775,31.38657474517825,35.32017837524414
2026-05-09 17:36:02+00:00,USA,USA,-16.58999947128138,-7.26000016787696,0.0,2.48999993268678,12.780000253183081,23.42000012807304,-2.6605229264251653,-0.191460607801771,4.027663174304093,4.992690186096716,-0.552154546896667,5.56402108139366,4.100910805982232,7.743853330001599,40.01000096539226,18.0392723810759,78.02415390014644,52.86308326721193,1.0,110.999999673762,0.0,2051.50390625,8008.5234375,37.4566652007961,53.0039417266846,38.08700081967236,-1.0654000567405402,32.2753341,1.326542457226022,1909.9859714508043,-0.5546126107219608,695.00435590744,800.4149556159973,804.6087980270383,-64.8391444,5.0,174.717758178711,7.38631820678711,18.2854423522949,-480.599029541016,39.9992257356644,24.3623301386833,-2.646600034033258,0.398999187425061,-0.0410289763597463,-1.7977999607805362,142.199478149414,481.020141601562,2.0,7.0,5.0,0.0,0.0,26050902.0,5.0,47.22568874423619,87.4065455256785,31.3385833740234,35.99959693908691
2026-05-09 17:36:03+00:00,USA,USA,-17.3199998444886,-8.100000054648309,0.0,1.480000009879718,11.860000068210638,21.989999621550037,-2.660668921718675,-0.19160699663157,3.986748932449202,4.991612296868322,-0.3588218669527175,5.5716260701476426,4.101723683870825,8.65556627569931,39.310000149057565,18.2822435541944,78.1336189270019,52.864445571899395,1.0,110.999999673762,0.0,2066.1796875,8023.19921875,35.3650529561685,52.7776817321777,35.83679977874409,-1.0567999948018454,32.2754419,1.7888753154458819,1910.141038894654,-0.7637359318323433,733.1728935241697,825.6226778030393,873.1508016586304,-64.8390533,5.0,166.480270385742,7.38631820678711,18.2854423522949,-481.599029541016,40.0572419166565,24.3388935923576,-2.464199917625432,-0.102158579126925,-0.00919893412573821,-2.447399914767362,143.19953918457,482.020202636719,2.0,7.0,5.0,0.0,0.0,26050902.0,5.0,47.09839041056116,87.31781795326545,31.3773822784424,36.50308250427248
2026-05-09 17:36:04+00:00,USA,USA,-17.740000129383724,-8.45000012130619,0.0,1.2600000222560899,11.51999991076184,21.30999964816192,-2.655847555216585,-0.191167830142173,3.636820838909699,4.991252687408522,-0.7297258582995114,5.556145446393811,4.068934336231804,10.706728944778977,39.05000011905512,18.59001785461075,78.61942062377929,53.34763389587401,1.0,110.999999673762,0.0,2080.875,8037.89453125,31.9434218801265,53.1345176696777,33.21839894909546,-1.0769999911235542,32.2755543,2.098538910219628,1910.013318061828,-0.5818886449560524,840.1975274085995,991.0537600517273,967.1032905578622,-64.8389688,5.0,159.821746826172,7.38631820678711,18.2854423522949,-482.599029541016,39.8425877094269,24.237334728241,-2.3833999750272863,0.164288594499153,-0.313286903406733,-2.575600004167562,144.199600219727,483.020263671875,2.0,7.0,5.0,0.0,0.0,26050902.0,5.0,47.50186197917433,87.15639326242135,31.3666757583618,36.34440422058107
2026-05-09 17:36:05+00:00,USA,USA,-17.740000129383738,-8.419999881414743,0.0,1.35000001622283,11.569999798316719,21.61999939496456,-2.671772461431585,-0.19131421897197198,3.559298618716882,4.991971564818666,-0.34148407207487497,5.419265125709534,3.934524409592958,11.449450545315319,39.35000046891284,19.093258508694447,79.23418464660645,54.20448989868164,1.0,110.999999673762,0.0,2095.7109375,8052.73046875,29.5435597831616,53.9248672485352,30.80359922841584,-0.5866000179742611,32.2756712,2.136246506325248,1910.1136445999139,-0.7000918849371376,949.1787195205685,1048.578429222106,1078.053069114686,-64.8388892,5.0,154.149932861328,7.38631820678711,18.2854423522949,-483.599029541016,71.8319118022919,24.3330344557762,-2.6221999943083505,-0.0998576524801707,0.834271695263062,-2.492399975783756,145.199661254883,484.020324707031,2.0,7.0,5.0,0.0,0.0,26050902.0,5.0,49.0078811251217,86.94586292653946,31.5504976272583,33.49880859375
2026-05-09 17:36:06+00:00,USA,USA,-17.77000036927516,-8.369999993859853,0.0,1.3899999945686359,11.589999787489619,21.93000016629554,-2.67045786345977,-0.1907281900752065,4.709214369030098,4.992330918146372,1.5130367117523154,5.3660339610356775,3.940215237832048,12.67511262394848,39.700000535570716,18.633486886036,79.5938014984131,55.42816017150881,1.0,110.999999673762,0.0,2110.7890625,8067.80859375,28.2216108202515,54.6042720794678,27.92359873846116,-0.9944000055305061,32.2757923,0.7021071212767052,1910.0498199462897,-0.6819007452577356,882.9766154289243,1075.19109249115,1099.2179393768322,-64.8388127,5.0,147.418960571289,7.38631820678711,18.2854423522949,-484.599029541016,72.0291614532471,25.3290891647339,-2.861999995972588,-1.06494751401934,-0.405978013250801,-4.784999672116987,146.199722290039,485.020385742188,2.0,7.0,5.0,0.0,0.0,26050902.0,5.0,50.94319200380162,86.71388238156915,31.8809595108032,31.561511077880862
2026-05-09 17:36:07+00:00,USA,USA,-17.729999707910462,-8.290000037168241,0.0,1.470000015293266,11.58999995824436,22.249999993061977,-2.68930577047442,-0.1914610880494475,4.277098779962564,4.99233083276901,4.5653782690724505,4.808465128520024,3.4722198966581557,18.21062031225562,39.97999935946298,20.24290228941265,78.5073085784912,57.531030578613276,1.0,110.999999673762,0.0,2126.234375,8083.25390625,23.4509524963348,56.5537994384766,19.057399161778218,-2.4893999432568763,32.2759216,-0.4724856312647382,1909.9859476089482,-0.7546439301222562,1192.171502113342,1253.4644126892101,1359.722781181338,-64.8387447,5.0,142.090240478516,7.38631820678711,18.2854423522949,-485.599029541016,72.3308384418488,41.2112802267075,-2.0615999665277296,1.75561773699491,-2.63195790137741,-11.16739993259638,147.199783325195,486.020446777344,2.0,7.0,5.0,0.0,0.0,26050902.0,5.0,60.531046828563845,86.4688049488653,32.1345462799072,26.545556373596177
2026-05-09 17:36:08+00:00,USA,USA,-17.7599999478019,-8.20000000051282,0.0,1.420000021016672,11.669999914936001,22.539999921446423,-2.70508532172615,-0.19160699663157,5.889636433563582,4.991971650196028,5.08706107424544,4.293263703293868,3.02373550311259,20.840853761622377,40.30999994921213,21.65846411753965,77.99073829650874,61.14395050048826,1.0,110.999999673762,0.0,2142.28125,8099.30078125,13.4406690836728,59.1517913818359,7.099400201030827,-1.4933999765854673,32.2760648,-1.0863777661487897,1910.0680589675899,-0.6273487000726166,1211.319231986998,1317.739295959472,1454.7624111175562,-64.8387018,5.0,137.708572387695,7.38631820678711,18.2854423522949,-486.700988769531,72.0910429954529,56.4352929592133,-3.526599984527772,-1.75768258855837,1.76538319996074,-13.665999585712418,148.199844360352,487.0205078125,2.0,7.0,5.0,0.0,0.0,26050902.0,5.0,68.94111954228416,86.2298097996174,32.39560203552245,18.94792236328124
2026-05-09 17:36:09+00:00,USA,USA,-17.78000044923898,-8.290000207922972,0.0,1.3499999948784918,11.82000008986482,21.63999989640166,-2.7123899956000654,-0.19028855000824,6.038579978227842,4.993049624801785,4.871139584674294,4.095276668313252,3.030239209240272,19.0178107023299,39.41000026567682,22.0296140357172,80.4001430511475,68.26508102416994,1.0,110.999999673762,0.0,0.0,8116.44140625,359.1363735785,65.1438789367676,351.70800736928,-1.0946000119046735,32.2762259,-1.5753777959781499,1910.03158092499,-0.5818886391352863,952.7149677276608,1339.1277551651017,1283.961367607116,-64.8386992,6.0,137.231674194336,7.38631820678711,18.2854423522949,-487.700988769531,71.9808161258698,56.3727974891663,-4.618400003070878,-1.64921523583546,-0.69535962808846,-15.81419960610412,0.100000001490116,488.020568847656,2.0,7.0,6.0,0.0,0.0,26050902.0,5.0,78.5783019932322,85.99811953768685,32.76534347534175,13.89510234832762
2026-05-09 17:36:10+00:00,USA,USA,-17.69999980952848,-8.39999989224184,0.0,1.399999989155088,11.610000118172,22.31000047284486,-2.727000730730075,-0.1905818012454075,4.688039331187859,4.993049624801785,4.342626590331291,3.8060355739455956,2.985255455300522,17.57547384963752,40.0099989163355,22.437403649923652,77.7422275543213,74.11769439697267,1.0,110.999999673762,0.0,19.16015625,8135.6015625,344.615609969106,72.6411140441894,337.0550058334034,-0.28399998739466553,32.2763994,-2.346564124503172,1909.976840019228,-0.6455398281104863,979.3330907821648,1321.767497062684,1309.740281105042,-64.8387491,6.0,137.295471191406,7.38631820678711,18.2854423522949,-488.700988769531,72.178065776825,52.9666781425476,-3.739399949582176,2.68306884726685,1.35557857322744,-13.304199513489701,1.10000014305115,489.020629882812,2.0,7.0,6.0,0.0,0.0,26050902.0,5.0,95.3182200186819,85.7735190121147,32.8434888839722,-5.9497672748565655
2026-05-09 17:36:11+00:00,USA,USA,-17.780000107729503,-11.410000226442971,0.0,-5.150000093508341,1.790000039494855,8.11000013461212,-2.726416109225805,-0.19116783014217298,4.389793144663728,4.992331003523734,3.0875397365886,3.68762365789021,3.0987989405815695,14.871615742150519,25.89000041309638,22.7825143256642,75.07730484008785,77.98256378173826,1.0,110.999999673762,0.0,39.86328125,8156.3046875,332.207014058647,76.8133163452148,326.6629986867098,1.370999945090222,32.2765703,-1.8852274920624403,1909.976840019226,-0.6455327034927906,868.7282323837278,1196.8768596649181,1121.538496017456,-64.8388481,6.0,143.26611328125,7.38631820678711,18.2854423522949,-489.700988769531,72.2070753574371,42.7561432123184,-3.970000070632545,-1.15549778644544,2.98084972715377,-8.644800019265345,2.10000014305115,490.020690917969,2.0,7.0,6.0,0.0,0.0,26050902.0,5.0,106.47227956730077,85.55579307194225,32.89544391632075,-24.988100509643562
2026-05-09 17:36:12+00:00,USA,USA,-17.75000020934754,-11.65000026727254,0.0,-5.479999936205568,1.3200000111191352,8.489999843519904,-2.736350939538705,-0.19116783014217298,3.672352336745754,4.991971650196028,2.33522417486761,3.57219892506833,3.2112589017281565,13.12982461322456,26.240000138244778,22.78119183028615,66.98334732055665,79.69790725708008,1.0,110.999999673762,0.0,61.5859375,8178.02734375,322.189558093583,79.0883239746094,317.38839955992734,0.5042000021774189,32.2767291,-0.944856524022558,1909.9859476089482,-0.7000918732956052,804.5719861984254,1030.402052402496,980.9864997863767,-64.838986,6.0,157.245101928711,7.38631820678711,18.2854423522949,-490.700988769531,59.9118173122406,34.6705198287964,-3.409599825885144,-0.136602556100639,-1.96657005050146,-7.941999849899327,3.09999918937683,491.020751953125,2.0,7.0,6.0,0.0,0.0,26050902.0,5.0,124.77071835379101,85.34475730206175,32.714792633056604,-50.84267555236818
2026-05-09 17:36:13+00:00,USA,USA,-17.780000107729517,-12.679999965809078,0.0,-7.839999939268486,-2.379999981563647,2.800000042343197,-5.2614861764009895,-0.1914606144718775,3.20326997096545,4.9919721624602165,0.294725417440081,3.517881205363568,3.268166031524636,11.95108303135898,20.579999957973637,22.543178520731452,64.3044033050537,79.91320907592771,1.0,110.999999673762,0.0,83.7578125,8200.19921875,314.77508722121,80.2072196960449,313.86920196366725,0.7477999849224787,32.2768727,-0.4341794000943636,1909.922075271606,-0.7091767736710609,769.0232634544373,958.7818026542664,909.0674519538877,-64.8391503,6.0,169.239730834961,7.38631820678711,18.2854423522949,-491.700988769531,48.4287679195404,29.8484444618225,-2.931199886793844,0.713345330442102,1.36167814559967,-1.301599933728351,4.09999847412109,492.020812988281,2.0,7.0,6.0,0.0,0.0,26050902.0,5.0,129.5332508016524,85.21143883965226,32.675525093078605,-56.66637908935544
2026-05-09 17:36:14+00:00,USA,USA,-17.79000018769334,-12.41999993580664,0.0,-7.26999999170868,-1.4800000098797201,4.1999999888096,-5.80602023321591,-0.19131421897197198,3.78648210838968,4.991253285050073,0.827442173103708,3.459761588923368,3.3266996001172218,11.475008942434801,21.98000022460518,21.979724626472148,61.304617309570304,78.82852478027343,1.0,110.999999673762,0.0,105.9296875,8222.37109375,313.275123037962,79.0807571411133,311.33919607621937,0.8789999414309172,32.2770097,-1.0949330690040744,1909.949469566346,-0.5728037445805966,751.133596897125,936.018896102905,887.1577501296997,-64.8393197,6.0,187.281219482422,7.38631820678711,18.2854423522949,-492.700988769531,48.7362444400787,29.8386782407761,-3.1405999971228242,-0.955982624704074,0.299133043899174,-2.323599907935678,5.09999752044678,493.020874023438,2.0,7.0,6.0,0.0,0.0,26050902.0,5.0,132.6536063315186,85.1709358178741,32.68816623687745,-62.091186218261704
2026-05-09 17:36:15+00:00,USA,USA,-17.929999941148917,-14.78000002424694,0.0,-11.7599999515914,-8.379999903068938,-5.130000040302418,-5.802952197618105,-0.192486290105717,3.0589922992779597,4.991612638377779,-0.03677558777840665,3.49533961742314,3.2952646789906126,10.512942305383191,12.799999900846519,22.484724054267147,59.86425132751465,77.55043991088867,1.0,110.999999673762,0.0,127.8046875,8244.24609375,311.644073864163,78.3387405395508,311.2424040994532,1.822800011279686,32.277141,-0.44978154251848534,1909.9038600921624,-0.7273750146850945,821.4518308639524,979.4535636901865,905.9806823730469,-64.8394911,6.0,202.352264404297,7.38631820678711,18.2854423522949,-493.700988769531,60.9464108943939,29.8289120197296,-2.414400026547176,2.09990729593116,1.32978511087883,0.7423999920079407,6.09999656677246,494.020935058594,2.0,7.0,6.0,0.0,0.0,26050902.0,5.0,133.8652190525384,85.134834853016,32.687711334228496,-57.78790397644042
2026-05-09 17:36:16+00:00,USA,USA,-20.560000139555463,-17.44000012103546,0.0,-14.429999957589022,-10.9700001231297,-7.790000137090958,-5.79856892371825,-0.1916074768792465,2.5163352211356464,4.991971735573391,-0.02364158590419499,3.3856180925582224,3.1502864433376883,12.49086280693608,12.779999911673618,23.0245915977751,57.32299518585205,76.22751159667968,1.0,110.999999673762,0.0,149.3046875,8265.74609375,311.730571379812,76.6980834960938,312.1691952000082,0.5165999864999946,32.2772696,0.05630552753479574,1909.995079040526,-0.6637238431721926,882.0548295974731,1039.935946464538,995.8441257476794,-64.8396594,6.0,223.378433227539,7.38631820678711,18.2854423522949,-494.700988769531,60.6776118278503,29.7878980636597,-2.5347999972265356,-0.344122939673093,-1.01856636740843,0.5127999814067896,7.09999561309814,495.02099609375,2.0,7.0,6.0,0.0,0.0,26050902.0,5.0,137.2157137083748,85.1764238748722,32.67515258789065,-63.1986781311035
2026-05-09 17:36:17+00:00,USA,USA,-20.77999984970266,-16.75999980613788,0.0,-12.69999995498198,-8.500000008861086,-3.460000005214083,-5.81727019510916,-0.192339901275918,2.8834898201582,4.991971735573391,1.030231476737169,3.24738031446509,2.932683745391028,13.54753388191734,17.320000015243323,21.9097723903138,54.25999660491945,75.1865542602539,1.0,110.999999673762,0.0,170.44921875,8286.890625,312.216962810987,75.4048416137695,310.8587933549086,-1.0825999778466853,32.2773967,-0.49218722554775923,1909.8399877548222,-0.6273558014072478,941.8210744857788,1073.2473373413081,1062.2137784957881,-64.8398246,6.0,236.886871337891,7.38631820678711,18.2854423522949,-495.700988769531,60.6234669685364,27.6102483272552,-2.377399995350886,-0.464242194913654,-2.24529406227382,-2.4989998595126943,8.09999465942383,496.021057128906,2.0,7.0,6.0,0.0,0.0,26050902.0,5.0,140.4384346493702,85.34072749045146,32.53697719573975,-68.16354263305661
2026-05-09 17:36:18+00:00,USA,USA,-20.800000351139737,-15.349999801051998,0.0,-9.890000024774071,-3.959999905291364,2.0200000270410228,-5.79725389885961,-0.192632678935516,2.9610123391717957,4.991253114295341,-0.1576080358307527,3.305771516302164,2.88363474823465,13.153475850773,22.81999976986706,21.5749582247471,53.213457870483396,74.75712066650388,1.0,110.999999673762,0.0,191.3203125,8307.76171875,309.730746632346,74.8835884094238,309.17819525679477,-0.4759999890423131,32.2775183,-0.3786179082778286,1909.912967681884,-0.7000918849371376,1003.9032578468319,1213.6619806289677,1126.840925216676,-64.8399928,6.0,220.656188964844,7.38631820678711,18.2854423522949,-496.700988769531,60.5577170848846,27.4461925029755,-2.826999972231328,-0.831533909983798,0.721219204533804,-0.10020000103808298,9.09999847412109,497.021118164062,2.0,7.0,6.0,0.0,0.0,26050902.0,5.0,141.6854277502906,85.51978089954329,32.3193603515625,-66.78589965820309
2026-05-09 17:36:19+00:00,USA,USA,-20.7700001112483,-16.15000005098702,0.0,-11.580000049035274,-6.279999930008475,-1.0299999333243024,-5.78921796785768,-0.1920466433686435,2.836832605838772,4.991612553000416,-0.3430604984116125,3.324239622110278,2.8687305070694,12.88530247490024,19.75000015116612,21.56127906338685,52.975315475463844,74.32224472045895,1.0,110.999999673762,0.0,212.08203125,8328.5234375,310.108947867068,74.7842514038086,310.6968140527038,0.37119999733799214,32.2776388,-0.06686839574291122,1909.7760915756219,-0.7455590297468006,970.9527373313913,1172.62589931488,1044.606804847716,-64.8401606,6.0,208.022766113281,7.38631820678711,18.2854423522949,-497.700988769531,60.8303844928742,27.4051785469055,-2.2567999641618663,1.18069510134555,1.12057278806334,1.2814000118617086,10.1000022888184,498.021179199219,2.0,7.0,6.0,0.0,0.0,26050902.0,5.0,142.36146621396,85.70150491260065,31.945590019226053,-63.18176193237305
2026-05-09 17:36:20+00:00,USA,USA,-20.780000191212117,-15.70999994767368,0.0,-10.729999911545386,-5.2499999326511455,-0.07999997803594976,-5.791117614220591,-0.1916074768792465,2.7058342946573237,4.991971650196028,-0.16338730468092896,3.312832864686898,2.871711329689242,12.66862787159576,20.699999551501598,21.23912123835215,51.84755001068115,73.75154754638667,1.0,110.999999673762,0.0,232.703125,8349.14453125,310.403356341052,73.598648071289,310.3567908433668,0.9685999744609012,32.2777596,-0.0902084934952842,1909.9403619766242,-0.809203099925071,1043.7126994132984,1133.793640136718,1131.743693351746,-64.8403256,6.0,192.817230224609,7.38631820678711,18.2854423522949,-498.700988769531,60.7182204723358,27.4754881858826,-2.640199933337546,-1.97755150058296,0.405177146890191,0.06020000134793575,11.1000061035156,499.021240234375,2.0,7.0,6.0,0.0,0.0,26050902.0,5.0,143.2147999960292,85.94430789231085,31.703137207031247,-64.44743911743164
2026-05-09 17:36:21+00:00,USA,USA,-20.770000111248283,-16.59000015430028,0.0,-12.35999996828792,-7.729999998817523,-2.7499999947057487,-5.78907175912076,-0.1923394210282415,2.127287667356058,4.991612638377779,-0.367752085828458,3.3478676797042395,2.8329605502539517,12.44050894482742,18.009999556331078,21.04252875724535,51.421309661865195,73.3516191101074,1.0,110.999999673762,0.0,253.1953125,8369.63671875,311.631560957604,73.8536201477051,312.14179248105756,1.695399993163388,32.2778818,-0.2290361838212526,1909.9220991134644,-0.7000989746302364,980.9717297554013,1157.880449295044,1011.0625267028802,-64.8404883,6.0,180.613845825195,7.38631820678711,18.2854423522949,-499.700988769531,60.9193384647369,27.6707947254181,-1.491800058133246,2.15883752775979,0.500498706657933,1.6631999447744072,12.1000099182129,500.021301269531,2.0,7.0,6.0,0.0,0.0,26050902.0,5.0,143.94047481043498,86.19483581597235,31.69446487426755,-60.74854568481446
2026-05-09 17:36:22+00:00,USA,USA,-20.789999929666482,-15.70999994767368,0.0,-10.780000140609761,-5.220000034269161,0.05000001562093796,-5.7969616948291804,-0.19219351244611899,2.2119879894797423,4.990534151507834,-0.2453422576141291,3.340534788611316,2.848135608419792,12.514514044484539,20.839999987976103,21.04022015330585,49.873296546936004,72.64901046752928,1.0,110.999999673762,0.0,273.54296875,8389.984375,312.465936866613,72.5910026550293,312.63950563380126,1.126249982604515,32.2779933,-0.24579478265954252,1909.926652908325,-0.7500908250221983,1078.4513056278242,1190.73775410652,1127.0019412040724,-64.8406303,6.0,169.692794799805,7.38631820678711,18.2854423522949,-500.599029541016,60.6892168521881,30.213662981987,-2.54549997948121,-2.60279662215945,-1.29181448845714,0.909749968006543,13.1000137329102,501.021362304688,2.0,7.0,6.0,0.0,0.0,26050902.0,5.0,145.19914616879873,86.527004990783,31.77313385009765,-63.84418601989742
2026-05-09 17:36:24+00:00,USA,USA,-20.725000092920602,-17.5500003176185,0.0,-14.32500014249735,-11.025000221421251,-7.17500017120344,-5.8118643138245,-0.192632678935516,2.540381286306815,4.992331046212415,0.775432603771164,3.372446350220285,2.7988155808194097,15.01542896097445,13.54999992171715,20.4656970837229,48.3369735717773,72.01018066406247,1.0,110.999999673762,0.0,273.54296875,8389.984375,312.465936866613,72.5910026550293,314.9453319630027,-1.96566665126202,32.2782865,-0.268723596524512,1909.94942188263,-0.6667592485124866,843.7868555386862,964.55979347229,992.0103748639434,-64.8409791,6.0,169.692794799805,7.38631820678711,18.2854423522949,-500.599029541016,60.6892168521881,30.213662981987,-2.6149998934765364,-2.60279662215945,-1.29181448845714,-1.3883332478736001,13.1000137329102,501.021362304688,2.0,7.0,6.0,0.0,0.0,26050902.0,5.0,147.63056373972867,87.4459693775678,31.8324703216553,-63.84418601989742
2026-05-09 17:36:25+00:00,USA,USA,-20.7700001112483,-17.52000007772704,0.0,-14.240000145823839,-10.7499999007183,-7.190000035017076,-5.79579309215087,-0.193804263151478,3.133284565700964,4.991612638377779,0.20226287213926353,3.2832299283617337,2.7123707003156623,16.01869546985428,13.59000007081768,20.0099527113538,47.511102104187,71.70633544921874,1.0,110.999999673762,0.0,333.84375,8450.28515625,314.817379752551,71.7837409973144,314.7035833368274,-2.6301999387510917,32.2783885,-0.3298595890314878,1909.922075271606,-0.6364549102727323,807.9604029655455,897.6261019706728,1038.45992088318,-64.8410986,6.0,126.649421691895,7.38631820678711,18.2854423522949,-503.599029541016,60.6370031833649,31.936252117157,-2.7633999827558355,-1.08546518884265,-1.26199238843698,0.46139999845353863,16.100025177002,504.021545410156,2.0,7.0,6.0,0.0,0.0,26050902.0,5.0,148.374420517705,87.7983798179838,31.8260021209717,-65.17883193969723
2026-05-09 17:36:26+00:00,USA,USA,-20.7800001912121,-17.4999999177994,0.0,-14.2399999750691,-10.79999995902794,-7.220000018776425,-5.80558160700515,-0.193951132228953,3.0615044428546883,4.9908937609676345,0.167589190034069,3.04206013225945,2.471462841968048,16.701145090588245,13.559999830926262,20.04086273244275,46.631411361694305,70.916661529541,1.0,110.999999673762,0.0,353.75,8470.19140625,315.271423407817,71.2744216918945,315.1957776967212,-2.163800001701266,32.2785159,-0.4500277468256808,1909.849095344542,-0.7364599267020824,860.9470009803772,970.7261800765988,1032.1842670440697,-64.8412461,6.0,113.730072021484,7.38631820678711,18.2854423522949,-504.700988769531,60.7588350772858,38.3305341005325,-2.027199974905056,0.765380646386168,0.668737418333602,0.4481999988759561,17.1000289916992,505.021606445312,2.0,7.0,6.0,0.0,0.0,26050902.0,5.0,148.7324125887106,88.27792739961035,31.8551639556885,-62.996154785156236
2026-05-09 17:36:27+00:00,USA,USA,-20.800000351139737,-17.48000009938126,0.0,-14.31000019330636,-10.79000004981884,-7.1400000620848205,-5.81610116554403,-1.1459680116967208,2.667073056494864,4.992330918146372,0.43079375136200404,3.06107102466317,2.46441737377313,17.12152479249178,13.65000003833642,19.78982937478265,45.7365800857544,70.33577041625975,1.0,110.999999673762,0.0,373.4296875,8489.87109375,316.020749801281,70.4149955749512,315.54178961592277,-1.568200014212406,32.2786434,-0.7811248834254526,1909.8490953445403,-0.6819007336162031,1061.4218235015862,1131.587958335876,1154.79335784912,-64.84139,6.0,98.4745254516602,7.38631820678711,18.2854423522949,-505.599029541016,61.043107509613,38.3344411849976,-1.8514000197026,-0.239009049750094,0.399911071040111,-0.2197999911469962,18.1000328063965,506.021667480469,2.0,7.0,6.0,0.0,0.0,26050902.0,5.0,148.9436129661504,88.76922290660934,31.909848403930653,-62.31031677246094
2026-05-09 17:36:28+00:00,USA,USA,-20.789999929666457,-17.709999889492302,0.0,-14.87999962860196,-11.65000009651782,-8.489999928897259,-5.819023632735145,-4.61755365725535,2.906459276761448,0.9974860760126928,0.16548728602838336,3.09257518683249,2.412658669818282,14.553088333414399,12.30999990997832,20.04267017125185,45.99638957977295,70.49823486328125,1.0,110.999999673762,0.0,392.9765625,8509.41796875,315.983320364629,70.425968170166,315.3709857093104,-0.998600016917193,32.278771,-0.640124400534755,1909.876513481142,734.9729143083086,994.6236848831168,1123.483467102052,1107.165336608886,-64.8415335,6.0,85.5610275268555,7.38631820678711,18.2854423522949,-506.700988769531,60.7220888137817,38.3227229118347,-2.2013999796387758,-1.14735865555401,0.331081814030864,0.6903999122360706,19.1000366210938,507.021728515625,2.0,7.0,6.0,0.0,0.0,26050902.0,5.0,148.49674920574,89.24480214832815,31.93450412750245,-60.29378173828125
2026-05-09 17:36:29+00:00,USA,USA,-20.789999929666457,-18.0499991931674,0.0,-15.379999699433961,-12.33999997911504,-9.199999800667381,-5.79330925117052,-4.5009503752921844,3.212601161966112,-0.271820263332609,-0.2616291088267625,3.0770949045881144,2.464417245707084,10.879534609082313,11.600000038208181,21.74046566116755,45.6766342163086,69.45207550048828,1.0,110.999999673762,0.0,412.5390625,8528.98046875,316.116427091174,69.8141189575195,316.70239721629684,-0.3562000001222302,32.2788978,0.11842869304103858,1909.894728660586,1570.5868721008278,976.1786222457886,1127.036237716674,1088.18702697754,-64.841676,6.0,70.3770523071289,7.38631820678711,18.2854423522949,-507.700988769531,60.7530295848846,38.4711533784866,-2.43719996639296,-0.96642609066673,0.619349974631679,1.3323998780478354,20.100040435791,508.021789550781,2.0,7.0,6.0,0.0,0.0,26050902.0,5.0,148.0125680237808,89.7056213512506,31.94347858428955,-58.90814620971681
2026-05-09 17:36:30+00:00,USA,USA,-20.79999983887555,-17.9750003009861,0.0,-15.275000055097,-12.1500002527272,-9.199999715290016,-5.76511081518212,-4.4228732022293,3.5300481628415703,0.1906442667938225,0.979795458925408,2.93315334224081,2.59218805771795,7.98971025804444,11.5999996966987,22.82091962559355,45.116334915161104,68.1490447998047,1.0,110.999999673762,0.0,412.5390625,8528.98046875,317.012110778173,68.8952705383301,317.55399977308406,1.7153333168440816,32.2790328,-0.25663302777546565,1909.9190632502268,1889.0605767567968,971.5846975644421,1129.64991728465,1008.3895723025016,-64.8418224,6.0,70.3770523071289,7.38631820678711,18.2854423522949,-507.700988769531,60.7530295848846,38.3012384176254,-2.88199995668637,1.51739578650538,1.80148373793202,-2.544333368941412,20.100040435791,508.021789550781,2.0,7.0,6.0,0.0,0.0,26050902.0,5.0,146.09731376792533,90.16887210151755,31.9549695968628,-54.9138198852539
2026-05-09 17:36:31+00:00,USA,USA,-21.7299995915476,-19.16999961137834,0.0,-16.60999997271848,-13.59999998002676,-10.849999846582815,-5.788049365179376,-4.09650072358988,2.827142552430254,3.306753227929306,6.363161111691375,2.393237624554902,3.14215719487622,7.73279098486712,10.88999999568334,23.5695894671233,45.37835025787355,66.65768920898438,1.0,110.999999673762,0.0,412.5390625,8528.98046875,315.816882314934,67.488931274414,306.531994191186,1.564399931745966,32.279143,-0.96470714549605,1909.8947048187242,1909.323954582214,743.9997911453246,1019.3543910980243,876.241946220398,-64.8419548,6.0,70.3770523071289,7.38631820678711,18.2854423522949,-507.700988769531,60.7530295848846,38.6234909296036,-3.027199945814346,-0.534224099706194,-1.61712871466203,-21.1107987178111,20.100040435791,508.021789550781,2.0,7.0,6.0,0.0,0.0,26050902.0,5.0,144.37138598102,90.6005332268732,32.0453269958496,-48.224797668457036
2026-05-09 17:36:32+00:00,USA,USA,-18.629999562200503,-16.409999910234735,0.0,-14.49000009586248,-12.35000031521095,-9.839999795709689,-5.777383597903575,-6.176024600603604,0.7656208129128591,1.5543123920102409,7.307233914195355,2.393509209951774,3.141072902345484,6.106585482406674,8.780000113413822,12.03681761487773,33.05278358459475,61.842675476074206,1.0,110.999999673762,0.0,412.5390625,8528.98046875,293.453531575992,64.0686538696289,281.40619803111315,0.7432000232712043,32.2792137,-2.2045325605242363,1910.0042104721063,1908.7966680526722,1158.220779895782,1176.233065128327,1041.685473918917,-64.8421228,6.0,70.3770523071289,7.38631820678711,18.2854423522949,-507.700988769531,60.7530295848846,41.5823608636856,0.2703999988658777,4.24462362102536,-0.553146018223803,-25.58899944052526,20.100040435791,508.021789550781,2.0,7.0,6.0,0.0,0.0,26050902.0,5.0,166.57181211957638,91.00680995417844,32.17788734436035,-57.5967295074463
2026-05-09 17:36:33+00:00,USA,USA,8.839999952866469,7.560000133536545,0.0,6.190000128140795,4.439999954933957,3.9900000384611047,-5.801929590233305,-8.788613579598735,-0.6552641838417801,-0.17512158868481442,3.581378848723215,2.312304749400032,3.22805988642592,-7.359295857205031,-4.849999935749699,-5.508537000166415,26.141424465179398,57.881760177612286,1.0,110.999999673762,0.0,486.1640625,8602.60546875,269.68906315147,58.8346366882324,260.0760035626322,0.5355999932897251,32.2792214,-2.191310637640244,1910.451269149782,1909.0602874755841,1514.6524667739861,1410.482549667358,1409.228420257566,-64.8422963,6.0,26.498607635498,7.38631820678711,18.2854423522949,-511.700988769531,60.3024482727051,46.2813943624496,0.0526000004996756,-1.73363018411788,-0.557868827230603,-16.83639803332542,24.1000556945801,512.022033691406,2.0,7.0,6.0,0.0,0.0,26050902.0,5.0,-105.9378896647524,91.400864057964,32.242698097229,-57.86551620483398
2026-05-09 17:36:34+00:00,USA,USA,23.140000279652398,20.26000013120722,0.0,17.23000049085208,14.45999985597104,10.880000257228987,-5.740711245032715,-8.807656147004735,0.978089879314355,0.9122903634868378,-1.2445783675807849,2.2134466830987023,3.3188409552129357,-17.605572102743583,-12.269999760877742,-15.195157705020499,26.33632020950315,57.27992225646972,1.0,110.999999673762,0.0,502.19140625,8618.6328125,253.228471176279,57.0366039276123,249.56039731271798,2.652200042100726,32.2791856,-0.7235655559406038,1707.714128494264,1909.1603040695202,1286.6807222366322,1300.4568338394179,1249.2643594741799,-64.8424595,6.0,25.8862266540527,7.38631820678711,18.2854423522949,-512.700988769531,75.0072538852692,46.2794423103332,-1.8848000075977627,-1.62475237971453,2.17852874969353,-5.688399423821141,25.1000595092773,513.021789550781,2.0,7.0,6.0,0.0,0.0,26050902.0,5.0,-168.20170289329198,91.75474298905155,32.21657810211185,-56.216372909545896
2026-05-09 17:36:35+00:00,USA,USA,22.66000019799332,17.09999979283194,0.0,10.839999937373728,4.41000000319112,-2.66000001141117,-5.756052490238805,-8.81512752018308,2.792688303492356,5.571086229071118,-2.61892035091232,2.1289828562750297,3.399866080610282,-18.45968213581178,-25.33000003323622,-18.290766776504952,29.705690574646,59.21727264404294,1.0,110.999999673762,0.0,518.125,8634.56640625,246.980460010361,58.2860618591308,246.74739756342683,4.446200091169552,32.2791307,0.5023781959586646,1284.1202974319463,1909.1330289840698,732.7263712882997,987.2418761253364,882.9203724861145,-64.8426179,6.0,30.7761821746826,7.38631820678711,18.2854423522949,-513.700988769531,97.6658761501312,46.3497519493103,-3.49759994046291,-1.4274547882976,1.29796155198844,-0.7847999467496573,26.1000633239746,514.021545410156,2.0,7.0,6.0,0.0,0.0,26050902.0,5.0,-160.7751261936348,91.59054182630985,32.180692291259746,-57.004297943115226
2026-05-09 17:36:36+00:00,USA,USA,22.64000003806568,13.88999973765652,0.0,4.389999971329536,-5.52000004261742,-15.799999984329123,-5.763065600412521,-8.818057244450191,3.054685139298666,4.945959483210684,-3.0560198009511703,2.158585920666244,3.367347806103942,-19.7742271736616,-38.449999419339704,-21.88994349737965,34.91350708007815,61.743203887939444,1.0,110.999999673762,0.0,534.63671875,8651.078125,245.781543244971,60.8813346862793,246.8187976289346,4.0059999486909295,32.279069,0.9075217175074041,945.7324028015131,1909.105777740478,813.9400243759155,1032.971811294557,915.3423070907593,-64.8427806,6.0,37.1634216308594,7.38631820678711,18.2854423522949,-514.700988769531,97.9772210121155,46.5157598257065,-2.643600001506374,1.24877106319454,-0.993052836094084,0.5307999711287931,27.1000671386719,515.021301269531,2.0,7.0,6.0,0.0,0.0,26050902.0,5.0,-154.0068513224106,91.5094025940647,32.17456226348875,-54.72858512878416
2026-05-09 17:36:37+00:00,USA,USA,22.6500001180295,13.237499984168826,0.0,3.487500033015505,-6.962500072797948,-17.649999836596223,-5.76233519705815,-8.814394555507771,4.453318343567807,4.3771803038989745,-2.663576127705865,2.225328778999632,3.3123372704295924,-20.196132569070972,-40.324999727648375,-20.7488417219922,37.44231777191165,64.37091384887695,1.0,110.999999673762,0.0,551.84765625,8668.2890625,246.088901757621,63.2370025634766,247.36899941941138,3.214799927925988,32.2790053,1.0279102582920796,390.02784788608557,1909.151196479798,931.0617923736572,1192.4399137496941,975.0233054161072,-64.8429502,6.0,44.6003761291504,7.38631820678711,18.2854423522949,-515.700988769531,97.8553891181946,46.5470105409622,-2.872000033247722,0.0760351399341431,-1.22073719207646,-0.09319999428879895,28.1000709533691,516.021057128906,2.0,7.0,6.0,0.0,0.0,26050902.0,5.0,-153.1314915463058,91.57028348523161,32.299226188659645,-57.21569412231444
2026-05-09 17:36:38+00:00,USA,USA,22.7000005178486,13.8499999300654,0.0,4.699999974264249,-5.150000114852684,-15.1799999784597,-5.76350379973646,-8.80780342295871,5.004947985090676,4.51063490051635,-2.05415922247894,2.2680359028229717,3.2624756728610507,-20.37656755467724,-37.889999722498416,-20.0481343225879,40.43455410003665,67.7297625732422,1.0,110.999999673762,0.0,569.8046875,8686.24609375,245.632672441821,66.3979339599609,245.9186060170834,2.24459990161073,32.2789378,1.073686527618962,8.44851938891224,1908.896613121034,843.0985331535342,1132.797574996948,976.8935561180122,-64.8431276,6.0,51.2826728820801,7.38631820678711,18.2854423522949,-516.700988769531,98.5206246376038,46.5938836336136,-3.2223999221041417,-0.690609178159863,-1.82300481023308,-2.672799956670508,29.1000747680664,517.020812988281,2.0,7.0,6.0,0.0,0.0,26050902.0,5.0,-152.2423866975156,91.651651528814,32.851946640014646,-59.92303024291992
2026-05-09 17:36:39+00:00,USA,USA,22.76999937004794,14.36999999007034,0.0,5.200000045096256,-4.400000029949011,-14.069999981722066,-1.2542610011627116,-8.816445319806075,5.00243541462712,3.8808350246031558,-2.5080700092210098,2.33430299579199,3.206651768378252,-19.849376671514143,-36.849999602488595,-20.3676958219643,43.7057161331177,70.6098971557617,1.0,110.999999673762,0.0,588.7109375,8705.15234375,243.826169368623,69.6007026672363,243.89079935062517,2.530600028528532,32.2788616,0.9373530276107708,0.37407907366286935,1909.0511798858638,864.6333694458008,1098.041105270386,998.4880447387684,-64.8433107,6.0,59.6805763244629,7.38631820678711,18.2854423522949,-517.700988769531,97.3641991615296,46.4122503995895,-3.028799917627424,0.202735582594809,0.440679376298433,-1.172799914929206,30.1000785827637,518.020568847656,2.0,7.0,6.0,0.0,0.0,26050902.0,5.0,-150.6573729987228,91.7064672119979,33.4540283203125,-61.027698669433605
2026-05-09 17:36:40+00:00,USA,USA,22.749999893139254,13.6600001183002,0.0,4.190000036911831,-6.009999990796934,-16.2799998952335,-0.2719960219758395,-8.82113339089764,5.00243524387239,3.6435813601501805,-2.297926005914055,2.38834900203383,3.1386337991041877,-19.95923958129488,-39.02999995912748,-20.82128100078205,46.3566604614258,72.75190567016601,1.0,110.999999673762,0.0,608.390625,8724.83203125,241.960817385536,71.978645324707,242.12620085402278,2.6688000271378196,32.2787777,0.7250365812526701,0.40144966915249797,1909.2330217361439,896.7937231063843,1139.8407220840459,1065.5505657196059,-64.8434975,6.0,66.6209030151367,7.38631820678711,18.2854423522949,-518.598999023438,98.13192486763,46.707159280777,-2.8032000500023697,0.398876377422133,-0.490504485715765,-2.555799819372224,31.1000823974609,519.020324707031,2.0,7.0,6.0,0.0,0.0,26050902.0,5.0,-148.3989627534308,91.76152878199196,34.0247182846069,-60.969763641357396
2026-05-09 17:36:41+00:00,USA,USA,22.72999973321162,13.349999688478698,0.0,3.4800000797643484,-6.910000015841715,-17.5300001576909,-0.2719960219758395,-8.813223178065115,5.002076658940966,3.4620463725781,-3.1962909690488948,2.435333702579618,3.09419193529771,-21.11204129997584,-40.26000023241198,-21.9197162919717,48.8888339996338,74.61218902587888,1.0,110.999999673762,0.0,628.6484375,8745.08984375,240.525111621999,73.8185943603516,241.3430021864272,2.280000025026966,32.2786879,0.7719893506640861,0.3649484133347868,1909.105753898622,984.6709966659548,1192.7033901214622,1073.122072219848,-64.8436871,6.0,75.2567901611328,7.38631820678711,18.2854423522949,-519.598999023438,97.6310670375824,46.5684920549393,-2.899199938268148,-0.522613631890818,-0.313548531668457,1.3147999426440846,32.1000823974609,520.020080566406,2.0,7.0,6.0,0.0,0.0,26050902.0,5.0,-146.5978910466602,91.82693125838941,34.619370460510254,-59.55528350830076
2026-05-09 17:36:42+00:00,USA,USA,22.770000053066898,16.24999965534206,0.0,9.430000017665222,2.2800000036826247,-4.240000073877115,-0.2727265453921265,-8.822598039587785,5.002076488186236,4.18063708553153,-3.05969817798434,2.4866638975414164,3.046498559936852,-19.76888664874958,-26.979999908396916,-20.7929784044088,50.08325214385985,76.3444253540039,1.0,110.999999673762,0.0,649.41796875,8765.859375,241.111715588676,75.433797454834,242.4922006388114,0.8281999879282094,32.278596,1.2879453570470578,0.33757068449631344,1909.023904800414,780.6617736816406,1046.294999122621,1001.6234874725344,-64.8438813,6.0,86.2717056274414,7.38631820678711,18.2854423522949,-520.598999023438,98.1261253356934,44.8048889636993,-3.25199999828759,-1.71583519345247,-1.97730753476355,0.31059998531931426,33.1000671386719,521.019836425781,2.0,7.0,6.0,0.0,0.0,26050902.0,5.0,-146.19999427844783,91.93931519099286,35.12355365753175,-60.90475616455076
2026-05-09 17:36:43+00:00,USA,USA,22.66000019799332,15.429999928498338,0.0,7.360000028364101,-1.2199999798772598,-9.979999805297394,-0.2719960219758395,-8.82494207513357,5.002076488186236,3.6151829276851464,-3.42167098996004,2.5379936229277082,2.9931139721387643,-20.357112443845384,-32.6299993256853,-20.91992259277535,50.94294776916505,76.97449813842772,1.0,110.999999673762,0.0,670.66796875,8787.109375,241.735940237302,77.0381446838379,243.5582019229536,1.1864000168498072,32.2785047,1.391613520038344,0.3923190117347982,1909.1603279113763,881.465137004852,1080.2510023117075,1043.947124481203,-64.8440806,6.0,95.957405090332,7.38631820678711,18.2854423522949,-521.598999023438,83.3246290683746,38.0551546812058,-1.9076000114765683,1.83095685797427,2.2923651647126,1.9375999312029009,34.1000518798828,522.019592285156,2.0,7.0,6.0,0.0,0.0,26050902.0,5.0,-145.77160481370458,92.08311457868365,35.510493850708,-61.99986236572264
2026-05-09 17:36:44+00:00,USA,USA,22.740000154684918,16.249999826096776,0.0,9.69999987149939,2.8799999776904643,-3.430000064143423,-0.2727265320519135,-8.81527394236341,5.001000221127774,3.484693230809114,-3.02344790945985,2.5961136662547357,2.9340385987902677,-19.385890962739715,-26.179999999971358,-21.1931045463665,50.42417335510255,76.55154098510741,1.0,110.999999673762,0.0,692.03515625,8808.4765625,242.597500299208,76.606436920166,243.93659986712342,-0.32860000343095963,32.2784158,1.558902056350932,0.3923332726117222,1909.105753898622,1102.425122261046,1230.191349983216,1229.51099872589,-64.8442811,6.0,107.218627929688,7.38631820678711,18.2854423522949,-522.700988769531,75.7653117179871,37.953594326973,-2.500000012650596,-0.733010512279626,-2.45557104082618,-1.1867999137535399,35.1000366210938,523.019348144531,2.0,7.0,6.0,0.0,0.0,26050902.0,5.0,-145.3257901703512,92.27911368710639,35.824982643127456,-60.460349578857425
2026-05-09 17:36:45+00:00,USA,USA,22.710000256302937,17.05000007603176,0.0,10.949999792447322,4.509999949055631,-2.489999986047631,-0.273018829463836,-8.820693270583,5.001717732500082,3.742077341048136,-3.554587324982135,2.5627081074865283,2.95192374795272,-19.14670969083694,-25.219999836653123,-21.85599745720465,50.828453063964844,76.31361419677732,1.0,110.999999673762,0.0,713.3046875,8829.74609375,241.884155342291,76.6692031860351,243.29140380567,0.2693999978064072,32.278326,1.316343341280924,0.355817750096321,1909.269404411316,1055.5246829986565,1168.2454109191901,1212.289929389954,-64.8444803,6.0,116.510215759277,7.38631820678711,18.2854423522949,-523.598999023438,75.3185987472534,35.1783126592636,-2.118999937161506,0.987527213055544,1.41504935049586,0.8563999927256812,36.1000213623047,524.019104003906,2.0,7.0,6.0,0.0,0.0,26050902.0,5.0,-144.5334745662512,92.4677361912254,35.80779075622555,-60.988080596923815
2026-05-09 17:36:46+00:00,USA,USA,22.759999973103078,15.6699999693279,0.0,8.17000010213083,0.3499999919526869,-7.599999983816296,-0.273603450968106,-8.810439449091515,5.0002827097554645,3.784855029263336,-3.649151934371195,2.569769327805216,2.954633881638016,-20.49749366336608,-30.350000218465016,-22.07310270393635,50.3755485534668,75.50339172363277,1.0,110.999999673762,0.0,734.46875,8850.91015625,242.402675983322,75.734822845459,243.8539928272258,0.7478000062668199,32.2782373,1.75950003786349,0.3010765562066808,1909.260296821596,1291.352820396424,1371.9412803649898,1359.2995882034322,-64.8446779,6.0,126.529365539551,7.38631820678711,18.2854423522949,-524.700988769531,75.1793622970581,35.1372987031937,-1.8163999959613377,-0.838649526355923,0.201442875912892,-0.3835999869966532,37.1000061035156,525.018859863281,2.0,7.0,6.0,0.0,0.0,26050902.0,5.0,-143.62753466719482,92.6842326973473,35.82582550048825,-57.81615119934081
2026-05-09 17:36:47+00:00,USA,USA,22.76999971155742,14.970000177521579,0.0,6.799999904636027,-1.7399999918574065,-10.099999996466888,-0.27345705546820054,-8.810000182550514,5.00243524387239,3.8592661409779,-4.050527574060175,2.56786805927238,2.967912110893978,-21.104030171098316,-32.869999878779076,-21.89693846486335,49.69665184020995,75.08113906860349,1.0,110.999999673762,0.0,755.41796875,8871.859375,241.642038796593,75.0732948303222,244.2699950608904,0.26560000071732925,32.2781485,2.3445011085530543,0.3102000919170676,1909.087586402892,1377.415990829468,1525.720548629762,1474.498581886292,-64.8448733,6.0,137.468780517578,7.38631820678711,18.2854423522949,-525.598999023438,65.3458654880524,35.4595512151718,-2.5381999373293263,-1.10387703096748,-0.271267819756653,0.8013999851476031,38.0999908447266,526.018615722656,2.0,7.0,6.0,0.0,0.0,26050902.0,5.0,-143.0365402549186,92.92568671469645,36.017790985107396,-56.768629531860334
2026-05-09 17:36:48+00:00,USA,USA,22.769999711557414,16.60000023426412,0.0,10.190000033122327,3.3100000010399517,-3.650000030422698,-0.2731647447160655,-8.816005626378255,5.001358976813928,4.242826171367907,-3.634441414446285,2.5054029057274882,3.01994158916074,-20.51847463845854,-26.419999870046176,-22.19155099074905,51.1215425491333,76.50639953613278,1.0,110.999999673762,0.0,776.29296875,8892.734375,242.436744966902,75.9188369750976,244.157799641508,-0.241600001970459,32.2780601,1.7364546807830898,0.31932361889630567,1909.10575389862,1128.5260200500481,1351.458835601806,1354.190587997436,-64.8450708,6.0,149.604644775391,7.38631820678711,18.2854423522949,-526.700988769531,65.3419971466064,33.1979215145111,-3.0417999447407538,-0.405251505238694,-0.0670868784200189,-0.5743999874396373,39.0999755859375,527.018371582031,2.0,7.0,6.0,0.0,0.0,26050902.0,5.0,-142.8988518374784,93.1874024882184,36.2289482116699,-59.19709350585936
2026-05-09 17:36:49+00:00,USA,USA,22.71999999475728,14.21999998589622,0.0,5.100000056543062,-4.549999970090118,-14.439999696043381,-0.274041663632258,-8.80780299607189,5.002076658940966,3.813253675171782,-3.6102752446674202,2.5477709533472157,2.983900175014464,-20.3441429391399,-37.1499992693274,-22.064720354277448,51.76016235351565,77.42593734741209,1.0,110.999999673762,0.0,797.57421875,8914.015625,242.307326542509,77.1008491516113,244.822601077955,-0.5923999905018533,32.2779713,1.917121060391814,0.3466942172963174,1909.1694116592419,1218.367648124694,1506.53338432312,1379.747796058654,-64.8452723,6.0,158.649154663086,7.38631820678711,18.2854423522949,-527.700988769531,65.156352519989,33.1276118755341,-2.313800005875398,1.27062329294865,-0.373448463596249,1.2800000020908417,40.0999603271484,528.018127441406,2.0,7.0,6.0,0.0,0.0,26050902.0,5.0,-142.9647221818338,93.4396072233211,36.637564086914054,-60.68843673706054
2026-05-09 17:36:50+00:00,USA,USA,22.740000154684918,15.760000005983319,0.0,8.560000147134513,0.880000014527538,-6.699999873394143,-0.272872927551819,-8.806923609216255,5.001358976813926,4.303577545072683,-2.992451657232685,2.5692264131435665,2.957614618880492,-19.67390057400006,-29.439999771946958,-21.975238899734798,52.6524118423462,78.69053924560545,1.0,110.999999673762,0.0,819.1015625,8935.54296875,243.374065487081,78.0472595214844,244.1127968911046,-1.9261999399356662,32.2778825,1.773102210185182,0.3102072223555294,1909.1421365737901,1050.8178591728213,1259.2294931411739,1300.4370689392101,-64.8454772,6.0,166.840393066406,7.38631820678711,18.2854423522949,-528.700988769531,64.9571657180786,33.1139415502548,-3.132400013514764,-2.02763642399302,-1.76078648264932,-2.119199880277288,41.0999450683594,529.017883300781,2.0,7.0,6.0,0.0,0.0,26050902.0,5.0,-143.2806730724604,93.69922612876789,36.923900413513195,-63.36317092895506
2026-05-09 17:36:51+00:00,USA,USA,22.74999955162978,15.999999876058101,0.0,8.90000013382858,1.3999999891550878,-6.260000026212937,-0.273311140215971,-8.814980671115926,5.0006414654416185,3.703613472246668,-3.738462420741225,2.605075685530754,2.924011795711322,-19.16196833344276,-28.99000027168874,-21.6096692461091,52.9543762207031,79.26892684936522,1.0,110.999999673762,0.0,840.99609375,8957.4375,241.270121335907,79.16572265625,243.40540239499342,-1.7556000211917542,32.2777885,1.8851379738956318,0.3831883484963326,1909.105753898622,1038.875782489776,1138.112258911132,1273.128414154054,-64.8456823,6.0,178.818359375,7.38631820678711,18.2854423522949,-529.700988769531,65.4560923576355,33.350259065628,-2.3655999470973623,1.24888525541973,0.917279144328786,0.4255999954758467,42.0999298095703,530.017639160156,2.0,7.0,6.0,0.0,0.0,26050902.0,5.0,-143.61690142869458,93.90298774718235,37.2916128158569,-64.2618127441406
2026-05-09 17:36:52+00:00,USA,USA,22.733333548545534,15.983333076118432,0.0,8.91666653534057,1.5500000146735566,-6.200000058694233,-0.27447986295619653,-8.8218655017993,5.000641465441617,3.9097126944453904,-3.59714132450202,2.6258069602907903,2.905855886466517,-19.106401215613634,-28.933333607239735,-21.4217161005287,53.042349243164054,79.99045429229739,1.0,110.999999673762,0.0,840.99609375,8957.4375,241.904427343748,79.4595108032226,244.16774712901503,-1.636749980517625,32.27769,1.847527457189675,0.2965147941722535,1909.1580510139452,996.0311204195016,1090.8463001251225,1275.4583060741425,-64.8458996,6.0,178.818359375,7.38631820678711,18.2854423522949,-529.700988769531,65.4560923576355,33.3014339208603,-2.7554999618462173,-0.848516428303094,0.521925276888528,0.8099999910574012,42.0999298095703,530.017639160156,2.0,7.0,6.0,0.0,0.0,26050902.0,5.0,-144.149011414098,94.086412477343,37.452730751037606,-65.90473022460935
2026-05-09 17:36:53+00:00,USA,USA,22.6500001180295,15.9999998760581,0.0,8.94999985062874,1.59999998760581,-5.95000019403296,-0.273603450968106,-8.81366244460611,5.00243524387239,3.51488919830896,-3.44846347419647,2.62761731615986,2.89908126373132,-18.7045857402012,-28.6500002849947,-21.3638652520323,53.1567890167236,80.1829055786133,1.0,110.999999673762,0.0,840.99609375,8957.4375,242.801367785554,80.1713630676269,244.638005653371,-1.83299993830975,32.2776391,1.83791020399276,0.228088305448182,1909.12389755249,948.695421218872,1048.96748065948,1199.00286197662,-64.8460148,6.0,178.818359375,7.38631820678711,18.2854423522949,-529.700988769531,65.4560923576355,33.4147095680237,-2.78600001150235,-0.504224308045911,0.303136468567727,0.818999979248295,42.0999298095703,530.017639160156,2.0,7.0,6.0,0.0,0.0,26050902.0,5.0,-144.419459584474,94.2258268835867,37.6781101226807,-66.8972969055176
2026-05-09 17:36:54+00:00,USA,USA,22.76999971155742,18.81000014777552,0.0,14.660000089209479,10.250000256773108,6.300000196657812,-0.27447987629641,-8.826553572890866,5.00243524387239,3.5630587232323356,-3.056020654724815,2.6697136930053578,2.859516795322464,-18.32197152025654,-16.46999987775342,-21.47296386364495,53.04921054840085,80.70304916381833,1.0,110.999999673762,0.0,907.60546875,9024.046875,243.605854786755,80.657837677002,245.5576004666158,-2.1414000548087477,32.2775127,1.5012915451359878,0.36494128580670776,1909.023928642274,795.526051521301,882.39471912384,1080.735325813294,-64.8463123,6.0,211.507690429688,7.38631820678711,18.2854423522949,-532.700988769531,65.7113552093506,32.719424366951,-2.6493999847061405,0.198315249582621,-0.155133606370824,0.4993999960247428,45.0998840332031,533.016906738281,2.0,7.0,6.0,0.0,0.0,26050902.0,5.0,-145.54371145393378,94.45511291892944,38.0332191467285,-68.49885223388671
2026-05-09 17:36:55+00:00,USA,USA,22.789999529975574,18.42000010277184,0.0,13.550000263226602,8.630000023862307,3.370000096624706,-0.2746262584561025,-8.82845748812201,5.002076488186236,3.446948367483832,-2.988774240694865,2.6770464560322362,2.83783807371762,-18.5634426130786,-19.419999902926417,-21.50573340373535,52.175915908813494,80.2816809082031,1.0,110.999999673762,0.0,930.02734375,9046.46875,244.319035819131,80.5898803710937,245.6697958859978,-1.6784000151730278,32.277425,1.509001185194662,0.21896476828260347,1909.0693950653083,834.1068983078003,909.1332793235779,1052.4549722671502,-64.8465262,6.0,220.803237915039,7.38631820678711,18.2854423522949,-533.700988769531,65.2549743652344,33.0865979194641,-2.3285999585897557,0.531394053512281,0.657103365021248,-0.17880000373759145,46.0998687744141,534.016662597656,2.0,7.0,6.0,0.0,0.0,26050902.0,5.0,-146.45051195682538,94.6193516477116,38.21751823425295,-69.60231491088867
2026-05-09 17:36:56+00:00,USA,USA,22.759999973103078,18.22999960798772,0.0,13.82000003168344,8.74000004969063,4.160000010463794,-0.274188045791951,-8.82962929245149,5.001358976813926,3.8642987951130956,-3.4579209383194103,2.68465084714467,2.8397348172501364,-18.89188762724428,-18.60999991453706,-21.126278829300702,50.81369533538815,79.53801361083984,1.0,110.999999673762,0.0,952.3125,9068.75390625,243.684702490534,79.7417770385742,245.63560122693738,-1.792000020269456,32.2773366,2.05732661598483,0.3284471516963094,1909.042096138,949.1921067237852,971.0531473159788,1141.579031944274,-64.8467377,6.0,231.562469482422,7.38631820678711,18.2854423522949,-534.700988769531,65.5276417732239,33.3365887403488,-2.3891999155383656,-0.162217939942942,-0.572823473057493,0.5085999940324852,47.099853515625,535.016418457031,2.0,7.0,6.0,0.0,0.0,26050902.0,5.0,-147.02840606627342,94.75248569501346,38.362534332275345,-69.31016647338865
2026-05-09 17:36:57+00:00,USA,USA,22.78999952997558,19.1999998512698,0.0,15.57999993267246,11.6600000057269,7.820000035472949,-0.274772173708332,-8.82201235086645,5.00064146544162,3.5893004807782547,-3.45792104504112,2.6642818143131755,2.863310623896946,-18.912105670206397,-14.959999756048319,-20.81666635422405,50.061990165710455,79.26036026000975,1.0,110.999999673762,0.0,974.3984375,9090.83984375,243.722241210212,79.3153427124024,245.64760596742258,-1.406000011520168,32.2772485,2.047569135802598,0.31020009191706777,1909.005784988404,925.4025101661682,1040.8760309219365,1074.710488319398,-64.8469476,6.0,239.616760253906,7.38631820678711,18.2854423522949,-535.598999023438,65.5199110507965,33.1998735666275,-2.534399961584586,-0.300372483109694,0.508243554207346,-1.3263999197157783,48.0998382568359,536.016174316406,2.0,7.0,6.0,0.0,0.0,26050902.0,5.0,-147.4935911261132,94.871624684706,38.5452558517456,-68.77732543945314
2026-05-09 17:36:58+00:00,USA,USA,22.749999893139254,19.07999991623236,0.0,15.050000134213178,11.049999909066557,6.969999897983058,-0.274188045791951,-8.8218655017993,5.00100022112777,3.6238099261823775,-4.093081360136646,2.653146813041398,2.876589280039736,-19.305782064530863,-15.7800005074204,-21.03511970954315,49.2235925674438,78.51191940307616,1.0,110.999999673762,0.0,996.40234375,9112.84375,242.390327001303,78.9303131103516,244.7595994130508,-0.6498000038243124,32.2771586,2.144859844444138,0.3466942202067,1908.978486061098,977.9026269912732,1122.257995605468,1072.2579956054692,-64.847155,6.0,248.777542114258,7.38631820678711,18.2854423522949,-536.598999023438,65.3226613998413,33.0319136381149,-2.132199875374108,1.29217691536997,0.279778608988459,0.614800004095434,49.0998229980469,537.015930175781,2.0,7.0,6.0,0.0,0.0,26050902.0,5.0,-147.84036529442602,94.95434852083861,38.57514038085935,-68.02602951049803
2026-05-09 17:36:59+00:00,USA,USA,22.78999987148506,18.370000044462223,0.0,13.56000000168098,8.680000167549291,3.5300000740409465,-0.2743334807965045,-8.828603910302341,5.0013591475686585,3.498712706344752,-3.883462961230655,2.642011598326208,2.8909515456943438,-19.27373891505868,-19.24999990957938,-20.8310046288392,48.1512720108032,78.05344894409176,1.0,110.999999673762,0.0,1018.1953125,9134.63671875,243.195797549744,78.1392150878906,246.3777969029076,-0.7070000099979662,32.2770703,2.165373421153944,0.2828294935170562,1909.123945236206,1036.6191744804387,1102.23467350006,1173.7742185592638,-64.847361,6.0,259.745452880859,7.38631820678711,18.2854423522949,-537.598999023438,65.119606256485,32.8932464122772,-2.743999940324156,-0.299360147689077,-0.0966361644096651,1.942399932019492,50.0998077392578,538.015686035156,2.0,7.0,6.0,0.0,0.0,26050902.0,5.0,-148.822579281982,95.02016080858624,38.68623962402345,-68.25489669799803
2026-05-09 17:37:00+00:00,USA,USA,22.7700000530669,19.83000010785774,0.0,16.870000002720918,13.60999971848114,11.009999930720761,-0.2743339610441805,-8.83241259453827,5.001000221127772,3.9998208473035475,-3.367559349869145,2.6020885449859317,2.9126306088086458,-19.15586453489098,-11.77000003155521,-20.6923184915157,47.659726524353005,78.15754577636716,1.0,110.999999673762,0.0,1039.8828125,9156.32421875,245.326570683978,78.2929138183594,247.44939894216924,-1.573599983114564,32.2769875,2.085665028162532,0.2737059607170524,1909.0875625610358,826.4061331748962,965.6758666038522,1077.7826309204117,-64.8475699,6.0,269.080078125,7.38631820678711,18.2854423522949,-538.598999023438,65.5856609344482,33.3873689174652,-2.816999934956192,-0.00381166410605698,-1.29125889525684,0.027800014512246386,51.0997924804688,539.015441894531,2.0,7.0,6.0,0.0,0.0,26050902.0,5.0,-149.678563177449,95.102447512612,38.943031311035156,-70.16622665405269
2026-05-09 17:37:01+00:00,USA,USA,22.759999290084117,20.06999997793254,0.0,17.13000037423284,14.179999836795663,10.79000004981885,-0.27433396104418,-8.827871799400679,5.001000221127772,3.40345222874531,-2.9982299972705153,2.62544497449434,2.896641989735294,-19.37253965045966,-11.960000014075142,-21.51078859749485,46.562784576416,77.29026443481443,1.0,110.999999673762,0.0,1061.578125,9178.01953125,245.251028791758,77.7566505432129,247.1274019680896,-1.7237999624209859,32.2769064,1.775951786451254,0.3102000860963017,1909.142136573792,952.8274178504944,957.6369047164908,1111.3266229629521,-64.8477785,6.0,279.218322753906,7.38631820678711,18.2854423522949,-539.598999023438,65.7983779907226,33.209639787674,-2.163599919847268,0.633061632751332,-0.406430353200756,-0.3263999861590854,52.0997772216797,540.015197753906,2.0,7.0,6.0,0.0,0.0,26050902.0,5.0,-150.4691794304832,95.17405863096499,39.2887212753296,-69.31412704467772
2026-05-09 17:37:02+00:00,USA,USA,22.779999450011765,20.07999971638692,0.0,17.43999977952602,14.45999985597104,11.970000264793713,-0.2750644711202545,-8.8234769995566,5.0006414654416185,3.373615742639216,-2.886328766942375,2.6042610147175,2.9264508989526137,-19.28823462553418,-10.830000198919361,-21.1928996406914,45.4367820739746,76.79542922973631,1.0,110.999999673762,0.0,1083.03125,9199.47265625,244.831218044612,77.0122444152832,246.1292053378758,-2.023200002683684,32.2768246,1.8471111091349983,0.25545889511704445,1909.0148448944099,965.9281969070437,1039.1792297363268,1146.958231925964,-64.8479843,6.0,287.639678955078,7.38631820678711,18.2854423522949,-540.598999023438,65.4812335968018,33.2428425550461,-2.4045999430599942,0.0628720247120996,-0.817706352091666,-1.6101999573245578,53.0997619628906,541.014953613281,2.0,7.0,6.0,0.0,0.0,26050902.0,5.0,-151.30963147577762,95.20355821799029,39.360855102539105,-69.65588836669923
2026-05-09 17:37:03+00:00,USA,USA,22.7700000530669,20.679999733083456,0.0,18.61999999450088,16.41000008098944,14.039999912585362,-0.27521038637248396,-8.824795226066414,5.0002827097554645,3.3876351754861758,-2.9987553882280746,2.573028480633734,2.9502979921755275,-19.27946124754532,-8.72999996972682,-21.34795432636075,45.1434247970581,76.57992965698244,1.0,110.999999673762,0.0,1104.35546875,9220.796875,243.457967530846,76.6629272460938,244.64039348750438,-1.1057999960230998,32.2767394,1.602602439089976,0.26458242791704845,1909.151220321654,910.0220084190369,1003.9969682693481,1077.847003936766,-64.8481869,6.0,297.573883056641,7.38631820678711,18.2854423522949,-541.598999023438,65.41548371315,32.9674631357193,-2.476400001520908,0.259509195533226,1.39026696958782,-1.1913999821265207,54.0997467041016,542.014709472656,2.0,7.0,6.0,0.0,0.0,26050902.0,5.0,-151.7366439743842,95.16757336634811,39.26602592468265,-69.70178512573241
2026-05-09 17:37:04+00:00,USA,USA,22.71000025630294,19.540000179473278,0.0,15.670000140082621,12.080000119867318,7.869999837650471,-0.2746257782084265,-8.829336874977646,5.001000221127774,2.9030633067061182,-3.1285200178350303,2.57384340757908,2.9508400103748516,-19.243602754402758,-14.85000024248418,-21.756369756649953,44.9556615829468,76.39389266967771,1.0,110.999999673762,0.0,1125.625,9242.06640625,242.60908430004,76.4162223815918,243.86539651106418,-0.17639999132310408,32.2766515,1.484600099597042,0.2189647668274118,1909.1693878173821,985.2445244789127,1082.9601049423222,1127.792358398438,-64.8483874,6.0,306.263580322266,7.38631820678711,18.2854423522949,-542.700988769531,65.0828659534454,33.0358177423477,-2.315399977688472,0.427960763651076,0.849313159197605,-0.4292000044259236,55.0997314453125,543.014465332031,2.0,7.0,6.0,0.0,0.0,26050902.0,5.0,-151.7533533491698,95.0872913228437,39.30239582061765,-68.21646926879882
2026-05-09 17:37:05+00:00,USA,USA,22.77999979152124,19.44000006285404,0.0,16.07000009429536,12.169999985768001,9.159999907698921,-0.2746262584561025,-7.75969125802639,5.0006414654416185,4.086454710603898,-3.292958209485265,2.580904585209084,2.95192387601877,-18.95101520885122,-13.629999707654042,-21.0089284953971,44.4442651748657,76.21119003295897,1.0,110.999999673762,0.0,1146.84375,9263.28515625,241.900821003866,76.2723976135254,243.78180592392582,-0.7258000043028063,32.2765619,2.0013005592469417,0.24633536522742344,1909.19668674469,862.0598316192627,984.9283337593064,1076.435041427612,-64.8485863,6.0,317.068939208984,7.38631820678711,18.2854423522949,-543.700988769531,65.6011283397674,33.2174509763718,-3.0253999775246383,-1.39728338813442,-1.01150213753764,0.10920001057331918,56.0997161865234,544.014221191406,2.0,7.0,6.0,0.0,0.0,26050902.0,5.0,-152.111135050349,94.9870753722467,39.2754758834839,-68.39633743286132
2026-05-09 17:37:06+00:00,USA,USA,22.709999914793464,21.4000003678363,0.0,20.17999983300616,18.7899999878479,17.37000024430766,-0.274918555868025,-7.267935567032045,4.999923954069308,3.38583768314004,-3.151635192255355,2.567868315404472,2.960866386566968,-18.860988875967518,-5.350000006581704,-21.60332143904925,43.66186866760255,75.49898895263671,1.0,110.999999673762,0.0,1168.00390625,9284.4453125,241.881013455273,75.8186622619629,243.5900032837294,-1.4320000017138077,32.2764719,1.820334398366682,0.3193236218066886,1909.251236915588,903.4334301948545,936.7176175117495,1080.2416563034062,-64.8487836,6.0,326.390655517578,7.38631820678711,18.2854423522949,-544.700988769531,65.3594017028809,32.9518377780914,-2.011999901171382,1.78133969580065,-0.829192275676394,-0.7347999924937014,57.0997009277344,545.013977050781,2.0,7.0,6.0,0.0,0.0,26050902.0,5.0,-151.95879724317658,94.88422979881926,39.665349769592254,-66.93883071899414
2026-05-09 17:37:07+00:00,USA,USA,22.78999952997558,20.9799997414317,0.0,18.9399998212673,16.9399998794487,14.890000050075221,-0.274333467456291,-7.260904314168339,5.001000221127774,2.786952310627382,-3.305041347735545,2.563794619828748,2.96628605629601,-18.951778482491,-7.889999997578106,-22.53369651061615,42.817979621887204,74.43993576049803,1.0,110.999999673762,0.0,1188.9609375,9305.40234375,241.224167823171,75.0087089538574,242.90339441930018,-1.3820000074372119,32.276382,1.781990762238944,0.35582488344516594,1909.2330455780018,1008.6946606636047,1062.019205093382,1171.3017225265498,-64.8489779,6.0,337.472259521484,7.38631820678711,18.2854423522949,-545.700988769531,65.1795566082001,32.7838748693466,-2.046599974648056,0.520394994349328,-0.0374977285382101,0.12459999940832862,58.0996856689453,546.013732910156,2.0,7.0,6.0,0.0,0.0,26050902.0,5.0,-151.998360430925,94.77351584746796,39.723948097229,-65.31955169677734
2026-05-09 17:37:08+00:00,USA,USA,22.779999791521238,22.25999973151632,0.0,21.88000010798594,21.2400001129436,21.56999967816438,-0.2750639908725785,-7.2673498783107195,5.0006414654416185,3.6809668701477483,-3.23096463781388,2.538536836410136,2.992029850362754,-18.937663896571138,-1.210000017307322,-22.245333607821,41.7624011993408,73.84514831542971,1.0,110.999999673762,0.0,1209.6015625,9326.04296875,241.557972828288,73.8217597961426,243.5560053341166,-1.944199964342226,32.2762931,1.7229068938426644,0.32844715169630945,1909.223937988282,849.5529651641855,954.7083020210263,1087.8977775573721,-64.8491697,6.0,346.674255371094,7.38631820678711,18.2854423522949,-546.700988769531,65.2627110481262,32.7213793992996,-2.851199972790918,-1.65394396789693,-0.350653374251992,0.5993999869124715,59.0996704101562,547.013488769531,2.0,7.0,6.0,0.0,0.0,26050902.0,5.0,-152.9729246066106,94.648875140399,39.4791297912598,-66.8445707702637
2026-05-09 17:37:09+00:00,USA,USA,22.78999987148506,22.44000014633666,0.0,21.999999701513882,21.770000252912343,21.29999990970758,-0.274772173708332,-7.26163685195682,5.000282709755462,3.1496626763117375,-2.92783262487737,2.50811901582831,3.0231935702906285,-18.84382222001704,-1.4799999992075472,-22.7648113291092,41.339501380920396,73.38143463134763,1.0,110.999999673762,0.0,1230.10546875,9346.546875,242.406391606231,73.63828125,243.385004718056,-1.8393999536281,32.2762067,1.31857615146494,0.2463353652274236,1909.296679496764,772.7756381034852,843.3298110961914,986.6739034652712,-64.8493617,6.0,359.542694091797,7.38631820678711,18.2854423522949,-547.700988769531,65.5315101146698,33.1158936023712,-2.215599985611914,0.484628068430321,0.431567130213269,-0.5699999849124014,60.0996551513672,548.013244628906,2.0,7.0,6.0,0.0,0.0,26050902.0,5.0,-153.4323996283042,94.516178225204,39.528729629516604,-67.19454711914061
2026-05-09 17:37:10+00:00,USA,USA,22.789999529975574,21.599999918055822,0.0,20.389999804699,18.929999741303497,17.340000004416197,-0.2746257782084265,-7.261636851956824,4.999564942251061,3.123061693504158,-3.07493302164976,2.5054033753029943,3.03132307488419,-18.69123442792112,-5.460000032410032,-22.71455906606445,40.833472824096646,72.70108428955078,1.0,110.999999673762,0.0,1250.46875,9366.91015625,241.754163182008,72.968376159668,242.84619568311481,-1.276399989472206,32.2761201,1.3631775001885358,0.3193236218066886,1909.205770492552,789.7773861885072,843.3184742927555,926.6901135444639,-64.8495514,6.0,368.443542480469,7.38631820678711,18.2854423522949,-548.700988769531,65.4541611671448,33.1764370203018,-2.2881998165359536,-0.497286276592206,0.398928110769011,-0.4872000081788007,61.0996398925781,549.013000488281,2.0,7.0,6.0,0.0,0.0,26050902.0,5.0,-153.42183469169618,94.36754647867531,39.320003128051795,-65.94535491943358
2026-05-09 17:37:11+00:00,USA,USA,22.749999893139254,21.989999621550062,0.0,21.44000000467262,20.439999863008598,20.06000023947818,-0.27535628828450054,-6.473392467489155,5.0002827097554645,3.3279620325192516,-3.3055668454148153,2.4847626716972604,3.047311395136768,-18.57107159287204,-2.69000002718704,-22.9667509945625,40.4594690322876,72.10717025756834,1.0,110.999999673762,0.0,1270.65234375,9387.09375,241.040107885418,72.4100303649902,242.9751988320068,-1.4113999804223178,32.2760329,1.4726777269243498,0.2828294935170562,1909.1603040695197,822.1756458282473,872.1273064613345,982.488763332367,-64.8497388,6.0,376.272399902344,7.38631820678711,18.2854423522949,-549.700988769531,65.4986381530762,33.209639787674,-2.0306000003852085,0.303821141671168,-0.424725708583723,0.8891999368295715,62.0996246337891,550.012756347656,2.0,7.0,6.0,0.0,0.0,26050902.0,5.0,-153.0267109802864,94.21392186386339,39.135558128356905,-64.30244705200194
2026-05-09 17:37:12+00:00,USA,USA,21.979999883095704,20.949999843049703,0.0,19.640000296092502,18.36000030600788,16.7100000893377,-0.274918088960562,-6.466653845542705,5.00064146544162,2.29375267495381,-3.08123685936686,2.47824432335154,3.058421807727534,-17.615108412862742,-5.280000044476548,-24.146186352892947,40.33678092956545,71.52015014648438,1.0,110.999999673762,0.0,1290.65625,9407.09765625,242.653343925862,71.6623077392578,243.70739511103199,-0.9912000085435008,32.2759492,1.0690107295235625,0.33757068449631344,1909.233045578,970.0501799583432,1007.7916979789741,1092.417979240418,-64.8499262,6.0,388.111694335938,7.38631820678711,18.2854423522949,-550.700988769531,65.5450463294983,32.8190296888351,-2.08360000584434,-0.178701961174533,0.652174102874615,0.020800005094919548,63.099609375,551.012512207031,2.0,7.0,6.0,0.0,0.0,26050902.0,5.0,-152.9117807531606,94.0940144778892,39.0601593017578,-63.09984649658202
2026-05-09 17:37:13+00:00,USA,USA,19.28000014947082,18.43000018273564,0.0,17.27999986614276,15.94999981774852,14.490000095862479,-0.27521038637248396,-6.470023263237635,5.000282709755462,3.415674553444274,-3.71482185536334,2.458146918605604,3.072242097871502,-16.73200627582456,-4.780000144399265,-23.08120874335265,39.931320190429645,71.16196975708009,1.0,110.999999673762,0.0,1310.51171875,9426.953125,242.280634163232,71.2443534851074,244.46880274309942,-0.6399999950423252,32.2758667,1.683385434281244,0.3649484162451698,1909.242153167724,812.3292446136473,908.7180733680725,981.7193865776062,-64.850113,6.0,394.502685546875,7.38631820678711,18.2854423522949,-551.700988769531,65.5779242515564,33.0963641405106,-2.851800047598186,-0.982372341222888,0.403257997135549,1.667800031156674,64.0995941162109,552.012268066406,2.0,7.0,6.0,0.0,0.0,26050902.0,5.0,-152.87246618429802,93.99307794233475,38.70095272064205,-63.335078887939446
2026-05-09 17:37:14+00:00,USA,USA,19.3999997429988,19.52999975799998,0.0,19.62999987461926,19.63000021612872,19.68000027443832,-0.27447986295619653,-6.51733833149584,5.001358976813928,3.437602363510412,-2.3037043459518802,2.430444909303818,3.0933789293430722,-16.3627430266505,0.2800000031671025,-23.936683960481147,39.9604082107544,70.89604843139647,1.0,110.999999673762,0.0,1330.27734375,9446.71875,243.702843472969,71.07978515625,244.92139839826118,-1.787200062141548,32.2757869,1.311331156368898,0.3649484133347866,1909.178495407104,647.8924512863158,774.105978012085,907.9481601715088,-64.8503004,6.0,382.193206787109,7.38631820678711,18.2854423522949,-552.700988769531,65.7074868679047,33.1119865179062,-2.471599958015632,0.627871222590652,-1.66820486927539,-1.6711999872677148,65.0995788574219,553.012023925781,2.0,7.0,6.0,0.0,0.0,26050902.0,5.0,-152.3450635652706,93.93532527780775,38.8187707901001,-62.258785400390636
2026-05-09 17:37:15+00:00,USA,USA,19.40999982296262,19.52999975799998,0.0,19.42999998289024,19.41999990292642,19.299999967889,-0.2753567685321765,-6.828769130995624,5.001000221127772,2.953748774498948,-1.9569663776416,2.443752721816624,3.08497847968287,-16.17849355114752,-0.10999999914789968,-25.86639425479645,39.8442758560181,70.10116699218744,1.0,110.999999673762,0.0,1349.9453125,9466.38671875,242.42639040012,70.48388671875,242.16160309052898,-1.4582000097284262,32.2757058,0.7780112242984261,0.3284471546066924,1909.151220321656,696.0552930831911,767.4718141555786,881.8219900131223,-64.8504852,6.0,370.791534423828,7.38631820678711,18.2854423522949,-553.700988769531,65.5102372169495,33.1744849681854,-2.348199954809392,-0.301184235084294,0.858164283949148,-2.9017999778417556,66.0995635986328,554.011779785156,2.0,7.0,6.0,0.0,0.0,26050902.0,5.0,-151.9162998061608,93.87177378267535,38.979167747497556,-60.864244079589845
2026-05-09 17:37:16+00:00,USA,USA,19.4500001428179,19.50000020112746,0.0,19.4500001428179,19.46999996123602,19.40999982296258,-0.275940896448558,-8.034939343841446,5.001358976813928,2.6945672999798336,-1.6223125080769552,2.444295679166954,3.0898562165899564,-15.82792418822236,-0.03999999969014548,-26.9979269351567,39.50540599823,69.17495498657226,1.0,110.999999673762,0.0,1369.3984375,9485.83984375,239.854742215341,69.6385025024414,238.23179637797298,-0.6491999877139829,32.275618,0.5107470639980788,0.19159417133778328,1909.160327911374,704.8590540885923,808.9042186737059,891.4825558662417,-64.8506627,6.0,360.662780761719,7.38631820678711,18.2854423522949,-554.700988769531,80.114483833313,36.5122467279434,-1.9516000260767659,1.19001115920833,0.0253318926386346,-4.993999704115332,67.0995483398438,555.011535644531,2.0,7.0,6.0,0.0,0.0,26050902.0,5.0,-151.282070296439,93.73609207481306,38.9317050933838,-59.936661529541006
2026-05-09 17:37:17+00:00,USA,USA,19.48333374269723,18.31666628465523,0.0,16.933333842491766,15.483333631387099,13.966666789706101,-0.2765255046126155,-10.005331098626945,4.999445613154433,3.3225698543016198,-2.60263440516666,2.40582079668545,3.1276138438312437,-17.1335670990174,-5.499999868460226,-26.8128663746898,39.581996154785145,68.61855583190918,1.0,110.999999673762,0.0,1388.58203125,9505.0234375,235.09033009942,68.5076866149902,234.75750181135447,1.6612500024725938,32.2755154,0.8865278717772438,0.23949271781020803,1909.3057513237,681.160479784012,829.6471089124683,783.8235348463061,-64.8508382,6.0,347.783020019531,7.38631820678711,18.2854423522949,-555.700988769531,98.0120301246643,41.8245375156403,-2.7790000280984377,-1.91606720489156,3.62519035010232,-1.3499999361815527,68.0995330810547,556.011291503906,2.0,7.0,6.0,0.0,0.0,26050902.0,5.0,-150.6394635597,93.49869177473636,38.22164154052735,-59.0916223526001
2026-05-09 17:37:18+00:00,USA,USA,19.49000012116366,17.85999972291168,0.0,16.22000026922424,14.13999985844986,12.59999983836276,-0.275794981196328,-9.97793734430015,4.999923954069308,3.9415862275531985,-0.9109745595597469,2.5271302497414863,3.2960778556999863,-20.23504261998002,-6.890000026668813,-27.5653645372494,40.36456089019775,69.20971023559568,1.0,110.999999673762,0.0,1407.65625,9524.09765625,233.378684693415,68.7913948059082,232.42680220992497,1.4789999848078632,32.2754177,-0.16864199966160243,0.282829493517056,1909.196662902832,604.4115662574767,818.7597513198851,767.3580646514895,-64.8509932,6.0,333.920532226562,7.38631820678711,18.2854423522949,-556.700988769531,97.9810893535614,51.1112868785858,-2.863399971309028,-0.551770909044809,-0.209328716175855,-6.5529998270417025,69.0995178222656,557.011047363281,2.0,7.0,6.0,0.0,0.0,26050902.0,5.0,-149.9335614599222,93.20182101755634,38.4060110092163,-59.14236511230465
2026-05-09 17:37:19+00:00,USA,USA,19.40999982296262,16.80999986444748,0.0,13.6799999367184,10.419999993988041,6.72000003332178,-0.277840622852747,-9.665335380801105,5.001000221127774,2.33940591549827,4.58796890630885,3.033640856890352,3.765428263716526,-26.496487401957143,-12.699999954982,-32.62757119343535,43.9030683517456,68.56187255859375,1.0,110.999999673762,0.0,1426.90234375,9543.34375,227.298559577296,69.374089050293,217.04600030477278,1.1275999855022254,32.2753009,-2.307334164608922,0.2280882996274156,1908.7693452835078,658.5196137428281,840.773355960846,819.0092325210571,-64.8511429,7.0,324.660980224609,7.38631820678711,18.2854423522949,-557.598999023438,98.1531977653504,67.1907365322113,-2.1765999469606,0.42121285691622,-0.508812967868543,-20.3501996093864,70.0995025634766,558.010803222656,2.0,7.0,6.0,0.0,0.0,26050902.0,5.0,-145.35060561364338,92.9010980336844,38.25438079833985,-57.09739952087401
2026-05-09 17:37:20+00:00,USA,USA,19.470000302745497,16.02999977444012,0.0,12.31000008073304,8.369999993859842,4.050000027324152,-0.2788629500930675,-9.609377775365305,5.0006414654416185,2.464143760663848,2.039974200233295,3.47361257222992,4.187355814552026,-31.03597660737692,-15.41999984853452,-36.076584497860054,49.61497020721435,66.86779174804683,1.0,110.999999673762,0.0,13.2265625,9562.3359375,207.839746782902,67.0099136352539,199.58279393301342,3.25079993405042,32.2751553,-1.8877866145340563,0.2645824308274312,1908.8602781295758,748.5845923423766,968.8172340393064,797.9448318481446,-64.8512423,7.0,311.025665283203,7.38631820678711,18.2854423522949,-558.598999023438,97.9598164558411,69.0051198005676,-2.478800087306568,-0.440392721796704,1.84638710908298,-13.601399656542458,0.800000071525574,559.010559082031,2.0,7.0,7.0,0.0,0.0,26050902.0,5.0,-132.6162615892124,92.6077072578865,37.8472978591919,-47.57352539062497
2026-05-09 17:37:21+00:00,USA,USA,19.4800003827093,14.54999989262646,0.0,9.290000008077534,3.8100001572493283,-2.360000003062914,-0.2776942273528415,-9.618313370346975,5.0002827097554645,3.926128698376496,1.42425158965942,3.38263061050394,4.211473895530258,-31.328945277484102,-21.8300000496763,-35.578475877163896,59.6673007965088,67.54395767211913,1.0,110.999999673762,0.0,31.7890625,9580.8984375,193.825687587274,67.0446647644043,188.0574015879018,4.6714001365960645,32.2749933,-1.6342099932478562,0.33757068449631344,1909.069395065308,809.8240613937379,1146.1761713027959,871.9133138656618,-64.8512944,7.0,292.724334716797,7.38631820678711,18.2854423522949,-559.598999023438,98.0719745159149,62.9252791404724,-2.7704000301927705,-0.206706136977982,0.767780337301517,-11.18219924498056,1.80000030994415,560.010314941406,2.0,7.0,7.0,0.0,0.0,26050902.0,5.0,-118.22963743096659,92.32328110537425,37.7084238052368,-28.24536895751954
2026-05-09 17:37:22+00:00,USA,USA,19.51000028109126,14.449999434497801,0.0,9.239999779013182,3.620000132040712,-1.9499999902306702,-0.27871704818105103,-9.55722842727861,5.001358976813928,2.468457473355876,1.683254177255305,3.15504046844343,3.9738178902464893,-31.748561364238395,-21.4699999030546,-34.58100358851175,67.00727005004885,66.99667373657223,1.0,110.999999673762,0.0,50.5703125,9599.6796875,182.567104287749,67.733349609375,175.2375955045004,6.016400048803966,32.2748248,-1.879741441432404,0.21896476682741203,1908.8511943817139,1121.1867690086378,1371.656918525696,1113.15188407898,-64.8513076,7.0,276.228057861328,7.38631820678711,18.2854423522949,-560.598999023438,97.6620078086853,76.5888035297394,-1.4400000101895718,1.71820121366964,1.95556576197493,-13.681599908531478,2.79999947547913,561.010070800781,2.0,7.0,7.0,0.0,0.0,26050902.0,5.0,-106.46010407208635,92.04754295348624,37.75706233978275,-18.624674720764183
2026-05-09 17:37:23+00:00,USA,USA,19.5999996347278,14.4699995944254,0.0,9.219999960595011,3.630000126627162,-2.0800000265762377,-0.279447558257125,-9.560158151545725,5.000282709755462,2.4325101877541,0.7565193297117245,3.187631057577604,3.95403561335338,-31.762295508621463,-21.68999995471126,-32.277853555099696,74.93082618713376,65.35323715209958,1.0,110.999999673762,0.0,69.13671875,9618.24609375,168.968293272902,65.8765571594238,162.59420227905738,6.327399906055802,32.2746615,-1.841363014028584,0.2463353623170404,1908.842086791994,1385.8097553253178,1602.339434623718,1245.012164115906,-64.8512762,7.0,255.153274536133,7.38631820678711,18.2854423522949,-561.598999023438,97.313916683197,83.5533797740936,-1.1530000076103026,-0.257784492726519,-0.500959157457527,-11.74599960058544,3.79999852180481,562.009826660156,2.0,7.0,7.0,0.0,0.0,26050902.0,5.0,-91.51734542105052,91.78024691541239,37.96568069458005,2.808548698425292
2026-05-09 17:37:24+00:00,USA,USA,19.680000274438342,14.449999434497801,0.0,9.219999960595011,3.580000111006224,-1.9599999848171223,-0.27915524750498955,-9.5686544799864,5.0002824536233685,0.7257228871982079,-1.174706412825628,3.1517813583035923,3.9862832416138536,-30.6140710412128,-21.63000015794728,-30.52886238226015,78.80625686645504,63.744279785156245,1.0,110.999999673762,0.0,87.2421875,9636.3515625,157.985758898872,64.3531791687012,152.62120264926298,5.02119982257917,32.2745104,-1.6954851997732863,0.27370595780666923,1908.823895454406,1632.415819168092,1708.666443824768,1463.604664802552,-64.8512091,7.0,238.671371459961,7.38631820678711,18.2854423522949,-562.700988769531,97.5517809391022,74.0654647350311,-1.3805999253790657,0.234172608807064,-1.80400706594352,-7.605599885162067,4.79999780654907,563.009582519531,2.0,7.0,7.0,0.0,0.0,26050902.0,5.0,-82.8494528737108,91.52115393453175,38.0825563430786,10.368785934448239
2026-05-09 17:37:25+00:00,USA,USA,19.679999932928858,15.94999981774852,0.0,11.92000020648411,8.150000027580564,4.9199999405435335,-0.278716554593162,-9.587404629918549,4.99884768701084,3.645019371102562,-3.27667140996596,3.2438496616170602,4.163780050593894,-28.526668242170718,-14.7699999442831,-27.09001410686775,81.9459503173828,63.96391708374024,1.0,110.999999673762,0.0,104.92578125,9654.03515625,149.145308452341,63.4848747253418,147.3347946920616,4.390599960759438,32.2743715,-0.10300202494685265,0.3284471546066926,1909.178495407104,1194.5146322250366,1383.949184417724,1191.6487693786598,-64.8511167,7.0,221.413482666016,7.38631820678711,18.2854423522949,-563.700988769531,97.8901982307434,62.9838705062866,-3.5934000030067823,-3.21811982674944,-1.46848085315581,-3.548599938467018,5.79999685287476,564.009338378906,2.0,7.0,7.0,0.0,0.0,26050902.0,5.0,-75.21208560796427,91.13814424663406,38.13755321502685,21.20589740753174
2026-05-09 17:37:26+00:00,USA,USA,19.53999949645434,14.58000030327264,0.0,9.160000163831038,4.259999999016991,-2.099999973060458,-0.27827835526922295,-9.59809771795103,5.0006414654416185,4.54945820802289,-3.994839547653175,3.2267395681706716,4.171367536988131,-28.22721464895604,-21.63999989640164,-25.55086000570935,83.8410919189453,64.50720611572265,1.0,110.999999673762,0.0,122.70703125,9671.81640625,146.585667740122,64.4082412719726,147.6561988057216,5.046199851733981,32.2742366,0.498499366213568,0.31020008609630156,1909.2057466506963,951.9437670707703,1184.2808961868282,1076.37631893158,-64.8510129,7.0,204.633590698242,7.38631820678711,18.2854423522949,-564.700988769531,98.3272433280945,51.6522765159607,-3.477600079356054,0.924935999831782,1.73830651582181,3.16999994876359,6.79999589920044,565.009094238281,2.0,7.0,7.0,0.0,0.0,26050902.0,5.0,-72.7362321923317,90.57722179123596,38.12652740478515,28.06185298919678
2026-05-09 17:37:27+00:00,USA,USA,19.53999949645434,13.77000014412854,0.0,7.640000218294196,1.5100000149834145,-5.2800000017878705,-0.2781324400169935,-9.597804873590364,5.001358976813928,5.7022944191591565,-4.4755431387968,3.2305419771703043,4.164863660105714,-28.360347330220083,-24.819999711685618,-24.3933384555572,85.1177719116211,66.24555496215818,1.0,110.999999673762,0.0,140.640625,9689.75,149.195332757822,65.4717384338379,151.908794794301,4.226199954135536,32.2740966,1.115722724094567,0.3831954789347948,1909.1330528259282,849.3980765342715,1054.1313648223882,995.7469582557684,-64.8509133,7.0,191.752304077148,7.38631820678711,18.2854423522949,-565.700988769531,98.0023562908173,40.8245772123337,-4.057000117449768,-0.827869460133233,-1.00290815873618,5.155399977033133,7.79999494552612,566.008850097656,2.0,7.0,7.0,0.0,0.0,26050902.0,5.0,-72.32012613979187,90.13621355200115,38.1341800689697,26.31618209838866
2026-05-09 17:37:28+00:00,USA,USA,19.4800003827093,12.389999866669939,0.0,4.86000001571351,-2.999999998105242,-10.96000004316588,-0.278278835516899,-9.598830682626339,5.0006414654416185,5.40177335275459,-4.225997054828505,3.246022302103362,4.1402039451263,-27.1899985140519,-30.430000175156643,-24.475701999211047,85.38535423278805,68.49089263916017,1.0,110.999999673762,0.0,159.09375,9708.203125,153.548430881924,67.4935935974121,157.25839839377858,2.666599809762746,32.273946,1.327994662165271,0.40144254453480216,1909.1512203216541,889.0674948692322,1033.7807059288048,1010.9180808067315,-64.8508239,7.0,179.98095703125,7.38631820678711,18.2854423522949,-566.700988769531,97.9424118995666,30.0749957561493,-3.42319997049443,1.2635063425552,-2.93184055853799,5.36479983123002,8.79999732971191,567.008605957031,2.0,7.0,7.0,0.0,0.0,26050902.0,5.0,-75.96650049235971,89.77704463940145,38.2755586624145,18.79695030212402
2026-05-09 17:37:29+00:00,USA,USA,19.47000030274548,12.050000050730599,0.0,4.210000026084736,-3.970000113321228,-12.129999665912738,-0.277693747105165,-9.59502242527723,5.001000221127774,4.809718126723261,-3.0423613436018497,3.29029110599174,4.107143524354593,-26.7776299410259,-31.610000048622037,-26.08412104874255,87.85212478637695,70.88535186767578,1.0,110.999999673762,0.0,178.1796875,9727.2890625,159.405099529157,69.9455841064453,161.6833965532362,1.1201999611202762,32.2737833,0.9454711343261542,0.41057320777326806,1909.087562561034,883.4297299385069,1088.0819797515858,1056.990647315978,-64.8507492,7.0,162.672454833984,7.38631820678711,18.2854423522949,-567.700988769531,98.427802324295,24.6982544660568,-3.3925999973051715,-0.380823013507026,-2.21213093253246,2.291599908717171,9.80000114440918,568.008361816406,2.0,7.0,7.0,0.0,0.0,26050902.0,5.0,-78.46361218876504,89.5059646765274,40.5478351593018,12.563106365203861
2026-05-09 17:37:30+00:00,USA,USA,19.599999976237264,13.83000011164724,0.0,7.750000073367792,1.4899999937939987,-4.800000133572168,-0.2787165679333745,-9.592824811911779,4.999565198383152,4.52285718252663,-1.880789758076125,3.3530278022448217,4.044274535875026,-26.30918483189516,-24.4100005312827,-26.63531646098895,88.96801986694335,72.4992654418945,1.0,110.999999673762,0.0,197.921875,9747.03125,161.856386120383,71.6846168518066,161.3304014486272,-0.30219999627166594,32.2736131,0.528699427824856,0.3558248834451658,1909.187602996824,809.5566511154177,1078.3642530441298,1065.5989885330177,-64.8506811,7.0,141.501037597656,7.38631820678711,18.2854423522949,-568.700988769531,98.0526387691498,24.3877187371254,-3.6016000293035177,-0.73626274954161,-1.33483432822276,-3.2417996657150474,10.8000049591064,569.008117675781,2.0,7.0,7.0,0.0,0.0,26050902.0,5.0,-80.13145832369861,89.29915337864855,41.2983232498169,6.052692689895632
2026-05-09 17:37:31+00:00,USA,USA,19.60999971469162,13.27000007329654,0.0,6.539999960010933,-0.3800000184007211,-7.409999830541635,-0.278278835516899,-9.58315667914163,4.998488675192592,4.00197765028871,-1.16629983733952,3.385346848670808,4.013381931768518,-26.41904842469478,-27.0099998067789,-27.478546856483,89.36128234863281,72.86397445678709,1.0,110.999999673762,0.0,218.1015625,9767.2109375,158.458326027166,73.1945571899414,156.314193042916,-0.17560000141450238,32.2734428,0.2366593232693496,0.3193236218066886,1909.251213073728,1004.518175125123,1116.9202804565418,1185.862803459168,-64.850603,7.0,124.698486328125,7.38631820678711,18.2854423522949,-569.700988769531,97.9810893535614,32.3522508144379,-2.6328000210133875,2.05031137137699,1.52142378384669,-5.238199969774987,11.8000087738037,570.007873535156,2.0,7.0,7.0,0.0,0.0,26050902.0,5.0,-81.68723198265492,89.0225204719793,41.8561986923218,7.143024559020996
2026-05-09 17:37:32+00:00,USA,USA,19.73000033274794,15.560000285009021,0.0,10.909999814101532,6.209999967903317,2.620000075754056,-0.278862950093067,-9.590480776365995,4.998847003991926,3.996945124219562,-1.7715148955664102,3.4255415727853196,3.972191792959836,-26.0265164285658,-17.11999995275956,-27.052693099469202,88.3294944763184,71.68250747680665,1.0,110.999999673762,0.0,238.3125,9787.421875,152.73681316323,72.2883636474609,150.6672002749006,-0.935200002573994,32.273281,1.0619635831298229,0.38320260355249036,1909.151220321654,1053.5921812057481,1088.063526153564,1333.512616157532,-64.8505069,7.0,107.006355285645,7.38631820678711,18.2854423522949,-570.700988769531,97.6658761501312,28.8445770740509,-3.4650000025073084,-1.73937544042692,-0.623267194842387,-6.536199728134102,12.800012588501,571.007629394531,2.0,7.0,7.0,0.0,0.0,26050902.0,5.0,-79.70879528955555,88.55287666464926,41.71113452911375,8.160079765319821
2026-05-09 17:37:33+00:00,USA,USA,19.74000041271176,18.50000005946346,0.0,16.70999974782824,14.86999989014762,14.959999585293602,-2.0433744738414124,-9.601613984713115,4.8958432263078056,5.257623917868761,-3.111183183452545,3.408160022008108,3.989535009300334,-26.1543085849178,-4.7799999736445375,-24.61495931110385,87.39856452941895,69.42335998535157,1.0,110.999999673762,0.0,258.16796875,9807.27734375,144.197314511908,70.3388259887695,145.07840071861318,-1.663000008995742,32.2731345,2.52870751117557,8.311666012741636,1909.251236915588,875.8586049079893,967.4268603324883,1193.14684867859,-64.8503898,7.0,89.0678100585938,7.38631820678711,18.2854423522949,-571.700988769531,97.7567613124847,25.6357163190842,-3.315800026928398,1.0456567119257,-1.453225839088,-4.234599891531547,13.8000164031982,572.007385253906,2.0,7.0,7.0,0.0,0.0,26050902.0,5.0,-75.79468844982587,88.0009734740501,40.76152782440185,19.60824428558348
2026-05-09 17:37:34+00:00,USA,USA,19.760000231129943,18.52999961633596,0.0,17.7099998894923,16.6300001326461,15.00000007590358,-4.6393707755682545,-9.607766277608004,0.2635199573190513,4.7809599567323815,-3.40538493749267,3.3788284576364065,4.018801516120192,-26.56820268069498,-4.759999984471632,-24.185298577401397,87.75826034545895,66.69808044433594,1.0,110.999999673762,0.0,264.00390625,9813.11328125,140.421148806618,68.2364067077637,140.4555975487162,-0.673599984750207,32.2730019,1.862953199306316,992.2996640205376,1909.2148542404161,1000.5599260330189,1123.42382669449,1212.4376296997038,-64.8502624,99.0,76.0686187744141,7.38631820678711,18.2854423522949,-572.700988769531,97.5672483444214,25.3740102052689,-2.4831999244151617,1.20095557685793,1.7449591200734,-5.412599800230612,0.0,572.307312011719,3.0,7.0,8.0,0.0,0.0,26050902.0,5.0,-70.51144150417265,87.42586130065125,40.374851989746105,26.316781196594235
2026-05-09 17:37:35+00:00,USA,USA,19.700000434366,18.47999955802634,0.0,17.530000157690857,16.46999987775346,15.30000008425182,-4.55039283403344,-9.6007350247443,-0.0821007701348628,4.716614195976892,-3.9738245496809297,3.327227061475876,4.074896152226214,-27.312831953066517,-4.400000008604666,-23.65855780370465,86.81096076965329,63.08095138549807,1.0,110.999999673762,0.0,264.00390625,9813.11328125,135.591207855801,64.3591255187988,136.3816000786302,-0.31220000419833,32.272884,1.5293711891936788,1533.944654464724,1909.042119979858,1181.120777130126,1131.960678100586,1356.2842845916718,-64.8501307,99.0,65.5534439086914,7.38631820678711,18.2854423522949,-573.598999023438,98.1435298919678,25.5517363548279,-2.762200046584712,-0.863541617177506,0.662542596838959,-2.727199937466086,0.0,572.307312011719,3.0,7.0,8.0,0.0,0.0,26050902.0,5.0,-66.01220055447497,86.88927139417135,40.055266571044896,31.32611801147458
2026-05-09 17:37:36+00:00,USA,USA,19.7400007542212,18.48999997949964,0.0,17.520000077727058,16.45000005933526,15.21000004759642,-4.500424664169505,-9.58725820773822,0.486755667020695,4.434067028505305,-3.1894617403742354,3.2590584438419277,4.138035872329011,-27.959804546723024,-4.530000108983261,-24.04508930789305,85.95834617614744,60.43840164184568,1.0,110.999999673762,0.0,264.00390625,9813.11328125,134.195636283827,61.5716949462891,134.0453994428432,-1.4270000257649245,32.2727758,0.7184527751487082,1828.7213802337621,1909.0330123901342,1055.9460043907184,1103.219437599182,1273.0287313461279,-64.8500001,99.0,54.2438659667969,7.38631820678711,18.2854423522949,-574.598999023438,97.5807845592499,25.4423648118973,-3.409800035805194,-0.536810126719837,-0.941010423156584,-2.0967999013682617,0.0,572.307312011719,3.0,7.0,8.0,0.0,0.0,26050902.0,5.0,-63.31194810385081,86.37884794240165,39.9770456314087,33.86945297241213
2026-05-09 17:37:37+00:00,USA,USA,19.750000834185,18.54000003780926,0.0,17.6000007174376,16.530000016026897,15.29000034579748,-4.4757328899896756,-9.582716558826984,1.0613544503177768,5.212330116029376,-1.245629336258895,3.203654681370454,4.19548536183427,-27.617626071193193,-4.440000072327836,-23.78839799227925,84.8500247955322,57.56631866455077,1.0,110.999999673762,0.0,264.00390625,9813.11328125,132.162698779264,58.9436622619629,131.185402527911,-3.7416000388912005,32.2726761,0.4369611173638132,1874.9418735504162,1909.096670150758,698.5011816024783,854.7222733497616,1008.702766895293,-64.8498712,99.0,42.4567184448242,7.38631820678711,18.2854423522949,-575.598999023438,98.158997297287,25.5634546279907,-3.9677999813235183,-0.439197572094084,-1.76408887911302,-3.794399919807656,0.0,572.307312011719,3.0,7.0,8.0,0.0,0.0,26050902.0,5.0,-60.33354166342916,85.90368192712765,39.842722320556604,38.931183242797864
2026-05-09 17:37:38+00:00,USA,USA,19.7400007542212,18.5499997762636,0.0,17.59000063747378,16.459999797789617,15.430000099253059,-4.454255573587985,-9.57993411051385,0.42143593729781514,5.733928269545343,-1.20570186464,3.11158646343435,4.2859952721112355,-27.521877405822817,-4.289999982776339,-24.31337401584925,80.62502632141116,51.906834640502915,1.0,110.999999673762,0.0,264.00390625,9813.11328125,128.229165515497,54.5318550109863,127.9835983582298,-7.864199811762029,32.2725894,0.8800000465440506,1905.962395668028,1909.10575389862,451.45309567451477,449.69931840896595,824.9647021293642,-64.8497449,99.0,35.8502426147461,7.38631820678711,18.2854423522949,-576.598999023438,98.0507075786591,25.5341589450836,-3.351200000934244,0.553765377643306,-4.83883812598542,-2.6229999375262083,0.0,572.307312011719,3.0,7.0,8.0,0.0,0.0,26050902.0,5.0,-58.76965783785236,85.4189058356914,39.6801263809204,32.5551200866699
2026-05-09 17:37:39+00:00,USA,USA,19.6500000345469,18.56999993619124,0.0,17.6000007174376,16.5999995512452,15.440000179216861,-4.27673767639888,-9.57978683455987,-0.2565262811679524,2.3307784580977033,0.47439959334396253,3.724016399891918,3.69253272829011,-27.55277649860904,-4.189999951534466,-26.612535218786,74.87647476196284,44.6485068511963,1.0,110.999999673762,0.0,264.00390625,9813.11328125,126.25905209092,47.1558094024658,125.1832016739952,-10.26019969288334,32.2725172,-0.6079819865359664,1927.1476030349738,1909.105753898622,490.4698014259337,370.1905369758606,810.1561784744263,-64.8496304,99.0,30.1955814361572,7.38631820678711,18.2854423522949,-577.598999023438,97.7026164531708,25.8193045854568,-1.592600011248634,2.50358919168207,-2.42197483440277,-4.06419981985388,0.0,572.307312011719,3.0,7.0,8.0,0.0,0.0,26050902.0,5.0,-56.63760336013022,84.9038549307591,39.582555770874,27.54551136016848
2026-05-09 17:37:40+00:00,USA,USA,19.53999949645434,18.64000049593798,0.0,17.719999969456083,16.7500007507024,15.7200000276375,-4.29295553369625,-9.580959065776174,-0.05446557595801451,0.42879648532079423,2.527507767103515,4.6987436890324705,2.710474042160512,-28.193264169158077,-3.819999981081048,-24.10033614676835,72.42952079772951,38.58936630249022,1.0,110.999999673762,0.0,264.00390625,9813.11328125,123.496062986732,40.7869148254394,119.53859947218879,-9.389000185002285,32.272459,-1.1149801651379083,1927.047228813174,1909.1239213943481,539.2453908920287,302.37131714820856,720.5135226249697,-64.8495285,99.0,25.9022636413574,7.38631820678711,18.2854423522949,-578.700988769531,97.9849576950073,31.780007481575,-1.0620000312603894,0.043413489447501,1.32845994745814,-6.889799816748767,0.0,572.307312011719,3.0,7.0,8.0,0.0,0.0,26050902.0,5.0,-45.21460238086628,84.41910274498494,39.2577484130859,29.376613655090342
2026-05-09 17:37:41+00:00,USA,USA,16.870000173475653,16.31000030587966,0.0,15.539999954326642,14.900000471548504,13.910000239093597,-4.30479011709377,-9.583156252254806,2.816016857291218,-0.37391128094966763,2.40614693821832,4.999663040843016,2.3917926980359843,-27.081661468531742,-2.950000046517327,-19.4232129946667,69.5060314178467,33.20423492431642,1.0,110.999999673762,0.0,264.00390625,9813.11328125,116.112710456218,35.2019565582275,112.60340160783839,-8.287399954905947,32.2724177,-0.586025945910607,1927.010726928712,1909.933137893676,544.3298339843752,322.3896682262418,690.3909444808958,-64.8494345,99.0,23.0858535766602,7.38631820678711,18.2854423522949,-579.700988769531,97.7683663368225,36.1782729625702,-0.2381999991686717,0.550840669296365,0.825968746553265,-6.349599728405632,0.0,572.307312011719,3.0,7.0,8.0,0.0,0.0,26050902.0,5.0,-34.464693321663944,83.97799546800715,38.91463508605955,29.48527256011962
2026-05-09 17:37:42+00:00,USA,USA,6.1400000484868436,6.030000022658518,0.0,5.589999919345214,5.549999898310726,5.259999969926284,-4.315893870250095,-9.586964936490734,4.7659204778215685,-1.588577157893542,2.090932854248585,5.2381164707123835,2.15549150346277,-13.504772970354285,-0.8700000092689166,-16.622017519808352,66.13539848327635,28.63830734252928,1.0,110.999999673762,0.0,264.00390625,9813.11328125,110.28414803742,30.1578277587891,107.64679889697621,-6.469599748820414,32.2723898,-1.262504140360548,1926.892113685608,1910.114955902102,694.8473453521727,380.58026432991016,709.9371075630188,-64.8493495,99.0,22.6596832275391,7.38631820678711,18.2854423522949,-580.700988769531,96.8942761421204,41.6643887758255,1.0285999686600324,1.16300021564017,1.78228492994876,-3.951199846876036,0.0,572.307312011719,3.0,7.0,8.0,0.0,0.0,26050902.0,5.0,-27.29837824825438,83.7173998455091,38.7209753036499,26.76500656127928
2026-05-09 17:37:43+00:00,USA,USA,-1.0300000080294984,-0.8200000043201507,0.0,-0.9400000140627573,-0.650000000300947,-0.7100000051722504,-4.31750088569575,-9.58755105209888,3.0941641022768445,-1.94733316421358,4.52282512332621,5.366034302545134,2.0289402217282104,-1.3770875646314085,0.31999999218507835,-12.744373559585451,63.6894195556641,25.566968421936043,1.0,110.999999673762,0.0,264.00390625,9813.11328125,106.962469949692,26.5567686080933,102.59899813427808,-3.4931999752882703,32.2723696,-1.6727659201927303,1927.065467834474,1910.187721252442,733.5518598556519,363.2861435413362,581.1117053031921,-64.8492733,99.0,22.383810043335,7.38631820678711,18.2854423522949,-581.700988769531,97.89599776268,42.2424912452698,2.04980000365157,0.968025315427865,3.59967148270268,-6.927599791162909,0.0,572.307312011719,3.0,7.0,8.0,0.0,0.0,26050902.0,5.0,-18.4410708948519,83.64160182119485,38.5626314163208,25.09583896636964
2026-05-09 17:37:44+00:00,USA,USA,-0.6200000058694232,-0.4700000123674634,0.0,-0.48000001762608485,-0.45000000185022,-0.3999999969014534,-4.32232235891955,-9.590187932005335,2.258286063914876,-2.02533921793173,4.339473710977391,5.146863008966898,1.537368967185794,1.2989225382603244,0.21999999829579933,-6.336932758391705,61.55511245727535,22.820864295959478,1.0,110.999999673762,0.0,264.00390625,9813.11328125,99.1259685186939,24.0135160446167,95.64040004183137,-1.5022000136564508,32.2723584,-0.7091625692851321,1927.0745992660518,1910.0331544876099,567.3323929309847,247.007331252098,372.96650409698475,-64.849203,99.0,22.0045299530029,7.38631820678711,18.2854423522949,-582.700988769531,97.727757692337,42.3557668924332,2.2798000072059943,0.509322617374502,1.82953745928738,-5.010399756708816,0.0,572.307312011719,3.0,7.0,8.0,0.0,0.0,26050902.0,5.0,-7.371624305968213,83.61966666867535,38.4462003707886,22.80546009063722
2026-05-09 17:37:45+00:00,USA,USA,-0.59999999535218,-0.5400000171613033,0.0,-0.59999999535218,-0.6300000218002154,-0.5900000114378994,-4.32436821401938,-9.58828358988737,2.239623297715414,-1.5015841973975839,0.4139823879783545,5.225623713210972,1.329792581398232,0.7187070929735853,0.029999999767609014,3.242087600877245,58.781428527832,20.034847526550283,1.0,110.999999673762,0.0,264.00390625,9813.11328125,93.4178701462876,20.9598644256592,93.17799936678806,-0.3847999978729718,32.2723541,0.20694515091024984,1927.0380735397362,1910.0058555603039,282.8905701637266,131.39573782682436,54.70037935301667,-64.8491401,99.0,22.0227851867676,7.38631820678711,18.2854423522949,-583.700988769531,98.0042934417725,42.1331197023392,0.7197999766016399,-2.68054253104759,1.26566500249804,-0.8323999926447889,0.0,572.307312011719,3.0,7.0,8.0,0.0,0.0,26050902.0,5.0,5.6324424587155795,83.8665404411309,38.40400943756105,19.81790119171144
2026-05-09 17:37:46+00:00,USA,USA,-0.650000021645288,-0.550000022419925,0.0,-0.590000000765729,-0.5200000066440602,-0.440000007263769,-4.32392980125203,-9.585207443439925,2.239623126960684,-1.0543973476952493,-0.0919380181220615,5.348924422542156,1.224107356823332,1.2977781400648896,0.19999999845072658,4.384421158192835,56.277800559997544,17.6539344406128,1.0,110.999999673762,0.0,264.00390625,9813.11328125,93.392898974682,18.4424726486206,92.86819564641462,-0.020600000280651877,32.2723513,-0.09372753568873235,1927.010726928712,1910.0149631500237,147.00338840484616,23.85614407248794,0.7705199532210834,-64.8490846,99.0,23.199764251709,7.38631820678711,18.2854423522949,-584.700988769531,97.9250073432922,42.2053813934326,0.3280000006608431,-0.387149956473426,0.817228879179999,-0.2299999915482291,0.0,572.307312011719,3.0,7.0,8.0,0.0,0.0,26050902.0,5.0,6.389107762376469,84.33953445624886,38.38880195617675,17.5527335357666
2026-05-09 17:37:47+00:00,USA,USA,-0.650000021645288,-0.5800000061792779,0.0,-0.6300000111280448,-0.47000000703137845,-0.440000007263769,-4.32509904426057,-9.58579313216125,2.2406998209059723,-0.8980258655868951,1.5576915814113597,4.651215903070302,1.909163676565338,1.2550535192178878,0.1999999984507266,1.3449139131893395,54.2093187332153,15.5004719924927,1.0,110.999999673762,0.0,264.00390625,9813.11328125,91.3372032798049,16.4157508850098,92.21719665624235,-0.48839999771077813,32.2723496,1.029278782741825,1926.837396621704,1909.833121299744,143.9152687788012,-57.2386361658573,23.097831942141077,-64.8490357,99.0,24.4470195770264,7.38631820678711,18.2854423522949,-585.700988769531,97.9849576950073,48.8730907440186,0.9809999961360727,1.96839136313233,-1.12299814554893,-1.5277999788803118,0.0,572.307312011719,3.0,7.0,8.0,0.0,0.0,26050902.0,5.0,1.2907817638546337,84.75605988240375,38.36553497314455,15.484597778320301
2026-05-09 17:37:48+00:00,USA,USA,-0.650000021645288,-0.5800000061792779,0.0,-0.6300000111280448,-0.380000007728551,-0.440000001927684,-4.32378359251511,-9.586525243062908,2.239264456651896,-0.300578307925485,3.40223312535583,3.6289608279675796,2.934580702366954,2.7275266339518245,0.209999998373263,5.055264622668325,52.40801239013675,13.998918514251699,1.0,110.999999673762,0.0,264.00390625,9813.11328125,90.5539103555987,14.3612131118774,89.78559330416661,0.02280000187777569,32.2723489,0.4598360478842064,1926.8738746643037,1909.951305389402,43.46833676099773,18.035255558788784,25.077197514474392,-64.8489924,99.0,25.4162502288818,7.38631820678711,18.2854423522949,-586.700988769531,97.9462802410126,54.2791306972504,-0.2341999916791117,-3.32281702177221,1.91150784017717,-2.694199750425122,0.0,572.307312011719,3.0,7.0,8.0,0.0,0.0,26050902.0,5.0,7.272186932903557,85.05751028142225,38.3278450012207,13.90553747177124
2026-05-09 17:37:49+00:00,USA,USA,-0.660000016231739,-0.5900000007657289,0.0,-0.6000000060243506,-0.2999999976760898,-0.4200000074186964,-4.32422179183905,-9.58637882088258,2.2281384200034022,-0.04211568880516446,4.113569152882335,3.2658481641411123,3.2909292164149475,3.319567687340622,0.23999999814087197,2.69029497396531,50.945797348022495,12.35099641799926,1.0,110.999999673762,0.0,264.00390625,9813.11328125,86.6819580773885,13.1237937927246,86.94660058696984,-1.1571999336196268,32.2723502,2.0010965713785103,1926.983356475832,1909.833121299744,95.75902894139304,-50.01042112708092,46.57050818204886,-64.8489534,99.0,26.3091678619385,7.38631820678711,18.2854423522949,-587.700988769531,97.667807340622,54.1873335838318,0.8618000256608589,2.4250674159929,-1.97093923713615,-2.890999954660086,0.0,572.307312011719,3.0,7.0,8.0,0.0,0.0,26050902.0,5.0,2.80589545609227,85.36056235980121,38.2910545349121,12.343900966644302
2026-05-09 17:37:50+00:00,USA,USA,-0.699999994577543,-0.560000017006376,0.0,-0.5800000061792779,-0.550000022419925,-0.3099999975986264,-4.32349138848468,-9.58828358988737,2.2424944104217097,-0.0511026382716557,3.92654021727399,3.2856739834901783,3.269792000745236,3.9646329933601145,0.3899999969789168,5.24867295496146,49.4575189590454,11.077730598449701,1.0,110.999999673762,0.0,264.00390625,9813.11328125,82.5967604631014,11.4650616645813,84.35639751029072,-0.9755999952174094,32.2723536,3.3866600806047886,1926.901245117188,1910.0604295730602,40.38187492478746,-105.40558844804752,1.3940261676907582,-64.8489191,99.0,27.1959533691406,7.38631820678711,18.2854423522949,-588.700988769531,98.1396615505218,55.0525367259979,0.0059999894939607,-1.06173753855285,0.655071650547434,-2.507200056564166,0.0,572.307312011719,3.0,7.0,8.0,0.0,0.0,26050902.0,5.0,6.7827448831131845,85.4964353129602,38.24534454345705,11.031765518188482
2026-05-09 17:37:51+00:00,USA,USA,-0.699999994577543,-0.550000022419925,0.0,-0.59999999535218,-0.5000000067989874,-0.3199999975211628,-4.32349138848468,-9.58755147898571,2.233880645415992,-0.045350933303545296,3.8146399474412,3.285402355404622,3.2673533670794477,4.990023594867376,0.3799999970563806,8.774421300277094,48.58573837280275,10.4144514656067,1.0,110.999999673762,0.0,264.00390625,9813.11328125,79.7322952384139,10.5727100372314,81.93460094382525,-0.7697999708782366,32.272358,2.63263097383143,1926.910376548766,1911.2514734268202,60.609296150505585,-23.8586589694023,-7.433347590267671,-64.848888,99.0,28.1575736999512,7.38631820678711,18.2854423522949,-589.598999023438,98.1183886528015,57.9293787479401,-0.26279999668359444,-0.412436810884694,0.327787635138508,-2.3213999573648683,0.0,572.307312011719,3.0,7.0,8.0,0.0,0.0,26050902.0,5.0,10.723823712988422,85.6980864029211,38.197622680664054,10.19975355148314
2026-05-09 17:37:52+00:00,USA,USA,-0.7099999998361646,-0.550000022419925,0.0,-0.59999999535218,-0.4000000022375384,-0.27999999783101714,-4.32349117504127,-9.5888692786087,2.23316300597764,-0.04427261318626559,1.705318409677945,3.286488782369478,3.2673532817020843,5.315417222021366,0.42000000741869614,10.133678463981145,48.03862781524655,9.864240188598625,1.0,110.999999673762,0.0,264.00390625,9813.11328125,75.5383268615943,10.0927079200745,79.86099785898229,-1.300000000601894,32.2723636,5.27669235461624,1926.9650936126716,1911.1514568328844,57.20384269952776,-49.897440895438194,-17.803468927741058,-64.8488587,99.0,29.2555809020996,7.38631820678711,18.2854423522949,-590.598999023438,97.7935075759888,58.0153107643128,-0.016999998667692577,0.301334179080917,-0.834728944411483,-1.3931999061782738,0.0,572.307312011719,3.0,7.0,8.0,0.0,0.0,26050902.0,5.0,11.77549099138372,85.89831681353459,38.14450378417965,9.66685037612915
2026-05-09 17:37:53+00:00,USA,USA,-0.750000020870651,-0.550000022419925,0.0,-0.59999999535218,-0.27999999783101714,-0.40000000757362375,-4.32319918445425,-9.588870132382345,2.241417887231152,-0.048227023910406536,0.15708159099634553,3.286488825058162,3.2673533670794477,5.301684358298776,0.33000000277978436,12.064722352731799,47.462578582763655,9.404051914215088,1.0,110.999999673762,0.0,264.00390625,9813.11328125,73.6891487664617,9.53866138458252,79.0619995977985,-1.0501999723346929,32.2723701,6.201387867756212,1926.9377708435059,1911.2878322601318,31.52900310233237,-70.99614813923836,-60.23764833807944,-64.8488313,99.0,30.5027675628662,7.38631820678711,18.2854423522949,-591.598999023438,97.9810893535614,60.405844449997,0.044600001028553986,0.164107140918898,0.432896962708585,-0.5313999819030372,0.0,572.307312011719,3.0,7.0,8.0,0.0,0.0,26050902.0,5.0,13.925065075081699,86.08840097813605,38.07079753875735,9.122328472137452
2026-05-09 17:37:54+00:00,USA,USA,-0.750000020870651,-0.550000022419925,0.0,-0.59999999535218,-0.47999999628174417,-0.550000022419925,-4.32290698042382,-9.589602243284006,2.2485959037846484,-0.04750795440119228,0.6041641162292135,3.2867604104550336,3.267082336635446,5.289858739524544,0.1899999985281906,12.56592334157465,46.719326019287095,9.033815059661865,1.0,110.999999673762,0.0,264.00390625,9813.11328125,72.9522942984224,9.26029014587402,78.39559853104785,-0.8244000015113013,32.2723768,1.9869973747286522,1926.910376548766,1911.2241744995122,139.22989368438718,131.98115676641459,16.83225678279996,-64.8488051,99.0,32.112865447998,7.38631820678711,18.2854423522949,-592.598999023438,98.1299936771393,60.5835735797882,0.48340000575363823,0.681721928110913,0.295542578871143,-0.9519999627433823,0.0,572.307312011719,3.0,7.0,8.0,0.0,0.0,26050902.0,5.0,14.67895027830698,86.311727673428,37.7304599761963,8.675369796752928
2026-05-09 17:37:55+00:00,USA,USA,-0.750000020870651,-0.560000017006376,0.0,-0.59999999535218,-0.4600000071088418,-0.4900000015403658,-4.324075796545539,-9.58828358988737,2.243930158873932,-0.040677929315802185,0.681392664968151,3.286488825058162,3.2670823366354456,5.791873033142792,0.22999999821833578,11.75236414160875,45.5862133026123,8.515361309051514,1.0,110.999999673762,0.0,264.00390625,9813.11328125,71.0999538257041,8.56500577926636,77.68679701596764,-1.505800003596724,32.2723835,1.00000020569704,1926.855659484862,1911.3696336746202,78.91125204041599,3.485385328531282,-64.11095224320891,-64.8487804,99.0,33.33740234375,7.38631820678711,18.2854423522949,-593.598999023438,98.2866287231445,60.2066338062286,-0.05480000193004684,-1.44760523373131,-1.07293670091414,-0.22820000358170467,0.0,572.307312011719,3.0,7.0,8.0,0.0,0.0,26050902.0,5.0,14.22811339685654,86.50552404584329,37.2406087875366,8.278402175903318
2026-05-09 17:37:56+00:00,USA,USA,-0.6900000213354333,-0.5300000119026818,0.0,-0.550000022419925,-0.29999999767609,-0.29999999767609,-4.32334517974776,-9.590480776366,2.241058790035538,-0.044272613853276216,3.615001628851365,3.286488782369478,3.267082336635446,7.4943724743398805,0.39000000765108755,12.0812561062783,45.0383543014526,8.302516994476319,1.0,110.999999673762,0.0,264.00390625,9813.11328125,72.0249117034856,8.43984060287476,77.12479812275635,-0.8704000182304407,32.27239,1.00000020569704,1926.9012212753282,1911.187815666198,84.65541079640381,34.86466342583289,-31.288453936576843,-64.8487567,99.0,34.7162780761719,7.38631820678711,18.2854423522949,-594.598999023438,98.276960849762,60.2867066860199,0.3867999973238704,1.17958871742172,1.13456912633316,-1.396599899641914,0.0,572.307312011719,3.0,7.0,8.0,0.0,0.0,26050902.0,5.0,14.64249226531002,86.6756264920279,36.86329708099365,8.025914211273193
2026-05-09 17:37:57+00:00,USA,USA,-0.650000021645288,-0.550000022419925,0.0,-0.550000022419925,-0.3399999973662352,-0.35999999721130804,-4.32378359251511,-9.58930897203652,2.231727470968832,-0.04319419902048262,3.3964539315443547,3.2862171969726055,3.266540361124806,7.380693708624588,0.2799999978310172,12.66624217189605,44.37484703063965,8.06798309326172,1.0,110.999999673762,0.0,264.00390625,9813.11328125,68.9227968768167,8.08077392578125,75.5914015295588,-0.8398000236968446,32.2723969,1.00000020569704,1926.928615570068,1911.333298683164,108.94897431135169,27.59564332664012,1.0979261249303804,-64.8487339,99.0,36.0305099487305,7.38631820678711,18.2854423522949,-595.700988769531,98.0371654033661,60.1675689220428,-0.04599999804284146,-0.925272279926699,-0.152607370192844,-1.0247999395544436,0.0,572.307312011719,3.0,7.0,8.0,0.0,0.0,26050902.0,5.0,15.33447341503074,86.82494467256811,36.5071786880493,7.712687988281248
2026-05-09 17:37:58+00:00,USA,USA,-0.650000021645288,-0.499999996126817,0.0,-0.550000022419925,-0.5000000067989874,-0.4200000074186968,-4.32378359251511,-9.589162549856184,2.24536573657142,-0.04930524797815104,4.26329607755571,3.2862171969726064,3.2659983856141666,7.519549746903652,0.23999999814087203,13.13190952846865,43.86079330444335,8.082708549499511,1.0,110.999999673762,0.0,264.00390625,9813.11328125,70.0022399732455,8.05863046646118,74.70899709634429,-1.4045999294620202,32.2724035,1.00000020569704,1926.8829822540301,1911.31513118744,75.3791242837906,-49.98733252286896,9.915292786899958,-64.8487114,99.0,37.1668663024902,7.38631820678711,18.2854423522949,-596.598999023438,97.923070192337,60.2339744567871,-0.05860000885753182,0.733751214278602,-0.477658020464882,-1.2099999212577877,0.0,572.307312011719,3.0,7.0,8.0,0.0,0.0,26050902.0,5.0,15.969308079513217,86.95039817214834,36.0294382095337,7.691955585479737
2026-05-09 17:37:59+00:00,USA,USA,-0.6600000162317391,-0.5300000119026818,0.0,-0.5400000171613033,-0.4900000015403658,-0.5300000119026818,-4.32276098513031,-9.58930939892334,2.239264627406622,-0.03564491366082916,4.45820598424919,3.285402355404622,3.26599847099153,9.24302982168373,0.149999998838045,14.005254654900149,43.8317499160767,8.401219539642332,1.0,110.999999673762,0.0,264.00390625,9813.11328125,67.0206779854274,8.28520631790161,73.30359961423065,-1.2625999551079958,32.2724113,1.00000020569704,1926.86479091644,1911.1696481704719,27.437774091958982,-3.3880226314067725,-15.176980942487711,-64.8486889,99.0,38.4676322937012,7.38631820678711,18.2854423522949,-597.700988769531,98.0429708957672,60.3706896305084,-0.2608000065708448,-0.505985643078128,0.313899485997919,-1.55399996555059,0.0,572.307312011719,3.0,7.0,8.0,0.0,0.0,26050902.0,5.0,17.203507211589958,87.0655210106089,35.7305139541626,7.8525448036193835
2026-05-09 17:38:00+00:00,USA,USA,-0.650000021645288,-0.5100000013854386,0.0,-0.499999996126817,-0.4000000022375384,-0.4700000123674634,-4.32349138848468,-9.589602243284006,2.23424016949843,-0.041756153383546685,2.321565664157435,3.2856739834901783,3.265456410103526,11.340350055400686,0.1899999985281906,14.7859986378855,43.5669948577881,8.651818714141843,1.0,110.999999673762,0.0,264.00390625,9813.11328125,64.5063419179731,8.51821432113648,71.59799482752743,-1.601799977239864,32.2724201,1.00000020569704,1926.928615570068,1911.415123939512,107.06937313079834,-61.26337088644507,-24.00554445339366,-64.8486658,99.0,40.0941200256348,7.38631820678711,18.2854423522949,-598.700988769531,97.7470934391022,60.6167733669281,0.060399995448346754,0.148045137332607,-0.463943374137466,-1.7227999586934744,0.0,572.307312011719,3.0,7.0,8.0,0.0,0.0,26050902.0,5.0,18.323141531661342,87.1667819801489,35.28047275543215,7.9898545074462906
2026-05-09 17:38:01+00:00,USA,USA,-0.650000021645288,-0.499999996126817,0.0,-0.4900000015403657,-0.29999999767609,-0.399999996901453,-4.32305297571733,-9.58916297674301,2.233880645415998,-0.055416393652365316,0.261103617817599,3.2851307700077497,3.265456410103526,12.63048075281704,0.249999998063408,15.8299298732721,43.421892929077146,8.923346157073974,1.0,110.999999673762,0.0,264.00390625,9813.11328125,63.5217359981699,8.858749294281,70.24079935642436,-1.560199963047958,32.2724296,1.00000020569704,1926.983356475832,1911.2514734268182,88.57787996530527,-49.18114505708216,-17.59937647730112,-64.8486424,99.0,41.6995429992676,7.38631820678711,18.2854423522949,-599.700988769531,98.2808291912079,60.6890380382538,0.21060000514544347,0.591141026555262,0.241374429637034,-0.977999984953534,0.0,572.307312011719,3.0,7.0,8.0,0.0,0.0,26050902.0,5.0,19.784682144224185,87.2512201937632,34.92020187377925,8.093942756652831
2026-05-09 17:38:02+00:00,USA,USA,-0.650000021645288,-0.499999996126817,0.0,-0.4600000177810123,-0.43000000200514776,-0.36000000254739317,-4.32261477639339,-9.590481203252821,2.230650691646178,-0.0464296336169019,-1.279778494520387,3.286488825058162,3.2665404465021703,13.967150651690579,0.3200000028572479,17.6908985824594,43.71195087432859,9.447404136657712,1.0,110.999999673762,0.0,264.00390625,9813.11328125,62.0285951739026,9.23815011978149,69.49419957447728,-1.6153999724387582,32.2724402,6.000914366441277,1926.819133758546,1911.2878322601318,11.6807471771608,-66.68171845376487,-86.9062818586826,-64.8486182,99.0,42.8700370788574,7.38631820678711,18.2854423522949,-600.700988769531,98.536092042923,60.7827842235565,-0.11379999490295623,-0.177118371143295,-0.167167159048556,-0.6473999820716758,0.0,572.307312011719,3.0,7.0,8.0,0.0,0.0,26050902.0,5.0,21.614042445479942,87.34683259685966,34.69844970703125,8.355117473602299
2026-05-09 17:38:03+00:00,USA,USA,-0.650000021645288,-0.499999996126817,0.0,-0.450000023194561,-0.440000007263769,-0.5400000064891327,-4.32261456294998,-9.589602243284006,2.2371108553179058,-0.04463205255834814,-2.794916183133565,3.286488825058162,3.2659983002368023,13.6013212801217,0.1399999989155087,19.871286210824252,44.159794807434096,10.046896820068351,1.0,110.999999673762,0.0,264.00390625,9813.11328125,61.3486020307036,9.84954957962036,69.22139772091347,-1.43579991342552,32.2724517,7.893703582278181,1926.8830060958858,1911.215090751648,58.1889748573303,21.39070816338064,22.463626693934224,-64.8485927,99.0,44.7693252563477,7.38631820678711,18.2854423522949,-601.700988769531,97.5343763828278,60.4097485542297,-0.198199998144505,-0.127591482192555,0.114119627745793,0.38779997970704255,0.0,572.307312011719,3.0,7.0,8.0,0.0,0.0,26050902.0,5.0,23.649574738908218,87.4765857005224,34.4770992279053,8.56311870574951
2026-05-09 17:38:04+00:00,USA,USA,-0.650000021645288,-0.499999996126817,0.0,-0.450000023194561,-0.3099999975986264,-0.390000002315002,-4.32217636362604,-9.589455821103675,2.236752014254386,-0.04930515459665845,-3.195240934185715,3.286488825058162,3.266269416058168,13.891619517018182,0.2799999978310172,20.9260885460486,44.22340908050535,10.470324668884261,1.0,110.999999673762,0.0,264.00390625,9813.11328125,62.4321227500669,10.3443102836609,69.83799987842555,-1.56019994170362,32.2724635,6.360058284817488,1926.98335647583,1911.2424135208141,21.389280352741473,-59.38529707491394,14.178655890282243,-64.8485656,99.0,47.1260223388672,7.38631820678711,18.2854423522949,-602.700988769531,98.0429708957672,60.6460690498352,-0.11519999691982363,-0.0918915975150996,0.042860560954794,0.5114000140744764,0.0,572.307312011719,3.0,7.0,8.0,0.0,0.0,26050902.0,5.0,25.49843352269708,87.66814518598454,34.2314329147339,8.67528018951416
2026-05-09 17:38:05+00:00,USA,USA,-0.650000021645288,-0.499999996126817,0.0,-0.450000023194561,-0.5100000067215235,-0.45000000185022015,-4.32246856765647,-9.58960267017083,2.23711076994054,-0.054337885438079124,-3.258284540720285,3.2862171969726064,3.2657273551701644,13.267916524090179,0.19999999845072652,22.52437244862545,44.2071458816528,10.6178116607666,1.0,110.999999673762,0.0,264.00390625,9813.11328125,62.8253094198279,10.5762265205383,70.20659923321226,-1.6111999823964118,32.2724753,7.721734103883973,1926.937747001648,1911.233282089234,132.3685541749002,-31.763118598610163,12.660940457135446,-64.8485376,99.0,48.9034118652344,7.38631820678711,18.2854423522949,-603.700988769531,98.0893790721893,60.5796635150909,-0.0602000010144325,0.240616278639163,0.340452913613401,0.418599992061616,0.0,572.307312011719,3.0,7.0,8.0,0.0,0.0,26050902.0,5.0,27.383290818506538,87.92779824237715,34.070165634155245,8.602955989837646
2026-05-09 17:38:06+00:00,USA,USA,-0.650000021645288,-0.499999996126817,0.0,-0.40000000757362375,-0.440000001927684,-0.440000001927684,-4.32261477639339,-9.590188358892156,2.25003190836896,-0.04571037400964916,-2.0457524869102706,3.286488825058162,3.266811306191444,13.719195318779962,0.22999999821833567,23.061080175868597,44.20126647949215,10.971343116760238,1.0,110.999999673762,0.0,264.00390625,9813.11328125,65.1323287554048,10.738595867157,71.0031973659217,-1.7639999799321078,32.2724868,4.732820100443215,1926.864743232726,1911.196899414062,36.31121339276432,-38.7074894271791,-52.366712130606174,-64.8485088,99.0,50.6220932006836,7.38631820678711,18.2854423522949,-604.700988769531,97.9153394699097,60.372644662857,-0.42820000770202216,-0.879255748023589,-0.550248897437807,0.9443999365487153,0.0,572.307312011719,3.0,7.0,8.0,0.0,0.0,26050902.0,5.0,28.912261449121882,88.24889226544865,34.00275077819825,8.761762504577638
2026-05-09 17:38:07+00:00,USA,USA,-0.650000021645288,-0.499999996126817,0.0,-0.3799999970563806,-0.3199999975211628,-0.32999999744369923,-4.32188415959561,-9.589455821103675,2.256132633335614,-0.0392398836788662,0.9267349009044341,3.2862172396612896,3.265456410103526,13.354510174651818,0.3299999974436992,23.77396238746845,44.30324535369875,11.1386394882202,1.0,110.999999673762,0.0,264.00390625,9813.11328125,66.8654004648363,11.1293692588806,71.06639983838753,-1.4529999946142218,32.2724979,6.194411000273774,1926.846504211424,1911.2969160079979,56.188419461250284,-107.6190456748009,44.75278183817864,-64.8484788,99.0,52.8883438110352,7.38631820678711,18.2854423522949,-605.700988769531,97.727757692337,60.1636648178101,0.1360000080178391,1.20195022315581,0.450384594861345,-0.9273999585583527,0.0,572.307312011719,3.0,7.0,8.0,0.0,0.0,26050902.0,5.0,29.687696582197482,88.62525617928385,33.90586681365965,8.9721915435791
2026-05-09 17:38:08+00:00,USA,USA,-0.650000021645288,-0.499999996126817,0.0,-0.349999997288772,-0.39999999690145344,-0.2999999976760902,-4.32173795085869,-9.58930897203652,2.242853507617324,-0.038880348257248405,-2.301602355234815,3.2862171969726064,3.2665402757474418,14.102953766165381,0.3700000078060148,24.2597186110506,44.62279472351075,11.513363571166979,1.0,110.999999673762,0.0,264.00390625,9813.11328125,63.3457971553395,11.3340557098389,70.45320184715776,-1.6935999821849979,32.2725101,6.349647539729825,1926.937747001648,1911.2060070037842,-25.337277492508314,-71.17279842495918,-28.32710770890115,-64.8484486,99.0,55.2352333068848,7.38631820678711,18.2854423522949,-606.700988769531,97.7954387664795,60.4449033737183,-0.3979999901134373,-1.36870171450056,-0.459906625616283,-0.061999996318074,0.0,572.307312011719,3.0,7.0,8.0,0.0,0.0,26050902.0,5.0,30.277657586851923,88.99500505490789,33.8980545043945,9.48068223953247
2026-05-09 17:38:09+00:00,USA,USA,-0.67000001081819,-0.499999996126817,0.0,-0.3399999973662356,-0.4700000016952931,-0.5300000119026818,-4.32071534347389,-9.589455821103675,2.243930329628658,-0.05074310351704856,-2.956201602151605,3.2862172396612896,3.266540361124806,13.7203397169754,0.12999999899297232,24.5050521758483,44.57137699127195,11.662857799530022,1.0,110.999999673762,0.0,264.00390625,9813.11328125,63.9039807048805,11.6923241615295,70.60739883182212,-1.653999932759442,32.2725227,6.321655631586457,1926.919507980346,1911.1150741577142,49.95748549699794,-111.38955801725368,0.8463782258331773,-64.8484175,99.0,57.1267738342285,7.38631820678711,18.2854423522949,-607.700988769531,97.6658761501312,60.3355348110199,0.27279999502198043,1.1998364930511,0.232867055499813,0.5535999916828672,0.0,572.307312011719,3.0,7.0,8.0,0.0,0.0,26050902.0,5.0,30.752717734193823,89.36272536434845,33.68183670043945,9.654221248626706
2026-05-09 17:38:10+00:00,USA,USA,-0.6600000162317391,-0.499999996126817,0.0,-0.4200000074186968,-0.3599999972113082,-0.4600000177810123,-4.3220303683325305,-9.590187932005335,2.2518258575544623,-0.05397844273094325,-1.7231817289154794,3.2862172396612896,3.2662693306808044,13.8359251299975,0.2199999982957992,24.218271315619653,44.45798435211185,11.82172525405882,1.0,110.999999673762,0.0,264.00390625,9813.11328125,65.9362010395802,11.768122959137,71.58259958113823,-1.469999951260242,32.2725347,4.670975128074959,1926.864743232726,1911.2514734268202,47.485950589180106,-43.67405250668524,-38.660565391182885,-64.8483858,99.0,58.8741760253906,7.38631820678711,18.2854423522949,-608.598999023438,97.9598164558411,60.5503678321838,-0.0493999968425651,-0.608659394559287,0.180301826265902,0.6903999609278485,0.0,572.307312011719,3.0,7.0,8.0,0.0,0.0,26050902.0,5.0,30.953493876921975,89.7456667503544,33.5488386154175,9.856774463653567
2026-05-09 17:38:11+00:00,USA,USA,-0.650000021645288,-0.499999996126817,0.0,-0.5600000170063759,-0.3600000025473934,-0.380000002392466,-4.32173795085869,-9.589308972036516,2.242135825490284,-0.05361890797633614,-0.325199126845206,3.2856739834901783,3.265456410103526,13.885134593910681,0.3099999975986264,23.906817250788002,44.148547554016105,11.679259357452398,1.0,110.999999673762,0.0,264.00390625,9813.11328125,66.7076504157657,11.747163105011,71.56719887059768,-1.563799985004744,32.2725461,5.0982101200937,1926.892113685608,1911.260557174682,9.422088079736554,-137.13471516966825,-1.3209100812673653,-64.8483538,99.0,61.1786041259766,7.38631820678711,18.2854423522949,-609.598999023438,97.6794123649597,64.5521640777588,0.07740000232860811,-0.00754727815782143,-0.622313102792701,-0.257799983382113,0.0,572.307312011719,3.0,7.0,8.0,0.0,0.0,26050902.0,5.0,30.31209676668496,90.13767179738895,33.2836046218872,10.07707403182986
2026-05-09 17:38:12+00:00,USA,USA,-0.650000021645288,-0.4800000069539146,0.0,-0.550000022419925,-0.5300000119026818,-0.349999997288772,-4.32188415959561,-9.590481203252821,2.239622913517272,-0.05397844273094325,-0.570541376121702,3.2862172396612896,3.2659983856141657,13.92061127947864,0.3099999975986264,23.342854507435547,44.0622138977051,11.83314176559448,1.0,110.999999673762,0.0,264.00390625,9813.11328125,66.7132853218309,11.7521095275879,71.13859903602804,-1.279200004178112,32.2725577,5.069282134524576,1926.892113685608,1911.2423896789562,24.962439388036724,-21.319842617958784,0.6117710843682161,-64.8483218,99.0,63.0980567932129,7.38631820678711,18.2854423522949,-610.598999023438,98.0371654033661,68.6711430549622,-0.11639999912500328,-1.12459587620618,0.55856118429686,-0.5969999788335548,0.0,572.307312011719,3.0,7.0,8.0,0.0,0.0,26050902.0,5.0,29.60544539515542,90.48977829438685,33.05489330291745,10.48843460083008
2026-05-09 17:38:13+00:00,USA,USA,-0.650000021645288,-0.499999996126817,0.0,-0.550000022419925,-0.4700000016952931,-0.3199999975211628,-4.32144574682826,-9.588576861134854,2.2363933012569137,-0.05361890797633615,-1.915988924520375,3.2856739834901783,3.266540361124806,13.399142216538001,0.3499999972887718,22.6198815451107,43.622887802124,11.621956558227541,1.0,110.999999673762,0.0,264.00390625,9813.11328125,65.7623112535009,11.673886013031,70.75939922764942,-1.6619999625795459,32.2725697,6.057621094218638,1926.901268959044,1911.2424135208141,51.23002491891375,-114.73522819578656,13.859432190656658,-64.8482901,99.0,65.351448059082,7.38631820678711,18.2854423522949,-611.598999023438,97.7026164531708,68.661379814148,0.16119999429565451,0.40417212190642,-0.797698860382847,-0.1559999845175387,0.0,572.307312011719,3.0,7.0,8.0,0.0,0.0,26050902.0,5.0,28.44435216833154,90.78975678763925,32.6820379257202,10.565810794830302
2026-05-09 17:38:14+00:00,USA,USA,-0.650000021645288,-0.450000023194561,0.0,-0.550000022419925,-0.399999996901453,-0.5800000061792778,-4.3220303683325305,-9.589749092351159,2.2378288362657224,-0.03888025354173454,-3.22413540913922,3.28594556888705,3.2673533670794477,13.332003506053542,0.09999999922536328,22.202173642455698,43.3962930679321,11.688672237396261,1.0,110.999999673762,0.0,264.00390625,9813.11328125,63.5198986772832,11.737130355835,70.68899910183629,-1.153799993516842,32.2725822,5.7754649550770365,1926.937747001648,1911.2514734268202,119.33420598506932,12.050773948431035,9.096709359437224,-64.848259,99.0,67.3382797241211,7.38631820678711,18.2854423522949,-612.598999023438,97.7103531360626,68.731689453125,0.15420000088658362,0.571229744464205,1.00932789622576,0.11659999093256293,0.0,572.307312011719,3.0,7.0,8.0,0.0,0.0,26050902.0,5.0,27.90234797089652,91.04043156036785,32.31855354309085,10.66821075439454
2026-05-09 17:38:15+00:00,USA,USA,-0.650000021645288,-0.4600000177810122,0.0,-0.550000022419925,-0.3499999972887718,-0.5799999955071073,-4.32173795085869,-9.588870132382345,2.238546774524856,-0.0345665942105601,-3.26353738307885,3.286488825058162,3.267082336635446,12.310046013755201,0.07999999938029076,21.892737898523798,42.899271583557095,11.5184157371521,1.0,110.999999673762,0.0,264.00390625,9813.11328125,66.0043116859836,11.6296214103699,71.39699875270796,-1.3982000208653758,32.2725941,5.814161733329202,1926.8738985061616,1911.1787319183343,183.266195654869,53.02737653255461,23.682848084717993,-64.8482277,99.0,69.5669479370117,7.38631820678711,18.2854423522949,-613.598999023438,98.3330428600311,69.0168380737305,0.08140000006313688,0.0152740088639144,-0.225627241742585,1.429999983586609,0.0,572.307312011719,3.0,7.0,8.0,0.0,0.0,26050902.0,5.0,27.816512642087503,91.2746182564401,31.983113479614254,10.48627286911012
2026-05-09 17:38:16+00:00,USA,USA,-0.650000021645288,-0.450000023194561,0.0,-0.550000022419925,-0.3700000024699296,-0.42000000741869614,-4.32129975153475,-9.58916297674301,2.2532616913840497,-0.0349259388671288,-2.557453237415555,3.2856739834901783,3.266540361124806,13.29080482950838,0.2399999981408718,22.1191364713949,42.5460559844971,11.56938011169434,1.0,110.999999673762,0.0,264.00390625,9813.11328125,66.4473792272532,11.4881844520569,72.75060017826976,-1.1510000001552776,32.2726053,4.40975023171091,1926.8647670745838,1911.142373085022,118.54197233915332,-2.9623599722981453,23.21098116226495,-64.8481964,99.0,71.6299743652344,7.38631820678711,18.2854423522949,-614.598999023438,97.6852118968964,68.4777915477753,-0.1947999940086964,-0.446378795634838,0.640183438982393,0.643799955445818,0.0,572.307312011719,3.0,7.0,8.0,0.0,0.0,26050902.0,5.0,28.42208199503326,91.54085220009799,31.713696098327652,10.270972080230719
2026-05-09 17:38:17+00:00,USA,USA,-0.650000021645288,-0.450000023194561,0.0,-0.5400000171613033,-0.5400000171613033,-0.399999996901453,-4.32261477639339,-9.58930939892334,2.240341235974546,-0.035285473621735924,-1.341770171881495,3.286488825058162,3.2670823366354456,11.77484400171458,0.249999998063408,21.95859031363285,42.2830570220947,11.46967987060546,1.0,110.999999673762,0.0,264.00390625,9813.11328125,68.5269327729011,11.5873841285706,72.9361969085865,-1.0802000094548991,32.2726156,4.250796660619856,1926.901268959044,1911.242389678954,93.13412383198731,-89.55642655491839,79.0701504796743,-64.8481645,99.0,74.058708190918,7.38631820678711,18.2854423522949,-615.700988769531,97.5382387638092,68.8898861408234,-0.155999999858784,0.00661279622157261,0.054000492769379,0.1936000004746548,0.0,572.307312011719,3.0,7.0,8.0,0.0,0.0,26050902.0,5.0,28.434422097806703,91.8435866746805,31.5169807434082,10.094110736846929
2026-05-09 17:38:18+00:00,USA,USA,-0.650000021645288,-0.450000023194561,0.0,-0.5300000119026818,-0.43000000734123284,-0.3199999975211626,-4.32217657706945,-9.589016127675855,2.25110809005006,-0.04858617980295808,-0.2548007839515475,3.286488825058162,3.2659983856141657,12.48323348563316,0.3399999973662354,21.9249157734774,41.74588050842285,11.201070499420181,1.0,110.999999673762,0.0,264.00390625,9813.11328125,67.8380672139703,11.3138700485229,73.06640080473446,-1.752599988664874,32.2726258,4.49504896378325,1926.9012451171861,1911.2787485122658,-23.496840149164196,-204.53578531742082,102.66886055469509,-64.8481333,99.0,76.1799392700195,7.38631820678711,18.2854423522949,-616.700988769531,97.5363075733185,68.7961399555206,0.061200009077515015,-0.0605879600948584,-0.8670875525738,-0.1649999907177218,0.0,572.307312011719,3.0,7.0,8.0,0.0,0.0,26050902.0,5.0,27.892890207952803,92.13776292223295,31.159530258178698,9.877965202331541
2026-05-09 17:38:19+00:00,USA,USA,-0.650000021645288,-0.450000023194561,0.0,-0.499999996126817,-0.3199999975211628,-0.4299999966690624,-4.32217615018263,-9.590041509825,2.243930030807884,-0.05649471577067701,1.592367144486615,3.286488825058162,3.2659983856141657,13.22099568581316,0.22000000363188446,21.11892100801735,40.8740312576294,10.633330020904541,1.0,110.999999673762,0.0,264.00390625,9813.11328125,68.9463610294532,10.8516091346741,71.98239787401576,-0.8001999796073722,32.2726356,4.088065013078092,1926.9286155700677,1911.2151145935059,65.46088010072708,-152.312542498112,75.58249309659,-64.8481032,99.0,77.5073928833008,7.38631820678711,18.2854423522949,-617.700988769531,98.4664797782898,68.7863767147064,0.32200000497618914,0.334567878550215,1.353556517068,-1.625799874601114,0.0,572.307312011719,3.0,7.0,8.0,0.0,0.0,26050902.0,5.0,26.89738228170588,92.3927407141387,30.80146179199215,9.722504711151124
2026-05-09 17:38:20+00:00,USA,USA,-0.650000021645288,-0.450000023194561,0.0,-0.499999996126817,-0.349999997288772,-0.6100000006108015,-4.3229067669804095,-9.58784432334637,2.23675171543361,-0.05649471577067701,0.8248157252440045,3.2862171969726055,3.266269416058168,8.624285716847933,0.03999999969014536,19.96117235407525,40.40472793579105,10.24968023300168,1.0,110.999999673762,0.0,264.00390625,9813.11328125,66.596099766241,10.3829701423645,70.91719845408207,-0.5785999934902398,32.2726455,4.465779767576405,1926.837372779848,1911.142349243164,-37.01800266280768,-45.0745740905404,1.5366937965154606,-64.8480748,99.0,79.5473098754883,7.38631820678711,18.2854423522949,-618.700988769531,97.9926884174347,68.7004387378693,-0.14380000315410693,-0.716916665604372,-0.122842099481016,-0.6873999710896503,0.0,572.307312011719,3.0,7.0,8.0,0.0,0.0,26050902.0,5.0,24.66093621723762,92.56205427347416,30.5967435836792,9.591005058288575
2026-05-09 17:38:21+00:00,USA,USA,-0.650000021645288,-0.450000023194561,0.0,-0.499999996126817,-0.29999999767609,-0.570000011592827,-4.32246856765647,-9.58872328331519,2.235675149554368,-0.05649471577067701,0.5673885101080135,3.286488825058162,3.266269416058168,8.117693659693227,0.07999999938029065,18.02583996029945,39.7492389678955,9.771994686126707,1.0,110.999999673762,0.0,264.00390625,9813.11328125,65.7199435900793,9.9445478439331,70.12500032923599,-0.2769999966536373,32.2726555,4.188682706864347,1926.8465042114258,1911.19692325592,15.244989469647397,-16.07889439910648,-83.33891704678521,-64.8480477,99.0,81.6388702392578,7.38631820678711,18.2854423522949,-619.700988769531,97.9346752166748,68.509042263031,0.20199999523358286,-0.272036189357853,0.342495727144617,-0.7587999832364425,0.0,572.307312011719,3.0,7.0,8.0,0.0,0.0,26050902.0,5.0,22.2176030397908,92.61397054135546,30.24797401428225,9.57870895385742
2026-05-09 17:38:22+00:00,USA,USA,-0.650000021645288,-0.4600000177810122,0.0,-0.5100000013854386,-0.359999997211308,-0.6300000111280448,-4.32378359251511,-9.588137167707036,2.237828921643084,-0.05721378527989128,0.5910301160225284,3.287031995851906,3.267624226768722,4.475420750344606,0.01999999984507268,16.55673371794775,38.644544792175296,8.874067668914794,1.0,110.999999673762,0.0,264.00390625,9813.11328125,66.0299044048036,9.22467384338379,69.57260058388418,-0.5648000044827546,32.2726649,1.2962056384188778,1926.837420463562,1911.19692325592,155.92275112867384,-56.27866610884661,-71.88677173107865,-64.8480225,99.0,83.1951141357422,7.38631820678711,18.2854423522949,-620.700988769531,98.1125891208649,68.9016044139862,0.4381999909492917,0.656161385885168,-0.177900494504327,-0.5265999704142758,0.0,572.307312011719,3.0,7.0,8.0,0.0,0.0,26050902.0,5.0,20.6117760470493,92.58115831258266,30.003638076782202,8.68150531768799
2026-05-09 17:38:23+00:00,USA,USA,-0.650000021645288,-0.4700000123674634,0.0,-0.499999996126817,-0.44000001259985455,-0.4100000021600746,-4.32276098513031,-9.588870132382345,2.239982053401568,-0.05721378527989128,0.4828052350151475,3.286488825058162,3.2665402757474418,7.390993975402422,0.24999999806340822,15.4143879943577,38.13202571868895,8.620055694580078,1.0,110.999999673762,0.0,264.00390625,9813.11328125,63.2982726990946,8.65582752227783,68.84939966399574,-1.078399998476507,32.2726742,1.00000020569704,1926.8100261688219,1911.233282089234,40.06760250777008,-277.03572511672985,10.686216503381726,-64.8479994,99.0,84.5592575073242,7.38631820678711,18.2854423522949,-621.700988769531,97.8863298892975,68.780517578125,-0.21519999881322938,-0.664888126488623,-0.50303329380939,-1.1005999809089013,0.0,572.307312011719,3.0,7.0,8.0,0.0,0.0,26050902.0,5.0,19.543617106148258,92.48373932445075,29.840497970581048,8.472179546356198
2026-05-09 17:38:24+00:00,USA,USA,-0.650000021645288,-0.4600000177810122,0.0,-0.499999996126817,-0.5800000061792779,-0.470000001695293,-4.32349138848468,-9.58945582110367,2.237469739070108,-0.05721378527989128,0.3609218566378055,3.2862172396612896,3.2673533670794477,6.902712545506771,0.20999999837326316,15.57254785477855,37.802561187744104,8.209481849670413,1.0,110.999999673762,0.0,264.00390625,9813.11328125,63.6257870999859,8.50253734588623,67.80379878886647,-0.7147999793084148,32.2726834,1.00000020569704,1926.9012212753282,1911.3060235977161,160.78868955373778,-139.3790937960147,38.96721825003622,-64.8479769,99.0,86.1663970947266,7.38631820678711,18.2854423522949,-622.700988769531,97.9134023189545,68.9016044139862,0.41079999473671924,1.44564582321316,0.240060712119291,-0.32099997723629226,0.0,572.307312011719,3.0,7.0,8.0,0.0,0.0,26050902.0,5.0,19.61169974877604,92.34319452189945,29.831964683532703,7.905767211914062
2026-05-09 17:38:25+00:00,USA,USA,-0.650000021645288,-0.4800000069539146,0.0,-0.499999996126817,-0.5100000013854386,-0.399999996901453,-4.32319918445425,-9.58872328331519,2.2518257721771002,-0.056854250525284145,-1.48571966365154,3.285945611575734,3.2657273551701644,6.1618986168055985,0.2699999979084808,15.85041104927205,37.30636711120605,7.732464408874511,1.0,110.999999673762,0.0,264.00390625,9813.11328125,62.904860633091,7.90095949172974,68.85460017002978,-0.9431999897054191,32.2726921,1.00000020569704,1926.8829822540301,1911.278748512268,104.29381802678104,-21.277073887176808,61.26433089375498,-64.8479559,99.0,88.0245513916016,7.38631820678711,18.2854423522949,-623.700988769531,97.8476524353027,68.1145250797272,0.21660000549917174,-0.581912640573781,-0.0168420208611616,1.85379993473353,0.0,572.307312011719,3.0,7.0,8.0,0.0,0.0,26050902.0,5.0,19.60407589162446,92.19561803959755,29.82698822021485,7.325575876235961
2026-05-09 17:38:26+00:00,USA,USA,-0.650000021645288,-0.450000023194561,0.0,-0.499999996126817,-0.499999996126817,-0.3899999969789168,-4.32349138848468,-9.589016127675855,2.2471601126437464,-0.053619004692882,2.44922824968647,3.286488782369478,3.2665402757474418,7.138842088888407,0.2699999979084808,15.3982491111226,36.9328971862793,7.2620795345306375,1.0,110.999999673762,0.0,264.00390625,9813.11328125,65.870105298982,7.35788898468018,69.19399910007688,-0.5081999743987902,32.2726998,1.00000020569704,1926.87385082245,1911.19692325592,39.12050900980831,74.51173011213538,-90.89300036430359,-64.8479359,99.0,89.5002059936524,7.38631820678711,18.2854423522949,-624.700988769531,97.636866569519,68.5168564319611,0.2826000000520326,-0.414273758245458,0.91315541761739,-1.3999999824849816,0.0,572.307312011719,3.0,7.0,8.0,0.0,0.0,26050902.0,5.0,18.898159789959102,92.0812465219457,29.9095951080322,6.986614007949828
2026-05-09 17:38:27+00:00,USA,USA,-0.650000021645288,-0.450000023194561,0.0,-0.4900000015403657,-0.43000000734123284,-0.3499999972887716,-4.3229067669804095,-9.58872328331519,2.242494410421712,-0.04535102868606982,1.042314519938428,3.285945611575734,3.266540361124806,8.168810795441601,0.329999997443699,15.7693315811821,36.73897819519045,7.007877359390259,1.0,110.999999673762,0.0,264.00390625,9813.11328125,60.1822720978431,7.08804416656494,67.88779918735497,-1.1764000115911866,32.2727083,1.00000020569704,1926.946878433228,1911.178731918332,111.18578612804417,47.28467278182506,7.36095029860734,-64.8479174,99.0,91.0268402099609,7.38631820678711,18.2854423522949,-625.700988769531,97.5691854953766,68.6574757099152,0.20100000559666956,0.65342573504002,-1.26350356779085,-0.6334000045916828,0.0,572.307312011719,3.0,7.0,8.0,0.0,0.0,26050902.0,5.0,19.29457884674476,91.9426927195374,30.00520191192625,6.643619985580443
2026-05-09 17:38:28+00:00,USA,USA,-0.650000021645288,-0.450000023194561,0.0,-0.4600000177810123,-0.3599999972113082,-0.5200000119801453,-4.32290698042382,-9.588576861134854,2.23208631203235,-0.06152744461106574,-1.6033992873783651,3.2856739834901783,3.2659983002368023,10.68803710758684,0.14999999883804505,16.65410318720815,37.0238330841064,7.23191270828247,1.0,110.999999673762,0.0,264.00390625,9813.11328125,59.7952121077676,7.13465538024902,67.4825995808818,-1.0766000088424579,32.2727172,1.00000020569704,1926.946878433228,1911.287856101988,16.85867980122566,-196.31890654563898,-31.76454417407505,-64.8478993,99.0,92.127571105957,7.38631820678711,18.2854423522949,-626.598999023438,97.8341162204742,68.4192001819611,-0.28959999646265155,-0.611739329627286,0.592429210904897,-0.16359999403693937,0.0,572.307312011719,3.0,7.0,8.0,0.0,0.0,26050902.0,5.0,20.5196029857094,91.80035499232889,30.1527894973755,6.673376626968381
2026-05-09 17:38:29+00:00,USA,USA,-0.650000021645288,-0.450000023194561,0.0,-0.450000023194561,-0.28999999775355356,-0.550000022419925,-4.32334517974776,-9.58872328331519,2.2392646274066244,-0.06152753932657962,-2.4508047427242703,3.2862171969726064,3.2670823366354456,10.603732253416101,0.10999999914789964,17.4398618097048,37.097393417358404,7.207191667556762,1.0,110.999999673762,0.0,264.00390625,9813.11328125,60.8084501805715,7.23811140060425,67.90460008667536,-1.0609999848441927,32.272726,1.00000020569704,1926.8830060958862,1911.2423658370979,58.282222226262,-159.3072891235352,0.007077306509002313,-64.8478807,99.0,93.5778274536133,7.38631820678711,18.2854423522949,-627.598999023438,98.3021020889282,69.003164768219,0.1633999962262836,0.548652820966993,0.123562897881864,0.8238000014092272,0.0,572.307312011719,3.0,7.0,8.0,0.0,0.0,26050902.0,5.0,21.42832755289054,91.69408749412725,30.2379730224609,6.515408592224119
2026-05-09 17:38:30+00:00,USA,USA,-0.650000021645288,-0.450000023194561,0.0,-0.450000023194561,-0.3900000023150022,-0.4700000016952931,-4.32363738377819,-9.58930897203652,2.23962321233805,-0.0618867899346451,-2.6735582357344247,3.2867604104550336,3.266811306191444,10.816973662134327,0.17999999860565405,17.915777438240198,36.99224739074705,7.1290282344818126,1.0,110.999999673762,0.0,9813.11328125,9813.11328125,61.6152799366576,7.14353928565979,68.84119933887824,-1.362400011217578,32.2727344,1.00000020569704,1926.8465042114258,1911.2878561019897,119.79897692799561,-45.91677635908127,-33.69354568421842,-64.8478621,99.0,94.9585800170898,7.38631820678711,18.2854423522949,-628.598999023438,97.8244483470917,68.4621691703796,0.06619999903362318,0.0961249407585455,-0.620667400728698,0.8207999848906022,0.0,0.0,0.0,7.0,0.0,0.0,0.0,26050902.0,0.0,21.94372679747052,91.63490732006369,30.2342548370361,6.45858163833618
2026-05-09 17:38:31+00:00,USA,USA,-0.650000021645288,-0.450000023194561,0.0,-0.44000001793593946,-0.499999996126817,-0.43000001267731786,-4.32305297571733,-9.5888692786087,2.234239870677658,-0.05469742019268629,-2.808575707699945,3.286488825058162,3.266269416058168,10.427874519082147,0.2399999981408718,18.4694018365102,37.09050464630125,7.138814306259157,1.0,110.999999673762,0.0,9813.11328125,9813.11328125,63.928186895299,7.17030773162842,68.98919860988974,-0.8063999984490848,32.2727422,1.00000020569704,1926.901268959044,1911.16964817047,10.619340650737318,41.10814370214938,-72.5450696423649,-64.8478432,99.0,96.370964050293,7.38631820678711,18.2854423522949,-629.598999023438,96.8749403953552,68.5754477977753,0.22400000157485417,0.161873669060304,0.969986113328187,-0.37779998778863416,0.0,0.0,0.0,7.0,0.0,0.0,0.0,26050902.0,0.0,22.59723656518168,91.62036584732076,30.3370834350586,6.408300819396972
2026-05-09 17:38:32+00:00,USA,USA,-0.650000021645288,-0.450000023194561,0.0,-0.450000023194561,-0.4900000015403658,-0.4500000125223907,-4.32392958780862,-9.58872328331519,2.240341107908498,-0.0543379794865824,-2.720315896523335,3.286488825058162,3.266540361124806,8.650988512162836,0.20999999837326316,18.591375354708248,36.862219047546404,6.90705994606018,1.0,110.999999673762,0.0,9813.11328125,9813.11328125,60.1474176425085,6.96923604011536,69.16339985259522,-1.2853999910033145,32.2727506,1.00000020569704,1926.892113685608,1911.2696647644038,80.33990636467936,65.05910791456695,6.610347516834757,-64.847825,99.0,97.6929244995117,7.38631820678711,18.2854423522949,-630.598999023438,97.9095339775086,68.5481011867523,0.3322000120475307,0.0973510464259488,-0.418065713854005,0.7811999408011285,0.0,0.0,0.0,7.0,0.0,0.0,0.0,26050902.0,0.0,22.50862305692778,91.61785575280075,30.32837505340575,6.263390207290647
2026-05-09 17:38:33+00:00,USA,USA,-0.650000021645288,-0.43000001267731786,0.0,-0.399999996901453,-0.32999999744369896,-0.3700000024699296,-4.32334539319117,-9.58930939892334,2.23818750657451,-0.0618867899346451,-2.688793186121555,3.285945611575734,3.266811391568808,12.263888449117902,0.29000000308963897,18.73776850673645,37.03268394470215,7.0864870262145985,1.0,110.999999673762,0.0,9813.11328125,9813.11328125,60.5892147685924,6.91502966880798,69.66700062840295,-0.9151999787165384,32.2727592,1.00000020569704,1926.8647432327282,1911.2605571746822,3.437892906367781,-201.37175172567373,-9.47829708456994,-64.8478071,99.0,99.5114898681641,7.38631820678711,18.2854423522949,-631.700988769531,97.6620078086853,68.7883257865906,-0.054400004807961234,-1.03905245260683,0.608445204095784,-0.08660000183712473,0.0,0.0,0.0,7.0,0.0,0.0,0.0,26050902.0,0.0,22.92172416774228,91.62834009317675,30.407449150085448,6.484812698364257
2026-05-09 17:38:34+00:00,USA,USA,-0.650000021645288,-0.4100000021600746,0.0,-0.399999996901453,-0.3699999971338444,-0.5700000115928269,-4.32378359251511,-9.58945582110367,2.23244528116192,-0.05505685889775822,-3.020296097323,3.2867604104550336,3.267082336635446,9.236926364641397,0.07999999938029066,18.893362777350248,36.81691246032715,6.734761791229248,1.0,110.999999673762,0.0,9813.11328125,9813.11328125,62.539069852091,7.08761458396912,69.87039956377242,-0.518999996246441,32.2727671,1.00000020569704,1926.8829822540297,1911.269664764402,165.6062692403793,-52.833703160285985,-42.619717307388775,-64.8477887,99.0,100.529121398926,7.38631820678711,18.2854423522949,-632.700988769531,97.7432250976562,68.8176214694977,0.9163999922608983,1.95927626224154,0.173981940272297,0.71980000595011,0.0,0.0,0.0,7.0,0.0,0.0,0.0,26050902.0,0.0,22.6982014460212,91.6601482841415,30.3634077072144,6.107964820861816
2026-05-09 17:38:35+00:00,USA,USA,-0.650000021645288,-0.450000023194561,0.0,-0.399999996901453,-0.3399999973662352,-0.4000000022375385,-4.32407579654554,-9.588869705495519,2.2399820107128856,-0.04535121945111894,-1.910735175027315,3.2867604104550336,3.266269416058168,8.927935863666018,0.24999999806340828,18.52636732173535,36.3633316040039,6.518939237594604,1.0,110.999999673762,0.0,9813.11328125,9813.11328125,62.708123864238,6.43120765686035,70.30959985193392,-1.858999992536414,32.2727744,1.00000020569704,1926.864743232724,1911.3060474395759,70.79821452498432,-95.93113213777535,0.1735998783260623,-64.8477716,99.0,102.079460144043,7.38631820678711,18.2854423522949,-633.700988769531,98.1918752193451,68.4758424758911,-0.3591999979645569,-2.27139136131879,-2.20425017489074,0.42580000796073714,0.0,0.0,0.0,7.0,0.0,0.0,0.0,26050902.0,0.0,22.40233916627212,91.6844227764517,30.2572265625,6.12707510948181
2026-05-09 17:38:36+00:00,USA,USA,-0.650000021645288,-0.44000001793593946,0.0,-0.3899999969789168,-0.5300000119026818,-0.5400000118252178,-4.32261456294998,-9.58960267017083,2.2410590461676323,-0.053259469938274864,-3.354424469208385,3.286488825058162,3.2665404465021703,11.47844230777582,0.1099999991478996,19.6038151491529,37.040185546874994,7.118364372253417,1.0,110.999999673762,0.0,9813.11328125,9813.11328125,63.1023487227528,6.87344470024109,70.84620000369762,-0.9019999684667843,32.2727819,1.00000020569704,1926.837372779844,1911.1787319183343,63.17380368709562,71.43485136330119,7.222575880587087,-64.8477536,99.0,103.079521179199,7.38631820678711,18.2854423522949,-634.700988769531,97.7064847946167,68.6867713928223,-0.36479998468768576,0.0817948703745282,2.25647166685054,0.37839998789070817,0.0,0.0,0.0,7.0,0.0,0.0,0.0,26050902.0,0.0,24.02432092243852,91.73825149730055,30.4650054931641,6.3642111396789565
2026-05-09 17:38:37+00:00,USA,USA,-0.650000021645288,-0.44000001793593946,0.0,-0.3899999969789168,-0.43000000200514743,-0.4599999964366712,-4.3227607716869,-9.58828358988737,2.24213591086765,-0.05146226907579802,-3.28980543685307,3.286488825058162,3.266811306191444,11.97587866710286,0.1999999984507266,20.62996142571445,37.2468349456787,7.283000850677486,1.0,110.999999673762,0.0,9813.11328125,9813.11328125,61.5420671389442,7.34858236312866,71.38820010301914,-1.66379999490228,32.2727902,1.00000020569704,1926.846504211424,1911.16964817047,78.736501559615,-85.46787407249225,-14.058392081642538,-64.8477346,99.0,104.688278198242,7.38631820678711,18.2854423522949,-635.700988769531,97.7142214775086,68.9035594463348,0.05759999754277212,1.05450180690087,-2.09039839194603,0.8091999918106492,0.0,0.0,0.0,7.0,0.0,0.0,0.0,26050902.0,0.0,25.49256229208654,91.85476769435185,30.4811553955078,6.280677194595338
2026-05-09 17:38:38+00:00,USA,USA,2.510000039253549,2.7500000053779226,0.0,2.7700000959364486,2.590000049306012,2.6400000649269666,-4.32349138848468,-9.589162549856184,2.243212604812938,-0.0485863685669752,-3.057070689588,3.2859455688870502,3.267082336635446,9.212893575650442,0.1399999989155086,21.67798309064025,37.3420761108398,7.412004032135011,1.0,110.999999673762,0.0,9813.11328125,9813.11328125,64.9575442145441,7.42934989929199,72.4410013635714,-1.2369999792119661,32.2727981,1.00000020569704,1926.8647670745838,1911.26058101654,73.6606940627098,-75.81496462225917,-13.822022266685954,-64.8477149,99.0,106.357475280762,7.38631820678711,18.2854423522949,-636.700988769531,98.0487704277039,68.6438024044037,0.22299998880100871,-0.101226298325858,0.923568894780721,0.8381999291538073,0.0,0.0,0.0,7.0,0.0,0.0,0.0,26050902.0,0.0,26.5692589694501,92.03691859423225,30.492488479614252,6.175454435348511
2026-05-09 17:38:39+00:00,USA,USA,15.38000021169816,15.520000135908479,0.0,15.360000051770538,15.139999829359159,15.11999966943154,-4.32319918445425,-9.58974866546434,2.252543881190962,-0.05505695294626141,-1.833507506742445,3.2856739834901783,3.2659983856141657,-4.120617694662374,-0.25999999264985973,21.274991684325798,37.131624412536596,7.1823310661315904,1.0,110.999999673762,0.0,9813.11328125,9813.11328125,64.2752971089191,7.22825632095337,72.45639934203629,-1.159599976716604,32.2728059,1.00000020569704,1926.892113685608,1911.31510734558,95.8900764584541,-122.68139421939841,-31.998323136940588,-64.8476954,99.0,107.648468017578,7.38631820678711,18.2854423522949,-637.700988769531,97.5943207740784,68.4895098209381,0.48539999720040894,-0.300138522450194,0.649877771931316,-0.2657999951929317,0.0,0.0,0.0,7.0,0.0,0.0,0.0,26050902.0,0.0,25.875127676178664,92.25058057184864,30.47292938232425,6.35915021896362
2026-05-09 17:38:40+00:00,USA,USA,19.620000136164883,19.65999977300122,0.0,19.560000339400922,19.600000317746698,19.50000020112748,-4.32319918445425,-9.589455821103675,2.243930415006024,-0.056135275064573095,-0.37615966183056004,3.2856739834901783,3.2659983856141666,-9.253293034685303,-0.1099999991478996,20.47100243316075,37.02717876434325,7.009307384490964,1.0,110.999999673762,0.0,9813.11328125,9813.11328125,63.4776129761316,7.07042784690857,72.02940050380812,-1.561399984596452,32.2728137,1.00000020569704,1926.892113685608,1911.224174499514,71.55428826808915,-65.66606238484383,-48.06861924007528,-64.8476766,99.0,109.220222473145,7.38631820678711,18.2854423522949,-638.700988769531,98.1880068778992,68.8000440597534,0.3130000061131236,0.320042200619714,-0.841949308137832,-0.8639999762316666,0.0,0.0,0.0,7.0,0.0,0.0,0.0,26050902.0,0.0,24.747649908373898,92.42512605608835,30.498676872253398,6.446771764755249
2026-05-09 17:38:41+00:00,USA,USA,19.79999986796626,19.750000834185,0.0,19.61000005620108,19.700000092856477,19.46999996123602,-4.32188415959561,-9.58930939892334,2.244288914560084,-0.04822673909685418,-0.936192525109935,3.285945611575734,3.2657273551701644,-4.370099062588282,-0.329999997443699,19.94762382008285,37.358011436462405,7.29055772781372,1.0,110.999999673762,0.0,9813.11328125,9813.11328125,63.3322733807829,7.14240202903748,71.01159986463867,-1.1497999786067892,32.2728214,1.00000020569704,1926.864743232724,1911.3878488540643,-0.322798639535813,-32.81574565917253,37.97186613082886,-64.8476577,99.0,110.301383972168,7.38631820678711,18.2854423522949,-639.700988769531,98.0584383010864,68.7863767147064,-0.27319999222744207,-0.78324377886072,0.837238665405492,-0.6503999885851417,0.0,0.0,0.0,7.0,0.0,0.0,0.0,26050902.0,0.0,24.3331721729322,92.5431517249461,30.6013011932373,6.779959630966184
2026-05-09 17:38:42+00:00,USA,USA,19.750000834185,19.680000274438363,0.0,19.55999965638198,19.629999874619262,19.58999989627346,-4.32261477639339,-9.58930939892334,2.243211964482702,-0.05361890797633615,-2.22385025648774,3.2856739834901783,3.266269330680804,-8.217984230106918,-0.149999998838045,19.71053514738705,37.51133422851565,7.331263103485105,1.0,110.999999673762,0.0,9813.11328125,9813.11328125,64.0991397000353,7.43382081985474,70.83139625169053,-1.0118000191628176,32.2728294,1.00000020569704,1926.937747001648,1911.2878561019897,187.5570699572564,30.6214079260826,38.61214164644481,-64.8476381,99.0,111.607192993164,7.38631820678711,18.2854423522949,-640.700988769531,97.9617476463318,68.8684046268463,0.10499999918663157,0.758718383820202,-0.20812568240722,-0.17279999404571414,0.0,0.0,0.0,7.0,0.0,0.0,0.0,26050902.0,0.0,24.17441535397788,92.624902259122,30.577105522155748,6.772248601913452
2026-05-09 17:38:43+00:00,USA,USA,19.770000311093717,19.71000051432976,0.0,19.60999971469162,19.76000057263936,19.589999554763985,-4.32319897101084,-9.588576861134854,2.239623383092778,-0.0493052486451617,-2.213342650779905,3.285945611575734,3.266269330680804,-9.915143146391973,-0.1799999986056542,19.8329329910873,37.2684986114502,7.211855449676511,1.0,110.999999673762,0.0,9813.11328125,9813.11328125,63.7089241625633,7.18998055458069,71.0786012883208,-1.340399950556624,32.2728373,1.00000020569704,1926.919507980346,1911.306023597718,-40.950951911509094,-87.94655874371534,-77.79031414538622,-64.847619,99.0,112.929100036621,7.38631820678711,18.2854423522949,-641.700988769531,97.5885212421417,68.6652839183807,0.043400003825954214,-0.625115668147375,-0.190754416934402,0.5047999929413436,0.0,0.0,0.0,7.0,0.0,0.0,0.0,26050902.0,0.0,24.13399941711166,92.6995733022232,30.5230339050293,6.618853197097776
2026-05-09 17:38:44+00:00,USA,USA,19.7999995264568,19.7100005143298,0.0,19.66000011451072,19.720000252784143,19.589999554763985,-4.32305297571733,-9.589601816397181,2.2446477983122883,-0.04571065949021218,-2.29477312656015,3.286488825058162,3.266811391568808,-7.833844145901646,-0.20999999837326316,19.1861115153662,37.01660442352295,6.99854902267456,1.0,110.999999673762,0.0,9813.11328125,9813.11328125,58.9572776702013,7.11006102561951,70.92599983584654,-1.6165999726429061,32.2728461,1.00000020569704,1926.93772315979,1911.1968994140639,243.08115839958177,0.9658733382820998,-26.05071980506181,-64.8476005,99.0,114.748680114746,7.38631820678711,18.2854423522949,-642.700988769531,97.6175308227539,68.9465284347534,0.8963999924158266,1.26802472613457,-0.350380273406897,-0.6859999744088683,0.0,0.0,0.0,7.0,0.0,0.0,0.0,26050902.0,0.0,23.266466013267618,92.76909096759555,30.404074287414552,6.5458910179138154
2026-05-09 17:38:45+00:00,USA,USA,19.78000039105754,19.629999874619262,0.0,19.68000027443834,19.61999979465544,19.50999959807238,-4.32392980125203,-9.589602243284006,2.2410590461676323,-0.046789170372540996,-2.491784170197055,3.2862172396612896,3.266811306191444,-7.528286668757841,-0.2699999979084808,19.3872392420819,36.900691795349104,6.775482702255249,1.0,110.999999673762,0.0,9813.11328125,9813.11328125,61.8689463322427,6.81991209983826,70.24340029246034,-1.18539997043361,32.2728544,1.00000020569704,1926.9468307495117,1911.242365837096,72.90621548891072,-74.15845971554522,-35.070057027041926,-64.8475826,99.0,115.790267944336,7.38631820678711,18.2854423522949,-643.598999023438,97.8708565235138,68.7355935573578,0.3544000024840514,-0.465819008116575,0.472781532201757,-0.6309999828390463,0.0,0.0,0.0,7.0,0.0,0.0,0.0,26050902.0,0.0,23.44807118103342,92.80619255516706,30.52916564941405,6.284734840393065
2026-05-09 17:38:46+00:00,USA,USA,19.750000834185,19.7300006742574,0.0,19.60999971469162,19.77000065260318,19.52000001954562,-4.32217615018263,-9.589602243284006,2.2360340759952537,-0.048227119959941764,-2.91785137062245,3.286488825058162,3.2665402757474418,-6.5189179834961335,-0.20999999837326322,19.4727540642641,37.4516355514526,7.175133132934567,1.0,110.999999673762,0.0,9813.11328125,9813.11328125,58.576289718298,6.94522233009338,69.49599728026683,-1.302800015307798,32.2728631,1.00000020569704,1926.8465042114258,1911.206030845642,-133.04479420185092,-116.45341143012043,49.70403332263231,-64.8475648,99.0,116.830177307129,7.38631820678711,18.2854423522949,-644.598999023438,97.8418529033661,68.8312947750092,-0.21200000782932146,-1.3403488522039,-0.59913314829697,-1.2153999488568792,0.0,0.0,0.0,7.0,0.0,0.0,0.0,26050902.0,0.0,23.738367881137282,92.8295347266556,30.796806335449197,6.57938352584839
2026-05-09 17:38:47+00:00,USA,USA,19.770000311093717,19.700000434366,0.0,19.670000194474543,19.599999634727777,19.4100005059815,-4.32246856765647,-9.59033435418566,2.233521932418522,-0.05038385491001508,-3.319226263259485,3.2862171969726064,3.267082336635446,-4.601651226631586,-0.36000000254739317,19.758333664972447,37.57224655151365,7.237986001968382,1.0,110.999999673762,0.0,9813.11328125,9813.11328125,59.2077748580115,7.21752576828003,67.95100165982076,-1.081999956400268,32.2728723,1.00000020569704,1926.937747001648,1911.2514972686781,317.1456396579744,63.22043277323248,-28.044281224720198,-64.8475463,99.0,118.465309143066,7.38631820678711,18.2854423522949,-645.598999023438,97.4898934364319,68.5520112514496,0.2001999962613826,0.654716160545476,0.676921479063158,-1.0871999328278508,0.0,0.0,0.0,7.0,0.0,0.0,0.0,26050902.0,0.0,24.071293157889038,92.8307880663683,30.8316329956055,6.530345020294187
